Activity,Division,Region,Field,Equipment Name,Equipment ID,Process Type,Fuel Type,Quantity,Unit,Year,Month
Transportation,Operations,Illizi,Area X,Equipment-0,EQ-00000,combustion,,8862.08,,2022,10
Refining,Logistics,Illizi,Field B,Equipment-1,EQ-00001,venting,,5121.01,,2022,7
Transportation,Operations,In Salah,Area X,Equipment-2,EQ-00002,flaring,Fuel Gas,8221.13,gal,2022,12
Exploration & Production,Production,Hassi Messaoud,Area X,Equipment-3,EQ-00003,combustion,Propane,1003.56,gal,2022,5
Exploration & Production,Drilling,Berkine,Field B,Equipment-4,EQ-00004,fugitive,,9196.95,,2023,3
Transportation,Drilling,Hassi Messaoud,Field B,Equipment-5,EQ-00005,fugitive,,1128.83,,2024,5
Refining,Drilling,In Salah,Field B,Equipment-6,EQ-00006,venting,,1534.27,,2024,4
Refining,Drilling,Hassi Messaoud,Field B,Equipment-7,EQ-00007,drilling,,9576.02,,2023,8
Marketing,Drilling,Rhourde Nouss,Field A,Equipment-8,EQ-00008,drilling,,7163.08,,2023,12
Refining,Operations,Berkine,Block 2,Equipment-9,EQ-00009,flaring,Propane,4790.2,gal,2023,10
Transportation,Production,Adrar,Block 1,Equipment-10,EQ-00010,combustion,Natural Gas,5004.23,scf,2023,7
Exploration & Production,Logistics,Illizi,Block 1,Equipment-11,EQ-00011,flaring,Diesel,8895.55,gal,2023,5
Transportation,Drilling,Hassi R'Mel,Area Y,Equipment-12,EQ-00012,venting,,8174.46,,2024,6
Refining,Drilling,Rhourde Nouss,Area X,Equipment-13,EQ-00013,venting,,2791.23,,2024,11
Refining,Production,Illizi,Block 1,Equipment-14,EQ-00014,venting,,1514.42,,2025,9
Refining,Operations,Rhourde Nouss,Field B,Equipment-15,EQ-00015,fugitive,,4316.48,,2025,10
Transportation,Drilling,Adrar,Block 1,Equipment-16,EQ-00016,flaring,Propane,9457.05,gal,2022,4
Refining,Production,Adrar,Area X,Equipment-17,EQ-00017,flaring,Fuel Gas,4131.71,gal,2022,6
Transportation,Logistics,Illizi,Area X,Equipment-18,EQ-00018,fugitive,,6030.2,,2024,4
Transportation,Production,Berkine,Field A,Equipment-19,EQ-00019,combustion,Fuel Gas,7809.86,gal,2024,2
Transportation,Logistics,Hassi Messaoud,Block 1,Equipment-20,EQ-00020,combustion,Fuel Gas,9238.23,gal,2024,1
Refining,Production,Berkine,Field B,Equipment-21,EQ-00021,flaring,,9561.25,,2024,9
Transportation,Production,Adrar,Area X,Equipment-22,EQ-00022,fugitive,,5087.06,,2022,6
Refining,Operations,Adrar,Area Y,Equipment-23,EQ-00023,fugitive,,3026.46,,2022,9
Transportation,Operations,In Salah,Block 2,Equipment-24,EQ-00024,combustion,Natural Gas,4707.48,scf,2022,2
Refining,Drilling,Hassi Messaoud,Block 2,Equipment-25,EQ-00025,flaring,Diesel,750.78,gal,2022,6
Exploration & Production,Drilling,Hassi R'Mel,Field A,Equipment-26,EQ-00026,fugitive,,651.63,,2025,11
Marketing,Production,Hassi Messaoud,Area X,Equipment-27,EQ-00027,flaring,Fuel Gas,5602.48,gal,2022,10
Marketing,Operations,Hassi Messaoud,Block 2,Equipment-28,EQ-00028,drilling,,5164.52,,2024,1
Exploration & Production,Production,Hassi Messaoud,Block 1,Equipment-29,EQ-00029,flaring,Natural Gas,1271.7,scf,2022,8
Transportation,Operations,Rhourde Nouss,Area X,Equipment-30,EQ-00030,flaring,Diesel,7451.3,gal,2024,6
Transportation,Drilling,In Salah,Field B,Equipment-31,EQ-00031,flaring,Propane,9367.61,gal,2024,11
Refining,Logistics,Illizi,Block 1,Equipment-32,EQ-00032,venting,,9618.6,,2024,11
Marketing,Drilling,Adrar,Area X,Equipment-33,EQ-00033,combustion,Diesel,447.42,gal,2022,1
Exploration & Production,Operations,Hassi R'Mel,Area X,Equipment-34,EQ-00034,fugitive,,7248.35,,2022,3
Transportation,Operations,Hassi R'Mel,Area X,Equipment-35,EQ-00035,fugitive,,1308.87,,2024,8
Transportation,Drilling,Illizi,Field A,Equipment-36,EQ-00036,fugitive,,7501.35,,2024,6
Marketing,Logistics,Hassi R'Mel,Block 2,Equipment-37,EQ-00037,venting,,9139.41,,2023,1
Refining,Drilling,Hassi Messaoud,Area X,Equipment-38,EQ-00038,venting,,2395.33,,2022,11
Transportation,Logistics,Hassi Messaoud,Block 1,Equipment-39,EQ-00039,drilling,,1449.45,,2023,3
Marketing,Production,Berkine,Field B,Equipment-40,EQ-00040,flaring,Diesel,7196.8,gal,2022,7
Marketing,Drilling,Illizi,Block 1,Equipment-41,EQ-00041,drilling,,8416.37,,2022,1
Transportation,Operations,Hassi Messaoud,Block 2,Equipment-42,EQ-00042,venting,,9110.45,,2023,12
Transportation,Logistics,Adrar,Field B,Equipment-43,EQ-00043,flaring,,959.05,,2023,3
Transportation,Operations,Adrar,Area Y,Equipment-44,EQ-00044,fugitive,,9129.83,,2022,6
Refining,Operations,Rhourde Nouss,Block 1,Equipment-45,EQ-00045,venting,,6992.83,,2022,10
Transportation,Operations,Hassi R'Mel,Area X,Equipment-46,EQ-00046,venting,,6716.99,,2024,9
Refining,Production,Berkine,Block 1,Equipment-47,EQ-00047,drilling,,3785.01,,2022,6
Refining,Drilling,Adrar,Area X,Equipment-48,EQ-00048,drilling,,435.47,,2025,2
Marketing,Drilling,Berkine,Block 1,Equipment-49,EQ-00049,drilling,,639.54,,2022,7
Transportation,Logistics,In Salah,Area X,Equipment-50,EQ-00050,fugitive,,584.86,,2025,2
Transportation,Operations,Berkine,Block 1,Equipment-51,EQ-00051,flaring,Diesel,9892.63,gal,2024,1
Exploration & Production,Logistics,Hassi Messaoud,Area X,Equipment-52,EQ-00052,venting,,4034.03,,2022,10
Exploration & Production,Operations,In Salah,Field A,Equipment-53,EQ-00053,fugitive,,2036.66,,2024,10
Refining,Operations,Adrar,Block 2,Equipment-54,EQ-00054,drilling,,6592.97,,2024,2
Exploration & Production,Operations,Berkine,Area X,Equipment-55,EQ-00055,flaring,,2965.16,,2023,7
Exploration & Production,Logistics,Illizi,Block 2,Equipment-56,EQ-00056,fugitive,,4396.99,,2022,5
Marketing,Drilling,Rhourde Nouss,Field B,Equipment-57,EQ-00057,flaring,Fuel Gas,2042.91,gal,2022,12
Marketing,Production,In Salah,Field A,Equipment-58,EQ-00058,fugitive,,7829.81,,2023,5
Transportation,Logistics,Rhourde Nouss,Block 1,Equipment-59,EQ-00059,venting,,1065.1,,2024,7
Exploration & Production,Drilling,Rhourde Nouss,Block 1,Equipment-60,EQ-00060,venting,,1794.6,,2023,4
Exploration & Production,Drilling,Hassi Messaoud,Field B,Equipment-61,EQ-00061,drilling,,2522.82,,2022,5
Exploration & Production,Logistics,Hassi R'Mel,Area Y,Equipment-62,EQ-00062,flaring,Fuel Gas,1300.57,gal,2024,1
Exploration & Production,Logistics,Rhourde Nouss,Field A,Equipment-63,EQ-00063,combustion,Propane,6374.8,gal,2024,9
Exploration & Production,Drilling,Hassi Messaoud,Block 2,Equipment-64,EQ-00064,flaring,,1278.65,,2024,11
Refining,Operations,Rhourde Nouss,Field B,Equipment-65,EQ-00065,fugitive,,5475.08,,2024,10
Exploration & Production,Drilling,Hassi Messaoud,Block 1,Equipment-66,EQ-00066,venting,,7553.17,,2025,3
Refining,Operations,Illizi,Field A,Equipment-67,EQ-00067,fugitive,,9383.09,,2024,6
Marketing,Production,Hassi R'Mel,Area X,Equipment-68,EQ-00068,flaring,Natural Gas,5643.95,scf,2022,3
Refining,Logistics,In Salah,Area X,Equipment-69,EQ-00069,flaring,Natural Gas,2217.76,scf,2024,6
Transportation,Drilling,Berkine,Field A,Equipment-70,EQ-00070,combustion,Diesel,6871.97,gal,2025,6
Marketing,Logistics,Berkine,Area X,Equipment-71,EQ-00071,venting,,3145.36,,2024,5
Marketing,Operations,Hassi Messaoud,Area X,Equipment-72,EQ-00072,flaring,Propane,5746.94,gal,2022,9
Transportation,Operations,Rhourde Nouss,Block 2,Equipment-73,EQ-00073,drilling,,2899.69,,2024,11
Refining,Production,Berkine,Field B,Equipment-74,EQ-00074,combustion,Propane,366.51,gal,2025,7
Exploration & Production,Production,Adrar,Area Y,Equipment-75,EQ-00075,combustion,Propane,3693.93,gal,2023,4
Marketing,Operations,Hassi R'Mel,Field A,Equipment-76,EQ-00076,combustion,Diesel,3534.42,gal,2025,9
Exploration & Production,Drilling,In Salah,Block 1,Equipment-77,EQ-00077,flaring,,8514.0,,2022,3
Refining,Production,Illizi,Block 2,Equipment-78,EQ-00078,drilling,,2373.37,,2024,4
Exploration & Production,Production,In Salah,Block 1,Equipment-79,EQ-00079,fugitive,,3574.87,,2023,8
Refining,Logistics,In Salah,Area Y,Equipment-80,EQ-00080,combustion,Diesel,1511.03,gal,2024,12
Refining,Drilling,Hassi Messaoud,Field B,Equipment-81,EQ-00081,venting,,8410.03,,2023,6
Transportation,Drilling,Rhourde Nouss,Field A,Equipment-82,EQ-00082,flaring,Propane,917.65,gal,2025,9
Exploration & Production,Operations,In Salah,Field B,Equipment-83,EQ-00083,venting,,3751.66,,2022,8
Transportation,Production,Illizi,Field A,Equipment-84,EQ-00084,flaring,,7115.32,,2025,12
Exploration & Production,Production,Hassi R'Mel,Area X,Equipment-85,EQ-00085,combustion,,5216.37,,2023,6
Transportation,Logistics,Rhourde Nouss,Area Y,Equipment-86,EQ-00086,venting,,2831.38,,2022,1
Refining,Logistics,In Salah,Field B,Equipment-87,EQ-00087,drilling,,7180.52,,2023,7
Transportation,Drilling,Berkine,Area Y,Equipment-88,EQ-00088,fugitive,,4570.05,,2022,5
Marketing,Production,In Salah,Field A,Equipment-89,EQ-00089,fugitive,,8538.9,,2025,9
Refining,Drilling,In Salah,Block 2,Equipment-90,EQ-00090,drilling,,601.15,,2023,5
Refining,Logistics,Berkine,Area Y,Equipment-91,EQ-00091,drilling,,2574.26,,2023,4
Refining,Production,Rhourde Nouss,Area X,Equipment-92,EQ-00092,drilling,,5157.51,,2025,8
Transportation,Drilling,Hassi R'Mel,Area X,Equipment-93,EQ-00093,drilling,,9941.58,,2022,4
Exploration & Production,Drilling,Hassi Messaoud,Field B,Equipment-94,EQ-00094,combustion,Diesel,87.42,gal,2024,5
Marketing,Operations,In Salah,Block 1,Equipment-95,EQ-00095,flaring,Natural Gas,9665.5,scf,2022,5
Refining,Operations,Berkine,Field A,Equipment-96,EQ-00096,combustion,Propane,4601.82,gal,2025,12
Exploration & Production,Operations,In Salah,Field B,Equipment-97,EQ-00097,drilling,,4170.07,,2022,5
Marketing,Drilling,In Salah,Area X,Equipment-98,EQ-00098,venting,,432.77,,2022,7
Transportation,Production,Hassi R'Mel,Area X,Equipment-99,EQ-00099,venting,,8499.61,,2025,8
Marketing,Drilling,Illizi,Block 1,Equipment-100,EQ-00100,fugitive,,7642.9,,2024,8
Refining,Logistics,Adrar,Block 1,Equipment-101,EQ-00101,flaring,Fuel Gas,1155.19,gal,2023,7
Exploration & Production,Production,In Salah,Area Y,Equipment-102,EQ-00102,venting,,3620.88,,2023,6
Exploration & Production,Operations,Illizi,Area X,Equipment-103,EQ-00103,fugitive,,7510.46,,2022,11
Marketing,Drilling,Rhourde Nouss,Field A,Equipment-104,EQ-00104,combustion,Diesel,1169.91,gal,2022,10
Marketing,Drilling,In Salah,Block 2,Equipment-105,EQ-00105,venting,,6624.0,,2022,7
Exploration & Production,Operations,Rhourde Nouss,Area X,Equipment-106,EQ-00106,drilling,,9982.19,,2024,10
Exploration & Production,Logistics,Rhourde Nouss,Block 2,Equipment-107,EQ-00107,combustion,Diesel,47.1,gal,2022,1
Transportation,Operations,Illizi,Block 2,Equipment-108,EQ-00108,combustion,Natural Gas,239.59,scf,2025,9
Marketing,Production,Berkine,Area X,Equipment-109,EQ-00109,fugitive,,9174.38,,2025,7
Transportation,Drilling,Hassi R'Mel,Block 2,Equipment-110,EQ-00110,fugitive,,8586.12,,2023,7
Transportation,Logistics,Berkine,Area Y,Equipment-111,EQ-00111,drilling,,7535.66,,2025,6
Transportation,Production,In Salah,Area Y,Equipment-112,EQ-00112,drilling,,7451.29,,2024,7
Marketing,Operations,Rhourde Nouss,Block 1,Equipment-113,EQ-00113,flaring,,7816.43,,2025,7
Refining,Operations,Rhourde Nouss,Area Y,Equipment-114,EQ-00114,combustion,Natural Gas,5928.36,scf,2025,2
Exploration & Production,Production,Hassi R'Mel,Block 1,Equipment-115,EQ-00115,drilling,,2227.84,,2023,11
Refining,Production,Berkine,Area X,Equipment-116,EQ-00116,venting,,8188.22,,2025,5
Transportation,Logistics,In Salah,Area Y,Equipment-117,EQ-00117,fugitive,,9034.87,,2022,1
Exploration & Production,Logistics,Hassi Messaoud,Field B,Equipment-118,EQ-00118,drilling,,6686.61,,2025,6
Exploration & Production,Operations,Berkine,Field A,Equipment-119,EQ-00119,venting,,5815.19,,2023,2
Exploration & Production,Drilling,In Salah,Area Y,Equipment-120,EQ-00120,fugitive,,459.94,,2022,5
Exploration & Production,Operations,Berkine,Field B,Equipment-121,EQ-00121,venting,,8028.17,,2025,3
Marketing,Operations,Berkine,Block 1,Equipment-122,EQ-00122,combustion,Propane,9908.16,gal,2024,9
Transportation,Drilling,In Salah,Area Y,Equipment-123,EQ-00123,drilling,,7380.47,,2025,5
Marketing,Drilling,Rhourde Nouss,Field A,Equipment-124,EQ-00124,venting,,2198.23,,2023,9
Marketing,Drilling,Illizi,Field A,Equipment-125,EQ-00125,drilling,,7231.39,,2022,6
Exploration & Production,Logistics,Rhourde Nouss,Field B,Equipment-126,EQ-00126,flaring,Fuel Gas,9658.49,gal,2024,10
Marketing,Logistics,Adrar,Area Y,Equipment-127,EQ-00127,fugitive,,6595.4,,2025,9
Marketing,Drilling,Hassi Messaoud,Field B,Equipment-128,EQ-00128,drilling,,6769.21,,2023,8
Transportation,Production,Berkine,Block 1,Equipment-129,EQ-00129,venting,,6370.67,,2023,8
Refining,Logistics,Hassi R'Mel,Block 1,Equipment-130,EQ-00130,combustion,Fuel Gas,9556.55,gal,2022,3
Exploration & Production,Production,Adrar,Block 2,Equipment-131,EQ-00131,combustion,Natural Gas,6712.05,scf,2025,2
Refining,Production,Rhourde Nouss,Field A,Equipment-132,EQ-00132,drilling,,5596.45,,2022,1
Marketing,Drilling,Hassi R'Mel,Block 1,Equipment-133,EQ-00133,fugitive,,4701.07,,2024,10
Refining,Logistics,Adrar,Area Y,Equipment-134,EQ-00134,flaring,Diesel,2495.08,gal,2023,3
Marketing,Operations,Hassi Messaoud,Area Y,Equipment-135,EQ-00135,fugitive,,4024.68,,2024,8
Refining,Logistics,Hassi Messaoud,Field A,Equipment-136,EQ-00136,fugitive,,7912.48,,2024,2
Transportation,Drilling,Hassi R'Mel,Block 1,Equipment-137,EQ-00137,fugitive,,1237.83,,2023,5
Refining,Logistics,Adrar,Area X,Equipment-138,EQ-00138,drilling,,2311.62,,2024,12
Refining,Logistics,Illizi,Field B,Equipment-139,EQ-00139,drilling,,6624.72,,2022,1
Exploration & Production,Production,Illizi,Field A,Equipment-140,EQ-00140,drilling,,3693.89,,2024,7
Marketing,Operations,Berkine,Area X,Equipment-141,EQ-00141,flaring,Propane,8678.23,gal,2025,5
Marketing,Production,Rhourde Nouss,Block 1,Equipment-142,EQ-00142,fugitive,,2233.25,,2024,9
Refining,Operations,Hassi R'Mel,Area X,Equipment-143,EQ-00143,drilling,,6138.74,,2022,3
Exploration & Production,Drilling,Hassi Messaoud,Area Y,Equipment-144,EQ-00144,combustion,Propane,8143.49,gal,2025,6
Refining,Production,Hassi R'Mel,Block 2,Equipment-145,EQ-00145,venting,,960.0,,2023,7
Marketing,Production,In Salah,Area X,Equipment-146,EQ-00146,flaring,Fuel Gas,8972.3,gal,2025,6
Marketing,Drilling,In Salah,Area X,Equipment-147,EQ-00147,combustion,Fuel Gas,3765.88,gal,2025,8
Marketing,Operations,Rhourde Nouss,Field A,Equipment-148,EQ-00148,combustion,Diesel,200.24,gal,2025,1
Marketing,Production,Berkine,Block 2,Equipment-149,EQ-00149,fugitive,,3021.97,,2022,1
Transportation,Production,Illizi,Block 2,Equipment-150,EQ-00150,venting,,4771.1,,2023,4
Transportation,Production,Adrar,Area Y,Equipment-151,EQ-00151,fugitive,,148.19,,2023,1
Transportation,Production,Hassi Messaoud,Field B,Equipment-152,EQ-00152,fugitive,,4924.77,,2025,11
Exploration & Production,Operations,In Salah,Field A,Equipment-153,EQ-00153,drilling,,8915.91,,2025,7
Refining,Production,In Salah,Field B,Equipment-154,EQ-00154,combustion,Fuel Gas,3915.32,gal,2023,11
Marketing,Production,Adrar,Field B,Equipment-155,EQ-00155,venting,,1574.84,,2023,7
Transportation,Operations,Berkine,Area Y,Equipment-156,EQ-00156,drilling,,7635.89,,2022,4
Marketing,Operations,Hassi Messaoud,Area Y,Equipment-157,EQ-00157,drilling,,7003.97,,2025,9
Transportation,Drilling,Illizi,Block 1,Equipment-158,EQ-00158,venting,,5947.05,,2023,6
Exploration & Production,Logistics,Berkine,Field B,Equipment-159,EQ-00159,fugitive,,1503.04,,2022,6
Exploration & Production,Production,Hassi Messaoud,Block 1,Equipment-160,EQ-00160,flaring,Natural Gas,8589.88,scf,2024,4
Marketing,Production,Berkine,Block 1,Equipment-161,EQ-00161,drilling,,6763.42,,2025,5
Marketing,Drilling,Hassi Messaoud,Field B,Equipment-162,EQ-00162,fugitive,,8633.4,,2022,5
Transportation,Logistics,In Salah,Block 1,Equipment-163,EQ-00163,drilling,,7776.72,,2025,2
Transportation,Production,In Salah,Block 1,Equipment-164,EQ-00164,fugitive,,9239.34,,2024,3
Exploration & Production,Operations,In Salah,Block 2,Equipment-165,EQ-00165,combustion,Diesel,4151.02,gal,2023,9
Refining,Logistics,Adrar,Block 1,Equipment-166,EQ-00166,drilling,,4147.67,,2023,4
Exploration & Production,Logistics,Hassi R'Mel,Field A,Equipment-167,EQ-00167,fugitive,,5020.46,,2022,12
Transportation,Drilling,Hassi R'Mel,Area Y,Equipment-168,EQ-00168,venting,,3235.59,,2022,9
Transportation,Logistics,Hassi R'Mel,Field A,Equipment-169,EQ-00169,combustion,Natural Gas,3553.8,scf,2022,2
Exploration & Production,Drilling,Hassi Messaoud,Block 2,Equipment-170,EQ-00170,fugitive,,1180.19,,2024,11
Exploration & Production,Production,Adrar,Area X,Equipment-171,EQ-00171,venting,,2570.56,,2023,1
Transportation,Production,Rhourde Nouss,Field B,Equipment-172,EQ-00172,drilling,,7591.32,,2024,12
Marketing,Logistics,Hassi R'Mel,Area X,Equipment-173,EQ-00173,drilling,,6738.35,,2023,1
Exploration & Production,Drilling,In Salah,Block 2,Equipment-174,EQ-00174,combustion,Diesel,724.74,gal,2022,7
Exploration & Production,Drilling,Berkine,Field A,Equipment-175,EQ-00175,combustion,Propane,1500.21,gal,2022,3
Refining,Logistics,Hassi Messaoud,Area X,Equipment-176,EQ-00176,drilling,,9349.92,,2024,5
Exploration & Production,Production,Hassi Messaoud,Field A,Equipment-177,EQ-00177,venting,,8227.7,,2022,10
Exploration & Production,Operations,Rhourde Nouss,Field A,Equipment-178,EQ-00178,combustion,Diesel,474.2,gal,2023,11
Marketing,Operations,In Salah,Field A,Equipment-179,EQ-00179,fugitive,,4744.03,,2024,2
Refining,Production,In Salah,Field A,Equipment-180,EQ-00180,drilling,,310.67,,2023,4
Refining,Production,In Salah,Area X,Equipment-181,EQ-00181,venting,,2452.92,,2023,2
Marketing,Drilling,Hassi Messaoud,Area X,Equipment-182,EQ-00182,flaring,Propane,7034.91,gal,2025,1
Marketing,Drilling,Berkine,Block 1,Equipment-183,EQ-00183,fugitive,,9281.17,,2025,8
Marketing,Operations,In Salah,Block 2,Equipment-184,EQ-00184,drilling,,3033.19,,2022,2
Refining,Production,Rhourde Nouss,Block 2,Equipment-185,EQ-00185,drilling,,1328.9,,2024,8
Transportation,Logistics,Adrar,Area Y,Equipment-186,EQ-00186,drilling,,8536.37,,2024,5
Marketing,Production,Hassi Messaoud,Area Y,Equipment-187,EQ-00187,venting,,659.23,,2022,1
Transportation,Drilling,Rhourde Nouss,Block 2,Equipment-188,EQ-00188,venting,,8819.2,,2025,4
Exploration & Production,Production,Hassi Messaoud,Field B,Equipment-189,EQ-00189,venting,,4485.94,,2022,9
Marketing,Drilling,In Salah,Block 1,Equipment-190,EQ-00190,drilling,,6649.36,,2023,1
Marketing,Operations,Illizi,Area Y,Equipment-191,EQ-00191,venting,,9134.29,,2023,10
Refining,Drilling,In Salah,Block 2,Equipment-192,EQ-00192,flaring,Diesel,3451.58,gal,2024,6
Refining,Operations,Hassi R'Mel,Field A,Equipment-193,EQ-00193,combustion,Fuel Gas,653.25,gal,2025,2
Marketing,Logistics,Adrar,Field A,Equipment-194,EQ-00194,fugitive,,5126.0,,2023,11
Refining,Drilling,Hassi R'Mel,Block 2,Equipment-195,EQ-00195,drilling,,428.99,,2023,6
Marketing,Operations,Illizi,Area Y,Equipment-196,EQ-00196,combustion,Diesel,9024.5,gal,2023,11
Refining,Operations,Illizi,Area Y,Equipment-197,EQ-00197,combustion,Natural Gas,9086.4,scf,2025,2
Marketing,Logistics,Adrar,Field A,Equipment-198,EQ-00198,venting,,6993.83,,2025,3
Marketing,Drilling,In Salah,Field B,Equipment-199,EQ-00199,venting,,8896.62,,2022,5
Transportation,Logistics,Berkine,Field A,Equipment-200,EQ-00200,fugitive,,9321.85,,2025,2
Marketing,Operations,Illizi,Area Y,Equipment-201,EQ-00201,fugitive,,8839.76,,2023,3
Marketing,Drilling,Rhourde Nouss,Area X,Equipment-202,EQ-00202,venting,,8722.16,,2022,4
Exploration & Production,Drilling,Berkine,Area X,Equipment-203,EQ-00203,fugitive,,7513.61,,2023,4
Exploration & Production,Drilling,Hassi Messaoud,Area Y,Equipment-204,EQ-00204,fugitive,,1850.04,,2023,9
Refining,Production,Hassi R'Mel,Field B,Equipment-205,EQ-00205,venting,,4421.61,,2022,6
Exploration & Production,Production,Hassi Messaoud,Field A,Equipment-206,EQ-00206,combustion,Diesel,323.23,gal,2022,7
Refining,Drilling,Illizi,Area X,Equipment-207,EQ-00207,drilling,,7419.54,,2022,1
Marketing,Logistics,Illizi,Block 2,Equipment-208,EQ-00208,fugitive,,868.77,,2024,3
Refining,Production,Rhourde Nouss,Block 1,Equipment-209,EQ-00209,flaring,Propane,5298.12,gal,2025,4
Refining,Drilling,In Salah,Field A,Equipment-210,EQ-00210,venting,,3072.46,,2022,6
Refining,Production,Illizi,Block 2,Equipment-211,EQ-00211,flaring,,2378.78,,2024,10
Marketing,Logistics,Hassi Messaoud,Field B,Equipment-212,EQ-00212,combustion,Diesel,7827.14,gal,2025,8
Exploration & Production,Operations,Hassi Messaoud,Block 2,Equipment-213,EQ-00213,drilling,,1265.04,,2022,7
Refining,Logistics,In Salah,Field A,Equipment-214,EQ-00214,fugitive,,6842.89,,2025,5
Exploration & Production,Logistics,Rhourde Nouss,Area Y,Equipment-215,EQ-00215,combustion,Natural Gas,295.03,scf,2025,3
Transportation,Drilling,Adrar,Field A,Equipment-216,EQ-00216,venting,,4842.53,,2025,8
Exploration & Production,Logistics,Illizi,Field A,Equipment-217,EQ-00217,fugitive,,6051.47,,2022,1
Marketing,Drilling,Adrar,Field B,Equipment-218,EQ-00218,flaring,Propane,5959.75,gal,2024,8
Refining,Production,Illizi,Field A,Equipment-219,EQ-00219,combustion,Diesel,2005.49,gal,2022,4
Refining,Logistics,In Salah,Field A,Equipment-220,EQ-00220,fugitive,,2995.92,,2025,5
Marketing,Drilling,Rhourde Nouss,Field A,Equipment-221,EQ-00221,fugitive,,8614.42,,2025,5
Transportation,Production,In Salah,Field A,Equipment-222,EQ-00222,venting,,4483.78,,2024,10
Marketing,Operations,Adrar,Field B,Equipment-223,EQ-00223,fugitive,,6839.77,,2023,9
Transportation,Drilling,Berkine,Area X,Equipment-224,EQ-00224,combustion,Diesel,3363.49,gal,2024,5
Transportation,Logistics,Hassi Messaoud,Area Y,Equipment-225,EQ-00225,venting,,7384.68,,2024,7
Marketing,Drilling,In Salah,Field A,Equipment-226,EQ-00226,drilling,,6457.64,,2025,3
Refining,Logistics,Illizi,Area Y,Equipment-227,EQ-00227,drilling,,1239.0,,2024,3
Marketing,Production,Adrar,Block 2,Equipment-228,EQ-00228,combustion,,7383.4,,2022,4
Refining,Production,Adrar,Field B,Equipment-229,EQ-00229,drilling,,2427.37,,2024,2
Transportation,Operations,Hassi R'Mel,Block 1,Equipment-230,EQ-00230,combustion,Fuel Gas,6169.07,gal,2025,11
Marketing,Drilling,Illizi,Area X,Equipment-231,EQ-00231,venting,,9620.88,,2022,2
Marketing,Drilling,In Salah,Block 1,Equipment-232,EQ-00232,combustion,Propane,2318.87,gal,2024,6
Marketing,Logistics,Berkine,Area Y,Equipment-233,EQ-00233,venting,,2412.08,,2024,12
Marketing,Production,In Salah,Area X,Equipment-234,EQ-00234,drilling,,7543.23,,2024,1
Marketing,Operations,Illizi,Field A,Equipment-235,EQ-00235,venting,,1182.69,,2025,10
Marketing,Drilling,Illizi,Field B,Equipment-236,EQ-00236,flaring,Diesel,8130.94,gal,2025,2
Refining,Drilling,Hassi R'Mel,Area X,Equipment-237,EQ-00237,drilling,,5651.36,,2023,8
Exploration & Production,Production,In Salah,Block 2,Equipment-238,EQ-00238,flaring,Propane,9922.52,gal,2023,1
Marketing,Production,Hassi Messaoud,Block 2,Equipment-239,EQ-00239,fugitive,,2487.93,,2025,9
Exploration & Production,Drilling,In Salah,Block 2,Equipment-240,EQ-00240,drilling,,9420.3,,2022,6
Refining,Operations,In Salah,Block 1,Equipment-241,EQ-00241,drilling,,4024.6,,2025,10
Exploration & Production,Drilling,Hassi R'Mel,Block 1,Equipment-242,EQ-00242,combustion,Propane,1574.03,gal,2023,11
Transportation,Logistics,In Salah,Block 1,Equipment-243,EQ-00243,venting,,2120.32,,2022,9
Exploration & Production,Operations,In Salah,Area X,Equipment-244,EQ-00244,drilling,,4278.3,,2025,9
Transportation,Production,Hassi R'Mel,Area Y,Equipment-245,EQ-00245,fugitive,,8547.64,,2023,6
Marketing,Operations,Rhourde Nouss,Block 1,Equipment-246,EQ-00246,combustion,Fuel Gas,9719.9,gal,2023,2
Transportation,Operations,Hassi Messaoud,Area Y,Equipment-247,EQ-00247,venting,,7052.99,,2025,2
Transportation,Operations,Rhourde Nouss,Area X,Equipment-248,EQ-00248,flaring,Fuel Gas,3267.71,gal,2025,6
Transportation,Production,Illizi,Field B,Equipment-249,EQ-00249,combustion,Fuel Gas,5791.79,gal,2024,9
Marketing,Operations,Hassi Messaoud,Block 1,Equipment-250,EQ-00250,drilling,,7329.67,,2023,5
Exploration & Production,Logistics,Rhourde Nouss,Field B,Equipment-251,EQ-00251,combustion,Natural Gas,8361.71,scf,2025,10
Marketing,Production,In Salah,Area Y,Equipment-252,EQ-00252,drilling,,2351.32,,2023,2
Transportation,Operations,Adrar,Block 1,Equipment-253,EQ-00253,venting,,1755.85,,2023,12
Marketing,Drilling,Rhourde Nouss,Field B,Equipment-254,EQ-00254,fugitive,,4909.3,,2023,2
Refining,Operations,Rhourde Nouss,Area X,Equipment-255,EQ-00255,flaring,Fuel Gas,2100.02,gal,2023,5
Exploration & Production,Drilling,Hassi Messaoud,Block 2,Equipment-256,EQ-00256,drilling,,3742.64,,2025,1
Marketing,Operations,Berkine,Block 1,Equipment-257,EQ-00257,venting,,5263.44,,2022,12
Exploration & Production,Production,Illizi,Field B,Equipment-258,EQ-00258,venting,,2669.38,,2023,4
Refining,Operations,Hassi R'Mel,Field A,Equipment-259,EQ-00259,flaring,,2391.25,,2023,4
Transportation,Production,Berkine,Field A,Equipment-260,EQ-00260,combustion,Diesel,505.08,gal,2024,8
Refining,Operations,Adrar,Area Y,Equipment-261,EQ-00261,drilling,,8678.72,,2023,1
Exploration & Production,Production,Rhourde Nouss,Block 2,Equipment-262,EQ-00262,combustion,Natural Gas,5020.41,scf,2025,8
Marketing,Drilling,Illizi,Block 2,Equipment-263,EQ-00263,combustion,Natural Gas,9779.99,scf,2025,4
Marketing,Logistics,Berkine,Field B,Equipment-264,EQ-00264,venting,,6666.95,,2023,11
Marketing,Operations,Hassi Messaoud,Block 1,Equipment-265,EQ-00265,venting,,3930.0,,2023,6
Marketing,Logistics,Illizi,Field B,Equipment-266,EQ-00266,combustion,Fuel Gas,1774.47,gal,2023,1
Transportation,Drilling,Rhourde Nouss,Area Y,Equipment-267,EQ-00267,flaring,,5070.3,,2024,3
Marketing,Drilling,In Salah,Area X,Equipment-268,EQ-00268,drilling,,2017.45,,2024,3
Refining,Logistics,Hassi R'Mel,Block 1,Equipment-269,EQ-00269,drilling,,7517.58,,2025,1
Transportation,Drilling,Hassi Messaoud,Field A,Equipment-270,EQ-00270,fugitive,,3904.16,,2025,4
Transportation,Logistics,Adrar,Field A,Equipment-271,EQ-00271,fugitive,,7364.39,,2024,9
Exploration & Production,Drilling,Berkine,Field B,Equipment-272,EQ-00272,combustion,Propane,7639.07,gal,2025,6
Exploration & Production,Drilling,Hassi Messaoud,Area Y,Equipment-273,EQ-00273,fugitive,,1135.98,,2024,5
Transportation,Production,In Salah,Area X,Equipment-274,EQ-00274,fugitive,,7085.43,,2023,4
Transportation,Logistics,Rhourde Nouss,Field B,Equipment-275,EQ-00275,flaring,,6539.68,,2024,1
Transportation,Production,Hassi Messaoud,Area Y,Equipment-276,EQ-00276,fugitive,,840.17,,2023,10
Marketing,Production,Illizi,Area Y,Equipment-277,EQ-00277,venting,,4467.55,,2022,6
Refining,Logistics,Hassi Messaoud,Field A,Equipment-278,EQ-00278,drilling,,7672.35,,2025,5
Transportation,Production,Berkine,Field B,Equipment-279,EQ-00279,venting,,744.77,,2023,7
Refining,Drilling,Illizi,Area Y,Equipment-280,EQ-00280,flaring,Natural Gas,6279.53,scf,2024,1
Refining,Logistics,Adrar,Field A,Equipment-281,EQ-00281,drilling,,1144.32,,2024,7
Marketing,Operations,Illizi,Field A,Equipment-282,EQ-00282,venting,,2550.29,,2022,5
Exploration & Production,Operations,Berkine,Area X,Equipment-283,EQ-00283,combustion,Diesel,497.84,gal,2022,4
Marketing,Operations,Adrar,Block 2,Equipment-284,EQ-00284,fugitive,,762.09,,2023,10
Refining,Operations,Rhourde Nouss,Area X,Equipment-285,EQ-00285,combustion,Natural Gas,1406.23,scf,2025,12
Marketing,Logistics,Berkine,Block 2,Equipment-286,EQ-00286,venting,,2949.39,,2022,3
Exploration & Production,Operations,In Salah,Field B,Equipment-287,EQ-00287,venting,,2051.94,,2023,6
Marketing,Operations,Hassi R'Mel,Area Y,Equipment-288,EQ-00288,fugitive,,1850.13,,2022,10
Exploration & Production,Operations,Berkine,Field A,Equipment-289,EQ-00289,venting,,9189.02,,2022,12
Transportation,Logistics,Hassi R'Mel,Area Y,Equipment-290,EQ-00290,flaring,Fuel Gas,4597.2,gal,2023,8
Exploration & Production,Drilling,Hassi R'Mel,Block 2,Equipment-291,EQ-00291,fugitive,,3812.58,,2023,2
Transportation,Drilling,Illizi,Block 1,Equipment-292,EQ-00292,venting,,6642.5,,2024,10
Transportation,Logistics,Hassi R'Mel,Field A,Equipment-293,EQ-00293,flaring,Propane,1576.17,gal,2022,12
Transportation,Production,Adrar,Block 1,Equipment-294,EQ-00294,combustion,Propane,7000.82,gal,2023,8
Marketing,Production,Berkine,Block 2,Equipment-295,EQ-00295,combustion,Fuel Gas,9589.93,gal,2023,2
Refining,Operations,Illizi,Block 1,Equipment-296,EQ-00296,flaring,Diesel,3097.8,gal,2024,12
Transportation,Production,Adrar,Block 2,Equipment-297,EQ-00297,combustion,,2179.32,,2023,9
Refining,Logistics,Illizi,Field B,Equipment-298,EQ-00298,venting,,4568.53,,2025,7
Refining,Logistics,Rhourde Nouss,Field A,Equipment-299,EQ-00299,combustion,Diesel,4894.7,gal,2025,2
Marketing,Operations,In Salah,Block 2,Equipment-300,EQ-00300,venting,,5612.08,,2025,6
Marketing,Drilling,Hassi Messaoud,Area X,Equipment-301,EQ-00301,venting,,6085.49,,2023,9
Refining,Drilling,Berkine,Area X,Equipment-302,EQ-00302,combustion,,9920.13,,2024,5
Exploration & Production,Drilling,Rhourde Nouss,Field A,Equipment-303,EQ-00303,combustion,Diesel,3262.86,gal,2023,2
Exploration & Production,Production,Hassi R'Mel,Field B,Equipment-304,EQ-00304,fugitive,,2485.76,,2022,8
Marketing,Operations,Berkine,Block 2,Equipment-305,EQ-00305,venting,,7378.63,,2024,5
Exploration & Production,Operations,Illizi,Field B,Equipment-306,EQ-00306,flaring,Diesel,2932.3,gal,2023,11
Refining,Drilling,Hassi R'Mel,Field A,Equipment-307,EQ-00307,venting,,8079.04,,2022,9
Transportation,Production,In Salah,Field A,Equipment-308,EQ-00308,drilling,,4732.44,,2025,7
Exploration & Production,Drilling,Hassi Messaoud,Field B,Equipment-309,EQ-00309,flaring,,8363.19,,2024,8
Marketing,Production,In Salah,Block 2,Equipment-310,EQ-00310,fugitive,,1692.14,,2025,5
Exploration & Production,Drilling,Berkine,Block 2,Equipment-311,EQ-00311,flaring,Diesel,6985.84,gal,2022,1
Marketing,Drilling,Hassi Messaoud,Field B,Equipment-312,EQ-00312,venting,,5783.89,,2022,1
Marketing,Logistics,In Salah,Field B,Equipment-313,EQ-00313,drilling,,2744.24,,2024,1
Marketing,Operations,Illizi,Field A,Equipment-314,EQ-00314,venting,,6584.91,,2024,4
Marketing,Drilling,Rhourde Nouss,Field B,Equipment-315,EQ-00315,flaring,Fuel Gas,1422.32,gal,2025,5
Exploration & Production,Production,Berkine,Area Y,Equipment-316,EQ-00316,combustion,Propane,7879.62,gal,2024,11
Marketing,Operations,Berkine,Area Y,Equipment-317,EQ-00317,venting,,7967.64,,2023,10
Transportation,Logistics,Rhourde Nouss,Area X,Equipment-318,EQ-00318,drilling,,4488.7,,2024,9
Exploration & Production,Operations,In Salah,Block 1,Equipment-319,EQ-00319,venting,,6317.35,,2023,12
Refining,Production,Rhourde Nouss,Field A,Equipment-320,EQ-00320,flaring,Fuel Gas,8439.92,gal,2024,1
Exploration & Production,Logistics,Adrar,Block 1,Equipment-321,EQ-00321,drilling,,813.88,,2025,12
Refining,Production,Rhourde Nouss,Block 2,Equipment-322,EQ-00322,venting,,2018.43,,2023,6
Marketing,Operations,Hassi Messaoud,Block 1,Equipment-323,EQ-00323,flaring,Propane,4814.49,gal,2025,11
Transportation,Operations,Adrar,Area X,Equipment-324,EQ-00324,fugitive,,3766.49,,2022,6
Transportation,Drilling,Berkine,Area Y,Equipment-325,EQ-00325,venting,,8547.04,,2022,8
Refining,Logistics,Hassi Messaoud,Block 1,Equipment-326,EQ-00326,venting,,234.41,,2023,5
Refining,Logistics,Illizi,Field B,Equipment-327,EQ-00327,venting,,1374.54,,2023,9
Exploration & Production,Logistics,Adrar,Area X,Equipment-328,EQ-00328,venting,,5829.75,,2024,1
Refining,Drilling,Berkine,Area X,Equipment-329,EQ-00329,drilling,,4792.06,,2025,7
Marketing,Production,Berkine,Area Y,Equipment-330,EQ-00330,combustion,Propane,6749.48,gal,2025,6
Transportation,Production,In Salah,Field B,Equipment-331,EQ-00331,flaring,Diesel,4192.77,gal,2023,12
Exploration & Production,Logistics,Hassi R'Mel,Block 1,Equipment-332,EQ-00332,venting,,1868.95,,2025,4
Exploration & Production,Production,Berkine,Area Y,Equipment-333,EQ-00333,venting,,5247.04,,2025,5
Transportation,Logistics,Adrar,Block 1,Equipment-334,EQ-00334,flaring,Fuel Gas,614.88,gal,2023,4
Exploration & Production,Operations,In Salah,Field B,Equipment-335,EQ-00335,fugitive,,9195.63,,2025,9
Exploration & Production,Production,Rhourde Nouss,Block 2,Equipment-336,EQ-00336,venting,,6640.63,,2022,5
Exploration & Production,Drilling,Adrar,Block 2,Equipment-337,EQ-00337,venting,,2654.69,,2023,4
Exploration & Production,Production,Berkine,Block 1,Equipment-338,EQ-00338,drilling,,2541.56,,2025,4
Refining,Logistics,In Salah,Field B,Equipment-339,EQ-00339,fugitive,,7997.37,,2022,6
Transportation,Production,Berkine,Area X,Equipment-340,EQ-00340,flaring,,8435.25,,2025,10
Refining,Operations,Hassi R'Mel,Block 1,Equipment-341,EQ-00341,venting,,2017.81,,2023,12
Exploration & Production,Drilling,Berkine,Block 2,Equipment-342,EQ-00342,drilling,,4677.08,,2022,7
Transportation,Drilling,In Salah,Block 1,Equipment-343,EQ-00343,combustion,,3160.89,,2022,9
Marketing,Logistics,Berkine,Field A,Equipment-344,EQ-00344,venting,,8614.81,,2025,1
Refining,Operations,Illizi,Area X,Equipment-345,EQ-00345,flaring,Natural Gas,3553.46,scf,2025,6
Refining,Production,Hassi R'Mel,Field A,Equipment-346,EQ-00346,fugitive,,9646.0,,2023,2
Marketing,Production,Adrar,Field A,Equipment-347,EQ-00347,flaring,Natural Gas,3626.26,scf,2022,2
Marketing,Drilling,Illizi,Field B,Equipment-348,EQ-00348,venting,,3632.91,,2023,9
Marketing,Production,Hassi R'Mel,Block 2,Equipment-349,EQ-00349,drilling,,3795.57,,2025,4
Marketing,Production,Berkine,Field B,Equipment-350,EQ-00350,drilling,,2069.33,,2023,4
Refining,Logistics,Berkine,Area X,Equipment-351,EQ-00351,drilling,,1295.81,,2023,5
Marketing,Drilling,In Salah,Field B,Equipment-352,EQ-00352,venting,,7447.6,,2022,9
Transportation,Production,In Salah,Area X,Equipment-353,EQ-00353,combustion,,8840.95,,2023,11
Refining,Operations,Illizi,Area Y,Equipment-354,EQ-00354,flaring,,3121.16,,2025,5
Transportation,Drilling,Rhourde Nouss,Block 1,Equipment-355,EQ-00355,combustion,,6726.96,,2022,1
Exploration & Production,Production,Hassi Messaoud,Area Y,Equipment-356,EQ-00356,drilling,,3051.01,,2025,7
Exploration & Production,Logistics,Illizi,Block 2,Equipment-357,EQ-00357,fugitive,,9472.4,,2024,3
Marketing,Operations,Hassi Messaoud,Field B,Equipment-358,EQ-00358,combustion,,3912.32,,2025,8
Transportation,Logistics,Hassi R'Mel,Area Y,Equipment-359,EQ-00359,combustion,Propane,1238.87,gal,2024,6
Transportation,Logistics,Hassi R'Mel,Field A,Equipment-360,EQ-00360,combustion,Propane,2714.07,gal,2023,11
Transportation,Drilling,Rhourde Nouss,Field B,Equipment-361,EQ-00361,flaring,Propane,5139.27,gal,2025,6
Transportation,Logistics,Adrar,Area Y,Equipment-362,EQ-00362,venting,,6877.1,,2024,11
Transportation,Operations,Adrar,Field A,Equipment-363,EQ-00363,combustion,Natural Gas,3102.89,scf,2023,4
Transportation,Drilling,Illizi,Area X,Equipment-364,EQ-00364,flaring,Diesel,3377.42,gal,2025,10
Exploration & Production,Logistics,In Salah,Area X,Equipment-365,EQ-00365,fugitive,,2383.0,,2022,12
Exploration & Production,Production,Adrar,Field B,Equipment-366,EQ-00366,fugitive,,5832.53,,2025,8
Transportation,Drilling,Illizi,Area Y,Equipment-367,EQ-00367,fugitive,,2725.16,,2023,5
Marketing,Drilling,Rhourde Nouss,Block 2,Equipment-368,EQ-00368,venting,,2839.65,,2025,4
Exploration & Production,Logistics,Hassi R'Mel,Block 2,Equipment-369,EQ-00369,drilling,,4129.22,,2023,10
Refining,Drilling,In Salah,Area Y,Equipment-370,EQ-00370,venting,,6714.7,,2023,9
Exploration & Production,Logistics,Hassi R'Mel,Block 2,Equipment-371,EQ-00371,fugitive,,9328.81,,2025,1
Refining,Logistics,Rhourde Nouss,Field B,Equipment-372,EQ-00372,flaring,Natural Gas,3670.43,scf,2022,4
Transportation,Logistics,Hassi R'Mel,Field A,Equipment-373,EQ-00373,flaring,Diesel,710.07,gal,2023,12
Marketing,Operations,Adrar,Block 2,Equipment-374,EQ-00374,combustion,,7950.15,,2024,6
Exploration & Production,Operations,Illizi,Field A,Equipment-375,EQ-00375,venting,,345.91,,2024,11
Transportation,Logistics,Hassi Messaoud,Area X,Equipment-376,EQ-00376,drilling,,7756.45,,2024,9
Marketing,Drilling,Adrar,Field A,Equipment-377,EQ-00377,flaring,Diesel,1453.99,gal,2025,2
Transportation,Production,Hassi Messaoud,Block 1,Equipment-378,EQ-00378,venting,,8018.48,,2025,5
Marketing,Drilling,Illizi,Area X,Equipment-379,EQ-00379,flaring,,9201.9,,2022,7
Marketing,Drilling,Hassi Messaoud,Field A,Equipment-380,EQ-00380,fugitive,,1888.49,,2022,11
Exploration & Production,Production,In Salah,Field A,Equipment-381,EQ-00381,drilling,,329.5,,2023,2
Exploration & Production,Drilling,Rhourde Nouss,Field A,Equipment-382,EQ-00382,fugitive,,8328.19,,2023,12
Marketing,Logistics,Berkine,Block 2,Equipment-383,EQ-00383,combustion,,3362.78,,2025,1
Exploration & Production,Operations,Adrar,Area Y,Equipment-384,EQ-00384,flaring,Natural Gas,8988.11,scf,2023,8
Refining,Logistics,In Salah,Block 1,Equipment-385,EQ-00385,fugitive,,865.07,,2024,2
Refining,Production,Hassi R'Mel,Block 2,Equipment-386,EQ-00386,combustion,Natural Gas,2387.16,scf,2025,5
Marketing,Logistics,Hassi R'Mel,Block 1,Equipment-387,EQ-00387,fugitive,,4936.83,,2022,12
Refining,Operations,Rhourde Nouss,Block 1,Equipment-388,EQ-00388,flaring,,3718.7,,2025,3
Exploration & Production,Drilling,Rhourde Nouss,Field A,Equipment-389,EQ-00389,combustion,Fuel Gas,9285.05,gal,2024,7
Refining,Production,Hassi R'Mel,Block 2,Equipment-390,EQ-00390,drilling,,8412.43,,2022,10
Exploration & Production,Operations,In Salah,Block 2,Equipment-391,EQ-00391,flaring,,6876.84,,2024,3
Exploration & Production,Drilling,Hassi Messaoud,Field A,Equipment-392,EQ-00392,venting,,7043.83,,2024,6
Exploration & Production,Drilling,Hassi Messaoud,Area Y,Equipment-393,EQ-00393,drilling,,7492.16,,2023,9
Exploration & Production,Drilling,Berkine,Block 2,Equipment-394,EQ-00394,venting,,9308.73,,2025,9
Transportation,Production,Hassi R'Mel,Area X,Equipment-395,EQ-00395,combustion,Natural Gas,7978.04,scf,2023,11
Marketing,Drilling,Illizi,Field A,Equipment-396,EQ-00396,flaring,Natural Gas,448.54,scf,2023,2
Exploration & Production,Logistics,Hassi Messaoud,Field A,Equipment-397,EQ-00397,fugitive,,7628.9,,2022,12
Marketing,Production,Illizi,Area Y,Equipment-398,EQ-00398,combustion,Natural Gas,9505.89,scf,2023,11
Transportation,Drilling,Illizi,Field B,Equipment-399,EQ-00399,fugitive,,4718.27,,2022,10
Refining,Production,Illizi,Field A,Equipment-400,EQ-00400,fugitive,,659.01,,2023,12
Refining,Production,In Salah,Area Y,Equipment-401,EQ-00401,drilling,,6330.75,,2025,6
Exploration & Production,Operations,Illizi,Block 2,Equipment-402,EQ-00402,flaring,Diesel,9996.05,gal,2023,6
Exploration & Production,Production,Hassi Messaoud,Area X,Equipment-403,EQ-00403,fugitive,,6278.76,,2025,10
Refining,Production,In Salah,Field A,Equipment-404,EQ-00404,drilling,,7227.48,,2022,1
Marketing,Logistics,Rhourde Nouss,Block 2,Equipment-405,EQ-00405,fugitive,,9604.46,,2022,4
Refining,Logistics,Adrar,Area X,Equipment-406,EQ-00406,venting,,5496.65,,2023,8
Exploration & Production,Logistics,Rhourde Nouss,Field A,Equipment-407,EQ-00407,combustion,Diesel,2967.73,gal,2025,4
Refining,Production,Adrar,Field B,Equipment-408,EQ-00408,drilling,,9021.98,,2024,4
Exploration & Production,Drilling,In Salah,Field B,Equipment-409,EQ-00409,flaring,Fuel Gas,6367.93,gal,2022,10
Marketing,Drilling,Illizi,Area Y,Equipment-410,EQ-00410,drilling,,7751.13,,2023,11
Refining,Logistics,Rhourde Nouss,Area Y,Equipment-411,EQ-00411,flaring,Diesel,9846.56,gal,2023,9
Exploration & Production,Production,Rhourde Nouss,Field B,Equipment-412,EQ-00412,flaring,,9139.43,,2023,9
Marketing,Production,Berkine,Field A,Equipment-413,EQ-00413,fugitive,,4407.47,,2025,6
Marketing,Production,Hassi R'Mel,Area Y,Equipment-414,EQ-00414,combustion,Propane,1179.86,gal,2024,4
Marketing,Production,In Salah,Field B,Equipment-415,EQ-00415,combustion,Fuel Gas,5562.82,gal,2024,9
Transportation,Production,Rhourde Nouss,Block 2,Equipment-416,EQ-00416,drilling,,8083.37,,2022,9
Exploration & Production,Drilling,Illizi,Block 1,Equipment-417,EQ-00417,drilling,,9149.97,,2025,8
Transportation,Production,Rhourde Nouss,Field B,Equipment-418,EQ-00418,flaring,Natural Gas,1581.61,scf,2024,10
Marketing,Drilling,In Salah,Field B,Equipment-419,EQ-00419,venting,,699.9,,2022,9
Exploration & Production,Operations,Berkine,Field A,Equipment-420,EQ-00420,drilling,,1059.81,,2025,11
Marketing,Drilling,Berkine,Field B,Equipment-421,EQ-00421,flaring,,1331.46,,2025,5
Transportation,Operations,Hassi Messaoud,Area Y,Equipment-422,EQ-00422,combustion,Diesel,9764.5,gal,2022,7
Exploration & Production,Logistics,Hassi R'Mel,Area Y,Equipment-423,EQ-00423,venting,,9629.16,,2024,2
Marketing,Production,In Salah,Block 2,Equipment-424,EQ-00424,flaring,Diesel,9199.73,gal,2022,12
Exploration & Production,Production,Berkine,Block 2,Equipment-425,EQ-00425,combustion,Diesel,765.54,gal,2022,4
Exploration & Production,Operations,Illizi,Field A,Equipment-426,EQ-00426,combustion,Natural Gas,2686.68,scf,2024,6
Marketing,Production,Illizi,Field A,Equipment-427,EQ-00427,drilling,,8517.15,,2024,6
Marketing,Logistics,Hassi Messaoud,Block 2,Equipment-428,EQ-00428,fugitive,,669.01,,2024,1
Refining,Production,Illizi,Field B,Equipment-429,EQ-00429,fugitive,,2358.15,,2023,10
Exploration & Production,Logistics,In Salah,Block 2,Equipment-430,EQ-00430,fugitive,,1492.02,,2023,9
Transportation,Operations,Rhourde Nouss,Area X,Equipment-431,EQ-00431,venting,,5541.77,,2025,11
Transportation,Operations,In Salah,Area Y,Equipment-432,EQ-00432,fugitive,,4284.91,,2025,11
Exploration & Production,Operations,In Salah,Field B,Equipment-433,EQ-00433,fugitive,,524.73,,2023,3
Transportation,Operations,Berkine,Block 1,Equipment-434,EQ-00434,drilling,,5065.42,,2023,7
Exploration & Production,Logistics,Adrar,Area Y,Equipment-435,EQ-00435,venting,,6462.83,,2025,10
Transportation,Operations,Adrar,Field B,Equipment-436,EQ-00436,drilling,,805.78,,2022,1
Marketing,Drilling,Illizi,Area Y,Equipment-437,EQ-00437,flaring,,768.42,,2025,2
Transportation,Drilling,Illizi,Field B,Equipment-438,EQ-00438,combustion,Diesel,8047.41,gal,2022,1
Marketing,Logistics,In Salah,Field A,Equipment-439,EQ-00439,fugitive,,686.94,,2023,4
Refining,Production,Hassi R'Mel,Field A,Equipment-440,EQ-00440,combustion,Natural Gas,4367.87,scf,2025,8
Exploration & Production,Operations,Rhourde Nouss,Field B,Equipment-441,EQ-00441,drilling,,7243.33,,2024,4
Marketing,Production,Illizi,Area X,Equipment-442,EQ-00442,flaring,,7516.54,,2023,1
Transportation,Operations,Adrar,Block 1,Equipment-443,EQ-00443,drilling,,639.08,,2022,12
Transportation,Logistics,Hassi Messaoud,Field A,Equipment-444,EQ-00444,venting,,3825.39,,2023,11
Transportation,Production,Adrar,Field A,Equipment-445,EQ-00445,drilling,,5123.01,,2022,10
Marketing,Logistics,Illizi,Block 1,Equipment-446,EQ-00446,fugitive,,2493.59,,2024,10
Exploration & Production,Drilling,Hassi R'Mel,Area X,Equipment-447,EQ-00447,drilling,,7050.72,,2023,1
Exploration & Production,Operations,Hassi R'Mel,Field B,Equipment-448,EQ-00448,combustion,Propane,2310.44,gal,2025,3
Transportation,Production,Illizi,Field A,Equipment-449,EQ-00449,combustion,Diesel,8992.54,gal,2022,4
Marketing,Logistics,Hassi R'Mel,Field B,Equipment-450,EQ-00450,combustion,Diesel,6123.52,gal,2024,4
Exploration & Production,Operations,Rhourde Nouss,Field A,Equipment-451,EQ-00451,combustion,Diesel,9426.97,gal,2023,9
Marketing,Operations,Hassi R'Mel,Area Y,Equipment-452,EQ-00452,venting,,8888.64,,2022,2
Exploration & Production,Production,Illizi,Area X,Equipment-453,EQ-00453,drilling,,3714.69,,2022,7
Marketing,Logistics,In Salah,Area X,Equipment-454,EQ-00454,drilling,,9202.17,,2025,2
Refining,Drilling,Hassi R'Mel,Area Y,Equipment-455,EQ-00455,flaring,,9503.2,,2024,5
Refining,Logistics,Rhourde Nouss,Field A,Equipment-456,EQ-00456,fugitive,,9361.5,,2025,7
Exploration & Production,Drilling,Illizi,Area X,Equipment-457,EQ-00457,venting,,246.12,,2022,9
Exploration & Production,Logistics,Rhourde Nouss,Block 1,Equipment-458,EQ-00458,fugitive,,2804.52,,2023,9
Refining,Drilling,Illizi,Field B,Equipment-459,EQ-00459,combustion,Natural Gas,3283.6,scf,2022,3
Refining,Logistics,Berkine,Field A,Equipment-460,EQ-00460,flaring,,9749.38,,2022,1
Refining,Production,Hassi Messaoud,Area X,Equipment-461,EQ-00461,combustion,,6486.45,,2025,12
Transportation,Drilling,Hassi Messaoud,Area Y,Equipment-462,EQ-00462,drilling,,8423.61,,2023,3
Refining,Logistics,Adrar,Area X,Equipment-463,EQ-00463,drilling,,181.72,,2023,3
Refining,Logistics,Adrar,Area X,Equipment-464,EQ-00464,venting,,5633.81,,2022,3
Marketing,Operations,Illizi,Area X,Equipment-465,EQ-00465,venting,,2725.66,,2024,6
Marketing,Drilling,Berkine,Area Y,Equipment-466,EQ-00466,drilling,,2367.29,,2022,10
Refining,Drilling,In Salah,Block 2,Equipment-467,EQ-00467,venting,,2223.05,,2024,5
Transportation,Operations,Berkine,Area X,Equipment-468,EQ-00468,venting,,5581.51,,2023,7
Transportation,Drilling,In Salah,Field B,Equipment-469,EQ-00469,fugitive,,4440.36,,2024,5
Exploration & Production,Logistics,Illizi,Block 2,Equipment-470,EQ-00470,combustion,,8773.82,,2024,4
Refining,Drilling,Adrar,Block 2,Equipment-471,EQ-00471,combustion,,5322.96,,2024,1
Transportation,Drilling,Adrar,Field A,Equipment-472,EQ-00472,venting,,147.96,,2022,3
Refining,Logistics,Hassi Messaoud,Block 1,Equipment-473,EQ-00473,fugitive,,341.01,,2022,10
Marketing,Logistics,Rhourde Nouss,Block 1,Equipment-474,EQ-00474,flaring,Diesel,5490.37,gal,2023,6
Exploration & Production,Production,Hassi R'Mel,Area Y,Equipment-475,EQ-00475,drilling,,7789.09,,2025,7
Exploration & Production,Drilling,Hassi Messaoud,Block 2,Equipment-476,EQ-00476,venting,,2242.37,,2025,8
Marketing,Operations,Adrar,Area X,Equipment-477,EQ-00477,venting,,7687.66,,2022,12
Refining,Logistics,Rhourde Nouss,Block 1,Equipment-478,EQ-00478,flaring,Diesel,7158.79,gal,2025,9
Exploration & Production,Logistics,In Salah,Field A,Equipment-479,EQ-00479,venting,,2042.27,,2023,8
Exploration & Production,Production,Illizi,Block 1,Equipment-480,EQ-00480,drilling,,9606.31,,2025,12
Exploration & Production,Operations,Illizi,Field B,Equipment-481,EQ-00481,fugitive,,5121.01,,2025,5
Marketing,Production,Hassi Messaoud,Block 1,Equipment-482,EQ-00482,fugitive,,2643.93,,2023,11
Transportation,Logistics,Adrar,Area Y,Equipment-483,EQ-00483,flaring,Propane,2042.94,gal,2023,3
Transportation,Operations,In Salah,Area Y,Equipment-484,EQ-00484,fugitive,,4120.8,,2024,2
Marketing,Production,Illizi,Area Y,Equipment-485,EQ-00485,fugitive,,1507.24,,2022,9
Refining,Production,Illizi,Area Y,Equipment-486,EQ-00486,fugitive,,4316.34,,2022,6
Exploration & Production,Operations,Illizi,Field B,Equipment-487,EQ-00487,drilling,,7334.74,,2025,12
Transportation,Drilling,Adrar,Block 1,Equipment-488,EQ-00488,flaring,Propane,8024.44,gal,2025,4
Refining,Operations,Adrar,Block 2,Equipment-489,EQ-00489,flaring,Diesel,110.87,gal,2022,8
Refining,Logistics,Hassi Messaoud,Area X,Equipment-490,EQ-00490,flaring,Propane,2027.82,gal,2025,5
Transportation,Production,Hassi R'Mel,Area Y,Equipment-491,EQ-00491,fugitive,,46.97,,2025,10
Exploration & Production,Production,Adrar,Block 2,Equipment-492,EQ-00492,combustion,Fuel Gas,8487.77,gal,2022,10
Marketing,Operations,Hassi R'Mel,Area Y,Equipment-493,EQ-00493,venting,,566.69,,2025,12
Exploration & Production,Production,Berkine,Area Y,Equipment-494,EQ-00494,venting,,5938.72,,2024,11
Marketing,Production,Berkine,Block 1,Equipment-495,EQ-00495,flaring,Natural Gas,8351.37,scf,2024,12
Exploration & Production,Operations,In Salah,Area Y,Equipment-496,EQ-00496,combustion,,8307.3,,2025,8
Marketing,Drilling,Illizi,Block 1,Equipment-497,EQ-00497,combustion,Natural Gas,5251.48,scf,2024,5
Marketing,Logistics,Illizi,Block 1,Equipment-498,EQ-00498,venting,,5514.89,,2023,5
Exploration & Production,Logistics,In Salah,Block 2,Equipment-499,EQ-00499,flaring,,3090.07,,2024,6
Exploration & Production,Operations,Adrar,Area Y,Equipment-500,EQ-00500,drilling,,5537.8,,2024,6
Transportation,Drilling,In Salah,Block 2,Equipment-501,EQ-00501,combustion,,9138.88,,2025,5
Refining,Operations,Illizi,Field B,Equipment-502,EQ-00502,fugitive,,9751.73,,2025,3
Exploration & Production,Production,Rhourde Nouss,Field A,Equipment-503,EQ-00503,drilling,,9823.53,,2024,4
Exploration & Production,Logistics,Illizi,Field A,Equipment-504,EQ-00504,venting,,9939.82,,2025,2
Refining,Production,Adrar,Field B,Equipment-505,EQ-00505,venting,,745.63,,2025,8
Exploration & Production,Production,In Salah,Area Y,Equipment-506,EQ-00506,venting,,3225.57,,2023,5
Transportation,Production,Rhourde Nouss,Block 2,Equipment-507,EQ-00507,flaring,Diesel,8996.95,gal,2024,10
Transportation,Drilling,Adrar,Block 2,Equipment-508,EQ-00508,flaring,Natural Gas,5479.31,scf,2023,9
Marketing,Logistics,Berkine,Area X,Equipment-509,EQ-00509,fugitive,,9017.81,,2025,9
Marketing,Production,Adrar,Field B,Equipment-510,EQ-00510,venting,,9739.83,,2022,5
Refining,Operations,Berkine,Block 2,Equipment-511,EQ-00511,flaring,Natural Gas,2771.55,scf,2025,2
Exploration & Production,Operations,Berkine,Block 2,Equipment-512,EQ-00512,fugitive,,542.13,,2022,6
Marketing,Operations,Berkine,Area X,Equipment-513,EQ-00513,combustion,Diesel,4469.16,gal,2022,5
Refining,Logistics,Illizi,Area X,Equipment-514,EQ-00514,fugitive,,1437.92,,2025,5
Refining,Logistics,Hassi Messaoud,Block 1,Equipment-515,EQ-00515,drilling,,9734.15,,2022,6
Refining,Production,Adrar,Field B,Equipment-516,EQ-00516,combustion,Natural Gas,292.03,scf,2025,2
Exploration & Production,Logistics,Berkine,Block 2,Equipment-517,EQ-00517,flaring,Propane,7184.18,gal,2023,8
Transportation,Production,Hassi Messaoud,Area Y,Equipment-518,EQ-00518,venting,,7745.95,,2023,7
Refining,Production,Hassi Messaoud,Field B,Equipment-519,EQ-00519,flaring,Propane,3768.4,gal,2023,10
Refining,Drilling,Adrar,Field B,Equipment-520,EQ-00520,fugitive,,5251.77,,2024,5
Transportation,Operations,Illizi,Block 1,Equipment-521,EQ-00521,flaring,Propane,2740.55,gal,2025,12
Refining,Logistics,Hassi R'Mel,Block 2,Equipment-522,EQ-00522,flaring,Diesel,7632.74,gal,2025,8
Marketing,Drilling,Adrar,Block 2,Equipment-523,EQ-00523,combustion,Diesel,9900.64,gal,2024,2
Transportation,Drilling,Illizi,Area X,Equipment-524,EQ-00524,flaring,,8419.14,,2022,1
Marketing,Operations,Berkine,Block 1,Equipment-525,EQ-00525,flaring,,8359.57,,2022,5
Exploration & Production,Production,Adrar,Area Y,Equipment-526,EQ-00526,drilling,,2735.9,,2024,7
Refining,Operations,Adrar,Area Y,Equipment-527,EQ-00527,flaring,,5044.66,,2022,11
Refining,Drilling,Hassi Messaoud,Area Y,Equipment-528,EQ-00528,drilling,,2974.15,,2022,1
Transportation,Logistics,Illizi,Area Y,Equipment-529,EQ-00529,combustion,Diesel,709.36,gal,2025,10
Exploration & Production,Logistics,Illizi,Area Y,Equipment-530,EQ-00530,fugitive,,4464.63,,2022,8
Marketing,Operations,Hassi Messaoud,Area Y,Equipment-531,EQ-00531,drilling,,3190.14,,2025,8
Refining,Operations,Illizi,Area Y,Equipment-532,EQ-00532,venting,,1400.79,,2023,4
Transportation,Production,Berkine,Area X,Equipment-533,EQ-00533,combustion,Diesel,7917.38,gal,2025,1
Marketing,Production,Illizi,Area X,Equipment-534,EQ-00534,combustion,Natural Gas,9814.33,scf,2022,8
Exploration & Production,Operations,In Salah,Field A,Equipment-535,EQ-00535,combustion,Fuel Gas,1488.45,gal,2025,8
Exploration & Production,Logistics,Hassi Messaoud,Area Y,Equipment-536,EQ-00536,combustion,Fuel Gas,5017.76,gal,2025,6
Exploration & Production,Production,Rhourde Nouss,Block 2,Equipment-537,EQ-00537,drilling,,4846.0,,2023,3
Transportation,Operations,Adrar,Block 2,Equipment-538,EQ-00538,fugitive,,146.68,,2022,6
Refining,Logistics,Rhourde Nouss,Field A,Equipment-539,EQ-00539,drilling,,322.06,,2022,2
Refining,Logistics,In Salah,Block 2,Equipment-540,EQ-00540,fugitive,,7908.96,,2025,11
Refining,Logistics,Hassi Messaoud,Area Y,Equipment-541,EQ-00541,flaring,Diesel,5915.73,gal,2023,1
Transportation,Drilling,In Salah,Area X,Equipment-542,EQ-00542,flaring,Fuel Gas,9067.06,gal,2023,1
Transportation,Production,Rhourde Nouss,Field A,Equipment-543,EQ-00543,fugitive,,7491.99,,2025,4
Transportation,Operations,Hassi Messaoud,Block 2,Equipment-544,EQ-00544,combustion,Propane,8447.63,gal,2024,3
Transportation,Logistics,Adrar,Field A,Equipment-545,EQ-00545,flaring,Fuel Gas,5223.79,gal,2023,5
Refining,Production,Berkine,Field B,Equipment-546,EQ-00546,venting,,2581.78,,2023,8
Exploration & Production,Production,Adrar,Field A,Equipment-547,EQ-00547,drilling,,5545.71,,2023,6
Refining,Operations,In Salah,Block 1,Equipment-548,EQ-00548,fugitive,,7882.82,,2024,1
Refining,Production,In Salah,Area X,Equipment-549,EQ-00549,flaring,,1311.44,,2025,6
Marketing,Operations,Hassi R'Mel,Area Y,Equipment-550,EQ-00550,venting,,2686.88,,2023,3
Transportation,Logistics,Hassi R'Mel,Area X,Equipment-551,EQ-00551,flaring,Fuel Gas,1671.28,gal,2023,7
Exploration & Production,Drilling,Hassi Messaoud,Area Y,Equipment-552,EQ-00552,drilling,,2164.78,,2024,12
Refining,Production,Rhourde Nouss,Area X,Equipment-553,EQ-00553,fugitive,,7303.48,,2025,6
Exploration & Production,Drilling,Hassi Messaoud,Field A,Equipment-554,EQ-00554,drilling,,4961.29,,2024,5
Refining,Drilling,Adrar,Area X,Equipment-555,EQ-00555,fugitive,,5179.94,,2025,10
Exploration & Production,Production,Illizi,Area Y,Equipment-556,EQ-00556,fugitive,,1391.45,,2022,1
Refining,Logistics,Hassi Messaoud,Area X,Equipment-557,EQ-00557,venting,,903.88,,2022,12
Exploration & Production,Operations,Hassi R'Mel,Field A,Equipment-558,EQ-00558,drilling,,1057.9,,2022,1
Transportation,Logistics,Berkine,Area X,Equipment-559,EQ-00559,venting,,734.75,,2023,8
Exploration & Production,Drilling,Berkine,Field B,Equipment-560,EQ-00560,flaring,Diesel,4605.02,gal,2022,11
Transportation,Drilling,Berkine,Field B,Equipment-561,EQ-00561,venting,,6296.17,,2025,7
Exploration & Production,Production,Rhourde Nouss,Area Y,Equipment-562,EQ-00562,combustion,Propane,6865.65,gal,2025,1
Refining,Drilling,Hassi R'Mel,Area X,Equipment-563,EQ-00563,flaring,Diesel,9823.75,gal,2023,4
Marketing,Operations,Berkine,Area Y,Equipment-564,EQ-00564,drilling,,883.25,,2025,1
Exploration & Production,Production,Hassi R'Mel,Field A,Equipment-565,EQ-00565,drilling,,7805.92,,2024,9
Transportation,Drilling,Rhourde Nouss,Area X,Equipment-566,EQ-00566,drilling,,2346.2,,2024,10
Marketing,Logistics,Berkine,Block 1,Equipment-567,EQ-00567,drilling,,8377.13,,2025,5
Exploration & Production,Logistics,Adrar,Field B,Equipment-568,EQ-00568,drilling,,5844.18,,2024,7
Transportation,Drilling,Berkine,Area Y,Equipment-569,EQ-00569,venting,,7706.97,,2022,4
Exploration & Production,Operations,Rhourde Nouss,Area X,Equipment-570,EQ-00570,venting,,8609.49,,2022,8
Marketing,Operations,Illizi,Area Y,Equipment-571,EQ-00571,fugitive,,3457.64,,2022,9
Refining,Logistics,Hassi Messaoud,Field A,Equipment-572,EQ-00572,flaring,Fuel Gas,8378.78,gal,2023,7
Refining,Logistics,Adrar,Area X,Equipment-573,EQ-00573,flaring,,1520.1,,2022,5
Marketing,Drilling,Adrar,Field A,Equipment-574,EQ-00574,flaring,,8749.23,,2025,12
Refining,Drilling,Adrar,Field B,Equipment-575,EQ-00575,drilling,,2371.04,,2022,12
Refining,Logistics,In Salah,Area Y,Equipment-576,EQ-00576,combustion,,5127.99,,2024,6
Refining,Production,Rhourde Nouss,Block 1,Equipment-577,EQ-00577,combustion,Natural Gas,2782.08,scf,2025,8
Refining,Production,Adrar,Field B,Equipment-578,EQ-00578,venting,,6370.17,,2022,6
Exploration & Production,Production,In Salah,Area Y,Equipment-579,EQ-00579,combustion,Propane,551.05,gal,2023,12
Marketing,Drilling,In Salah,Area X,Equipment-580,EQ-00580,fugitive,,3359.61,,2024,3
Marketing,Operations,Illizi,Area X,Equipment-581,EQ-00581,drilling,,2248.35,,2023,12
Marketing,Production,In Salah,Block 1,Equipment-582,EQ-00582,drilling,,8354.26,,2022,2
Refining,Production,Illizi,Field A,Equipment-583,EQ-00583,drilling,,6565.47,,2024,11
Marketing,Production,Adrar,Area Y,Equipment-584,EQ-00584,venting,,4399.76,,2023,1
Transportation,Production,In Salah,Field B,Equipment-585,EQ-00585,flaring,Fuel Gas,8661.17,gal,2024,10
Exploration & Production,Drilling,Rhourde Nouss,Field B,Equipment-586,EQ-00586,combustion,Natural Gas,389.32,scf,2024,1
Refining,Production,Adrar,Field B,Equipment-587,EQ-00587,combustion,Propane,4238.34,gal,2023,6
Refining,Production,Adrar,Field A,Equipment-588,EQ-00588,fugitive,,5688.27,,2024,2
Refining,Drilling,Illizi,Field A,Equipment-589,EQ-00589,combustion,Fuel Gas,9791.81,gal,2023,4
Exploration & Production,Operations,Berkine,Field B,Equipment-590,EQ-00590,drilling,,8356.71,,2022,10
Marketing,Operations,Berkine,Block 1,Equipment-591,EQ-00591,venting,,8351.86,,2025,9
Transportation,Operations,Illizi,Area X,Equipment-592,EQ-00592,combustion,Fuel Gas,6786.59,gal,2025,11
Refining,Drilling,Hassi R'Mel,Field A,Equipment-593,EQ-00593,venting,,5582.33,,2024,7
Marketing,Logistics,Adrar,Block 2,Equipment-594,EQ-00594,venting,,7114.17,,2023,12
Exploration & Production,Production,Berkine,Block 1,Equipment-595,EQ-00595,fugitive,,7607.93,,2025,11
Exploration & Production,Drilling,Rhourde Nouss,Block 1,Equipment-596,EQ-00596,flaring,Fuel Gas,4680.4,gal,2023,6
Marketing,Drilling,Hassi Messaoud,Area X,Equipment-597,EQ-00597,flaring,Fuel Gas,6603.78,gal,2024,9
Transportation,Operations,Hassi R'Mel,Area Y,Equipment-598,EQ-00598,drilling,,3580.77,,2024,9
Exploration & Production,Operations,Hassi R'Mel,Area X,Equipment-599,EQ-00599,venting,,1807.75,,2022,1
Exploration & Production,Operations,Hassi R'Mel,Field B,Equipment-600,EQ-00600,combustion,Propane,3279.84,gal,2024,11
Refining,Production,Adrar,Area Y,Equipment-601,EQ-00601,drilling,,5710.75,,2024,10
Exploration & Production,Operations,Hassi R'Mel,Area X,Equipment-602,EQ-00602,venting,,4145.14,,2022,2
Exploration & Production,Logistics,Adrar,Area Y,Equipment-603,EQ-00603,flaring,Fuel Gas,8408.16,gal,2025,7
Refining,Drilling,Adrar,Field A,Equipment-604,EQ-00604,fugitive,,33.16,,2023,12
Transportation,Operations,Berkine,Field A,Equipment-605,EQ-00605,drilling,,5140.93,,2025,10
Exploration & Production,Drilling,Hassi R'Mel,Area X,Equipment-606,EQ-00606,venting,,2484.63,,2022,1
Transportation,Drilling,Adrar,Block 1,Equipment-607,EQ-00607,fugitive,,8135.37,,2025,6
Exploration & Production,Drilling,Hassi Messaoud,Block 1,Equipment-608,EQ-00608,flaring,Propane,9486.58,gal,2024,6
Refining,Logistics,Rhourde Nouss,Block 2,Equipment-609,EQ-00609,venting,,1858.09,,2022,6
Exploration & Production,Production,Hassi R'Mel,Field A,Equipment-610,EQ-00610,flaring,,3675.44,,2025,8
Marketing,Drilling,Adrar,Area Y,Equipment-611,EQ-00611,combustion,Fuel Gas,4988.91,gal,2023,4
Refining,Drilling,Hassi Messaoud,Area Y,Equipment-612,EQ-00612,combustion,,3996.81,,2025,3
Refining,Drilling,Rhourde Nouss,Area X,Equipment-613,EQ-00613,drilling,,713.86,,2022,11
Exploration & Production,Production,Hassi R'Mel,Block 2,Equipment-614,EQ-00614,combustion,,7356.51,,2025,2
Exploration & Production,Logistics,Illizi,Area Y,Equipment-615,EQ-00615,venting,,7953.31,,2024,4
Exploration & Production,Drilling,Hassi Messaoud,Block 1,Equipment-616,EQ-00616,combustion,Fuel Gas,9032.45,gal,2025,1
Transportation,Operations,In Salah,Field A,Equipment-617,EQ-00617,drilling,,4465.19,,2022,7
Marketing,Drilling,In Salah,Field A,Equipment-618,EQ-00618,venting,,7630.41,,2025,2
Marketing,Production,Hassi Messaoud,Field B,Equipment-619,EQ-00619,venting,,6368.39,,2024,9
Refining,Production,Hassi R'Mel,Field A,Equipment-620,EQ-00620,venting,,2282.05,,2023,3
Refining,Logistics,Berkine,Field B,Equipment-621,EQ-00621,venting,,699.69,,2025,6
Refining,Production,Hassi Messaoud,Field A,Equipment-622,EQ-00622,flaring,Fuel Gas,5580.66,gal,2025,4
Transportation,Operations,Rhourde Nouss,Field A,Equipment-623,EQ-00623,flaring,Fuel Gas,6245.85,gal,2023,4
Marketing,Production,Hassi R'Mel,Block 2,Equipment-624,EQ-00624,combustion,Natural Gas,352.22,scf,2022,7
Refining,Drilling,In Salah,Field B,Equipment-625,EQ-00625,fugitive,,7425.9,,2022,5
Marketing,Operations,Hassi Messaoud,Field B,Equipment-626,EQ-00626,flaring,,7001.0,,2022,2
Exploration & Production,Drilling,Adrar,Block 1,Equipment-627,EQ-00627,drilling,,2111.9,,2022,10
Exploration & Production,Drilling,Berkine,Area X,Equipment-628,EQ-00628,flaring,Diesel,6747.07,gal,2024,12
Exploration & Production,Drilling,In Salah,Area X,Equipment-629,EQ-00629,drilling,,4186.23,,2025,12
Transportation,Operations,Adrar,Field A,Equipment-630,EQ-00630,drilling,,6749.77,,2024,8
Exploration & Production,Production,Hassi Messaoud,Area Y,Equipment-631,EQ-00631,combustion,Diesel,9365.04,gal,2022,5
Marketing,Production,Adrar,Block 2,Equipment-632,EQ-00632,flaring,Propane,6522.0,gal,2022,7
Transportation,Drilling,Adrar,Area Y,Equipment-633,EQ-00633,drilling,,849.59,,2025,6
Marketing,Drilling,Illizi,Field A,Equipment-634,EQ-00634,fugitive,,2210.04,,2023,2
Transportation,Logistics,Hassi R'Mel,Area Y,Equipment-635,EQ-00635,venting,,1451.22,,2023,1
Transportation,Production,Berkine,Field A,Equipment-636,EQ-00636,fugitive,,6474.33,,2025,7
Refining,Drilling,In Salah,Area Y,Equipment-637,EQ-00637,drilling,,9293.0,,2022,3
Exploration & Production,Operations,Hassi R'Mel,Block 1,Equipment-638,EQ-00638,fugitive,,3634.45,,2025,1
Marketing,Drilling,Rhourde Nouss,Block 2,Equipment-639,EQ-00639,drilling,,8190.35,,2025,2
Exploration & Production,Logistics,Hassi Messaoud,Block 1,Equipment-640,EQ-00640,drilling,,2790.44,,2023,5
Refining,Operations,Illizi,Area X,Equipment-641,EQ-00641,venting,,1142.2,,2025,2
Refining,Operations,Hassi R'Mel,Area Y,Equipment-642,EQ-00642,venting,,6611.37,,2023,6
Refining,Operations,Illizi,Field A,Equipment-643,EQ-00643,drilling,,3725.39,,2022,7
Exploration & Production,Logistics,In Salah,Field B,Equipment-644,EQ-00644,drilling,,7268.47,,2022,1
Transportation,Operations,In Salah,Area X,Equipment-645,EQ-00645,fugitive,,1474.19,,2024,7
Marketing,Drilling,In Salah,Field A,Equipment-646,EQ-00646,venting,,7369.65,,2022,9
Exploration & Production,Logistics,In Salah,Block 1,Equipment-647,EQ-00647,combustion,,3791.75,,2025,9
Marketing,Production,Rhourde Nouss,Area Y,Equipment-648,EQ-00648,flaring,Fuel Gas,5869.39,gal,2024,3
Exploration & Production,Drilling,Hassi R'Mel,Area X,Equipment-649,EQ-00649,combustion,Propane,9813.77,gal,2023,4
Exploration & Production,Logistics,In Salah,Field B,Equipment-650,EQ-00650,venting,,3925.45,,2023,6
Refining,Logistics,Berkine,Block 1,Equipment-651,EQ-00651,combustion,Diesel,7154.36,gal,2024,3
Transportation,Drilling,Hassi Messaoud,Area Y,Equipment-652,EQ-00652,venting,,5287.04,,2023,12
Marketing,Logistics,Rhourde Nouss,Field A,Equipment-653,EQ-00653,flaring,Fuel Gas,1685.17,gal,2023,1
Exploration & Production,Production,Adrar,Block 1,Equipment-654,EQ-00654,fugitive,,8815.8,,2022,6
Exploration & Production,Logistics,Adrar,Area Y,Equipment-655,EQ-00655,drilling,,4100.49,,2022,7
Refining,Drilling,Adrar,Field B,Equipment-656,EQ-00656,venting,,3437.05,,2022,7
Exploration & Production,Production,Hassi R'Mel,Area X,Equipment-657,EQ-00657,flaring,Diesel,3296.35,gal,2025,11
Transportation,Operations,Rhourde Nouss,Area Y,Equipment-658,EQ-00658,venting,,4693.12,,2025,10
Refining,Operations,In Salah,Block 2,Equipment-659,EQ-00659,combustion,Natural Gas,451.37,scf,2023,1
Marketing,Production,Hassi R'Mel,Area X,Equipment-660,EQ-00660,flaring,Propane,6070.06,gal,2023,1
Marketing,Operations,Hassi Messaoud,Field A,Equipment-661,EQ-00661,combustion,,9523.62,,2024,10
Refining,Production,Adrar,Block 2,Equipment-662,EQ-00662,drilling,,4849.84,,2025,12
Refining,Operations,Rhourde Nouss,Area Y,Equipment-663,EQ-00663,combustion,,5850.56,,2024,3
Exploration & Production,Drilling,Hassi Messaoud,Area Y,Equipment-664,EQ-00664,venting,,736.58,,2023,5
Refining,Operations,Berkine,Field B,Equipment-665,EQ-00665,drilling,,8968.79,,2025,9
Exploration & Production,Logistics,Hassi Messaoud,Block 2,Equipment-666,EQ-00666,combustion,Propane,3126.19,gal,2025,6
Marketing,Drilling,Hassi Messaoud,Area Y,Equipment-667,EQ-00667,flaring,Diesel,6141.9,gal,2022,10
Refining,Logistics,Rhourde Nouss,Area X,Equipment-668,EQ-00668,fugitive,,3688.53,,2023,4
Exploration & Production,Production,Illizi,Area Y,Equipment-669,EQ-00669,fugitive,,1820.66,,2025,7
Refining,Drilling,Illizi,Field B,Equipment-670,EQ-00670,venting,,4564.23,,2023,12
Exploration & Production,Logistics,Illizi,Block 1,Equipment-671,EQ-00671,combustion,Natural Gas,9754.55,scf,2025,2
Refining,Operations,Hassi R'Mel,Area X,Equipment-672,EQ-00672,fugitive,,9153.38,,2022,12
Exploration & Production,Production,Hassi Messaoud,Field A,Equipment-673,EQ-00673,fugitive,,5716.77,,2023,6
Transportation,Production,In Salah,Field B,Equipment-674,EQ-00674,combustion,,2507.81,,2025,3
Marketing,Drilling,Adrar,Area Y,Equipment-675,EQ-00675,combustion,Natural Gas,7127.15,scf,2023,11
Refining,Logistics,Hassi R'Mel,Area Y,Equipment-676,EQ-00676,combustion,,5927.31,,2023,6
Transportation,Production,Illizi,Block 2,Equipment-677,EQ-00677,drilling,,170.3,,2024,6
Transportation,Drilling,Illizi,Area Y,Equipment-678,EQ-00678,combustion,Natural Gas,3923.09,scf,2025,8
Marketing,Drilling,Hassi Messaoud,Field B,Equipment-679,EQ-00679,venting,,2266.89,,2024,12
Refining,Logistics,Hassi R'Mel,Field A,Equipment-680,EQ-00680,combustion,Natural Gas,3801.2,scf,2022,2
Marketing,Logistics,Hassi Messaoud,Block 1,Equipment-681,EQ-00681,drilling,,5594.53,,2022,3
Marketing,Production,Adrar,Field A,Equipment-682,EQ-00682,combustion,Natural Gas,2192.37,scf,2024,8
Marketing,Logistics,Hassi Messaoud,Block 2,Equipment-683,EQ-00683,fugitive,,5111.91,,2025,1
Transportation,Operations,Hassi R'Mel,Field B,Equipment-684,EQ-00684,flaring,,1583.59,,2022,4
Exploration & Production,Drilling,Illizi,Area Y,Equipment-685,EQ-00685,combustion,Diesel,2124.08,gal,2025,3
Refining,Drilling,Adrar,Block 2,Equipment-686,EQ-00686,drilling,,2937.4,,2022,7
Transportation,Logistics,Illizi,Field B,Equipment-687,EQ-00687,venting,,6318.1,,2024,5
Marketing,Drilling,Hassi Messaoud,Field A,Equipment-688,EQ-00688,venting,,3591.82,,2025,3
Refining,Drilling,Hassi R'Mel,Area X,Equipment-689,EQ-00689,flaring,,8494.47,,2024,2
Exploration & Production,Production,Illizi,Block 1,Equipment-690,EQ-00690,venting,,6375.96,,2022,11
Exploration & Production,Logistics,In Salah,Area X,Equipment-691,EQ-00691,fugitive,,7909.06,,2023,12
Refining,Production,Hassi Messaoud,Area X,Equipment-692,EQ-00692,drilling,,6835.68,,2024,1
Exploration & Production,Operations,Rhourde Nouss,Area Y,Equipment-693,EQ-00693,flaring,,7919.32,,2025,2
Marketing,Production,Rhourde Nouss,Area X,Equipment-694,EQ-00694,fugitive,,5040.44,,2025,6
Refining,Operations,Hassi Messaoud,Block 2,Equipment-695,EQ-00695,drilling,,19.24,,2023,4
Transportation,Drilling,Rhourde Nouss,Field A,Equipment-696,EQ-00696,combustion,Natural Gas,8865.02,scf,2023,9
Transportation,Operations,Hassi R'Mel,Block 1,Equipment-697,EQ-00697,fugitive,,402.78,,2025,5
Exploration & Production,Production,Hassi Messaoud,Block 1,Equipment-698,EQ-00698,combustion,Diesel,9135.51,gal,2024,6
Refining,Production,Berkine,Block 2,Equipment-699,EQ-00699,flaring,Diesel,6660.56,gal,2022,9
Refining,Logistics,In Salah,Block 2,Equipment-700,EQ-00700,venting,,1073.95,,2024,11
Marketing,Production,Hassi R'Mel,Area X,Equipment-701,EQ-00701,drilling,,3919.76,,2024,3
Marketing,Drilling,Berkine,Field A,Equipment-702,EQ-00702,combustion,Propane,236.7,gal,2025,9
Transportation,Operations,Rhourde Nouss,Field A,Equipment-703,EQ-00703,venting,,6205.35,,2025,3
Exploration & Production,Logistics,Adrar,Area Y,Equipment-704,EQ-00704,drilling,,6729.81,,2022,2
Exploration & Production,Operations,Illizi,Block 1,Equipment-705,EQ-00705,venting,,2048.05,,2025,12
Refining,Operations,Berkine,Field B,Equipment-706,EQ-00706,drilling,,2305.03,,2024,5
Exploration & Production,Drilling,Illizi,Area X,Equipment-707,EQ-00707,combustion,Diesel,212.48,gal,2023,10
Transportation,Production,Adrar,Field B,Equipment-708,EQ-00708,fugitive,,5870.02,,2023,2
Transportation,Operations,Illizi,Area X,Equipment-709,EQ-00709,combustion,,7460.94,,2025,12
Transportation,Production,Berkine,Block 1,Equipment-710,EQ-00710,flaring,Propane,1884.07,gal,2022,7
Marketing,Operations,Berkine,Block 1,Equipment-711,EQ-00711,drilling,,8093.59,,2025,12
Transportation,Drilling,Rhourde Nouss,Field A,Equipment-712,EQ-00712,drilling,,8603.52,,2024,1
Refining,Logistics,Berkine,Area Y,Equipment-713,EQ-00713,combustion,,2269.29,,2023,4
Refining,Logistics,Hassi R'Mel,Block 1,Equipment-714,EQ-00714,venting,,795.28,,2024,2
Exploration & Production,Logistics,Berkine,Area Y,Equipment-715,EQ-00715,drilling,,7893.02,,2025,7
Exploration & Production,Operations,Hassi Messaoud,Field A,Equipment-716,EQ-00716,combustion,Propane,7355.9,gal,2025,5
Refining,Operations,Adrar,Area X,Equipment-717,EQ-00717,venting,,5554.54,,2023,11
Marketing,Drilling,Hassi Messaoud,Block 1,Equipment-718,EQ-00718,combustion,Diesel,9134.72,gal,2022,2
Transportation,Logistics,Berkine,Block 2,Equipment-719,EQ-00719,drilling,,2256.46,,2023,7
Transportation,Drilling,Berkine,Block 1,Equipment-720,EQ-00720,combustion,,3034.65,,2024,7
Exploration & Production,Drilling,Rhourde Nouss,Block 2,Equipment-721,EQ-00721,fugitive,,4079.8,,2023,9
Transportation,Drilling,Adrar,Block 2,Equipment-722,EQ-00722,flaring,Diesel,5106.87,gal,2024,12
Refining,Operations,Rhourde Nouss,Area Y,Equipment-723,EQ-00723,combustion,Fuel Gas,200.78,gal,2024,4
Exploration & Production,Logistics,Hassi Messaoud,Area X,Equipment-724,EQ-00724,venting,,2562.66,,2023,6
Exploration & Production,Logistics,Adrar,Field B,Equipment-725,EQ-00725,flaring,Diesel,5879.61,gal,2023,9
Marketing,Drilling,Hassi Messaoud,Block 1,Equipment-726,EQ-00726,fugitive,,4527.11,,2023,5
Exploration & Production,Operations,Illizi,Area X,Equipment-727,EQ-00727,flaring,Diesel,8076.28,gal,2023,11
Exploration & Production,Drilling,In Salah,Field B,Equipment-728,EQ-00728,drilling,,4818.98,,2025,10
Refining,Drilling,Hassi R'Mel,Area Y,Equipment-729,EQ-00729,venting,,2462.26,,2023,8
Marketing,Drilling,In Salah,Block 2,Equipment-730,EQ-00730,flaring,,5103.62,,2023,8
Marketing,Operations,Rhourde Nouss,Area X,Equipment-731,EQ-00731,combustion,Fuel Gas,2330.25,gal,2025,12
Refining,Operations,Adrar,Field B,Equipment-732,EQ-00732,drilling,,2766.88,,2022,6
Refining,Operations,Hassi Messaoud,Area X,Equipment-733,EQ-00733,combustion,Propane,7180.23,gal,2025,8
Marketing,Logistics,Berkine,Field A,Equipment-734,EQ-00734,flaring,Natural Gas,5009.01,scf,2024,8
Refining,Production,Hassi R'Mel,Block 2,Equipment-735,EQ-00735,drilling,,6303.05,,2023,10
Refining,Drilling,Adrar,Field B,Equipment-736,EQ-00736,flaring,,3974.73,,2025,8
Marketing,Production,Rhourde Nouss,Area Y,Equipment-737,EQ-00737,fugitive,,9221.55,,2023,5
Marketing,Operations,Hassi Messaoud,Field A,Equipment-738,EQ-00738,drilling,,9658.27,,2025,1
Exploration & Production,Production,Hassi R'Mel,Block 2,Equipment-739,EQ-00739,fugitive,,1434.56,,2024,5
Marketing,Logistics,Rhourde Nouss,Block 2,Equipment-740,EQ-00740,venting,,6876.62,,2023,10
Transportation,Operations,Berkine,Field A,Equipment-741,EQ-00741,fugitive,,6472.83,,2025,4
Marketing,Operations,Hassi Messaoud,Block 2,Equipment-742,EQ-00742,drilling,,6313.75,,2023,9
Exploration & Production,Production,Hassi Messaoud,Area X,Equipment-743,EQ-00743,venting,,1198.14,,2025,9
Marketing,Drilling,Adrar,Area Y,Equipment-744,EQ-00744,combustion,,9336.54,,2023,4
Exploration & Production,Production,Hassi Messaoud,Block 1,Equipment-745,EQ-00745,venting,,7783.86,,2025,8
Refining,Operations,Rhourde Nouss,Block 2,Equipment-746,EQ-00746,venting,,6847.83,,2025,2
Transportation,Production,In Salah,Field B,Equipment-747,EQ-00747,combustion,Propane,3301.35,gal,2024,11
Refining,Production,Rhourde Nouss,Area Y,Equipment-748,EQ-00748,combustion,Natural Gas,5238.07,scf,2024,6
Refining,Logistics,Rhourde Nouss,Area X,Equipment-749,EQ-00749,venting,,3498.11,,2022,10
Marketing,Drilling,Hassi R'Mel,Field B,Equipment-750,EQ-00750,combustion,,8404.66,,2022,5
Transportation,Logistics,Adrar,Area Y,Equipment-751,EQ-00751,combustion,Natural Gas,3306.44,scf,2023,5
Transportation,Production,Berkine,Block 1,Equipment-752,EQ-00752,drilling,,2724.72,,2025,1
Exploration & Production,Operations,Adrar,Block 2,Equipment-753,EQ-00753,drilling,,4419.84,,2023,10
Exploration & Production,Logistics,Hassi R'Mel,Area X,Equipment-754,EQ-00754,combustion,Natural Gas,1568.53,scf,2023,9
Exploration & Production,Production,Berkine,Field B,Equipment-755,EQ-00755,drilling,,7090.27,,2023,10
Transportation,Drilling,Hassi R'Mel,Block 2,Equipment-756,EQ-00756,drilling,,9427.96,,2023,7
Exploration & Production,Logistics,Hassi Messaoud,Area Y,Equipment-757,EQ-00757,flaring,Natural Gas,129.75,scf,2024,11
Refining,Drilling,In Salah,Block 1,Equipment-758,EQ-00758,fugitive,,3696.63,,2022,6
Exploration & Production,Logistics,Hassi R'Mel,Field B,Equipment-759,EQ-00759,fugitive,,5803.08,,2024,1
Exploration & Production,Operations,Adrar,Block 2,Equipment-760,EQ-00760,flaring,Fuel Gas,7633.53,gal,2025,10
Exploration & Production,Production,In Salah,Area Y,Equipment-761,EQ-00761,flaring,Natural Gas,2096.55,scf,2023,7
Exploration & Production,Production,In Salah,Area X,Equipment-762,EQ-00762,flaring,Diesel,8989.2,gal,2025,8
Refining,Production,Illizi,Field B,Equipment-763,EQ-00763,flaring,Propane,4847.25,gal,2025,3
Transportation,Drilling,Illizi,Area X,Equipment-764,EQ-00764,drilling,,8019.23,,2024,5
Refining,Operations,In Salah,Area X,Equipment-765,EQ-00765,venting,,4520.13,,2025,5
Refining,Production,Adrar,Field B,Equipment-766,EQ-00766,flaring,Natural Gas,1050.72,scf,2023,8
Transportation,Drilling,Hassi R'Mel,Field A,Equipment-767,EQ-00767,fugitive,,7497.22,,2023,7
Refining,Logistics,Rhourde Nouss,Block 1,Equipment-768,EQ-00768,venting,,5040.1,,2023,6
Transportation,Production,Berkine,Field A,Equipment-769,EQ-00769,flaring,Natural Gas,7944.5,scf,2025,10
Refining,Drilling,Hassi Messaoud,Area Y,Equipment-770,EQ-00770,venting,,9890.5,,2022,11
Refining,Drilling,Hassi Messaoud,Block 2,Equipment-771,EQ-00771,venting,,9709.06,,2023,12
Exploration & Production,Drilling,Adrar,Field B,Equipment-772,EQ-00772,drilling,,1961.58,,2022,1
Transportation,Drilling,Berkine,Block 1,Equipment-773,EQ-00773,flaring,,4489.8,,2022,2
Marketing,Production,Hassi R'Mel,Area X,Equipment-774,EQ-00774,combustion,Fuel Gas,4621.24,gal,2023,12
Marketing,Logistics,Rhourde Nouss,Area X,Equipment-775,EQ-00775,flaring,,5227.81,,2023,10
Marketing,Operations,Rhourde Nouss,Block 2,Equipment-776,EQ-00776,venting,,1165.63,,2023,10
Exploration & Production,Production,Adrar,Field A,Equipment-777,EQ-00777,combustion,Propane,2880.66,gal,2022,2
Exploration & Production,Logistics,Hassi R'Mel,Field B,Equipment-778,EQ-00778,flaring,Propane,7144.71,gal,2024,5
Marketing,Production,In Salah,Block 2,Equipment-779,EQ-00779,fugitive,,369.25,,2022,12
Transportation,Logistics,Illizi,Area X,Equipment-780,EQ-00780,combustion,,1805.8,,2024,2
Transportation,Production,Illizi,Area X,Equipment-781,EQ-00781,venting,,5247.31,,2023,5
Exploration & Production,Production,Adrar,Block 1,Equipment-782,EQ-00782,combustion,Natural Gas,8702.1,scf,2022,5
Refining,Operations,Illizi,Field B,Equipment-783,EQ-00783,fugitive,,3050.45,,2025,11
Transportation,Operations,Hassi R'Mel,Area Y,Equipment-784,EQ-00784,flaring,Natural Gas,9356.67,scf,2022,12
Exploration & Production,Operations,In Salah,Block 2,Equipment-785,EQ-00785,combustion,Fuel Gas,6244.92,gal,2024,4
Exploration & Production,Drilling,In Salah,Block 1,Equipment-786,EQ-00786,fugitive,,7610.37,,2024,3
Exploration & Production,Operations,Rhourde Nouss,Block 1,Equipment-787,EQ-00787,flaring,Natural Gas,5788.33,scf,2025,5
Transportation,Production,Berkine,Area X,Equipment-788,EQ-00788,combustion,Fuel Gas,3459.59,gal,2025,6
Refining,Production,Illizi,Area X,Equipment-789,EQ-00789,combustion,Natural Gas,1215.45,scf,2025,9
Refining,Drilling,Hassi R'Mel,Block 2,Equipment-790,EQ-00790,fugitive,,1829.83,,2023,11
Refining,Logistics,Rhourde Nouss,Block 2,Equipment-791,EQ-00791,drilling,,3472.1,,2024,10
Transportation,Operations,Illizi,Block 2,Equipment-792,EQ-00792,venting,,7490.75,,2023,7
Refining,Logistics,Hassi Messaoud,Area Y,Equipment-793,EQ-00793,venting,,2934.48,,2023,11
Refining,Logistics,Hassi Messaoud,Field B,Equipment-794,EQ-00794,drilling,,3338.78,,2022,8
Exploration & Production,Operations,Illizi,Block 2,Equipment-795,EQ-00795,fugitive,,9394.68,,2024,8
Transportation,Logistics,Hassi Messaoud,Block 1,Equipment-796,EQ-00796,flaring,,5208.73,,2022,7
Refining,Production,Adrar,Area X,Equipment-797,EQ-00797,venting,,8170.98,,2023,6
Refining,Logistics,Hassi R'Mel,Area X,Equipment-798,EQ-00798,fugitive,,7810.12,,2025,4
Marketing,Drilling,Illizi,Field B,Equipment-799,EQ-00799,flaring,Diesel,8341.98,gal,2024,3
Exploration & Production,Production,In Salah,Block 2,Equipment-800,EQ-00800,combustion,,7510.53,,2022,12
Marketing,Logistics,Hassi Messaoud,Field A,Equipment-801,EQ-00801,venting,,3590.96,,2023,3
Marketing,Operations,Berkine,Block 1,Equipment-802,EQ-00802,venting,,7423.55,,2024,11
Marketing,Drilling,Rhourde Nouss,Block 2,Equipment-803,EQ-00803,venting,,2418.05,,2023,1
Marketing,Drilling,Hassi Messaoud,Field B,Equipment-804,EQ-00804,fugitive,,4454.3,,2024,9
Transportation,Operations,Adrar,Block 1,Equipment-805,EQ-00805,venting,,9831.22,,2024,5
Transportation,Production,Berkine,Field B,Equipment-806,EQ-00806,combustion,Propane,6068.06,gal,2025,9
Refining,Logistics,Illizi,Area X,Equipment-807,EQ-00807,venting,,8860.51,,2025,1
Transportation,Logistics,Adrar,Block 1,Equipment-808,EQ-00808,fugitive,,8500.75,,2024,4
Marketing,Production,Adrar,Field A,Equipment-809,EQ-00809,flaring,Diesel,9677.45,gal,2025,8
Refining,Operations,Adrar,Area Y,Equipment-810,EQ-00810,venting,,9856.74,,2025,5
Transportation,Operations,Berkine,Area Y,Equipment-811,EQ-00811,drilling,,3684.84,,2024,5
Transportation,Logistics,Adrar,Block 1,Equipment-812,EQ-00812,flaring,,6230.48,,2022,12
Refining,Logistics,Berkine,Field B,Equipment-813,EQ-00813,combustion,Diesel,291.42,gal,2024,3
Transportation,Logistics,Adrar,Area Y,Equipment-814,EQ-00814,venting,,3103.63,,2025,3
Transportation,Operations,In Salah,Field B,Equipment-815,EQ-00815,drilling,,4400.67,,2022,4
Marketing,Drilling,Rhourde Nouss,Field A,Equipment-816,EQ-00816,fugitive,,9488.1,,2023,1
Exploration & Production,Drilling,Hassi R'Mel,Block 2,Equipment-817,EQ-00817,venting,,3732.52,,2022,8
Transportation,Operations,Hassi Messaoud,Field A,Equipment-818,EQ-00818,flaring,Natural Gas,7866.14,scf,2023,6
Marketing,Logistics,Berkine,Area X,Equipment-819,EQ-00819,combustion,Propane,8073.2,gal,2025,5
Exploration & Production,Drilling,Rhourde Nouss,Area X,Equipment-820,EQ-00820,venting,,1960.15,,2024,12
Exploration & Production,Logistics,Hassi Messaoud,Block 2,Equipment-821,EQ-00821,drilling,,8883.8,,2025,11
Refining,Logistics,Illizi,Area X,Equipment-822,EQ-00822,drilling,,5220.31,,2023,11
Transportation,Production,Adrar,Area X,Equipment-823,EQ-00823,combustion,Diesel,3132.66,gal,2023,11
Transportation,Drilling,Illizi,Field B,Equipment-824,EQ-00824,venting,,8254.33,,2025,7
Exploration & Production,Logistics,Adrar,Field A,Equipment-825,EQ-00825,venting,,366.0,,2025,11
Transportation,Operations,Illizi,Block 2,Equipment-826,EQ-00826,drilling,,3375.29,,2022,10
Transportation,Logistics,Illizi,Area X,Equipment-827,EQ-00827,combustion,Propane,5678.29,gal,2022,11
Exploration & Production,Production,In Salah,Area X,Equipment-828,EQ-00828,drilling,,7133.42,,2025,4
Exploration & Production,Operations,In Salah,Field A,Equipment-829,EQ-00829,fugitive,,1667.12,,2022,11
Exploration & Production,Drilling,Hassi Messaoud,Block 2,Equipment-830,EQ-00830,drilling,,857.7,,2022,4
Marketing,Operations,Hassi Messaoud,Area Y,Equipment-831,EQ-00831,drilling,,1633.55,,2023,5
Marketing,Production,Hassi Messaoud,Field A,Equipment-832,EQ-00832,drilling,,5097.31,,2025,10
Exploration & Production,Drilling,In Salah,Block 1,Equipment-833,EQ-00833,combustion,Natural Gas,6490.85,scf,2025,11
Exploration & Production,Operations,Hassi Messaoud,Block 2,Equipment-834,EQ-00834,venting,,1397.97,,2024,1
Marketing,Operations,Illizi,Block 1,Equipment-835,EQ-00835,combustion,,9094.92,,2024,9
Exploration & Production,Logistics,Illizi,Area Y,Equipment-836,EQ-00836,venting,,2390.76,,2022,6
Exploration & Production,Production,In Salah,Block 2,Equipment-837,EQ-00837,drilling,,9162.0,,2025,7
Transportation,Logistics,Illizi,Area X,Equipment-838,EQ-00838,combustion,,1509.51,,2023,7
Transportation,Logistics,Adrar,Area Y,Equipment-839,EQ-00839,fugitive,,5904.64,,2022,1
Exploration & Production,Drilling,Adrar,Block 1,Equipment-840,EQ-00840,drilling,,5516.87,,2023,7
Refining,Production,Hassi Messaoud,Area X,Equipment-841,EQ-00841,fugitive,,2817.15,,2022,11
Exploration & Production,Drilling,Hassi Messaoud,Area Y,Equipment-842,EQ-00842,fugitive,,7108.66,,2023,4
Refining,Production,Berkine,Field A,Equipment-843,EQ-00843,flaring,Fuel Gas,9319.52,gal,2023,6
Exploration & Production,Logistics,Hassi R'Mel,Block 1,Equipment-844,EQ-00844,flaring,Diesel,9688.14,gal,2023,11
Refining,Drilling,Hassi R'Mel,Block 1,Equipment-845,EQ-00845,fugitive,,7952.23,,2024,8
Marketing,Drilling,Berkine,Block 2,Equipment-846,EQ-00846,venting,,295.6,,2023,8
Marketing,Drilling,Adrar,Area Y,Equipment-847,EQ-00847,fugitive,,9928.32,,2022,12
Refining,Production,Rhourde Nouss,Area X,Equipment-848,EQ-00848,flaring,Natural Gas,3534.57,scf,2024,4
Refining,Drilling,Rhourde Nouss,Area Y,Equipment-849,EQ-00849,flaring,Propane,9135.64,gal,2023,8
Refining,Drilling,In Salah,Area Y,Equipment-850,EQ-00850,combustion,Natural Gas,1038.19,scf,2023,9
Marketing,Logistics,Illizi,Block 2,Equipment-851,EQ-00851,drilling,,2651.41,,2024,1
Transportation,Operations,Illizi,Area X,Equipment-852,EQ-00852,flaring,,9936.59,,2023,8
Marketing,Drilling,Berkine,Area X,Equipment-853,EQ-00853,fugitive,,409.03,,2022,4
Refining,Production,Rhourde Nouss,Field B,Equipment-854,EQ-00854,combustion,Propane,5992.35,gal,2022,2
Marketing,Production,Rhourde Nouss,Block 2,Equipment-855,EQ-00855,flaring,Diesel,9034.6,gal,2025,10
Exploration & Production,Operations,In Salah,Area X,Equipment-856,EQ-00856,fugitive,,7313.1,,2023,5
Transportation,Operations,Adrar,Block 2,Equipment-857,EQ-00857,drilling,,2996.62,,2022,4
Refining,Production,Hassi Messaoud,Block 2,Equipment-858,EQ-00858,venting,,2268.71,,2024,4
Marketing,Logistics,Hassi R'Mel,Area X,Equipment-859,EQ-00859,combustion,,1267.29,,2025,4
Transportation,Operations,Hassi R'Mel,Field B,Equipment-860,EQ-00860,drilling,,3018.73,,2024,1
Exploration & Production,Drilling,Rhourde Nouss,Area Y,Equipment-861,EQ-00861,venting,,4702.4,,2023,7
Marketing,Production,In Salah,Field B,Equipment-862,EQ-00862,fugitive,,6171.05,,2025,4
Marketing,Production,Adrar,Area Y,Equipment-863,EQ-00863,drilling,,2643.08,,2022,4
Refining,Operations,Rhourde Nouss,Area Y,Equipment-864,EQ-00864,drilling,,8952.77,,2023,11
Marketing,Logistics,In Salah,Block 1,Equipment-865,EQ-00865,venting,,9165.79,,2022,12
Transportation,Logistics,Rhourde Nouss,Field A,Equipment-866,EQ-00866,fugitive,,4153.68,,2025,2
Refining,Logistics,Adrar,Block 1,Equipment-867,EQ-00867,venting,,7068.12,,2022,2
Marketing,Logistics,Illizi,Field B,Equipment-868,EQ-00868,venting,,5516.93,,2022,3
Marketing,Operations,Adrar,Area X,Equipment-869,EQ-00869,venting,,9856.06,,2024,4
Refining,Operations,Adrar,Field A,Equipment-870,EQ-00870,combustion,Natural Gas,5994.22,scf,2024,1
Transportation,Production,Hassi Messaoud,Area X,Equipment-871,EQ-00871,flaring,Propane,5138.0,gal,2024,8
Marketing,Production,Hassi R'Mel,Field A,Equipment-872,EQ-00872,drilling,,4790.86,,2025,12
Transportation,Logistics,Hassi R'Mel,Block 1,Equipment-873,EQ-00873,venting,,5052.92,,2025,9
Transportation,Operations,Hassi Messaoud,Block 2,Equipment-874,EQ-00874,fugitive,,6604.53,,2023,9
Exploration & Production,Logistics,Hassi Messaoud,Area Y,Equipment-875,EQ-00875,drilling,,5602.41,,2024,1
Marketing,Drilling,In Salah,Area Y,Equipment-876,EQ-00876,drilling,,99.77,,2025,6
Transportation,Logistics,Hassi R'Mel,Area X,Equipment-877,EQ-00877,fugitive,,7044.75,,2024,6
Exploration & Production,Logistics,Hassi Messaoud,Block 2,Equipment-878,EQ-00878,fugitive,,5539.2,,2024,5
Transportation,Logistics,Berkine,Area Y,Equipment-879,EQ-00879,flaring,Fuel Gas,5833.19,gal,2025,11
Transportation,Operations,In Salah,Area Y,Equipment-880,EQ-00880,venting,,2192.73,,2022,5
Marketing,Operations,Hassi Messaoud,Block 1,Equipment-881,EQ-00881,drilling,,5932.36,,2024,4
Marketing,Production,Hassi R'Mel,Field A,Equipment-882,EQ-00882,combustion,,1634.46,,2024,2
Exploration & Production,Drilling,Hassi Messaoud,Area Y,Equipment-883,EQ-00883,drilling,,7722.44,,2022,8
Exploration & Production,Logistics,Illizi,Field B,Equipment-884,EQ-00884,venting,,5320.91,,2024,10
Transportation,Drilling,Hassi Messaoud,Block 1,Equipment-885,EQ-00885,venting,,3146.21,,2025,3
Marketing,Drilling,Illizi,Field A,Equipment-886,EQ-00886,venting,,2587.42,,2023,12
Exploration & Production,Production,Rhourde Nouss,Area X,Equipment-887,EQ-00887,fugitive,,1572.77,,2025,9
Refining,Logistics,In Salah,Field A,Equipment-888,EQ-00888,venting,,9230.58,,2023,8
Marketing,Logistics,Illizi,Block 1,Equipment-889,EQ-00889,drilling,,4122.98,,2023,3
Exploration & Production,Logistics,Hassi Messaoud,Area X,Equipment-890,EQ-00890,venting,,6789.46,,2022,12
Marketing,Drilling,In Salah,Area X,Equipment-891,EQ-00891,venting,,2462.54,,2025,5
Refining,Production,Rhourde Nouss,Area X,Equipment-892,EQ-00892,combustion,Propane,5769.05,gal,2024,3
Exploration & Production,Drilling,Illizi,Area Y,Equipment-893,EQ-00893,fugitive,,845.84,,2025,8
Refining,Operations,Illizi,Area X,Equipment-894,EQ-00894,fugitive,,3418.86,,2025,7
Transportation,Logistics,Illizi,Block 2,Equipment-895,EQ-00895,combustion,Propane,6387.77,gal,2024,9
Marketing,Drilling,Berkine,Block 2,Equipment-896,EQ-00896,venting,,7888.16,,2023,6
Transportation,Operations,Adrar,Field B,Equipment-897,EQ-00897,drilling,,8761.84,,2025,2
Transportation,Operations,Adrar,Field B,Equipment-898,EQ-00898,fugitive,,7863.56,,2024,3
Refining,Operations,Hassi Messaoud,Area Y,Equipment-899,EQ-00899,drilling,,9823.99,,2024,1
Refining,Logistics,In Salah,Block 1,Equipment-900,EQ-00900,drilling,,1698.43,,2023,8
Refining,Production,Hassi Messaoud,Block 1,Equipment-901,EQ-00901,fugitive,,9356.25,,2024,2
Refining,Operations,Illizi,Field A,Equipment-902,EQ-00902,combustion,Natural Gas,8669.1,scf,2023,12
Marketing,Drilling,Hassi Messaoud,Field B,Equipment-903,EQ-00903,combustion,Fuel Gas,7171.99,gal,2023,3
Marketing,Logistics,Illizi,Field A,Equipment-904,EQ-00904,combustion,Natural Gas,5060.23,scf,2023,5
Refining,Operations,Hassi Messaoud,Block 2,Equipment-905,EQ-00905,combustion,,981.81,,2022,2
Transportation,Logistics,Illizi,Field A,Equipment-906,EQ-00906,flaring,Fuel Gas,6921.61,gal,2025,3
Transportation,Logistics,In Salah,Field B,Equipment-907,EQ-00907,drilling,,8010.5,,2025,9
Marketing,Logistics,Illizi,Area Y,Equipment-908,EQ-00908,drilling,,4809.17,,2024,8
Refining,Operations,Hassi R'Mel,Area X,Equipment-909,EQ-00909,combustion,,6336.92,,2025,11
Refining,Production,In Salah,Field A,Equipment-910,EQ-00910,venting,,643.22,,2022,3
Marketing,Operations,Berkine,Field A,Equipment-911,EQ-00911,combustion,Propane,6134.62,gal,2023,2
Refining,Logistics,Hassi Messaoud,Block 2,Equipment-912,EQ-00912,combustion,Propane,7958.67,gal,2023,1
Marketing,Logistics,Hassi Messaoud,Field A,Equipment-913,EQ-00913,venting,,3877.88,,2025,6
Marketing,Operations,Rhourde Nouss,Area Y,Equipment-914,EQ-00914,drilling,,211.03,,2025,6
Marketing,Logistics,Adrar,Area Y,Equipment-915,EQ-00915,flaring,,2635.27,,2025,2
Exploration & Production,Logistics,Illizi,Field B,Equipment-916,EQ-00916,combustion,Fuel Gas,5174.06,gal,2025,3
Marketing,Operations,Illizi,Field A,Equipment-917,EQ-00917,drilling,,3634.36,,2022,2
Transportation,Production,Hassi Messaoud,Field A,Equipment-918,EQ-00918,fugitive,,4613.84,,2023,2
Transportation,Operations,Hassi Messaoud,Area Y,Equipment-919,EQ-00919,venting,,5838.9,,2023,11
Exploration & Production,Operations,Berkine,Area X,Equipment-920,EQ-00920,fugitive,,4238.78,,2023,1
Marketing,Drilling,Adrar,Field B,Equipment-921,EQ-00921,fugitive,,3527.8,,2022,10
Transportation,Production,Berkine,Field B,Equipment-922,EQ-00922,combustion,Natural Gas,2486.9,scf,2025,6
Transportation,Logistics,Adrar,Area X,Equipment-923,EQ-00923,venting,,5951.52,,2025,9
Refining,Operations,Adrar,Field B,Equipment-924,EQ-00924,venting,,6546.38,,2024,10
Refining,Logistics,Rhourde Nouss,Area Y,Equipment-925,EQ-00925,combustion,Natural Gas,7959.52,scf,2022,7
Exploration & Production,Logistics,Rhourde Nouss,Block 2,Equipment-926,EQ-00926,venting,,3369.36,,2022,11
Marketing,Logistics,Hassi Messaoud,Block 1,Equipment-927,EQ-00927,flaring,Propane,1252.52,gal,2025,1
Marketing,Production,Adrar,Block 2,Equipment-928,EQ-00928,fugitive,,6495.61,,2022,7
Marketing,Operations,In Salah,Field B,Equipment-929,EQ-00929,flaring,Propane,1011.41,gal,2022,11
Transportation,Operations,Adrar,Block 2,Equipment-930,EQ-00930,fugitive,,4204.31,,2024,10
Refining,Operations,Hassi Messaoud,Area X,Equipment-931,EQ-00931,venting,,9641.0,,2025,7
Exploration & Production,Logistics,In Salah,Area Y,Equipment-932,EQ-00932,venting,,7312.16,,2025,10
Exploration & Production,Operations,Illizi,Block 2,Equipment-933,EQ-00933,venting,,8545.46,,2022,3
Exploration & Production,Drilling,Hassi Messaoud,Field A,Equipment-934,EQ-00934,fugitive,,5015.66,,2022,7
Refining,Logistics,Berkine,Field B,Equipment-935,EQ-00935,venting,,7937.36,,2022,9
Transportation,Logistics,Illizi,Area Y,Equipment-936,EQ-00936,venting,,1346.94,,2022,2
Marketing,Drilling,In Salah,Block 2,Equipment-937,EQ-00937,drilling,,8930.67,,2025,5
Refining,Operations,Adrar,Block 2,Equipment-938,EQ-00938,combustion,Propane,1158.32,gal,2022,12
Transportation,Logistics,Rhourde Nouss,Field A,Equipment-939,EQ-00939,flaring,Diesel,4590.63,gal,2023,10
Exploration & Production,Operations,Berkine,Area Y,Equipment-940,EQ-00940,flaring,Natural Gas,194.8,scf,2023,8
Exploration & Production,Drilling,Illizi,Block 2,Equipment-941,EQ-00941,combustion,Diesel,972.69,gal,2025,4
Refining,Logistics,Rhourde Nouss,Area Y,Equipment-942,EQ-00942,flaring,Diesel,1617.82,gal,2023,11
Marketing,Production,Adrar,Area Y,Equipment-943,EQ-00943,combustion,Propane,1651.02,gal,2025,6
Refining,Drilling,Hassi Messaoud,Block 1,Equipment-944,EQ-00944,flaring,Natural Gas,4204.67,scf,2022,7
Exploration & Production,Production,Berkine,Area X,Equipment-945,EQ-00945,fugitive,,3075.28,,2025,7
Exploration & Production,Production,Hassi Messaoud,Block 2,Equipment-946,EQ-00946,combustion,,7164.75,,2023,5
Exploration & Production,Drilling,Hassi Messaoud,Area X,Equipment-947,EQ-00947,drilling,,8012.17,,2025,10
Transportation,Production,Adrar,Area Y,Equipment-948,EQ-00948,fugitive,,9785.56,,2023,12
Marketing,Logistics,Berkine,Area Y,Equipment-949,EQ-00949,flaring,,9884.37,,2025,3
Transportation,Operations,In Salah,Field B,Equipment-950,EQ-00950,combustion,Natural Gas,458.8,scf,2022,3
Exploration & Production,Operations,Rhourde Nouss,Field A,Equipment-951,EQ-00951,drilling,,8187.02,,2024,1
Transportation,Production,Rhourde Nouss,Area X,Equipment-952,EQ-00952,venting,,4878.68,,2024,12
Exploration & Production,Logistics,Hassi R'Mel,Area Y,Equipment-953,EQ-00953,flaring,Propane,1356.63,gal,2025,12
Refining,Operations,Hassi Messaoud,Field B,Equipment-954,EQ-00954,drilling,,3845.85,,2023,1
Marketing,Drilling,In Salah,Block 1,Equipment-955,EQ-00955,combustion,Fuel Gas,1044.19,gal,2022,1
Refining,Logistics,Illizi,Block 1,Equipment-956,EQ-00956,drilling,,3098.42,,2025,11
Exploration & Production,Production,Berkine,Field B,Equipment-957,EQ-00957,venting,,4797.74,,2023,6
Marketing,Operations,Adrar,Block 1,Equipment-958,EQ-00958,combustion,Fuel Gas,2430.36,gal,2023,1
Transportation,Operations,Hassi R'Mel,Block 1,Equipment-959,EQ-00959,venting,,4648.24,,2024,11
Marketing,Drilling,Hassi Messaoud,Field B,Equipment-960,EQ-00960,fugitive,,8577.21,,2023,8
Marketing,Production,Illizi,Block 2,Equipment-961,EQ-00961,drilling,,1004.88,,2023,12
Refining,Drilling,Illizi,Area Y,Equipment-962,EQ-00962,drilling,,1222.65,,2024,4
Transportation,Operations,Illizi,Block 2,Equipment-963,EQ-00963,flaring,,2608.15,,2024,1
Exploration & Production,Logistics,Adrar,Block 1,Equipment-964,EQ-00964,flaring,Propane,2096.62,gal,2024,1
Marketing,Drilling,Hassi R'Mel,Field B,Equipment-965,EQ-00965,drilling,,1988.28,,2023,11
Marketing,Production,In Salah,Field A,Equipment-966,EQ-00966,fugitive,,2683.61,,2023,3
Exploration & Production,Production,Rhourde Nouss,Block 1,Equipment-967,EQ-00967,fugitive,,2415.6,,2023,1
Transportation,Logistics,Hassi R'Mel,Field A,Equipment-968,EQ-00968,venting,,312.2,,2023,5
Refining,Logistics,Berkine,Area Y,Equipment-969,EQ-00969,fugitive,,3577.27,,2025,1
Exploration & Production,Drilling,Hassi R'Mel,Field A,Equipment-970,EQ-00970,venting,,6519.06,,2024,5
Exploration & Production,Logistics,Berkine,Block 1,Equipment-971,EQ-00971,venting,,4767.02,,2022,4
Refining,Operations,Adrar,Block 2,Equipment-972,EQ-00972,flaring,Propane,1072.14,gal,2022,9
Exploration & Production,Production,Illizi,Field B,Equipment-973,EQ-00973,combustion,Propane,8936.48,gal,2022,12
Transportation,Drilling,Adrar,Area Y,Equipment-974,EQ-00974,venting,,5158.26,,2023,1
Transportation,Logistics,In Salah,Field B,Equipment-975,EQ-00975,flaring,Diesel,2415.02,gal,2025,7
Marketing,Logistics,Adrar,Area Y,Equipment-976,EQ-00976,drilling,,8774.32,,2023,11
Exploration & Production,Logistics,Rhourde Nouss,Area Y,Equipment-977,EQ-00977,flaring,Diesel,9678.48,gal,2025,9
Refining,Drilling,Berkine,Block 2,Equipment-978,EQ-00978,drilling,,9222.44,,2022,10
Marketing,Operations,Rhourde Nouss,Field A,Equipment-979,EQ-00979,combustion,Natural Gas,4760.89,scf,2022,11
Marketing,Production,Adrar,Area X,Equipment-980,EQ-00980,venting,,3218.65,,2022,5
Refining,Operations,Hassi R'Mel,Area X,Equipment-981,EQ-00981,combustion,Fuel Gas,5559.1,gal,2024,1
Transportation,Logistics,Rhourde Nouss,Area Y,Equipment-982,EQ-00982,fugitive,,6144.06,,2023,11
Marketing,Drilling,In Salah,Area X,Equipment-983,EQ-00983,venting,,2238.32,,2022,1
Transportation,Operations,Hassi Messaoud,Block 2,Equipment-984,EQ-00984,drilling,,7256.28,,2024,6
Transportation,Drilling,Rhourde Nouss,Area Y,Equipment-985,EQ-00985,venting,,4112.24,,2023,8
Marketing,Operations,Hassi R'Mel,Block 2,Equipment-986,EQ-00986,combustion,Propane,2645.01,gal,2025,3
Marketing,Operations,In Salah,Block 1,Equipment-987,EQ-00987,combustion,Fuel Gas,4812.46,gal,2024,4
Marketing,Drilling,In Salah,Area X,Equipment-988,EQ-00988,fugitive,,3402.2,,2022,1
Marketing,Production,Hassi R'Mel,Block 1,Equipment-989,EQ-00989,combustion,,7386.97,,2022,9
Transportation,Operations,Hassi Messaoud,Field A,Equipment-990,EQ-00990,drilling,,6380.97,,2025,4
Transportation,Drilling,Hassi R'Mel,Field B,Equipment-991,EQ-00991,combustion,Fuel Gas,2107.45,gal,2024,9
Exploration & Production,Logistics,Adrar,Block 1,Equipment-992,EQ-00992,fugitive,,9960.8,,2024,1
Marketing,Logistics,Rhourde Nouss,Block 2,Equipment-993,EQ-00993,drilling,,6980.7,,2023,8
Marketing,Logistics,Rhourde Nouss,Area X,Equipment-994,EQ-00994,venting,,1830.49,,2024,6
Exploration & Production,Drilling,Hassi Messaoud,Area Y,Equipment-995,EQ-00995,fugitive,,419.41,,2023,2
Transportation,Production,Berkine,Area X,Equipment-996,EQ-00996,flaring,,7308.16,,2023,11
Refining,Production,In Salah,Block 1,Equipment-997,EQ-00997,combustion,Diesel,8837.83,gal,2023,4
Transportation,Operations,Berkine,Field A,Equipment-998,EQ-00998,flaring,Propane,3454.02,gal,2022,12
Marketing,Drilling,Illizi,Area Y,Equipment-999,EQ-00999,fugitive,,7489.53,,2024,3
Exploration & Production,Drilling,Hassi Messaoud,Area X,Equipment-1000,EQ-01000,fugitive,,1680.82,,2024,5
Refining,Production,Hassi R'Mel,Field A,Equipment-1001,EQ-01001,venting,,126.47,,2022,8
Marketing,Production,In Salah,Block 1,Equipment-1002,EQ-01002,fugitive,,6932.55,,2025,8
Refining,Drilling,Berkine,Block 1,Equipment-1003,EQ-01003,drilling,,2864.55,,2022,9
Marketing,Logistics,In Salah,Field A,Equipment-1004,EQ-01004,fugitive,,9235.81,,2023,12
Transportation,Logistics,Adrar,Block 1,Equipment-1005,EQ-01005,drilling,,3760.68,,2025,4
Marketing,Operations,In Salah,Area X,Equipment-1006,EQ-01006,drilling,,3910.12,,2025,8
Refining,Logistics,Berkine,Field B,Equipment-1007,EQ-01007,flaring,,4599.6,,2023,3
Transportation,Logistics,Hassi R'Mel,Area Y,Equipment-1008,EQ-01008,drilling,,8848.94,,2024,7
Refining,Operations,In Salah,Area Y,Equipment-1009,EQ-01009,flaring,Fuel Gas,6427.23,gal,2025,6
Refining,Logistics,Hassi R'Mel,Area X,Equipment-1010,EQ-01010,flaring,Propane,4970.71,gal,2025,9
Marketing,Drilling,In Salah,Field B,Equipment-1011,EQ-01011,combustion,,8965.66,,2023,2
Transportation,Drilling,Hassi Messaoud,Field A,Equipment-1012,EQ-01012,combustion,Propane,189.71,gal,2025,7
Marketing,Operations,Illizi,Field A,Equipment-1013,EQ-01013,venting,,3035.59,,2025,4
Transportation,Production,Hassi Messaoud,Block 1,Equipment-1014,EQ-01014,venting,,5464.71,,2024,9
Refining,Operations,In Salah,Block 2,Equipment-1015,EQ-01015,drilling,,6581.77,,2023,1
Refining,Operations,Illizi,Area X,Equipment-1016,EQ-01016,drilling,,3773.99,,2023,8
Marketing,Production,In Salah,Field B,Equipment-1017,EQ-01017,fugitive,,8036.12,,2025,8
Refining,Logistics,Rhourde Nouss,Field A,Equipment-1018,EQ-01018,venting,,5982.59,,2023,10
Exploration & Production,Operations,Adrar,Field B,Equipment-1019,EQ-01019,fugitive,,3895.04,,2023,2
Refining,Operations,Hassi R'Mel,Field B,Equipment-1020,EQ-01020,combustion,Fuel Gas,5499.09,gal,2023,2
Marketing,Production,Rhourde Nouss,Block 2,Equipment-1021,EQ-01021,drilling,,7267.81,,2024,5
Transportation,Drilling,Adrar,Area X,Equipment-1022,EQ-01022,fugitive,,4129.0,,2022,3
Transportation,Operations,Illizi,Block 2,Equipment-1023,EQ-01023,flaring,,8099.82,,2023,3
Transportation,Operations,Hassi R'Mel,Area Y,Equipment-1024,EQ-01024,combustion,,6652.76,,2024,4
Marketing,Operations,Hassi R'Mel,Block 1,Equipment-1025,EQ-01025,fugitive,,3080.29,,2025,8
Marketing,Production,Illizi,Block 2,Equipment-1026,EQ-01026,fugitive,,4888.0,,2022,2
Refining,Logistics,Illizi,Field B,Equipment-1027,EQ-01027,combustion,Fuel Gas,4450.89,gal,2022,9
Refining,Drilling,Illizi,Field B,Equipment-1028,EQ-01028,venting,,6613.99,,2023,6
Transportation,Logistics,Rhourde Nouss,Area X,Equipment-1029,EQ-01029,drilling,,8648.48,,2023,2
Marketing,Drilling,Hassi Messaoud,Field B,Equipment-1030,EQ-01030,flaring,Natural Gas,2875.75,scf,2022,4
Exploration & Production,Drilling,Hassi Messaoud,Block 1,Equipment-1031,EQ-01031,fugitive,,5338.11,,2025,7
Refining,Production,Berkine,Field B,Equipment-1032,EQ-01032,drilling,,8231.18,,2022,2
Refining,Logistics,In Salah,Block 2,Equipment-1033,EQ-01033,venting,,7721.81,,2025,11
Exploration & Production,Logistics,Rhourde Nouss,Area X,Equipment-1034,EQ-01034,drilling,,5756.55,,2025,9
Exploration & Production,Drilling,In Salah,Block 2,Equipment-1035,EQ-01035,drilling,,2867.52,,2025,11
Refining,Drilling,Hassi Messaoud,Area X,Equipment-1036,EQ-01036,combustion,Propane,3484.3,gal,2022,5
Marketing,Operations,Hassi Messaoud,Block 1,Equipment-1037,EQ-01037,flaring,Propane,2015.46,gal,2022,4
Marketing,Logistics,Hassi R'Mel,Area Y,Equipment-1038,EQ-01038,flaring,,1867.9,,2024,4
Exploration & Production,Operations,Rhourde Nouss,Block 2,Equipment-1039,EQ-01039,fugitive,,6442.49,,2025,6
Exploration & Production,Drilling,Hassi Messaoud,Block 2,Equipment-1040,EQ-01040,fugitive,,1906.0,,2024,1
Transportation,Production,Adrar,Area X,Equipment-1041,EQ-01041,drilling,,5228.07,,2025,6
Refining,Drilling,Rhourde Nouss,Area X,Equipment-1042,EQ-01042,combustion,Fuel Gas,2201.15,gal,2024,1
Refining,Production,Adrar,Field B,Equipment-1043,EQ-01043,drilling,,570.27,,2025,5
Exploration & Production,Production,In Salah,Field B,Equipment-1044,EQ-01044,venting,,23.93,,2025,1
Refining,Operations,Illizi,Block 2,Equipment-1045,EQ-01045,fugitive,,4783.45,,2024,1
Marketing,Drilling,Berkine,Area Y,Equipment-1046,EQ-01046,flaring,Diesel,2882.08,gal,2023,6
Marketing,Drilling,Adrar,Field A,Equipment-1047,EQ-01047,fugitive,,4213.52,,2023,6
Marketing,Operations,Illizi,Block 1,Equipment-1048,EQ-01048,flaring,Natural Gas,9708.7,scf,2025,12
Transportation,Production,Rhourde Nouss,Field A,Equipment-1049,EQ-01049,combustion,Propane,9199.28,gal,2024,8
Exploration & Production,Drilling,Rhourde Nouss,Block 2,Equipment-1050,EQ-01050,drilling,,8036.46,,2025,8
Exploration & Production,Logistics,Hassi R'Mel,Area X,Equipment-1051,EQ-01051,fugitive,,110.5,,2022,12
Refining,Production,Illizi,Field B,Equipment-1052,EQ-01052,fugitive,,390.17,,2023,11
Exploration & Production,Drilling,Adrar,Field B,Equipment-1053,EQ-01053,combustion,Diesel,4817.87,gal,2025,3
Transportation,Drilling,Hassi R'Mel,Area Y,Equipment-1054,EQ-01054,combustion,Fuel Gas,4125.67,gal,2025,9
Refining,Production,Hassi Messaoud,Block 2,Equipment-1055,EQ-01055,combustion,,7307.17,,2023,4
Transportation,Production,Hassi R'Mel,Field A,Equipment-1056,EQ-01056,drilling,,2467.81,,2023,1
Transportation,Drilling,Berkine,Field B,Equipment-1057,EQ-01057,combustion,Fuel Gas,5625.77,gal,2024,7
Marketing,Logistics,Hassi Messaoud,Field B,Equipment-1058,EQ-01058,combustion,Fuel Gas,4715.3,gal,2022,8
Exploration & Production,Logistics,Adrar,Area Y,Equipment-1059,EQ-01059,drilling,,9697.45,,2024,5
Exploration & Production,Production,In Salah,Block 1,Equipment-1060,EQ-01060,fugitive,,9301.86,,2022,9
Exploration & Production,Production,Adrar,Block 1,Equipment-1061,EQ-01061,drilling,,234.71,,2024,6
Transportation,Operations,Hassi Messaoud,Field A,Equipment-1062,EQ-01062,drilling,,3586.41,,2024,7
Exploration & Production,Production,Rhourde Nouss,Field B,Equipment-1063,EQ-01063,venting,,4505.49,,2023,4
Transportation,Operations,Rhourde Nouss,Area Y,Equipment-1064,EQ-01064,drilling,,9140.61,,2022,6
Transportation,Production,Berkine,Field B,Equipment-1065,EQ-01065,venting,,4592.57,,2022,1
Transportation,Operations,Illizi,Block 2,Equipment-1066,EQ-01066,fugitive,,5556.72,,2022,3
Refining,Production,Hassi R'Mel,Block 1,Equipment-1067,EQ-01067,flaring,Diesel,2673.09,gal,2024,10
Refining,Logistics,Hassi Messaoud,Block 1,Equipment-1068,EQ-01068,fugitive,,6929.09,,2024,6
Transportation,Logistics,Berkine,Field B,Equipment-1069,EQ-01069,combustion,Diesel,3062.15,gal,2024,3
Exploration & Production,Operations,Adrar,Area Y,Equipment-1070,EQ-01070,drilling,,1559.28,,2023,6
Refining,Operations,Rhourde Nouss,Block 2,Equipment-1071,EQ-01071,fugitive,,9699.16,,2024,12
Refining,Logistics,Adrar,Block 1,Equipment-1072,EQ-01072,flaring,Diesel,415.61,gal,2023,12
Marketing,Production,Berkine,Field B,Equipment-1073,EQ-01073,combustion,Fuel Gas,5952.19,gal,2024,10
Refining,Operations,In Salah,Block 2,Equipment-1074,EQ-01074,combustion,Fuel Gas,4787.82,gal,2024,11
Refining,Operations,Hassi R'Mel,Area X,Equipment-1075,EQ-01075,drilling,,1329.29,,2022,12
Refining,Production,In Salah,Area X,Equipment-1076,EQ-01076,flaring,Fuel Gas,994.34,gal,2023,5
Refining,Operations,Adrar,Block 1,Equipment-1077,EQ-01077,flaring,,2056.19,,2025,2
Transportation,Production,Illizi,Block 2,Equipment-1078,EQ-01078,drilling,,9196.77,,2025,3
Marketing,Logistics,In Salah,Field B,Equipment-1079,EQ-01079,flaring,Diesel,5816.07,gal,2024,10
Exploration & Production,Production,Hassi R'Mel,Block 1,Equipment-1080,EQ-01080,flaring,Diesel,5229.07,gal,2025,10
Refining,Operations,Berkine,Area Y,Equipment-1081,EQ-01081,combustion,Diesel,7589.76,gal,2025,1
Exploration & Production,Production,Hassi R'Mel,Block 2,Equipment-1082,EQ-01082,combustion,Propane,1750.14,gal,2023,1
Marketing,Logistics,Hassi Messaoud,Area X,Equipment-1083,EQ-01083,combustion,Natural Gas,2827.31,scf,2024,2
Refining,Drilling,Rhourde Nouss,Block 1,Equipment-1084,EQ-01084,combustion,Diesel,3460.77,gal,2024,11
Exploration & Production,Logistics,In Salah,Area X,Equipment-1085,EQ-01085,drilling,,1291.93,,2025,8
Marketing,Operations,In Salah,Area X,Equipment-1086,EQ-01086,drilling,,1411.8,,2024,12
Marketing,Production,In Salah,Area Y,Equipment-1087,EQ-01087,venting,,5698.42,,2024,3
Refining,Drilling,Hassi Messaoud,Area Y,Equipment-1088,EQ-01088,fugitive,,6831.84,,2024,5
Transportation,Production,Hassi R'Mel,Area Y,Equipment-1089,EQ-01089,combustion,Fuel Gas,1764.91,gal,2025,10
Marketing,Drilling,In Salah,Area X,Equipment-1090,EQ-01090,fugitive,,9379.91,,2025,11
Transportation,Drilling,Illizi,Field A,Equipment-1091,EQ-01091,fugitive,,3918.44,,2024,4
Marketing,Production,In Salah,Field B,Equipment-1092,EQ-01092,flaring,,4972.61,,2024,1
Refining,Production,Hassi R'Mel,Area X,Equipment-1093,EQ-01093,combustion,Diesel,2812.42,gal,2022,7
Marketing,Logistics,Berkine,Field A,Equipment-1094,EQ-01094,fugitive,,8861.95,,2022,6
Exploration & Production,Production,In Salah,Field A,Equipment-1095,EQ-01095,drilling,,7729.08,,2023,9
Marketing,Drilling,Hassi Messaoud,Area Y,Equipment-1096,EQ-01096,fugitive,,5648.86,,2024,1
Exploration & Production,Operations,Rhourde Nouss,Area Y,Equipment-1097,EQ-01097,fugitive,,5441.97,,2023,5
Exploration & Production,Drilling,Hassi Messaoud,Field A,Equipment-1098,EQ-01098,fugitive,,6449.82,,2025,7
Exploration & Production,Drilling,In Salah,Block 2,Equipment-1099,EQ-01099,flaring,Fuel Gas,5712.22,gal,2025,9
Refining,Operations,Adrar,Field A,Equipment-1100,EQ-01100,combustion,Fuel Gas,6025.49,gal,2022,2
Transportation,Drilling,Illizi,Block 2,Equipment-1101,EQ-01101,flaring,Propane,241.35,gal,2024,9
Marketing,Logistics,Rhourde Nouss,Block 1,Equipment-1102,EQ-01102,drilling,,9096.17,,2024,3
Refining,Logistics,Hassi Messaoud,Block 2,Equipment-1103,EQ-01103,drilling,,5558.24,,2024,6
Refining,Logistics,Hassi Messaoud,Field A,Equipment-1104,EQ-01104,drilling,,3848.26,,2025,9
Transportation,Drilling,Hassi R'Mel,Block 2,Equipment-1105,EQ-01105,combustion,Propane,7889.43,gal,2022,9
Marketing,Production,Hassi R'Mel,Block 2,Equipment-1106,EQ-01106,drilling,,267.97,,2023,10
Refining,Operations,Illizi,Block 2,Equipment-1107,EQ-01107,fugitive,,2703.8,,2022,3
Transportation,Drilling,Illizi,Field B,Equipment-1108,EQ-01108,combustion,Propane,1878.82,gal,2024,9
Transportation,Operations,Hassi Messaoud,Block 1,Equipment-1109,EQ-01109,drilling,,1064.81,,2024,12
Marketing,Logistics,Rhourde Nouss,Area Y,Equipment-1110,EQ-01110,combustion,Diesel,7886.78,gal,2025,12
Exploration & Production,Drilling,Adrar,Area Y,Equipment-1111,EQ-01111,fugitive,,2553.52,,2025,4
Marketing,Operations,Adrar,Field A,Equipment-1112,EQ-01112,combustion,,7551.9,,2022,2
Refining,Production,Rhourde Nouss,Block 2,Equipment-1113,EQ-01113,drilling,,860.72,,2024,5
Transportation,Logistics,Berkine,Block 1,Equipment-1114,EQ-01114,flaring,Propane,4055.38,gal,2023,1
Marketing,Production,Rhourde Nouss,Area X,Equipment-1115,EQ-01115,flaring,Fuel Gas,9862.52,gal,2022,5
Marketing,Production,Adrar,Area Y,Equipment-1116,EQ-01116,combustion,Diesel,5944.73,gal,2023,4
Refining,Drilling,Hassi R'Mel,Field A,Equipment-1117,EQ-01117,flaring,,3896.8,,2024,11
Refining,Production,Rhourde Nouss,Field B,Equipment-1118,EQ-01118,flaring,,375.25,,2024,6
Marketing,Production,Berkine,Block 1,Equipment-1119,EQ-01119,fugitive,,3221.05,,2024,12
Exploration & Production,Operations,Illizi,Block 2,Equipment-1120,EQ-01120,drilling,,8056.78,,2023,11
Refining,Logistics,Illizi,Field B,Equipment-1121,EQ-01121,fugitive,,9875.9,,2023,12
Marketing,Operations,Hassi Messaoud,Area X,Equipment-1122,EQ-01122,combustion,Fuel Gas,379.85,gal,2025,10
Transportation,Production,Rhourde Nouss,Field A,Equipment-1123,EQ-01123,fugitive,,1058.46,,2023,5
Refining,Logistics,In Salah,Field A,Equipment-1124,EQ-01124,flaring,Propane,3593.52,gal,2023,10
Marketing,Drilling,Illizi,Field A,Equipment-1125,EQ-01125,flaring,Natural Gas,2999.08,scf,2024,3
Refining,Operations,Hassi Messaoud,Field A,Equipment-1126,EQ-01126,combustion,Propane,4326.92,gal,2023,8
Exploration & Production,Production,Illizi,Field A,Equipment-1127,EQ-01127,venting,,7365.09,,2023,9
Marketing,Drilling,In Salah,Block 2,Equipment-1128,EQ-01128,venting,,3017.31,,2022,6
Refining,Drilling,Illizi,Block 2,Equipment-1129,EQ-01129,flaring,Fuel Gas,1018.98,gal,2023,7
Refining,Drilling,Berkine,Block 1,Equipment-1130,EQ-01130,drilling,,3114.68,,2022,11
Refining,Production,Hassi R'Mel,Area Y,Equipment-1131,EQ-01131,combustion,Propane,5793.85,gal,2025,10
Exploration & Production,Drilling,Hassi R'Mel,Block 1,Equipment-1132,EQ-01132,combustion,,120.58,,2025,10
Refining,Production,Adrar,Block 1,Equipment-1133,EQ-01133,combustion,Natural Gas,5330.24,scf,2024,11
Marketing,Drilling,Illizi,Area Y,Equipment-1134,EQ-01134,drilling,,217.19,,2022,4
Transportation,Drilling,Rhourde Nouss,Block 2,Equipment-1135,EQ-01135,flaring,,5480.07,,2023,3
Refining,Production,Hassi Messaoud,Block 1,Equipment-1136,EQ-01136,venting,,9570.09,,2025,11
Marketing,Drilling,In Salah,Block 1,Equipment-1137,EQ-01137,fugitive,,6402.84,,2024,4
Transportation,Operations,Hassi Messaoud,Field A,Equipment-1138,EQ-01138,flaring,Natural Gas,7369.83,scf,2024,8
Transportation,Operations,Rhourde Nouss,Block 2,Equipment-1139,EQ-01139,drilling,,1085.6,,2023,3
Marketing,Logistics,Adrar,Field A,Equipment-1140,EQ-01140,venting,,9044.0,,2023,7
Exploration & Production,Production,Hassi Messaoud,Area X,Equipment-1141,EQ-01141,drilling,,6208.47,,2024,10
Refining,Logistics,Rhourde Nouss,Area Y,Equipment-1142,EQ-01142,venting,,5889.89,,2022,9
Refining,Logistics,In Salah,Area Y,Equipment-1143,EQ-01143,combustion,Propane,6248.68,gal,2024,1
Exploration & Production,Logistics,Rhourde Nouss,Field B,Equipment-1144,EQ-01144,flaring,Propane,8458.23,gal,2023,4
Exploration & Production,Logistics,Adrar,Field A,Equipment-1145,EQ-01145,flaring,Fuel Gas,892.53,gal,2022,3
Transportation,Operations,Berkine,Area Y,Equipment-1146,EQ-01146,drilling,,5508.88,,2023,7
Exploration & Production,Drilling,In Salah,Field A,Equipment-1147,EQ-01147,fugitive,,6516.27,,2024,6
Exploration & Production,Logistics,Hassi Messaoud,Block 2,Equipment-1148,EQ-01148,fugitive,,5153.45,,2025,12
Marketing,Production,Adrar,Area X,Equipment-1149,EQ-01149,combustion,Natural Gas,9714.28,scf,2024,7
Exploration & Production,Operations,Illizi,Field B,Equipment-1150,EQ-01150,fugitive,,8671.42,,2024,10
Refining,Production,Berkine,Field A,Equipment-1151,EQ-01151,flaring,Diesel,26.61,gal,2023,5
Transportation,Production,Hassi Messaoud,Field B,Equipment-1152,EQ-01152,combustion,Natural Gas,7126.38,scf,2024,9
Marketing,Logistics,Berkine,Area X,Equipment-1153,EQ-01153,fugitive,,2027.47,,2025,2
Exploration & Production,Logistics,Rhourde Nouss,Area X,Equipment-1154,EQ-01154,combustion,,1104.9,,2023,5
Refining,Production,Illizi,Area X,Equipment-1155,EQ-01155,drilling,,5236.0,,2025,12
Exploration & Production,Logistics,Berkine,Area Y,Equipment-1156,EQ-01156,drilling,,2534.61,,2025,8
Marketing,Drilling,Hassi Messaoud,Area X,Equipment-1157,EQ-01157,drilling,,9051.07,,2023,5
Transportation,Production,Berkine,Field B,Equipment-1158,EQ-01158,drilling,,5392.04,,2025,11
Transportation,Logistics,Rhourde Nouss,Area X,Equipment-1159,EQ-01159,fugitive,,2873.73,,2022,2
Marketing,Drilling,Hassi Messaoud,Block 1,Equipment-1160,EQ-01160,flaring,Natural Gas,3214.09,scf,2022,11
Exploration & Production,Drilling,Hassi Messaoud,Block 1,Equipment-1161,EQ-01161,drilling,,8609.93,,2024,4
Transportation,Production,Rhourde Nouss,Block 1,Equipment-1162,EQ-01162,venting,,3195.76,,2022,8
Marketing,Drilling,Hassi R'Mel,Area Y,Equipment-1163,EQ-01163,drilling,,4863.36,,2025,1
Exploration & Production,Production,Berkine,Area Y,Equipment-1164,EQ-01164,venting,,2828.43,,2025,1
Marketing,Production,Adrar,Area X,Equipment-1165,EQ-01165,combustion,Natural Gas,9261.15,scf,2022,3
Transportation,Drilling,Adrar,Area Y,Equipment-1166,EQ-01166,drilling,,7855.1,,2024,11
Transportation,Operations,Hassi Messaoud,Block 1,Equipment-1167,EQ-01167,combustion,Natural Gas,2585.02,scf,2025,5
Marketing,Drilling,Adrar,Field A,Equipment-1168,EQ-01168,combustion,Natural Gas,9322.55,scf,2024,8
Marketing,Operations,Berkine,Area Y,Equipment-1169,EQ-01169,combustion,Diesel,6007.46,gal,2025,10
Transportation,Production,Hassi R'Mel,Field A,Equipment-1170,EQ-01170,venting,,8278.9,,2025,8
Transportation,Drilling,Hassi Messaoud,Block 2,Equipment-1171,EQ-01171,drilling,,6584.03,,2025,8
Refining,Logistics,Rhourde Nouss,Field B,Equipment-1172,EQ-01172,fugitive,,5681.36,,2023,12
Transportation,Production,Berkine,Field A,Equipment-1173,EQ-01173,flaring,,8397.44,,2024,12
Transportation,Production,Hassi Messaoud,Block 2,Equipment-1174,EQ-01174,fugitive,,4851.53,,2022,3
Exploration & Production,Logistics,Hassi R'Mel,Area X,Equipment-1175,EQ-01175,fugitive,,6738.11,,2025,10
Exploration & Production,Drilling,Adrar,Field B,Equipment-1176,EQ-01176,venting,,8515.47,,2025,6
Marketing,Operations,Berkine,Area Y,Equipment-1177,EQ-01177,combustion,,3903.07,,2023,6
Transportation,Logistics,Illizi,Field A,Equipment-1178,EQ-01178,flaring,Natural Gas,351.69,scf,2022,4
Marketing,Logistics,In Salah,Area X,Equipment-1179,EQ-01179,flaring,,8505.97,,2023,4
Marketing,Drilling,Adrar,Area X,Equipment-1180,EQ-01180,flaring,Natural Gas,4284.08,scf,2024,2
Refining,Drilling,Adrar,Block 2,Equipment-1181,EQ-01181,drilling,,5856.42,,2025,12
Transportation,Logistics,Hassi R'Mel,Field B,Equipment-1182,EQ-01182,venting,,3351.24,,2025,2
Marketing,Production,Hassi Messaoud,Field B,Equipment-1183,EQ-01183,venting,,2793.84,,2022,11
Transportation,Operations,Illizi,Block 1,Equipment-1184,EQ-01184,fugitive,,7510.3,,2025,4
Marketing,Logistics,Rhourde Nouss,Field A,Equipment-1185,EQ-01185,venting,,8651.27,,2023,8
Marketing,Drilling,In Salah,Area Y,Equipment-1186,EQ-01186,combustion,Diesel,5423.05,gal,2022,7
Refining,Drilling,Illizi,Area Y,Equipment-1187,EQ-01187,flaring,Natural Gas,6292.19,scf,2024,9
Transportation,Production,Adrar,Area Y,Equipment-1188,EQ-01188,combustion,,696.61,,2025,3
Refining,Production,Rhourde Nouss,Area X,Equipment-1189,EQ-01189,fugitive,,8234.11,,2024,6
Marketing,Logistics,Berkine,Area X,Equipment-1190,EQ-01190,fugitive,,9580.22,,2022,10
Transportation,Logistics,Adrar,Area X,Equipment-1191,EQ-01191,fugitive,,989.39,,2024,4
Transportation,Logistics,Hassi Messaoud,Area Y,Equipment-1192,EQ-01192,flaring,Propane,5331.48,gal,2025,1
Marketing,Logistics,In Salah,Block 1,Equipment-1193,EQ-01193,drilling,,3427.95,,2023,8
Exploration & Production,Drilling,In Salah,Field A,Equipment-1194,EQ-01194,fugitive,,3301.8,,2024,2
Exploration & Production,Logistics,Adrar,Field A,Equipment-1195,EQ-01195,combustion,Propane,4224.08,gal,2022,2
Transportation,Drilling,Rhourde Nouss,Area X,Equipment-1196,EQ-01196,fugitive,,2001.42,,2025,7
Marketing,Production,Rhourde Nouss,Field B,Equipment-1197,EQ-01197,flaring,Natural Gas,6472.33,scf,2025,6
Transportation,Logistics,In Salah,Block 1,Equipment-1198,EQ-01198,fugitive,,2039.62,,2022,8
Marketing,Operations,Rhourde Nouss,Block 2,Equipment-1199,EQ-01199,fugitive,,5612.98,,2024,4
Marketing,Production,In Salah,Field B,Equipment-1200,EQ-01200,drilling,,1064.37,,2023,8
Refining,Logistics,Hassi R'Mel,Field B,Equipment-1201,EQ-01201,fugitive,,6217.29,,2025,11
Refining,Operations,Hassi R'Mel,Area Y,Equipment-1202,EQ-01202,combustion,Fuel Gas,807.18,gal,2024,1
Marketing,Operations,Hassi R'Mel,Area X,Equipment-1203,EQ-01203,fugitive,,8725.47,,2023,4
Marketing,Production,Illizi,Field B,Equipment-1204,EQ-01204,venting,,4737.12,,2025,2
Exploration & Production,Operations,Hassi Messaoud,Area X,Equipment-1205,EQ-01205,combustion,Propane,8367.76,gal,2024,11
Refining,Operations,Hassi Messaoud,Field B,Equipment-1206,EQ-01206,venting,,1312.13,,2025,1
Marketing,Drilling,Adrar,Field A,Equipment-1207,EQ-01207,venting,,3768.49,,2023,8
Marketing,Production,Illizi,Field A,Equipment-1208,EQ-01208,drilling,,2262.33,,2023,1
Refining,Drilling,Hassi R'Mel,Area X,Equipment-1209,EQ-01209,venting,,1130.81,,2022,11
Marketing,Logistics,Rhourde Nouss,Block 2,Equipment-1210,EQ-01210,flaring,,8535.55,,2022,3
Transportation,Logistics,Berkine,Area Y,Equipment-1211,EQ-01211,combustion,Fuel Gas,3847.26,gal,2023,2
Exploration & Production,Logistics,Hassi R'Mel,Field A,Equipment-1212,EQ-01212,combustion,Natural Gas,6120.97,scf,2022,11
Marketing,Operations,Illizi,Area X,Equipment-1213,EQ-01213,combustion,Propane,4204.2,gal,2022,3
Exploration & Production,Logistics,Hassi R'Mel,Block 1,Equipment-1214,EQ-01214,drilling,,5142.35,,2024,9
Transportation,Production,Berkine,Area X,Equipment-1215,EQ-01215,drilling,,3333.29,,2025,11
Marketing,Operations,In Salah,Field B,Equipment-1216,EQ-01216,drilling,,1478.23,,2024,9
Transportation,Drilling,Adrar,Field B,Equipment-1217,EQ-01217,flaring,Natural Gas,9793.98,scf,2025,11
Marketing,Drilling,Adrar,Area X,Equipment-1218,EQ-01218,flaring,Diesel,2751.66,gal,2023,2
Marketing,Logistics,Berkine,Field A,Equipment-1219,EQ-01219,combustion,Propane,5362.87,gal,2023,3
Refining,Production,Hassi R'Mel,Block 1,Equipment-1220,EQ-01220,venting,,4019.4,,2025,7
Marketing,Logistics,Hassi Messaoud,Field B,Equipment-1221,EQ-01221,combustion,Propane,8991.2,gal,2023,2
Refining,Drilling,Hassi R'Mel,Block 1,Equipment-1222,EQ-01222,fugitive,,1978.31,,2022,9
Refining,Logistics,Hassi R'Mel,Block 2,Equipment-1223,EQ-01223,combustion,Diesel,8268.94,gal,2022,5
Exploration & Production,Operations,Hassi R'Mel,Area X,Equipment-1224,EQ-01224,flaring,Propane,5516.09,gal,2023,4
Refining,Logistics,Berkine,Block 1,Equipment-1225,EQ-01225,flaring,Fuel Gas,7657.8,gal,2024,11
Exploration & Production,Operations,Adrar,Block 1,Equipment-1226,EQ-01226,flaring,,8020.77,,2022,9
Refining,Production,Berkine,Area Y,Equipment-1227,EQ-01227,fugitive,,6189.21,,2025,10
Refining,Operations,Rhourde Nouss,Area Y,Equipment-1228,EQ-01228,flaring,Propane,2004.53,gal,2023,7
Refining,Production,Adrar,Area X,Equipment-1229,EQ-01229,drilling,,2934.17,,2024,6
Refining,Operations,Hassi R'Mel,Field A,Equipment-1230,EQ-01230,drilling,,5691.15,,2024,7
Transportation,Logistics,Adrar,Block 1,Equipment-1231,EQ-01231,combustion,Propane,3111.04,gal,2022,9
Transportation,Production,Hassi R'Mel,Area Y,Equipment-1232,EQ-01232,fugitive,,5998.85,,2025,6
Transportation,Logistics,Berkine,Area Y,Equipment-1233,EQ-01233,venting,,4088.09,,2024,1
Refining,Drilling,Illizi,Field B,Equipment-1234,EQ-01234,drilling,,9501.9,,2022,11
Refining,Production,Hassi Messaoud,Field A,Equipment-1235,EQ-01235,fugitive,,5612.07,,2023,9
Refining,Logistics,Illizi,Block 1,Equipment-1236,EQ-01236,drilling,,1716.81,,2025,7
Transportation,Operations,Berkine,Area Y,Equipment-1237,EQ-01237,drilling,,6128.22,,2022,1
Exploration & Production,Production,In Salah,Area Y,Equipment-1238,EQ-01238,combustion,Diesel,5247.76,gal,2023,8
Refining,Drilling,Hassi Messaoud,Field A,Equipment-1239,EQ-01239,venting,,8354.26,,2025,3
Marketing,Logistics,Illizi,Block 2,Equipment-1240,EQ-01240,drilling,,205.79,,2025,3
Exploration & Production,Logistics,Rhourde Nouss,Area Y,Equipment-1241,EQ-01241,venting,,8786.8,,2022,4
Marketing,Production,Rhourde Nouss,Field A,Equipment-1242,EQ-01242,flaring,Natural Gas,4687.07,scf,2022,8
Refining,Production,Illizi,Area X,Equipment-1243,EQ-01243,drilling,,8466.71,,2024,11
Refining,Production,Berkine,Field B,Equipment-1244,EQ-01244,fugitive,,1187.95,,2024,2
Refining,Drilling,Rhourde Nouss,Area Y,Equipment-1245,EQ-01245,fugitive,,5661.04,,2025,1
Transportation,Operations,Illizi,Area Y,Equipment-1246,EQ-01246,drilling,,8029.3,,2025,10
Transportation,Drilling,In Salah,Area X,Equipment-1247,EQ-01247,flaring,Diesel,1092.43,gal,2023,10
Transportation,Logistics,Illizi,Block 2,Equipment-1248,EQ-01248,drilling,,5266.86,,2025,6
Exploration & Production,Production,Berkine,Area Y,Equipment-1249,EQ-01249,drilling,,3096.58,,2023,1
Marketing,Operations,Adrar,Field A,Equipment-1250,EQ-01250,fugitive,,5982.59,,2024,9
Refining,Operations,Adrar,Area Y,Equipment-1251,EQ-01251,venting,,5519.62,,2025,1
Transportation,Drilling,Adrar,Area X,Equipment-1252,EQ-01252,flaring,,3955.14,,2025,10
Exploration & Production,Drilling,Rhourde Nouss,Field A,Equipment-1253,EQ-01253,combustion,Fuel Gas,9845.63,gal,2024,1
Refining,Operations,Illizi,Area X,Equipment-1254,EQ-01254,drilling,,5920.99,,2022,4
Refining,Operations,Berkine,Block 1,Equipment-1255,EQ-01255,combustion,Diesel,9888.89,gal,2022,6
Refining,Production,Illizi,Block 1,Equipment-1256,EQ-01256,fugitive,,6841.82,,2025,7
Marketing,Operations,Berkine,Block 1,Equipment-1257,EQ-01257,combustion,Propane,8591.0,gal,2025,8
Marketing,Production,Berkine,Field A,Equipment-1258,EQ-01258,fugitive,,9983.14,,2022,3
Exploration & Production,Operations,Adrar,Field A,Equipment-1259,EQ-01259,combustion,Fuel Gas,6805.33,gal,2025,12
Transportation,Operations,Berkine,Field B,Equipment-1260,EQ-01260,flaring,Diesel,204.72,gal,2022,5
Exploration & Production,Production,Illizi,Area X,Equipment-1261,EQ-01261,fugitive,,8001.88,,2022,1
Marketing,Logistics,Berkine,Field B,Equipment-1262,EQ-01262,drilling,,1182.22,,2023,11
Transportation,Logistics,Adrar,Field B,Equipment-1263,EQ-01263,flaring,Natural Gas,8835.36,scf,2023,2
Exploration & Production,Production,Hassi Messaoud,Field B,Equipment-1264,EQ-01264,venting,,7632.6,,2024,1
Exploration & Production,Production,In Salah,Area X,Equipment-1265,EQ-01265,venting,,8407.72,,2025,10
Marketing,Production,Rhourde Nouss,Field A,Equipment-1266,EQ-01266,flaring,,876.53,,2022,6
Transportation,Production,In Salah,Block 1,Equipment-1267,EQ-01267,combustion,Fuel Gas,4306.65,gal,2024,10
Exploration & Production,Logistics,Hassi Messaoud,Field A,Equipment-1268,EQ-01268,flaring,Natural Gas,9429.31,scf,2023,7
Marketing,Production,In Salah,Field B,Equipment-1269,EQ-01269,flaring,Propane,181.84,gal,2024,5
Refining,Production,In Salah,Field A,Equipment-1270,EQ-01270,flaring,Natural Gas,5979.86,scf,2024,3
Marketing,Logistics,Berkine,Area X,Equipment-1271,EQ-01271,combustion,,1970.83,,2022,5
Exploration & Production,Drilling,Adrar,Block 1,Equipment-1272,EQ-01272,combustion,Natural Gas,3593.01,scf,2024,5
Transportation,Logistics,In Salah,Block 2,Equipment-1273,EQ-01273,flaring,,8355.69,,2024,11
Exploration & Production,Operations,Illizi,Block 2,Equipment-1274,EQ-01274,fugitive,,3576.47,,2024,2
Exploration & Production,Drilling,Rhourde Nouss,Area Y,Equipment-1275,EQ-01275,drilling,,1695.39,,2023,6
Exploration & Production,Drilling,Rhourde Nouss,Area Y,Equipment-1276,EQ-01276,fugitive,,4461.54,,2024,8
Marketing,Logistics,Adrar,Area X,Equipment-1277,EQ-01277,fugitive,,2716.96,,2022,3
Refining,Drilling,Berkine,Block 2,Equipment-1278,EQ-01278,fugitive,,9739.76,,2023,11
Marketing,Production,Adrar,Block 1,Equipment-1279,EQ-01279,venting,,6036.34,,2025,11
Refining,Logistics,Adrar,Block 1,Equipment-1280,EQ-01280,drilling,,2711.32,,2022,9
Marketing,Production,Berkine,Area X,Equipment-1281,EQ-01281,flaring,Fuel Gas,9098.17,gal,2022,4
Marketing,Production,In Salah,Field B,Equipment-1282,EQ-01282,combustion,Diesel,3331.24,gal,2022,2
Exploration & Production,Operations,Hassi R'Mel,Area Y,Equipment-1283,EQ-01283,combustion,Fuel Gas,267.99,gal,2023,12
Refining,Drilling,In Salah,Area X,Equipment-1284,EQ-01284,drilling,,9488.85,,2022,8
Refining,Production,Illizi,Area Y,Equipment-1285,EQ-01285,combustion,,12.87,,2025,10
Exploration & Production,Operations,Berkine,Area X,Equipment-1286,EQ-01286,drilling,,8546.06,,2023,7
Exploration & Production,Production,Adrar,Area X,Equipment-1287,EQ-01287,combustion,Fuel Gas,1944.59,gal,2023,7
Transportation,Operations,Hassi R'Mel,Area Y,Equipment-1288,EQ-01288,fugitive,,7366.53,,2023,5
Marketing,Operations,Adrar,Block 2,Equipment-1289,EQ-01289,venting,,9693.79,,2022,1
Refining,Drilling,Adrar,Field B,Equipment-1290,EQ-01290,fugitive,,5442.61,,2022,8
Refining,Production,Hassi Messaoud,Block 1,Equipment-1291,EQ-01291,venting,,9152.51,,2023,4
Transportation,Production,Rhourde Nouss,Area X,Equipment-1292,EQ-01292,venting,,7283.74,,2024,5
Marketing,Drilling,In Salah,Area Y,Equipment-1293,EQ-01293,combustion,Diesel,9492.62,gal,2025,4
Exploration & Production,Drilling,Rhourde Nouss,Block 2,Equipment-1294,EQ-01294,drilling,,4985.32,,2024,3
Exploration & Production,Operations,Hassi R'Mel,Area X,Equipment-1295,EQ-01295,flaring,Fuel Gas,8999.92,gal,2025,8
Marketing,Logistics,In Salah,Block 1,Equipment-1296,EQ-01296,drilling,,2798.4,,2025,4
Transportation,Logistics,Illizi,Field A,Equipment-1297,EQ-01297,flaring,Propane,5901.2,gal,2025,10
Marketing,Production,Berkine,Area X,Equipment-1298,EQ-01298,drilling,,587.68,,2024,3
Exploration & Production,Drilling,Hassi Messaoud,Field A,Equipment-1299,EQ-01299,venting,,5285.95,,2023,3
Refining,Operations,Illizi,Area Y,Equipment-1300,EQ-01300,flaring,Propane,1812.42,gal,2023,4
Marketing,Drilling,In Salah,Block 2,Equipment-1301,EQ-01301,flaring,Diesel,9669.26,gal,2024,11
Transportation,Production,Hassi Messaoud,Block 1,Equipment-1302,EQ-01302,fugitive,,7641.44,,2023,7
Refining,Operations,Illizi,Block 2,Equipment-1303,EQ-01303,venting,,6390.28,,2023,4
Marketing,Logistics,Illizi,Block 1,Equipment-1304,EQ-01304,combustion,Natural Gas,8097.66,scf,2023,7
Transportation,Logistics,Hassi R'Mel,Block 1,Equipment-1305,EQ-01305,venting,,6873.24,,2024,3
Marketing,Drilling,In Salah,Area X,Equipment-1306,EQ-01306,combustion,,228.71,,2023,9
Exploration & Production,Operations,Rhourde Nouss,Block 1,Equipment-1307,EQ-01307,fugitive,,4291.63,,2023,6
Marketing,Logistics,Rhourde Nouss,Block 1,Equipment-1308,EQ-01308,drilling,,8185.87,,2024,11
Transportation,Logistics,Berkine,Block 1,Equipment-1309,EQ-01309,fugitive,,4696.32,,2025,7
Refining,Production,Hassi Messaoud,Block 2,Equipment-1310,EQ-01310,combustion,,722.1,,2023,1
Transportation,Drilling,Adrar,Field B,Equipment-1311,EQ-01311,drilling,,5447.02,,2024,5
Transportation,Production,Adrar,Field A,Equipment-1312,EQ-01312,drilling,,4054.64,,2023,2
Exploration & Production,Production,Berkine,Field A,Equipment-1313,EQ-01313,combustion,Propane,9483.85,gal,2024,2
Refining,Drilling,Adrar,Area Y,Equipment-1314,EQ-01314,venting,,7814.33,,2025,2
Transportation,Production,Hassi Messaoud,Field A,Equipment-1315,EQ-01315,combustion,Natural Gas,4068.45,scf,2023,3
Marketing,Drilling,Hassi Messaoud,Block 1,Equipment-1316,EQ-01316,venting,,248.9,,2024,7
Transportation,Operations,Hassi Messaoud,Area X,Equipment-1317,EQ-01317,combustion,Natural Gas,3850.19,scf,2023,5
Refining,Logistics,Berkine,Block 2,Equipment-1318,EQ-01318,venting,,93.57,,2024,5
Exploration & Production,Drilling,In Salah,Field A,Equipment-1319,EQ-01319,fugitive,,8544.55,,2025,6
Transportation,Drilling,Berkine,Block 2,Equipment-1320,EQ-01320,flaring,,5458.32,,2025,12
Exploration & Production,Logistics,Berkine,Field A,Equipment-1321,EQ-01321,flaring,Fuel Gas,1240.79,gal,2023,9
Marketing,Operations,Rhourde Nouss,Area Y,Equipment-1322,EQ-01322,flaring,,6523.46,,2024,10
Refining,Production,Hassi R'Mel,Block 1,Equipment-1323,EQ-01323,flaring,,9349.44,,2022,7
Refining,Operations,Illizi,Block 2,Equipment-1324,EQ-01324,venting,,7213.41,,2022,3
Marketing,Drilling,Rhourde Nouss,Field A,Equipment-1325,EQ-01325,venting,,5750.04,,2023,7
Transportation,Operations,Adrar,Field A,Equipment-1326,EQ-01326,fugitive,,8228.92,,2024,2
Refining,Operations,Berkine,Block 1,Equipment-1327,EQ-01327,drilling,,7075.74,,2025,4
Refining,Drilling,Berkine,Block 1,Equipment-1328,EQ-01328,drilling,,2824.2,,2024,10
Marketing,Production,Rhourde Nouss,Block 2,Equipment-1329,EQ-01329,flaring,Fuel Gas,5840.42,gal,2022,10
Transportation,Operations,In Salah,Area X,Equipment-1330,EQ-01330,drilling,,6963.11,,2022,4
Exploration & Production,Operations,Illizi,Field A,Equipment-1331,EQ-01331,flaring,Diesel,6142.78,gal,2022,2
Transportation,Production,Illizi,Field B,Equipment-1332,EQ-01332,combustion,Diesel,8160.25,gal,2023,6
Marketing,Production,Berkine,Area X,Equipment-1333,EQ-01333,drilling,,2498.58,,2024,10
Transportation,Logistics,Hassi R'Mel,Area X,Equipment-1334,EQ-01334,venting,,7446.85,,2024,11
Exploration & Production,Logistics,Illizi,Area X,Equipment-1335,EQ-01335,combustion,Natural Gas,4629.99,scf,2022,1
Exploration & Production,Production,Hassi R'Mel,Field B,Equipment-1336,EQ-01336,venting,,8530.37,,2022,5
Exploration & Production,Operations,In Salah,Block 2,Equipment-1337,EQ-01337,drilling,,1575.73,,2023,11
Refining,Logistics,Illizi,Field B,Equipment-1338,EQ-01338,drilling,,5516.36,,2023,1
Transportation,Production,Hassi R'Mel,Area Y,Equipment-1339,EQ-01339,fugitive,,3046.91,,2024,5
Exploration & Production,Operations,Hassi Messaoud,Area Y,Equipment-1340,EQ-01340,fugitive,,801.1,,2025,10
Transportation,Logistics,Illizi,Area X,Equipment-1341,EQ-01341,drilling,,5760.7,,2024,8
Refining,Drilling,Hassi R'Mel,Area X,Equipment-1342,EQ-01342,flaring,Fuel Gas,3292.77,gal,2023,5
Exploration & Production,Production,Rhourde Nouss,Field A,Equipment-1343,EQ-01343,fugitive,,5914.14,,2023,2
Exploration & Production,Operations,Hassi R'Mel,Area Y,Equipment-1344,EQ-01344,fugitive,,1418.28,,2022,11
Marketing,Logistics,Adrar,Area Y,Equipment-1345,EQ-01345,combustion,Propane,4230.22,gal,2022,9
Marketing,Logistics,Hassi Messaoud,Field A,Equipment-1346,EQ-01346,combustion,Natural Gas,1351.8,scf,2024,10
Refining,Drilling,Berkine,Field B,Equipment-1347,EQ-01347,combustion,,3719.87,,2022,1
Marketing,Logistics,In Salah,Field B,Equipment-1348,EQ-01348,fugitive,,4100.92,,2025,3
Transportation,Production,Illizi,Field A,Equipment-1349,EQ-01349,venting,,1863.59,,2023,7
Exploration & Production,Drilling,In Salah,Field B,Equipment-1350,EQ-01350,drilling,,6833.49,,2023,2
Marketing,Drilling,Hassi Messaoud,Field B,Equipment-1351,EQ-01351,combustion,Diesel,5040.04,gal,2025,1
Transportation,Logistics,In Salah,Area X,Equipment-1352,EQ-01352,fugitive,,9778.91,,2022,8
Exploration & Production,Operations,Hassi Messaoud,Block 1,Equipment-1353,EQ-01353,combustion,,4489.0,,2024,12
Marketing,Logistics,Hassi R'Mel,Block 1,Equipment-1354,EQ-01354,combustion,Propane,1883.46,gal,2023,8
Transportation,Production,Hassi Messaoud,Block 1,Equipment-1355,EQ-01355,combustion,,7419.98,,2023,12
Refining,Drilling,Berkine,Area Y,Equipment-1356,EQ-01356,drilling,,8440.04,,2022,6
Exploration & Production,Drilling,Berkine,Area Y,Equipment-1357,EQ-01357,flaring,Diesel,4615.72,gal,2022,11
Refining,Production,Hassi Messaoud,Field B,Equipment-1358,EQ-01358,drilling,,871.36,,2025,6
Marketing,Operations,Hassi R'Mel,Area Y,Equipment-1359,EQ-01359,flaring,Natural Gas,4093.17,scf,2025,5
Transportation,Production,Hassi Messaoud,Area Y,Equipment-1360,EQ-01360,fugitive,,6649.52,,2023,7
Refining,Production,Berkine,Block 2,Equipment-1361,EQ-01361,flaring,Propane,7868.79,gal,2022,1
Exploration & Production,Operations,Hassi R'Mel,Field B,Equipment-1362,EQ-01362,flaring,Natural Gas,5626.67,scf,2023,10
Transportation,Operations,In Salah,Area Y,Equipment-1363,EQ-01363,combustion,Diesel,8787.0,gal,2022,1
Marketing,Drilling,Hassi R'Mel,Area Y,Equipment-1364,EQ-01364,combustion,Propane,3104.72,gal,2025,11
Marketing,Operations,Berkine,Area Y,Equipment-1365,EQ-01365,fugitive,,6927.4,,2022,6
Exploration & Production,Drilling,Rhourde Nouss,Area Y,Equipment-1366,EQ-01366,combustion,Natural Gas,9784.15,scf,2024,7
Transportation,Logistics,Illizi,Area X,Equipment-1367,EQ-01367,drilling,,4950.49,,2024,4
Marketing,Operations,Illizi,Block 2,Equipment-1368,EQ-01368,venting,,9761.73,,2025,3
Refining,Operations,Adrar,Field B,Equipment-1369,EQ-01369,drilling,,4364.4,,2024,1
Marketing,Production,Rhourde Nouss,Block 2,Equipment-1370,EQ-01370,fugitive,,4651.89,,2025,6
Transportation,Drilling,Berkine,Block 1,Equipment-1371,EQ-01371,flaring,,360.73,,2023,8
Exploration & Production,Operations,In Salah,Field A,Equipment-1372,EQ-01372,drilling,,6606.64,,2022,3
Exploration & Production,Drilling,Hassi Messaoud,Area X,Equipment-1373,EQ-01373,flaring,Fuel Gas,2404.11,gal,2024,7
Refining,Logistics,Adrar,Area Y,Equipment-1374,EQ-01374,combustion,Diesel,4934.07,gal,2024,11
Transportation,Drilling,Hassi Messaoud,Field A,Equipment-1375,EQ-01375,flaring,Propane,4112.16,gal,2025,3
Refining,Drilling,In Salah,Block 1,Equipment-1376,EQ-01376,flaring,,6779.98,,2023,6
Exploration & Production,Operations,In Salah,Area X,Equipment-1377,EQ-01377,fugitive,,6761.63,,2025,10
Exploration & Production,Operations,Berkine,Area Y,Equipment-1378,EQ-01378,venting,,9881.93,,2024,1
Transportation,Logistics,Adrar,Area X,Equipment-1379,EQ-01379,venting,,2445.22,,2024,1
Refining,Operations,Berkine,Field B,Equipment-1380,EQ-01380,flaring,,7408.09,,2025,7
Refining,Operations,Berkine,Area X,Equipment-1381,EQ-01381,fugitive,,4971.7,,2024,6
Transportation,Drilling,Hassi Messaoud,Field B,Equipment-1382,EQ-01382,combustion,,4407.85,,2023,4
Marketing,Drilling,Rhourde Nouss,Field B,Equipment-1383,EQ-01383,combustion,Propane,7110.21,gal,2022,9
Refining,Production,Adrar,Area X,Equipment-1384,EQ-01384,venting,,3532.28,,2023,1
Exploration & Production,Production,Hassi R'Mel,Block 1,Equipment-1385,EQ-01385,fugitive,,6310.19,,2022,8
Exploration & Production,Operations,Hassi Messaoud,Block 1,Equipment-1386,EQ-01386,drilling,,5420.92,,2025,8
Transportation,Operations,In Salah,Area Y,Equipment-1387,EQ-01387,combustion,Natural Gas,9734.01,scf,2025,8
Exploration & Production,Operations,In Salah,Area Y,Equipment-1388,EQ-01388,fugitive,,4579.66,,2023,5
Transportation,Operations,Rhourde Nouss,Field B,Equipment-1389,EQ-01389,flaring,Fuel Gas,1829.77,gal,2025,10
Refining,Production,Hassi Messaoud,Block 1,Equipment-1390,EQ-01390,combustion,Propane,8491.85,gal,2025,11
Exploration & Production,Drilling,Hassi Messaoud,Area Y,Equipment-1391,EQ-01391,fugitive,,9252.85,,2025,1
Exploration & Production,Production,Adrar,Field B,Equipment-1392,EQ-01392,combustion,Diesel,3417.48,gal,2023,6
Exploration & Production,Production,Berkine,Block 2,Equipment-1393,EQ-01393,drilling,,4579.33,,2023,8
Marketing,Production,Illizi,Field B,Equipment-1394,EQ-01394,fugitive,,3890.81,,2023,1
Transportation,Operations,Rhourde Nouss,Area X,Equipment-1395,EQ-01395,fugitive,,239.01,,2022,10
Marketing,Production,Berkine,Block 2,Equipment-1396,EQ-01396,flaring,,1712.59,,2024,5
Marketing,Logistics,In Salah,Block 1,Equipment-1397,EQ-01397,combustion,,7742.04,,2023,12
Transportation,Drilling,In Salah,Block 2,Equipment-1398,EQ-01398,drilling,,3269.07,,2025,7
Transportation,Drilling,Berkine,Block 2,Equipment-1399,EQ-01399,venting,,4488.92,,2024,12
Refining,Operations,Hassi R'Mel,Field A,Equipment-1400,EQ-01400,drilling,,4953.95,,2024,9
Marketing,Logistics,Rhourde Nouss,Block 2,Equipment-1401,EQ-01401,venting,,8008.58,,2022,9
Marketing,Production,Adrar,Area X,Equipment-1402,EQ-01402,combustion,Fuel Gas,1497.56,gal,2023,5
Refining,Production,Berkine,Field A,Equipment-1403,EQ-01403,venting,,954.32,,2022,1
Refining,Logistics,In Salah,Block 2,Equipment-1404,EQ-01404,drilling,,2726.45,,2025,3
Transportation,Production,Hassi R'Mel,Block 2,Equipment-1405,EQ-01405,fugitive,,7247.68,,2025,4
Marketing,Logistics,In Salah,Field B,Equipment-1406,EQ-01406,fugitive,,6169.86,,2022,8
Marketing,Logistics,Berkine,Area Y,Equipment-1407,EQ-01407,fugitive,,8681.77,,2025,8
Marketing,Production,Rhourde Nouss,Area X,Equipment-1408,EQ-01408,flaring,Fuel Gas,1499.14,gal,2023,1
Refining,Logistics,Hassi Messaoud,Area Y,Equipment-1409,EQ-01409,venting,,7469.41,,2023,1
Marketing,Logistics,Adrar,Area X,Equipment-1410,EQ-01410,fugitive,,8142.57,,2023,1
Marketing,Drilling,Adrar,Block 1,Equipment-1411,EQ-01411,combustion,Diesel,4616.76,gal,2022,9
Transportation,Drilling,Rhourde Nouss,Area X,Equipment-1412,EQ-01412,drilling,,5285.42,,2024,4
Marketing,Production,Illizi,Area X,Equipment-1413,EQ-01413,drilling,,5223.36,,2022,4
Marketing,Drilling,Rhourde Nouss,Area X,Equipment-1414,EQ-01414,fugitive,,4688.77,,2025,12
Refining,Operations,Rhourde Nouss,Area Y,Equipment-1415,EQ-01415,fugitive,,2149.36,,2025,7
Marketing,Production,Berkine,Area Y,Equipment-1416,EQ-01416,flaring,Propane,4805.12,gal,2023,7
Exploration & Production,Drilling,Berkine,Field B,Equipment-1417,EQ-01417,flaring,Diesel,2676.79,gal,2022,4
Transportation,Logistics,Rhourde Nouss,Block 2,Equipment-1418,EQ-01418,venting,,6067.11,,2025,8
Transportation,Production,Illizi,Block 1,Equipment-1419,EQ-01419,drilling,,4076.65,,2024,12
Marketing,Production,In Salah,Block 2,Equipment-1420,EQ-01420,flaring,Natural Gas,4241.71,scf,2025,8
Exploration & Production,Logistics,Berkine,Area Y,Equipment-1421,EQ-01421,combustion,Propane,5123.05,gal,2023,11
Exploration & Production,Drilling,Hassi R'Mel,Area Y,Equipment-1422,EQ-01422,venting,,6928.86,,2023,8
Refining,Operations,In Salah,Block 2,Equipment-1423,EQ-01423,flaring,Propane,363.55,gal,2025,5
Refining,Operations,Rhourde Nouss,Block 1,Equipment-1424,EQ-01424,combustion,Diesel,8135.54,gal,2023,10
Refining,Production,Illizi,Field A,Equipment-1425,EQ-01425,combustion,Diesel,7060.59,gal,2023,6
Marketing,Logistics,Berkine,Field A,Equipment-1426,EQ-01426,flaring,Diesel,3600.13,gal,2024,8
Refining,Logistics,Hassi R'Mel,Area X,Equipment-1427,EQ-01427,combustion,Propane,6337.05,gal,2022,8
Exploration & Production,Logistics,Hassi Messaoud,Block 1,Equipment-1428,EQ-01428,flaring,Propane,4580.32,gal,2025,11
Exploration & Production,Production,Berkine,Area Y,Equipment-1429,EQ-01429,combustion,Propane,4359.76,gal,2023,3
Refining,Logistics,In Salah,Field A,Equipment-1430,EQ-01430,drilling,,6681.5,,2024,1
Exploration & Production,Drilling,Adrar,Area X,Equipment-1431,EQ-01431,fugitive,,3407.8,,2024,8
Marketing,Production,Berkine,Area X,Equipment-1432,EQ-01432,fugitive,,286.92,,2022,2
Marketing,Operations,Illizi,Block 2,Equipment-1433,EQ-01433,venting,,4422.98,,2022,8
Marketing,Operations,Illizi,Area X,Equipment-1434,EQ-01434,drilling,,6384.85,,2024,9
Refining,Production,Berkine,Area Y,Equipment-1435,EQ-01435,venting,,7615.55,,2024,3
Refining,Operations,In Salah,Block 1,Equipment-1436,EQ-01436,combustion,Fuel Gas,9065.78,gal,2024,1
Exploration & Production,Logistics,Rhourde Nouss,Block 1,Equipment-1437,EQ-01437,flaring,,3584.67,,2022,12
Refining,Production,Adrar,Field A,Equipment-1438,EQ-01438,fugitive,,7267.05,,2025,11
Marketing,Operations,Berkine,Field A,Equipment-1439,EQ-01439,flaring,Fuel Gas,680.26,gal,2023,1
Refining,Drilling,Hassi Messaoud,Block 2,Equipment-1440,EQ-01440,drilling,,7346.51,,2025,1
Transportation,Logistics,In Salah,Field B,Equipment-1441,EQ-01441,flaring,,5145.61,,2025,2
Refining,Operations,In Salah,Area X,Equipment-1442,EQ-01442,venting,,9458.23,,2024,9
Exploration & Production,Drilling,Adrar,Field B,Equipment-1443,EQ-01443,drilling,,2411.92,,2023,12
Marketing,Production,Illizi,Block 2,Equipment-1444,EQ-01444,drilling,,1581.32,,2025,3
Transportation,Production,Rhourde Nouss,Field B,Equipment-1445,EQ-01445,drilling,,252.11,,2023,11
Exploration & Production,Drilling,Adrar,Area X,Equipment-1446,EQ-01446,flaring,,8546.24,,2025,11
Transportation,Production,Hassi R'Mel,Area Y,Equipment-1447,EQ-01447,combustion,Fuel Gas,2130.57,gal,2023,11
Exploration & Production,Logistics,Rhourde Nouss,Area Y,Equipment-1448,EQ-01448,fugitive,,6326.11,,2025,2
Transportation,Production,Berkine,Area X,Equipment-1449,EQ-01449,venting,,957.42,,2024,12
Transportation,Production,Hassi R'Mel,Area X,Equipment-1450,EQ-01450,fugitive,,8089.51,,2023,6
Transportation,Logistics,Hassi Messaoud,Block 1,Equipment-1451,EQ-01451,drilling,,2663.22,,2024,2
Transportation,Operations,Berkine,Field B,Equipment-1452,EQ-01452,fugitive,,1456.23,,2025,1
Transportation,Logistics,Adrar,Block 2,Equipment-1453,EQ-01453,combustion,Natural Gas,4654.62,scf,2024,3
Refining,Production,Hassi R'Mel,Block 2,Equipment-1454,EQ-01454,drilling,,3654.84,,2024,4
Marketing,Drilling,Hassi Messaoud,Area X,Equipment-1455,EQ-01455,venting,,8120.32,,2023,3
Refining,Operations,Adrar,Block 1,Equipment-1456,EQ-01456,fugitive,,7328.04,,2022,2
Marketing,Production,Illizi,Area Y,Equipment-1457,EQ-01457,combustion,Diesel,2244.61,gal,2023,11
Refining,Logistics,Hassi R'Mel,Area X,Equipment-1458,EQ-01458,flaring,Propane,3867.53,gal,2023,5
Marketing,Operations,Illizi,Field A,Equipment-1459,EQ-01459,venting,,5729.51,,2024,7
Exploration & Production,Operations,In Salah,Field B,Equipment-1460,EQ-01460,flaring,Natural Gas,4923.39,scf,2023,6
Exploration & Production,Production,Hassi Messaoud,Area Y,Equipment-1461,EQ-01461,fugitive,,6246.56,,2022,5
Marketing,Drilling,Berkine,Block 2,Equipment-1462,EQ-01462,flaring,Diesel,7045.72,gal,2025,10
Transportation,Drilling,Berkine,Block 1,Equipment-1463,EQ-01463,venting,,3339.13,,2023,8
Marketing,Logistics,Hassi Messaoud,Area Y,Equipment-1464,EQ-01464,combustion,Natural Gas,1792.38,scf,2023,2
Transportation,Production,Berkine,Block 2,Equipment-1465,EQ-01465,drilling,,7654.24,,2023,12
Refining,Operations,Hassi Messaoud,Area X,Equipment-1466,EQ-01466,venting,,1191.67,,2023,8
Exploration & Production,Operations,Hassi R'Mel,Area Y,Equipment-1467,EQ-01467,combustion,,1217.12,,2025,8
Exploration & Production,Production,Berkine,Area Y,Equipment-1468,EQ-01468,combustion,Diesel,9253.03,gal,2024,2
Transportation,Operations,Hassi Messaoud,Field A,Equipment-1469,EQ-01469,fugitive,,3461.18,,2025,2
Marketing,Logistics,Rhourde Nouss,Area Y,Equipment-1470,EQ-01470,combustion,Diesel,9015.21,gal,2025,11
Marketing,Production,Hassi R'Mel,Block 1,Equipment-1471,EQ-01471,fugitive,,4298.48,,2024,6
Exploration & Production,Operations,Illizi,Block 2,Equipment-1472,EQ-01472,fugitive,,6706.93,,2023,11
Marketing,Drilling,Hassi R'Mel,Field A,Equipment-1473,EQ-01473,fugitive,,4989.33,,2024,5
Transportation,Production,In Salah,Area X,Equipment-1474,EQ-01474,flaring,Fuel Gas,1341.42,gal,2024,2
Marketing,Operations,In Salah,Area X,Equipment-1475,EQ-01475,drilling,,4730.57,,2025,2
Marketing,Logistics,Illizi,Field A,Equipment-1476,EQ-01476,fugitive,,9194.86,,2023,1
Exploration & Production,Production,Illizi,Area Y,Equipment-1477,EQ-01477,combustion,Natural Gas,2223.73,scf,2024,3
Refining,Logistics,Adrar,Area Y,Equipment-1478,EQ-01478,fugitive,,7636.92,,2025,5
Refining,Operations,Adrar,Block 2,Equipment-1479,EQ-01479,venting,,2472.74,,2024,5
Refining,Logistics,Berkine,Block 1,Equipment-1480,EQ-01480,flaring,Natural Gas,8921.51,scf,2022,8
Exploration & Production,Production,Adrar,Field B,Equipment-1481,EQ-01481,combustion,Natural Gas,551.75,scf,2023,7
Marketing,Operations,Adrar,Block 1,Equipment-1482,EQ-01482,fugitive,,6660.46,,2025,1
Transportation,Logistics,Illizi,Block 2,Equipment-1483,EQ-01483,fugitive,,8527.29,,2025,8
Refining,Logistics,In Salah,Area Y,Equipment-1484,EQ-01484,combustion,Propane,4171.31,gal,2024,9
Exploration & Production,Drilling,Adrar,Area Y,Equipment-1485,EQ-01485,venting,,3156.62,,2025,4
Transportation,Operations,Illizi,Field A,Equipment-1486,EQ-01486,flaring,,5165.81,,2022,7
Refining,Logistics,Rhourde Nouss,Block 1,Equipment-1487,EQ-01487,flaring,,3785.4,,2022,8
Exploration & Production,Logistics,Berkine,Area X,Equipment-1488,EQ-01488,combustion,,4722.45,,2022,6
Transportation,Operations,Hassi R'Mel,Field A,Equipment-1489,EQ-01489,fugitive,,348.88,,2022,11
Marketing,Operations,Berkine,Field A,Equipment-1490,EQ-01490,combustion,,1865.68,,2024,6
Transportation,Drilling,In Salah,Block 1,Equipment-1491,EQ-01491,flaring,Fuel Gas,4869.03,gal,2022,2
Refining,Drilling,Adrar,Field A,Equipment-1492,EQ-01492,venting,,9372.57,,2022,7
Refining,Drilling,Illizi,Area X,Equipment-1493,EQ-01493,venting,,2297.7,,2025,1
Exploration & Production,Logistics,Adrar,Area X,Equipment-1494,EQ-01494,flaring,Fuel Gas,6247.07,gal,2025,6
Exploration & Production,Production,Hassi Messaoud,Area Y,Equipment-1495,EQ-01495,flaring,Natural Gas,4560.31,scf,2025,11
Refining,Logistics,In Salah,Field A,Equipment-1496,EQ-01496,venting,,9283.0,,2025,4
Refining,Production,Illizi,Block 1,Equipment-1497,EQ-01497,fugitive,,2400.62,,2023,11
Transportation,Logistics,Adrar,Area Y,Equipment-1498,EQ-01498,drilling,,2263.18,,2024,11
Refining,Logistics,Illizi,Block 2,Equipment-1499,EQ-01499,fugitive,,719.61,,2022,10
Refining,Drilling,In Salah,Area Y,Equipment-1500,EQ-01500,venting,,2512.84,,2025,10
Refining,Production,Adrar,Area X,Equipment-1501,EQ-01501,combustion,Propane,157.95,gal,2023,10
Refining,Drilling,Adrar,Area Y,Equipment-1502,EQ-01502,venting,,841.96,,2025,2
Exploration & Production,Logistics,Hassi R'Mel,Area X,Equipment-1503,EQ-01503,venting,,2024.32,,2023,1
Refining,Drilling,Illizi,Area X,Equipment-1504,EQ-01504,fugitive,,7897.62,,2023,8
Exploration & Production,Production,Hassi R'Mel,Block 1,Equipment-1505,EQ-01505,combustion,,7361.94,,2025,7
Refining,Operations,Berkine,Field B,Equipment-1506,EQ-01506,venting,,1051.0,,2025,12
Transportation,Operations,In Salah,Field A,Equipment-1507,EQ-01507,fugitive,,1631.38,,2023,9
Exploration & Production,Production,Hassi R'Mel,Area X,Equipment-1508,EQ-01508,combustion,Fuel Gas,3150.88,gal,2023,2
Refining,Operations,In Salah,Area X,Equipment-1509,EQ-01509,drilling,,8537.73,,2024,3
Transportation,Logistics,Hassi R'Mel,Block 1,Equipment-1510,EQ-01510,venting,,1447.11,,2025,10
Transportation,Drilling,Hassi R'Mel,Area X,Equipment-1511,EQ-01511,drilling,,8457.12,,2023,5
Refining,Drilling,In Salah,Field B,Equipment-1512,EQ-01512,fugitive,,2563.99,,2024,10
Marketing,Logistics,Hassi R'Mel,Field A,Equipment-1513,EQ-01513,fugitive,,2164.98,,2024,10
Exploration & Production,Operations,In Salah,Area X,Equipment-1514,EQ-01514,flaring,Diesel,503.46,gal,2025,7
Transportation,Production,Hassi R'Mel,Area Y,Equipment-1515,EQ-01515,flaring,Fuel Gas,5141.96,gal,2023,2
Transportation,Drilling,Rhourde Nouss,Field A,Equipment-1516,EQ-01516,drilling,,6142.37,,2023,7
Transportation,Operations,Hassi R'Mel,Field B,Equipment-1517,EQ-01517,flaring,Natural Gas,9238.7,scf,2023,1
Refining,Production,Adrar,Block 1,Equipment-1518,EQ-01518,combustion,Natural Gas,747.7,scf,2022,11
Transportation,Operations,Rhourde Nouss,Field B,Equipment-1519,EQ-01519,drilling,,5518.6,,2024,5
Transportation,Production,Illizi,Area X,Equipment-1520,EQ-01520,flaring,Fuel Gas,9365.56,gal,2024,5
Exploration & Production,Drilling,Adrar,Area X,Equipment-1521,EQ-01521,drilling,,1364.93,,2023,10
Transportation,Logistics,Hassi R'Mel,Block 2,Equipment-1522,EQ-01522,combustion,Fuel Gas,4726.82,gal,2022,8
Refining,Production,In Salah,Field B,Equipment-1523,EQ-01523,fugitive,,9377.53,,2022,9
Transportation,Production,Rhourde Nouss,Field A,Equipment-1524,EQ-01524,venting,,9702.38,,2024,3
Transportation,Production,Hassi R'Mel,Area Y,Equipment-1525,EQ-01525,venting,,8615.23,,2024,11
Marketing,Operations,Rhourde Nouss,Area Y,Equipment-1526,EQ-01526,combustion,Fuel Gas,3148.45,gal,2025,7
Transportation,Production,Hassi Messaoud,Area Y,Equipment-1527,EQ-01527,venting,,435.62,,2022,8
Marketing,Drilling,Rhourde Nouss,Block 1,Equipment-1528,EQ-01528,fugitive,,4211.38,,2023,5
Refining,Operations,Berkine,Field A,Equipment-1529,EQ-01529,combustion,Propane,8957.03,gal,2022,12
Marketing,Production,In Salah,Field A,Equipment-1530,EQ-01530,drilling,,372.39,,2023,11
Refining,Logistics,Rhourde Nouss,Block 1,Equipment-1531,EQ-01531,combustion,,8114.16,,2025,4
Transportation,Production,Illizi,Block 2,Equipment-1532,EQ-01532,combustion,Fuel Gas,4623.29,gal,2024,3
Refining,Production,Rhourde Nouss,Field A,Equipment-1533,EQ-01533,flaring,Fuel Gas,7428.9,gal,2023,11
Exploration & Production,Logistics,Adrar,Area Y,Equipment-1534,EQ-01534,venting,,254.79,,2022,10
Transportation,Production,In Salah,Block 1,Equipment-1535,EQ-01535,venting,,4225.92,,2022,9
Refining,Drilling,In Salah,Area X,Equipment-1536,EQ-01536,venting,,8040.68,,2025,6
Exploration & Production,Operations,Rhourde Nouss,Block 1,Equipment-1537,EQ-01537,combustion,Propane,6147.72,gal,2023,12
Exploration & Production,Drilling,Hassi R'Mel,Field A,Equipment-1538,EQ-01538,combustion,Diesel,1917.26,gal,2025,2
Transportation,Drilling,Rhourde Nouss,Field B,Equipment-1539,EQ-01539,venting,,5131.8,,2025,3
Exploration & Production,Operations,Hassi Messaoud,Field B,Equipment-1540,EQ-01540,combustion,Fuel Gas,8788.49,gal,2023,7
Exploration & Production,Production,Berkine,Field B,Equipment-1541,EQ-01541,venting,,7848.35,,2023,7
Marketing,Logistics,Illizi,Area Y,Equipment-1542,EQ-01542,fugitive,,7049.91,,2025,8
Exploration & Production,Production,Illizi,Block 1,Equipment-1543,EQ-01543,combustion,Diesel,7679.3,gal,2025,11
Transportation,Production,In Salah,Area Y,Equipment-1544,EQ-01544,drilling,,7166.4,,2022,1
Transportation,Operations,Hassi Messaoud,Area X,Equipment-1545,EQ-01545,drilling,,7595.51,,2025,10
Exploration & Production,Drilling,Berkine,Field A,Equipment-1546,EQ-01546,fugitive,,4283.93,,2022,2
Marketing,Operations,Adrar,Field B,Equipment-1547,EQ-01547,venting,,7951.35,,2022,9
Refining,Logistics,Rhourde Nouss,Area X,Equipment-1548,EQ-01548,drilling,,5032.57,,2022,9
Marketing,Drilling,Illizi,Area Y,Equipment-1549,EQ-01549,fugitive,,4475.61,,2025,3
Exploration & Production,Production,Hassi R'Mel,Block 2,Equipment-1550,EQ-01550,fugitive,,8590.83,,2023,5
Marketing,Production,In Salah,Field B,Equipment-1551,EQ-01551,combustion,Fuel Gas,3432.21,gal,2024,4
Transportation,Operations,In Salah,Field A,Equipment-1552,EQ-01552,flaring,,3222.6,,2023,5
Refining,Production,Adrar,Field A,Equipment-1553,EQ-01553,flaring,Natural Gas,636.28,scf,2024,3
Transportation,Operations,In Salah,Area Y,Equipment-1554,EQ-01554,fugitive,,2857.1,,2022,2
Refining,Logistics,Berkine,Block 1,Equipment-1555,EQ-01555,flaring,Natural Gas,6547.87,scf,2024,5
Exploration & Production,Production,Adrar,Block 1,Equipment-1556,EQ-01556,fugitive,,2345.35,,2024,12
Marketing,Logistics,In Salah,Field A,Equipment-1557,EQ-01557,combustion,Diesel,1677.9,gal,2022,5
Transportation,Operations,Berkine,Field A,Equipment-1558,EQ-01558,combustion,,706.31,,2025,3
Refining,Production,Rhourde Nouss,Area Y,Equipment-1559,EQ-01559,flaring,Natural Gas,4233.28,scf,2024,3
Marketing,Operations,Rhourde Nouss,Field A,Equipment-1560,EQ-01560,drilling,,5700.61,,2024,3
Refining,Operations,In Salah,Block 1,Equipment-1561,EQ-01561,fugitive,,1363.16,,2023,6
Transportation,Operations,In Salah,Area X,Equipment-1562,EQ-01562,fugitive,,5979.36,,2023,1
Exploration & Production,Logistics,Hassi Messaoud,Area Y,Equipment-1563,EQ-01563,venting,,2204.18,,2023,12
Refining,Drilling,Berkine,Field A,Equipment-1564,EQ-01564,venting,,1031.29,,2025,10
Transportation,Operations,Berkine,Field B,Equipment-1565,EQ-01565,flaring,Fuel Gas,3126.95,gal,2025,10
Exploration & Production,Operations,Illizi,Field A,Equipment-1566,EQ-01566,fugitive,,5386.15,,2025,2
Refining,Production,Hassi Messaoud,Field A,Equipment-1567,EQ-01567,combustion,Fuel Gas,4817.34,gal,2024,11
Exploration & Production,Operations,Berkine,Field B,Equipment-1568,EQ-01568,venting,,667.92,,2022,9
Refining,Logistics,Hassi R'Mel,Block 2,Equipment-1569,EQ-01569,flaring,Fuel Gas,1859.13,gal,2022,9
Refining,Logistics,Hassi Messaoud,Field B,Equipment-1570,EQ-01570,venting,,6253.86,,2023,6
Marketing,Logistics,Hassi Messaoud,Area Y,Equipment-1571,EQ-01571,combustion,Natural Gas,6130.39,scf,2025,5
Marketing,Logistics,In Salah,Area Y,Equipment-1572,EQ-01572,flaring,Natural Gas,4669.36,scf,2024,8
Transportation,Drilling,In Salah,Area Y,Equipment-1573,EQ-01573,drilling,,8264.11,,2023,10
Marketing,Production,Berkine,Area Y,Equipment-1574,EQ-01574,venting,,1236.11,,2024,4
Refining,Operations,In Salah,Block 1,Equipment-1575,EQ-01575,drilling,,7578.17,,2025,4
Exploration & Production,Operations,Hassi Messaoud,Field B,Equipment-1576,EQ-01576,combustion,Propane,1239.91,gal,2025,8
Exploration & Production,Production,Hassi R'Mel,Area X,Equipment-1577,EQ-01577,combustion,Natural Gas,573.35,scf,2023,7
Refining,Drilling,Rhourde Nouss,Field A,Equipment-1578,EQ-01578,flaring,,398.55,,2025,11
Refining,Drilling,Hassi Messaoud,Area X,Equipment-1579,EQ-01579,drilling,,6270.7,,2024,2
Marketing,Production,Hassi Messaoud,Area X,Equipment-1580,EQ-01580,combustion,Diesel,8413.09,gal,2025,8
Refining,Operations,Illizi,Area Y,Equipment-1581,EQ-01581,fugitive,,8598.04,,2024,2
Exploration & Production,Drilling,Berkine,Area X,Equipment-1582,EQ-01582,flaring,Fuel Gas,9117.09,gal,2025,4
Transportation,Operations,Berkine,Area X,Equipment-1583,EQ-01583,drilling,,5484.92,,2023,6
Refining,Logistics,Adrar,Area X,Equipment-1584,EQ-01584,drilling,,6520.45,,2024,12
Exploration & Production,Production,Adrar,Block 2,Equipment-1585,EQ-01585,fugitive,,4715.41,,2023,8
Marketing,Production,Hassi R'Mel,Block 2,Equipment-1586,EQ-01586,venting,,6784.93,,2024,11
Refining,Drilling,Illizi,Area Y,Equipment-1587,EQ-01587,fugitive,,1717.2,,2025,10
Exploration & Production,Production,In Salah,Block 1,Equipment-1588,EQ-01588,drilling,,3983.46,,2022,3
Transportation,Production,In Salah,Field A,Equipment-1589,EQ-01589,drilling,,5515.93,,2022,1
Transportation,Drilling,Hassi R'Mel,Area X,Equipment-1590,EQ-01590,drilling,,4546.06,,2025,5
Refining,Production,Rhourde Nouss,Block 1,Equipment-1591,EQ-01591,combustion,Fuel Gas,9522.89,gal,2025,2
Exploration & Production,Drilling,Hassi R'Mel,Block 1,Equipment-1592,EQ-01592,combustion,Fuel Gas,4817.99,gal,2022,8
Refining,Production,Adrar,Area X,Equipment-1593,EQ-01593,flaring,Natural Gas,1151.96,scf,2023,9
Refining,Logistics,Berkine,Area X,Equipment-1594,EQ-01594,fugitive,,9952.46,,2025,5
Exploration & Production,Drilling,Hassi Messaoud,Area Y,Equipment-1595,EQ-01595,drilling,,6479.07,,2022,6
Transportation,Operations,Rhourde Nouss,Field B,Equipment-1596,EQ-01596,venting,,6314.42,,2024,7
Exploration & Production,Production,Adrar,Area Y,Equipment-1597,EQ-01597,drilling,,4275.53,,2023,7
Marketing,Drilling,In Salah,Field A,Equipment-1598,EQ-01598,venting,,7344.55,,2024,7
Exploration & Production,Production,Adrar,Area Y,Equipment-1599,EQ-01599,venting,,8289.7,,2023,12
Refining,Drilling,Rhourde Nouss,Block 2,Equipment-1600,EQ-01600,venting,,3126.15,,2022,8
Marketing,Drilling,Illizi,Area X,Equipment-1601,EQ-01601,fugitive,,8439.95,,2025,7
Transportation,Drilling,Berkine,Block 1,Equipment-1602,EQ-01602,venting,,9960.95,,2024,5
Refining,Drilling,Hassi R'Mel,Block 1,Equipment-1603,EQ-01603,combustion,Propane,4343.59,gal,2023,3
Exploration & Production,Operations,Adrar,Area Y,Equipment-1604,EQ-01604,flaring,,9572.23,,2024,9
Exploration & Production,Production,Adrar,Block 1,Equipment-1605,EQ-01605,fugitive,,5400.6,,2024,8
Marketing,Drilling,Hassi R'Mel,Block 2,Equipment-1606,EQ-01606,drilling,,8283.35,,2024,1
Transportation,Logistics,In Salah,Field B,Equipment-1607,EQ-01607,flaring,Diesel,4681.8,gal,2023,5
Transportation,Production,Berkine,Block 2,Equipment-1608,EQ-01608,fugitive,,8137.31,,2025,8
Transportation,Production,Hassi R'Mel,Area Y,Equipment-1609,EQ-01609,fugitive,,7380.93,,2024,4
Refining,Logistics,Hassi R'Mel,Area Y,Equipment-1610,EQ-01610,combustion,,8695.14,,2025,5
Exploration & Production,Operations,In Salah,Block 2,Equipment-1611,EQ-01611,drilling,,9768.01,,2025,9
Marketing,Logistics,In Salah,Block 2,Equipment-1612,EQ-01612,combustion,,6297.03,,2022,11
Refining,Production,Berkine,Block 1,Equipment-1613,EQ-01613,fugitive,,8022.16,,2022,2
Refining,Production,Rhourde Nouss,Block 2,Equipment-1614,EQ-01614,fugitive,,4137.61,,2025,7
Exploration & Production,Drilling,Hassi Messaoud,Area X,Equipment-1615,EQ-01615,flaring,Diesel,1163.2,gal,2025,9
Exploration & Production,Production,Rhourde Nouss,Block 2,Equipment-1616,EQ-01616,flaring,Fuel Gas,1304.41,gal,2022,11
Marketing,Operations,In Salah,Area Y,Equipment-1617,EQ-01617,drilling,,977.51,,2024,9
Marketing,Operations,Adrar,Area X,Equipment-1618,EQ-01618,flaring,Fuel Gas,5416.77,gal,2022,4
Refining,Operations,Hassi Messaoud,Area X,Equipment-1619,EQ-01619,flaring,,1620.5,,2023,2
Transportation,Logistics,Berkine,Field B,Equipment-1620,EQ-01620,fugitive,,2571.8,,2024,10
Marketing,Logistics,Hassi R'Mel,Block 2,Equipment-1621,EQ-01621,fugitive,,6165.76,,2024,7
Exploration & Production,Production,Hassi Messaoud,Block 1,Equipment-1622,EQ-01622,combustion,Fuel Gas,2420.09,gal,2023,1
Exploration & Production,Logistics,Rhourde Nouss,Field B,Equipment-1623,EQ-01623,fugitive,,3606.01,,2025,8
Refining,Operations,Adrar,Block 1,Equipment-1624,EQ-01624,fugitive,,2541.19,,2022,10
Transportation,Production,Hassi Messaoud,Field A,Equipment-1625,EQ-01625,combustion,Propane,562.52,gal,2025,7
Transportation,Drilling,Hassi R'Mel,Block 1,Equipment-1626,EQ-01626,combustion,Propane,9492.65,gal,2025,3
Marketing,Logistics,Berkine,Field B,Equipment-1627,EQ-01627,fugitive,,5273.55,,2023,1
Transportation,Drilling,Hassi Messaoud,Block 1,Equipment-1628,EQ-01628,combustion,Diesel,1783.14,gal,2023,1
Exploration & Production,Production,Hassi Messaoud,Block 2,Equipment-1629,EQ-01629,drilling,,7756.02,,2025,10
Refining,Drilling,Illizi,Field A,Equipment-1630,EQ-01630,flaring,Propane,6108.28,gal,2022,1
Transportation,Operations,Rhourde Nouss,Area X,Equipment-1631,EQ-01631,combustion,,7864.89,,2022,2
Refining,Drilling,In Salah,Field B,Equipment-1632,EQ-01632,fugitive,,5614.97,,2023,5
Refining,Logistics,Illizi,Field B,Equipment-1633,EQ-01633,flaring,Natural Gas,9212.41,scf,2024,10
Transportation,Drilling,Illizi,Field B,Equipment-1634,EQ-01634,fugitive,,5281.2,,2023,2
Marketing,Drilling,Hassi Messaoud,Field B,Equipment-1635,EQ-01635,drilling,,7051.89,,2025,11
Refining,Operations,Hassi R'Mel,Field B,Equipment-1636,EQ-01636,fugitive,,5700.22,,2024,8
Refining,Logistics,Berkine,Block 1,Equipment-1637,EQ-01637,drilling,,5959.42,,2023,3
Refining,Production,Adrar,Block 1,Equipment-1638,EQ-01638,venting,,6768.34,,2023,11
Marketing,Logistics,Hassi Messaoud,Block 1,Equipment-1639,EQ-01639,flaring,Propane,8119.87,gal,2024,3
Transportation,Drilling,Berkine,Block 2,Equipment-1640,EQ-01640,drilling,,3621.13,,2024,3
Refining,Drilling,Hassi R'Mel,Area Y,Equipment-1641,EQ-01641,flaring,,2953.73,,2025,10
Transportation,Production,Hassi Messaoud,Area X,Equipment-1642,EQ-01642,drilling,,208.8,,2024,2
Transportation,Logistics,Rhourde Nouss,Block 1,Equipment-1643,EQ-01643,venting,,5691.95,,2025,3
Transportation,Production,Hassi R'Mel,Field A,Equipment-1644,EQ-01644,drilling,,4176.06,,2024,4
Refining,Drilling,Rhourde Nouss,Field B,Equipment-1645,EQ-01645,flaring,Propane,7823.54,gal,2022,6
Transportation,Production,Hassi R'Mel,Field B,Equipment-1646,EQ-01646,fugitive,,7529.49,,2023,3
Refining,Drilling,In Salah,Area Y,Equipment-1647,EQ-01647,drilling,,9780.87,,2023,11
Refining,Production,Hassi Messaoud,Field B,Equipment-1648,EQ-01648,combustion,Fuel Gas,682.51,gal,2022,1
Marketing,Production,Berkine,Block 2,Equipment-1649,EQ-01649,combustion,Diesel,6807.08,gal,2022,7
Marketing,Drilling,Hassi Messaoud,Block 1,Equipment-1650,EQ-01650,fugitive,,8960.29,,2024,4
Transportation,Drilling,Hassi Messaoud,Area Y,Equipment-1651,EQ-01651,flaring,,8256.6,,2022,5
Transportation,Drilling,Illizi,Area Y,Equipment-1652,EQ-01652,combustion,Propane,4204.72,gal,2023,6
Marketing,Drilling,In Salah,Field A,Equipment-1653,EQ-01653,venting,,5677.62,,2023,11
Transportation,Drilling,Adrar,Field A,Equipment-1654,EQ-01654,combustion,,5066.29,,2022,10
Marketing,Logistics,Illizi,Area X,Equipment-1655,EQ-01655,drilling,,4245.25,,2023,3
Exploration & Production,Drilling,Illizi,Field A,Equipment-1656,EQ-01656,combustion,Natural Gas,9443.0,scf,2023,8
Refining,Drilling,In Salah,Field A,Equipment-1657,EQ-01657,combustion,Natural Gas,7129.76,scf,2022,10
Transportation,Operations,Rhourde Nouss,Field A,Equipment-1658,EQ-01658,flaring,Fuel Gas,2743.07,gal,2022,1
Marketing,Logistics,Adrar,Field A,Equipment-1659,EQ-01659,venting,,9488.56,,2025,8
Marketing,Production,Hassi Messaoud,Block 1,Equipment-1660,EQ-01660,fugitive,,8942.97,,2022,4
Refining,Drilling,Hassi Messaoud,Block 2,Equipment-1661,EQ-01661,flaring,,1614.32,,2022,4
Refining,Production,Rhourde Nouss,Block 1,Equipment-1662,EQ-01662,fugitive,,747.11,,2022,10
Exploration & Production,Operations,Rhourde Nouss,Block 2,Equipment-1663,EQ-01663,fugitive,,7421.25,,2024,2
Refining,Production,Rhourde Nouss,Block 1,Equipment-1664,EQ-01664,drilling,,2874.66,,2022,9
Exploration & Production,Drilling,In Salah,Block 2,Equipment-1665,EQ-01665,venting,,2790.44,,2023,9
Marketing,Logistics,Illizi,Field B,Equipment-1666,EQ-01666,fugitive,,8887.7,,2022,7
Transportation,Operations,Hassi Messaoud,Area Y,Equipment-1667,EQ-01667,drilling,,1370.91,,2023,5
Transportation,Drilling,Hassi Messaoud,Area X,Equipment-1668,EQ-01668,flaring,,9709.56,,2023,6
Refining,Drilling,Illizi,Block 2,Equipment-1669,EQ-01669,venting,,2233.3,,2025,5
Marketing,Production,Illizi,Block 2,Equipment-1670,EQ-01670,venting,,6668.95,,2023,3
Refining,Production,Berkine,Area Y,Equipment-1671,EQ-01671,drilling,,8360.37,,2024,2
Marketing,Drilling,In Salah,Block 1,Equipment-1672,EQ-01672,flaring,Diesel,4092.26,gal,2025,8
Transportation,Logistics,Berkine,Area Y,Equipment-1673,EQ-01673,fugitive,,4295.05,,2023,5
Refining,Logistics,Rhourde Nouss,Area Y,Equipment-1674,EQ-01674,flaring,Fuel Gas,7175.72,gal,2023,4
Transportation,Logistics,Berkine,Block 2,Equipment-1675,EQ-01675,combustion,,1489.07,,2022,8
Transportation,Production,Illizi,Block 1,Equipment-1676,EQ-01676,drilling,,1512.97,,2022,4
Refining,Logistics,Hassi R'Mel,Area X,Equipment-1677,EQ-01677,drilling,,2855.94,,2022,3
Transportation,Logistics,In Salah,Area Y,Equipment-1678,EQ-01678,drilling,,3418.49,,2025,10
Transportation,Production,Berkine,Area Y,Equipment-1679,EQ-01679,drilling,,4182.82,,2023,6
Marketing,Logistics,Hassi R'Mel,Area X,Equipment-1680,EQ-01680,drilling,,8114.84,,2022,10
Marketing,Production,Hassi R'Mel,Field B,Equipment-1681,EQ-01681,venting,,5716.6,,2024,4
Refining,Production,In Salah,Field B,Equipment-1682,EQ-01682,fugitive,,8051.83,,2022,3
Marketing,Operations,Berkine,Area X,Equipment-1683,EQ-01683,drilling,,52.15,,2025,10
Transportation,Drilling,Illizi,Block 2,Equipment-1684,EQ-01684,combustion,Diesel,63.15,gal,2022,12
Refining,Drilling,Adrar,Block 1,Equipment-1685,EQ-01685,flaring,Natural Gas,6029.63,scf,2025,6
Refining,Production,In Salah,Block 2,Equipment-1686,EQ-01686,venting,,2654.41,,2024,12
Marketing,Drilling,Illizi,Area Y,Equipment-1687,EQ-01687,fugitive,,1139.95,,2022,7
Marketing,Operations,In Salah,Block 1,Equipment-1688,EQ-01688,fugitive,,204.51,,2023,3
Transportation,Operations,Berkine,Area Y,Equipment-1689,EQ-01689,venting,,2115.2,,2022,1
Transportation,Production,Berkine,Field A,Equipment-1690,EQ-01690,flaring,Natural Gas,3882.64,scf,2024,5
Exploration & Production,Production,In Salah,Area Y,Equipment-1691,EQ-01691,drilling,,1879.74,,2023,4
Exploration & Production,Production,Hassi R'Mel,Area X,Equipment-1692,EQ-01692,combustion,Fuel Gas,4840.7,gal,2023,4
Transportation,Drilling,In Salah,Area X,Equipment-1693,EQ-01693,drilling,,919.13,,2024,8
Transportation,Drilling,Hassi R'Mel,Block 2,Equipment-1694,EQ-01694,fugitive,,8941.57,,2023,7
Transportation,Operations,Hassi Messaoud,Field A,Equipment-1695,EQ-01695,venting,,4531.5,,2025,4
Transportation,Logistics,In Salah,Area Y,Equipment-1696,EQ-01696,venting,,5009.4,,2024,8
Marketing,Logistics,Adrar,Area Y,Equipment-1697,EQ-01697,venting,,1164.01,,2022,9
Marketing,Logistics,Illizi,Area X,Equipment-1698,EQ-01698,combustion,Natural Gas,844.18,scf,2025,8
Transportation,Operations,Rhourde Nouss,Block 2,Equipment-1699,EQ-01699,drilling,,6659.67,,2022,9
Exploration & Production,Operations,Hassi R'Mel,Area Y,Equipment-1700,EQ-01700,flaring,Diesel,4411.8,gal,2025,5
Transportation,Logistics,Illizi,Area Y,Equipment-1701,EQ-01701,flaring,Fuel Gas,4256.44,gal,2024,3
Exploration & Production,Production,Adrar,Field B,Equipment-1702,EQ-01702,flaring,Fuel Gas,5518.81,gal,2025,12
Refining,Logistics,Rhourde Nouss,Block 2,Equipment-1703,EQ-01703,venting,,1025.93,,2022,10
Marketing,Logistics,Illizi,Block 2,Equipment-1704,EQ-01704,venting,,6867.65,,2025,1
Marketing,Production,In Salah,Field B,Equipment-1705,EQ-01705,drilling,,6426.72,,2025,4
Exploration & Production,Logistics,In Salah,Field B,Equipment-1706,EQ-01706,combustion,Propane,2485.67,gal,2024,4
Refining,Operations,Hassi Messaoud,Block 2,Equipment-1707,EQ-01707,venting,,3957.91,,2023,11
Exploration & Production,Logistics,In Salah,Block 2,Equipment-1708,EQ-01708,fugitive,,5344.11,,2024,9
Transportation,Logistics,Illizi,Block 2,Equipment-1709,EQ-01709,flaring,Natural Gas,6621.8,scf,2025,1
Marketing,Drilling,Adrar,Area Y,Equipment-1710,EQ-01710,fugitive,,5166.08,,2024,8
Transportation,Drilling,Rhourde Nouss,Field A,Equipment-1711,EQ-01711,drilling,,1667.89,,2023,8
Refining,Production,Hassi R'Mel,Block 2,Equipment-1712,EQ-01712,venting,,9130.46,,2025,7
Transportation,Drilling,Illizi,Field A,Equipment-1713,EQ-01713,flaring,Natural Gas,7776.54,scf,2025,10
Exploration & Production,Operations,Adrar,Field A,Equipment-1714,EQ-01714,drilling,,3903.28,,2022,8
Transportation,Production,Illizi,Area X,Equipment-1715,EQ-01715,flaring,Fuel Gas,9801.71,gal,2024,4
Exploration & Production,Logistics,Hassi R'Mel,Block 1,Equipment-1716,EQ-01716,combustion,Diesel,1062.15,gal,2023,5
Transportation,Production,In Salah,Block 1,Equipment-1717,EQ-01717,flaring,,188.53,,2022,8
Exploration & Production,Drilling,Rhourde Nouss,Block 2,Equipment-1718,EQ-01718,fugitive,,1370.34,,2024,5
Marketing,Operations,Rhourde Nouss,Block 2,Equipment-1719,EQ-01719,flaring,Diesel,5420.53,gal,2023,4
Transportation,Production,Hassi Messaoud,Block 2,Equipment-1720,EQ-01720,flaring,Propane,7976.83,gal,2025,8
Exploration & Production,Production,Adrar,Area X,Equipment-1721,EQ-01721,flaring,Natural Gas,1931.58,scf,2025,4
Refining,Drilling,In Salah,Area Y,Equipment-1722,EQ-01722,drilling,,4885.02,,2024,12
Marketing,Drilling,Adrar,Area X,Equipment-1723,EQ-01723,venting,,2193.9,,2023,9
Transportation,Operations,Hassi Messaoud,Block 2,Equipment-1724,EQ-01724,venting,,5153.08,,2023,8
Transportation,Production,Hassi Messaoud,Block 1,Equipment-1725,EQ-01725,fugitive,,6154.94,,2023,3
Marketing,Logistics,Hassi Messaoud,Area X,Equipment-1726,EQ-01726,venting,,7927.04,,2024,2
Transportation,Drilling,In Salah,Area X,Equipment-1727,EQ-01727,combustion,Natural Gas,7454.74,scf,2022,11
Refining,Operations,Adrar,Field B,Equipment-1728,EQ-01728,fugitive,,307.07,,2025,10
Transportation,Drilling,Hassi Messaoud,Field B,Equipment-1729,EQ-01729,combustion,Propane,2575.74,gal,2024,6
Refining,Logistics,Hassi Messaoud,Field B,Equipment-1730,EQ-01730,drilling,,1468.51,,2023,2
Exploration & Production,Logistics,Rhourde Nouss,Field A,Equipment-1731,EQ-01731,fugitive,,9581.17,,2022,8
Marketing,Logistics,Rhourde Nouss,Area X,Equipment-1732,EQ-01732,flaring,Natural Gas,9388.6,scf,2025,8
Exploration & Production,Drilling,Hassi R'Mel,Area Y,Equipment-1733,EQ-01733,drilling,,9350.12,,2024,2
Marketing,Logistics,Berkine,Field A,Equipment-1734,EQ-01734,flaring,Propane,8780.08,gal,2022,7
Marketing,Production,Berkine,Block 2,Equipment-1735,EQ-01735,combustion,Fuel Gas,7447.61,gal,2024,1
Refining,Drilling,Rhourde Nouss,Block 2,Equipment-1736,EQ-01736,flaring,Diesel,5143.47,gal,2022,3
Exploration & Production,Operations,Hassi Messaoud,Block 1,Equipment-1737,EQ-01737,fugitive,,8045.57,,2022,7
Exploration & Production,Operations,Adrar,Field B,Equipment-1738,EQ-01738,combustion,,1109.0,,2025,7
Refining,Logistics,Hassi R'Mel,Field A,Equipment-1739,EQ-01739,venting,,5408.88,,2022,12
Refining,Drilling,Adrar,Area Y,Equipment-1740,EQ-01740,combustion,Propane,8009.9,gal,2025,2
Refining,Drilling,Illizi,Block 2,Equipment-1741,EQ-01741,fugitive,,9200.8,,2023,12
Marketing,Logistics,Rhourde Nouss,Field B,Equipment-1742,EQ-01742,venting,,8250.28,,2025,6
Marketing,Production,In Salah,Block 1,Equipment-1743,EQ-01743,drilling,,3307.93,,2023,1
Marketing,Operations,Hassi R'Mel,Field B,Equipment-1744,EQ-01744,flaring,Diesel,7446.4,gal,2024,3
Transportation,Logistics,Hassi Messaoud,Area X,Equipment-1745,EQ-01745,combustion,Diesel,2627.79,gal,2022,11
Exploration & Production,Logistics,Adrar,Field B,Equipment-1746,EQ-01746,flaring,Natural Gas,1277.86,scf,2022,4
Transportation,Drilling,Berkine,Field B,Equipment-1747,EQ-01747,drilling,,1040.11,,2023,4
Exploration & Production,Drilling,Rhourde Nouss,Block 1,Equipment-1748,EQ-01748,fugitive,,7681.35,,2023,11
Marketing,Drilling,Berkine,Field B,Equipment-1749,EQ-01749,flaring,,7269.47,,2022,3
Refining,Drilling,Hassi R'Mel,Area Y,Equipment-1750,EQ-01750,venting,,6513.44,,2025,8
Refining,Production,Illizi,Area X,Equipment-1751,EQ-01751,venting,,3379.66,,2025,11
Marketing,Drilling,Illizi,Field A,Equipment-1752,EQ-01752,flaring,Fuel Gas,6749.66,gal,2023,9
Transportation,Production,Hassi R'Mel,Field A,Equipment-1753,EQ-01753,drilling,,624.35,,2023,12
Marketing,Operations,Hassi R'Mel,Field B,Equipment-1754,EQ-01754,flaring,Fuel Gas,3365.34,gal,2023,5
Marketing,Operations,Illizi,Area X,Equipment-1755,EQ-01755,venting,,1581.73,,2025,11
Transportation,Operations,Adrar,Block 1,Equipment-1756,EQ-01756,combustion,Diesel,9279.7,gal,2025,6
Exploration & Production,Logistics,Illizi,Field B,Equipment-1757,EQ-01757,drilling,,4404.96,,2024,11
Exploration & Production,Logistics,Hassi R'Mel,Block 2,Equipment-1758,EQ-01758,flaring,Propane,8909.19,gal,2025,3
Marketing,Production,Hassi Messaoud,Block 2,Equipment-1759,EQ-01759,drilling,,2320.86,,2025,11
Exploration & Production,Operations,Rhourde Nouss,Block 2,Equipment-1760,EQ-01760,flaring,Propane,2994.02,gal,2024,8
Transportation,Operations,Adrar,Block 2,Equipment-1761,EQ-01761,venting,,4302.59,,2023,10
Exploration & Production,Operations,Adrar,Block 2,Equipment-1762,EQ-01762,fugitive,,2603.43,,2023,11
Exploration & Production,Drilling,Berkine,Field A,Equipment-1763,EQ-01763,combustion,Propane,983.02,gal,2022,5
Refining,Logistics,Rhourde Nouss,Block 2,Equipment-1764,EQ-01764,drilling,,5641.21,,2023,9
Marketing,Logistics,Rhourde Nouss,Field B,Equipment-1765,EQ-01765,fugitive,,7677.86,,2025,2
Exploration & Production,Logistics,Illizi,Field A,Equipment-1766,EQ-01766,fugitive,,5322.23,,2023,1
Exploration & Production,Drilling,Hassi Messaoud,Area X,Equipment-1767,EQ-01767,combustion,Diesel,137.26,gal,2025,4
Refining,Production,In Salah,Field B,Equipment-1768,EQ-01768,fugitive,,1575.95,,2025,7
Transportation,Production,Berkine,Block 2,Equipment-1769,EQ-01769,drilling,,934.9,,2025,8
Marketing,Drilling,Hassi Messaoud,Field A,Equipment-1770,EQ-01770,combustion,Fuel Gas,9830.87,gal,2024,4
Exploration & Production,Production,In Salah,Field B,Equipment-1771,EQ-01771,combustion,Diesel,9478.76,gal,2023,1
Exploration & Production,Operations,In Salah,Field A,Equipment-1772,EQ-01772,flaring,Propane,6258.01,gal,2023,5
Exploration & Production,Production,Hassi Messaoud,Field B,Equipment-1773,EQ-01773,combustion,,5011.13,,2024,10
Marketing,Logistics,Berkine,Field A,Equipment-1774,EQ-01774,flaring,Propane,4074.71,gal,2022,9
Refining,Drilling,Hassi Messaoud,Field A,Equipment-1775,EQ-01775,fugitive,,4812.14,,2024,3
Marketing,Operations,Rhourde Nouss,Block 2,Equipment-1776,EQ-01776,drilling,,3102.77,,2024,8
Exploration & Production,Production,In Salah,Field A,Equipment-1777,EQ-01777,combustion,Natural Gas,4700.95,scf,2025,12
Transportation,Operations,Hassi R'Mel,Area Y,Equipment-1778,EQ-01778,venting,,6572.82,,2025,3
Transportation,Drilling,Rhourde Nouss,Area X,Equipment-1779,EQ-01779,fugitive,,7461.85,,2022,1
Marketing,Logistics,Berkine,Area Y,Equipment-1780,EQ-01780,flaring,Natural Gas,6577.18,scf,2022,1
Transportation,Drilling,Hassi Messaoud,Field B,Equipment-1781,EQ-01781,combustion,Diesel,4056.0,gal,2022,4
Exploration & Production,Logistics,In Salah,Field A,Equipment-1782,EQ-01782,venting,,5071.7,,2022,11
Transportation,Operations,Hassi Messaoud,Field A,Equipment-1783,EQ-01783,drilling,,8274.7,,2022,10
Transportation,Logistics,Rhourde Nouss,Block 1,Equipment-1784,EQ-01784,flaring,Natural Gas,224.41,scf,2025,7
Marketing,Logistics,In Salah,Area X,Equipment-1785,EQ-01785,combustion,Diesel,8330.49,gal,2023,1
Marketing,Logistics,Berkine,Field B,Equipment-1786,EQ-01786,flaring,Natural Gas,4242.65,scf,2022,2
Transportation,Drilling,Rhourde Nouss,Area X,Equipment-1787,EQ-01787,drilling,,9481.4,,2025,3
Transportation,Operations,In Salah,Area X,Equipment-1788,EQ-01788,fugitive,,5261.64,,2024,5
Marketing,Logistics,Adrar,Area Y,Equipment-1789,EQ-01789,flaring,Fuel Gas,8234.62,gal,2025,2
Marketing,Drilling,Adrar,Area X,Equipment-1790,EQ-01790,drilling,,4617.28,,2022,6
Transportation,Drilling,Berkine,Area Y,Equipment-1791,EQ-01791,flaring,Diesel,3975.93,gal,2023,4
Refining,Logistics,Adrar,Field A,Equipment-1792,EQ-01792,fugitive,,8606.71,,2024,1
Transportation,Operations,Illizi,Field B,Equipment-1793,EQ-01793,combustion,,3826.19,,2023,12
Refining,Logistics,Hassi R'Mel,Block 1,Equipment-1794,EQ-01794,venting,,7703.52,,2022,8
Transportation,Drilling,Hassi Messaoud,Field A,Equipment-1795,EQ-01795,flaring,Fuel Gas,4134.55,gal,2025,5
Refining,Logistics,Hassi Messaoud,Area Y,Equipment-1796,EQ-01796,combustion,Natural Gas,3851.66,scf,2023,7
Refining,Production,Rhourde Nouss,Field B,Equipment-1797,EQ-01797,combustion,Natural Gas,8211.74,scf,2023,5
Exploration & Production,Production,Berkine,Field B,Equipment-1798,EQ-01798,combustion,Propane,4447.5,gal,2024,10
Exploration & Production,Logistics,Illizi,Area X,Equipment-1799,EQ-01799,fugitive,,5613.89,,2025,3
Exploration & Production,Drilling,Berkine,Block 1,Equipment-1800,EQ-01800,drilling,,9010.3,,2024,9
Transportation,Operations,Rhourde Nouss,Area Y,Equipment-1801,EQ-01801,fugitive,,9800.34,,2022,2
Transportation,Logistics,In Salah,Block 2,Equipment-1802,EQ-01802,venting,,8220.95,,2022,1
Marketing,Drilling,Adrar,Field B,Equipment-1803,EQ-01803,fugitive,,9053.03,,2023,2
Transportation,Logistics,Rhourde Nouss,Block 2,Equipment-1804,EQ-01804,flaring,Propane,3884.28,gal,2022,8
Transportation,Drilling,Illizi,Field B,Equipment-1805,EQ-01805,fugitive,,3954.11,,2022,2
Marketing,Operations,Rhourde Nouss,Area Y,Equipment-1806,EQ-01806,venting,,9366.08,,2024,7
Transportation,Logistics,Adrar,Block 2,Equipment-1807,EQ-01807,flaring,Diesel,5656.48,gal,2025,7
Transportation,Logistics,Illizi,Field A,Equipment-1808,EQ-01808,combustion,Diesel,8749.34,gal,2023,11
Transportation,Logistics,Illizi,Field A,Equipment-1809,EQ-01809,drilling,,3551.17,,2022,7
Exploration & Production,Logistics,Adrar,Block 1,Equipment-1810,EQ-01810,drilling,,4338.0,,2024,8
Refining,Production,Berkine,Block 1,Equipment-1811,EQ-01811,drilling,,1581.87,,2022,12
Marketing,Production,Berkine,Field B,Equipment-1812,EQ-01812,venting,,6160.49,,2024,2
Transportation,Operations,Illizi,Field A,Equipment-1813,EQ-01813,fugitive,,7917.06,,2024,9
Refining,Production,Hassi Messaoud,Block 2,Equipment-1814,EQ-01814,combustion,Diesel,5919.16,gal,2023,3
Refining,Logistics,Hassi R'Mel,Block 2,Equipment-1815,EQ-01815,drilling,,5389.62,,2023,2
Exploration & Production,Production,Adrar,Block 1,Equipment-1816,EQ-01816,flaring,Fuel Gas,5427.03,gal,2023,11
Refining,Logistics,Hassi Messaoud,Block 2,Equipment-1817,EQ-01817,venting,,7306.74,,2024,8
Refining,Logistics,Hassi R'Mel,Area Y,Equipment-1818,EQ-01818,fugitive,,3759.34,,2022,9
Exploration & Production,Operations,Berkine,Block 1,Equipment-1819,EQ-01819,flaring,Propane,1762.06,gal,2025,5
Exploration & Production,Operations,Illizi,Area Y,Equipment-1820,EQ-01820,venting,,1609.1,,2022,10
Exploration & Production,Operations,Rhourde Nouss,Block 1,Equipment-1821,EQ-01821,drilling,,8456.72,,2023,4
Transportation,Production,Hassi R'Mel,Block 1,Equipment-1822,EQ-01822,fugitive,,5760.48,,2022,1
Exploration & Production,Logistics,Illizi,Field A,Equipment-1823,EQ-01823,fugitive,,1909.46,,2024,7
Transportation,Logistics,Hassi R'Mel,Block 2,Equipment-1824,EQ-01824,venting,,5320.72,,2024,2
Exploration & Production,Drilling,Adrar,Field B,Equipment-1825,EQ-01825,venting,,1067.62,,2023,12
Marketing,Operations,Hassi R'Mel,Block 2,Equipment-1826,EQ-01826,combustion,,2569.55,,2022,11
Exploration & Production,Production,Hassi Messaoud,Area Y,Equipment-1827,EQ-01827,venting,,982.14,,2022,12
Refining,Production,Rhourde Nouss,Block 1,Equipment-1828,EQ-01828,drilling,,4891.35,,2023,4
Refining,Operations,Hassi Messaoud,Field B,Equipment-1829,EQ-01829,venting,,7113.8,,2022,3
Transportation,Operations,Rhourde Nouss,Block 2,Equipment-1830,EQ-01830,combustion,,4906.26,,2022,7
Exploration & Production,Logistics,In Salah,Block 1,Equipment-1831,EQ-01831,drilling,,4649.55,,2024,7
Transportation,Production,Rhourde Nouss,Area X,Equipment-1832,EQ-01832,fugitive,,2563.87,,2024,7
Refining,Production,Rhourde Nouss,Area X,Equipment-1833,EQ-01833,combustion,Natural Gas,186.1,scf,2023,12
Marketing,Operations,In Salah,Field B,Equipment-1834,EQ-01834,venting,,7380.19,,2024,7
Transportation,Drilling,Berkine,Field B,Equipment-1835,EQ-01835,fugitive,,6851.76,,2024,4
Refining,Production,Berkine,Field B,Equipment-1836,EQ-01836,flaring,Fuel Gas,6696.32,gal,2023,7
Refining,Logistics,Hassi Messaoud,Area Y,Equipment-1837,EQ-01837,flaring,Fuel Gas,5778.77,gal,2025,11
Exploration & Production,Operations,Berkine,Field B,Equipment-1838,EQ-01838,flaring,Fuel Gas,401.05,gal,2025,9
Marketing,Logistics,Hassi R'Mel,Area Y,Equipment-1839,EQ-01839,drilling,,4021.23,,2024,8
Refining,Drilling,Hassi Messaoud,Area Y,Equipment-1840,EQ-01840,drilling,,1844.83,,2024,9
Exploration & Production,Drilling,Hassi R'Mel,Block 2,Equipment-1841,EQ-01841,fugitive,,7641.71,,2023,9
Transportation,Drilling,Hassi Messaoud,Area Y,Equipment-1842,EQ-01842,combustion,Propane,2830.13,gal,2025,7
Exploration & Production,Drilling,Hassi R'Mel,Area Y,Equipment-1843,EQ-01843,combustion,Diesel,2004.9,gal,2024,5
Exploration & Production,Logistics,Adrar,Block 1,Equipment-1844,EQ-01844,flaring,Propane,5473.98,gal,2025,7
Refining,Drilling,Berkine,Field B,Equipment-1845,EQ-01845,flaring,,6088.25,,2022,4
Transportation,Production,Illizi,Field A,Equipment-1846,EQ-01846,drilling,,4621.97,,2022,6
Exploration & Production,Operations,Adrar,Block 2,Equipment-1847,EQ-01847,combustion,Fuel Gas,2725.58,gal,2025,6
Refining,Logistics,Adrar,Block 2,Equipment-1848,EQ-01848,venting,,2183.24,,2023,11
Refining,Operations,In Salah,Block 1,Equipment-1849,EQ-01849,drilling,,3346.08,,2022,12
Marketing,Drilling,Rhourde Nouss,Block 1,Equipment-1850,EQ-01850,venting,,3936.6,,2023,12
Marketing,Operations,Illizi,Field B,Equipment-1851,EQ-01851,venting,,2931.77,,2024,4
Marketing,Drilling,Illizi,Area X,Equipment-1852,EQ-01852,venting,,8923.05,,2025,9
Transportation,Drilling,In Salah,Block 2,Equipment-1853,EQ-01853,flaring,,4305.87,,2022,11
Refining,Logistics,Hassi R'Mel,Block 1,Equipment-1854,EQ-01854,combustion,Propane,9767.51,gal,2024,7
Transportation,Operations,Adrar,Block 2,Equipment-1855,EQ-01855,combustion,Natural Gas,3678.66,scf,2025,8
Transportation,Production,In Salah,Block 2,Equipment-1856,EQ-01856,flaring,Propane,6424.06,gal,2022,3
Marketing,Operations,Illizi,Field A,Equipment-1857,EQ-01857,fugitive,,8748.29,,2022,9
Refining,Production,Rhourde Nouss,Field B,Equipment-1858,EQ-01858,venting,,4937.18,,2024,8
Exploration & Production,Logistics,Adrar,Field B,Equipment-1859,EQ-01859,drilling,,5349.48,,2023,7
Marketing,Logistics,In Salah,Area X,Equipment-1860,EQ-01860,venting,,5923.78,,2022,11
Transportation,Logistics,Rhourde Nouss,Block 2,Equipment-1861,EQ-01861,venting,,702.58,,2024,5
Transportation,Operations,In Salah,Area X,Equipment-1862,EQ-01862,drilling,,6351.31,,2024,8
Transportation,Operations,Adrar,Field A,Equipment-1863,EQ-01863,venting,,1222.56,,2025,10
Transportation,Operations,Illizi,Field B,Equipment-1864,EQ-01864,venting,,7987.66,,2025,6
Refining,Operations,Rhourde Nouss,Area Y,Equipment-1865,EQ-01865,combustion,Natural Gas,2291.88,scf,2025,12
Refining,Drilling,In Salah,Field B,Equipment-1866,EQ-01866,fugitive,,3135.62,,2025,6
Refining,Production,In Salah,Block 1,Equipment-1867,EQ-01867,fugitive,,6942.73,,2025,10
Exploration & Production,Logistics,Adrar,Block 2,Equipment-1868,EQ-01868,drilling,,8972.08,,2022,10
Transportation,Operations,Adrar,Field A,Equipment-1869,EQ-01869,drilling,,5785.77,,2022,3
Refining,Drilling,In Salah,Block 1,Equipment-1870,EQ-01870,drilling,,6659.64,,2023,9
Refining,Production,Berkine,Area Y,Equipment-1871,EQ-01871,flaring,Diesel,7496.39,gal,2022,4
Transportation,Logistics,Illizi,Field B,Equipment-1872,EQ-01872,flaring,,4850.4,,2022,3
Refining,Operations,In Salah,Area Y,Equipment-1873,EQ-01873,flaring,Propane,9340.04,gal,2022,11
Refining,Logistics,Hassi Messaoud,Area X,Equipment-1874,EQ-01874,combustion,Fuel Gas,4062.53,gal,2022,2
Marketing,Production,Rhourde Nouss,Field A,Equipment-1875,EQ-01875,flaring,Fuel Gas,6061.39,gal,2022,2
Marketing,Operations,In Salah,Block 1,Equipment-1876,EQ-01876,drilling,,8786.43,,2022,1
Exploration & Production,Logistics,Hassi R'Mel,Area X,Equipment-1877,EQ-01877,fugitive,,8337.94,,2023,8
Refining,Production,Berkine,Area X,Equipment-1878,EQ-01878,drilling,,5329.59,,2023,1
Transportation,Production,Illizi,Field B,Equipment-1879,EQ-01879,drilling,,3048.49,,2023,10
Exploration & Production,Production,Illizi,Block 2,Equipment-1880,EQ-01880,venting,,8653.35,,2022,7
Marketing,Logistics,Hassi R'Mel,Block 2,Equipment-1881,EQ-01881,drilling,,1707.89,,2024,3
Marketing,Production,Berkine,Area X,Equipment-1882,EQ-01882,flaring,Fuel Gas,1515.33,gal,2023,11
Exploration & Production,Operations,Rhourde Nouss,Field A,Equipment-1883,EQ-01883,combustion,Diesel,8044.85,gal,2024,5
Marketing,Operations,Hassi R'Mel,Field B,Equipment-1884,EQ-01884,fugitive,,4118.74,,2025,6
Transportation,Drilling,In Salah,Block 2,Equipment-1885,EQ-01885,venting,,8087.57,,2023,11
Exploration & Production,Drilling,Hassi R'Mel,Block 2,Equipment-1886,EQ-01886,venting,,2325.62,,2023,8
Marketing,Logistics,Adrar,Block 1,Equipment-1887,EQ-01887,flaring,Propane,7407.12,gal,2023,7
Marketing,Operations,Berkine,Field B,Equipment-1888,EQ-01888,drilling,,1147.97,,2023,6
Exploration & Production,Production,Hassi R'Mel,Block 2,Equipment-1889,EQ-01889,combustion,Propane,8471.87,gal,2023,12
Refining,Operations,Illizi,Block 2,Equipment-1890,EQ-01890,venting,,5813.88,,2023,7
Marketing,Operations,Rhourde Nouss,Block 1,Equipment-1891,EQ-01891,flaring,Fuel Gas,1070.48,gal,2024,5
Marketing,Drilling,In Salah,Area X,Equipment-1892,EQ-01892,drilling,,1214.19,,2024,12
Marketing,Logistics,Berkine,Area X,Equipment-1893,EQ-01893,fugitive,,1318.04,,2023,3
Transportation,Logistics,Berkine,Field A,Equipment-1894,EQ-01894,drilling,,211.84,,2022,5
Marketing,Drilling,Rhourde Nouss,Field B,Equipment-1895,EQ-01895,combustion,Propane,5553.44,gal,2024,11
Marketing,Logistics,Hassi R'Mel,Area Y,Equipment-1896,EQ-01896,fugitive,,3110.5,,2022,2
Marketing,Production,Illizi,Field B,Equipment-1897,EQ-01897,fugitive,,1433.05,,2022,11
Transportation,Production,Illizi,Field B,Equipment-1898,EQ-01898,flaring,Natural Gas,640.05,scf,2024,6
Marketing,Logistics,Adrar,Block 1,Equipment-1899,EQ-01899,fugitive,,2658.75,,2024,2
Refining,Operations,Berkine,Block 1,Equipment-1900,EQ-01900,flaring,Natural Gas,5003.21,scf,2025,11
Exploration & Production,Operations,Hassi Messaoud,Block 1,Equipment-1901,EQ-01901,flaring,Fuel Gas,5720.19,gal,2023,11
Transportation,Operations,Hassi R'Mel,Area Y,Equipment-1902,EQ-01902,fugitive,,7740.33,,2025,3
Transportation,Operations,Hassi R'Mel,Field B,Equipment-1903,EQ-01903,venting,,7949.42,,2023,9
Refining,Logistics,In Salah,Area X,Equipment-1904,EQ-01904,flaring,Fuel Gas,1618.78,gal,2025,1
Refining,Drilling,In Salah,Field A,Equipment-1905,EQ-01905,flaring,,5806.78,,2022,11
Exploration & Production,Operations,Hassi Messaoud,Block 1,Equipment-1906,EQ-01906,fugitive,,739.7,,2024,9
Exploration & Production,Production,Berkine,Block 1,Equipment-1907,EQ-01907,combustion,Fuel Gas,7691.61,gal,2022,9
Marketing,Operations,Adrar,Block 1,Equipment-1908,EQ-01908,combustion,Natural Gas,8149.18,scf,2023,11
Marketing,Production,Hassi Messaoud,Area X,Equipment-1909,EQ-01909,combustion,Propane,2398.76,gal,2022,4
Exploration & Production,Production,Adrar,Area X,Equipment-1910,EQ-01910,flaring,Propane,1801.26,gal,2023,10
Marketing,Production,Berkine,Block 2,Equipment-1911,EQ-01911,drilling,,6462.27,,2022,4
Transportation,Drilling,Rhourde Nouss,Field B,Equipment-1912,EQ-01912,drilling,,8716.72,,2025,7
Marketing,Operations,Adrar,Area X,Equipment-1913,EQ-01913,fugitive,,997.0,,2022,12
Refining,Drilling,In Salah,Area Y,Equipment-1914,EQ-01914,drilling,,5012.12,,2024,12
Marketing,Logistics,In Salah,Area Y,Equipment-1915,EQ-01915,fugitive,,9712.99,,2025,12
Refining,Production,In Salah,Field B,Equipment-1916,EQ-01916,venting,,561.85,,2025,12
Refining,Logistics,Rhourde Nouss,Field B,Equipment-1917,EQ-01917,venting,,5905.59,,2024,4
Refining,Drilling,Adrar,Block 2,Equipment-1918,EQ-01918,flaring,,3544.67,,2023,1
Marketing,Logistics,Berkine,Area Y,Equipment-1919,EQ-01919,combustion,Fuel Gas,3019.45,gal,2022,3
Transportation,Production,Adrar,Field A,Equipment-1920,EQ-01920,flaring,Natural Gas,5532.48,scf,2022,10
Exploration & Production,Production,Hassi Messaoud,Block 2,Equipment-1921,EQ-01921,flaring,Fuel Gas,586.98,gal,2023,12
Refining,Operations,Hassi R'Mel,Area Y,Equipment-1922,EQ-01922,combustion,Propane,1361.56,gal,2024,6
Refining,Logistics,Illizi,Area Y,Equipment-1923,EQ-01923,drilling,,8187.7,,2024,2
Transportation,Production,In Salah,Area X,Equipment-1924,EQ-01924,flaring,,7701.56,,2022,3
Exploration & Production,Drilling,Illizi,Area X,Equipment-1925,EQ-01925,fugitive,,9523.26,,2025,5
Marketing,Production,Rhourde Nouss,Block 2,Equipment-1926,EQ-01926,drilling,,5618.74,,2023,6
Exploration & Production,Drilling,Hassi Messaoud,Field A,Equipment-1927,EQ-01927,fugitive,,7908.25,,2023,12
Transportation,Production,Rhourde Nouss,Block 1,Equipment-1928,EQ-01928,fugitive,,6089.35,,2025,6
Exploration & Production,Logistics,Adrar,Field B,Equipment-1929,EQ-01929,venting,,3559.47,,2024,4
Exploration & Production,Logistics,Hassi Messaoud,Area X,Equipment-1930,EQ-01930,drilling,,5673.61,,2024,7
Refining,Logistics,Berkine,Block 2,Equipment-1931,EQ-01931,fugitive,,4425.81,,2023,2
Transportation,Logistics,Berkine,Field A,Equipment-1932,EQ-01932,combustion,Diesel,8848.67,gal,2022,4
Marketing,Drilling,Berkine,Area X,Equipment-1933,EQ-01933,venting,,3186.47,,2023,8
Exploration & Production,Drilling,Berkine,Field B,Equipment-1934,EQ-01934,fugitive,,8347.16,,2022,12
Transportation,Drilling,Adrar,Field A,Equipment-1935,EQ-01935,drilling,,3869.95,,2023,12
Marketing,Production,Rhourde Nouss,Field A,Equipment-1936,EQ-01936,combustion,Diesel,5385.88,gal,2024,12
Transportation,Production,Hassi R'Mel,Field B,Equipment-1937,EQ-01937,drilling,,35.19,,2024,10
Marketing,Production,Hassi R'Mel,Area Y,Equipment-1938,EQ-01938,fugitive,,6126.59,,2024,2
Transportation,Production,In Salah,Area X,Equipment-1939,EQ-01939,combustion,Fuel Gas,4905.33,gal,2022,12
Exploration & Production,Drilling,Berkine,Field B,Equipment-1940,EQ-01940,venting,,5165.02,,2024,5
Marketing,Operations,Hassi R'Mel,Field A,Equipment-1941,EQ-01941,flaring,Fuel Gas,1633.93,gal,2023,12
Refining,Drilling,Rhourde Nouss,Field B,Equipment-1942,EQ-01942,drilling,,3447.93,,2024,1
Refining,Production,Adrar,Field A,Equipment-1943,EQ-01943,fugitive,,8359.36,,2024,3
Transportation,Logistics,In Salah,Area Y,Equipment-1944,EQ-01944,venting,,3453.85,,2022,4
Transportation,Operations,Illizi,Block 1,Equipment-1945,EQ-01945,drilling,,9128.87,,2025,2
Transportation,Production,Berkine,Block 2,Equipment-1946,EQ-01946,drilling,,2092.11,,2022,2
Exploration & Production,Production,Rhourde Nouss,Block 2,Equipment-1947,EQ-01947,flaring,Fuel Gas,7029.69,gal,2022,2
Transportation,Drilling,In Salah,Area X,Equipment-1948,EQ-01948,venting,,8727.49,,2024,12
Marketing,Operations,In Salah,Area X,Equipment-1949,EQ-01949,combustion,Propane,5719.93,gal,2025,3
Transportation,Production,Berkine,Block 2,Equipment-1950,EQ-01950,venting,,5561.94,,2025,12
Refining,Drilling,Rhourde Nouss,Block 2,Equipment-1951,EQ-01951,venting,,8394.69,,2025,9
Marketing,Operations,Adrar,Area Y,Equipment-1952,EQ-01952,drilling,,8790.2,,2025,9
Marketing,Operations,In Salah,Area Y,Equipment-1953,EQ-01953,drilling,,3731.23,,2023,12
Marketing,Logistics,Berkine,Area Y,Equipment-1954,EQ-01954,drilling,,3808.85,,2022,1
Marketing,Production,Rhourde Nouss,Block 2,Equipment-1955,EQ-01955,fugitive,,9619.47,,2025,8
Transportation,Operations,Berkine,Block 1,Equipment-1956,EQ-01956,flaring,Fuel Gas,7781.78,gal,2023,4
Refining,Operations,Hassi R'Mel,Area X,Equipment-1957,EQ-01957,drilling,,2623.5,,2025,2
Marketing,Production,In Salah,Block 1,Equipment-1958,EQ-01958,drilling,,8545.48,,2024,2
Marketing,Operations,Rhourde Nouss,Block 1,Equipment-1959,EQ-01959,drilling,,5345.04,,2024,2
Exploration & Production,Drilling,Berkine,Field B,Equipment-1960,EQ-01960,drilling,,1292.5,,2024,7
Refining,Drilling,Hassi Messaoud,Block 2,Equipment-1961,EQ-01961,flaring,Fuel Gas,3404.42,gal,2024,7
Refining,Drilling,Berkine,Field B,Equipment-1962,EQ-01962,combustion,,5542.08,,2022,11
Exploration & Production,Drilling,Illizi,Field A,Equipment-1963,EQ-01963,flaring,Diesel,6887.22,gal,2022,4
Transportation,Drilling,In Salah,Block 1,Equipment-1964,EQ-01964,drilling,,7887.29,,2022,1
Exploration & Production,Production,Berkine,Field B,Equipment-1965,EQ-01965,flaring,Fuel Gas,4849.8,gal,2023,6
Transportation,Production,In Salah,Field B,Equipment-1966,EQ-01966,venting,,6481.77,,2022,10
Marketing,Operations,In Salah,Field A,Equipment-1967,EQ-01967,drilling,,513.72,,2025,1
Transportation,Operations,Berkine,Block 1,Equipment-1968,EQ-01968,fugitive,,6133.48,,2023,8
Transportation,Logistics,Rhourde Nouss,Area X,Equipment-1969,EQ-01969,drilling,,4512.0,,2023,10
Transportation,Drilling,Berkine,Area X,Equipment-1970,EQ-01970,flaring,Propane,338.34,gal,2025,7
Exploration & Production,Operations,Adrar,Area X,Equipment-1971,EQ-01971,flaring,Diesel,7866.19,gal,2025,2
Marketing,Drilling,Rhourde Nouss,Field A,Equipment-1972,EQ-01972,drilling,,3446.5,,2024,12
Exploration & Production,Operations,Berkine,Block 2,Equipment-1973,EQ-01973,venting,,1127.17,,2025,3
Transportation,Operations,Rhourde Nouss,Area Y,Equipment-1974,EQ-01974,combustion,Diesel,9286.89,gal,2023,8
Refining,Operations,Berkine,Area X,Equipment-1975,EQ-01975,combustion,,9884.06,,2024,6
Exploration & Production,Operations,Berkine,Block 2,Equipment-1976,EQ-01976,drilling,,2566.59,,2023,3
Refining,Operations,In Salah,Block 1,Equipment-1977,EQ-01977,flaring,Diesel,2750.6,gal,2023,9
Exploration & Production,Operations,Illizi,Area X,Equipment-1978,EQ-01978,fugitive,,392.19,,2023,10
Marketing,Drilling,Adrar,Block 1,Equipment-1979,EQ-01979,fugitive,,5752.5,,2024,6
Refining,Drilling,Hassi Messaoud,Block 1,Equipment-1980,EQ-01980,flaring,Natural Gas,8863.04,scf,2024,4
Marketing,Operations,In Salah,Field B,Equipment-1981,EQ-01981,drilling,,6101.98,,2025,11
Exploration & Production,Production,In Salah,Block 2,Equipment-1982,EQ-01982,drilling,,1214.46,,2022,11
Exploration & Production,Logistics,Illizi,Area X,Equipment-1983,EQ-01983,venting,,6077.14,,2022,1
Refining,Drilling,Illizi,Area Y,Equipment-1984,EQ-01984,flaring,Natural Gas,9642.44,scf,2023,2
Transportation,Drilling,Berkine,Field B,Equipment-1985,EQ-01985,combustion,Fuel Gas,9893.68,gal,2024,12
Transportation,Production,Adrar,Field A,Equipment-1986,EQ-01986,drilling,,1134.32,,2023,7
Refining,Logistics,Hassi Messaoud,Block 2,Equipment-1987,EQ-01987,venting,,6386.35,,2023,4
Exploration & Production,Drilling,In Salah,Area X,Equipment-1988,EQ-01988,flaring,Propane,879.15,gal,2024,3
Refining,Production,Berkine,Area Y,Equipment-1989,EQ-01989,drilling,,8002.58,,2024,8
Transportation,Logistics,Hassi Messaoud,Block 2,Equipment-1990,EQ-01990,venting,,310.08,,2025,1
Marketing,Operations,In Salah,Area Y,Equipment-1991,EQ-01991,flaring,Fuel Gas,7255.55,gal,2025,2
Refining,Operations,In Salah,Area Y,Equipment-1992,EQ-01992,flaring,Propane,6192.02,gal,2025,8
Marketing,Operations,Hassi R'Mel,Block 2,Equipment-1993,EQ-01993,flaring,,672.76,,2025,7
Transportation,Drilling,In Salah,Field B,Equipment-1994,EQ-01994,combustion,Diesel,7466.26,gal,2023,10
Transportation,Production,Adrar,Field B,Equipment-1995,EQ-01995,drilling,,2810.12,,2025,3
Refining,Operations,Illizi,Area X,Equipment-1996,EQ-01996,venting,,9977.8,,2025,4
Transportation,Operations,In Salah,Block 1,Equipment-1997,EQ-01997,fugitive,,8802.61,,2025,11
Refining,Drilling,Adrar,Area X,Equipment-1998,EQ-01998,drilling,,5905.68,,2022,11
Exploration & Production,Logistics,Hassi Messaoud,Field A,Equipment-1999,EQ-01999,drilling,,6394.96,,2024,12
Transportation,Production,Hassi Messaoud,Block 1,Equipment-2000,EQ-02000,drilling,,5078.52,,2025,8
Exploration & Production,Production,Hassi Messaoud,Area Y,Equipment-2001,EQ-02001,fugitive,,5522.72,,2025,5
Refining,Logistics,Adrar,Area Y,Equipment-2002,EQ-02002,drilling,,9509.43,,2022,2
Exploration & Production,Drilling,Hassi R'Mel,Field A,Equipment-2003,EQ-02003,combustion,,1795.75,,2024,1
Exploration & Production,Logistics,In Salah,Field B,Equipment-2004,EQ-02004,combustion,Natural Gas,2585.72,scf,2025,12
Exploration & Production,Drilling,Illizi,Field B,Equipment-2005,EQ-02005,venting,,8258.87,,2022,7
Marketing,Drilling,Berkine,Block 2,Equipment-2006,EQ-02006,venting,,4899.92,,2023,10
Exploration & Production,Logistics,Rhourde Nouss,Area Y,Equipment-2007,EQ-02007,drilling,,7788.72,,2022,7
Marketing,Production,Adrar,Field B,Equipment-2008,EQ-02008,venting,,7662.87,,2023,11
Exploration & Production,Operations,Berkine,Block 2,Equipment-2009,EQ-02009,drilling,,5897.25,,2024,9
Transportation,Operations,In Salah,Area Y,Equipment-2010,EQ-02010,combustion,Natural Gas,8544.38,scf,2023,4
Marketing,Operations,Berkine,Block 2,Equipment-2011,EQ-02011,combustion,Diesel,3075.15,gal,2024,7
Exploration & Production,Operations,Hassi R'Mel,Block 1,Equipment-2012,EQ-02012,combustion,,7297.72,,2025,5
Exploration & Production,Production,In Salah,Area Y,Equipment-2013,EQ-02013,flaring,Fuel Gas,4561.68,gal,2024,10
Marketing,Production,Berkine,Field B,Equipment-2014,EQ-02014,drilling,,1059.32,,2024,6
Marketing,Production,In Salah,Block 1,Equipment-2015,EQ-02015,combustion,Propane,2675.4,gal,2023,4
Refining,Operations,Hassi R'Mel,Field A,Equipment-2016,EQ-02016,venting,,9209.19,,2024,7
Refining,Operations,Adrar,Block 1,Equipment-2017,EQ-02017,flaring,Natural Gas,1418.7,scf,2023,12
Transportation,Production,Rhourde Nouss,Field A,Equipment-2018,EQ-02018,drilling,,4834.25,,2022,10
Transportation,Logistics,Illizi,Block 2,Equipment-2019,EQ-02019,flaring,,2490.65,,2022,7
Transportation,Production,Hassi Messaoud,Field A,Equipment-2020,EQ-02020,flaring,Diesel,1458.47,gal,2023,9
Marketing,Operations,Berkine,Area X,Equipment-2021,EQ-02021,drilling,,2043.92,,2025,8
Exploration & Production,Drilling,Berkine,Block 1,Equipment-2022,EQ-02022,venting,,2956.3,,2025,10
Exploration & Production,Operations,Hassi Messaoud,Field A,Equipment-2023,EQ-02023,drilling,,3053.94,,2025,7
Marketing,Drilling,Berkine,Area X,Equipment-2024,EQ-02024,combustion,Natural Gas,1320.77,scf,2022,12
Transportation,Logistics,Hassi R'Mel,Field B,Equipment-2025,EQ-02025,venting,,9871.11,,2025,3
Exploration & Production,Operations,Illizi,Field A,Equipment-2026,EQ-02026,fugitive,,5189.33,,2023,9
Refining,Operations,Hassi Messaoud,Block 2,Equipment-2027,EQ-02027,combustion,Fuel Gas,3098.65,gal,2022,3
Marketing,Production,Berkine,Area X,Equipment-2028,EQ-02028,flaring,Natural Gas,3683.52,scf,2025,3
Refining,Production,Hassi R'Mel,Block 1,Equipment-2029,EQ-02029,flaring,Fuel Gas,9913.19,gal,2025,6
Transportation,Drilling,Hassi Messaoud,Block 2,Equipment-2030,EQ-02030,drilling,,767.25,,2025,8
Exploration & Production,Operations,Berkine,Field A,Equipment-2031,EQ-02031,flaring,Natural Gas,8767.93,scf,2024,2
Refining,Production,Hassi Messaoud,Block 1,Equipment-2032,EQ-02032,fugitive,,9262.7,,2022,8
Marketing,Operations,Adrar,Block 1,Equipment-2033,EQ-02033,flaring,Fuel Gas,5201.88,gal,2023,11
Refining,Logistics,Rhourde Nouss,Block 2,Equipment-2034,EQ-02034,flaring,Diesel,3697.55,gal,2023,4
Exploration & Production,Logistics,Hassi R'Mel,Area X,Equipment-2035,EQ-02035,flaring,Natural Gas,7603.66,scf,2023,9
Refining,Drilling,In Salah,Area Y,Equipment-2036,EQ-02036,fugitive,,2350.43,,2024,3
Transportation,Logistics,Hassi R'Mel,Field A,Equipment-2037,EQ-02037,venting,,5421.37,,2022,11
Exploration & Production,Production,Adrar,Block 1,Equipment-2038,EQ-02038,combustion,Propane,7648.07,gal,2022,2
Marketing,Logistics,Hassi R'Mel,Block 1,Equipment-2039,EQ-02039,fugitive,,6659.34,,2023,5
Refining,Production,Berkine,Block 1,Equipment-2040,EQ-02040,combustion,Diesel,9318.83,gal,2022,4
Refining,Operations,In Salah,Area Y,Equipment-2041,EQ-02041,drilling,,4783.57,,2023,4
Marketing,Drilling,In Salah,Area Y,Equipment-2042,EQ-02042,flaring,Diesel,5024.73,gal,2025,2
Refining,Logistics,Berkine,Block 1,Equipment-2043,EQ-02043,combustion,Diesel,7301.49,gal,2025,11
Exploration & Production,Logistics,Illizi,Block 2,Equipment-2044,EQ-02044,fugitive,,7736.44,,2023,5
Refining,Operations,Adrar,Field A,Equipment-2045,EQ-02045,drilling,,9264.99,,2023,2
Marketing,Logistics,In Salah,Field B,Equipment-2046,EQ-02046,combustion,,1921.28,,2024,6
Transportation,Operations,Hassi R'Mel,Block 1,Equipment-2047,EQ-02047,fugitive,,6215.24,,2023,1
Marketing,Production,Illizi,Field B,Equipment-2048,EQ-02048,flaring,Fuel Gas,9484.83,gal,2023,8
Marketing,Logistics,Berkine,Block 2,Equipment-2049,EQ-02049,combustion,Propane,2222.15,gal,2024,11
Transportation,Production,Illizi,Block 2,Equipment-2050,EQ-02050,drilling,,8392.01,,2022,11
Refining,Operations,Hassi R'Mel,Block 2,Equipment-2051,EQ-02051,drilling,,5803.11,,2025,3
Refining,Drilling,Hassi R'Mel,Block 1,Equipment-2052,EQ-02052,fugitive,,719.21,,2023,6
Refining,Logistics,Berkine,Field A,Equipment-2053,EQ-02053,venting,,6241.91,,2023,8
Exploration & Production,Production,Berkine,Area Y,Equipment-2054,EQ-02054,venting,,7818.86,,2022,11
Marketing,Logistics,Adrar,Block 1,Equipment-2055,EQ-02055,drilling,,3310.8,,2023,12
Marketing,Production,Rhourde Nouss,Block 1,Equipment-2056,EQ-02056,flaring,Natural Gas,5428.9,scf,2024,10
Transportation,Operations,Hassi R'Mel,Block 1,Equipment-2057,EQ-02057,flaring,Diesel,6569.7,gal,2023,5
Exploration & Production,Operations,Hassi Messaoud,Block 1,Equipment-2058,EQ-02058,fugitive,,3129.05,,2023,3
Transportation,Logistics,Illizi,Field B,Equipment-2059,EQ-02059,combustion,Fuel Gas,3171.11,gal,2023,5
Exploration & Production,Operations,Hassi R'Mel,Field A,Equipment-2060,EQ-02060,fugitive,,8836.16,,2024,6
Marketing,Logistics,Berkine,Block 1,Equipment-2061,EQ-02061,drilling,,7059.55,,2025,10
Transportation,Production,Hassi Messaoud,Field A,Equipment-2062,EQ-02062,fugitive,,6218.63,,2025,9
Marketing,Operations,In Salah,Area X,Equipment-2063,EQ-02063,combustion,Diesel,3618.25,gal,2023,3
Marketing,Production,In Salah,Block 2,Equipment-2064,EQ-02064,venting,,7108.54,,2022,2
Refining,Logistics,Berkine,Area Y,Equipment-2065,EQ-02065,fugitive,,9591.39,,2024,4
Marketing,Drilling,Rhourde Nouss,Block 2,Equipment-2066,EQ-02066,drilling,,1655.28,,2025,11
Marketing,Operations,In Salah,Block 1,Equipment-2067,EQ-02067,fugitive,,8525.02,,2024,6
Transportation,Drilling,Rhourde Nouss,Block 1,Equipment-2068,EQ-02068,fugitive,,6739.34,,2025,12
Refining,Production,Hassi R'Mel,Field B,Equipment-2069,EQ-02069,fugitive,,1821.49,,2025,10
Refining,Production,Hassi Messaoud,Block 1,Equipment-2070,EQ-02070,drilling,,147.89,,2024,9
Marketing,Logistics,Hassi Messaoud,Area X,Equipment-2071,EQ-02071,fugitive,,2741.82,,2022,2
Marketing,Operations,Illizi,Area Y,Equipment-2072,EQ-02072,flaring,Propane,8866.25,gal,2022,1
Exploration & Production,Production,In Salah,Area Y,Equipment-2073,EQ-02073,combustion,Fuel Gas,2561.03,gal,2024,1
Transportation,Operations,Hassi R'Mel,Area X,Equipment-2074,EQ-02074,flaring,Propane,946.34,gal,2025,4
Marketing,Logistics,Adrar,Area Y,Equipment-2075,EQ-02075,venting,,692.64,,2022,3
Refining,Operations,Hassi Messaoud,Field B,Equipment-2076,EQ-02076,fugitive,,5187.05,,2025,9
Marketing,Operations,Hassi R'Mel,Field B,Equipment-2077,EQ-02077,drilling,,2197.39,,2023,2
Transportation,Operations,Berkine,Field B,Equipment-2078,EQ-02078,combustion,,5373.32,,2024,8
Refining,Drilling,Berkine,Block 2,Equipment-2079,EQ-02079,combustion,Propane,9028.07,gal,2023,3
Refining,Drilling,In Salah,Field A,Equipment-2080,EQ-02080,flaring,Propane,5780.56,gal,2023,4
Refining,Drilling,Adrar,Area X,Equipment-2081,EQ-02081,flaring,Natural Gas,394.19,scf,2022,5
Refining,Production,Berkine,Block 2,Equipment-2082,EQ-02082,flaring,,3527.18,,2022,12
Exploration & Production,Production,In Salah,Block 2,Equipment-2083,EQ-02083,fugitive,,6608.84,,2022,1
Transportation,Operations,Berkine,Area Y,Equipment-2084,EQ-02084,fugitive,,4665.18,,2022,1
Transportation,Operations,Rhourde Nouss,Area X,Equipment-2085,EQ-02085,combustion,Natural Gas,2502.92,scf,2022,1
Marketing,Production,Illizi,Field B,Equipment-2086,EQ-02086,fugitive,,8014.13,,2025,10
Marketing,Logistics,Illizi,Block 2,Equipment-2087,EQ-02087,flaring,Natural Gas,1552.78,scf,2024,11
Exploration & Production,Production,Illizi,Field A,Equipment-2088,EQ-02088,combustion,,9782.86,,2025,3
Marketing,Logistics,Illizi,Field A,Equipment-2089,EQ-02089,combustion,Diesel,9488.34,gal,2023,3
Refining,Drilling,In Salah,Block 2,Equipment-2090,EQ-02090,combustion,Natural Gas,5685.93,scf,2024,2
Transportation,Drilling,Hassi R'Mel,Area X,Equipment-2091,EQ-02091,flaring,Fuel Gas,7628.63,gal,2023,2
Exploration & Production,Drilling,Hassi R'Mel,Area X,Equipment-2092,EQ-02092,venting,,1998.44,,2024,9
Marketing,Logistics,Adrar,Block 2,Equipment-2093,EQ-02093,flaring,Natural Gas,8108.03,scf,2023,9
Refining,Logistics,Hassi R'Mel,Block 2,Equipment-2094,EQ-02094,combustion,,1464.53,,2025,2
Refining,Logistics,In Salah,Block 2,Equipment-2095,EQ-02095,combustion,,7138.31,,2022,10
Transportation,Logistics,Rhourde Nouss,Field B,Equipment-2096,EQ-02096,fugitive,,5690.43,,2022,2
Transportation,Production,Hassi R'Mel,Block 1,Equipment-2097,EQ-02097,combustion,,8941.64,,2024,4
Transportation,Operations,Hassi Messaoud,Field A,Equipment-2098,EQ-02098,fugitive,,8497.29,,2022,8
Exploration & Production,Production,Berkine,Block 2,Equipment-2099,EQ-02099,drilling,,27.21,,2022,5
Transportation,Drilling,Rhourde Nouss,Block 1,Equipment-2100,EQ-02100,flaring,,4422.3,,2025,9
Marketing,Operations,Hassi Messaoud,Block 1,Equipment-2101,EQ-02101,fugitive,,9683.33,,2023,2
Marketing,Production,In Salah,Area Y,Equipment-2102,EQ-02102,fugitive,,7466.83,,2022,12
Transportation,Logistics,Berkine,Field A,Equipment-2103,EQ-02103,venting,,981.91,,2023,6
Marketing,Production,In Salah,Area X,Equipment-2104,EQ-02104,flaring,Natural Gas,4579.78,scf,2022,4
Transportation,Logistics,Rhourde Nouss,Area Y,Equipment-2105,EQ-02105,flaring,Diesel,3034.59,gal,2024,12
Transportation,Production,Hassi R'Mel,Block 1,Equipment-2106,EQ-02106,venting,,1565.78,,2023,1
Transportation,Logistics,Rhourde Nouss,Area X,Equipment-2107,EQ-02107,fugitive,,7139.18,,2025,2
Transportation,Drilling,Hassi R'Mel,Block 2,Equipment-2108,EQ-02108,fugitive,,2719.72,,2023,7
Marketing,Operations,Hassi R'Mel,Block 1,Equipment-2109,EQ-02109,venting,,6875.7,,2022,9
Marketing,Drilling,Adrar,Block 2,Equipment-2110,EQ-02110,fugitive,,5534.16,,2025,3
Exploration & Production,Logistics,Illizi,Block 1,Equipment-2111,EQ-02111,fugitive,,6594.74,,2024,2
Refining,Operations,Rhourde Nouss,Field B,Equipment-2112,EQ-02112,flaring,,1538.33,,2024,10
Exploration & Production,Logistics,Hassi R'Mel,Block 2,Equipment-2113,EQ-02113,venting,,555.58,,2024,8
Exploration & Production,Operations,Hassi Messaoud,Block 1,Equipment-2114,EQ-02114,combustion,Fuel Gas,2645.16,gal,2022,12
Marketing,Operations,In Salah,Area X,Equipment-2115,EQ-02115,combustion,Propane,8521.08,gal,2022,9
Refining,Production,Hassi R'Mel,Block 2,Equipment-2116,EQ-02116,venting,,9030.64,,2023,8
Transportation,Drilling,Berkine,Area X,Equipment-2117,EQ-02117,venting,,1291.31,,2025,1
Transportation,Logistics,Adrar,Field B,Equipment-2118,EQ-02118,drilling,,3755.56,,2023,5
Refining,Production,Rhourde Nouss,Area X,Equipment-2119,EQ-02119,fugitive,,4305.1,,2024,8
Exploration & Production,Logistics,Berkine,Area X,Equipment-2120,EQ-02120,venting,,3425.68,,2025,7
Marketing,Operations,Rhourde Nouss,Field B,Equipment-2121,EQ-02121,flaring,Natural Gas,8916.34,scf,2023,11
Refining,Production,Hassi Messaoud,Area Y,Equipment-2122,EQ-02122,flaring,Natural Gas,8293.63,scf,2025,7
Transportation,Production,Hassi Messaoud,Block 1,Equipment-2123,EQ-02123,combustion,Fuel Gas,5306.69,gal,2022,4
Exploration & Production,Drilling,In Salah,Block 2,Equipment-2124,EQ-02124,flaring,,5939.1,,2023,9
Transportation,Logistics,Adrar,Block 2,Equipment-2125,EQ-02125,fugitive,,8917.23,,2023,9
Refining,Drilling,Berkine,Field B,Equipment-2126,EQ-02126,drilling,,7403.12,,2022,9
Refining,Logistics,In Salah,Field A,Equipment-2127,EQ-02127,flaring,Diesel,9737.12,gal,2024,11
Transportation,Drilling,Hassi R'Mel,Area Y,Equipment-2128,EQ-02128,venting,,8012.1,,2025,10
Refining,Production,Adrar,Block 2,Equipment-2129,EQ-02129,combustion,Fuel Gas,8189.51,gal,2023,8
Exploration & Production,Production,Illizi,Area X,Equipment-2130,EQ-02130,flaring,Natural Gas,3340.02,scf,2023,11
Refining,Production,Hassi Messaoud,Field B,Equipment-2131,EQ-02131,venting,,6524.9,,2022,2
Transportation,Production,Berkine,Field B,Equipment-2132,EQ-02132,combustion,,1637.26,,2024,9
Refining,Drilling,Adrar,Field B,Equipment-2133,EQ-02133,venting,,6624.85,,2022,8
Transportation,Logistics,Hassi Messaoud,Area X,Equipment-2134,EQ-02134,combustion,,3485.61,,2023,2
Refining,Operations,In Salah,Block 2,Equipment-2135,EQ-02135,fugitive,,241.73,,2022,2
Exploration & Production,Logistics,Adrar,Field B,Equipment-2136,EQ-02136,flaring,Fuel Gas,2475.43,gal,2025,2
Marketing,Drilling,Illizi,Area Y,Equipment-2137,EQ-02137,fugitive,,5606.87,,2024,8
Exploration & Production,Production,Illizi,Block 1,Equipment-2138,EQ-02138,flaring,Diesel,142.14,gal,2023,6
Refining,Operations,Rhourde Nouss,Field B,Equipment-2139,EQ-02139,drilling,,5840.83,,2024,3
Exploration & Production,Production,Hassi Messaoud,Field A,Equipment-2140,EQ-02140,drilling,,966.5,,2024,3
Marketing,Logistics,In Salah,Area Y,Equipment-2141,EQ-02141,venting,,6946.52,,2025,9
Exploration & Production,Logistics,In Salah,Area Y,Equipment-2142,EQ-02142,combustion,Diesel,7960.79,gal,2024,10
Refining,Logistics,Adrar,Block 2,Equipment-2143,EQ-02143,drilling,,8730.77,,2024,4
Refining,Production,Hassi R'Mel,Area Y,Equipment-2144,EQ-02144,drilling,,8865.59,,2025,10
Transportation,Drilling,Hassi R'Mel,Block 2,Equipment-2145,EQ-02145,combustion,Propane,9969.57,gal,2024,2
Exploration & Production,Logistics,Rhourde Nouss,Field A,Equipment-2146,EQ-02146,drilling,,7813.74,,2025,11
Exploration & Production,Drilling,Hassi R'Mel,Area Y,Equipment-2147,EQ-02147,combustion,Fuel Gas,6390.86,gal,2022,1
Marketing,Logistics,Illizi,Field B,Equipment-2148,EQ-02148,drilling,,3937.98,,2023,7
Exploration & Production,Operations,Hassi Messaoud,Area X,Equipment-2149,EQ-02149,combustion,Propane,7255.33,gal,2023,9
Marketing,Production,In Salah,Field B,Equipment-2150,EQ-02150,fugitive,,1304.9,,2025,2
Transportation,Logistics,Berkine,Area X,Equipment-2151,EQ-02151,fugitive,,1004.86,,2025,5
Transportation,Production,Hassi Messaoud,Area Y,Equipment-2152,EQ-02152,drilling,,3707.01,,2022,6
Refining,Logistics,Hassi Messaoud,Block 2,Equipment-2153,EQ-02153,drilling,,4792.44,,2025,6
Exploration & Production,Operations,Rhourde Nouss,Area X,Equipment-2154,EQ-02154,flaring,Diesel,7459.91,gal,2022,9
Transportation,Drilling,Berkine,Field A,Equipment-2155,EQ-02155,venting,,6515.32,,2022,3
Marketing,Production,Illizi,Area Y,Equipment-2156,EQ-02156,venting,,9781.46,,2024,2
Transportation,Drilling,Adrar,Field A,Equipment-2157,EQ-02157,venting,,2292.13,,2025,6
Marketing,Drilling,Illizi,Area Y,Equipment-2158,EQ-02158,venting,,8860.07,,2022,3
Exploration & Production,Logistics,Adrar,Area X,Equipment-2159,EQ-02159,venting,,1698.23,,2023,2
Exploration & Production,Logistics,Hassi Messaoud,Field B,Equipment-2160,EQ-02160,fugitive,,2895.82,,2023,4
Exploration & Production,Logistics,Rhourde Nouss,Field B,Equipment-2161,EQ-02161,venting,,5675.4,,2025,9
Marketing,Operations,Illizi,Field A,Equipment-2162,EQ-02162,combustion,Propane,9648.03,gal,2025,12
Transportation,Production,Hassi R'Mel,Block 1,Equipment-2163,EQ-02163,combustion,Fuel Gas,8440.95,gal,2022,10
Refining,Production,Hassi Messaoud,Area Y,Equipment-2164,EQ-02164,flaring,,1524.22,,2022,6
Marketing,Logistics,In Salah,Field A,Equipment-2165,EQ-02165,drilling,,5486.75,,2023,12
Marketing,Production,Adrar,Field A,Equipment-2166,EQ-02166,drilling,,7341.06,,2025,9
Refining,Operations,Hassi R'Mel,Field A,Equipment-2167,EQ-02167,fugitive,,4534.1,,2024,1
Marketing,Operations,Hassi R'Mel,Field B,Equipment-2168,EQ-02168,combustion,Natural Gas,8577.52,scf,2025,6
Transportation,Drilling,Adrar,Block 2,Equipment-2169,EQ-02169,flaring,Fuel Gas,9877.22,gal,2024,1
Exploration & Production,Production,Rhourde Nouss,Field B,Equipment-2170,EQ-02170,venting,,1893.03,,2025,11
Exploration & Production,Production,In Salah,Area X,Equipment-2171,EQ-02171,fugitive,,1942.43,,2022,10
Refining,Operations,Hassi R'Mel,Block 1,Equipment-2172,EQ-02172,drilling,,2762.82,,2024,8
Transportation,Production,Berkine,Block 2,Equipment-2173,EQ-02173,drilling,,7470.93,,2024,10
Marketing,Logistics,Berkine,Field B,Equipment-2174,EQ-02174,drilling,,9060.18,,2025,1
Marketing,Operations,Illizi,Field B,Equipment-2175,EQ-02175,drilling,,3264.97,,2022,5
Exploration & Production,Operations,Hassi R'Mel,Field A,Equipment-2176,EQ-02176,drilling,,5669.76,,2024,8
Marketing,Logistics,Berkine,Field A,Equipment-2177,EQ-02177,combustion,Fuel Gas,4012.21,gal,2024,1
Marketing,Operations,Adrar,Block 1,Equipment-2178,EQ-02178,combustion,,4619.51,,2023,5
Transportation,Drilling,Rhourde Nouss,Area X,Equipment-2179,EQ-02179,flaring,,2150.68,,2023,4
Marketing,Operations,Berkine,Field B,Equipment-2180,EQ-02180,drilling,,5134.32,,2023,12
Marketing,Production,Hassi Messaoud,Block 1,Equipment-2181,EQ-02181,drilling,,3735.75,,2023,5
Exploration & Production,Production,Adrar,Field B,Equipment-2182,EQ-02182,flaring,,2144.32,,2023,11
Marketing,Operations,Hassi R'Mel,Field B,Equipment-2183,EQ-02183,combustion,Natural Gas,5618.02,scf,2023,1
Exploration & Production,Drilling,Berkine,Area Y,Equipment-2184,EQ-02184,combustion,,1581.12,,2025,12
Exploration & Production,Production,Berkine,Area X,Equipment-2185,EQ-02185,fugitive,,1355.75,,2025,8
Refining,Drilling,Berkine,Block 2,Equipment-2186,EQ-02186,flaring,Natural Gas,8702.56,scf,2023,11
Transportation,Drilling,Berkine,Block 1,Equipment-2187,EQ-02187,venting,,2497.98,,2025,7
Marketing,Operations,Rhourde Nouss,Field B,Equipment-2188,EQ-02188,drilling,,6198.17,,2022,8
Exploration & Production,Production,Berkine,Field A,Equipment-2189,EQ-02189,flaring,Natural Gas,3066.75,scf,2024,2
Transportation,Drilling,Hassi R'Mel,Area X,Equipment-2190,EQ-02190,drilling,,9258.58,,2023,10
Refining,Drilling,Berkine,Block 1,Equipment-2191,EQ-02191,fugitive,,4942.74,,2023,1
Marketing,Operations,Hassi R'Mel,Block 1,Equipment-2192,EQ-02192,combustion,Natural Gas,7814.07,scf,2023,6
Exploration & Production,Drilling,Rhourde Nouss,Block 2,Equipment-2193,EQ-02193,drilling,,1754.73,,2022,12
Transportation,Drilling,Hassi Messaoud,Block 2,Equipment-2194,EQ-02194,drilling,,3133.73,,2023,5
Refining,Production,Hassi R'Mel,Block 1,Equipment-2195,EQ-02195,flaring,Diesel,7403.84,gal,2025,9
Exploration & Production,Production,Hassi R'Mel,Field B,Equipment-2196,EQ-02196,flaring,Natural Gas,9132.1,scf,2022,5
Refining,Operations,Berkine,Field A,Equipment-2197,EQ-02197,combustion,Natural Gas,9199.41,scf,2023,2
Transportation,Operations,Berkine,Area Y,Equipment-2198,EQ-02198,flaring,,9456.71,,2023,5
Exploration & Production,Operations,Rhourde Nouss,Block 1,Equipment-2199,EQ-02199,venting,,1297.76,,2023,12
Refining,Production,Rhourde Nouss,Area X,Equipment-2200,EQ-02200,combustion,Diesel,335.58,gal,2025,6
Marketing,Operations,In Salah,Block 1,Equipment-2201,EQ-02201,drilling,,4704.38,,2023,11
Transportation,Operations,Adrar,Field B,Equipment-2202,EQ-02202,fugitive,,2197.54,,2025,9
Refining,Logistics,In Salah,Area Y,Equipment-2203,EQ-02203,drilling,,1389.89,,2023,11
Refining,Logistics,Illizi,Field B,Equipment-2204,EQ-02204,drilling,,6212.34,,2024,9
Transportation,Operations,Illizi,Block 1,Equipment-2205,EQ-02205,combustion,Natural Gas,3165.68,scf,2022,3
Refining,Operations,Hassi R'Mel,Area X,Equipment-2206,EQ-02206,drilling,,7978.25,,2022,12
Marketing,Logistics,In Salah,Block 2,Equipment-2207,EQ-02207,drilling,,2321.6,,2022,10
Transportation,Logistics,Hassi Messaoud,Field A,Equipment-2208,EQ-02208,venting,,6485.92,,2022,5
Marketing,Production,Adrar,Block 2,Equipment-2209,EQ-02209,drilling,,5880.2,,2023,12
Marketing,Operations,In Salah,Field B,Equipment-2210,EQ-02210,flaring,Natural Gas,9503.84,scf,2024,9
Marketing,Operations,Illizi,Block 2,Equipment-2211,EQ-02211,flaring,,4917.78,,2022,10
Refining,Drilling,Berkine,Field A,Equipment-2212,EQ-02212,venting,,6023.36,,2024,2
Refining,Drilling,Hassi R'Mel,Field A,Equipment-2213,EQ-02213,fugitive,,1364.85,,2025,4
Exploration & Production,Drilling,Adrar,Block 1,Equipment-2214,EQ-02214,venting,,9105.63,,2022,4
Refining,Production,Illizi,Area Y,Equipment-2215,EQ-02215,venting,,4548.15,,2022,2
Exploration & Production,Operations,In Salah,Block 2,Equipment-2216,EQ-02216,combustion,Diesel,8051.59,gal,2024,5
Transportation,Logistics,Berkine,Block 1,Equipment-2217,EQ-02217,venting,,5943.45,,2024,4
Exploration & Production,Production,Adrar,Area Y,Equipment-2218,EQ-02218,venting,,4441.51,,2022,2
Marketing,Production,Berkine,Area Y,Equipment-2219,EQ-02219,flaring,Diesel,6994.65,gal,2022,2
Refining,Drilling,Hassi Messaoud,Block 2,Equipment-2220,EQ-02220,drilling,,9134.09,,2022,11
Refining,Logistics,Illizi,Field A,Equipment-2221,EQ-02221,flaring,Fuel Gas,5900.56,gal,2022,2
Exploration & Production,Operations,In Salah,Block 2,Equipment-2222,EQ-02222,drilling,,6606.84,,2024,9
Marketing,Production,Hassi Messaoud,Field A,Equipment-2223,EQ-02223,fugitive,,1628.19,,2023,1
Transportation,Production,Berkine,Block 1,Equipment-2224,EQ-02224,venting,,7339.42,,2023,8
Refining,Logistics,Illizi,Field A,Equipment-2225,EQ-02225,fugitive,,4662.4,,2022,12
Exploration & Production,Logistics,Rhourde Nouss,Field A,Equipment-2226,EQ-02226,fugitive,,8460.76,,2025,8
Refining,Operations,Adrar,Field A,Equipment-2227,EQ-02227,drilling,,5525.41,,2023,3
Transportation,Production,Illizi,Area Y,Equipment-2228,EQ-02228,venting,,4722.53,,2025,2
Transportation,Logistics,Hassi Messaoud,Field A,Equipment-2229,EQ-02229,combustion,,8226.94,,2022,4
Refining,Production,Illizi,Block 2,Equipment-2230,EQ-02230,flaring,Propane,3940.84,gal,2024,1
Refining,Drilling,Hassi Messaoud,Block 2,Equipment-2231,EQ-02231,flaring,Diesel,209.78,gal,2023,9
Marketing,Production,Hassi Messaoud,Block 2,Equipment-2232,EQ-02232,flaring,,214.85,,2025,8
Transportation,Operations,In Salah,Block 1,Equipment-2233,EQ-02233,drilling,,8365.24,,2024,9
Transportation,Drilling,Hassi Messaoud,Block 2,Equipment-2234,EQ-02234,flaring,Fuel Gas,8665.41,gal,2025,4
Exploration & Production,Logistics,Rhourde Nouss,Area X,Equipment-2235,EQ-02235,venting,,5585.98,,2023,9
Exploration & Production,Production,Hassi Messaoud,Area X,Equipment-2236,EQ-02236,flaring,Diesel,7839.91,gal,2022,12
Marketing,Production,In Salah,Block 1,Equipment-2237,EQ-02237,drilling,,7755.76,,2024,9
Transportation,Drilling,Berkine,Block 1,Equipment-2238,EQ-02238,flaring,,1667.25,,2025,6
Marketing,Logistics,Adrar,Block 1,Equipment-2239,EQ-02239,venting,,54.53,,2024,9
Transportation,Drilling,Hassi R'Mel,Area Y,Equipment-2240,EQ-02240,flaring,Natural Gas,7770.9,scf,2023,8
Refining,Production,Rhourde Nouss,Area X,Equipment-2241,EQ-02241,combustion,Fuel Gas,5887.34,gal,2023,5
Exploration & Production,Production,Illizi,Field A,Equipment-2242,EQ-02242,combustion,Diesel,6410.28,gal,2022,6
Transportation,Production,Hassi Messaoud,Field A,Equipment-2243,EQ-02243,venting,,2821.56,,2024,3
Exploration & Production,Production,Adrar,Field A,Equipment-2244,EQ-02244,drilling,,2583.38,,2025,6
Exploration & Production,Drilling,Hassi Messaoud,Area Y,Equipment-2245,EQ-02245,combustion,Natural Gas,7464.17,scf,2022,12
Transportation,Drilling,Illizi,Field B,Equipment-2246,EQ-02246,flaring,Propane,8981.84,gal,2025,12
Marketing,Production,In Salah,Block 2,Equipment-2247,EQ-02247,drilling,,7558.07,,2024,4
Refining,Drilling,Illizi,Area X,Equipment-2248,EQ-02248,flaring,Propane,1068.88,gal,2024,8
Refining,Drilling,Hassi R'Mel,Area X,Equipment-2249,EQ-02249,combustion,Propane,6238.64,gal,2025,5
Transportation,Operations,In Salah,Field A,Equipment-2250,EQ-02250,fugitive,,1939.64,,2025,8
Marketing,Logistics,In Salah,Area X,Equipment-2251,EQ-02251,combustion,Fuel Gas,2220.83,gal,2023,12
Marketing,Production,Hassi R'Mel,Area Y,Equipment-2252,EQ-02252,drilling,,5346.82,,2022,2
Marketing,Operations,Hassi Messaoud,Area Y,Equipment-2253,EQ-02253,drilling,,9770.5,,2022,11
Refining,Logistics,Hassi Messaoud,Field B,Equipment-2254,EQ-02254,flaring,Fuel Gas,8463.92,gal,2022,2
Exploration & Production,Production,In Salah,Field A,Equipment-2255,EQ-02255,venting,,1342.66,,2025,6
Marketing,Drilling,Adrar,Area X,Equipment-2256,EQ-02256,fugitive,,5208.9,,2023,6
Marketing,Operations,Illizi,Block 2,Equipment-2257,EQ-02257,drilling,,5648.39,,2023,2
Transportation,Drilling,Illizi,Block 2,Equipment-2258,EQ-02258,flaring,Diesel,2146.51,gal,2024,10
Exploration & Production,Operations,Berkine,Block 1,Equipment-2259,EQ-02259,flaring,Propane,4087.38,gal,2024,7
Refining,Operations,Hassi R'Mel,Area Y,Equipment-2260,EQ-02260,combustion,Natural Gas,3901.39,scf,2024,7
Exploration & Production,Logistics,Hassi R'Mel,Area Y,Equipment-2261,EQ-02261,drilling,,2960.65,,2022,10
Marketing,Production,Hassi R'Mel,Block 2,Equipment-2262,EQ-02262,combustion,Natural Gas,4727.57,scf,2023,5
Transportation,Drilling,In Salah,Field A,Equipment-2263,EQ-02263,combustion,Diesel,8366.41,gal,2022,7
Transportation,Operations,Hassi Messaoud,Block 2,Equipment-2264,EQ-02264,combustion,,2495.34,,2023,12
Marketing,Drilling,Hassi R'Mel,Area X,Equipment-2265,EQ-02265,combustion,,3476.1,,2024,1
Refining,Operations,Adrar,Block 2,Equipment-2266,EQ-02266,drilling,,3161.46,,2024,10
Transportation,Drilling,Berkine,Block 2,Equipment-2267,EQ-02267,combustion,,6951.64,,2024,7
Transportation,Logistics,Berkine,Area X,Equipment-2268,EQ-02268,combustion,Fuel Gas,4773.67,gal,2022,2
Marketing,Operations,Hassi R'Mel,Block 1,Equipment-2269,EQ-02269,venting,,1259.57,,2023,11
Marketing,Operations,Adrar,Area X,Equipment-2270,EQ-02270,fugitive,,6519.49,,2022,9
Refining,Production,Illizi,Field A,Equipment-2271,EQ-02271,venting,,4913.45,,2023,10
Refining,Logistics,Berkine,Field A,Equipment-2272,EQ-02272,venting,,2795.77,,2025,10
Transportation,Logistics,Hassi R'Mel,Area Y,Equipment-2273,EQ-02273,flaring,Natural Gas,437.93,scf,2025,8
Transportation,Logistics,Adrar,Block 2,Equipment-2274,EQ-02274,combustion,Natural Gas,8305.18,scf,2024,4
Transportation,Drilling,Illizi,Block 1,Equipment-2275,EQ-02275,combustion,Propane,265.8,gal,2025,1
Marketing,Operations,Hassi R'Mel,Block 1,Equipment-2276,EQ-02276,venting,,2897.34,,2022,6
Exploration & Production,Operations,In Salah,Field B,Equipment-2277,EQ-02277,flaring,Fuel Gas,1656.75,gal,2022,10
Refining,Operations,Hassi R'Mel,Area Y,Equipment-2278,EQ-02278,venting,,849.64,,2023,10
Transportation,Logistics,Adrar,Block 2,Equipment-2279,EQ-02279,combustion,Fuel Gas,7884.21,gal,2024,10
Exploration & Production,Production,Hassi Messaoud,Field B,Equipment-2280,EQ-02280,fugitive,,6383.32,,2022,4
Refining,Operations,Adrar,Block 1,Equipment-2281,EQ-02281,venting,,3075.59,,2023,4
Transportation,Logistics,Rhourde Nouss,Area X,Equipment-2282,EQ-02282,fugitive,,5477.44,,2024,1
Exploration & Production,Production,Hassi Messaoud,Area X,Equipment-2283,EQ-02283,flaring,Natural Gas,2863.5,scf,2023,6
Refining,Logistics,Rhourde Nouss,Block 2,Equipment-2284,EQ-02284,flaring,Natural Gas,6563.32,scf,2024,11
Exploration & Production,Drilling,Rhourde Nouss,Block 1,Equipment-2285,EQ-02285,combustion,,3158.9,,2023,6
Refining,Drilling,Illizi,Field B,Equipment-2286,EQ-02286,fugitive,,7201.54,,2023,2
Exploration & Production,Production,Illizi,Block 1,Equipment-2287,EQ-02287,venting,,9612.29,,2022,4
Marketing,Logistics,Illizi,Block 1,Equipment-2288,EQ-02288,fugitive,,6337.63,,2023,8
Transportation,Logistics,In Salah,Block 1,Equipment-2289,EQ-02289,flaring,Fuel Gas,191.62,gal,2023,8
Transportation,Drilling,Hassi Messaoud,Block 2,Equipment-2290,EQ-02290,combustion,Natural Gas,5254.06,scf,2025,6
Marketing,Operations,In Salah,Field B,Equipment-2291,EQ-02291,drilling,,6490.25,,2022,2
Exploration & Production,Production,Berkine,Field B,Equipment-2292,EQ-02292,drilling,,4133.16,,2022,3
Refining,Production,In Salah,Area Y,Equipment-2293,EQ-02293,drilling,,547.21,,2022,4
Transportation,Drilling,Hassi Messaoud,Block 1,Equipment-2294,EQ-02294,drilling,,2568.79,,2023,9
Refining,Drilling,Hassi Messaoud,Block 1,Equipment-2295,EQ-02295,combustion,Propane,5079.72,gal,2022,10
Transportation,Logistics,Illizi,Block 2,Equipment-2296,EQ-02296,fugitive,,4603.54,,2025,8
Refining,Logistics,Rhourde Nouss,Area Y,Equipment-2297,EQ-02297,combustion,Diesel,7138.75,gal,2023,12
Exploration & Production,Production,Hassi Messaoud,Area Y,Equipment-2298,EQ-02298,fugitive,,806.07,,2022,9
Transportation,Production,In Salah,Block 2,Equipment-2299,EQ-02299,flaring,Fuel Gas,1064.64,gal,2025,12
Marketing,Drilling,Berkine,Block 2,Equipment-2300,EQ-02300,drilling,,6073.91,,2024,1
Exploration & Production,Logistics,Hassi Messaoud,Block 1,Equipment-2301,EQ-02301,flaring,Fuel Gas,3844.84,gal,2024,4
Marketing,Drilling,Hassi Messaoud,Field B,Equipment-2302,EQ-02302,venting,,4756.13,,2024,1
Transportation,Logistics,Rhourde Nouss,Area Y,Equipment-2303,EQ-02303,fugitive,,1295.13,,2025,6
Refining,Drilling,Hassi R'Mel,Area X,Equipment-2304,EQ-02304,combustion,Fuel Gas,3996.15,gal,2023,6
Marketing,Drilling,Berkine,Block 1,Equipment-2305,EQ-02305,venting,,4019.23,,2025,6
Exploration & Production,Operations,Rhourde Nouss,Area Y,Equipment-2306,EQ-02306,flaring,Propane,9540.95,gal,2025,2
Marketing,Logistics,Rhourde Nouss,Field B,Equipment-2307,EQ-02307,flaring,Propane,2267.26,gal,2025,10
Refining,Drilling,Berkine,Field A,Equipment-2308,EQ-02308,fugitive,,5889.13,,2024,1
Exploration & Production,Drilling,Adrar,Field B,Equipment-2309,EQ-02309,flaring,Natural Gas,332.98,scf,2023,11
Refining,Drilling,Rhourde Nouss,Block 2,Equipment-2310,EQ-02310,drilling,,9898.17,,2023,2
Refining,Drilling,Berkine,Field B,Equipment-2311,EQ-02311,combustion,,3761.13,,2023,11
Marketing,Production,Rhourde Nouss,Area X,Equipment-2312,EQ-02312,flaring,Natural Gas,8101.28,scf,2024,4
Refining,Logistics,Hassi R'Mel,Area X,Equipment-2313,EQ-02313,fugitive,,5247.37,,2022,4
Transportation,Drilling,Hassi Messaoud,Area X,Equipment-2314,EQ-02314,combustion,Propane,9987.82,gal,2023,5
Marketing,Operations,Adrar,Area X,Equipment-2315,EQ-02315,fugitive,,9420.6,,2022,11
Marketing,Drilling,Rhourde Nouss,Field B,Equipment-2316,EQ-02316,combustion,Natural Gas,3068.73,scf,2022,10
Marketing,Operations,Rhourde Nouss,Field B,Equipment-2317,EQ-02317,drilling,,5303.45,,2023,2
Marketing,Operations,Illizi,Block 1,Equipment-2318,EQ-02318,combustion,Diesel,8519.28,gal,2024,6
Marketing,Operations,Hassi R'Mel,Area Y,Equipment-2319,EQ-02319,venting,,20.43,,2023,5
Refining,Production,Hassi Messaoud,Block 1,Equipment-2320,EQ-02320,flaring,,7215.19,,2022,9
Exploration & Production,Drilling,Berkine,Block 1,Equipment-2321,EQ-02321,fugitive,,7880.25,,2023,12
Exploration & Production,Logistics,Berkine,Area Y,Equipment-2322,EQ-02322,drilling,,578.84,,2022,10
Marketing,Logistics,Adrar,Area X,Equipment-2323,EQ-02323,venting,,188.79,,2024,4
Marketing,Production,In Salah,Block 2,Equipment-2324,EQ-02324,flaring,,1862.0,,2024,4
Exploration & Production,Drilling,Rhourde Nouss,Field A,Equipment-2325,EQ-02325,fugitive,,4689.19,,2025,9
Transportation,Operations,Illizi,Field B,Equipment-2326,EQ-02326,combustion,Diesel,9973.68,gal,2024,8
Marketing,Drilling,Hassi Messaoud,Area Y,Equipment-2327,EQ-02327,flaring,Diesel,6412.7,gal,2023,8
Refining,Production,Rhourde Nouss,Block 2,Equipment-2328,EQ-02328,combustion,Diesel,1872.35,gal,2024,10
Marketing,Logistics,In Salah,Area X,Equipment-2329,EQ-02329,combustion,Fuel Gas,994.97,gal,2022,1
Exploration & Production,Drilling,Hassi Messaoud,Block 2,Equipment-2330,EQ-02330,flaring,Propane,5704.99,gal,2024,6
Exploration & Production,Drilling,In Salah,Block 2,Equipment-2331,EQ-02331,flaring,Diesel,3896.57,gal,2022,6
Refining,Drilling,Rhourde Nouss,Area X,Equipment-2332,EQ-02332,flaring,,7841.82,,2024,1
Marketing,Production,In Salah,Block 2,Equipment-2333,EQ-02333,venting,,8445.6,,2022,7
Exploration & Production,Operations,Berkine,Field A,Equipment-2334,EQ-02334,flaring,Diesel,5840.32,gal,2025,4
Exploration & Production,Production,Illizi,Field B,Equipment-2335,EQ-02335,venting,,4998.11,,2025,2
Refining,Logistics,Berkine,Block 2,Equipment-2336,EQ-02336,fugitive,,2291.83,,2022,6
Transportation,Production,Berkine,Block 1,Equipment-2337,EQ-02337,drilling,,6946.9,,2024,6
Marketing,Drilling,In Salah,Field B,Equipment-2338,EQ-02338,combustion,Natural Gas,4392.67,scf,2024,6
Refining,Logistics,Berkine,Field A,Equipment-2339,EQ-02339,drilling,,7383.6,,2023,8
Transportation,Logistics,Hassi R'Mel,Block 2,Equipment-2340,EQ-02340,drilling,,8632.8,,2024,6
Marketing,Drilling,Berkine,Block 1,Equipment-2341,EQ-02341,drilling,,7960.29,,2022,4
Exploration & Production,Logistics,Berkine,Area X,Equipment-2342,EQ-02342,combustion,Propane,9993.95,gal,2024,6
Exploration & Production,Production,In Salah,Block 2,Equipment-2343,EQ-02343,venting,,3355.74,,2024,1
Exploration & Production,Logistics,Hassi R'Mel,Block 1,Equipment-2344,EQ-02344,flaring,Diesel,8512.97,gal,2022,2
Transportation,Production,Hassi Messaoud,Field B,Equipment-2345,EQ-02345,flaring,Fuel Gas,2069.91,gal,2022,4
Marketing,Logistics,In Salah,Area Y,Equipment-2346,EQ-02346,fugitive,,2294.27,,2023,8
Exploration & Production,Logistics,Hassi R'Mel,Block 2,Equipment-2347,EQ-02347,fugitive,,1823.04,,2025,2
Transportation,Production,Adrar,Area Y,Equipment-2348,EQ-02348,combustion,Fuel Gas,3531.31,gal,2024,1
Refining,Logistics,In Salah,Area X,Equipment-2349,EQ-02349,fugitive,,5790.07,,2024,8
Marketing,Logistics,Illizi,Area Y,Equipment-2350,EQ-02350,combustion,Diesel,32.93,gal,2023,7
Exploration & Production,Logistics,Hassi R'Mel,Area Y,Equipment-2351,EQ-02351,venting,,1256.08,,2025,1
Marketing,Logistics,In Salah,Area X,Equipment-2352,EQ-02352,drilling,,8060.83,,2025,10
Refining,Logistics,Hassi R'Mel,Field A,Equipment-2353,EQ-02353,fugitive,,2396.01,,2024,11
Marketing,Logistics,In Salah,Block 1,Equipment-2354,EQ-02354,drilling,,3938.96,,2024,10
Refining,Production,In Salah,Area Y,Equipment-2355,EQ-02355,combustion,,9654.45,,2022,1
Refining,Logistics,Berkine,Area X,Equipment-2356,EQ-02356,venting,,3263.52,,2022,2
Marketing,Logistics,Adrar,Area Y,Equipment-2357,EQ-02357,combustion,,9850.73,,2023,8
Marketing,Production,In Salah,Field B,Equipment-2358,EQ-02358,flaring,Natural Gas,3875.39,scf,2025,7
Exploration & Production,Drilling,Hassi R'Mel,Field B,Equipment-2359,EQ-02359,flaring,,8760.05,,2025,7
Transportation,Logistics,Hassi Messaoud,Field B,Equipment-2360,EQ-02360,combustion,Fuel Gas,8757.49,gal,2022,12
Marketing,Logistics,Rhourde Nouss,Area X,Equipment-2361,EQ-02361,venting,,4871.53,,2023,5
Exploration & Production,Operations,Rhourde Nouss,Field A,Equipment-2362,EQ-02362,fugitive,,7082.31,,2023,5
Transportation,Production,Hassi Messaoud,Block 2,Equipment-2363,EQ-02363,drilling,,5583.15,,2023,5
Exploration & Production,Logistics,Illizi,Block 1,Equipment-2364,EQ-02364,venting,,6380.51,,2023,10
Transportation,Production,Berkine,Field B,Equipment-2365,EQ-02365,drilling,,3829.24,,2022,7
Marketing,Logistics,In Salah,Block 1,Equipment-2366,EQ-02366,flaring,Natural Gas,4550.13,scf,2022,2
Refining,Operations,In Salah,Field A,Equipment-2367,EQ-02367,fugitive,,4972.41,,2025,11
Transportation,Operations,Adrar,Area X,Equipment-2368,EQ-02368,fugitive,,243.33,,2025,12
Transportation,Production,Rhourde Nouss,Block 2,Equipment-2369,EQ-02369,drilling,,548.18,,2022,12
Exploration & Production,Drilling,Hassi R'Mel,Field B,Equipment-2370,EQ-02370,drilling,,7318.66,,2022,1
Marketing,Operations,Adrar,Field B,Equipment-2371,EQ-02371,venting,,3620.11,,2024,1
Exploration & Production,Production,In Salah,Field B,Equipment-2372,EQ-02372,fugitive,,8564.4,,2022,4
Exploration & Production,Drilling,Hassi R'Mel,Block 1,Equipment-2373,EQ-02373,fugitive,,3415.6,,2025,9
Exploration & Production,Production,Illizi,Field A,Equipment-2374,EQ-02374,flaring,,7219.02,,2024,7
Refining,Operations,Adrar,Field A,Equipment-2375,EQ-02375,drilling,,1869.43,,2023,9
Marketing,Logistics,Rhourde Nouss,Field B,Equipment-2376,EQ-02376,venting,,4290.46,,2023,6
Transportation,Logistics,In Salah,Field B,Equipment-2377,EQ-02377,fugitive,,5095.72,,2024,11
Transportation,Production,In Salah,Field A,Equipment-2378,EQ-02378,flaring,Fuel Gas,5339.89,gal,2022,8
Refining,Operations,Hassi R'Mel,Block 2,Equipment-2379,EQ-02379,combustion,Propane,3648.75,gal,2023,4
Exploration & Production,Operations,Hassi R'Mel,Field A,Equipment-2380,EQ-02380,flaring,Natural Gas,4153.55,scf,2024,1
Refining,Drilling,Adrar,Block 2,Equipment-2381,EQ-02381,flaring,Fuel Gas,9399.07,gal,2022,6
Exploration & Production,Drilling,Adrar,Field B,Equipment-2382,EQ-02382,combustion,Diesel,5646.41,gal,2023,4
Transportation,Production,Illizi,Area X,Equipment-2383,EQ-02383,drilling,,242.0,,2023,3
Transportation,Production,Berkine,Field A,Equipment-2384,EQ-02384,combustion,Fuel Gas,3513.43,gal,2025,4
Refining,Drilling,Rhourde Nouss,Field A,Equipment-2385,EQ-02385,venting,,6793.92,,2023,3
Refining,Logistics,Illizi,Block 1,Equipment-2386,EQ-02386,drilling,,6296.9,,2024,1
Refining,Drilling,Hassi Messaoud,Field B,Equipment-2387,EQ-02387,venting,,8680.73,,2023,2
Refining,Operations,Hassi Messaoud,Field A,Equipment-2388,EQ-02388,flaring,Diesel,1360.89,gal,2024,5
Marketing,Operations,Berkine,Block 1,Equipment-2389,EQ-02389,venting,,7609.0,,2022,3
Marketing,Drilling,Rhourde Nouss,Area Y,Equipment-2390,EQ-02390,combustion,Natural Gas,5788.18,scf,2025,9
Marketing,Production,Berkine,Block 2,Equipment-2391,EQ-02391,drilling,,7376.34,,2023,4
Transportation,Drilling,Adrar,Area X,Equipment-2392,EQ-02392,venting,,2519.61,,2022,6
Exploration & Production,Operations,Rhourde Nouss,Block 2,Equipment-2393,EQ-02393,drilling,,739.3,,2024,1
Marketing,Production,Rhourde Nouss,Area X,Equipment-2394,EQ-02394,drilling,,5676.58,,2023,12
Refining,Drilling,Illizi,Block 2,Equipment-2395,EQ-02395,combustion,Diesel,4007.42,gal,2025,7
Transportation,Production,Illizi,Field A,Equipment-2396,EQ-02396,drilling,,811.34,,2022,1
Marketing,Production,Hassi Messaoud,Area X,Equipment-2397,EQ-02397,flaring,Fuel Gas,8803.58,gal,2022,7
Refining,Logistics,Rhourde Nouss,Area Y,Equipment-2398,EQ-02398,drilling,,3925.26,,2024,9
Exploration & Production,Production,Rhourde Nouss,Field A,Equipment-2399,EQ-02399,venting,,8648.03,,2023,9
Marketing,Operations,Adrar,Field A,Equipment-2400,EQ-02400,fugitive,,2981.04,,2023,9
Transportation,Drilling,Berkine,Field A,Equipment-2401,EQ-02401,drilling,,9268.37,,2025,3
Refining,Production,Adrar,Area X,Equipment-2402,EQ-02402,combustion,Natural Gas,2896.34,scf,2024,1
Refining,Production,In Salah,Area X,Equipment-2403,EQ-02403,combustion,,7245.2,,2023,11
Refining,Logistics,Hassi R'Mel,Field B,Equipment-2404,EQ-02404,drilling,,2537.06,,2025,8
Refining,Logistics,Adrar,Area X,Equipment-2405,EQ-02405,combustion,Propane,84.64,gal,2024,12
Refining,Logistics,Adrar,Field A,Equipment-2406,EQ-02406,venting,,3390.89,,2023,8
Exploration & Production,Drilling,Adrar,Block 1,Equipment-2407,EQ-02407,flaring,Propane,2811.49,gal,2025,6
Refining,Production,Illizi,Area Y,Equipment-2408,EQ-02408,fugitive,,9463.36,,2024,4
Transportation,Operations,Rhourde Nouss,Block 2,Equipment-2409,EQ-02409,combustion,,9032.85,,2025,1
Marketing,Operations,Illizi,Block 2,Equipment-2410,EQ-02410,flaring,,3629.76,,2024,6
Transportation,Operations,Rhourde Nouss,Field A,Equipment-2411,EQ-02411,venting,,5910.9,,2022,3
Exploration & Production,Production,Illizi,Block 2,Equipment-2412,EQ-02412,drilling,,4313.17,,2022,1
Transportation,Drilling,Rhourde Nouss,Field A,Equipment-2413,EQ-02413,venting,,3037.84,,2023,11
Transportation,Production,Illizi,Block 1,Equipment-2414,EQ-02414,fugitive,,2770.14,,2025,9
Transportation,Logistics,Adrar,Block 1,Equipment-2415,EQ-02415,combustion,Propane,8837.1,gal,2024,3
Transportation,Logistics,Berkine,Field B,Equipment-2416,EQ-02416,combustion,,6169.94,,2024,6
Marketing,Operations,Hassi R'Mel,Field A,Equipment-2417,EQ-02417,flaring,Propane,3395.03,gal,2022,3
Transportation,Production,Illizi,Block 1,Equipment-2418,EQ-02418,combustion,,1940.61,,2025,1
Marketing,Operations,In Salah,Area Y,Equipment-2419,EQ-02419,combustion,,2505.81,,2025,2
Exploration & Production,Logistics,Hassi Messaoud,Block 1,Equipment-2420,EQ-02420,combustion,Diesel,1637.16,gal,2024,12
Refining,Production,Hassi R'Mel,Block 1,Equipment-2421,EQ-02421,combustion,,2819.23,,2022,4
Transportation,Logistics,Hassi Messaoud,Field A,Equipment-2422,EQ-02422,drilling,,3989.06,,2022,7
Marketing,Drilling,In Salah,Field B,Equipment-2423,EQ-02423,fugitive,,1330.86,,2023,9
Refining,Operations,Hassi Messaoud,Block 2,Equipment-2424,EQ-02424,combustion,Propane,7148.32,gal,2022,6
Marketing,Logistics,Adrar,Block 2,Equipment-2425,EQ-02425,fugitive,,2322.63,,2024,2
Transportation,Logistics,Berkine,Block 1,Equipment-2426,EQ-02426,venting,,1945.73,,2023,8
Exploration & Production,Production,Adrar,Block 1,Equipment-2427,EQ-02427,drilling,,3001.99,,2025,10
Refining,Logistics,Illizi,Field A,Equipment-2428,EQ-02428,fugitive,,110.98,,2024,1
Exploration & Production,Production,In Salah,Area X,Equipment-2429,EQ-02429,drilling,,3763.68,,2023,5
Transportation,Drilling,In Salah,Field A,Equipment-2430,EQ-02430,venting,,2139.85,,2023,10
Transportation,Production,Berkine,Field A,Equipment-2431,EQ-02431,flaring,Diesel,5187.29,gal,2025,6
Transportation,Operations,Rhourde Nouss,Block 1,Equipment-2432,EQ-02432,drilling,,8072.02,,2024,10
Transportation,Drilling,Illizi,Field B,Equipment-2433,EQ-02433,fugitive,,5799.68,,2022,7
Marketing,Drilling,In Salah,Area X,Equipment-2434,EQ-02434,combustion,Fuel Gas,8341.06,gal,2023,9
Exploration & Production,Production,Berkine,Block 1,Equipment-2435,EQ-02435,venting,,2331.22,,2022,11
Marketing,Operations,In Salah,Block 2,Equipment-2436,EQ-02436,combustion,Natural Gas,493.5,scf,2025,9
Transportation,Production,Adrar,Area Y,Equipment-2437,EQ-02437,combustion,Fuel Gas,4042.29,gal,2022,4
Refining,Logistics,Rhourde Nouss,Area X,Equipment-2438,EQ-02438,flaring,Propane,6521.01,gal,2024,3
Refining,Logistics,Hassi Messaoud,Field B,Equipment-2439,EQ-02439,venting,,3039.96,,2024,1
Marketing,Drilling,In Salah,Area Y,Equipment-2440,EQ-02440,venting,,1367.31,,2024,4
Marketing,Production,Hassi Messaoud,Field B,Equipment-2441,EQ-02441,flaring,Diesel,8886.13,gal,2022,11
Exploration & Production,Drilling,Hassi R'Mel,Area Y,Equipment-2442,EQ-02442,drilling,,1293.85,,2025,3
Refining,Operations,Hassi R'Mel,Field B,Equipment-2443,EQ-02443,drilling,,3871.51,,2024,4
Exploration & Production,Drilling,In Salah,Field A,Equipment-2444,EQ-02444,combustion,,8639.01,,2024,6
Exploration & Production,Operations,Berkine,Field A,Equipment-2445,EQ-02445,drilling,,1391.29,,2024,2
Transportation,Drilling,Illizi,Area X,Equipment-2446,EQ-02446,flaring,Fuel Gas,5924.03,gal,2025,7
Refining,Logistics,Adrar,Block 1,Equipment-2447,EQ-02447,flaring,Propane,3622.29,gal,2023,8
Refining,Drilling,Hassi R'Mel,Area X,Equipment-2448,EQ-02448,fugitive,,2609.31,,2025,10
Transportation,Production,Rhourde Nouss,Block 1,Equipment-2449,EQ-02449,combustion,Propane,1206.69,gal,2025,7
Exploration & Production,Drilling,Adrar,Area X,Equipment-2450,EQ-02450,fugitive,,1830.3,,2022,5
Marketing,Drilling,In Salah,Area Y,Equipment-2451,EQ-02451,venting,,1809.01,,2023,2
Refining,Operations,Rhourde Nouss,Area X,Equipment-2452,EQ-02452,flaring,Diesel,6660.67,gal,2024,12
Exploration & Production,Logistics,Adrar,Field A,Equipment-2453,EQ-02453,drilling,,309.13,,2023,4
Exploration & Production,Operations,Adrar,Area X,Equipment-2454,EQ-02454,venting,,1555.7,,2023,4
Marketing,Drilling,Hassi Messaoud,Block 1,Equipment-2455,EQ-02455,fugitive,,9415.85,,2024,1
Exploration & Production,Drilling,Hassi R'Mel,Area Y,Equipment-2456,EQ-02456,combustion,Diesel,3332.68,gal,2022,3
Exploration & Production,Production,In Salah,Field A,Equipment-2457,EQ-02457,combustion,Propane,5847.84,gal,2022,7
Exploration & Production,Logistics,Adrar,Field A,Equipment-2458,EQ-02458,combustion,Propane,4806.27,gal,2023,12
Marketing,Production,In Salah,Area Y,Equipment-2459,EQ-02459,venting,,6272.69,,2022,1
Transportation,Drilling,Hassi Messaoud,Field A,Equipment-2460,EQ-02460,combustion,Fuel Gas,6453.37,gal,2022,10
Refining,Logistics,In Salah,Block 1,Equipment-2461,EQ-02461,venting,,8665.33,,2023,3
Transportation,Production,In Salah,Field B,Equipment-2462,EQ-02462,combustion,Natural Gas,2367.84,scf,2025,1
Marketing,Production,Illizi,Block 1,Equipment-2463,EQ-02463,fugitive,,5540.65,,2022,9
Exploration & Production,Production,In Salah,Field B,Equipment-2464,EQ-02464,drilling,,6108.47,,2023,8
Marketing,Drilling,In Salah,Area Y,Equipment-2465,EQ-02465,venting,,6233.93,,2022,10
Transportation,Logistics,Hassi R'Mel,Field B,Equipment-2466,EQ-02466,flaring,Propane,741.5,gal,2025,6
Marketing,Operations,Rhourde Nouss,Area X,Equipment-2467,EQ-02467,venting,,8139.39,,2024,10
Marketing,Drilling,In Salah,Field B,Equipment-2468,EQ-02468,venting,,5593.64,,2025,10
Transportation,Drilling,Rhourde Nouss,Block 1,Equipment-2469,EQ-02469,fugitive,,8007.15,,2022,2
Refining,Drilling,Hassi Messaoud,Field A,Equipment-2470,EQ-02470,fugitive,,3385.57,,2025,5
Marketing,Logistics,Adrar,Area X,Equipment-2471,EQ-02471,flaring,Diesel,7120.96,gal,2022,10
Exploration & Production,Operations,Adrar,Block 1,Equipment-2472,EQ-02472,fugitive,,8765.0,,2025,4
Transportation,Logistics,Illizi,Field B,Equipment-2473,EQ-02473,venting,,661.78,,2022,3
Marketing,Drilling,Berkine,Block 1,Equipment-2474,EQ-02474,fugitive,,9061.46,,2022,4
Transportation,Drilling,Berkine,Area Y,Equipment-2475,EQ-02475,fugitive,,8571.79,,2022,4
Exploration & Production,Logistics,Hassi R'Mel,Area Y,Equipment-2476,EQ-02476,venting,,6185.68,,2023,6
Refining,Production,Hassi R'Mel,Block 2,Equipment-2477,EQ-02477,flaring,Propane,4160.75,gal,2023,4
Transportation,Logistics,Rhourde Nouss,Area Y,Equipment-2478,EQ-02478,flaring,Propane,9561.66,gal,2023,6
Refining,Operations,Rhourde Nouss,Block 2,Equipment-2479,EQ-02479,flaring,Natural Gas,7259.46,scf,2025,1
Marketing,Drilling,Rhourde Nouss,Block 1,Equipment-2480,EQ-02480,fugitive,,9956.57,,2025,9
Refining,Operations,Hassi R'Mel,Field A,Equipment-2481,EQ-02481,venting,,7220.41,,2025,3
Exploration & Production,Operations,Berkine,Block 1,Equipment-2482,EQ-02482,combustion,,7432.57,,2025,11
Marketing,Logistics,Illizi,Block 1,Equipment-2483,EQ-02483,drilling,,3627.16,,2024,9
Marketing,Drilling,Hassi Messaoud,Block 2,Equipment-2484,EQ-02484,combustion,Diesel,388.53,gal,2023,7
Transportation,Production,Berkine,Field A,Equipment-2485,EQ-02485,flaring,Diesel,5175.57,gal,2023,8
Exploration & Production,Drilling,Hassi R'Mel,Block 2,Equipment-2486,EQ-02486,flaring,Diesel,8454.5,gal,2022,7
Exploration & Production,Operations,Adrar,Field B,Equipment-2487,EQ-02487,venting,,6467.27,,2025,12
Exploration & Production,Operations,Hassi Messaoud,Area X,Equipment-2488,EQ-02488,flaring,,6971.82,,2022,4
Refining,Production,Rhourde Nouss,Field B,Equipment-2489,EQ-02489,flaring,Propane,4372.94,gal,2023,6
Transportation,Production,Illizi,Block 2,Equipment-2490,EQ-02490,drilling,,8360.13,,2022,3
Marketing,Production,Berkine,Field A,Equipment-2491,EQ-02491,fugitive,,9981.37,,2022,9
Transportation,Production,Hassi Messaoud,Field A,Equipment-2492,EQ-02492,venting,,4147.96,,2024,3
Refining,Production,Hassi Messaoud,Field B,Equipment-2493,EQ-02493,drilling,,36.87,,2022,1
Transportation,Production,Hassi Messaoud,Field A,Equipment-2494,EQ-02494,fugitive,,4889.67,,2023,4
Exploration & Production,Drilling,Adrar,Block 2,Equipment-2495,EQ-02495,flaring,Natural Gas,8172.82,scf,2025,3
Refining,Production,In Salah,Area X,Equipment-2496,EQ-02496,fugitive,,2605.05,,2025,8
Exploration & Production,Drilling,Berkine,Block 2,Equipment-2497,EQ-02497,combustion,Diesel,2989.71,gal,2023,3
Marketing,Logistics,Adrar,Block 1,Equipment-2498,EQ-02498,drilling,,2656.14,,2022,5
Exploration & Production,Logistics,Illizi,Block 2,Equipment-2499,EQ-02499,combustion,Fuel Gas,7847.48,gal,2022,9
Refining,Logistics,Illizi,Field B,Equipment-2500,EQ-02500,combustion,Natural Gas,4478.79,scf,2023,5
Marketing,Logistics,Adrar,Field B,Equipment-2501,EQ-02501,fugitive,,7758.93,,2023,8
Transportation,Production,Hassi R'Mel,Field A,Equipment-2502,EQ-02502,drilling,,5712.46,,2022,3
Exploration & Production,Operations,Hassi Messaoud,Area Y,Equipment-2503,EQ-02503,combustion,Natural Gas,1525.11,scf,2022,8
Refining,Logistics,Adrar,Area Y,Equipment-2504,EQ-02504,flaring,Fuel Gas,8681.07,gal,2023,4
Refining,Production,Illizi,Block 1,Equipment-2505,EQ-02505,flaring,Natural Gas,7634.22,scf,2023,3
Refining,Operations,Hassi R'Mel,Block 2,Equipment-2506,EQ-02506,flaring,Diesel,6820.78,gal,2025,4
Refining,Production,In Salah,Area X,Equipment-2507,EQ-02507,flaring,Diesel,906.33,gal,2023,7
Refining,Operations,Illizi,Area X,Equipment-2508,EQ-02508,flaring,Natural Gas,5220.92,scf,2023,11
Exploration & Production,Drilling,Berkine,Area X,Equipment-2509,EQ-02509,fugitive,,9902.65,,2023,10
Marketing,Logistics,Illizi,Field B,Equipment-2510,EQ-02510,drilling,,3192.18,,2023,2
Marketing,Logistics,Hassi R'Mel,Block 1,Equipment-2511,EQ-02511,fugitive,,4688.13,,2024,7
Transportation,Logistics,Adrar,Area Y,Equipment-2512,EQ-02512,venting,,1255.79,,2024,5
Marketing,Logistics,Adrar,Field B,Equipment-2513,EQ-02513,flaring,Natural Gas,9653.98,scf,2024,3
Exploration & Production,Operations,Berkine,Block 2,Equipment-2514,EQ-02514,venting,,4302.8,,2022,10
Exploration & Production,Drilling,Hassi Messaoud,Block 2,Equipment-2515,EQ-02515,fugitive,,4741.89,,2023,1
Transportation,Logistics,Adrar,Field B,Equipment-2516,EQ-02516,flaring,,1237.11,,2025,1
Refining,Logistics,Berkine,Block 2,Equipment-2517,EQ-02517,combustion,Fuel Gas,9711.63,gal,2022,6
Exploration & Production,Logistics,In Salah,Field B,Equipment-2518,EQ-02518,drilling,,5890.8,,2022,7
Transportation,Logistics,Adrar,Area X,Equipment-2519,EQ-02519,fugitive,,2429.74,,2022,3
Transportation,Logistics,Berkine,Area Y,Equipment-2520,EQ-02520,combustion,,4142.83,,2025,2
Transportation,Operations,Adrar,Block 1,Equipment-2521,EQ-02521,venting,,8170.63,,2025,3
Marketing,Logistics,Berkine,Block 2,Equipment-2522,EQ-02522,drilling,,9232.44,,2022,11
Marketing,Operations,Hassi R'Mel,Block 2,Equipment-2523,EQ-02523,drilling,,3832.31,,2025,1
Refining,Production,Adrar,Field A,Equipment-2524,EQ-02524,fugitive,,7705.52,,2024,11
Transportation,Production,In Salah,Block 1,Equipment-2525,EQ-02525,drilling,,2520.12,,2022,4
Exploration & Production,Drilling,Adrar,Block 2,Equipment-2526,EQ-02526,combustion,,8236.46,,2024,6
Marketing,Operations,Adrar,Field B,Equipment-2527,EQ-02527,fugitive,,7503.03,,2022,5
Exploration & Production,Operations,Berkine,Block 1,Equipment-2528,EQ-02528,drilling,,2786.11,,2024,4
Marketing,Logistics,Hassi Messaoud,Area Y,Equipment-2529,EQ-02529,flaring,Natural Gas,7697.11,scf,2024,8
Transportation,Drilling,Hassi Messaoud,Area X,Equipment-2530,EQ-02530,combustion,Propane,5013.21,gal,2024,4
Exploration & Production,Production,Hassi R'Mel,Field A,Equipment-2531,EQ-02531,fugitive,,9018.54,,2022,11
Refining,Operations,Adrar,Field B,Equipment-2532,EQ-02532,venting,,2533.54,,2022,4
Marketing,Drilling,Illizi,Block 2,Equipment-2533,EQ-02533,combustion,Diesel,8369.9,gal,2023,6
Exploration & Production,Production,In Salah,Block 1,Equipment-2534,EQ-02534,drilling,,9705.01,,2025,8
Exploration & Production,Operations,Illizi,Area X,Equipment-2535,EQ-02535,venting,,1210.35,,2025,8
Refining,Production,Illizi,Area X,Equipment-2536,EQ-02536,fugitive,,9815.57,,2024,9
Transportation,Drilling,Adrar,Area Y,Equipment-2537,EQ-02537,flaring,,887.66,,2023,5
Exploration & Production,Operations,Hassi Messaoud,Field A,Equipment-2538,EQ-02538,drilling,,1356.53,,2023,7
Marketing,Logistics,Adrar,Field B,Equipment-2539,EQ-02539,drilling,,8781.55,,2022,2
Refining,Logistics,Berkine,Area X,Equipment-2540,EQ-02540,fugitive,,4791.74,,2025,2
Exploration & Production,Drilling,Hassi Messaoud,Area Y,Equipment-2541,EQ-02541,venting,,8942.31,,2023,12
Refining,Production,Berkine,Field A,Equipment-2542,EQ-02542,drilling,,7287.48,,2022,9
Marketing,Drilling,Adrar,Block 1,Equipment-2543,EQ-02543,combustion,Fuel Gas,1006.33,gal,2024,3
Exploration & Production,Drilling,Illizi,Area X,Equipment-2544,EQ-02544,flaring,Natural Gas,675.82,scf,2022,1
Refining,Drilling,Illizi,Field B,Equipment-2545,EQ-02545,fugitive,,8555.27,,2023,2
Refining,Operations,Adrar,Block 2,Equipment-2546,EQ-02546,drilling,,3526.04,,2025,12
Exploration & Production,Drilling,Hassi Messaoud,Block 1,Equipment-2547,EQ-02547,combustion,Propane,5744.15,gal,2022,12
Marketing,Logistics,Berkine,Block 2,Equipment-2548,EQ-02548,combustion,Natural Gas,1069.62,scf,2024,12
Refining,Logistics,Rhourde Nouss,Block 2,Equipment-2549,EQ-02549,venting,,6124.1,,2023,10
Marketing,Operations,Hassi R'Mel,Area X,Equipment-2550,EQ-02550,drilling,,5970.9,,2025,2
Transportation,Operations,In Salah,Area X,Equipment-2551,EQ-02551,fugitive,,5523.31,,2022,4
Refining,Operations,Rhourde Nouss,Block 1,Equipment-2552,EQ-02552,venting,,4881.51,,2023,9
Refining,Drilling,Hassi Messaoud,Field B,Equipment-2553,EQ-02553,flaring,Propane,4676.65,gal,2023,4
Exploration & Production,Operations,Berkine,Area Y,Equipment-2554,EQ-02554,drilling,,9941.47,,2022,12
Exploration & Production,Production,Adrar,Block 2,Equipment-2555,EQ-02555,drilling,,1111.25,,2022,12
Transportation,Operations,Adrar,Block 1,Equipment-2556,EQ-02556,flaring,Diesel,6487.15,gal,2025,3
Transportation,Logistics,Rhourde Nouss,Block 2,Equipment-2557,EQ-02557,fugitive,,8742.2,,2024,4
Transportation,Logistics,Berkine,Field B,Equipment-2558,EQ-02558,venting,,3949.1,,2025,10
Exploration & Production,Production,Hassi Messaoud,Area X,Equipment-2559,EQ-02559,flaring,Natural Gas,2417.77,scf,2022,3
Marketing,Drilling,Rhourde Nouss,Area X,Equipment-2560,EQ-02560,combustion,Fuel Gas,7246.15,gal,2025,5
Exploration & Production,Production,Berkine,Area Y,Equipment-2561,EQ-02561,flaring,Natural Gas,3806.46,scf,2025,5
Exploration & Production,Production,Hassi Messaoud,Field B,Equipment-2562,EQ-02562,fugitive,,4493.07,,2024,3
Marketing,Logistics,Adrar,Area Y,Equipment-2563,EQ-02563,venting,,8870.4,,2023,8
Transportation,Logistics,Hassi R'Mel,Field A,Equipment-2564,EQ-02564,flaring,Diesel,4566.32,gal,2022,7
Transportation,Logistics,Hassi Messaoud,Block 2,Equipment-2565,EQ-02565,drilling,,2218.94,,2024,5
Exploration & Production,Operations,Illizi,Block 1,Equipment-2566,EQ-02566,venting,,4718.04,,2024,1
Exploration & Production,Logistics,Berkine,Field B,Equipment-2567,EQ-02567,fugitive,,454.55,,2022,5
Transportation,Production,Berkine,Block 1,Equipment-2568,EQ-02568,fugitive,,5107.18,,2022,4
Refining,Production,Illizi,Block 2,Equipment-2569,EQ-02569,flaring,Fuel Gas,5782.92,gal,2024,6
Transportation,Logistics,Berkine,Block 2,Equipment-2570,EQ-02570,drilling,,432.18,,2022,1
Exploration & Production,Operations,Illizi,Area Y,Equipment-2571,EQ-02571,venting,,3199.46,,2024,1
Exploration & Production,Operations,Adrar,Field A,Equipment-2572,EQ-02572,venting,,1996.22,,2024,4
Exploration & Production,Drilling,Hassi Messaoud,Field A,Equipment-2573,EQ-02573,drilling,,1264.98,,2023,12
Refining,Production,Berkine,Area X,Equipment-2574,EQ-02574,drilling,,5673.75,,2022,11
Refining,Operations,Berkine,Area X,Equipment-2575,EQ-02575,venting,,2361.13,,2023,1
Marketing,Production,Illizi,Field B,Equipment-2576,EQ-02576,drilling,,743.38,,2022,10
Marketing,Production,Rhourde Nouss,Block 2,Equipment-2577,EQ-02577,combustion,Propane,2661.53,gal,2022,7
Refining,Logistics,Hassi R'Mel,Area Y,Equipment-2578,EQ-02578,combustion,,1846.55,,2025,8
Transportation,Drilling,Adrar,Field A,Equipment-2579,EQ-02579,drilling,,4060.46,,2025,4
Marketing,Production,Rhourde Nouss,Block 1,Equipment-2580,EQ-02580,fugitive,,5936.25,,2023,8
Refining,Operations,Berkine,Field B,Equipment-2581,EQ-02581,venting,,7758.64,,2025,6
Refining,Drilling,Rhourde Nouss,Field B,Equipment-2582,EQ-02582,fugitive,,564.04,,2024,1
Marketing,Operations,In Salah,Field A,Equipment-2583,EQ-02583,drilling,,3864.3,,2024,8
Exploration & Production,Production,Adrar,Block 2,Equipment-2584,EQ-02584,venting,,3596.36,,2023,7
Refining,Production,Illizi,Block 2,Equipment-2585,EQ-02585,venting,,4971.94,,2025,10
Transportation,Logistics,Berkine,Block 1,Equipment-2586,EQ-02586,fugitive,,5175.48,,2022,3
Marketing,Production,Adrar,Field A,Equipment-2587,EQ-02587,fugitive,,4390.68,,2023,10
Marketing,Operations,Illizi,Block 1,Equipment-2588,EQ-02588,drilling,,7029.32,,2022,6
Exploration & Production,Drilling,Adrar,Field A,Equipment-2589,EQ-02589,fugitive,,2928.15,,2022,10
Transportation,Operations,Hassi R'Mel,Block 1,Equipment-2590,EQ-02590,venting,,1090.74,,2024,3
Exploration & Production,Logistics,Berkine,Area X,Equipment-2591,EQ-02591,drilling,,2050.26,,2024,7
Transportation,Operations,Rhourde Nouss,Area Y,Equipment-2592,EQ-02592,fugitive,,8635.08,,2024,2
Exploration & Production,Logistics,In Salah,Area Y,Equipment-2593,EQ-02593,combustion,,7691.21,,2023,1
Marketing,Production,Hassi R'Mel,Block 2,Equipment-2594,EQ-02594,venting,,6620.14,,2023,3
Exploration & Production,Drilling,Hassi Messaoud,Field B,Equipment-2595,EQ-02595,combustion,Fuel Gas,3988.96,gal,2024,10
Marketing,Drilling,Rhourde Nouss,Block 2,Equipment-2596,EQ-02596,flaring,Diesel,5253.08,gal,2023,9
Marketing,Logistics,Adrar,Area Y,Equipment-2597,EQ-02597,fugitive,,7644.35,,2022,6
Exploration & Production,Drilling,In Salah,Field B,Equipment-2598,EQ-02598,venting,,591.26,,2024,8
Refining,Drilling,Hassi Messaoud,Field A,Equipment-2599,EQ-02599,flaring,Natural Gas,1284.45,scf,2024,9
Marketing,Production,Hassi Messaoud,Area X,Equipment-2600,EQ-02600,drilling,,4825.94,,2024,9
Transportation,Logistics,Hassi R'Mel,Block 1,Equipment-2601,EQ-02601,venting,,5776.56,,2024,7
Marketing,Logistics,Hassi R'Mel,Field A,Equipment-2602,EQ-02602,drilling,,6895.75,,2023,1
Transportation,Production,Hassi Messaoud,Block 1,Equipment-2603,EQ-02603,combustion,Fuel Gas,5526.0,gal,2022,7
Marketing,Logistics,Hassi R'Mel,Area X,Equipment-2604,EQ-02604,combustion,Diesel,7244.19,gal,2023,12
Exploration & Production,Operations,In Salah,Block 2,Equipment-2605,EQ-02605,combustion,,6031.34,,2022,9
Marketing,Drilling,In Salah,Area Y,Equipment-2606,EQ-02606,combustion,Propane,5470.23,gal,2025,4
Marketing,Operations,Adrar,Area Y,Equipment-2607,EQ-02607,combustion,Diesel,2002.27,gal,2022,8
Transportation,Drilling,In Salah,Block 1,Equipment-2608,EQ-02608,drilling,,5355.16,,2023,7
Marketing,Logistics,Hassi R'Mel,Field B,Equipment-2609,EQ-02609,flaring,Diesel,3654.34,gal,2025,6
Transportation,Logistics,Hassi Messaoud,Area Y,Equipment-2610,EQ-02610,flaring,Natural Gas,6466.79,scf,2024,8
Exploration & Production,Operations,Rhourde Nouss,Area X,Equipment-2611,EQ-02611,combustion,,9779.55,,2024,8
Transportation,Drilling,Illizi,Block 1,Equipment-2612,EQ-02612,venting,,2476.9,,2024,7
Transportation,Logistics,Illizi,Area Y,Equipment-2613,EQ-02613,venting,,9902.14,,2023,10
Refining,Operations,Illizi,Field A,Equipment-2614,EQ-02614,venting,,3589.13,,2022,9
Exploration & Production,Logistics,Berkine,Block 2,Equipment-2615,EQ-02615,fugitive,,2492.83,,2023,10
Refining,Logistics,Hassi Messaoud,Block 1,Equipment-2616,EQ-02616,venting,,6934.75,,2024,8
Transportation,Operations,In Salah,Area X,Equipment-2617,EQ-02617,drilling,,6141.23,,2022,12
Marketing,Drilling,Hassi Messaoud,Area X,Equipment-2618,EQ-02618,drilling,,6457.22,,2025,12
Transportation,Operations,Illizi,Area Y,Equipment-2619,EQ-02619,flaring,Natural Gas,3127.21,scf,2025,11
Exploration & Production,Operations,Rhourde Nouss,Field A,Equipment-2620,EQ-02620,combustion,Fuel Gas,610.23,gal,2025,3
Exploration & Production,Production,Adrar,Area X,Equipment-2621,EQ-02621,drilling,,4995.94,,2022,1
Exploration & Production,Drilling,In Salah,Field B,Equipment-2622,EQ-02622,combustion,Propane,8566.8,gal,2024,5
Refining,Operations,Berkine,Field A,Equipment-2623,EQ-02623,flaring,Propane,1689.43,gal,2022,2
Refining,Drilling,Berkine,Block 2,Equipment-2624,EQ-02624,combustion,,1143.79,,2025,2
Exploration & Production,Logistics,Berkine,Block 1,Equipment-2625,EQ-02625,fugitive,,561.43,,2023,7
Exploration & Production,Operations,In Salah,Block 2,Equipment-2626,EQ-02626,drilling,,8788.37,,2022,7
Transportation,Logistics,Hassi Messaoud,Area Y,Equipment-2627,EQ-02627,venting,,6081.77,,2022,5
Transportation,Logistics,Adrar,Block 2,Equipment-2628,EQ-02628,combustion,,6636.55,,2022,9
Marketing,Production,In Salah,Block 1,Equipment-2629,EQ-02629,fugitive,,5575.82,,2025,10
Transportation,Production,Adrar,Block 2,Equipment-2630,EQ-02630,fugitive,,339.05,,2025,9
Transportation,Drilling,Rhourde Nouss,Field B,Equipment-2631,EQ-02631,flaring,Natural Gas,4888.83,scf,2022,4
Marketing,Drilling,Illizi,Block 1,Equipment-2632,EQ-02632,combustion,Diesel,7895.99,gal,2022,9
Refining,Operations,Rhourde Nouss,Area Y,Equipment-2633,EQ-02633,venting,,601.96,,2024,1
Refining,Production,Hassi R'Mel,Area X,Equipment-2634,EQ-02634,drilling,,3868.05,,2023,4
Marketing,Production,Illizi,Block 2,Equipment-2635,EQ-02635,fugitive,,8539.44,,2022,12
Transportation,Production,Illizi,Block 1,Equipment-2636,EQ-02636,flaring,Propane,8809.14,gal,2024,12
Transportation,Logistics,Hassi R'Mel,Field A,Equipment-2637,EQ-02637,venting,,4289.28,,2024,7
Transportation,Operations,Adrar,Block 1,Equipment-2638,EQ-02638,fugitive,,1754.5,,2023,10
Exploration & Production,Production,In Salah,Block 1,Equipment-2639,EQ-02639,venting,,6817.19,,2024,2
Marketing,Drilling,In Salah,Block 1,Equipment-2640,EQ-02640,venting,,5785.3,,2025,9
Exploration & Production,Logistics,In Salah,Field B,Equipment-2641,EQ-02641,fugitive,,3895.28,,2025,9
Transportation,Operations,Berkine,Area Y,Equipment-2642,EQ-02642,flaring,Diesel,2273.85,gal,2024,10
Marketing,Operations,Illizi,Block 1,Equipment-2643,EQ-02643,venting,,6523.69,,2024,9
Exploration & Production,Drilling,Berkine,Area Y,Equipment-2644,EQ-02644,venting,,557.57,,2023,6
Exploration & Production,Production,Hassi Messaoud,Block 1,Equipment-2645,EQ-02645,fugitive,,3302.59,,2023,9
Refining,Drilling,Hassi R'Mel,Field B,Equipment-2646,EQ-02646,flaring,,8433.26,,2024,3
Marketing,Drilling,Hassi Messaoud,Block 1,Equipment-2647,EQ-02647,fugitive,,5602.54,,2023,10
Refining,Drilling,In Salah,Block 2,Equipment-2648,EQ-02648,flaring,Natural Gas,2266.37,scf,2025,7
Marketing,Logistics,Rhourde Nouss,Field A,Equipment-2649,EQ-02649,combustion,Fuel Gas,2145.73,gal,2024,1
Marketing,Production,Illizi,Area X,Equipment-2650,EQ-02650,venting,,4384.71,,2023,1
Marketing,Logistics,Adrar,Block 1,Equipment-2651,EQ-02651,fugitive,,6756.63,,2024,5
Transportation,Drilling,Rhourde Nouss,Field B,Equipment-2652,EQ-02652,combustion,,2997.87,,2025,7
Marketing,Logistics,In Salah,Area Y,Equipment-2653,EQ-02653,venting,,654.6,,2023,5
Marketing,Operations,Adrar,Field A,Equipment-2654,EQ-02654,fugitive,,3070.86,,2024,8
Marketing,Production,Adrar,Block 1,Equipment-2655,EQ-02655,combustion,,2545.06,,2023,2
Transportation,Production,In Salah,Block 1,Equipment-2656,EQ-02656,fugitive,,2161.12,,2023,9
Refining,Logistics,Adrar,Field A,Equipment-2657,EQ-02657,combustion,Diesel,589.85,gal,2025,2
Transportation,Drilling,Rhourde Nouss,Block 1,Equipment-2658,EQ-02658,combustion,Fuel Gas,5848.4,gal,2023,2
Transportation,Drilling,Hassi Messaoud,Block 1,Equipment-2659,EQ-02659,venting,,533.49,,2025,8
Transportation,Production,Adrar,Field A,Equipment-2660,EQ-02660,flaring,Fuel Gas,1559.58,gal,2024,9
Transportation,Drilling,Hassi Messaoud,Block 1,Equipment-2661,EQ-02661,drilling,,9731.75,,2025,4
Marketing,Drilling,In Salah,Block 2,Equipment-2662,EQ-02662,flaring,Fuel Gas,4718.3,gal,2025,8
Exploration & Production,Production,In Salah,Field B,Equipment-2663,EQ-02663,drilling,,4568.95,,2022,12
Transportation,Operations,Berkine,Block 2,Equipment-2664,EQ-02664,drilling,,1856.78,,2023,1
Exploration & Production,Logistics,Rhourde Nouss,Field B,Equipment-2665,EQ-02665,drilling,,6085.4,,2025,1
Transportation,Logistics,Adrar,Block 2,Equipment-2666,EQ-02666,flaring,Propane,8223.15,gal,2022,6
Refining,Logistics,Rhourde Nouss,Field A,Equipment-2667,EQ-02667,fugitive,,9130.86,,2023,1
Exploration & Production,Drilling,Illizi,Block 1,Equipment-2668,EQ-02668,venting,,7899.79,,2025,8
Refining,Logistics,Adrar,Field B,Equipment-2669,EQ-02669,drilling,,3944.34,,2023,4
Transportation,Drilling,Hassi Messaoud,Area X,Equipment-2670,EQ-02670,flaring,Fuel Gas,1681.36,gal,2022,3
Marketing,Logistics,Adrar,Area Y,Equipment-2671,EQ-02671,venting,,6125.2,,2023,10
Refining,Operations,Adrar,Block 1,Equipment-2672,EQ-02672,venting,,7532.12,,2025,2
Transportation,Logistics,Rhourde Nouss,Field B,Equipment-2673,EQ-02673,flaring,Propane,8059.06,gal,2022,7
Transportation,Drilling,Rhourde Nouss,Block 1,Equipment-2674,EQ-02674,venting,,5845.44,,2024,8
Marketing,Production,Berkine,Field A,Equipment-2675,EQ-02675,flaring,Fuel Gas,1881.31,gal,2023,11
Exploration & Production,Drilling,In Salah,Block 2,Equipment-2676,EQ-02676,venting,,3115.23,,2024,12
Refining,Operations,Adrar,Area X,Equipment-2677,EQ-02677,combustion,Natural Gas,3021.67,scf,2023,7
Marketing,Drilling,Hassi Messaoud,Area X,Equipment-2678,EQ-02678,fugitive,,5211.28,,2023,7
Marketing,Logistics,Adrar,Block 2,Equipment-2679,EQ-02679,fugitive,,5037.22,,2025,3
Marketing,Drilling,Hassi Messaoud,Block 2,Equipment-2680,EQ-02680,flaring,Propane,2543.68,gal,2025,3
Marketing,Drilling,Adrar,Area Y,Equipment-2681,EQ-02681,combustion,Propane,7478.97,gal,2025,3
Transportation,Operations,Hassi R'Mel,Field A,Equipment-2682,EQ-02682,venting,,3679.13,,2022,6
Transportation,Drilling,Berkine,Field A,Equipment-2683,EQ-02683,venting,,3056.11,,2024,3
Exploration & Production,Logistics,In Salah,Field A,Equipment-2684,EQ-02684,combustion,,1676.45,,2023,5
Transportation,Drilling,Illizi,Block 2,Equipment-2685,EQ-02685,drilling,,8078.5,,2024,1
Exploration & Production,Operations,Berkine,Block 2,Equipment-2686,EQ-02686,drilling,,8658.09,,2024,3
Marketing,Production,Illizi,Area X,Equipment-2687,EQ-02687,flaring,Fuel Gas,6150.49,gal,2025,9
Marketing,Drilling,Hassi Messaoud,Area Y,Equipment-2688,EQ-02688,venting,,6296.01,,2025,11
Refining,Drilling,Berkine,Block 1,Equipment-2689,EQ-02689,venting,,1520.48,,2025,12
Refining,Drilling,Berkine,Block 1,Equipment-2690,EQ-02690,combustion,Fuel Gas,9195.35,gal,2022,4
Refining,Operations,Adrar,Area X,Equipment-2691,EQ-02691,venting,,2790.82,,2022,4
Marketing,Operations,Rhourde Nouss,Area X,Equipment-2692,EQ-02692,drilling,,6088.18,,2025,12
Marketing,Operations,Illizi,Field B,Equipment-2693,EQ-02693,flaring,Fuel Gas,9547.02,gal,2024,8
Refining,Production,Hassi R'Mel,Block 2,Equipment-2694,EQ-02694,fugitive,,2222.49,,2024,5
Transportation,Drilling,Hassi R'Mel,Block 2,Equipment-2695,EQ-02695,venting,,8097.23,,2023,12
Refining,Drilling,Hassi Messaoud,Area X,Equipment-2696,EQ-02696,drilling,,3790.93,,2022,2
Marketing,Production,Hassi Messaoud,Field A,Equipment-2697,EQ-02697,flaring,Natural Gas,8070.88,scf,2024,7
Marketing,Production,Adrar,Field A,Equipment-2698,EQ-02698,fugitive,,7185.7,,2025,7
Marketing,Logistics,In Salah,Area X,Equipment-2699,EQ-02699,flaring,Natural Gas,6987.84,scf,2025,11
Marketing,Drilling,Hassi R'Mel,Field A,Equipment-2700,EQ-02700,flaring,Fuel Gas,9754.03,gal,2025,5
Refining,Production,Adrar,Block 2,Equipment-2701,EQ-02701,flaring,Diesel,224.38,gal,2024,10
Refining,Drilling,In Salah,Block 1,Equipment-2702,EQ-02702,flaring,Diesel,1188.46,gal,2023,7
Marketing,Production,Berkine,Area X,Equipment-2703,EQ-02703,combustion,Propane,6775.06,gal,2023,12
Exploration & Production,Logistics,In Salah,Field B,Equipment-2704,EQ-02704,fugitive,,8649.04,,2023,12
Exploration & Production,Drilling,Hassi Messaoud,Block 2,Equipment-2705,EQ-02705,flaring,Propane,7184.89,gal,2025,6
Refining,Drilling,Hassi Messaoud,Area Y,Equipment-2706,EQ-02706,flaring,,4816.6,,2024,4
Exploration & Production,Operations,Adrar,Area Y,Equipment-2707,EQ-02707,venting,,6629.35,,2024,11
Refining,Drilling,Hassi R'Mel,Area X,Equipment-2708,EQ-02708,drilling,,5202.96,,2023,4
Transportation,Drilling,Rhourde Nouss,Area Y,Equipment-2709,EQ-02709,flaring,Natural Gas,1492.69,scf,2025,8
Exploration & Production,Drilling,Adrar,Area X,Equipment-2710,EQ-02710,venting,,4071.06,,2022,11
Transportation,Operations,Hassi R'Mel,Block 2,Equipment-2711,EQ-02711,drilling,,2081.31,,2025,11
Marketing,Drilling,Adrar,Field B,Equipment-2712,EQ-02712,drilling,,5595.39,,2023,4
Marketing,Production,Hassi Messaoud,Field B,Equipment-2713,EQ-02713,venting,,3589.44,,2022,4
Transportation,Logistics,Rhourde Nouss,Area Y,Equipment-2714,EQ-02714,combustion,Propane,2376.2,gal,2023,4
Refining,Operations,Hassi R'Mel,Area X,Equipment-2715,EQ-02715,combustion,Propane,2486.35,gal,2024,11
Marketing,Production,In Salah,Area X,Equipment-2716,EQ-02716,venting,,881.46,,2025,11
Exploration & Production,Drilling,Adrar,Area X,Equipment-2717,EQ-02717,venting,,378.56,,2025,2
Refining,Drilling,Hassi R'Mel,Block 2,Equipment-2718,EQ-02718,venting,,1816.08,,2025,4
Refining,Logistics,Hassi R'Mel,Area X,Equipment-2719,EQ-02719,drilling,,5345.85,,2024,12
Transportation,Logistics,In Salah,Block 1,Equipment-2720,EQ-02720,flaring,Propane,825.14,gal,2024,5
Transportation,Drilling,Hassi Messaoud,Field B,Equipment-2721,EQ-02721,drilling,,5172.59,,2024,11
Refining,Logistics,Hassi Messaoud,Area Y,Equipment-2722,EQ-02722,fugitive,,8855.3,,2022,4
Marketing,Operations,Rhourde Nouss,Area X,Equipment-2723,EQ-02723,venting,,4955.91,,2024,10
Refining,Logistics,Adrar,Block 1,Equipment-2724,EQ-02724,combustion,Propane,3209.98,gal,2023,12
Refining,Production,Hassi Messaoud,Block 1,Equipment-2725,EQ-02725,fugitive,,1185.1,,2023,9
Refining,Operations,Hassi Messaoud,Field A,Equipment-2726,EQ-02726,combustion,Propane,4246.05,gal,2022,10
Marketing,Drilling,Illizi,Block 1,Equipment-2727,EQ-02727,drilling,,8357.49,,2023,10
Transportation,Operations,Hassi Messaoud,Area X,Equipment-2728,EQ-02728,combustion,,5019.51,,2025,7
Transportation,Production,Rhourde Nouss,Block 2,Equipment-2729,EQ-02729,flaring,Propane,7974.37,gal,2024,8
Marketing,Logistics,Rhourde Nouss,Area Y,Equipment-2730,EQ-02730,venting,,7724.61,,2023,9
Transportation,Production,Adrar,Field B,Equipment-2731,EQ-02731,venting,,4734.32,,2025,10
Refining,Operations,In Salah,Area Y,Equipment-2732,EQ-02732,combustion,Propane,9245.16,gal,2023,2
Transportation,Operations,Adrar,Area X,Equipment-2733,EQ-02733,drilling,,6527.08,,2023,7
Marketing,Operations,Berkine,Area X,Equipment-2734,EQ-02734,venting,,3831.97,,2025,12
Exploration & Production,Logistics,Illizi,Block 1,Equipment-2735,EQ-02735,flaring,Fuel Gas,6791.5,gal,2024,3
Marketing,Logistics,Hassi Messaoud,Area X,Equipment-2736,EQ-02736,combustion,Diesel,899.89,gal,2025,12
Marketing,Logistics,Illizi,Field B,Equipment-2737,EQ-02737,drilling,,1067.58,,2022,2
Exploration & Production,Logistics,Adrar,Block 2,Equipment-2738,EQ-02738,flaring,Propane,9110.43,gal,2023,9
Marketing,Drilling,Adrar,Block 2,Equipment-2739,EQ-02739,flaring,Propane,838.97,gal,2022,5
Refining,Operations,Berkine,Field B,Equipment-2740,EQ-02740,venting,,2753.14,,2025,8
Transportation,Drilling,Adrar,Area X,Equipment-2741,EQ-02741,flaring,Natural Gas,5109.19,scf,2023,12
Exploration & Production,Operations,In Salah,Field B,Equipment-2742,EQ-02742,fugitive,,5738.13,,2024,3
Marketing,Production,Hassi R'Mel,Area Y,Equipment-2743,EQ-02743,drilling,,189.33,,2025,5
Refining,Drilling,In Salah,Field B,Equipment-2744,EQ-02744,flaring,Natural Gas,9721.5,scf,2023,9
Marketing,Operations,Adrar,Block 1,Equipment-2745,EQ-02745,fugitive,,8996.65,,2023,4
Exploration & Production,Operations,In Salah,Area Y,Equipment-2746,EQ-02746,flaring,Fuel Gas,587.19,gal,2022,12
Marketing,Drilling,Illizi,Field A,Equipment-2747,EQ-02747,venting,,8065.15,,2025,12
Transportation,Drilling,Illizi,Field B,Equipment-2748,EQ-02748,flaring,,8646.67,,2023,4
Refining,Drilling,Illizi,Block 1,Equipment-2749,EQ-02749,venting,,735.28,,2022,1
Exploration & Production,Operations,Rhourde Nouss,Block 1,Equipment-2750,EQ-02750,venting,,7621.7,,2024,6
Exploration & Production,Operations,Hassi Messaoud,Field B,Equipment-2751,EQ-02751,venting,,8823.37,,2023,8
Marketing,Drilling,Adrar,Area Y,Equipment-2752,EQ-02752,drilling,,7960.64,,2025,1
Transportation,Production,Adrar,Area X,Equipment-2753,EQ-02753,venting,,8663.1,,2024,9
Transportation,Production,Hassi Messaoud,Block 1,Equipment-2754,EQ-02754,flaring,Fuel Gas,4865.5,gal,2023,7
Refining,Operations,Illizi,Area Y,Equipment-2755,EQ-02755,flaring,Propane,6048.96,gal,2023,4
Transportation,Production,Adrar,Area Y,Equipment-2756,EQ-02756,flaring,Diesel,2540.94,gal,2024,12
Refining,Production,Adrar,Field B,Equipment-2757,EQ-02757,combustion,Natural Gas,9756.58,scf,2022,10
Marketing,Production,Hassi Messaoud,Block 1,Equipment-2758,EQ-02758,flaring,Fuel Gas,4171.47,gal,2025,2
Marketing,Production,Hassi Messaoud,Field A,Equipment-2759,EQ-02759,flaring,Diesel,5016.08,gal,2022,5
Refining,Production,In Salah,Area Y,Equipment-2760,EQ-02760,combustion,Fuel Gas,906.47,gal,2023,12
Marketing,Drilling,In Salah,Field A,Equipment-2761,EQ-02761,combustion,Natural Gas,4322.54,scf,2025,5
Refining,Production,Hassi R'Mel,Block 2,Equipment-2762,EQ-02762,combustion,Fuel Gas,3882.81,gal,2025,2
Exploration & Production,Logistics,Rhourde Nouss,Field B,Equipment-2763,EQ-02763,combustion,,2388.83,,2023,9
Exploration & Production,Drilling,Rhourde Nouss,Area Y,Equipment-2764,EQ-02764,venting,,4239.41,,2025,11
Marketing,Logistics,Adrar,Block 2,Equipment-2765,EQ-02765,fugitive,,8803.74,,2024,3
Exploration & Production,Logistics,Hassi Messaoud,Block 2,Equipment-2766,EQ-02766,combustion,Diesel,2048.4,gal,2025,4
Exploration & Production,Drilling,Berkine,Field A,Equipment-2767,EQ-02767,drilling,,7260.81,,2025,10
Transportation,Production,Berkine,Field B,Equipment-2768,EQ-02768,fugitive,,153.01,,2025,11
Transportation,Operations,In Salah,Area X,Equipment-2769,EQ-02769,drilling,,8357.31,,2025,10
Marketing,Operations,Hassi Messaoud,Block 1,Equipment-2770,EQ-02770,combustion,Natural Gas,1091.28,scf,2022,1
Transportation,Production,Berkine,Area X,Equipment-2771,EQ-02771,venting,,2043.07,,2025,3
Refining,Drilling,Illizi,Block 1,Equipment-2772,EQ-02772,combustion,Propane,7597.38,gal,2022,6
Marketing,Operations,Berkine,Block 2,Equipment-2773,EQ-02773,flaring,Propane,3585.81,gal,2024,11
Transportation,Drilling,Rhourde Nouss,Field B,Equipment-2774,EQ-02774,fugitive,,7629.69,,2023,6
Exploration & Production,Operations,In Salah,Area X,Equipment-2775,EQ-02775,fugitive,,3159.51,,2023,1
Marketing,Logistics,Hassi R'Mel,Field A,Equipment-2776,EQ-02776,combustion,Natural Gas,2131.01,scf,2022,12
Exploration & Production,Drilling,Illizi,Area Y,Equipment-2777,EQ-02777,combustion,,5276.81,,2025,11
Marketing,Operations,Berkine,Field A,Equipment-2778,EQ-02778,fugitive,,240.82,,2024,11
Marketing,Operations,Rhourde Nouss,Area Y,Equipment-2779,EQ-02779,combustion,Propane,2288.69,gal,2023,6
Transportation,Logistics,Illizi,Field A,Equipment-2780,EQ-02780,fugitive,,4568.31,,2023,11
Transportation,Drilling,Hassi Messaoud,Block 2,Equipment-2781,EQ-02781,fugitive,,74.08,,2024,9
Exploration & Production,Operations,Adrar,Block 2,Equipment-2782,EQ-02782,combustion,Diesel,1182.48,gal,2025,11
Transportation,Operations,Berkine,Block 1,Equipment-2783,EQ-02783,combustion,,2937.27,,2024,7
Transportation,Operations,Hassi R'Mel,Area X,Equipment-2784,EQ-02784,flaring,Natural Gas,5808.66,scf,2023,4
Marketing,Operations,Hassi Messaoud,Block 1,Equipment-2785,EQ-02785,drilling,,3422.13,,2023,4
Exploration & Production,Operations,Hassi R'Mel,Block 2,Equipment-2786,EQ-02786,venting,,4238.34,,2025,8
Transportation,Drilling,Hassi Messaoud,Field A,Equipment-2787,EQ-02787,venting,,5129.47,,2024,7
Refining,Production,Hassi Messaoud,Field A,Equipment-2788,EQ-02788,combustion,Propane,3258.37,gal,2022,8
Marketing,Operations,Adrar,Block 1,Equipment-2789,EQ-02789,venting,,2292.63,,2023,4
Marketing,Operations,Hassi R'Mel,Block 1,Equipment-2790,EQ-02790,fugitive,,1604.71,,2024,10
Transportation,Production,Hassi R'Mel,Block 2,Equipment-2791,EQ-02791,drilling,,3826.69,,2023,11
Marketing,Logistics,Illizi,Block 2,Equipment-2792,EQ-02792,venting,,4626.8,,2023,11
Marketing,Production,Hassi R'Mel,Block 1,Equipment-2793,EQ-02793,combustion,Propane,9123.61,gal,2024,2
Transportation,Production,Berkine,Area X,Equipment-2794,EQ-02794,drilling,,8920.75,,2023,3
Refining,Production,Rhourde Nouss,Field B,Equipment-2795,EQ-02795,fugitive,,8196.66,,2023,9
Transportation,Operations,Hassi Messaoud,Area X,Equipment-2796,EQ-02796,fugitive,,7838.46,,2025,4
Exploration & Production,Operations,Hassi R'Mel,Field B,Equipment-2797,EQ-02797,flaring,Fuel Gas,3567.98,gal,2023,1
Refining,Production,Hassi R'Mel,Block 2,Equipment-2798,EQ-02798,combustion,Natural Gas,7722.68,scf,2024,9
Transportation,Operations,Adrar,Field A,Equipment-2799,EQ-02799,flaring,Propane,9335.62,gal,2022,8
Marketing,Drilling,Adrar,Block 2,Equipment-2800,EQ-02800,fugitive,,644.36,,2023,11
Transportation,Drilling,Berkine,Area X,Equipment-2801,EQ-02801,drilling,,2247.15,,2025,1
Transportation,Production,Illizi,Block 2,Equipment-2802,EQ-02802,combustion,Diesel,3853.73,gal,2023,10
Exploration & Production,Operations,In Salah,Block 1,Equipment-2803,EQ-02803,fugitive,,6446.72,,2024,6
Refining,Operations,In Salah,Block 1,Equipment-2804,EQ-02804,drilling,,4270.77,,2023,8
Transportation,Operations,Berkine,Field A,Equipment-2805,EQ-02805,flaring,Fuel Gas,6483.85,gal,2022,11
Refining,Logistics,In Salah,Area Y,Equipment-2806,EQ-02806,flaring,Fuel Gas,5991.17,gal,2025,11
Exploration & Production,Logistics,Hassi Messaoud,Area X,Equipment-2807,EQ-02807,fugitive,,9238.17,,2022,9
Refining,Production,Illizi,Field A,Equipment-2808,EQ-02808,combustion,Natural Gas,740.61,scf,2022,7
Transportation,Production,Rhourde Nouss,Field B,Equipment-2809,EQ-02809,venting,,9752.73,,2023,1
Transportation,Production,Adrar,Block 1,Equipment-2810,EQ-02810,fugitive,,8075.11,,2025,6
Refining,Production,Berkine,Area Y,Equipment-2811,EQ-02811,combustion,Diesel,1835.48,gal,2024,2
Marketing,Operations,In Salah,Field B,Equipment-2812,EQ-02812,drilling,,2103.71,,2025,5
Refining,Production,Hassi Messaoud,Area X,Equipment-2813,EQ-02813,combustion,Fuel Gas,5495.37,gal,2024,10
Marketing,Logistics,Berkine,Area Y,Equipment-2814,EQ-02814,flaring,Fuel Gas,2043.72,gal,2022,7
Marketing,Drilling,Hassi Messaoud,Field A,Equipment-2815,EQ-02815,venting,,8121.02,,2023,11
Exploration & Production,Production,Hassi Messaoud,Field B,Equipment-2816,EQ-02816,drilling,,4892.11,,2022,10
Refining,Operations,Berkine,Area Y,Equipment-2817,EQ-02817,flaring,Natural Gas,345.2,scf,2025,3
Refining,Production,Rhourde Nouss,Field A,Equipment-2818,EQ-02818,drilling,,4020.63,,2022,11
Marketing,Logistics,Hassi Messaoud,Block 2,Equipment-2819,EQ-02819,fugitive,,6674.99,,2024,4
Exploration & Production,Drilling,In Salah,Field B,Equipment-2820,EQ-02820,combustion,,5386.34,,2024,10
Exploration & Production,Production,Berkine,Area X,Equipment-2821,EQ-02821,combustion,Fuel Gas,4437.98,gal,2023,2
Transportation,Operations,Rhourde Nouss,Area Y,Equipment-2822,EQ-02822,drilling,,1891.1,,2024,5
Refining,Operations,In Salah,Block 1,Equipment-2823,EQ-02823,venting,,4564.53,,2022,4
Refining,Operations,Hassi Messaoud,Field A,Equipment-2824,EQ-02824,fugitive,,1754.38,,2022,12
Refining,Drilling,Illizi,Field A,Equipment-2825,EQ-02825,venting,,2794.35,,2023,8
Exploration & Production,Logistics,Rhourde Nouss,Field B,Equipment-2826,EQ-02826,venting,,6853.53,,2025,3
Refining,Operations,Adrar,Block 2,Equipment-2827,EQ-02827,flaring,Propane,671.48,gal,2024,11
Exploration & Production,Operations,Hassi R'Mel,Area X,Equipment-2828,EQ-02828,flaring,,1988.92,,2025,2
Marketing,Operations,Rhourde Nouss,Field B,Equipment-2829,EQ-02829,venting,,843.44,,2025,5
Transportation,Logistics,Illizi,Field A,Equipment-2830,EQ-02830,drilling,,4352.93,,2025,10
Refining,Production,Hassi Messaoud,Area X,Equipment-2831,EQ-02831,combustion,Diesel,7504.76,gal,2023,5
Transportation,Drilling,Hassi R'Mel,Area X,Equipment-2832,EQ-02832,venting,,1780.4,,2023,7
Exploration & Production,Drilling,Hassi R'Mel,Field A,Equipment-2833,EQ-02833,venting,,9019.35,,2023,11
Exploration & Production,Production,Adrar,Area Y,Equipment-2834,EQ-02834,venting,,1299.91,,2024,9
Exploration & Production,Operations,Rhourde Nouss,Field B,Equipment-2835,EQ-02835,fugitive,,4356.07,,2023,4
Transportation,Operations,Berkine,Field B,Equipment-2836,EQ-02836,combustion,Natural Gas,4711.29,scf,2025,6
Transportation,Drilling,Illizi,Block 1,Equipment-2837,EQ-02837,flaring,Natural Gas,6740.44,scf,2022,9
Exploration & Production,Drilling,Illizi,Field B,Equipment-2838,EQ-02838,fugitive,,1679.92,,2022,4
Transportation,Drilling,Rhourde Nouss,Area Y,Equipment-2839,EQ-02839,combustion,Diesel,4093.07,gal,2023,4
Exploration & Production,Operations,Illizi,Block 2,Equipment-2840,EQ-02840,venting,,2367.82,,2023,9
Refining,Logistics,Adrar,Field B,Equipment-2841,EQ-02841,flaring,Fuel Gas,3208.72,gal,2025,3
Refining,Logistics,Illizi,Field A,Equipment-2842,EQ-02842,combustion,,4606.94,,2023,1
Marketing,Production,Illizi,Field A,Equipment-2843,EQ-02843,flaring,Diesel,8335.51,gal,2024,9
Refining,Production,Hassi R'Mel,Field B,Equipment-2844,EQ-02844,venting,,1962.32,,2023,4
Refining,Drilling,Adrar,Block 2,Equipment-2845,EQ-02845,combustion,Diesel,2058.01,gal,2022,10
Refining,Logistics,Rhourde Nouss,Area X,Equipment-2846,EQ-02846,venting,,5010.65,,2024,3
Refining,Production,Hassi Messaoud,Block 1,Equipment-2847,EQ-02847,fugitive,,7165.29,,2024,9
Marketing,Logistics,Adrar,Area Y,Equipment-2848,EQ-02848,fugitive,,5527.73,,2022,11
Transportation,Production,Berkine,Field B,Equipment-2849,EQ-02849,venting,,9726.4,,2024,8
Exploration & Production,Logistics,Hassi Messaoud,Area Y,Equipment-2850,EQ-02850,fugitive,,2673.09,,2022,11
Transportation,Logistics,Hassi Messaoud,Area X,Equipment-2851,EQ-02851,venting,,6080.93,,2025,4
Marketing,Production,Illizi,Area X,Equipment-2852,EQ-02852,venting,,1405.5,,2025,11
Exploration & Production,Drilling,Illizi,Area Y,Equipment-2853,EQ-02853,fugitive,,8302.54,,2024,12
Marketing,Operations,Rhourde Nouss,Field B,Equipment-2854,EQ-02854,flaring,Fuel Gas,7779.54,gal,2025,5
Marketing,Operations,Adrar,Area Y,Equipment-2855,EQ-02855,fugitive,,4062.75,,2025,12
Refining,Logistics,Rhourde Nouss,Area Y,Equipment-2856,EQ-02856,fugitive,,5409.64,,2022,3
Marketing,Operations,Hassi R'Mel,Area Y,Equipment-2857,EQ-02857,fugitive,,1615.1,,2022,2
Transportation,Logistics,Adrar,Field A,Equipment-2858,EQ-02858,venting,,6007.32,,2025,2
Transportation,Operations,Adrar,Field A,Equipment-2859,EQ-02859,fugitive,,4001.36,,2022,12
Transportation,Operations,Adrar,Block 1,Equipment-2860,EQ-02860,combustion,Fuel Gas,6625.1,gal,2024,3
Marketing,Drilling,Illizi,Area X,Equipment-2861,EQ-02861,drilling,,5723.2,,2025,8
Marketing,Drilling,Adrar,Area Y,Equipment-2862,EQ-02862,combustion,Fuel Gas,1679.13,gal,2022,7
Refining,Production,Rhourde Nouss,Area Y,Equipment-2863,EQ-02863,combustion,Propane,4857.48,gal,2022,8
Transportation,Production,Adrar,Field B,Equipment-2864,EQ-02864,fugitive,,1345.87,,2022,4
Refining,Operations,Rhourde Nouss,Area Y,Equipment-2865,EQ-02865,combustion,Propane,6207.01,gal,2022,11
Exploration & Production,Production,Adrar,Block 2,Equipment-2866,EQ-02866,fugitive,,2543.39,,2024,4
Refining,Drilling,Hassi Messaoud,Field A,Equipment-2867,EQ-02867,venting,,9933.04,,2023,11
Refining,Production,Rhourde Nouss,Area Y,Equipment-2868,EQ-02868,combustion,Fuel Gas,527.34,gal,2025,3
Exploration & Production,Drilling,Illizi,Block 2,Equipment-2869,EQ-02869,combustion,Natural Gas,4332.39,scf,2022,9
Marketing,Drilling,In Salah,Block 1,Equipment-2870,EQ-02870,flaring,,9165.85,,2024,1
Transportation,Drilling,Illizi,Block 2,Equipment-2871,EQ-02871,venting,,3135.54,,2025,9
Transportation,Operations,Adrar,Block 1,Equipment-2872,EQ-02872,combustion,Natural Gas,6894.29,scf,2023,3
Exploration & Production,Logistics,Adrar,Area Y,Equipment-2873,EQ-02873,venting,,1721.72,,2024,3
Marketing,Logistics,Berkine,Area Y,Equipment-2874,EQ-02874,flaring,Natural Gas,3483.71,scf,2025,6
Refining,Operations,Illizi,Area X,Equipment-2875,EQ-02875,fugitive,,2768.74,,2022,11
Refining,Drilling,Hassi Messaoud,Block 1,Equipment-2876,EQ-02876,venting,,1842.75,,2024,10
Exploration & Production,Drilling,Hassi Messaoud,Area X,Equipment-2877,EQ-02877,venting,,5589.66,,2024,1
Marketing,Production,Hassi Messaoud,Block 2,Equipment-2878,EQ-02878,flaring,Diesel,6358.83,gal,2023,9
Marketing,Logistics,Hassi Messaoud,Area X,Equipment-2879,EQ-02879,fugitive,,457.58,,2024,12
Marketing,Logistics,Adrar,Field A,Equipment-2880,EQ-02880,combustion,Natural Gas,208.15,scf,2024,11
Exploration & Production,Drilling,Hassi R'Mel,Area X,Equipment-2881,EQ-02881,flaring,Propane,3412.45,gal,2022,1
Transportation,Logistics,Hassi R'Mel,Block 2,Equipment-2882,EQ-02882,flaring,Natural Gas,9414.96,scf,2024,8
Marketing,Logistics,Adrar,Field A,Equipment-2883,EQ-02883,drilling,,6900.39,,2024,6
Refining,Logistics,Rhourde Nouss,Area Y,Equipment-2884,EQ-02884,combustion,Propane,6764.03,gal,2022,8
Marketing,Production,Illizi,Block 1,Equipment-2885,EQ-02885,fugitive,,3771.79,,2025,1
Marketing,Operations,Illizi,Field B,Equipment-2886,EQ-02886,fugitive,,8666.49,,2023,10
Refining,Drilling,In Salah,Area X,Equipment-2887,EQ-02887,drilling,,9990.96,,2022,11
Marketing,Production,Berkine,Field A,Equipment-2888,EQ-02888,fugitive,,4703.89,,2023,7
Marketing,Logistics,Illizi,Field B,Equipment-2889,EQ-02889,drilling,,5852.98,,2022,2
Refining,Drilling,Berkine,Block 1,Equipment-2890,EQ-02890,fugitive,,1595.57,,2025,4
Refining,Operations,Rhourde Nouss,Area X,Equipment-2891,EQ-02891,drilling,,5446.05,,2025,1
Refining,Production,Rhourde Nouss,Area X,Equipment-2892,EQ-02892,combustion,Natural Gas,7956.9,scf,2025,9
Transportation,Production,Berkine,Area X,Equipment-2893,EQ-02893,combustion,,6028.19,,2022,6
Refining,Drilling,Hassi Messaoud,Area Y,Equipment-2894,EQ-02894,drilling,,1532.54,,2025,6
Refining,Drilling,In Salah,Field A,Equipment-2895,EQ-02895,combustion,Diesel,5486.39,gal,2022,3
Transportation,Production,In Salah,Block 1,Equipment-2896,EQ-02896,fugitive,,6974.36,,2022,3
Marketing,Production,Rhourde Nouss,Area X,Equipment-2897,EQ-02897,drilling,,9845.96,,2023,4
Refining,Operations,Adrar,Block 1,Equipment-2898,EQ-02898,drilling,,7858.22,,2025,11
Refining,Operations,Berkine,Block 2,Equipment-2899,EQ-02899,venting,,4342.19,,2024,6
Transportation,Production,Berkine,Field A,Equipment-2900,EQ-02900,combustion,Natural Gas,8927.62,scf,2023,7
Refining,Production,Rhourde Nouss,Field A,Equipment-2901,EQ-02901,venting,,1244.45,,2024,4
Marketing,Operations,Hassi Messaoud,Area Y,Equipment-2902,EQ-02902,fugitive,,8988.9,,2022,5
Exploration & Production,Drilling,Rhourde Nouss,Block 1,Equipment-2903,EQ-02903,drilling,,8139.12,,2023,7
Exploration & Production,Production,Adrar,Field A,Equipment-2904,EQ-02904,fugitive,,3515.4,,2025,6
Transportation,Logistics,Illizi,Area X,Equipment-2905,EQ-02905,combustion,Fuel Gas,4959.8,gal,2024,8
Transportation,Operations,Adrar,Area X,Equipment-2906,EQ-02906,drilling,,6364.57,,2024,1
Exploration & Production,Drilling,Berkine,Block 2,Equipment-2907,EQ-02907,fugitive,,2392.3,,2023,9
Transportation,Logistics,Hassi R'Mel,Block 2,Equipment-2908,EQ-02908,flaring,Natural Gas,2351.06,scf,2023,8
Transportation,Drilling,Hassi R'Mel,Area X,Equipment-2909,EQ-02909,flaring,,1967.07,,2025,2
Exploration & Production,Logistics,In Salah,Area X,Equipment-2910,EQ-02910,fugitive,,8330.21,,2022,12
Refining,Operations,Hassi R'Mel,Block 2,Equipment-2911,EQ-02911,flaring,Diesel,9620.24,gal,2025,10
Exploration & Production,Logistics,In Salah,Area X,Equipment-2912,EQ-02912,venting,,5051.12,,2022,9
Exploration & Production,Logistics,Hassi Messaoud,Field A,Equipment-2913,EQ-02913,venting,,6159.98,,2023,4
Refining,Drilling,Rhourde Nouss,Area X,Equipment-2914,EQ-02914,drilling,,78.28,,2025,1
Exploration & Production,Operations,Rhourde Nouss,Block 1,Equipment-2915,EQ-02915,drilling,,1912.64,,2023,2
Refining,Logistics,Adrar,Block 1,Equipment-2916,EQ-02916,drilling,,3951.17,,2022,3
Transportation,Drilling,Rhourde Nouss,Block 2,Equipment-2917,EQ-02917,fugitive,,7300.46,,2022,3
Transportation,Logistics,Hassi Messaoud,Field A,Equipment-2918,EQ-02918,drilling,,1962.34,,2024,12
Transportation,Drilling,Adrar,Block 2,Equipment-2919,EQ-02919,fugitive,,5972.04,,2022,5
Marketing,Logistics,Hassi R'Mel,Area X,Equipment-2920,EQ-02920,flaring,Fuel Gas,4110.1,gal,2024,5
Marketing,Operations,Adrar,Block 2,Equipment-2921,EQ-02921,combustion,Fuel Gas,6608.2,gal,2024,6
Transportation,Operations,Berkine,Block 2,Equipment-2922,EQ-02922,flaring,Natural Gas,3420.99,scf,2024,10
Transportation,Logistics,Hassi Messaoud,Block 1,Equipment-2923,EQ-02923,drilling,,6859.35,,2022,9
Transportation,Logistics,Hassi R'Mel,Field B,Equipment-2924,EQ-02924,drilling,,9664.53,,2023,3
Refining,Logistics,Illizi,Area X,Equipment-2925,EQ-02925,drilling,,1469.25,,2022,5
Refining,Production,Hassi Messaoud,Area X,Equipment-2926,EQ-02926,combustion,,792.08,,2024,6
Exploration & Production,Logistics,Rhourde Nouss,Field A,Equipment-2927,EQ-02927,flaring,Propane,883.85,gal,2023,4
Transportation,Production,Berkine,Block 1,Equipment-2928,EQ-02928,fugitive,,8823.29,,2022,5
Exploration & Production,Logistics,Berkine,Area X,Equipment-2929,EQ-02929,drilling,,3891.5,,2022,8
Exploration & Production,Drilling,In Salah,Area X,Equipment-2930,EQ-02930,flaring,Diesel,8618.31,gal,2023,4
Transportation,Production,Rhourde Nouss,Area Y,Equipment-2931,EQ-02931,fugitive,,7266.17,,2025,4
Exploration & Production,Operations,Hassi Messaoud,Block 2,Equipment-2932,EQ-02932,combustion,,3620.88,,2025,4
Refining,Logistics,Adrar,Area Y,Equipment-2933,EQ-02933,fugitive,,1057.61,,2023,1
Marketing,Production,Illizi,Block 1,Equipment-2934,EQ-02934,flaring,,5042.45,,2023,6
Transportation,Operations,Berkine,Area X,Equipment-2935,EQ-02935,drilling,,4911.36,,2023,12
Exploration & Production,Drilling,Berkine,Area Y,Equipment-2936,EQ-02936,combustion,,6599.83,,2025,10
Exploration & Production,Production,Rhourde Nouss,Field B,Equipment-2937,EQ-02937,flaring,Propane,5841.58,gal,2022,5
Exploration & Production,Operations,In Salah,Area Y,Equipment-2938,EQ-02938,drilling,,6615.45,,2024,4
Transportation,Production,Rhourde Nouss,Block 1,Equipment-2939,EQ-02939,flaring,Diesel,4864.43,gal,2025,7
Transportation,Drilling,Adrar,Field B,Equipment-2940,EQ-02940,combustion,Diesel,7633.43,gal,2025,12
Transportation,Production,Rhourde Nouss,Block 2,Equipment-2941,EQ-02941,combustion,Fuel Gas,8001.71,gal,2025,11
Transportation,Production,Hassi R'Mel,Area Y,Equipment-2942,EQ-02942,drilling,,6468.7,,2023,3
Marketing,Operations,Berkine,Field B,Equipment-2943,EQ-02943,flaring,Fuel Gas,8260.71,gal,2022,5
Transportation,Production,Rhourde Nouss,Field A,Equipment-2944,EQ-02944,flaring,Fuel Gas,5128.78,gal,2024,12
Transportation,Operations,In Salah,Field B,Equipment-2945,EQ-02945,flaring,Propane,1427.55,gal,2025,10
Refining,Operations,Hassi R'Mel,Block 2,Equipment-2946,EQ-02946,flaring,,9158.89,,2022,1
Refining,Production,Adrar,Field B,Equipment-2947,EQ-02947,flaring,Fuel Gas,702.57,gal,2022,11
Exploration & Production,Operations,Berkine,Block 2,Equipment-2948,EQ-02948,venting,,2898.68,,2022,2
Marketing,Drilling,Illizi,Field A,Equipment-2949,EQ-02949,venting,,9222.38,,2022,4
Exploration & Production,Drilling,Berkine,Block 1,Equipment-2950,EQ-02950,combustion,Diesel,6366.92,gal,2024,1
Exploration & Production,Drilling,In Salah,Area X,Equipment-2951,EQ-02951,drilling,,7674.09,,2022,6
Marketing,Logistics,Berkine,Field B,Equipment-2952,EQ-02952,fugitive,,1797.1,,2024,9
Transportation,Logistics,Hassi R'Mel,Field A,Equipment-2953,EQ-02953,venting,,1730.4,,2024,2
Marketing,Drilling,In Salah,Field A,Equipment-2954,EQ-02954,flaring,Diesel,8213.13,gal,2022,10
Exploration & Production,Logistics,Rhourde Nouss,Block 1,Equipment-2955,EQ-02955,fugitive,,9648.68,,2025,2
Refining,Drilling,Adrar,Area X,Equipment-2956,EQ-02956,drilling,,4759.65,,2025,3
Marketing,Operations,Illizi,Area X,Equipment-2957,EQ-02957,drilling,,2349.11,,2025,7
Exploration & Production,Logistics,Berkine,Block 2,Equipment-2958,EQ-02958,fugitive,,1474.42,,2024,10
Marketing,Logistics,In Salah,Area Y,Equipment-2959,EQ-02959,drilling,,3584.76,,2023,10
Exploration & Production,Logistics,In Salah,Field A,Equipment-2960,EQ-02960,venting,,2412.67,,2023,2
Transportation,Production,Illizi,Block 1,Equipment-2961,EQ-02961,combustion,,2565.28,,2022,5
Exploration & Production,Logistics,Adrar,Field B,Equipment-2962,EQ-02962,flaring,Diesel,7993.38,gal,2025,9
Refining,Production,Berkine,Block 1,Equipment-2963,EQ-02963,fugitive,,7841.83,,2025,10
Marketing,Operations,Hassi Messaoud,Field B,Equipment-2964,EQ-02964,venting,,6378.82,,2025,8
Marketing,Drilling,Hassi R'Mel,Block 1,Equipment-2965,EQ-02965,fugitive,,6911.84,,2022,6
Refining,Production,Adrar,Field A,Equipment-2966,EQ-02966,fugitive,,8428.61,,2024,7
Refining,Operations,Adrar,Field A,Equipment-2967,EQ-02967,combustion,Propane,3279.9,gal,2023,8
Marketing,Production,Illizi,Area Y,Equipment-2968,EQ-02968,drilling,,6612.86,,2025,2
Marketing,Operations,Rhourde Nouss,Area Y,Equipment-2969,EQ-02969,fugitive,,8787.32,,2024,12
Exploration & Production,Logistics,Illizi,Block 1,Equipment-2970,EQ-02970,combustion,Fuel Gas,7581.82,gal,2023,7
Marketing,Drilling,Berkine,Field A,Equipment-2971,EQ-02971,combustion,Propane,6186.75,gal,2023,9
Exploration & Production,Production,Adrar,Area X,Equipment-2972,EQ-02972,drilling,,1503.43,,2025,12
Marketing,Operations,Rhourde Nouss,Block 2,Equipment-2973,EQ-02973,venting,,4869.67,,2023,8
Refining,Production,Rhourde Nouss,Area Y,Equipment-2974,EQ-02974,combustion,Diesel,6405.03,gal,2025,4
Refining,Logistics,Rhourde Nouss,Block 1,Equipment-2975,EQ-02975,flaring,Fuel Gas,7870.27,gal,2022,7
Transportation,Drilling,Hassi Messaoud,Area X,Equipment-2976,EQ-02976,flaring,Diesel,6649.74,gal,2023,8
Transportation,Logistics,Rhourde Nouss,Field A,Equipment-2977,EQ-02977,combustion,Natural Gas,9259.36,scf,2024,9
Exploration & Production,Logistics,Adrar,Area Y,Equipment-2978,EQ-02978,venting,,4432.65,,2024,10
Transportation,Production,Hassi R'Mel,Area X,Equipment-2979,EQ-02979,venting,,8669.4,,2022,9
Marketing,Operations,Berkine,Area Y,Equipment-2980,EQ-02980,flaring,Diesel,9372.78,gal,2022,6
Refining,Production,Hassi Messaoud,Area Y,Equipment-2981,EQ-02981,venting,,7131.21,,2022,2
Refining,Drilling,Hassi Messaoud,Area X,Equipment-2982,EQ-02982,fugitive,,2026.44,,2025,6
Transportation,Drilling,Hassi R'Mel,Area Y,Equipment-2983,EQ-02983,combustion,Propane,4700.19,gal,2024,1
Refining,Drilling,Hassi R'Mel,Field A,Equipment-2984,EQ-02984,flaring,Fuel Gas,3440.27,gal,2025,3
Exploration & Production,Production,In Salah,Area Y,Equipment-2985,EQ-02985,fugitive,,9659.53,,2022,4
Exploration & Production,Operations,Illizi,Field A,Equipment-2986,EQ-02986,drilling,,9334.05,,2024,1
Marketing,Drilling,Illizi,Area Y,Equipment-2987,EQ-02987,venting,,5599.34,,2023,11
Marketing,Production,Hassi R'Mel,Field A,Equipment-2988,EQ-02988,venting,,2808.49,,2025,6
Exploration & Production,Logistics,In Salah,Area X,Equipment-2989,EQ-02989,combustion,Propane,2387.75,gal,2023,12
Marketing,Operations,In Salah,Area X,Equipment-2990,EQ-02990,venting,,9635.17,,2025,5
Exploration & Production,Operations,Adrar,Field A,Equipment-2991,EQ-02991,venting,,5731.66,,2025,12
Marketing,Operations,Hassi R'Mel,Area Y,Equipment-2992,EQ-02992,drilling,,1404.98,,2025,1
Refining,Drilling,Illizi,Block 2,Equipment-2993,EQ-02993,drilling,,6418.31,,2024,1
Refining,Production,Adrar,Block 2,Equipment-2994,EQ-02994,fugitive,,889.64,,2022,9
Refining,Production,Adrar,Field A,Equipment-2995,EQ-02995,flaring,Fuel Gas,4091.69,gal,2022,10
Refining,Logistics,Illizi,Field B,Equipment-2996,EQ-02996,drilling,,3671.22,,2022,11
Transportation,Drilling,In Salah,Block 2,Equipment-2997,EQ-02997,combustion,Natural Gas,4682.34,scf,2023,2
Marketing,Logistics,In Salah,Area X,Equipment-2998,EQ-02998,drilling,,498.06,,2025,10
Exploration & Production,Production,Adrar,Area Y,Equipment-2999,EQ-02999,combustion,Diesel,8117.67,gal,2023,5
Exploration & Production,Drilling,Hassi R'Mel,Field B,Equipment-3000,EQ-03000,flaring,Diesel,405.93,gal,2022,11
Refining,Drilling,Adrar,Field B,Equipment-3001,EQ-03001,flaring,Fuel Gas,5124.24,gal,2022,10
Refining,Operations,Hassi Messaoud,Field A,Equipment-3002,EQ-03002,combustion,Fuel Gas,3334.62,gal,2022,5
Marketing,Logistics,Adrar,Block 2,Equipment-3003,EQ-03003,combustion,Fuel Gas,5249.24,gal,2025,3
Marketing,Logistics,Hassi R'Mel,Block 2,Equipment-3004,EQ-03004,venting,,8370.67,,2022,7
Transportation,Drilling,Rhourde Nouss,Area X,Equipment-3005,EQ-03005,flaring,Fuel Gas,9352.09,gal,2024,4
Exploration & Production,Operations,Hassi R'Mel,Area X,Equipment-3006,EQ-03006,venting,,3933.09,,2023,2
Marketing,Drilling,Rhourde Nouss,Block 2,Equipment-3007,EQ-03007,venting,,2201.3,,2024,8
Marketing,Operations,Adrar,Field B,Equipment-3008,EQ-03008,drilling,,2010.48,,2024,6
Exploration & Production,Operations,Illizi,Block 1,Equipment-3009,EQ-03009,combustion,Fuel Gas,2254.74,gal,2022,4
Marketing,Production,Illizi,Block 2,Equipment-3010,EQ-03010,combustion,Natural Gas,5532.47,scf,2025,1
Marketing,Production,Hassi Messaoud,Field A,Equipment-3011,EQ-03011,combustion,Fuel Gas,9239.07,gal,2023,11
Refining,Operations,Berkine,Block 2,Equipment-3012,EQ-03012,combustion,Natural Gas,1247.42,scf,2024,2
Exploration & Production,Drilling,Berkine,Field B,Equipment-3013,EQ-03013,flaring,,2257.77,,2025,3
Refining,Drilling,Rhourde Nouss,Field A,Equipment-3014,EQ-03014,flaring,Propane,1655.15,gal,2022,7
Transportation,Operations,Adrar,Block 1,Equipment-3015,EQ-03015,fugitive,,8504.5,,2023,3
Exploration & Production,Logistics,Hassi Messaoud,Field B,Equipment-3016,EQ-03016,fugitive,,7133.84,,2025,12
Transportation,Production,Hassi R'Mel,Block 1,Equipment-3017,EQ-03017,venting,,3931.06,,2024,2
Exploration & Production,Operations,In Salah,Area Y,Equipment-3018,EQ-03018,combustion,Propane,884.75,gal,2022,10
Marketing,Operations,Hassi Messaoud,Block 1,Equipment-3019,EQ-03019,flaring,Fuel Gas,8957.05,gal,2023,9
Exploration & Production,Production,Rhourde Nouss,Field A,Equipment-3020,EQ-03020,fugitive,,9310.98,,2022,11
Refining,Production,Rhourde Nouss,Block 2,Equipment-3021,EQ-03021,flaring,Propane,1799.54,gal,2023,5
Transportation,Drilling,Illizi,Field A,Equipment-3022,EQ-03022,drilling,,8526.66,,2025,1
Marketing,Logistics,Berkine,Block 1,Equipment-3023,EQ-03023,combustion,Natural Gas,6941.18,scf,2023,9
Refining,Operations,Adrar,Area X,Equipment-3024,EQ-03024,venting,,8159.42,,2022,8
Exploration & Production,Logistics,Hassi Messaoud,Area Y,Equipment-3025,EQ-03025,venting,,8650.61,,2024,6
Transportation,Operations,In Salah,Block 2,Equipment-3026,EQ-03026,drilling,,1300.25,,2025,2
Marketing,Drilling,Adrar,Block 1,Equipment-3027,EQ-03027,fugitive,,3191.24,,2025,5
Transportation,Drilling,Hassi Messaoud,Block 2,Equipment-3028,EQ-03028,drilling,,6145.09,,2025,5
Refining,Operations,Hassi R'Mel,Field B,Equipment-3029,EQ-03029,drilling,,5574.43,,2024,4
Marketing,Drilling,Illizi,Block 1,Equipment-3030,EQ-03030,drilling,,6151.79,,2023,4
Transportation,Production,Rhourde Nouss,Area X,Equipment-3031,EQ-03031,drilling,,3629.26,,2025,10
Exploration & Production,Drilling,Illizi,Area X,Equipment-3032,EQ-03032,drilling,,5169.17,,2025,2
Refining,Production,In Salah,Field B,Equipment-3033,EQ-03033,venting,,6891.34,,2022,12
Marketing,Operations,In Salah,Field B,Equipment-3034,EQ-03034,venting,,6047.64,,2024,8
Refining,Logistics,Hassi R'Mel,Field B,Equipment-3035,EQ-03035,venting,,3834.43,,2025,3
Refining,Logistics,Hassi R'Mel,Block 2,Equipment-3036,EQ-03036,drilling,,9518.19,,2022,4
Refining,Logistics,Adrar,Block 2,Equipment-3037,EQ-03037,flaring,Natural Gas,6032.27,scf,2024,7
Marketing,Operations,Berkine,Area Y,Equipment-3038,EQ-03038,fugitive,,3780.76,,2024,5
Transportation,Operations,Illizi,Block 1,Equipment-3039,EQ-03039,venting,,2273.76,,2024,8
Exploration & Production,Production,Illizi,Block 1,Equipment-3040,EQ-03040,drilling,,898.08,,2022,11
Refining,Drilling,Hassi R'Mel,Block 1,Equipment-3041,EQ-03041,venting,,7964.37,,2022,12
Exploration & Production,Production,In Salah,Area X,Equipment-3042,EQ-03042,flaring,Diesel,4095.97,gal,2025,11
Exploration & Production,Operations,In Salah,Block 2,Equipment-3043,EQ-03043,venting,,1831.27,,2025,11
Marketing,Operations,Hassi Messaoud,Area Y,Equipment-3044,EQ-03044,flaring,Diesel,2229.61,gal,2022,10
Transportation,Production,Hassi Messaoud,Area X,Equipment-3045,EQ-03045,venting,,3461.22,,2025,11
Marketing,Production,In Salah,Field B,Equipment-3046,EQ-03046,venting,,1440.78,,2024,4
Marketing,Operations,Hassi R'Mel,Field B,Equipment-3047,EQ-03047,venting,,3303.86,,2024,5
Marketing,Drilling,Berkine,Field A,Equipment-3048,EQ-03048,drilling,,9382.19,,2025,5
Transportation,Drilling,Illizi,Block 1,Equipment-3049,EQ-03049,venting,,6046.24,,2023,2
Refining,Drilling,Rhourde Nouss,Field B,Equipment-3050,EQ-03050,venting,,8050.46,,2024,6
Exploration & Production,Production,In Salah,Area Y,Equipment-3051,EQ-03051,drilling,,6535.01,,2023,9
Refining,Operations,Rhourde Nouss,Area Y,Equipment-3052,EQ-03052,venting,,10.98,,2024,5
Refining,Operations,Berkine,Block 2,Equipment-3053,EQ-03053,fugitive,,917.14,,2025,4
Exploration & Production,Production,Rhourde Nouss,Area X,Equipment-3054,EQ-03054,drilling,,4473.53,,2023,11
Transportation,Operations,Illizi,Block 2,Equipment-3055,EQ-03055,fugitive,,1359.34,,2025,4
Marketing,Drilling,Illizi,Area Y,Equipment-3056,EQ-03056,fugitive,,3751.98,,2022,7
Transportation,Operations,Hassi Messaoud,Block 2,Equipment-3057,EQ-03057,drilling,,5332.51,,2024,7
Refining,Operations,Hassi Messaoud,Area Y,Equipment-3058,EQ-03058,venting,,6818.04,,2025,11
Exploration & Production,Operations,Illizi,Block 2,Equipment-3059,EQ-03059,drilling,,4457.8,,2025,9
Marketing,Operations,Illizi,Block 1,Equipment-3060,EQ-03060,flaring,,5008.58,,2022,3
Refining,Logistics,In Salah,Field B,Equipment-3061,EQ-03061,flaring,Diesel,8453.51,gal,2022,6
Refining,Operations,Berkine,Area X,Equipment-3062,EQ-03062,drilling,,8856.01,,2022,4
Marketing,Logistics,Rhourde Nouss,Block 2,Equipment-3063,EQ-03063,venting,,853.49,,2023,9
Exploration & Production,Production,Illizi,Area X,Equipment-3064,EQ-03064,venting,,5957.08,,2023,10
Exploration & Production,Logistics,Hassi R'Mel,Area Y,Equipment-3065,EQ-03065,drilling,,4298.33,,2022,1
Exploration & Production,Production,Hassi R'Mel,Area X,Equipment-3066,EQ-03066,combustion,Propane,2097.43,gal,2024,8
Refining,Production,Hassi R'Mel,Block 1,Equipment-3067,EQ-03067,flaring,Diesel,4497.92,gal,2025,2
Marketing,Operations,In Salah,Block 1,Equipment-3068,EQ-03068,fugitive,,4250.19,,2022,1
Refining,Drilling,Rhourde Nouss,Field B,Equipment-3069,EQ-03069,venting,,7145.18,,2023,5
Refining,Logistics,Rhourde Nouss,Block 2,Equipment-3070,EQ-03070,flaring,Propane,7964.86,gal,2023,2
Transportation,Logistics,In Salah,Block 2,Equipment-3071,EQ-03071,drilling,,8811.87,,2023,6
Marketing,Production,Berkine,Area Y,Equipment-3072,EQ-03072,combustion,Diesel,5638.77,gal,2024,10
Transportation,Operations,In Salah,Area Y,Equipment-3073,EQ-03073,fugitive,,977.29,,2024,7
Transportation,Logistics,Adrar,Area Y,Equipment-3074,EQ-03074,venting,,148.3,,2022,5
Transportation,Operations,Hassi R'Mel,Block 2,Equipment-3075,EQ-03075,drilling,,5690.2,,2024,4
Refining,Production,Illizi,Area X,Equipment-3076,EQ-03076,combustion,Diesel,4256.41,gal,2025,6
Transportation,Operations,Hassi R'Mel,Block 2,Equipment-3077,EQ-03077,venting,,2292.97,,2022,12
Refining,Production,Berkine,Area X,Equipment-3078,EQ-03078,fugitive,,4820.5,,2025,11
Exploration & Production,Production,Illizi,Field A,Equipment-3079,EQ-03079,drilling,,4968.21,,2022,11
Transportation,Production,Rhourde Nouss,Area Y,Equipment-3080,EQ-03080,flaring,,5827.48,,2024,5
Transportation,Operations,Illizi,Field A,Equipment-3081,EQ-03081,flaring,Propane,2668.85,gal,2022,6
Transportation,Operations,Hassi Messaoud,Field B,Equipment-3082,EQ-03082,flaring,Fuel Gas,5689.4,gal,2022,5
Transportation,Drilling,Illizi,Field A,Equipment-3083,EQ-03083,venting,,7503.14,,2025,6
Refining,Logistics,Berkine,Block 1,Equipment-3084,EQ-03084,flaring,Natural Gas,6516.62,scf,2024,2
Exploration & Production,Drilling,Hassi R'Mel,Block 2,Equipment-3085,EQ-03085,venting,,9780.66,,2023,8
Refining,Operations,Hassi Messaoud,Block 1,Equipment-3086,EQ-03086,venting,,1606.59,,2023,6
Refining,Production,In Salah,Block 1,Equipment-3087,EQ-03087,fugitive,,9247.23,,2025,8
Transportation,Logistics,Berkine,Area X,Equipment-3088,EQ-03088,venting,,1148.45,,2025,10
Refining,Drilling,Berkine,Area X,Equipment-3089,EQ-03089,venting,,8923.14,,2024,1
Transportation,Production,In Salah,Area X,Equipment-3090,EQ-03090,combustion,Propane,8152.21,gal,2023,6
Exploration & Production,Drilling,Berkine,Area Y,Equipment-3091,EQ-03091,fugitive,,9310.52,,2023,7
Transportation,Logistics,Rhourde Nouss,Block 1,Equipment-3092,EQ-03092,drilling,,8365.23,,2024,10
Marketing,Production,Adrar,Block 1,Equipment-3093,EQ-03093,combustion,Fuel Gas,6870.5,gal,2025,9
Transportation,Logistics,Hassi R'Mel,Block 1,Equipment-3094,EQ-03094,drilling,,6020.97,,2024,11
Refining,Production,Illizi,Area X,Equipment-3095,EQ-03095,combustion,Natural Gas,1382.79,scf,2022,10
Exploration & Production,Production,Rhourde Nouss,Field A,Equipment-3096,EQ-03096,fugitive,,1171.67,,2025,3
Marketing,Logistics,Rhourde Nouss,Area X,Equipment-3097,EQ-03097,flaring,Fuel Gas,1365.05,gal,2023,2
Transportation,Drilling,Hassi Messaoud,Field A,Equipment-3098,EQ-03098,drilling,,9273.99,,2024,10
Refining,Drilling,Illizi,Block 2,Equipment-3099,EQ-03099,drilling,,4492.56,,2022,12
Marketing,Logistics,Hassi Messaoud,Field B,Equipment-3100,EQ-03100,flaring,,209.42,,2024,2
Exploration & Production,Production,Hassi Messaoud,Block 2,Equipment-3101,EQ-03101,drilling,,1442.12,,2023,8
Marketing,Drilling,Hassi Messaoud,Area Y,Equipment-3102,EQ-03102,flaring,Diesel,3996.64,gal,2025,2
Exploration & Production,Production,Berkine,Area Y,Equipment-3103,EQ-03103,flaring,Propane,6756.69,gal,2022,12
Exploration & Production,Drilling,Hassi R'Mel,Field B,Equipment-3104,EQ-03104,fugitive,,8990.91,,2022,4
Transportation,Drilling,Illizi,Field B,Equipment-3105,EQ-03105,fugitive,,1900.74,,2023,12
Exploration & Production,Logistics,Hassi R'Mel,Block 1,Equipment-3106,EQ-03106,drilling,,919.41,,2022,8
Transportation,Logistics,Hassi Messaoud,Area X,Equipment-3107,EQ-03107,combustion,Diesel,4537.52,gal,2024,8
Transportation,Logistics,In Salah,Field A,Equipment-3108,EQ-03108,venting,,2155.97,,2023,10
Refining,Logistics,Rhourde Nouss,Area X,Equipment-3109,EQ-03109,fugitive,,1235.8,,2023,5
Marketing,Logistics,Berkine,Field B,Equipment-3110,EQ-03110,flaring,,4574.25,,2023,3
Refining,Drilling,Berkine,Area Y,Equipment-3111,EQ-03111,fugitive,,791.58,,2022,11
Refining,Production,Illizi,Field A,Equipment-3112,EQ-03112,combustion,Diesel,6253.9,gal,2023,10
Refining,Operations,Illizi,Field A,Equipment-3113,EQ-03113,drilling,,5753.31,,2022,5
Exploration & Production,Production,Rhourde Nouss,Block 2,Equipment-3114,EQ-03114,combustion,,4447.75,,2023,12
Refining,Operations,Berkine,Block 2,Equipment-3115,EQ-03115,drilling,,1389.94,,2025,5
Exploration & Production,Drilling,Illizi,Block 1,Equipment-3116,EQ-03116,fugitive,,8805.84,,2022,2
Transportation,Logistics,Hassi R'Mel,Area X,Equipment-3117,EQ-03117,fugitive,,2370.81,,2024,12
Refining,Operations,Hassi R'Mel,Block 1,Equipment-3118,EQ-03118,drilling,,8757.54,,2025,4
Marketing,Drilling,Rhourde Nouss,Area X,Equipment-3119,EQ-03119,drilling,,2368.28,,2023,4
Exploration & Production,Production,Hassi Messaoud,Field B,Equipment-3120,EQ-03120,fugitive,,467.43,,2023,4
Refining,Logistics,In Salah,Field A,Equipment-3121,EQ-03121,fugitive,,3399.51,,2025,1
Transportation,Drilling,Hassi R'Mel,Area X,Equipment-3122,EQ-03122,combustion,Fuel Gas,3112.68,gal,2023,8
Exploration & Production,Logistics,In Salah,Area Y,Equipment-3123,EQ-03123,venting,,7156.6,,2025,6
Transportation,Logistics,Berkine,Block 1,Equipment-3124,EQ-03124,venting,,839.28,,2025,6
Exploration & Production,Production,Hassi R'Mel,Area X,Equipment-3125,EQ-03125,fugitive,,1794.67,,2025,10
Exploration & Production,Operations,Illizi,Field B,Equipment-3126,EQ-03126,drilling,,3828.25,,2024,11
Refining,Operations,Hassi Messaoud,Field B,Equipment-3127,EQ-03127,combustion,Diesel,2836.77,gal,2024,7
Marketing,Logistics,In Salah,Block 1,Equipment-3128,EQ-03128,combustion,,2109.4,,2024,2
Marketing,Logistics,Hassi R'Mel,Area Y,Equipment-3129,EQ-03129,flaring,Propane,3305.48,gal,2022,7
Marketing,Logistics,Rhourde Nouss,Block 1,Equipment-3130,EQ-03130,drilling,,8968.83,,2023,2
Marketing,Production,Berkine,Block 2,Equipment-3131,EQ-03131,drilling,,8030.39,,2023,3
Transportation,Production,Hassi Messaoud,Area X,Equipment-3132,EQ-03132,fugitive,,2795.51,,2022,8
Refining,Logistics,In Salah,Block 2,Equipment-3133,EQ-03133,combustion,,4174.67,,2024,4
Exploration & Production,Logistics,Hassi Messaoud,Block 2,Equipment-3134,EQ-03134,flaring,Propane,3768.11,gal,2025,2
Transportation,Logistics,Illizi,Block 2,Equipment-3135,EQ-03135,fugitive,,8567.06,,2023,1
Exploration & Production,Production,Adrar,Block 2,Equipment-3136,EQ-03136,combustion,Propane,6277.8,gal,2022,4
Refining,Production,Illizi,Block 1,Equipment-3137,EQ-03137,drilling,,9043.67,,2024,11
Transportation,Production,Rhourde Nouss,Area X,Equipment-3138,EQ-03138,flaring,,4611.19,,2024,10
Transportation,Drilling,Illizi,Block 1,Equipment-3139,EQ-03139,combustion,Propane,855.84,gal,2022,3
Refining,Operations,Berkine,Block 1,Equipment-3140,EQ-03140,combustion,Fuel Gas,2056.7,gal,2024,11
Exploration & Production,Production,Hassi R'Mel,Area X,Equipment-3141,EQ-03141,venting,,2637.63,,2025,6
Refining,Operations,Adrar,Field A,Equipment-3142,EQ-03142,fugitive,,1092.1,,2025,1
Refining,Operations,In Salah,Block 2,Equipment-3143,EQ-03143,venting,,5601.94,,2024,5
Exploration & Production,Production,Adrar,Field B,Equipment-3144,EQ-03144,drilling,,2535.06,,2022,12
Exploration & Production,Logistics,Hassi R'Mel,Block 1,Equipment-3145,EQ-03145,drilling,,2797.86,,2023,9
Refining,Operations,Illizi,Area Y,Equipment-3146,EQ-03146,fugitive,,5685.92,,2022,6
Marketing,Production,Rhourde Nouss,Area X,Equipment-3147,EQ-03147,flaring,Diesel,5859.55,gal,2023,6
Transportation,Logistics,Berkine,Block 1,Equipment-3148,EQ-03148,flaring,Fuel Gas,1294.82,gal,2025,10
Exploration & Production,Operations,Illizi,Field A,Equipment-3149,EQ-03149,fugitive,,7394.3,,2025,1
Transportation,Production,Adrar,Block 2,Equipment-3150,EQ-03150,fugitive,,2529.07,,2022,3
Exploration & Production,Logistics,Illizi,Field A,Equipment-3151,EQ-03151,combustion,Propane,2538.57,gal,2024,7
Exploration & Production,Operations,In Salah,Field A,Equipment-3152,EQ-03152,venting,,1320.71,,2025,11
Transportation,Operations,Illizi,Area X,Equipment-3153,EQ-03153,fugitive,,8196.03,,2024,7
Marketing,Logistics,Rhourde Nouss,Area X,Equipment-3154,EQ-03154,flaring,,3657.14,,2023,1
Exploration & Production,Logistics,Berkine,Block 2,Equipment-3155,EQ-03155,drilling,,9540.33,,2022,12
Transportation,Operations,In Salah,Block 1,Equipment-3156,EQ-03156,drilling,,1791.17,,2025,6
Marketing,Operations,Rhourde Nouss,Area X,Equipment-3157,EQ-03157,venting,,4942.98,,2024,7
Marketing,Operations,Berkine,Area X,Equipment-3158,EQ-03158,venting,,9338.12,,2024,1
Exploration & Production,Production,Rhourde Nouss,Field B,Equipment-3159,EQ-03159,combustion,Diesel,7286.92,gal,2024,9
Marketing,Production,Hassi Messaoud,Area X,Equipment-3160,EQ-03160,drilling,,2248.68,,2023,11
Marketing,Logistics,In Salah,Field A,Equipment-3161,EQ-03161,venting,,2121.53,,2024,10
Transportation,Logistics,Berkine,Area X,Equipment-3162,EQ-03162,venting,,5418.35,,2023,2
Exploration & Production,Logistics,In Salah,Area X,Equipment-3163,EQ-03163,combustion,,8576.71,,2025,11
Exploration & Production,Production,Hassi Messaoud,Block 2,Equipment-3164,EQ-03164,combustion,Diesel,3235.91,gal,2025,4
Refining,Drilling,In Salah,Field B,Equipment-3165,EQ-03165,venting,,4528.95,,2022,2
Exploration & Production,Drilling,In Salah,Area X,Equipment-3166,EQ-03166,venting,,8429.14,,2022,7
Transportation,Operations,Berkine,Field B,Equipment-3167,EQ-03167,drilling,,6922.87,,2024,3
Exploration & Production,Operations,Berkine,Area X,Equipment-3168,EQ-03168,venting,,2730.02,,2022,8
Transportation,Production,Adrar,Block 1,Equipment-3169,EQ-03169,drilling,,6428.14,,2023,2
Exploration & Production,Logistics,In Salah,Field A,Equipment-3170,EQ-03170,fugitive,,6979.09,,2023,1
Transportation,Logistics,Rhourde Nouss,Block 2,Equipment-3171,EQ-03171,fugitive,,6838.06,,2023,4
Exploration & Production,Drilling,Adrar,Block 1,Equipment-3172,EQ-03172,flaring,Fuel Gas,1798.15,gal,2023,4
Transportation,Drilling,Rhourde Nouss,Area X,Equipment-3173,EQ-03173,fugitive,,9408.21,,2023,6
Marketing,Operations,Hassi Messaoud,Area Y,Equipment-3174,EQ-03174,combustion,,1323.44,,2023,10
Marketing,Production,Berkine,Field A,Equipment-3175,EQ-03175,venting,,3306.57,,2023,9
Marketing,Operations,Hassi Messaoud,Field A,Equipment-3176,EQ-03176,flaring,Fuel Gas,6760.55,gal,2024,7
Transportation,Operations,Hassi R'Mel,Field A,Equipment-3177,EQ-03177,drilling,,2869.3,,2023,10
Marketing,Operations,Hassi R'Mel,Area Y,Equipment-3178,EQ-03178,fugitive,,2724.3,,2022,6
Refining,Logistics,In Salah,Field A,Equipment-3179,EQ-03179,drilling,,2550.98,,2025,8
Refining,Logistics,Berkine,Field A,Equipment-3180,EQ-03180,fugitive,,3136.94,,2025,1
Marketing,Production,Berkine,Block 2,Equipment-3181,EQ-03181,combustion,Natural Gas,1448.08,scf,2022,1
Marketing,Operations,Rhourde Nouss,Field A,Equipment-3182,EQ-03182,venting,,5438.62,,2025,3
Refining,Logistics,Hassi R'Mel,Area Y,Equipment-3183,EQ-03183,drilling,,1633.47,,2024,12
Transportation,Logistics,Berkine,Area Y,Equipment-3184,EQ-03184,flaring,Propane,1961.95,gal,2024,4
Marketing,Drilling,Hassi Messaoud,Field B,Equipment-3185,EQ-03185,combustion,Natural Gas,4550.39,scf,2022,1
Refining,Production,Illizi,Block 1,Equipment-3186,EQ-03186,drilling,,1343.64,,2025,5
Refining,Drilling,Berkine,Block 2,Equipment-3187,EQ-03187,venting,,8416.89,,2023,5
Exploration & Production,Production,Adrar,Block 2,Equipment-3188,EQ-03188,drilling,,9227.17,,2023,6
Exploration & Production,Logistics,Hassi R'Mel,Area X,Equipment-3189,EQ-03189,venting,,2198.58,,2023,12
Exploration & Production,Logistics,Hassi R'Mel,Block 2,Equipment-3190,EQ-03190,venting,,9517.51,,2025,9
Marketing,Drilling,Hassi R'Mel,Field B,Equipment-3191,EQ-03191,drilling,,98.4,,2022,5
Refining,Production,Illizi,Field A,Equipment-3192,EQ-03192,venting,,2526.61,,2022,3
Marketing,Logistics,Adrar,Area Y,Equipment-3193,EQ-03193,flaring,Fuel Gas,1622.48,gal,2025,4
Refining,Production,Hassi R'Mel,Block 1,Equipment-3194,EQ-03194,fugitive,,1854.53,,2024,6
Marketing,Logistics,Adrar,Area Y,Equipment-3195,EQ-03195,combustion,Fuel Gas,7309.9,gal,2025,10
Refining,Logistics,Rhourde Nouss,Field B,Equipment-3196,EQ-03196,flaring,Diesel,7960.2,gal,2025,8
Refining,Production,In Salah,Block 1,Equipment-3197,EQ-03197,flaring,Propane,4732.69,gal,2024,5
Exploration & Production,Logistics,Adrar,Area Y,Equipment-3198,EQ-03198,combustion,Diesel,6990.8,gal,2022,12
Marketing,Production,In Salah,Area X,Equipment-3199,EQ-03199,drilling,,9891.66,,2025,1
Refining,Logistics,Illizi,Field B,Equipment-3200,EQ-03200,combustion,Fuel Gas,1875.74,gal,2025,2
Transportation,Production,In Salah,Block 2,Equipment-3201,EQ-03201,flaring,,6323.96,,2025,11
Transportation,Production,Hassi R'Mel,Area Y,Equipment-3202,EQ-03202,drilling,,6141.58,,2024,8
Transportation,Production,Rhourde Nouss,Block 1,Equipment-3203,EQ-03203,venting,,6488.36,,2023,5
Exploration & Production,Production,Illizi,Field B,Equipment-3204,EQ-03204,fugitive,,9530.93,,2024,12
Refining,Drilling,In Salah,Block 2,Equipment-3205,EQ-03205,venting,,2003.28,,2023,1
Marketing,Operations,In Salah,Area Y,Equipment-3206,EQ-03206,venting,,2383.33,,2025,12
Exploration & Production,Production,Berkine,Area Y,Equipment-3207,EQ-03207,venting,,7778.29,,2022,1
Exploration & Production,Drilling,Adrar,Field B,Equipment-3208,EQ-03208,combustion,Propane,4465.31,gal,2024,10
Marketing,Operations,Hassi Messaoud,Field B,Equipment-3209,EQ-03209,combustion,Diesel,3033.81,gal,2022,2
Transportation,Production,In Salah,Area Y,Equipment-3210,EQ-03210,drilling,,9504.04,,2025,10
Marketing,Drilling,Hassi R'Mel,Block 1,Equipment-3211,EQ-03211,flaring,Natural Gas,7875.1,scf,2023,3
Transportation,Operations,Rhourde Nouss,Block 1,Equipment-3212,EQ-03212,fugitive,,6268.43,,2024,2
Transportation,Drilling,Hassi Messaoud,Field A,Equipment-3213,EQ-03213,combustion,Propane,1457.93,gal,2024,10
Exploration & Production,Operations,Berkine,Area X,Equipment-3214,EQ-03214,fugitive,,3867.24,,2024,2
Refining,Drilling,Rhourde Nouss,Field B,Equipment-3215,EQ-03215,venting,,1994.14,,2023,8
Refining,Operations,In Salah,Block 2,Equipment-3216,EQ-03216,flaring,Natural Gas,7620.54,scf,2023,5
Exploration & Production,Drilling,Berkine,Field B,Equipment-3217,EQ-03217,combustion,,5042.57,,2023,3
Marketing,Drilling,Hassi Messaoud,Field A,Equipment-3218,EQ-03218,combustion,Propane,8999.56,gal,2022,1
Refining,Operations,In Salah,Field A,Equipment-3219,EQ-03219,venting,,6749.61,,2025,7
Exploration & Production,Logistics,Hassi Messaoud,Field A,Equipment-3220,EQ-03220,drilling,,5598.46,,2023,12
Marketing,Production,Hassi Messaoud,Field B,Equipment-3221,EQ-03221,drilling,,2342.67,,2024,3
Exploration & Production,Drilling,Berkine,Block 2,Equipment-3222,EQ-03222,venting,,8091.87,,2023,12
Transportation,Operations,Berkine,Field A,Equipment-3223,EQ-03223,flaring,Propane,9967.15,gal,2023,12
Exploration & Production,Production,Adrar,Area Y,Equipment-3224,EQ-03224,drilling,,8128.21,,2025,11
Marketing,Logistics,Berkine,Area Y,Equipment-3225,EQ-03225,fugitive,,6799.51,,2025,9
Refining,Production,Rhourde Nouss,Field A,Equipment-3226,EQ-03226,venting,,8861.73,,2022,5
Exploration & Production,Operations,Rhourde Nouss,Area Y,Equipment-3227,EQ-03227,fugitive,,85.52,,2023,11
Exploration & Production,Production,Adrar,Field A,Equipment-3228,EQ-03228,combustion,Diesel,148.2,gal,2022,6
Exploration & Production,Production,Illizi,Block 1,Equipment-3229,EQ-03229,venting,,6026.97,,2023,3
Marketing,Production,Illizi,Area X,Equipment-3230,EQ-03230,drilling,,3384.27,,2025,2
Marketing,Drilling,Rhourde Nouss,Area X,Equipment-3231,EQ-03231,drilling,,4436.5,,2025,1
Refining,Logistics,Hassi Messaoud,Area X,Equipment-3232,EQ-03232,flaring,Fuel Gas,3576.46,gal,2025,1
Exploration & Production,Production,In Salah,Area Y,Equipment-3233,EQ-03233,venting,,7725.86,,2024,11
Marketing,Drilling,Illizi,Field A,Equipment-3234,EQ-03234,combustion,Diesel,9094.08,gal,2022,12
Refining,Production,Adrar,Area Y,Equipment-3235,EQ-03235,fugitive,,544.52,,2024,2
Transportation,Drilling,Hassi Messaoud,Field B,Equipment-3236,EQ-03236,venting,,5585.35,,2022,5
Transportation,Logistics,Rhourde Nouss,Field A,Equipment-3237,EQ-03237,fugitive,,3756.56,,2023,7
Transportation,Production,Berkine,Block 2,Equipment-3238,EQ-03238,drilling,,7616.76,,2025,4
Exploration & Production,Operations,Illizi,Area Y,Equipment-3239,EQ-03239,drilling,,5034.1,,2025,2
Marketing,Operations,Berkine,Field B,Equipment-3240,EQ-03240,drilling,,7234.2,,2024,10
Transportation,Logistics,Berkine,Area Y,Equipment-3241,EQ-03241,fugitive,,8088.56,,2023,1
Refining,Operations,Rhourde Nouss,Block 1,Equipment-3242,EQ-03242,drilling,,7523.8,,2023,10
Refining,Logistics,Hassi Messaoud,Field B,Equipment-3243,EQ-03243,flaring,Fuel Gas,9910.65,gal,2023,11
Marketing,Logistics,In Salah,Block 1,Equipment-3244,EQ-03244,fugitive,,2924.92,,2023,9
Refining,Production,Rhourde Nouss,Block 2,Equipment-3245,EQ-03245,venting,,6273.02,,2023,5
Exploration & Production,Drilling,Hassi R'Mel,Block 1,Equipment-3246,EQ-03246,flaring,Fuel Gas,2891.52,gal,2024,6
Refining,Production,Adrar,Block 2,Equipment-3247,EQ-03247,fugitive,,3754.63,,2025,9
Transportation,Drilling,In Salah,Block 2,Equipment-3248,EQ-03248,fugitive,,8270.54,,2024,4
Transportation,Drilling,Adrar,Field B,Equipment-3249,EQ-03249,flaring,Natural Gas,4094.58,scf,2025,5
Transportation,Operations,In Salah,Block 2,Equipment-3250,EQ-03250,fugitive,,1089.36,,2024,4
Transportation,Logistics,Rhourde Nouss,Field A,Equipment-3251,EQ-03251,flaring,Diesel,3387.9,gal,2022,11
Refining,Drilling,Hassi R'Mel,Block 2,Equipment-3252,EQ-03252,flaring,Propane,60.79,gal,2025,8
Refining,Drilling,In Salah,Block 2,Equipment-3253,EQ-03253,combustion,Natural Gas,8477.47,scf,2024,5
Transportation,Drilling,Hassi R'Mel,Field B,Equipment-3254,EQ-03254,fugitive,,6392.83,,2022,11
Transportation,Production,Illizi,Area X,Equipment-3255,EQ-03255,flaring,Diesel,1364.7,gal,2024,6
Transportation,Production,Hassi R'Mel,Area Y,Equipment-3256,EQ-03256,flaring,Diesel,5203.89,gal,2024,5
Marketing,Production,Hassi Messaoud,Block 2,Equipment-3257,EQ-03257,drilling,,4657.82,,2025,6
Exploration & Production,Logistics,Rhourde Nouss,Area X,Equipment-3258,EQ-03258,flaring,Diesel,626.37,gal,2025,8
Transportation,Production,Hassi R'Mel,Field B,Equipment-3259,EQ-03259,flaring,Natural Gas,5826.61,scf,2023,2
Exploration & Production,Operations,Rhourde Nouss,Area Y,Equipment-3260,EQ-03260,flaring,Natural Gas,7804.57,scf,2022,3
Marketing,Drilling,In Salah,Field B,Equipment-3261,EQ-03261,venting,,9340.84,,2024,1
Transportation,Operations,Illizi,Block 2,Equipment-3262,EQ-03262,fugitive,,988.04,,2025,12
Refining,Logistics,Rhourde Nouss,Block 1,Equipment-3263,EQ-03263,flaring,Fuel Gas,5353.13,gal,2023,7
Exploration & Production,Operations,Hassi Messaoud,Field B,Equipment-3264,EQ-03264,fugitive,,2351.22,,2024,10
Refining,Production,In Salah,Area Y,Equipment-3265,EQ-03265,flaring,Fuel Gas,4820.71,gal,2022,10
Transportation,Operations,Hassi Messaoud,Field B,Equipment-3266,EQ-03266,fugitive,,2309.46,,2023,3
Exploration & Production,Operations,Hassi R'Mel,Area X,Equipment-3267,EQ-03267,fugitive,,6483.61,,2022,12
Transportation,Operations,In Salah,Field B,Equipment-3268,EQ-03268,drilling,,7439.34,,2022,3
Marketing,Production,Rhourde Nouss,Field B,Equipment-3269,EQ-03269,combustion,Natural Gas,2207.71,scf,2023,10
Exploration & Production,Operations,In Salah,Block 2,Equipment-3270,EQ-03270,flaring,Diesel,3287.98,gal,2023,7
Marketing,Logistics,Rhourde Nouss,Field B,Equipment-3271,EQ-03271,flaring,Fuel Gas,540.72,gal,2025,9
Marketing,Production,In Salah,Area Y,Equipment-3272,EQ-03272,drilling,,8537.09,,2022,8
Refining,Production,Adrar,Area X,Equipment-3273,EQ-03273,combustion,Fuel Gas,5942.32,gal,2023,9
Transportation,Production,Rhourde Nouss,Block 1,Equipment-3274,EQ-03274,venting,,6534.35,,2023,1
Transportation,Drilling,Illizi,Area Y,Equipment-3275,EQ-03275,venting,,1118.41,,2022,5
Marketing,Drilling,Hassi Messaoud,Block 2,Equipment-3276,EQ-03276,fugitive,,2211.72,,2024,9
Refining,Logistics,Hassi R'Mel,Block 2,Equipment-3277,EQ-03277,flaring,,6337.13,,2023,10
Marketing,Logistics,In Salah,Field B,Equipment-3278,EQ-03278,venting,,2055.67,,2025,1
Marketing,Production,Berkine,Area Y,Equipment-3279,EQ-03279,fugitive,,2014.79,,2025,5
Exploration & Production,Production,Hassi R'Mel,Field A,Equipment-3280,EQ-03280,drilling,,4509.97,,2022,11
Marketing,Drilling,Illizi,Block 1,Equipment-3281,EQ-03281,fugitive,,1600.62,,2024,8
Exploration & Production,Operations,Berkine,Area X,Equipment-3282,EQ-03282,drilling,,8316.18,,2023,12
Marketing,Logistics,Berkine,Block 1,Equipment-3283,EQ-03283,drilling,,3789.82,,2024,12
Exploration & Production,Logistics,In Salah,Area X,Equipment-3284,EQ-03284,combustion,Fuel Gas,3467.27,gal,2025,11
Marketing,Production,Berkine,Field A,Equipment-3285,EQ-03285,flaring,Natural Gas,5867.13,scf,2025,2
Refining,Production,Hassi Messaoud,Area X,Equipment-3286,EQ-03286,venting,,754.19,,2025,12
Refining,Logistics,Adrar,Block 2,Equipment-3287,EQ-03287,drilling,,4642.51,,2025,1
Exploration & Production,Operations,Hassi R'Mel,Field A,Equipment-3288,EQ-03288,flaring,Diesel,9023.09,gal,2025,7
Marketing,Production,Berkine,Field B,Equipment-3289,EQ-03289,drilling,,776.98,,2025,2
Marketing,Production,Hassi Messaoud,Block 1,Equipment-3290,EQ-03290,flaring,Fuel Gas,7560.64,gal,2023,4
Refining,Production,Adrar,Block 2,Equipment-3291,EQ-03291,drilling,,3907.25,,2025,7
Marketing,Production,Rhourde Nouss,Field B,Equipment-3292,EQ-03292,venting,,9362.65,,2025,2
Refining,Drilling,Illizi,Field B,Equipment-3293,EQ-03293,drilling,,3113.53,,2022,4
Refining,Operations,Hassi Messaoud,Block 1,Equipment-3294,EQ-03294,fugitive,,6074.21,,2024,11
Exploration & Production,Production,Adrar,Area Y,Equipment-3295,EQ-03295,combustion,,5346.91,,2022,2
Refining,Operations,Illizi,Area X,Equipment-3296,EQ-03296,flaring,Fuel Gas,5417.31,gal,2022,1
Transportation,Operations,Hassi Messaoud,Area X,Equipment-3297,EQ-03297,fugitive,,8553.21,,2023,8
Transportation,Production,Illizi,Block 2,Equipment-3298,EQ-03298,drilling,,4646.26,,2023,7
Marketing,Production,In Salah,Area Y,Equipment-3299,EQ-03299,fugitive,,1163.72,,2024,1
Exploration & Production,Logistics,Hassi R'Mel,Block 1,Equipment-3300,EQ-03300,venting,,7148.4,,2023,9
Transportation,Production,Hassi Messaoud,Block 1,Equipment-3301,EQ-03301,drilling,,458.96,,2023,11
Refining,Operations,Adrar,Area Y,Equipment-3302,EQ-03302,combustion,Natural Gas,7616.99,scf,2023,10
Refining,Drilling,Hassi Messaoud,Area Y,Equipment-3303,EQ-03303,combustion,Diesel,7336.81,gal,2022,1
Refining,Logistics,In Salah,Area Y,Equipment-3304,EQ-03304,fugitive,,5168.54,,2022,8
Refining,Logistics,Rhourde Nouss,Block 2,Equipment-3305,EQ-03305,venting,,277.75,,2025,7
Exploration & Production,Production,Adrar,Area Y,Equipment-3306,EQ-03306,fugitive,,9163.0,,2024,2
Refining,Logistics,Adrar,Field A,Equipment-3307,EQ-03307,combustion,Propane,8699.59,gal,2022,2
Refining,Production,In Salah,Area X,Equipment-3308,EQ-03308,flaring,Propane,9519.0,gal,2023,11
Transportation,Drilling,Hassi Messaoud,Block 2,Equipment-3309,EQ-03309,flaring,Diesel,6263.95,gal,2022,8
Marketing,Drilling,Hassi R'Mel,Block 2,Equipment-3310,EQ-03310,venting,,5734.75,,2022,10
Refining,Drilling,Illizi,Area X,Equipment-3311,EQ-03311,flaring,Natural Gas,4972.97,scf,2022,4
Refining,Production,Rhourde Nouss,Area X,Equipment-3312,EQ-03312,flaring,Natural Gas,8597.42,scf,2023,9
Refining,Production,Adrar,Field B,Equipment-3313,EQ-03313,fugitive,,7312.69,,2023,2
Marketing,Logistics,Hassi Messaoud,Block 1,Equipment-3314,EQ-03314,venting,,1975.35,,2023,8
Transportation,Logistics,Hassi R'Mel,Field A,Equipment-3315,EQ-03315,drilling,,9090.63,,2023,6
Exploration & Production,Drilling,Rhourde Nouss,Area Y,Equipment-3316,EQ-03316,venting,,4930.8,,2023,5
Transportation,Production,Berkine,Field B,Equipment-3317,EQ-03317,drilling,,8257.09,,2022,5
Exploration & Production,Drilling,Hassi R'Mel,Field A,Equipment-3318,EQ-03318,drilling,,4035.95,,2025,4
Refining,Drilling,Berkine,Field B,Equipment-3319,EQ-03319,combustion,Natural Gas,4931.29,scf,2025,4
Refining,Operations,Rhourde Nouss,Area Y,Equipment-3320,EQ-03320,drilling,,5215.06,,2024,12
Refining,Logistics,In Salah,Area X,Equipment-3321,EQ-03321,flaring,Propane,7454.06,gal,2025,1
Marketing,Logistics,In Salah,Area Y,Equipment-3322,EQ-03322,flaring,Diesel,4738.99,gal,2022,2
Refining,Operations,Hassi Messaoud,Area X,Equipment-3323,EQ-03323,combustion,Propane,9702.57,gal,2024,9
Transportation,Production,Adrar,Block 1,Equipment-3324,EQ-03324,fugitive,,8813.84,,2025,2
Exploration & Production,Drilling,Rhourde Nouss,Field B,Equipment-3325,EQ-03325,combustion,Fuel Gas,9830.34,gal,2024,8
Refining,Production,Berkine,Field A,Equipment-3326,EQ-03326,flaring,Fuel Gas,593.41,gal,2025,7
Transportation,Operations,In Salah,Block 2,Equipment-3327,EQ-03327,venting,,3148.48,,2023,6
Marketing,Drilling,Berkine,Area Y,Equipment-3328,EQ-03328,venting,,8612.26,,2022,6
Marketing,Drilling,Adrar,Block 2,Equipment-3329,EQ-03329,flaring,Fuel Gas,3874.3,gal,2025,3
Transportation,Logistics,In Salah,Field B,Equipment-3330,EQ-03330,combustion,Fuel Gas,2425.08,gal,2022,3
Exploration & Production,Operations,Rhourde Nouss,Area Y,Equipment-3331,EQ-03331,drilling,,6557.45,,2022,10
Marketing,Production,Illizi,Field A,Equipment-3332,EQ-03332,fugitive,,8618.09,,2022,7
Transportation,Drilling,Adrar,Field B,Equipment-3333,EQ-03333,drilling,,5433.99,,2022,8
Marketing,Production,Illizi,Field A,Equipment-3334,EQ-03334,venting,,3076.09,,2025,3
Refining,Logistics,Illizi,Field A,Equipment-3335,EQ-03335,combustion,,751.81,,2025,4
Marketing,Drilling,Illizi,Block 2,Equipment-3336,EQ-03336,combustion,Fuel Gas,5060.48,gal,2022,10
Exploration & Production,Production,Rhourde Nouss,Field B,Equipment-3337,EQ-03337,drilling,,949.59,,2025,11
Transportation,Production,Berkine,Area X,Equipment-3338,EQ-03338,venting,,472.8,,2025,10
Refining,Operations,In Salah,Area Y,Equipment-3339,EQ-03339,flaring,Natural Gas,1791.55,scf,2022,12
Refining,Production,Hassi Messaoud,Block 2,Equipment-3340,EQ-03340,flaring,Fuel Gas,4621.11,gal,2024,5
Transportation,Operations,Berkine,Area X,Equipment-3341,EQ-03341,flaring,Fuel Gas,208.31,gal,2024,10
Refining,Operations,Hassi Messaoud,Block 2,Equipment-3342,EQ-03342,drilling,,74.84,,2022,12
Exploration & Production,Production,In Salah,Block 2,Equipment-3343,EQ-03343,combustion,Natural Gas,4512.36,scf,2023,2
Transportation,Drilling,Adrar,Field B,Equipment-3344,EQ-03344,fugitive,,4169.64,,2023,6
Refining,Drilling,Illizi,Area Y,Equipment-3345,EQ-03345,drilling,,5543.22,,2024,11
Exploration & Production,Drilling,Hassi Messaoud,Block 1,Equipment-3346,EQ-03346,flaring,Fuel Gas,3198.65,gal,2025,6
Exploration & Production,Logistics,Hassi R'Mel,Field A,Equipment-3347,EQ-03347,venting,,9045.71,,2025,5
Refining,Production,Rhourde Nouss,Block 2,Equipment-3348,EQ-03348,drilling,,3644.35,,2024,11
Exploration & Production,Drilling,In Salah,Area Y,Equipment-3349,EQ-03349,fugitive,,8167.0,,2023,5
Transportation,Logistics,Hassi R'Mel,Field B,Equipment-3350,EQ-03350,fugitive,,8075.36,,2025,10
Transportation,Drilling,Illizi,Area X,Equipment-3351,EQ-03351,fugitive,,828.06,,2024,9
Marketing,Operations,Hassi Messaoud,Field A,Equipment-3352,EQ-03352,drilling,,4654.92,,2022,9
Refining,Operations,Rhourde Nouss,Block 1,Equipment-3353,EQ-03353,venting,,5473.87,,2025,1
Transportation,Operations,Adrar,Area Y,Equipment-3354,EQ-03354,fugitive,,669.43,,2023,2
Refining,Production,Hassi Messaoud,Area X,Equipment-3355,EQ-03355,drilling,,7959.07,,2023,5
Exploration & Production,Drilling,Hassi R'Mel,Area Y,Equipment-3356,EQ-03356,venting,,1214.96,,2023,8
Transportation,Logistics,Berkine,Field B,Equipment-3357,EQ-03357,drilling,,4527.23,,2022,10
Marketing,Drilling,Hassi Messaoud,Block 1,Equipment-3358,EQ-03358,drilling,,5802.17,,2025,7
Exploration & Production,Operations,Adrar,Field A,Equipment-3359,EQ-03359,venting,,9465.45,,2022,7
Exploration & Production,Production,Berkine,Block 2,Equipment-3360,EQ-03360,combustion,Diesel,5385.23,gal,2025,6
Transportation,Logistics,Hassi Messaoud,Field B,Equipment-3361,EQ-03361,drilling,,4350.24,,2022,2
Exploration & Production,Logistics,Berkine,Field B,Equipment-3362,EQ-03362,venting,,9995.73,,2024,3
Marketing,Logistics,In Salah,Field B,Equipment-3363,EQ-03363,venting,,9234.84,,2023,12
Refining,Drilling,Berkine,Field A,Equipment-3364,EQ-03364,fugitive,,1829.53,,2024,1
Marketing,Drilling,Illizi,Block 2,Equipment-3365,EQ-03365,combustion,,1803.41,,2023,7
Refining,Production,In Salah,Field A,Equipment-3366,EQ-03366,flaring,Natural Gas,2715.51,scf,2025,2
Refining,Operations,Berkine,Block 1,Equipment-3367,EQ-03367,drilling,,2879.1,,2024,3
Marketing,Production,Illizi,Block 1,Equipment-3368,EQ-03368,fugitive,,1530.23,,2023,4
Transportation,Drilling,Rhourde Nouss,Field B,Equipment-3369,EQ-03369,venting,,5577.14,,2024,10
Refining,Operations,Illizi,Field A,Equipment-3370,EQ-03370,combustion,Propane,3941.43,gal,2022,8
Marketing,Production,Adrar,Area X,Equipment-3371,EQ-03371,fugitive,,1135.3,,2023,7
Refining,Logistics,Hassi R'Mel,Block 2,Equipment-3372,EQ-03372,combustion,Diesel,3561.39,gal,2024,5
Exploration & Production,Drilling,In Salah,Area X,Equipment-3373,EQ-03373,flaring,Fuel Gas,2320.21,gal,2025,12
Refining,Drilling,Rhourde Nouss,Field A,Equipment-3374,EQ-03374,flaring,Diesel,3185.07,gal,2022,9
Marketing,Logistics,Illizi,Area X,Equipment-3375,EQ-03375,combustion,Natural Gas,9989.32,scf,2023,2
Transportation,Drilling,Hassi R'Mel,Area Y,Equipment-3376,EQ-03376,drilling,,6555.53,,2022,2
Refining,Logistics,Hassi Messaoud,Block 1,Equipment-3377,EQ-03377,drilling,,5909.0,,2025,4
Marketing,Operations,In Salah,Field B,Equipment-3378,EQ-03378,fugitive,,1019.14,,2022,2
Exploration & Production,Production,Illizi,Field B,Equipment-3379,EQ-03379,fugitive,,5230.41,,2025,8
Marketing,Production,Berkine,Field A,Equipment-3380,EQ-03380,venting,,5182.35,,2025,8
Marketing,Operations,In Salah,Block 2,Equipment-3381,EQ-03381,combustion,Fuel Gas,7001.43,gal,2025,4
Marketing,Operations,Hassi Messaoud,Block 1,Equipment-3382,EQ-03382,combustion,,3073.89,,2023,4
Exploration & Production,Operations,In Salah,Field A,Equipment-3383,EQ-03383,flaring,Propane,4264.84,gal,2023,8
Exploration & Production,Operations,Hassi Messaoud,Field A,Equipment-3384,EQ-03384,drilling,,4792.03,,2024,2
Exploration & Production,Drilling,Hassi Messaoud,Area Y,Equipment-3385,EQ-03385,flaring,Diesel,2747.69,gal,2023,3
Refining,Operations,In Salah,Field B,Equipment-3386,EQ-03386,fugitive,,2549.67,,2024,1
Refining,Production,Illizi,Block 2,Equipment-3387,EQ-03387,venting,,2524.82,,2024,1
Marketing,Drilling,Berkine,Field B,Equipment-3388,EQ-03388,drilling,,2112.54,,2024,8
Marketing,Operations,Berkine,Field A,Equipment-3389,EQ-03389,drilling,,3079.86,,2024,8
Refining,Logistics,Adrar,Block 2,Equipment-3390,EQ-03390,fugitive,,2134.74,,2025,1
Marketing,Logistics,In Salah,Area X,Equipment-3391,EQ-03391,fugitive,,948.37,,2025,4
Refining,Logistics,Hassi Messaoud,Block 2,Equipment-3392,EQ-03392,flaring,Fuel Gas,1398.83,gal,2023,8
Exploration & Production,Production,In Salah,Area Y,Equipment-3393,EQ-03393,combustion,Fuel Gas,4263.03,gal,2025,3
Marketing,Production,Illizi,Block 2,Equipment-3394,EQ-03394,fugitive,,9860.17,,2024,1
Refining,Operations,Hassi R'Mel,Area Y,Equipment-3395,EQ-03395,fugitive,,3411.62,,2022,11
Transportation,Drilling,Adrar,Field B,Equipment-3396,EQ-03396,flaring,Fuel Gas,5831.53,gal,2024,5
Refining,Production,Berkine,Block 1,Equipment-3397,EQ-03397,combustion,,8242.41,,2024,7
Exploration & Production,Drilling,Hassi Messaoud,Field A,Equipment-3398,EQ-03398,flaring,Propane,1166.87,gal,2022,12
Marketing,Production,In Salah,Block 1,Equipment-3399,EQ-03399,flaring,,3956.75,,2025,2
Exploration & Production,Production,Berkine,Area Y,Equipment-3400,EQ-03400,combustion,Diesel,4180.79,gal,2023,11
Transportation,Logistics,Rhourde Nouss,Area Y,Equipment-3401,EQ-03401,combustion,,3375.61,,2023,2
Exploration & Production,Production,Illizi,Area X,Equipment-3402,EQ-03402,flaring,Propane,5441.63,gal,2024,7
Transportation,Operations,Illizi,Area X,Equipment-3403,EQ-03403,combustion,,1433.69,,2023,9
Exploration & Production,Drilling,Adrar,Field A,Equipment-3404,EQ-03404,combustion,Diesel,3875.25,gal,2022,5
Transportation,Production,Hassi Messaoud,Area Y,Equipment-3405,EQ-03405,venting,,9800.44,,2024,4
Refining,Operations,Berkine,Area Y,Equipment-3406,EQ-03406,venting,,475.94,,2025,2
Marketing,Production,Hassi R'Mel,Area X,Equipment-3407,EQ-03407,drilling,,814.4,,2023,1
Exploration & Production,Operations,Illizi,Area Y,Equipment-3408,EQ-03408,flaring,Natural Gas,4923.65,scf,2022,2
Refining,Production,Illizi,Area X,Equipment-3409,EQ-03409,combustion,Fuel Gas,8323.12,gal,2022,1
Refining,Operations,In Salah,Field B,Equipment-3410,EQ-03410,fugitive,,3413.52,,2024,8
Refining,Production,Hassi Messaoud,Area X,Equipment-3411,EQ-03411,drilling,,4165.59,,2023,4
Refining,Operations,Rhourde Nouss,Area Y,Equipment-3412,EQ-03412,venting,,572.35,,2022,10
Transportation,Drilling,Adrar,Block 1,Equipment-3413,EQ-03413,flaring,Diesel,6055.95,gal,2022,11
Exploration & Production,Operations,Hassi Messaoud,Field B,Equipment-3414,EQ-03414,fugitive,,1797.06,,2024,8
Transportation,Operations,Berkine,Area X,Equipment-3415,EQ-03415,venting,,2494.08,,2024,5
Transportation,Production,Hassi R'Mel,Block 1,Equipment-3416,EQ-03416,flaring,Natural Gas,3150.02,scf,2022,2
Exploration & Production,Drilling,Hassi R'Mel,Field A,Equipment-3417,EQ-03417,venting,,4006.0,,2022,7
Exploration & Production,Logistics,Hassi R'Mel,Field A,Equipment-3418,EQ-03418,drilling,,4124.51,,2024,7
Transportation,Production,Hassi Messaoud,Field B,Equipment-3419,EQ-03419,combustion,Propane,7963.28,gal,2024,12
Exploration & Production,Drilling,Berkine,Field B,Equipment-3420,EQ-03420,fugitive,,1851.6,,2022,3
Refining,Operations,Adrar,Area X,Equipment-3421,EQ-03421,combustion,Natural Gas,1889.27,scf,2023,2
Transportation,Production,Illizi,Block 1,Equipment-3422,EQ-03422,venting,,7734.74,,2022,1
Refining,Operations,Hassi R'Mel,Field B,Equipment-3423,EQ-03423,drilling,,2931.52,,2023,4
Marketing,Production,Hassi Messaoud,Block 2,Equipment-3424,EQ-03424,drilling,,405.06,,2022,8
Exploration & Production,Production,Hassi R'Mel,Block 1,Equipment-3425,EQ-03425,venting,,3443.19,,2023,11
Transportation,Logistics,Hassi R'Mel,Field B,Equipment-3426,EQ-03426,drilling,,288.44,,2023,8
Marketing,Production,Illizi,Block 1,Equipment-3427,EQ-03427,combustion,Natural Gas,4810.77,scf,2024,8
Transportation,Operations,Berkine,Field A,Equipment-3428,EQ-03428,combustion,,4384.54,,2025,5
Refining,Drilling,Hassi Messaoud,Block 2,Equipment-3429,EQ-03429,flaring,Diesel,5597.28,gal,2024,5
Transportation,Logistics,Adrar,Area X,Equipment-3430,EQ-03430,fugitive,,5526.39,,2024,4
Refining,Logistics,Adrar,Field B,Equipment-3431,EQ-03431,drilling,,3456.61,,2022,3
Exploration & Production,Production,In Salah,Block 2,Equipment-3432,EQ-03432,flaring,Diesel,3153.98,gal,2022,2
Refining,Production,Adrar,Area Y,Equipment-3433,EQ-03433,drilling,,9982.73,,2024,5
Marketing,Logistics,Illizi,Field B,Equipment-3434,EQ-03434,drilling,,4001.88,,2024,1
Marketing,Drilling,Illizi,Field A,Equipment-3435,EQ-03435,flaring,Diesel,5753.53,gal,2024,1
Refining,Operations,Hassi Messaoud,Block 2,Equipment-3436,EQ-03436,flaring,,4911.99,,2023,8
Marketing,Production,Berkine,Field A,Equipment-3437,EQ-03437,combustion,,8951.94,,2023,8
Marketing,Logistics,Hassi R'Mel,Field A,Equipment-3438,EQ-03438,venting,,8235.66,,2022,2
Marketing,Logistics,Hassi R'Mel,Field B,Equipment-3439,EQ-03439,drilling,,3244.4,,2022,1
Transportation,Production,Adrar,Area Y,Equipment-3440,EQ-03440,combustion,Fuel Gas,6333.49,gal,2023,10
Marketing,Production,Hassi R'Mel,Area X,Equipment-3441,EQ-03441,venting,,5505.93,,2023,5
Transportation,Production,Rhourde Nouss,Field A,Equipment-3442,EQ-03442,drilling,,4347.36,,2024,3
Refining,Operations,Hassi R'Mel,Field A,Equipment-3443,EQ-03443,drilling,,7495.27,,2024,1
Transportation,Drilling,Berkine,Field A,Equipment-3444,EQ-03444,fugitive,,7622.38,,2023,8
Exploration & Production,Production,Adrar,Block 2,Equipment-3445,EQ-03445,drilling,,8185.59,,2023,1
Marketing,Operations,Hassi R'Mel,Area Y,Equipment-3446,EQ-03446,flaring,Propane,6769.8,gal,2023,3
Marketing,Logistics,Berkine,Area X,Equipment-3447,EQ-03447,fugitive,,7138.96,,2023,6
Exploration & Production,Drilling,Adrar,Area X,Equipment-3448,EQ-03448,fugitive,,5242.79,,2023,12
Transportation,Operations,Adrar,Field A,Equipment-3449,EQ-03449,drilling,,354.91,,2024,8
Exploration & Production,Logistics,Illizi,Block 2,Equipment-3450,EQ-03450,venting,,9383.42,,2024,5
Exploration & Production,Drilling,Rhourde Nouss,Field A,Equipment-3451,EQ-03451,flaring,Fuel Gas,9068.25,gal,2022,10
Exploration & Production,Production,Hassi Messaoud,Block 1,Equipment-3452,EQ-03452,venting,,8091.64,,2024,6
Transportation,Operations,In Salah,Block 2,Equipment-3453,EQ-03453,flaring,Natural Gas,2935.54,scf,2025,1
Marketing,Logistics,Hassi Messaoud,Area X,Equipment-3454,EQ-03454,combustion,,1593.52,,2024,5
Transportation,Logistics,Hassi R'Mel,Block 1,Equipment-3455,EQ-03455,combustion,Diesel,9988.56,gal,2024,5
Marketing,Production,Adrar,Area Y,Equipment-3456,EQ-03456,venting,,5810.58,,2022,8
Marketing,Drilling,In Salah,Field A,Equipment-3457,EQ-03457,flaring,Natural Gas,286.23,scf,2024,6
Marketing,Operations,Adrar,Field B,Equipment-3458,EQ-03458,venting,,7665.4,,2025,4
Exploration & Production,Operations,Rhourde Nouss,Field B,Equipment-3459,EQ-03459,flaring,Diesel,7896.65,gal,2024,1
Refining,Operations,Adrar,Field A,Equipment-3460,EQ-03460,combustion,,7362.74,,2023,4
Refining,Operations,In Salah,Field B,Equipment-3461,EQ-03461,combustion,Fuel Gas,9766.88,gal,2024,5
Transportation,Drilling,Illizi,Field B,Equipment-3462,EQ-03462,combustion,Diesel,9362.54,gal,2023,10
Refining,Drilling,Hassi Messaoud,Block 2,Equipment-3463,EQ-03463,venting,,4352.3,,2023,2
Refining,Logistics,Illizi,Area Y,Equipment-3464,EQ-03464,combustion,Natural Gas,2799.84,scf,2023,9
Marketing,Production,Berkine,Block 2,Equipment-3465,EQ-03465,flaring,,4433.98,,2025,8
Transportation,Logistics,Rhourde Nouss,Block 1,Equipment-3466,EQ-03466,fugitive,,8479.53,,2024,9
Transportation,Production,Rhourde Nouss,Field A,Equipment-3467,EQ-03467,venting,,951.15,,2023,1
Exploration & Production,Logistics,In Salah,Field B,Equipment-3468,EQ-03468,venting,,1016.64,,2025,12
Refining,Production,Adrar,Area X,Equipment-3469,EQ-03469,drilling,,1780.24,,2023,8
Exploration & Production,Production,Adrar,Area X,Equipment-3470,EQ-03470,venting,,3603.28,,2023,9
Refining,Production,Rhourde Nouss,Area Y,Equipment-3471,EQ-03471,flaring,Fuel Gas,6832.83,gal,2023,2
Transportation,Logistics,Berkine,Block 1,Equipment-3472,EQ-03472,drilling,,2823.07,,2025,2
Marketing,Production,Rhourde Nouss,Area Y,Equipment-3473,EQ-03473,combustion,Diesel,2064.02,gal,2025,7
Transportation,Logistics,Illizi,Area X,Equipment-3474,EQ-03474,fugitive,,8256.61,,2025,1
Transportation,Production,Rhourde Nouss,Area Y,Equipment-3475,EQ-03475,drilling,,8711.85,,2024,5
Exploration & Production,Logistics,Illizi,Block 1,Equipment-3476,EQ-03476,combustion,Natural Gas,6962.71,scf,2022,6
Transportation,Operations,In Salah,Area X,Equipment-3477,EQ-03477,fugitive,,701.89,,2025,5
Refining,Drilling,Hassi Messaoud,Field B,Equipment-3478,EQ-03478,flaring,Diesel,8007.31,gal,2024,3
Marketing,Logistics,Berkine,Area X,Equipment-3479,EQ-03479,drilling,,175.32,,2025,9
Refining,Operations,In Salah,Field A,Equipment-3480,EQ-03480,venting,,2504.83,,2024,6
Exploration & Production,Logistics,Berkine,Block 2,Equipment-3481,EQ-03481,combustion,,5887.76,,2024,9
Transportation,Operations,Hassi Messaoud,Block 1,Equipment-3482,EQ-03482,venting,,2503.82,,2024,11
Refining,Drilling,Berkine,Area X,Equipment-3483,EQ-03483,drilling,,4106.69,,2023,5
Marketing,Logistics,Adrar,Block 1,Equipment-3484,EQ-03484,drilling,,9664.56,,2022,5
Marketing,Production,Adrar,Block 1,Equipment-3485,EQ-03485,fugitive,,9359.42,,2024,9
Transportation,Production,Hassi Messaoud,Area Y,Equipment-3486,EQ-03486,combustion,Diesel,7695.67,gal,2023,8
Exploration & Production,Logistics,In Salah,Field B,Equipment-3487,EQ-03487,venting,,14.56,,2023,2
Marketing,Drilling,Hassi R'Mel,Area X,Equipment-3488,EQ-03488,venting,,3722.87,,2025,2
Refining,Drilling,Berkine,Area X,Equipment-3489,EQ-03489,fugitive,,9850.69,,2025,4
Exploration & Production,Production,Hassi Messaoud,Block 2,Equipment-3490,EQ-03490,venting,,5303.89,,2025,10
Refining,Logistics,Hassi R'Mel,Field A,Equipment-3491,EQ-03491,fugitive,,4590.18,,2024,10
Exploration & Production,Operations,Hassi Messaoud,Field B,Equipment-3492,EQ-03492,fugitive,,6641.78,,2023,10
Transportation,Drilling,Rhourde Nouss,Field B,Equipment-3493,EQ-03493,fugitive,,2062.99,,2022,7
Marketing,Production,Berkine,Field B,Equipment-3494,EQ-03494,fugitive,,5953.4,,2024,10
Transportation,Operations,Rhourde Nouss,Area X,Equipment-3495,EQ-03495,drilling,,7814.72,,2022,3
Refining,Operations,Hassi R'Mel,Area X,Equipment-3496,EQ-03496,combustion,Natural Gas,6961.7,scf,2023,10
Transportation,Production,Illizi,Block 1,Equipment-3497,EQ-03497,drilling,,7275.25,,2023,4
Transportation,Drilling,Hassi R'Mel,Field B,Equipment-3498,EQ-03498,drilling,,501.19,,2022,9
Transportation,Operations,In Salah,Field B,Equipment-3499,EQ-03499,flaring,,7342.45,,2022,4
Refining,Logistics,Rhourde Nouss,Block 2,Equipment-3500,EQ-03500,fugitive,,9487.04,,2024,10
Marketing,Drilling,Hassi R'Mel,Block 2,Equipment-3501,EQ-03501,venting,,8104.97,,2022,2
Marketing,Operations,Hassi Messaoud,Block 2,Equipment-3502,EQ-03502,flaring,,5206.93,,2023,5
Transportation,Logistics,Illizi,Field A,Equipment-3503,EQ-03503,fugitive,,30.08,,2023,2
Marketing,Operations,Rhourde Nouss,Block 2,Equipment-3504,EQ-03504,flaring,Natural Gas,1838.9,scf,2025,12
Refining,Drilling,Rhourde Nouss,Area X,Equipment-3505,EQ-03505,fugitive,,5958.55,,2023,11
Transportation,Logistics,In Salah,Area X,Equipment-3506,EQ-03506,flaring,,7515.13,,2025,11
Marketing,Operations,Hassi R'Mel,Area X,Equipment-3507,EQ-03507,fugitive,,606.95,,2023,2
Refining,Production,Illizi,Area X,Equipment-3508,EQ-03508,venting,,9942.41,,2025,8
Exploration & Production,Logistics,Adrar,Area X,Equipment-3509,EQ-03509,flaring,,546.65,,2023,6
Marketing,Drilling,Berkine,Area X,Equipment-3510,EQ-03510,flaring,,8509.68,,2022,7
Refining,Drilling,Hassi R'Mel,Area Y,Equipment-3511,EQ-03511,venting,,2028.97,,2025,3
Transportation,Drilling,Hassi R'Mel,Field B,Equipment-3512,EQ-03512,drilling,,3185.54,,2023,7
Exploration & Production,Drilling,In Salah,Block 2,Equipment-3513,EQ-03513,venting,,2412.2,,2022,10
Exploration & Production,Operations,Hassi Messaoud,Field A,Equipment-3514,EQ-03514,venting,,3355.92,,2023,6
Transportation,Drilling,Hassi Messaoud,Block 2,Equipment-3515,EQ-03515,fugitive,,5823.76,,2023,8
Exploration & Production,Logistics,Berkine,Field B,Equipment-3516,EQ-03516,venting,,3117.6,,2025,1
Transportation,Production,Illizi,Block 1,Equipment-3517,EQ-03517,venting,,3419.35,,2022,1
Marketing,Logistics,Illizi,Field B,Equipment-3518,EQ-03518,combustion,,5517.53,,2025,1
Exploration & Production,Production,Adrar,Block 1,Equipment-3519,EQ-03519,venting,,777.92,,2022,11
Transportation,Drilling,Hassi Messaoud,Area X,Equipment-3520,EQ-03520,fugitive,,1754.03,,2024,12
Transportation,Logistics,Berkine,Field B,Equipment-3521,EQ-03521,flaring,Fuel Gas,7171.79,gal,2025,9
Marketing,Logistics,Hassi R'Mel,Block 1,Equipment-3522,EQ-03522,fugitive,,1444.74,,2025,11
Refining,Production,Berkine,Field B,Equipment-3523,EQ-03523,combustion,Natural Gas,6368.12,scf,2025,11
Marketing,Production,Hassi R'Mel,Field B,Equipment-3524,EQ-03524,venting,,5474.31,,2023,3
Transportation,Production,Adrar,Field A,Equipment-3525,EQ-03525,drilling,,7868.58,,2025,3
Marketing,Operations,Hassi Messaoud,Area X,Equipment-3526,EQ-03526,flaring,Natural Gas,8446.53,scf,2022,11
Refining,Operations,Hassi R'Mel,Block 2,Equipment-3527,EQ-03527,venting,,1269.28,,2022,10
Transportation,Logistics,Illizi,Area Y,Equipment-3528,EQ-03528,drilling,,8690.63,,2024,9
Exploration & Production,Operations,Berkine,Block 1,Equipment-3529,EQ-03529,combustion,,8809.28,,2025,10
Transportation,Logistics,Hassi R'Mel,Field A,Equipment-3530,EQ-03530,fugitive,,1981.72,,2022,11
Exploration & Production,Drilling,Illizi,Block 2,Equipment-3531,EQ-03531,venting,,4051.26,,2024,1
Refining,Drilling,Illizi,Area X,Equipment-3532,EQ-03532,venting,,7690.71,,2022,12
Marketing,Production,Rhourde Nouss,Area X,Equipment-3533,EQ-03533,fugitive,,6291.24,,2025,3
Exploration & Production,Operations,Hassi Messaoud,Area X,Equipment-3534,EQ-03534,combustion,Fuel Gas,5896.28,gal,2022,8
Refining,Operations,In Salah,Area X,Equipment-3535,EQ-03535,combustion,Propane,1785.79,gal,2025,2
Refining,Production,Adrar,Block 2,Equipment-3536,EQ-03536,venting,,6053.22,,2022,12
Marketing,Drilling,Rhourde Nouss,Area Y,Equipment-3537,EQ-03537,flaring,Fuel Gas,1213.76,gal,2022,6
Exploration & Production,Drilling,Hassi Messaoud,Area X,Equipment-3538,EQ-03538,combustion,Fuel Gas,9109.36,gal,2025,2
Marketing,Operations,Berkine,Field A,Equipment-3539,EQ-03539,flaring,,4219.39,,2022,10
Marketing,Logistics,In Salah,Area Y,Equipment-3540,EQ-03540,fugitive,,8809.38,,2023,2
Transportation,Operations,Berkine,Field A,Equipment-3541,EQ-03541,fugitive,,9286.0,,2025,10
Exploration & Production,Drilling,Rhourde Nouss,Block 1,Equipment-3542,EQ-03542,venting,,2108.06,,2025,7
Refining,Drilling,In Salah,Field B,Equipment-3543,EQ-03543,combustion,Propane,3101.35,gal,2023,12
Refining,Drilling,Hassi Messaoud,Field A,Equipment-3544,EQ-03544,combustion,Fuel Gas,9139.04,gal,2023,3
Exploration & Production,Production,Adrar,Field B,Equipment-3545,EQ-03545,fugitive,,8582.1,,2025,6
Transportation,Logistics,Berkine,Block 2,Equipment-3546,EQ-03546,venting,,6923.43,,2023,11
Transportation,Operations,Hassi R'Mel,Block 2,Equipment-3547,EQ-03547,fugitive,,1156.06,,2023,7
Marketing,Logistics,Rhourde Nouss,Field B,Equipment-3548,EQ-03548,flaring,,2184.54,,2023,3
Transportation,Operations,Hassi Messaoud,Area X,Equipment-3549,EQ-03549,fugitive,,5108.2,,2024,4
Exploration & Production,Operations,Rhourde Nouss,Area Y,Equipment-3550,EQ-03550,combustion,Fuel Gas,3700.93,gal,2024,7
Marketing,Production,Adrar,Area X,Equipment-3551,EQ-03551,drilling,,7510.97,,2023,4
Exploration & Production,Production,In Salah,Area Y,Equipment-3552,EQ-03552,venting,,5026.09,,2022,10
Transportation,Drilling,In Salah,Field A,Equipment-3553,EQ-03553,combustion,,8511.1,,2024,1
Exploration & Production,Production,Adrar,Field B,Equipment-3554,EQ-03554,drilling,,2588.66,,2024,12
Refining,Operations,Hassi R'Mel,Block 2,Equipment-3555,EQ-03555,drilling,,4025.8,,2025,6
Refining,Drilling,Hassi Messaoud,Field A,Equipment-3556,EQ-03556,venting,,1528.28,,2023,9
Refining,Drilling,Adrar,Field A,Equipment-3557,EQ-03557,drilling,,8783.02,,2023,12
Marketing,Drilling,Illizi,Block 2,Equipment-3558,EQ-03558,drilling,,4825.55,,2022,2
Refining,Production,In Salah,Field A,Equipment-3559,EQ-03559,combustion,Propane,4139.57,gal,2023,8
Marketing,Drilling,Rhourde Nouss,Area X,Equipment-3560,EQ-03560,fugitive,,8835.58,,2023,12
Marketing,Operations,Adrar,Field A,Equipment-3561,EQ-03561,flaring,,3587.34,,2022,8
Marketing,Logistics,Rhourde Nouss,Block 2,Equipment-3562,EQ-03562,drilling,,1391.15,,2024,2
Transportation,Operations,In Salah,Block 2,Equipment-3563,EQ-03563,venting,,372.9,,2025,2
Transportation,Drilling,Hassi Messaoud,Area Y,Equipment-3564,EQ-03564,flaring,Natural Gas,4124.24,scf,2025,10
Marketing,Production,In Salah,Block 1,Equipment-3565,EQ-03565,combustion,Fuel Gas,8693.59,gal,2022,1
Exploration & Production,Drilling,Rhourde Nouss,Field A,Equipment-3566,EQ-03566,drilling,,178.26,,2022,3
Marketing,Operations,Illizi,Area X,Equipment-3567,EQ-03567,combustion,Propane,8263.81,gal,2024,4
Marketing,Production,Rhourde Nouss,Area X,Equipment-3568,EQ-03568,fugitive,,2711.42,,2025,4
Transportation,Drilling,Hassi R'Mel,Block 1,Equipment-3569,EQ-03569,flaring,,8790.28,,2022,7
Exploration & Production,Logistics,Rhourde Nouss,Field A,Equipment-3570,EQ-03570,venting,,3916.76,,2022,10
Refining,Drilling,Adrar,Area Y,Equipment-3571,EQ-03571,venting,,6580.55,,2022,9
Marketing,Drilling,Illizi,Block 1,Equipment-3572,EQ-03572,venting,,6727.69,,2023,12
Refining,Drilling,Adrar,Area Y,Equipment-3573,EQ-03573,venting,,9422.07,,2024,4
Marketing,Logistics,Illizi,Field B,Equipment-3574,EQ-03574,flaring,Fuel Gas,2428.36,gal,2023,5
Refining,Logistics,In Salah,Area Y,Equipment-3575,EQ-03575,fugitive,,7390.37,,2023,1
Refining,Production,Berkine,Area X,Equipment-3576,EQ-03576,combustion,,2224.24,,2024,9
Marketing,Production,Illizi,Block 2,Equipment-3577,EQ-03577,fugitive,,644.8,,2024,10
Refining,Logistics,In Salah,Block 2,Equipment-3578,EQ-03578,drilling,,3280.58,,2022,7
Refining,Drilling,Hassi Messaoud,Block 2,Equipment-3579,EQ-03579,flaring,Natural Gas,3895.71,scf,2024,1
Refining,Operations,Illizi,Block 2,Equipment-3580,EQ-03580,drilling,,7314.12,,2023,3
Exploration & Production,Logistics,Berkine,Area X,Equipment-3581,EQ-03581,flaring,Natural Gas,3027.74,scf,2025,12
Transportation,Logistics,Hassi R'Mel,Area X,Equipment-3582,EQ-03582,combustion,Natural Gas,5996.43,scf,2022,12
Transportation,Logistics,Illizi,Field B,Equipment-3583,EQ-03583,combustion,Propane,5449.56,gal,2024,11
Refining,Logistics,Adrar,Field A,Equipment-3584,EQ-03584,venting,,8866.31,,2025,8
Marketing,Logistics,Adrar,Block 1,Equipment-3585,EQ-03585,combustion,Diesel,5932.26,gal,2024,1
Refining,Operations,Hassi R'Mel,Field A,Equipment-3586,EQ-03586,fugitive,,9669.69,,2024,8
Refining,Operations,Adrar,Block 1,Equipment-3587,EQ-03587,drilling,,4770.52,,2022,5
Transportation,Production,Illizi,Field B,Equipment-3588,EQ-03588,venting,,1416.73,,2025,8
Transportation,Production,Hassi R'Mel,Area Y,Equipment-3589,EQ-03589,venting,,5370.23,,2023,7
Marketing,Drilling,In Salah,Area X,Equipment-3590,EQ-03590,fugitive,,3743.71,,2022,5
Transportation,Operations,Hassi Messaoud,Area Y,Equipment-3591,EQ-03591,flaring,,791.06,,2023,8
Marketing,Drilling,Berkine,Block 1,Equipment-3592,EQ-03592,combustion,,8839.45,,2023,3
Exploration & Production,Logistics,Berkine,Block 2,Equipment-3593,EQ-03593,fugitive,,1897.53,,2024,11
Refining,Logistics,Berkine,Block 2,Equipment-3594,EQ-03594,venting,,525.02,,2022,1
Marketing,Production,Illizi,Block 2,Equipment-3595,EQ-03595,venting,,49.4,,2023,2
Refining,Operations,Illizi,Field B,Equipment-3596,EQ-03596,drilling,,5615.67,,2025,11
Transportation,Production,Hassi R'Mel,Block 1,Equipment-3597,EQ-03597,drilling,,2011.09,,2025,8
Exploration & Production,Production,Berkine,Field B,Equipment-3598,EQ-03598,flaring,Natural Gas,8676.59,scf,2023,3
Marketing,Drilling,Hassi R'Mel,Block 1,Equipment-3599,EQ-03599,flaring,Fuel Gas,9610.84,gal,2023,4
Marketing,Logistics,Adrar,Area X,Equipment-3600,EQ-03600,venting,,1146.1,,2024,2
Refining,Logistics,Adrar,Field B,Equipment-3601,EQ-03601,flaring,,9833.08,,2025,11
Refining,Drilling,In Salah,Area X,Equipment-3602,EQ-03602,flaring,Natural Gas,4504.85,scf,2025,4
Transportation,Drilling,Adrar,Area X,Equipment-3603,EQ-03603,venting,,1766.57,,2025,12
Marketing,Operations,Hassi Messaoud,Area Y,Equipment-3604,EQ-03604,flaring,Natural Gas,9011.97,scf,2025,12
Transportation,Logistics,Adrar,Area Y,Equipment-3605,EQ-03605,flaring,Natural Gas,4114.93,scf,2022,12
Transportation,Drilling,Rhourde Nouss,Field B,Equipment-3606,EQ-03606,venting,,1256.25,,2025,1
Exploration & Production,Operations,Hassi Messaoud,Block 1,Equipment-3607,EQ-03607,flaring,,2536.44,,2023,11
Exploration & Production,Operations,Illizi,Field B,Equipment-3608,EQ-03608,drilling,,7246.18,,2025,8
Marketing,Production,Illizi,Area X,Equipment-3609,EQ-03609,venting,,7005.34,,2022,11
Refining,Logistics,Hassi Messaoud,Block 2,Equipment-3610,EQ-03610,drilling,,2671.63,,2024,5
Transportation,Drilling,In Salah,Field B,Equipment-3611,EQ-03611,combustion,Diesel,8019.9,gal,2025,12
Refining,Logistics,Berkine,Block 1,Equipment-3612,EQ-03612,combustion,Propane,1736.1,gal,2024,1
Transportation,Logistics,Berkine,Block 1,Equipment-3613,EQ-03613,drilling,,2580.71,,2022,5
Marketing,Operations,In Salah,Area Y,Equipment-3614,EQ-03614,venting,,6625.19,,2023,3
Refining,Logistics,Illizi,Field A,Equipment-3615,EQ-03615,drilling,,5074.62,,2025,4
Transportation,Operations,Hassi R'Mel,Field A,Equipment-3616,EQ-03616,drilling,,6898.07,,2022,10
Refining,Production,Hassi Messaoud,Block 1,Equipment-3617,EQ-03617,flaring,Natural Gas,5060.77,scf,2022,10
Marketing,Logistics,Hassi Messaoud,Block 2,Equipment-3618,EQ-03618,flaring,Diesel,2392.89,gal,2024,8
Transportation,Logistics,In Salah,Area X,Equipment-3619,EQ-03619,fugitive,,9910.49,,2022,5
Transportation,Production,Adrar,Block 1,Equipment-3620,EQ-03620,combustion,Propane,1388.76,gal,2022,6
Exploration & Production,Drilling,Hassi R'Mel,Field B,Equipment-3621,EQ-03621,combustion,,6204.48,,2025,1
Refining,Logistics,Adrar,Block 2,Equipment-3622,EQ-03622,flaring,Fuel Gas,7364.27,gal,2024,7
Marketing,Drilling,Adrar,Area X,Equipment-3623,EQ-03623,flaring,Fuel Gas,8538.98,gal,2022,2
Marketing,Operations,Berkine,Field A,Equipment-3624,EQ-03624,combustion,Fuel Gas,7608.77,gal,2025,6
Refining,Production,In Salah,Area X,Equipment-3625,EQ-03625,fugitive,,175.9,,2025,12
Transportation,Logistics,Rhourde Nouss,Field B,Equipment-3626,EQ-03626,fugitive,,4907.17,,2023,3
Transportation,Operations,Hassi Messaoud,Block 1,Equipment-3627,EQ-03627,venting,,1810.39,,2024,11
Transportation,Logistics,Berkine,Field B,Equipment-3628,EQ-03628,venting,,5081.29,,2025,8
Refining,Production,Berkine,Field A,Equipment-3629,EQ-03629,combustion,,9627.61,,2023,11
Refining,Logistics,Adrar,Area Y,Equipment-3630,EQ-03630,drilling,,5159.58,,2025,8
Transportation,Operations,Berkine,Field B,Equipment-3631,EQ-03631,venting,,7350.31,,2024,8
Marketing,Drilling,Rhourde Nouss,Area X,Equipment-3632,EQ-03632,combustion,Propane,5297.14,gal,2023,8
Exploration & Production,Drilling,Rhourde Nouss,Area X,Equipment-3633,EQ-03633,fugitive,,2840.35,,2024,9
Exploration & Production,Logistics,Rhourde Nouss,Area Y,Equipment-3634,EQ-03634,drilling,,8340.36,,2022,2
Refining,Drilling,In Salah,Area X,Equipment-3635,EQ-03635,combustion,,6162.77,,2022,7
Transportation,Operations,Illizi,Area Y,Equipment-3636,EQ-03636,drilling,,4045.92,,2022,11
Exploration & Production,Operations,Rhourde Nouss,Area X,Equipment-3637,EQ-03637,combustion,Fuel Gas,3346.67,gal,2023,5
Transportation,Logistics,Hassi Messaoud,Area X,Equipment-3638,EQ-03638,fugitive,,600.56,,2024,9
Marketing,Production,Rhourde Nouss,Block 1,Equipment-3639,EQ-03639,flaring,Diesel,5655.53,gal,2024,3
Exploration & Production,Operations,Rhourde Nouss,Field A,Equipment-3640,EQ-03640,flaring,,3804.72,,2023,8
Exploration & Production,Production,Berkine,Field A,Equipment-3641,EQ-03641,fugitive,,6309.82,,2023,6
Refining,Drilling,Rhourde Nouss,Area Y,Equipment-3642,EQ-03642,fugitive,,704.53,,2024,9
Exploration & Production,Logistics,Rhourde Nouss,Area X,Equipment-3643,EQ-03643,fugitive,,3854.66,,2022,8
Marketing,Logistics,Hassi R'Mel,Block 2,Equipment-3644,EQ-03644,fugitive,,1395.79,,2025,8
Marketing,Production,Adrar,Field B,Equipment-3645,EQ-03645,drilling,,8193.04,,2022,8
Marketing,Drilling,In Salah,Block 2,Equipment-3646,EQ-03646,fugitive,,7869.08,,2025,11
Transportation,Drilling,Hassi R'Mel,Block 1,Equipment-3647,EQ-03647,drilling,,1557.31,,2024,6
Exploration & Production,Drilling,Hassi Messaoud,Block 1,Equipment-3648,EQ-03648,flaring,,1342.31,,2025,5
Exploration & Production,Logistics,Illizi,Field B,Equipment-3649,EQ-03649,combustion,,1851.96,,2025,8
Exploration & Production,Operations,Illizi,Area Y,Equipment-3650,EQ-03650,combustion,Propane,6279.64,gal,2022,8
Transportation,Drilling,In Salah,Field B,Equipment-3651,EQ-03651,combustion,Diesel,5580.01,gal,2025,11
Transportation,Operations,Rhourde Nouss,Field B,Equipment-3652,EQ-03652,fugitive,,3697.26,,2025,1
Transportation,Drilling,Rhourde Nouss,Field A,Equipment-3653,EQ-03653,fugitive,,663.88,,2025,3
Marketing,Logistics,Rhourde Nouss,Area X,Equipment-3654,EQ-03654,fugitive,,7558.39,,2022,7
Refining,Drilling,Adrar,Area X,Equipment-3655,EQ-03655,combustion,Natural Gas,6579.52,scf,2024,10
Exploration & Production,Production,Illizi,Block 1,Equipment-3656,EQ-03656,combustion,Natural Gas,2325.77,scf,2022,10
Marketing,Logistics,Hassi R'Mel,Area X,Equipment-3657,EQ-03657,venting,,9264.57,,2023,9
Exploration & Production,Drilling,Hassi R'Mel,Area Y,Equipment-3658,EQ-03658,flaring,Propane,4906.05,gal,2023,12
Marketing,Operations,Rhourde Nouss,Area X,Equipment-3659,EQ-03659,combustion,Natural Gas,3781.14,scf,2022,10
Transportation,Production,Hassi R'Mel,Block 1,Equipment-3660,EQ-03660,venting,,7585.38,,2025,10
Refining,Logistics,Hassi Messaoud,Block 2,Equipment-3661,EQ-03661,drilling,,2987.74,,2023,1
Refining,Logistics,Berkine,Field A,Equipment-3662,EQ-03662,fugitive,,8606.53,,2024,1
Exploration & Production,Drilling,Illizi,Field B,Equipment-3663,EQ-03663,flaring,Diesel,5621.06,gal,2024,10
Refining,Drilling,Hassi R'Mel,Block 1,Equipment-3664,EQ-03664,fugitive,,7288.25,,2022,6
Exploration & Production,Operations,Adrar,Block 2,Equipment-3665,EQ-03665,fugitive,,187.77,,2022,2
Exploration & Production,Production,Illizi,Area Y,Equipment-3666,EQ-03666,combustion,Fuel Gas,4161.64,gal,2022,8
Marketing,Production,Rhourde Nouss,Field B,Equipment-3667,EQ-03667,combustion,,2454.77,,2025,6
Exploration & Production,Logistics,Berkine,Field A,Equipment-3668,EQ-03668,drilling,,5715.73,,2024,2
Transportation,Production,Hassi Messaoud,Block 1,Equipment-3669,EQ-03669,venting,,7492.58,,2024,7
Transportation,Operations,Rhourde Nouss,Block 1,Equipment-3670,EQ-03670,flaring,,3710.99,,2024,8
Refining,Drilling,Illizi,Field A,Equipment-3671,EQ-03671,venting,,4417.82,,2023,5
Refining,Drilling,Berkine,Block 1,Equipment-3672,EQ-03672,combustion,Natural Gas,621.64,scf,2022,6
Marketing,Production,Illizi,Block 2,Equipment-3673,EQ-03673,venting,,2080.87,,2022,9
Exploration & Production,Production,Hassi Messaoud,Area Y,Equipment-3674,EQ-03674,combustion,Propane,1812.67,gal,2025,12
Transportation,Operations,Hassi Messaoud,Block 1,Equipment-3675,EQ-03675,drilling,,4044.03,,2022,11
Refining,Production,Hassi R'Mel,Area X,Equipment-3676,EQ-03676,combustion,Natural Gas,2322.36,scf,2023,7
Marketing,Operations,Adrar,Area X,Equipment-3677,EQ-03677,fugitive,,5983.77,,2024,8
Refining,Logistics,Rhourde Nouss,Field B,Equipment-3678,EQ-03678,venting,,5952.97,,2024,4
Marketing,Logistics,Rhourde Nouss,Field B,Equipment-3679,EQ-03679,combustion,Natural Gas,8026.11,scf,2022,12
Exploration & Production,Logistics,Rhourde Nouss,Field A,Equipment-3680,EQ-03680,venting,,985.66,,2023,1
Marketing,Production,Illizi,Field A,Equipment-3681,EQ-03681,drilling,,4169.11,,2025,4
Marketing,Production,Rhourde Nouss,Area Y,Equipment-3682,EQ-03682,flaring,,4967.01,,2024,11
Refining,Logistics,Adrar,Area Y,Equipment-3683,EQ-03683,fugitive,,8730.28,,2024,7
Exploration & Production,Operations,Rhourde Nouss,Field A,Equipment-3684,EQ-03684,flaring,Fuel Gas,7929.98,gal,2023,10
Refining,Drilling,Hassi Messaoud,Field A,Equipment-3685,EQ-03685,fugitive,,8138.35,,2023,2
Exploration & Production,Operations,Berkine,Field B,Equipment-3686,EQ-03686,fugitive,,4557.13,,2023,10
Exploration & Production,Production,In Salah,Field A,Equipment-3687,EQ-03687,venting,,4493.21,,2022,3
Refining,Drilling,Hassi R'Mel,Area X,Equipment-3688,EQ-03688,combustion,,5857.08,,2022,7
Exploration & Production,Production,Hassi Messaoud,Area X,Equipment-3689,EQ-03689,combustion,Natural Gas,6101.8,scf,2024,10
Exploration & Production,Production,Adrar,Block 2,Equipment-3690,EQ-03690,fugitive,,913.89,,2024,3
Transportation,Drilling,Adrar,Field B,Equipment-3691,EQ-03691,combustion,,1531.21,,2022,9
Transportation,Logistics,Hassi R'Mel,Block 2,Equipment-3692,EQ-03692,drilling,,2596.05,,2022,10
Marketing,Logistics,Hassi Messaoud,Block 1,Equipment-3693,EQ-03693,flaring,Diesel,3935.21,gal,2025,5
Marketing,Drilling,In Salah,Field A,Equipment-3694,EQ-03694,venting,,7891.69,,2022,10
Refining,Production,Rhourde Nouss,Block 1,Equipment-3695,EQ-03695,venting,,6796.85,,2024,6
Exploration & Production,Drilling,Illizi,Block 2,Equipment-3696,EQ-03696,fugitive,,2110.87,,2025,11
Marketing,Production,Adrar,Area X,Equipment-3697,EQ-03697,drilling,,2019.66,,2022,5
Transportation,Drilling,Berkine,Area Y,Equipment-3698,EQ-03698,combustion,,8199.83,,2023,1
Marketing,Logistics,Rhourde Nouss,Field A,Equipment-3699,EQ-03699,fugitive,,3684.25,,2022,11
Exploration & Production,Drilling,Berkine,Block 1,Equipment-3700,EQ-03700,fugitive,,831.78,,2024,10
Marketing,Operations,Berkine,Area Y,Equipment-3701,EQ-03701,combustion,,6952.25,,2023,9
Marketing,Production,Hassi Messaoud,Block 1,Equipment-3702,EQ-03702,combustion,Propane,4093.29,gal,2022,3
Refining,Production,Hassi R'Mel,Block 2,Equipment-3703,EQ-03703,fugitive,,8547.28,,2025,2
Exploration & Production,Drilling,Adrar,Block 1,Equipment-3704,EQ-03704,combustion,,911.27,,2025,11
Marketing,Logistics,Hassi R'Mel,Area Y,Equipment-3705,EQ-03705,drilling,,2168.44,,2022,10
Marketing,Operations,Adrar,Area Y,Equipment-3706,EQ-03706,flaring,Diesel,5885.41,gal,2024,12
Transportation,Logistics,In Salah,Area X,Equipment-3707,EQ-03707,venting,,2716.32,,2024,9
Refining,Operations,Berkine,Area X,Equipment-3708,EQ-03708,venting,,7807.75,,2025,6
Exploration & Production,Drilling,Illizi,Area Y,Equipment-3709,EQ-03709,combustion,Fuel Gas,2354.27,gal,2023,2
Marketing,Logistics,Illizi,Area Y,Equipment-3710,EQ-03710,venting,,5740.49,,2022,6
Refining,Drilling,In Salah,Block 1,Equipment-3711,EQ-03711,drilling,,2362.8,,2024,2
Refining,Drilling,Hassi R'Mel,Field B,Equipment-3712,EQ-03712,combustion,Propane,1051.43,gal,2023,11
Transportation,Logistics,Adrar,Field B,Equipment-3713,EQ-03713,combustion,Diesel,9808.57,gal,2024,1
Transportation,Drilling,In Salah,Field B,Equipment-3714,EQ-03714,combustion,,6283.42,,2024,1
Refining,Logistics,Illizi,Block 1,Equipment-3715,EQ-03715,flaring,,8683.17,,2024,8
Marketing,Operations,In Salah,Field A,Equipment-3716,EQ-03716,flaring,,8204.2,,2024,10
Exploration & Production,Production,In Salah,Area Y,Equipment-3717,EQ-03717,flaring,Natural Gas,9989.85,scf,2024,8
Transportation,Production,In Salah,Area Y,Equipment-3718,EQ-03718,flaring,Fuel Gas,896.62,gal,2024,8
Exploration & Production,Operations,Adrar,Block 1,Equipment-3719,EQ-03719,drilling,,5353.47,,2025,1
Marketing,Drilling,Illizi,Area Y,Equipment-3720,EQ-03720,flaring,,1279.57,,2025,7
Marketing,Operations,In Salah,Field A,Equipment-3721,EQ-03721,flaring,Natural Gas,3996.17,scf,2022,12
Exploration & Production,Production,Adrar,Field A,Equipment-3722,EQ-03722,combustion,Fuel Gas,4149.64,gal,2025,11
Exploration & Production,Logistics,Adrar,Field B,Equipment-3723,EQ-03723,fugitive,,1873.11,,2024,1
Marketing,Operations,Hassi Messaoud,Area X,Equipment-3724,EQ-03724,drilling,,5621.93,,2025,11
Marketing,Production,Berkine,Field B,Equipment-3725,EQ-03725,combustion,,5441.42,,2025,12
Exploration & Production,Drilling,Hassi Messaoud,Area Y,Equipment-3726,EQ-03726,fugitive,,7903.89,,2023,5
Refining,Drilling,Illizi,Area X,Equipment-3727,EQ-03727,flaring,Diesel,6900.22,gal,2022,12
Transportation,Drilling,Berkine,Field B,Equipment-3728,EQ-03728,fugitive,,8730.43,,2025,7
Exploration & Production,Operations,In Salah,Area X,Equipment-3729,EQ-03729,fugitive,,5001.55,,2023,8
Transportation,Operations,Illizi,Field B,Equipment-3730,EQ-03730,fugitive,,4347.95,,2025,3
Exploration & Production,Operations,Hassi Messaoud,Area X,Equipment-3731,EQ-03731,drilling,,1355.96,,2023,10
Exploration & Production,Logistics,Rhourde Nouss,Area X,Equipment-3732,EQ-03732,combustion,,2236.9,,2025,1
Marketing,Logistics,Berkine,Area X,Equipment-3733,EQ-03733,flaring,,8631.61,,2025,4
Exploration & Production,Drilling,Rhourde Nouss,Field A,Equipment-3734,EQ-03734,drilling,,9271.52,,2024,10
Exploration & Production,Production,Berkine,Block 2,Equipment-3735,EQ-03735,venting,,9907.12,,2024,10
Marketing,Logistics,Rhourde Nouss,Area Y,Equipment-3736,EQ-03736,drilling,,681.32,,2022,10
Transportation,Operations,Adrar,Block 1,Equipment-3737,EQ-03737,flaring,,2404.27,,2024,3
Refining,Drilling,Adrar,Field B,Equipment-3738,EQ-03738,flaring,Diesel,381.39,gal,2025,3
Refining,Production,Rhourde Nouss,Block 2,Equipment-3739,EQ-03739,combustion,Diesel,3117.7,gal,2024,11
Exploration & Production,Production,Berkine,Area X,Equipment-3740,EQ-03740,combustion,Natural Gas,5589.53,scf,2022,2
Exploration & Production,Operations,Illizi,Block 2,Equipment-3741,EQ-03741,flaring,Propane,2113.97,gal,2024,11
Exploration & Production,Production,In Salah,Area X,Equipment-3742,EQ-03742,venting,,4338.77,,2024,2
Exploration & Production,Drilling,Illizi,Field A,Equipment-3743,EQ-03743,venting,,2796.84,,2023,6
Transportation,Drilling,Berkine,Area Y,Equipment-3744,EQ-03744,drilling,,7006.38,,2025,12
Refining,Drilling,Hassi Messaoud,Field B,Equipment-3745,EQ-03745,fugitive,,2907.0,,2024,8
Exploration & Production,Drilling,Berkine,Field B,Equipment-3746,EQ-03746,drilling,,2534.05,,2024,11
Exploration & Production,Production,Rhourde Nouss,Field B,Equipment-3747,EQ-03747,venting,,1476.31,,2023,1
Transportation,Production,Berkine,Area Y,Equipment-3748,EQ-03748,combustion,Propane,7219.51,gal,2023,4
Refining,Logistics,Rhourde Nouss,Area Y,Equipment-3749,EQ-03749,venting,,1972.2,,2024,4
Refining,Operations,Berkine,Area X,Equipment-3750,EQ-03750,fugitive,,8930.53,,2024,7
Marketing,Operations,Rhourde Nouss,Block 1,Equipment-3751,EQ-03751,flaring,Natural Gas,4304.8,scf,2023,3
Refining,Production,Rhourde Nouss,Field B,Equipment-3752,EQ-03752,venting,,7013.89,,2023,5
Transportation,Logistics,Hassi R'Mel,Area Y,Equipment-3753,EQ-03753,venting,,9263.87,,2025,9
Refining,Logistics,In Salah,Block 2,Equipment-3754,EQ-03754,venting,,8628.64,,2024,10
Marketing,Logistics,Adrar,Block 2,Equipment-3755,EQ-03755,flaring,Propane,7401.17,gal,2025,6
Transportation,Production,Hassi Messaoud,Area Y,Equipment-3756,EQ-03756,combustion,Fuel Gas,884.44,gal,2022,6
Marketing,Drilling,Rhourde Nouss,Area X,Equipment-3757,EQ-03757,fugitive,,7845.62,,2022,7
Marketing,Logistics,Adrar,Area X,Equipment-3758,EQ-03758,venting,,6036.4,,2022,7
Transportation,Drilling,Berkine,Area Y,Equipment-3759,EQ-03759,venting,,1735.77,,2025,4
Marketing,Drilling,Hassi R'Mel,Area Y,Equipment-3760,EQ-03760,venting,,5424.09,,2022,9
Marketing,Logistics,Adrar,Field B,Equipment-3761,EQ-03761,venting,,401.49,,2024,8
Refining,Drilling,Rhourde Nouss,Area Y,Equipment-3762,EQ-03762,venting,,1216.69,,2022,1
Marketing,Production,Hassi Messaoud,Field A,Equipment-3763,EQ-03763,combustion,Diesel,1019.28,gal,2022,1
Exploration & Production,Operations,Rhourde Nouss,Area Y,Equipment-3764,EQ-03764,combustion,Fuel Gas,8884.08,gal,2023,8
Transportation,Operations,Hassi R'Mel,Area X,Equipment-3765,EQ-03765,fugitive,,1002.57,,2024,5
Transportation,Drilling,Adrar,Block 1,Equipment-3766,EQ-03766,venting,,5656.37,,2025,2
Exploration & Production,Operations,Hassi R'Mel,Block 2,Equipment-3767,EQ-03767,combustion,Diesel,7300.36,gal,2023,9
Transportation,Logistics,Berkine,Field A,Equipment-3768,EQ-03768,combustion,Diesel,8877.28,gal,2025,4
Transportation,Logistics,In Salah,Area Y,Equipment-3769,EQ-03769,fugitive,,3490.21,,2025,10
Refining,Drilling,Hassi Messaoud,Field B,Equipment-3770,EQ-03770,venting,,448.27,,2024,5
Exploration & Production,Logistics,Hassi R'Mel,Block 2,Equipment-3771,EQ-03771,drilling,,419.09,,2022,10
Transportation,Drilling,Adrar,Area Y,Equipment-3772,EQ-03772,combustion,,3652.34,,2025,5
Refining,Logistics,Rhourde Nouss,Area X,Equipment-3773,EQ-03773,venting,,73.22,,2023,5
Refining,Drilling,Rhourde Nouss,Field B,Equipment-3774,EQ-03774,flaring,Natural Gas,3160.43,scf,2024,11
Marketing,Operations,Illizi,Field A,Equipment-3775,EQ-03775,drilling,,7360.34,,2023,4
Exploration & Production,Operations,Hassi R'Mel,Field A,Equipment-3776,EQ-03776,fugitive,,2947.65,,2023,8
Marketing,Drilling,In Salah,Field A,Equipment-3777,EQ-03777,venting,,339.96,,2023,9
Exploration & Production,Logistics,Illizi,Block 2,Equipment-3778,EQ-03778,fugitive,,7787.11,,2025,9
Refining,Drilling,Hassi Messaoud,Area Y,Equipment-3779,EQ-03779,venting,,2515.28,,2025,9
Marketing,Operations,Berkine,Area X,Equipment-3780,EQ-03780,venting,,4675.54,,2024,7
Exploration & Production,Logistics,Adrar,Block 2,Equipment-3781,EQ-03781,flaring,Diesel,805.37,gal,2024,10
Refining,Logistics,Rhourde Nouss,Block 2,Equipment-3782,EQ-03782,flaring,Diesel,6533.56,gal,2025,10
Refining,Logistics,Illizi,Block 1,Equipment-3783,EQ-03783,drilling,,3091.93,,2025,5
Transportation,Production,Illizi,Block 1,Equipment-3784,EQ-03784,flaring,Propane,3196.13,gal,2023,2
Marketing,Drilling,Illizi,Block 1,Equipment-3785,EQ-03785,drilling,,6350.42,,2024,4
Transportation,Production,Illizi,Field B,Equipment-3786,EQ-03786,flaring,Propane,3370.8,gal,2025,7
Marketing,Drilling,Rhourde Nouss,Block 1,Equipment-3787,EQ-03787,venting,,7057.19,,2024,11
Refining,Operations,Illizi,Field A,Equipment-3788,EQ-03788,flaring,Fuel Gas,9390.84,gal,2023,3
Refining,Production,Rhourde Nouss,Area X,Equipment-3789,EQ-03789,combustion,Fuel Gas,3429.28,gal,2024,8
Exploration & Production,Drilling,Adrar,Block 1,Equipment-3790,EQ-03790,fugitive,,5850.11,,2025,11
Exploration & Production,Logistics,Hassi R'Mel,Field A,Equipment-3791,EQ-03791,drilling,,5345.97,,2022,1
Marketing,Production,Illizi,Field B,Equipment-3792,EQ-03792,fugitive,,9539.56,,2022,3
Refining,Drilling,Illizi,Area X,Equipment-3793,EQ-03793,flaring,Fuel Gas,9844.27,gal,2022,3
Marketing,Operations,Hassi Messaoud,Block 1,Equipment-3794,EQ-03794,flaring,Fuel Gas,366.94,gal,2024,3
Refining,Operations,Hassi Messaoud,Field B,Equipment-3795,EQ-03795,flaring,Diesel,7170.89,gal,2023,2
Exploration & Production,Drilling,Illizi,Field A,Equipment-3796,EQ-03796,fugitive,,1348.37,,2025,6
Marketing,Logistics,Adrar,Area X,Equipment-3797,EQ-03797,venting,,3610.71,,2022,1
Transportation,Production,Illizi,Block 2,Equipment-3798,EQ-03798,flaring,Fuel Gas,7159.98,gal,2025,11
Marketing,Logistics,Hassi Messaoud,Block 2,Equipment-3799,EQ-03799,flaring,Diesel,4774.56,gal,2024,4
Marketing,Production,Illizi,Area Y,Equipment-3800,EQ-03800,flaring,Diesel,3166.55,gal,2023,9
Transportation,Operations,In Salah,Area Y,Equipment-3801,EQ-03801,venting,,1901.41,,2025,3
Transportation,Operations,In Salah,Block 2,Equipment-3802,EQ-03802,venting,,6919.42,,2025,2
Refining,Production,In Salah,Field A,Equipment-3803,EQ-03803,venting,,5267.36,,2024,6
Transportation,Operations,Adrar,Block 1,Equipment-3804,EQ-03804,combustion,Fuel Gas,9585.89,gal,2025,3
Marketing,Production,Adrar,Block 1,Equipment-3805,EQ-03805,venting,,8084.45,,2023,10
Exploration & Production,Logistics,In Salah,Area X,Equipment-3806,EQ-03806,drilling,,4960.73,,2022,12
Transportation,Logistics,Berkine,Area X,Equipment-3807,EQ-03807,fugitive,,3813.82,,2025,11
Exploration & Production,Logistics,Rhourde Nouss,Field A,Equipment-3808,EQ-03808,flaring,Fuel Gas,7880.61,gal,2024,8
Exploration & Production,Production,Berkine,Block 1,Equipment-3809,EQ-03809,flaring,,2840.06,,2023,3
Refining,Logistics,Berkine,Block 2,Equipment-3810,EQ-03810,combustion,Fuel Gas,531.96,gal,2023,2
Refining,Logistics,Berkine,Field A,Equipment-3811,EQ-03811,drilling,,2468.13,,2022,1
Transportation,Production,Illizi,Block 1,Equipment-3812,EQ-03812,combustion,Fuel Gas,6221.2,gal,2025,10
Exploration & Production,Operations,Berkine,Block 1,Equipment-3813,EQ-03813,venting,,4783.29,,2023,5
Marketing,Production,In Salah,Area Y,Equipment-3814,EQ-03814,drilling,,5089.89,,2022,6
Exploration & Production,Operations,Rhourde Nouss,Field A,Equipment-3815,EQ-03815,combustion,Natural Gas,5168.18,scf,2023,5
Exploration & Production,Drilling,Hassi Messaoud,Field A,Equipment-3816,EQ-03816,venting,,8828.9,,2025,5
Transportation,Operations,Illizi,Area Y,Equipment-3817,EQ-03817,drilling,,7270.62,,2025,6
Marketing,Operations,In Salah,Block 1,Equipment-3818,EQ-03818,combustion,Propane,6926.95,gal,2023,3
Exploration & Production,Drilling,Hassi Messaoud,Field B,Equipment-3819,EQ-03819,venting,,7394.36,,2022,3
Transportation,Logistics,Hassi Messaoud,Area Y,Equipment-3820,EQ-03820,fugitive,,7800.01,,2024,5
Exploration & Production,Drilling,Adrar,Block 2,Equipment-3821,EQ-03821,fugitive,,8708.27,,2025,11
Exploration & Production,Operations,Illizi,Field A,Equipment-3822,EQ-03822,drilling,,6394.3,,2024,4
Marketing,Production,Hassi R'Mel,Area Y,Equipment-3823,EQ-03823,venting,,7534.25,,2024,9
Marketing,Logistics,In Salah,Area X,Equipment-3824,EQ-03824,combustion,Natural Gas,7294.92,scf,2023,11
Refining,Production,Hassi R'Mel,Area Y,Equipment-3825,EQ-03825,venting,,3444.14,,2022,3
Exploration & Production,Drilling,Rhourde Nouss,Block 1,Equipment-3826,EQ-03826,venting,,8286.46,,2024,4
Refining,Operations,Rhourde Nouss,Block 1,Equipment-3827,EQ-03827,combustion,Natural Gas,5224.85,scf,2023,12
Marketing,Production,Hassi R'Mel,Area Y,Equipment-3828,EQ-03828,venting,,5664.06,,2022,8
Transportation,Operations,Illizi,Area Y,Equipment-3829,EQ-03829,flaring,,5845.84,,2024,12
Refining,Production,Hassi R'Mel,Block 1,Equipment-3830,EQ-03830,venting,,3114.83,,2022,9
Marketing,Drilling,Illizi,Area Y,Equipment-3831,EQ-03831,flaring,,9434.8,,2023,7
Refining,Drilling,Adrar,Field B,Equipment-3832,EQ-03832,venting,,4153.22,,2023,7
Transportation,Operations,In Salah,Block 1,Equipment-3833,EQ-03833,venting,,9283.79,,2023,8
Marketing,Production,Hassi R'Mel,Field A,Equipment-3834,EQ-03834,drilling,,9688.67,,2022,9
Exploration & Production,Operations,Rhourde Nouss,Block 2,Equipment-3835,EQ-03835,drilling,,2279.79,,2022,1
Refining,Logistics,Hassi Messaoud,Area Y,Equipment-3836,EQ-03836,combustion,Propane,1288.77,gal,2025,7
Exploration & Production,Drilling,Berkine,Field A,Equipment-3837,EQ-03837,flaring,Propane,8434.29,gal,2023,2
Refining,Production,Hassi R'Mel,Field A,Equipment-3838,EQ-03838,venting,,8708.95,,2023,7
Transportation,Drilling,Illizi,Field B,Equipment-3839,EQ-03839,flaring,Natural Gas,4077.53,scf,2023,4
Transportation,Logistics,Hassi Messaoud,Field A,Equipment-3840,EQ-03840,flaring,Diesel,7927.46,gal,2023,2
Marketing,Operations,In Salah,Area Y,Equipment-3841,EQ-03841,combustion,,9606.43,,2025,4
Transportation,Operations,Adrar,Block 1,Equipment-3842,EQ-03842,flaring,Propane,2260.0,gal,2024,9
Transportation,Logistics,Berkine,Area X,Equipment-3843,EQ-03843,drilling,,2388.49,,2022,10
Transportation,Production,Berkine,Block 2,Equipment-3844,EQ-03844,drilling,,1676.97,,2023,10
Refining,Logistics,Rhourde Nouss,Field A,Equipment-3845,EQ-03845,combustion,,2489.43,,2025,8
Marketing,Production,In Salah,Field B,Equipment-3846,EQ-03846,venting,,3819.17,,2022,11
Transportation,Operations,Hassi Messaoud,Area X,Equipment-3847,EQ-03847,flaring,,5966.11,,2024,12
Marketing,Logistics,Rhourde Nouss,Field B,Equipment-3848,EQ-03848,flaring,,1935.01,,2025,3
Transportation,Operations,Berkine,Field A,Equipment-3849,EQ-03849,combustion,Diesel,8964.82,gal,2022,5
Marketing,Operations,Berkine,Field A,Equipment-3850,EQ-03850,drilling,,2646.23,,2023,3
Transportation,Logistics,Illizi,Block 2,Equipment-3851,EQ-03851,flaring,Natural Gas,2427.12,scf,2022,8
Marketing,Logistics,Adrar,Area Y,Equipment-3852,EQ-03852,fugitive,,999.8,,2022,9
Exploration & Production,Operations,Hassi Messaoud,Area X,Equipment-3853,EQ-03853,flaring,Natural Gas,6179.6,scf,2025,2
Exploration & Production,Production,In Salah,Area Y,Equipment-3854,EQ-03854,drilling,,6363.02,,2023,6
Transportation,Drilling,Berkine,Area X,Equipment-3855,EQ-03855,drilling,,9375.9,,2022,4
Exploration & Production,Operations,Hassi R'Mel,Field A,Equipment-3856,EQ-03856,drilling,,6019.39,,2023,11
Refining,Production,In Salah,Area X,Equipment-3857,EQ-03857,venting,,4045.18,,2025,5
Refining,Drilling,Hassi R'Mel,Block 1,Equipment-3858,EQ-03858,venting,,5601.6,,2023,2
Exploration & Production,Logistics,Illizi,Block 2,Equipment-3859,EQ-03859,fugitive,,2115.21,,2024,6
Transportation,Logistics,In Salah,Field B,Equipment-3860,EQ-03860,venting,,6861.94,,2025,11
Marketing,Logistics,Rhourde Nouss,Field A,Equipment-3861,EQ-03861,venting,,3024.42,,2022,12
Transportation,Drilling,Illizi,Area X,Equipment-3862,EQ-03862,flaring,Natural Gas,3362.89,scf,2024,6
Exploration & Production,Operations,Hassi R'Mel,Area X,Equipment-3863,EQ-03863,flaring,Diesel,4088.21,gal,2024,11
Refining,Production,Illizi,Block 2,Equipment-3864,EQ-03864,drilling,,7243.52,,2024,4
Refining,Operations,In Salah,Area X,Equipment-3865,EQ-03865,venting,,687.15,,2022,3
Refining,Production,Rhourde Nouss,Area Y,Equipment-3866,EQ-03866,combustion,Natural Gas,8191.1,scf,2024,10
Marketing,Production,Adrar,Block 2,Equipment-3867,EQ-03867,combustion,Diesel,7009.74,gal,2022,7
Marketing,Production,Illizi,Area X,Equipment-3868,EQ-03868,venting,,8769.33,,2023,12
Refining,Drilling,Berkine,Block 1,Equipment-3869,EQ-03869,drilling,,5346.07,,2023,1
Exploration & Production,Operations,In Salah,Field B,Equipment-3870,EQ-03870,flaring,Diesel,2364.48,gal,2024,9
Refining,Operations,Illizi,Block 2,Equipment-3871,EQ-03871,fugitive,,9979.38,,2024,11
Exploration & Production,Logistics,Hassi R'Mel,Field B,Equipment-3872,EQ-03872,flaring,Propane,2313.57,gal,2023,11
Refining,Production,Adrar,Field A,Equipment-3873,EQ-03873,flaring,Diesel,7841.94,gal,2024,9
Exploration & Production,Production,Hassi R'Mel,Area X,Equipment-3874,EQ-03874,venting,,3486.8,,2023,7
Exploration & Production,Drilling,Berkine,Field A,Equipment-3875,EQ-03875,fugitive,,5469.1,,2022,5
Exploration & Production,Production,Hassi R'Mel,Field B,Equipment-3876,EQ-03876,flaring,Propane,8661.0,gal,2022,11
Marketing,Logistics,Hassi Messaoud,Area X,Equipment-3877,EQ-03877,venting,,1663.88,,2025,5
Refining,Logistics,Rhourde Nouss,Area Y,Equipment-3878,EQ-03878,venting,,9764.76,,2025,2
Refining,Drilling,Adrar,Area Y,Equipment-3879,EQ-03879,fugitive,,3345.12,,2024,7
Transportation,Operations,In Salah,Field A,Equipment-3880,EQ-03880,flaring,Propane,4725.38,gal,2024,4
Transportation,Operations,Berkine,Block 2,Equipment-3881,EQ-03881,fugitive,,5057.05,,2022,3
Marketing,Production,Illizi,Area X,Equipment-3882,EQ-03882,venting,,7927.96,,2025,12
Marketing,Logistics,Rhourde Nouss,Field B,Equipment-3883,EQ-03883,venting,,2710.22,,2024,7
Marketing,Logistics,Hassi Messaoud,Field B,Equipment-3884,EQ-03884,flaring,Propane,4736.46,gal,2022,1
Refining,Production,In Salah,Field B,Equipment-3885,EQ-03885,flaring,Fuel Gas,5966.76,gal,2022,4
Refining,Operations,Hassi Messaoud,Block 1,Equipment-3886,EQ-03886,combustion,Fuel Gas,2223.0,gal,2023,1
Exploration & Production,Logistics,In Salah,Area X,Equipment-3887,EQ-03887,drilling,,8606.0,,2025,5
Marketing,Drilling,Illizi,Block 1,Equipment-3888,EQ-03888,drilling,,1347.97,,2024,2
Exploration & Production,Operations,Hassi R'Mel,Field B,Equipment-3889,EQ-03889,combustion,Diesel,6478.66,gal,2022,4
Transportation,Logistics,Illizi,Block 2,Equipment-3890,EQ-03890,flaring,Propane,4745.51,gal,2022,11
Exploration & Production,Operations,Hassi R'Mel,Field A,Equipment-3891,EQ-03891,combustion,,3992.09,,2022,8
Refining,Production,Illizi,Area Y,Equipment-3892,EQ-03892,drilling,,6444.72,,2023,11
Marketing,Production,Adrar,Area X,Equipment-3893,EQ-03893,combustion,Diesel,6518.9,gal,2022,3
Exploration & Production,Logistics,Adrar,Block 1,Equipment-3894,EQ-03894,drilling,,5866.49,,2025,12
Marketing,Drilling,In Salah,Area Y,Equipment-3895,EQ-03895,combustion,,2115.2,,2024,3
Exploration & Production,Operations,Adrar,Block 1,Equipment-3896,EQ-03896,combustion,Fuel Gas,6997.99,gal,2025,3
Marketing,Logistics,Adrar,Field A,Equipment-3897,EQ-03897,fugitive,,3623.57,,2022,7
Refining,Drilling,In Salah,Block 2,Equipment-3898,EQ-03898,combustion,Propane,5014.28,gal,2025,4
Exploration & Production,Drilling,In Salah,Field B,Equipment-3899,EQ-03899,combustion,Fuel Gas,874.55,gal,2024,2
Exploration & Production,Operations,Hassi Messaoud,Block 1,Equipment-3900,EQ-03900,drilling,,2003.23,,2024,10
Exploration & Production,Drilling,Berkine,Area X,Equipment-3901,EQ-03901,venting,,9394.4,,2024,5
Marketing,Logistics,Adrar,Field B,Equipment-3902,EQ-03902,venting,,9885.92,,2022,9
Exploration & Production,Logistics,Rhourde Nouss,Field A,Equipment-3903,EQ-03903,combustion,Fuel Gas,2072.51,gal,2023,12
Transportation,Logistics,Illizi,Block 1,Equipment-3904,EQ-03904,flaring,Natural Gas,2551.57,scf,2023,3
Exploration & Production,Drilling,In Salah,Field B,Equipment-3905,EQ-03905,flaring,Natural Gas,5773.47,scf,2024,5
Transportation,Drilling,Illizi,Block 2,Equipment-3906,EQ-03906,fugitive,,2591.39,,2023,10
Refining,Logistics,Hassi R'Mel,Field B,Equipment-3907,EQ-03907,venting,,5441.79,,2025,7
Transportation,Production,Illizi,Block 1,Equipment-3908,EQ-03908,venting,,303.4,,2022,4
Refining,Logistics,Adrar,Block 1,Equipment-3909,EQ-03909,drilling,,8160.78,,2023,2
Marketing,Logistics,Hassi R'Mel,Field B,Equipment-3910,EQ-03910,combustion,Diesel,1516.87,gal,2022,2
Refining,Drilling,In Salah,Area Y,Equipment-3911,EQ-03911,flaring,Natural Gas,6072.94,scf,2025,1
Refining,Operations,Adrar,Area X,Equipment-3912,EQ-03912,drilling,,145.15,,2025,7
Transportation,Drilling,Berkine,Area Y,Equipment-3913,EQ-03913,flaring,Diesel,835.04,gal,2024,3
Exploration & Production,Operations,Illizi,Field A,Equipment-3914,EQ-03914,venting,,8927.34,,2022,4
Marketing,Drilling,Adrar,Area X,Equipment-3915,EQ-03915,combustion,Natural Gas,6200.77,scf,2024,7
Refining,Operations,Hassi Messaoud,Field A,Equipment-3916,EQ-03916,combustion,Propane,7551.11,gal,2025,7
Refining,Drilling,In Salah,Field B,Equipment-3917,EQ-03917,venting,,9385.14,,2024,6
Transportation,Logistics,Rhourde Nouss,Block 1,Equipment-3918,EQ-03918,venting,,6301.34,,2024,9
Refining,Production,Rhourde Nouss,Field B,Equipment-3919,EQ-03919,flaring,Fuel Gas,1699.69,gal,2024,1
Marketing,Logistics,Adrar,Field A,Equipment-3920,EQ-03920,combustion,,7721.41,,2024,12
Refining,Production,Hassi Messaoud,Area Y,Equipment-3921,EQ-03921,drilling,,6900.81,,2022,8
Refining,Drilling,Hassi Messaoud,Block 1,Equipment-3922,EQ-03922,drilling,,5159.29,,2023,11
Refining,Production,In Salah,Area Y,Equipment-3923,EQ-03923,fugitive,,8241.41,,2022,7
Transportation,Logistics,Hassi R'Mel,Area X,Equipment-3924,EQ-03924,drilling,,5937.6,,2022,5
Marketing,Drilling,Berkine,Area X,Equipment-3925,EQ-03925,combustion,Fuel Gas,3651.86,gal,2024,8
Marketing,Logistics,Hassi Messaoud,Area X,Equipment-3926,EQ-03926,fugitive,,1338.45,,2024,5
Refining,Production,In Salah,Block 2,Equipment-3927,EQ-03927,venting,,976.82,,2025,11
Exploration & Production,Production,Hassi R'Mel,Area X,Equipment-3928,EQ-03928,flaring,Propane,5722.86,gal,2023,1
Refining,Production,Hassi R'Mel,Block 1,Equipment-3929,EQ-03929,fugitive,,4937.74,,2025,12
Refining,Production,Adrar,Field A,Equipment-3930,EQ-03930,drilling,,41.44,,2023,10
Marketing,Drilling,In Salah,Block 2,Equipment-3931,EQ-03931,venting,,41.93,,2022,9
Exploration & Production,Operations,Rhourde Nouss,Area Y,Equipment-3932,EQ-03932,venting,,8919.15,,2025,12
Transportation,Production,Rhourde Nouss,Area Y,Equipment-3933,EQ-03933,fugitive,,2326.3,,2024,7
Transportation,Production,Hassi R'Mel,Field B,Equipment-3934,EQ-03934,drilling,,7361.1,,2024,3
Exploration & Production,Production,Hassi Messaoud,Block 1,Equipment-3935,EQ-03935,drilling,,7798.83,,2023,7
Refining,Logistics,Berkine,Block 1,Equipment-3936,EQ-03936,combustion,Diesel,2969.18,gal,2023,2
Refining,Operations,Illizi,Area X,Equipment-3937,EQ-03937,flaring,Diesel,8190.39,gal,2022,5
Exploration & Production,Logistics,Rhourde Nouss,Block 2,Equipment-3938,EQ-03938,drilling,,9212.51,,2023,10
Exploration & Production,Logistics,Illizi,Block 1,Equipment-3939,EQ-03939,drilling,,6626.49,,2025,1
Transportation,Production,Berkine,Area X,Equipment-3940,EQ-03940,venting,,3098.47,,2024,1
Marketing,Operations,Hassi R'Mel,Field B,Equipment-3941,EQ-03941,flaring,Natural Gas,3776.56,scf,2024,3
Exploration & Production,Operations,Berkine,Block 2,Equipment-3942,EQ-03942,fugitive,,1676.42,,2023,5
Marketing,Production,In Salah,Area Y,Equipment-3943,EQ-03943,flaring,Fuel Gas,1211.47,gal,2024,8
Refining,Operations,Hassi Messaoud,Block 1,Equipment-3944,EQ-03944,drilling,,5376.59,,2025,6
Refining,Production,In Salah,Area Y,Equipment-3945,EQ-03945,combustion,Diesel,7351.29,gal,2023,6
Refining,Operations,Hassi R'Mel,Area X,Equipment-3946,EQ-03946,venting,,9190.83,,2022,11
Exploration & Production,Logistics,Hassi R'Mel,Field B,Equipment-3947,EQ-03947,drilling,,7174.37,,2025,12
Marketing,Operations,Illizi,Area Y,Equipment-3948,EQ-03948,combustion,Diesel,8851.59,gal,2023,11
Marketing,Drilling,Hassi Messaoud,Block 2,Equipment-3949,EQ-03949,combustion,Diesel,8259.27,gal,2024,2
Marketing,Production,Illizi,Field B,Equipment-3950,EQ-03950,fugitive,,1595.37,,2025,11
Transportation,Production,Hassi R'Mel,Area Y,Equipment-3951,EQ-03951,venting,,7808.79,,2023,5
Exploration & Production,Operations,Rhourde Nouss,Field A,Equipment-3952,EQ-03952,flaring,Propane,1300.68,gal,2023,10
Refining,Operations,Hassi Messaoud,Block 1,Equipment-3953,EQ-03953,venting,,3083.61,,2022,4
Refining,Production,Illizi,Field A,Equipment-3954,EQ-03954,drilling,,9117.33,,2022,10
Refining,Logistics,Hassi R'Mel,Field A,Equipment-3955,EQ-03955,flaring,Fuel Gas,9906.95,gal,2023,1
Marketing,Operations,Hassi Messaoud,Block 2,Equipment-3956,EQ-03956,drilling,,2301.31,,2024,8
Marketing,Production,Berkine,Area Y,Equipment-3957,EQ-03957,flaring,Diesel,4347.71,gal,2023,7
Transportation,Drilling,Hassi Messaoud,Area X,Equipment-3958,EQ-03958,combustion,,2363.06,,2023,2
Marketing,Production,Illizi,Field A,Equipment-3959,EQ-03959,drilling,,4501.34,,2023,10
Exploration & Production,Logistics,Hassi Messaoud,Field B,Equipment-3960,EQ-03960,venting,,1456.12,,2022,7
Marketing,Operations,Rhourde Nouss,Block 1,Equipment-3961,EQ-03961,fugitive,,4061.92,,2025,6
Marketing,Logistics,Hassi R'Mel,Area Y,Equipment-3962,EQ-03962,combustion,Diesel,5395.21,gal,2022,10
Marketing,Production,Illizi,Area X,Equipment-3963,EQ-03963,fugitive,,3391.19,,2025,2
Marketing,Operations,In Salah,Area X,Equipment-3964,EQ-03964,flaring,Propane,3765.99,gal,2024,3
Exploration & Production,Logistics,Berkine,Area X,Equipment-3965,EQ-03965,combustion,Diesel,281.6,gal,2023,5
Marketing,Logistics,Hassi R'Mel,Field A,Equipment-3966,EQ-03966,flaring,,7314.09,,2025,11
Transportation,Drilling,Illizi,Block 2,Equipment-3967,EQ-03967,combustion,Fuel Gas,6877.4,gal,2024,5
Exploration & Production,Logistics,Berkine,Area X,Equipment-3968,EQ-03968,drilling,,9819.64,,2022,7
Exploration & Production,Operations,Hassi R'Mel,Area X,Equipment-3969,EQ-03969,drilling,,1796.31,,2022,11
Refining,Logistics,Illizi,Field B,Equipment-3970,EQ-03970,combustion,Diesel,8961.91,gal,2024,2
Exploration & Production,Operations,In Salah,Block 1,Equipment-3971,EQ-03971,flaring,Propane,8626.21,gal,2025,12
Refining,Operations,Adrar,Block 2,Equipment-3972,EQ-03972,drilling,,8419.01,,2023,7
Refining,Production,Berkine,Area X,Equipment-3973,EQ-03973,venting,,9101.75,,2025,4
Refining,Operations,Rhourde Nouss,Block 1,Equipment-3974,EQ-03974,drilling,,7836.52,,2022,12
Marketing,Logistics,In Salah,Area X,Equipment-3975,EQ-03975,venting,,2996.76,,2022,8
Transportation,Operations,Hassi Messaoud,Block 2,Equipment-3976,EQ-03976,flaring,Fuel Gas,2035.93,gal,2023,4
Transportation,Drilling,In Salah,Field B,Equipment-3977,EQ-03977,drilling,,1751.43,,2022,6
Transportation,Drilling,Berkine,Block 2,Equipment-3978,EQ-03978,venting,,8797.13,,2024,5
Refining,Logistics,Adrar,Area X,Equipment-3979,EQ-03979,flaring,,741.89,,2025,2
Refining,Operations,Adrar,Block 2,Equipment-3980,EQ-03980,combustion,Diesel,1530.57,gal,2022,12
Transportation,Operations,Hassi R'Mel,Block 2,Equipment-3981,EQ-03981,combustion,Natural Gas,7765.45,scf,2025,11
Transportation,Drilling,Berkine,Field A,Equipment-3982,EQ-03982,drilling,,4358.16,,2025,4
Refining,Operations,Berkine,Field A,Equipment-3983,EQ-03983,venting,,8068.52,,2022,1
Refining,Drilling,Hassi Messaoud,Area X,Equipment-3984,EQ-03984,combustion,Fuel Gas,3766.9,gal,2025,9
Transportation,Drilling,In Salah,Field A,Equipment-3985,EQ-03985,drilling,,3595.63,,2022,7
Transportation,Logistics,Hassi R'Mel,Field A,Equipment-3986,EQ-03986,fugitive,,1108.64,,2025,1
Exploration & Production,Operations,In Salah,Block 2,Equipment-3987,EQ-03987,combustion,Natural Gas,5736.01,scf,2022,12
Refining,Logistics,Hassi Messaoud,Area Y,Equipment-3988,EQ-03988,combustion,Diesel,3064.06,gal,2023,1
Refining,Production,Rhourde Nouss,Field A,Equipment-3989,EQ-03989,flaring,Fuel Gas,8548.24,gal,2024,4
Exploration & Production,Production,Hassi R'Mel,Block 1,Equipment-3990,EQ-03990,venting,,5527.98,,2025,3
Refining,Drilling,Adrar,Area Y,Equipment-3991,EQ-03991,combustion,Propane,8219.89,gal,2025,12
Marketing,Logistics,Hassi Messaoud,Field A,Equipment-3992,EQ-03992,fugitive,,3818.65,,2024,10
Refining,Production,Berkine,Block 2,Equipment-3993,EQ-03993,combustion,,1586.72,,2022,3
Refining,Operations,Illizi,Block 1,Equipment-3994,EQ-03994,drilling,,7535.44,,2024,3
Transportation,Operations,Adrar,Field A,Equipment-3995,EQ-03995,drilling,,6190.1,,2023,2
Transportation,Drilling,In Salah,Area Y,Equipment-3996,EQ-03996,venting,,4652.47,,2023,8
Exploration & Production,Drilling,Illizi,Area X,Equipment-3997,EQ-03997,venting,,9480.46,,2025,11
Transportation,Production,Hassi R'Mel,Block 2,Equipment-3998,EQ-03998,fugitive,,9883.75,,2023,9
Exploration & Production,Logistics,Hassi R'Mel,Block 2,Equipment-3999,EQ-03999,drilling,,8106.22,,2025,7
Transportation,Drilling,Rhourde Nouss,Area X,Equipment-4000,EQ-04000,venting,,5445.23,,2024,11
Transportation,Drilling,Adrar,Block 2,Equipment-4001,EQ-04001,combustion,Natural Gas,6609.34,scf,2022,5
Exploration & Production,Drilling,Illizi,Field B,Equipment-4002,EQ-04002,drilling,,3626.44,,2023,12
Transportation,Production,Berkine,Field A,Equipment-4003,EQ-04003,fugitive,,3348.43,,2024,10
Transportation,Production,Hassi Messaoud,Block 2,Equipment-4004,EQ-04004,fugitive,,9353.84,,2025,8
Marketing,Drilling,In Salah,Area Y,Equipment-4005,EQ-04005,fugitive,,3922.34,,2025,11
Marketing,Logistics,In Salah,Field A,Equipment-4006,EQ-04006,venting,,3315.54,,2025,5
Exploration & Production,Operations,Rhourde Nouss,Field A,Equipment-4007,EQ-04007,drilling,,1483.71,,2024,7
Refining,Drilling,Rhourde Nouss,Block 2,Equipment-4008,EQ-04008,combustion,Propane,9619.24,gal,2024,6
Marketing,Drilling,Hassi R'Mel,Block 1,Equipment-4009,EQ-04009,flaring,Propane,6193.51,gal,2022,8
Transportation,Drilling,In Salah,Field B,Equipment-4010,EQ-04010,flaring,Propane,2553.19,gal,2022,3
Refining,Logistics,Adrar,Block 2,Equipment-4011,EQ-04011,drilling,,9317.47,,2023,3
Exploration & Production,Logistics,Rhourde Nouss,Block 2,Equipment-4012,EQ-04012,drilling,,9585.25,,2022,3
Transportation,Logistics,In Salah,Area X,Equipment-4013,EQ-04013,drilling,,1372.41,,2023,4
Exploration & Production,Operations,Adrar,Field B,Equipment-4014,EQ-04014,combustion,Propane,5814.45,gal,2023,8
Transportation,Drilling,Adrar,Area Y,Equipment-4015,EQ-04015,flaring,Propane,7759.06,gal,2024,10
Exploration & Production,Drilling,In Salah,Block 2,Equipment-4016,EQ-04016,combustion,Fuel Gas,2211.4,gal,2022,6
Refining,Drilling,Berkine,Block 1,Equipment-4017,EQ-04017,flaring,,7277.81,,2024,5
Refining,Production,Hassi R'Mel,Block 1,Equipment-4018,EQ-04018,drilling,,9797.62,,2025,11
Marketing,Drilling,Hassi R'Mel,Field B,Equipment-4019,EQ-04019,venting,,867.11,,2024,2
Transportation,Drilling,Rhourde Nouss,Area Y,Equipment-4020,EQ-04020,drilling,,1385.87,,2024,5
Exploration & Production,Logistics,Rhourde Nouss,Block 2,Equipment-4021,EQ-04021,drilling,,7070.46,,2022,10
Transportation,Production,Rhourde Nouss,Area Y,Equipment-4022,EQ-04022,venting,,8815.71,,2023,4
Marketing,Operations,Illizi,Block 2,Equipment-4023,EQ-04023,flaring,,5753.45,,2023,4
Exploration & Production,Production,In Salah,Block 2,Equipment-4024,EQ-04024,venting,,5566.36,,2024,6
Exploration & Production,Operations,Rhourde Nouss,Block 2,Equipment-4025,EQ-04025,combustion,Diesel,7206.99,gal,2022,12
Transportation,Operations,Rhourde Nouss,Field B,Equipment-4026,EQ-04026,fugitive,,6818.0,,2025,7
Exploration & Production,Logistics,Adrar,Field A,Equipment-4027,EQ-04027,drilling,,741.47,,2025,2
Marketing,Production,Illizi,Area X,Equipment-4028,EQ-04028,drilling,,9746.35,,2022,12
Exploration & Production,Drilling,Adrar,Block 1,Equipment-4029,EQ-04029,fugitive,,823.57,,2023,8
Marketing,Operations,Illizi,Block 2,Equipment-4030,EQ-04030,combustion,Propane,4433.85,gal,2023,10
Transportation,Operations,In Salah,Block 2,Equipment-4031,EQ-04031,venting,,9495.9,,2022,10
Exploration & Production,Drilling,In Salah,Field B,Equipment-4032,EQ-04032,flaring,Natural Gas,7141.7,scf,2025,12
Exploration & Production,Drilling,Adrar,Block 1,Equipment-4033,EQ-04033,combustion,Natural Gas,8671.91,scf,2022,4
Refining,Drilling,Hassi R'Mel,Block 2,Equipment-4034,EQ-04034,fugitive,,3556.58,,2023,11
Marketing,Production,Adrar,Area Y,Equipment-4035,EQ-04035,drilling,,8508.28,,2022,5
Transportation,Drilling,In Salah,Area Y,Equipment-4036,EQ-04036,combustion,Natural Gas,3796.74,scf,2022,4
Transportation,Drilling,Hassi Messaoud,Area Y,Equipment-4037,EQ-04037,fugitive,,9167.69,,2023,5
Marketing,Drilling,Hassi Messaoud,Area Y,Equipment-4038,EQ-04038,flaring,Propane,6528.13,gal,2023,9
Marketing,Operations,Hassi Messaoud,Block 1,Equipment-4039,EQ-04039,flaring,,6502.62,,2023,10
Exploration & Production,Drilling,Hassi Messaoud,Block 1,Equipment-4040,EQ-04040,venting,,715.29,,2023,11
Refining,Operations,Rhourde Nouss,Area Y,Equipment-4041,EQ-04041,venting,,5989.9,,2023,4
Marketing,Production,Berkine,Field B,Equipment-4042,EQ-04042,flaring,Fuel Gas,3066.99,gal,2025,11
Refining,Operations,Adrar,Block 1,Equipment-4043,EQ-04043,flaring,,6520.73,,2025,3
Transportation,Production,Illizi,Field B,Equipment-4044,EQ-04044,venting,,6307.42,,2023,11
Transportation,Production,Hassi R'Mel,Block 2,Equipment-4045,EQ-04045,combustion,Diesel,4795.16,gal,2023,1
Exploration & Production,Production,In Salah,Field B,Equipment-4046,EQ-04046,combustion,Diesel,1386.54,gal,2023,7
Exploration & Production,Production,Rhourde Nouss,Field B,Equipment-4047,EQ-04047,combustion,,2140.43,,2022,8
Exploration & Production,Drilling,Hassi Messaoud,Field B,Equipment-4048,EQ-04048,fugitive,,1767.64,,2022,6
Marketing,Drilling,Rhourde Nouss,Block 2,Equipment-4049,EQ-04049,combustion,,7761.5,,2023,4
Exploration & Production,Operations,Adrar,Area Y,Equipment-4050,EQ-04050,drilling,,8437.6,,2025,2
Exploration & Production,Drilling,Illizi,Block 2,Equipment-4051,EQ-04051,fugitive,,1500.66,,2024,6
Transportation,Production,Rhourde Nouss,Field A,Equipment-4052,EQ-04052,drilling,,6199.53,,2023,5
Exploration & Production,Operations,In Salah,Block 1,Equipment-4053,EQ-04053,venting,,977.53,,2024,4
Marketing,Production,Adrar,Area Y,Equipment-4054,EQ-04054,venting,,536.52,,2022,4
Refining,Operations,In Salah,Area Y,Equipment-4055,EQ-04055,flaring,Propane,164.25,gal,2025,2
Transportation,Production,In Salah,Block 1,Equipment-4056,EQ-04056,fugitive,,7177.17,,2025,5
Marketing,Operations,In Salah,Area X,Equipment-4057,EQ-04057,fugitive,,685.6,,2024,4
Transportation,Operations,Berkine,Area Y,Equipment-4058,EQ-04058,flaring,Diesel,2690.95,gal,2025,12
Marketing,Logistics,Illizi,Block 1,Equipment-4059,EQ-04059,flaring,Fuel Gas,3112.29,gal,2022,7
Refining,Operations,Rhourde Nouss,Block 2,Equipment-4060,EQ-04060,flaring,Fuel Gas,9029.52,gal,2022,12
Exploration & Production,Logistics,Adrar,Block 1,Equipment-4061,EQ-04061,combustion,Propane,273.5,gal,2022,2
Transportation,Operations,Berkine,Field A,Equipment-4062,EQ-04062,combustion,Fuel Gas,4817.01,gal,2025,7
Transportation,Drilling,Hassi Messaoud,Block 1,Equipment-4063,EQ-04063,fugitive,,8958.33,,2022,10
Refining,Logistics,In Salah,Field B,Equipment-4064,EQ-04064,drilling,,3826.5,,2023,3
Marketing,Logistics,Illizi,Area Y,Equipment-4065,EQ-04065,combustion,Fuel Gas,7559.43,gal,2022,4
Transportation,Production,Rhourde Nouss,Block 2,Equipment-4066,EQ-04066,flaring,Propane,4007.36,gal,2023,7
Marketing,Drilling,Illizi,Field A,Equipment-4067,EQ-04067,flaring,Natural Gas,3017.71,scf,2022,1
Exploration & Production,Operations,Adrar,Area X,Equipment-4068,EQ-04068,drilling,,7319.91,,2025,2
Exploration & Production,Production,In Salah,Block 1,Equipment-4069,EQ-04069,combustion,Propane,9316.62,gal,2023,4
Refining,Operations,Rhourde Nouss,Block 2,Equipment-4070,EQ-04070,flaring,,313.52,,2025,3
Exploration & Production,Operations,Hassi R'Mel,Block 2,Equipment-4071,EQ-04071,combustion,Fuel Gas,9888.17,gal,2025,1
Exploration & Production,Production,Hassi Messaoud,Area X,Equipment-4072,EQ-04072,venting,,8325.3,,2022,6
Refining,Operations,Illizi,Block 1,Equipment-4073,EQ-04073,flaring,,8155.89,,2025,1
Marketing,Logistics,Berkine,Area Y,Equipment-4074,EQ-04074,venting,,710.69,,2023,12
Marketing,Drilling,Illizi,Block 1,Equipment-4075,EQ-04075,flaring,Diesel,1732.18,gal,2022,6
Refining,Production,Rhourde Nouss,Area X,Equipment-4076,EQ-04076,drilling,,8088.31,,2022,5
Refining,Logistics,Adrar,Field B,Equipment-4077,EQ-04077,combustion,Propane,7985.38,gal,2025,6
Marketing,Logistics,Hassi Messaoud,Block 2,Equipment-4078,EQ-04078,flaring,,1020.48,,2023,6
Transportation,Drilling,Rhourde Nouss,Area Y,Equipment-4079,EQ-04079,drilling,,4701.15,,2025,8
Refining,Operations,Illizi,Area Y,Equipment-4080,EQ-04080,flaring,Natural Gas,2449.44,scf,2025,3
Exploration & Production,Logistics,Berkine,Area X,Equipment-4081,EQ-04081,drilling,,6914.7,,2025,2
Refining,Logistics,Rhourde Nouss,Field B,Equipment-4082,EQ-04082,combustion,Diesel,474.78,gal,2024,12
Exploration & Production,Logistics,In Salah,Field A,Equipment-4083,EQ-04083,venting,,1505.05,,2023,12
Exploration & Production,Operations,In Salah,Block 2,Equipment-4084,EQ-04084,venting,,8220.94,,2025,5
Transportation,Drilling,Hassi Messaoud,Field A,Equipment-4085,EQ-04085,combustion,Propane,8320.07,gal,2025,10
Marketing,Logistics,Illizi,Area X,Equipment-4086,EQ-04086,drilling,,7832.75,,2023,11
Exploration & Production,Logistics,In Salah,Area Y,Equipment-4087,EQ-04087,combustion,Diesel,2212.0,gal,2024,4
Refining,Operations,Rhourde Nouss,Block 2,Equipment-4088,EQ-04088,venting,,5887.32,,2022,5
Exploration & Production,Logistics,Hassi R'Mel,Block 2,Equipment-4089,EQ-04089,fugitive,,6870.02,,2024,7
Transportation,Operations,Hassi Messaoud,Block 2,Equipment-4090,EQ-04090,combustion,Propane,4882.34,gal,2022,12
Refining,Logistics,Hassi Messaoud,Area X,Equipment-4091,EQ-04091,drilling,,4484.02,,2023,12
Marketing,Drilling,Adrar,Area X,Equipment-4092,EQ-04092,fugitive,,293.78,,2022,9
Marketing,Logistics,Hassi R'Mel,Block 1,Equipment-4093,EQ-04093,fugitive,,6864.39,,2024,1
Exploration & Production,Drilling,Hassi Messaoud,Block 2,Equipment-4094,EQ-04094,flaring,Propane,3439.0,gal,2023,10
Marketing,Production,Hassi R'Mel,Field A,Equipment-4095,EQ-04095,venting,,2019.02,,2022,12
Transportation,Drilling,Berkine,Field B,Equipment-4096,EQ-04096,flaring,Fuel Gas,4942.19,gal,2024,12
Transportation,Operations,Berkine,Area Y,Equipment-4097,EQ-04097,flaring,Diesel,4935.56,gal,2025,7
Refining,Drilling,Rhourde Nouss,Area Y,Equipment-4098,EQ-04098,drilling,,3399.21,,2025,2
Refining,Production,Hassi R'Mel,Block 2,Equipment-4099,EQ-04099,fugitive,,9026.33,,2025,6
Refining,Drilling,Hassi R'Mel,Field B,Equipment-4100,EQ-04100,combustion,Natural Gas,9406.16,scf,2024,1
Refining,Drilling,Hassi Messaoud,Block 1,Equipment-4101,EQ-04101,combustion,,4266.57,,2025,8
Refining,Logistics,Rhourde Nouss,Field A,Equipment-4102,EQ-04102,combustion,Propane,858.85,gal,2023,12
Refining,Production,Adrar,Block 2,Equipment-4103,EQ-04103,flaring,,6667.08,,2024,6
Transportation,Production,Hassi R'Mel,Area X,Equipment-4104,EQ-04104,fugitive,,705.72,,2025,11
Refining,Production,Adrar,Area X,Equipment-4105,EQ-04105,combustion,,8625.98,,2022,7
Exploration & Production,Drilling,Hassi R'Mel,Field B,Equipment-4106,EQ-04106,combustion,Propane,2265.23,gal,2023,3
Exploration & Production,Operations,Berkine,Field A,Equipment-4107,EQ-04107,combustion,Natural Gas,8941.81,scf,2022,11
Exploration & Production,Logistics,Hassi Messaoud,Block 1,Equipment-4108,EQ-04108,flaring,Fuel Gas,9040.95,gal,2025,3
Marketing,Drilling,Adrar,Field A,Equipment-4109,EQ-04109,fugitive,,1479.06,,2025,6
Refining,Operations,Berkine,Block 2,Equipment-4110,EQ-04110,combustion,Diesel,626.93,gal,2022,7
Exploration & Production,Operations,Hassi Messaoud,Block 2,Equipment-4111,EQ-04111,drilling,,4359.11,,2025,6
Marketing,Logistics,Hassi Messaoud,Block 1,Equipment-4112,EQ-04112,flaring,Fuel Gas,6169.3,gal,2025,4
Transportation,Logistics,Berkine,Block 2,Equipment-4113,EQ-04113,combustion,Propane,6088.48,gal,2024,3
Refining,Logistics,Hassi R'Mel,Area X,Equipment-4114,EQ-04114,drilling,,8008.46,,2025,1
Marketing,Operations,Hassi Messaoud,Area Y,Equipment-4115,EQ-04115,flaring,Propane,5841.83,gal,2025,2
Refining,Drilling,Berkine,Area Y,Equipment-4116,EQ-04116,fugitive,,8752.17,,2025,5
Refining,Logistics,Hassi Messaoud,Area Y,Equipment-4117,EQ-04117,drilling,,6463.13,,2023,2
Marketing,Operations,Hassi R'Mel,Field A,Equipment-4118,EQ-04118,venting,,7282.0,,2025,7
Refining,Logistics,Hassi R'Mel,Field B,Equipment-4119,EQ-04119,flaring,Propane,2291.18,gal,2025,9
Marketing,Production,Illizi,Area Y,Equipment-4120,EQ-04120,venting,,6065.73,,2024,4
Transportation,Logistics,Adrar,Block 1,Equipment-4121,EQ-04121,venting,,2182.11,,2022,4
Marketing,Operations,Adrar,Field A,Equipment-4122,EQ-04122,fugitive,,2030.89,,2024,2
Refining,Logistics,In Salah,Block 2,Equipment-4123,EQ-04123,flaring,Fuel Gas,762.07,gal,2023,7
Exploration & Production,Drilling,Hassi R'Mel,Field B,Equipment-4124,EQ-04124,drilling,,8162.88,,2024,11
Exploration & Production,Logistics,Berkine,Area X,Equipment-4125,EQ-04125,flaring,,7482.66,,2022,3
Refining,Operations,Hassi R'Mel,Field A,Equipment-4126,EQ-04126,fugitive,,2039.16,,2023,6
Marketing,Production,Hassi Messaoud,Block 1,Equipment-4127,EQ-04127,fugitive,,6571.64,,2024,1
Exploration & Production,Operations,Hassi R'Mel,Area Y,Equipment-4128,EQ-04128,drilling,,9582.79,,2023,7
Transportation,Logistics,Rhourde Nouss,Block 2,Equipment-4129,EQ-04129,drilling,,6773.0,,2023,6
Marketing,Drilling,Hassi Messaoud,Block 1,Equipment-4130,EQ-04130,combustion,Natural Gas,3641.32,scf,2025,3
Refining,Drilling,In Salah,Block 1,Equipment-4131,EQ-04131,fugitive,,1811.03,,2025,7
Marketing,Operations,Hassi Messaoud,Field A,Equipment-4132,EQ-04132,fugitive,,1271.82,,2023,3
Refining,Drilling,In Salah,Field B,Equipment-4133,EQ-04133,venting,,3090.21,,2024,11
Transportation,Logistics,Adrar,Block 2,Equipment-4134,EQ-04134,flaring,,681.31,,2025,2
Refining,Logistics,Rhourde Nouss,Field B,Equipment-4135,EQ-04135,combustion,Natural Gas,2200.18,scf,2024,7
Refining,Drilling,Hassi R'Mel,Block 2,Equipment-4136,EQ-04136,drilling,,9059.97,,2024,10
Refining,Operations,Hassi Messaoud,Area Y,Equipment-4137,EQ-04137,fugitive,,2669.09,,2022,7
Transportation,Operations,Adrar,Area Y,Equipment-4138,EQ-04138,drilling,,8880.91,,2022,7
Exploration & Production,Operations,Hassi R'Mel,Field B,Equipment-4139,EQ-04139,fugitive,,3728.79,,2024,9
Refining,Operations,Rhourde Nouss,Area Y,Equipment-4140,EQ-04140,drilling,,8781.72,,2022,5
Transportation,Operations,Rhourde Nouss,Field B,Equipment-4141,EQ-04141,drilling,,6295.15,,2025,2
Exploration & Production,Operations,Berkine,Block 2,Equipment-4142,EQ-04142,fugitive,,4364.97,,2023,2
Transportation,Drilling,Adrar,Area X,Equipment-4143,EQ-04143,combustion,Natural Gas,7834.42,scf,2025,5
Refining,Drilling,Adrar,Field B,Equipment-4144,EQ-04144,venting,,7297.46,,2023,12
Refining,Drilling,Berkine,Field A,Equipment-4145,EQ-04145,venting,,6917.5,,2023,1
Marketing,Logistics,Rhourde Nouss,Field A,Equipment-4146,EQ-04146,drilling,,8083.62,,2024,5
Marketing,Drilling,Berkine,Block 1,Equipment-4147,EQ-04147,drilling,,8566.85,,2025,4
Refining,Operations,Hassi Messaoud,Block 1,Equipment-4148,EQ-04148,venting,,5234.4,,2023,7
Refining,Operations,In Salah,Field B,Equipment-4149,EQ-04149,fugitive,,7452.02,,2023,6
Exploration & Production,Drilling,Berkine,Field B,Equipment-4150,EQ-04150,fugitive,,5686.95,,2022,6
Marketing,Production,Hassi R'Mel,Area Y,Equipment-4151,EQ-04151,venting,,9327.46,,2024,8
Transportation,Production,Rhourde Nouss,Field A,Equipment-4152,EQ-04152,fugitive,,3453.71,,2025,1
Marketing,Logistics,Adrar,Field B,Equipment-4153,EQ-04153,flaring,Fuel Gas,3919.14,gal,2025,2
Refining,Operations,Berkine,Area Y,Equipment-4154,EQ-04154,fugitive,,6998.37,,2024,12
Marketing,Logistics,Adrar,Block 1,Equipment-4155,EQ-04155,venting,,3813.84,,2023,1
Refining,Logistics,Hassi Messaoud,Block 1,Equipment-4156,EQ-04156,fugitive,,7995.7,,2024,5
Marketing,Operations,Illizi,Field B,Equipment-4157,EQ-04157,combustion,Diesel,1419.52,gal,2024,2
Exploration & Production,Production,Berkine,Area Y,Equipment-4158,EQ-04158,venting,,4904.93,,2025,7
Exploration & Production,Production,Adrar,Field B,Equipment-4159,EQ-04159,flaring,,5780.44,,2025,1
Transportation,Production,Hassi R'Mel,Field A,Equipment-4160,EQ-04160,drilling,,3822.53,,2024,7
Marketing,Production,Adrar,Block 1,Equipment-4161,EQ-04161,drilling,,4580.56,,2025,7
Exploration & Production,Production,Berkine,Field A,Equipment-4162,EQ-04162,drilling,,8591.87,,2025,7
Transportation,Drilling,Rhourde Nouss,Field B,Equipment-4163,EQ-04163,fugitive,,9726.64,,2022,5
Transportation,Drilling,Illizi,Field B,Equipment-4164,EQ-04164,flaring,Diesel,3304.55,gal,2023,6
Exploration & Production,Logistics,Rhourde Nouss,Area Y,Equipment-4165,EQ-04165,venting,,5448.14,,2022,12
Transportation,Drilling,Hassi Messaoud,Block 2,Equipment-4166,EQ-04166,fugitive,,5663.77,,2022,11
Exploration & Production,Logistics,Berkine,Field A,Equipment-4167,EQ-04167,flaring,Natural Gas,5926.39,scf,2023,5
Transportation,Production,Illizi,Field B,Equipment-4168,EQ-04168,venting,,2354.25,,2022,12
Marketing,Production,Hassi R'Mel,Field B,Equipment-4169,EQ-04169,fugitive,,3495.88,,2023,11
Marketing,Production,Berkine,Field A,Equipment-4170,EQ-04170,flaring,Propane,8877.37,gal,2025,9
Transportation,Logistics,Rhourde Nouss,Block 1,Equipment-4171,EQ-04171,venting,,4352.75,,2025,7
Exploration & Production,Logistics,In Salah,Block 2,Equipment-4172,EQ-04172,flaring,Fuel Gas,6891.15,gal,2025,8
Exploration & Production,Logistics,Hassi Messaoud,Field A,Equipment-4173,EQ-04173,fugitive,,6494.5,,2024,9
Transportation,Logistics,Illizi,Area Y,Equipment-4174,EQ-04174,venting,,5840.81,,2024,1
Transportation,Operations,Hassi R'Mel,Area Y,Equipment-4175,EQ-04175,combustion,Fuel Gas,9290.48,gal,2023,1
Transportation,Drilling,Illizi,Area Y,Equipment-4176,EQ-04176,flaring,Fuel Gas,7202.92,gal,2022,9
Refining,Logistics,Rhourde Nouss,Field A,Equipment-4177,EQ-04177,venting,,5792.48,,2023,4
Exploration & Production,Drilling,Hassi Messaoud,Field B,Equipment-4178,EQ-04178,venting,,4542.94,,2025,8
Transportation,Logistics,Rhourde Nouss,Area X,Equipment-4179,EQ-04179,venting,,9837.53,,2024,7
Exploration & Production,Logistics,In Salah,Field B,Equipment-4180,EQ-04180,drilling,,3063.57,,2025,12
Transportation,Operations,In Salah,Field B,Equipment-4181,EQ-04181,venting,,8599.82,,2024,6
Marketing,Production,Berkine,Block 2,Equipment-4182,EQ-04182,drilling,,5882.59,,2025,4
Marketing,Logistics,Adrar,Block 1,Equipment-4183,EQ-04183,fugitive,,188.89,,2022,2
Refining,Operations,Hassi R'Mel,Field A,Equipment-4184,EQ-04184,venting,,9468.07,,2025,8
Marketing,Operations,Rhourde Nouss,Area X,Equipment-4185,EQ-04185,drilling,,7058.19,,2025,3
Exploration & Production,Production,Hassi R'Mel,Block 2,Equipment-4186,EQ-04186,fugitive,,7512.52,,2022,5
Transportation,Logistics,Hassi R'Mel,Area X,Equipment-4187,EQ-04187,flaring,Propane,3159.5,gal,2022,9
Transportation,Operations,Hassi R'Mel,Field A,Equipment-4188,EQ-04188,venting,,6085.05,,2024,6
Refining,Operations,Hassi R'Mel,Field A,Equipment-4189,EQ-04189,combustion,,8040.3,,2022,8
Exploration & Production,Operations,Rhourde Nouss,Block 1,Equipment-4190,EQ-04190,combustion,Diesel,3860.3,gal,2025,9
Transportation,Production,Adrar,Field A,Equipment-4191,EQ-04191,combustion,Fuel Gas,1844.37,gal,2025,4
Marketing,Logistics,Hassi R'Mel,Block 1,Equipment-4192,EQ-04192,venting,,8033.95,,2023,5
Transportation,Production,Rhourde Nouss,Area Y,Equipment-4193,EQ-04193,flaring,,9668.53,,2023,11
Marketing,Production,Adrar,Block 2,Equipment-4194,EQ-04194,flaring,Fuel Gas,8063.03,gal,2024,10
Marketing,Operations,In Salah,Field B,Equipment-4195,EQ-04195,combustion,Fuel Gas,3084.01,gal,2022,7
Marketing,Drilling,Illizi,Area X,Equipment-4196,EQ-04196,fugitive,,8191.42,,2023,5
Transportation,Operations,Rhourde Nouss,Area X,Equipment-4197,EQ-04197,flaring,,5396.69,,2023,9
Transportation,Production,Adrar,Area Y,Equipment-4198,EQ-04198,flaring,Diesel,2330.43,gal,2024,3
Refining,Drilling,Hassi Messaoud,Field B,Equipment-4199,EQ-04199,flaring,Fuel Gas,3304.11,gal,2024,5
Refining,Production,In Salah,Block 2,Equipment-4200,EQ-04200,drilling,,9660.54,,2025,8
Transportation,Drilling,Adrar,Field B,Equipment-4201,EQ-04201,fugitive,,954.05,,2024,11
Refining,Operations,Berkine,Field A,Equipment-4202,EQ-04202,fugitive,,5265.48,,2022,9
Refining,Production,Hassi R'Mel,Field B,Equipment-4203,EQ-04203,flaring,,3512.32,,2025,1
Exploration & Production,Operations,Rhourde Nouss,Field B,Equipment-4204,EQ-04204,venting,,2716.86,,2025,6
Refining,Logistics,Berkine,Area Y,Equipment-4205,EQ-04205,drilling,,4507.54,,2023,11
Marketing,Operations,Hassi Messaoud,Field A,Equipment-4206,EQ-04206,fugitive,,4437.68,,2023,4
Transportation,Drilling,Hassi R'Mel,Field A,Equipment-4207,EQ-04207,fugitive,,7693.82,,2022,3
Transportation,Drilling,Hassi R'Mel,Field A,Equipment-4208,EQ-04208,flaring,Diesel,830.53,gal,2025,11
Marketing,Logistics,Berkine,Area X,Equipment-4209,EQ-04209,combustion,Natural Gas,3962.02,scf,2023,8
Refining,Logistics,Berkine,Field B,Equipment-4210,EQ-04210,fugitive,,1863.07,,2023,5
Refining,Production,Illizi,Block 1,Equipment-4211,EQ-04211,combustion,Propane,8306.04,gal,2022,11
Marketing,Production,Hassi R'Mel,Field B,Equipment-4212,EQ-04212,venting,,1750.36,,2025,12
Transportation,Production,Rhourde Nouss,Block 1,Equipment-4213,EQ-04213,flaring,Natural Gas,6249.24,scf,2023,5
Refining,Operations,Hassi Messaoud,Field B,Equipment-4214,EQ-04214,fugitive,,7027.65,,2025,3
Refining,Drilling,Adrar,Field B,Equipment-4215,EQ-04215,venting,,8758.48,,2022,4
Exploration & Production,Logistics,In Salah,Area X,Equipment-4216,EQ-04216,combustion,Natural Gas,1036.21,scf,2022,9
Refining,Drilling,Adrar,Field B,Equipment-4217,EQ-04217,flaring,Diesel,5374.85,gal,2024,1
Refining,Production,Berkine,Field A,Equipment-4218,EQ-04218,combustion,Diesel,8841.1,gal,2024,3
Exploration & Production,Logistics,Illizi,Area X,Equipment-4219,EQ-04219,fugitive,,3465.39,,2024,7
Marketing,Operations,Berkine,Field B,Equipment-4220,EQ-04220,fugitive,,7950.22,,2023,3
Exploration & Production,Logistics,Adrar,Field B,Equipment-4221,EQ-04221,combustion,Diesel,7941.38,gal,2025,6
Exploration & Production,Operations,Adrar,Block 1,Equipment-4222,EQ-04222,fugitive,,7991.01,,2023,11
Refining,Operations,Illizi,Block 2,Equipment-4223,EQ-04223,drilling,,3618.47,,2025,8
Marketing,Logistics,In Salah,Area X,Equipment-4224,EQ-04224,drilling,,306.4,,2024,6
Refining,Drilling,In Salah,Area X,Equipment-4225,EQ-04225,combustion,Propane,1655.8,gal,2023,4
Exploration & Production,Production,Hassi R'Mel,Field A,Equipment-4226,EQ-04226,flaring,Diesel,2912.34,gal,2024,1
Exploration & Production,Production,Hassi R'Mel,Area X,Equipment-4227,EQ-04227,flaring,Diesel,9021.65,gal,2024,2
Exploration & Production,Production,In Salah,Area X,Equipment-4228,EQ-04228,fugitive,,8303.5,,2022,12
Transportation,Production,Hassi Messaoud,Area Y,Equipment-4229,EQ-04229,flaring,,6273.29,,2024,3
Exploration & Production,Production,Rhourde Nouss,Field B,Equipment-4230,EQ-04230,flaring,,2389.34,,2025,3
Refining,Operations,In Salah,Field A,Equipment-4231,EQ-04231,combustion,Diesel,7711.3,gal,2023,9
Refining,Production,Illizi,Field B,Equipment-4232,EQ-04232,fugitive,,1625.95,,2024,8
Exploration & Production,Drilling,Berkine,Field A,Equipment-4233,EQ-04233,drilling,,9038.08,,2022,11
Refining,Production,Rhourde Nouss,Block 1,Equipment-4234,EQ-04234,fugitive,,5097.34,,2022,10
Marketing,Drilling,Illizi,Field A,Equipment-4235,EQ-04235,flaring,Natural Gas,3641.52,scf,2025,6
Transportation,Production,Hassi R'Mel,Area Y,Equipment-4236,EQ-04236,flaring,Fuel Gas,1220.19,gal,2024,12
Transportation,Production,Hassi Messaoud,Field B,Equipment-4237,EQ-04237,combustion,,8893.44,,2022,1
Refining,Production,Hassi Messaoud,Area X,Equipment-4238,EQ-04238,combustion,Natural Gas,1806.21,scf,2025,11
Marketing,Drilling,In Salah,Area X,Equipment-4239,EQ-04239,fugitive,,9787.96,,2024,5
Exploration & Production,Logistics,Adrar,Block 2,Equipment-4240,EQ-04240,combustion,Propane,2201.47,gal,2025,5
Marketing,Operations,Berkine,Area Y,Equipment-4241,EQ-04241,combustion,,9201.87,,2025,12
Transportation,Production,Illizi,Field B,Equipment-4242,EQ-04242,combustion,Diesel,9203.91,gal,2022,3
Marketing,Operations,Berkine,Field A,Equipment-4243,EQ-04243,fugitive,,7420.27,,2022,12
Exploration & Production,Operations,Adrar,Field A,Equipment-4244,EQ-04244,venting,,454.97,,2025,8
Refining,Drilling,Adrar,Field B,Equipment-4245,EQ-04245,venting,,1667.19,,2024,8
Refining,Drilling,Illizi,Field B,Equipment-4246,EQ-04246,combustion,Propane,9571.35,gal,2023,3
Marketing,Logistics,Rhourde Nouss,Area Y,Equipment-4247,EQ-04247,fugitive,,7854.44,,2024,6
Exploration & Production,Drilling,In Salah,Field A,Equipment-4248,EQ-04248,fugitive,,8104.66,,2023,7
Transportation,Drilling,Adrar,Field B,Equipment-4249,EQ-04249,venting,,7751.77,,2025,11
Refining,Drilling,Hassi Messaoud,Area Y,Equipment-4250,EQ-04250,combustion,Diesel,3096.96,gal,2024,9
Marketing,Operations,Illizi,Field B,Equipment-4251,EQ-04251,fugitive,,4403.13,,2023,12
Transportation,Operations,Rhourde Nouss,Field B,Equipment-4252,EQ-04252,combustion,Diesel,3063.93,gal,2024,10
Refining,Logistics,Adrar,Block 1,Equipment-4253,EQ-04253,flaring,Propane,7703.15,gal,2023,4
Transportation,Production,Illizi,Block 1,Equipment-4254,EQ-04254,fugitive,,6904.66,,2023,3
Exploration & Production,Operations,Hassi R'Mel,Field A,Equipment-4255,EQ-04255,venting,,1601.69,,2025,1
Marketing,Operations,Illizi,Block 2,Equipment-4256,EQ-04256,venting,,7467.31,,2022,9
Exploration & Production,Operations,Hassi R'Mel,Block 2,Equipment-4257,EQ-04257,drilling,,6334.64,,2024,6
Exploration & Production,Production,In Salah,Block 1,Equipment-4258,EQ-04258,venting,,9314.84,,2025,4
Exploration & Production,Production,Hassi Messaoud,Area X,Equipment-4259,EQ-04259,drilling,,8117.07,,2023,9
Transportation,Production,In Salah,Field B,Equipment-4260,EQ-04260,combustion,Natural Gas,5308.9,scf,2024,2
Transportation,Production,Hassi R'Mel,Block 2,Equipment-4261,EQ-04261,drilling,,9746.43,,2022,11
Marketing,Operations,Illizi,Field B,Equipment-4262,EQ-04262,fugitive,,8851.48,,2022,12
Exploration & Production,Operations,Rhourde Nouss,Area Y,Equipment-4263,EQ-04263,flaring,Propane,9381.01,gal,2022,5
Exploration & Production,Drilling,Hassi R'Mel,Area Y,Equipment-4264,EQ-04264,drilling,,7866.35,,2024,12
Transportation,Drilling,Adrar,Block 1,Equipment-4265,EQ-04265,drilling,,5927.33,,2022,3
Marketing,Drilling,Hassi Messaoud,Block 1,Equipment-4266,EQ-04266,venting,,6986.15,,2023,6
Marketing,Drilling,Hassi Messaoud,Block 2,Equipment-4267,EQ-04267,flaring,Diesel,7943.68,gal,2023,11
Exploration & Production,Logistics,Hassi R'Mel,Block 2,Equipment-4268,EQ-04268,venting,,360.04,,2023,2
Transportation,Drilling,In Salah,Area Y,Equipment-4269,EQ-04269,fugitive,,5092.63,,2022,12
Transportation,Operations,Hassi Messaoud,Area Y,Equipment-4270,EQ-04270,venting,,5650.6,,2024,8
Exploration & Production,Drilling,Rhourde Nouss,Field A,Equipment-4271,EQ-04271,fugitive,,9584.95,,2023,3
Refining,Production,Illizi,Area X,Equipment-4272,EQ-04272,combustion,Diesel,2338.01,gal,2024,6
Exploration & Production,Logistics,Illizi,Area Y,Equipment-4273,EQ-04273,combustion,Natural Gas,1238.66,scf,2025,9
Transportation,Production,In Salah,Area Y,Equipment-4274,EQ-04274,fugitive,,9775.27,,2025,10
Transportation,Drilling,Adrar,Area X,Equipment-4275,EQ-04275,flaring,Natural Gas,3943.76,scf,2022,3
Marketing,Logistics,Berkine,Area X,Equipment-4276,EQ-04276,flaring,,9599.18,,2023,2
Refining,Production,Hassi R'Mel,Block 1,Equipment-4277,EQ-04277,venting,,919.78,,2023,3
Refining,Drilling,Hassi R'Mel,Field B,Equipment-4278,EQ-04278,fugitive,,5390.94,,2023,12
Refining,Drilling,Berkine,Area Y,Equipment-4279,EQ-04279,venting,,8855.67,,2025,6
Marketing,Production,In Salah,Area Y,Equipment-4280,EQ-04280,fugitive,,8247.47,,2025,2
Exploration & Production,Drilling,Hassi Messaoud,Area Y,Equipment-4281,EQ-04281,fugitive,,7429.15,,2022,6
Marketing,Production,Illizi,Area X,Equipment-4282,EQ-04282,combustion,Natural Gas,5402.68,scf,2025,2
Transportation,Operations,Adrar,Field B,Equipment-4283,EQ-04283,drilling,,2531.97,,2023,11
Transportation,Drilling,Hassi Messaoud,Area Y,Equipment-4284,EQ-04284,venting,,7710.85,,2022,11
Exploration & Production,Logistics,Hassi Messaoud,Block 1,Equipment-4285,EQ-04285,drilling,,8955.42,,2022,9
Refining,Logistics,In Salah,Block 2,Equipment-4286,EQ-04286,flaring,Natural Gas,1853.93,scf,2022,4
Transportation,Drilling,In Salah,Field B,Equipment-4287,EQ-04287,combustion,Natural Gas,9824.14,scf,2025,12
Exploration & Production,Operations,Berkine,Area Y,Equipment-4288,EQ-04288,combustion,,8199.93,,2024,6
Refining,Production,Hassi R'Mel,Field B,Equipment-4289,EQ-04289,venting,,2355.46,,2022,8
Transportation,Drilling,Illizi,Block 1,Equipment-4290,EQ-04290,fugitive,,7868.21,,2025,4
Transportation,Production,Adrar,Block 2,Equipment-4291,EQ-04291,drilling,,5997.58,,2024,5
Exploration & Production,Production,Hassi R'Mel,Area Y,Equipment-4292,EQ-04292,combustion,Diesel,4154.17,gal,2025,1
Exploration & Production,Logistics,Berkine,Area Y,Equipment-4293,EQ-04293,drilling,,8520.1,,2023,8
Refining,Operations,Berkine,Block 1,Equipment-4294,EQ-04294,combustion,,6205.71,,2023,12
Marketing,Logistics,Rhourde Nouss,Block 1,Equipment-4295,EQ-04295,combustion,Fuel Gas,6334.71,gal,2022,5
Transportation,Drilling,Rhourde Nouss,Block 2,Equipment-4296,EQ-04296,drilling,,8781.34,,2023,1
Refining,Drilling,Berkine,Field A,Equipment-4297,EQ-04297,venting,,855.37,,2022,4
Exploration & Production,Logistics,Adrar,Area Y,Equipment-4298,EQ-04298,drilling,,7725.69,,2024,4
Transportation,Drilling,Hassi Messaoud,Field A,Equipment-4299,EQ-04299,combustion,Diesel,1178.64,gal,2024,10
Exploration & Production,Production,Hassi R'Mel,Field B,Equipment-4300,EQ-04300,fugitive,,3771.8,,2025,7
Transportation,Operations,Adrar,Field B,Equipment-4301,EQ-04301,drilling,,1475.06,,2023,5
Refining,Drilling,Hassi Messaoud,Block 1,Equipment-4302,EQ-04302,fugitive,,7834.01,,2025,6
Refining,Operations,Berkine,Area X,Equipment-4303,EQ-04303,drilling,,4994.43,,2025,12
Exploration & Production,Production,Berkine,Block 1,Equipment-4304,EQ-04304,combustion,Propane,3357.0,gal,2024,3
Transportation,Operations,Hassi Messaoud,Field B,Equipment-4305,EQ-04305,fugitive,,6050.66,,2023,9
Marketing,Logistics,Adrar,Field B,Equipment-4306,EQ-04306,fugitive,,8759.39,,2024,1
Exploration & Production,Operations,Berkine,Field A,Equipment-4307,EQ-04307,venting,,3258.73,,2023,7
Refining,Drilling,Hassi R'Mel,Block 1,Equipment-4308,EQ-04308,combustion,,7920.99,,2024,5
Marketing,Production,Hassi R'Mel,Block 2,Equipment-4309,EQ-04309,drilling,,7648.95,,2025,9
Refining,Drilling,Adrar,Field B,Equipment-4310,EQ-04310,fugitive,,272.7,,2024,10
Transportation,Drilling,Hassi R'Mel,Area X,Equipment-4311,EQ-04311,drilling,,2853.89,,2023,6
Transportation,Operations,Rhourde Nouss,Field B,Equipment-4312,EQ-04312,fugitive,,2568.27,,2024,6
Exploration & Production,Drilling,In Salah,Area X,Equipment-4313,EQ-04313,flaring,,1966.99,,2024,5
Refining,Logistics,Adrar,Field B,Equipment-4314,EQ-04314,drilling,,1280.79,,2024,6
Refining,Drilling,Illizi,Field B,Equipment-4315,EQ-04315,venting,,3546.32,,2025,7
Exploration & Production,Drilling,Hassi Messaoud,Block 1,Equipment-4316,EQ-04316,drilling,,6665.62,,2025,7
Refining,Production,Hassi Messaoud,Field B,Equipment-4317,EQ-04317,drilling,,5363.72,,2025,4
Exploration & Production,Drilling,In Salah,Block 1,Equipment-4318,EQ-04318,flaring,Natural Gas,4792.63,scf,2023,11
Exploration & Production,Operations,Adrar,Field A,Equipment-4319,EQ-04319,flaring,Natural Gas,2519.09,scf,2024,1
Marketing,Drilling,Berkine,Block 2,Equipment-4320,EQ-04320,drilling,,667.33,,2023,11
Marketing,Operations,Adrar,Block 2,Equipment-4321,EQ-04321,flaring,Natural Gas,7128.55,scf,2023,2
Marketing,Drilling,Illizi,Field A,Equipment-4322,EQ-04322,combustion,,5309.66,,2025,9
Refining,Logistics,Hassi R'Mel,Field B,Equipment-4323,EQ-04323,fugitive,,3532.44,,2025,10
Marketing,Production,Hassi R'Mel,Area X,Equipment-4324,EQ-04324,combustion,,1472.03,,2024,9
Transportation,Production,Berkine,Block 2,Equipment-4325,EQ-04325,flaring,Fuel Gas,9994.19,gal,2025,7
Transportation,Logistics,Hassi Messaoud,Area X,Equipment-4326,EQ-04326,flaring,Propane,3675.61,gal,2025,8
Marketing,Drilling,Rhourde Nouss,Field B,Equipment-4327,EQ-04327,fugitive,,1353.67,,2022,6
Marketing,Production,Hassi Messaoud,Block 2,Equipment-4328,EQ-04328,drilling,,5369.53,,2022,6
Refining,Drilling,Berkine,Block 1,Equipment-4329,EQ-04329,combustion,Propane,2390.69,gal,2023,3
Refining,Drilling,Hassi R'Mel,Area X,Equipment-4330,EQ-04330,drilling,,9530.15,,2025,10
Exploration & Production,Drilling,Illizi,Field B,Equipment-4331,EQ-04331,fugitive,,5541.16,,2022,10
Transportation,Drilling,Hassi Messaoud,Field B,Equipment-4332,EQ-04332,venting,,7476.7,,2022,8
Marketing,Drilling,Hassi Messaoud,Area X,Equipment-4333,EQ-04333,venting,,3241.99,,2024,3
Exploration & Production,Production,Adrar,Area X,Equipment-4334,EQ-04334,flaring,Natural Gas,1043.31,scf,2025,9
Transportation,Production,Adrar,Area Y,Equipment-4335,EQ-04335,drilling,,1279.91,,2022,7
Refining,Production,Hassi Messaoud,Field B,Equipment-4336,EQ-04336,fugitive,,5654.48,,2025,5
Marketing,Logistics,In Salah,Field B,Equipment-4337,EQ-04337,drilling,,1219.73,,2024,5
Exploration & Production,Production,Illizi,Area X,Equipment-4338,EQ-04338,fugitive,,4631.38,,2025,4
Marketing,Production,Adrar,Area Y,Equipment-4339,EQ-04339,venting,,1825.22,,2022,9
Exploration & Production,Production,Hassi R'Mel,Area X,Equipment-4340,EQ-04340,fugitive,,5288.43,,2023,2
Exploration & Production,Production,Rhourde Nouss,Area Y,Equipment-4341,EQ-04341,flaring,Propane,3241.23,gal,2025,12
Refining,Operations,Illizi,Field A,Equipment-4342,EQ-04342,venting,,6179.92,,2024,1
Transportation,Logistics,Rhourde Nouss,Field B,Equipment-4343,EQ-04343,fugitive,,4601.16,,2022,12
Marketing,Production,Adrar,Area X,Equipment-4344,EQ-04344,venting,,5805.3,,2023,4
Transportation,Logistics,Rhourde Nouss,Field B,Equipment-4345,EQ-04345,fugitive,,1102.96,,2024,2
Transportation,Logistics,Hassi Messaoud,Area Y,Equipment-4346,EQ-04346,venting,,81.83,,2023,10
Transportation,Operations,Hassi R'Mel,Field A,Equipment-4347,EQ-04347,venting,,7808.12,,2022,5
Marketing,Operations,Hassi R'Mel,Area Y,Equipment-4348,EQ-04348,venting,,1152.1,,2022,1
Marketing,Drilling,Illizi,Block 1,Equipment-4349,EQ-04349,combustion,Natural Gas,315.74,scf,2024,1
Refining,Drilling,Adrar,Block 2,Equipment-4350,EQ-04350,drilling,,6507.91,,2024,6
Refining,Operations,Berkine,Block 1,Equipment-4351,EQ-04351,venting,,982.43,,2023,3
Marketing,Operations,Illizi,Area X,Equipment-4352,EQ-04352,flaring,Fuel Gas,7586.47,gal,2024,6
Transportation,Logistics,In Salah,Area X,Equipment-4353,EQ-04353,fugitive,,2411.74,,2025,6
Transportation,Logistics,Hassi Messaoud,Block 1,Equipment-4354,EQ-04354,drilling,,5613.53,,2025,2
Marketing,Logistics,Illizi,Block 1,Equipment-4355,EQ-04355,flaring,Fuel Gas,3217.51,gal,2023,2
Exploration & Production,Drilling,Hassi R'Mel,Area X,Equipment-4356,EQ-04356,venting,,9315.26,,2024,3
Marketing,Drilling,Berkine,Block 2,Equipment-4357,EQ-04357,flaring,Fuel Gas,8176.4,gal,2023,11
Exploration & Production,Production,Rhourde Nouss,Area Y,Equipment-4358,EQ-04358,fugitive,,7630.32,,2023,11
Marketing,Logistics,Hassi Messaoud,Block 1,Equipment-4359,EQ-04359,flaring,Fuel Gas,59.65,gal,2022,7
Marketing,Production,Hassi R'Mel,Block 1,Equipment-4360,EQ-04360,venting,,5780.86,,2025,12
Marketing,Drilling,Rhourde Nouss,Area X,Equipment-4361,EQ-04361,drilling,,9755.15,,2025,8
Refining,Logistics,Berkine,Field B,Equipment-4362,EQ-04362,fugitive,,2932.07,,2024,7
Refining,Drilling,Illizi,Area Y,Equipment-4363,EQ-04363,drilling,,8042.67,,2025,7
Exploration & Production,Drilling,In Salah,Block 1,Equipment-4364,EQ-04364,fugitive,,222.38,,2024,6
Marketing,Drilling,Berkine,Field A,Equipment-4365,EQ-04365,flaring,Natural Gas,8014.69,scf,2023,4
Refining,Logistics,Berkine,Field B,Equipment-4366,EQ-04366,flaring,,7014.05,,2024,1
Refining,Drilling,Hassi R'Mel,Block 2,Equipment-4367,EQ-04367,combustion,Diesel,6858.81,gal,2022,11
Transportation,Operations,Adrar,Block 2,Equipment-4368,EQ-04368,flaring,,9832.42,,2025,8
Marketing,Logistics,Illizi,Area X,Equipment-4369,EQ-04369,drilling,,5505.77,,2022,2
Transportation,Logistics,In Salah,Field A,Equipment-4370,EQ-04370,venting,,226.02,,2023,3
Transportation,Production,In Salah,Block 1,Equipment-4371,EQ-04371,flaring,Diesel,9180.14,gal,2022,6
Refining,Production,Hassi Messaoud,Area X,Equipment-4372,EQ-04372,flaring,Natural Gas,4590.49,scf,2023,4
Refining,Operations,Hassi R'Mel,Area X,Equipment-4373,EQ-04373,flaring,Propane,2752.93,gal,2025,8
Exploration & Production,Drilling,Illizi,Area X,Equipment-4374,EQ-04374,drilling,,1889.0,,2022,11
Exploration & Production,Logistics,Illizi,Block 1,Equipment-4375,EQ-04375,combustion,Diesel,9986.1,gal,2025,11
Transportation,Production,Rhourde Nouss,Area X,Equipment-4376,EQ-04376,combustion,,9957.33,,2022,1
Marketing,Operations,In Salah,Field A,Equipment-4377,EQ-04377,venting,,9884.79,,2024,9
Transportation,Logistics,Hassi Messaoud,Block 2,Equipment-4378,EQ-04378,fugitive,,7781.58,,2023,6
Exploration & Production,Operations,Berkine,Area X,Equipment-4379,EQ-04379,drilling,,7030.89,,2023,6
Refining,Drilling,Hassi Messaoud,Block 2,Equipment-4380,EQ-04380,flaring,Diesel,3331.76,gal,2023,11
Exploration & Production,Operations,Rhourde Nouss,Block 1,Equipment-4381,EQ-04381,venting,,599.21,,2023,3
Exploration & Production,Logistics,Adrar,Field A,Equipment-4382,EQ-04382,flaring,Diesel,1441.12,gal,2023,9
Marketing,Drilling,In Salah,Field B,Equipment-4383,EQ-04383,venting,,2119.12,,2022,9
Exploration & Production,Logistics,Berkine,Field B,Equipment-4384,EQ-04384,venting,,3735.24,,2024,12
Refining,Production,Hassi R'Mel,Area X,Equipment-4385,EQ-04385,flaring,Propane,6246.33,gal,2023,6
Transportation,Production,Rhourde Nouss,Area X,Equipment-4386,EQ-04386,combustion,Diesel,7051.86,gal,2025,8
Transportation,Operations,In Salah,Block 1,Equipment-4387,EQ-04387,fugitive,,2791.65,,2024,9
Refining,Operations,Berkine,Block 2,Equipment-4388,EQ-04388,combustion,Fuel Gas,6765.55,gal,2023,11
Exploration & Production,Production,Hassi Messaoud,Area Y,Equipment-4389,EQ-04389,venting,,9581.25,,2025,5
Marketing,Operations,In Salah,Block 1,Equipment-4390,EQ-04390,combustion,,6090.9,,2023,3
Transportation,Operations,Rhourde Nouss,Block 1,Equipment-4391,EQ-04391,fugitive,,9155.16,,2023,11
Refining,Drilling,Illizi,Area Y,Equipment-4392,EQ-04392,fugitive,,8436.72,,2023,2
Refining,Production,Hassi R'Mel,Area Y,Equipment-4393,EQ-04393,combustion,Natural Gas,2516.29,scf,2024,2
Marketing,Logistics,Berkine,Block 1,Equipment-4394,EQ-04394,fugitive,,7526.04,,2023,8
Refining,Operations,In Salah,Field A,Equipment-4395,EQ-04395,drilling,,2195.57,,2023,4
Transportation,Drilling,In Salah,Field A,Equipment-4396,EQ-04396,combustion,Diesel,3419.24,gal,2022,7
Transportation,Production,Berkine,Field A,Equipment-4397,EQ-04397,flaring,,3741.4,,2022,3
Marketing,Drilling,Adrar,Area X,Equipment-4398,EQ-04398,fugitive,,386.25,,2024,1
Exploration & Production,Operations,Berkine,Field B,Equipment-4399,EQ-04399,flaring,Diesel,3029.85,gal,2024,10
Refining,Operations,Rhourde Nouss,Area X,Equipment-4400,EQ-04400,flaring,Diesel,8666.92,gal,2022,3
Marketing,Operations,Berkine,Block 1,Equipment-4401,EQ-04401,fugitive,,6862.65,,2022,3
Refining,Logistics,Illizi,Area X,Equipment-4402,EQ-04402,fugitive,,5864.89,,2025,4
Refining,Operations,Rhourde Nouss,Field B,Equipment-4403,EQ-04403,drilling,,4889.45,,2023,5
Marketing,Production,Adrar,Block 1,Equipment-4404,EQ-04404,venting,,3102.09,,2025,11
Refining,Drilling,Hassi R'Mel,Area X,Equipment-4405,EQ-04405,flaring,Natural Gas,919.77,scf,2025,2
Transportation,Production,Rhourde Nouss,Field A,Equipment-4406,EQ-04406,drilling,,2103.64,,2025,4
Refining,Logistics,Rhourde Nouss,Area X,Equipment-4407,EQ-04407,combustion,,6375.23,,2025,3
Marketing,Logistics,Hassi Messaoud,Area Y,Equipment-4408,EQ-04408,fugitive,,1877.43,,2023,10
Transportation,Logistics,Rhourde Nouss,Field B,Equipment-4409,EQ-04409,flaring,Propane,8951.59,gal,2025,9
Marketing,Drilling,Berkine,Field A,Equipment-4410,EQ-04410,flaring,,1867.28,,2022,9
Refining,Logistics,Hassi Messaoud,Block 2,Equipment-4411,EQ-04411,flaring,Fuel Gas,5296.89,gal,2022,6
Refining,Production,Illizi,Area Y,Equipment-4412,EQ-04412,drilling,,3831.87,,2022,9
Marketing,Operations,Hassi R'Mel,Block 2,Equipment-4413,EQ-04413,flaring,Diesel,1713.47,gal,2023,8
Refining,Operations,Illizi,Field A,Equipment-4414,EQ-04414,fugitive,,7796.79,,2025,12
Transportation,Operations,In Salah,Field A,Equipment-4415,EQ-04415,flaring,,2694.47,,2025,2
Marketing,Drilling,Illizi,Area X,Equipment-4416,EQ-04416,flaring,Diesel,9678.7,gal,2022,12
Transportation,Drilling,Illizi,Block 1,Equipment-4417,EQ-04417,combustion,Natural Gas,8452.72,scf,2025,9
Exploration & Production,Drilling,Rhourde Nouss,Block 2,Equipment-4418,EQ-04418,fugitive,,3646.94,,2022,10
Refining,Operations,Berkine,Area X,Equipment-4419,EQ-04419,venting,,2432.94,,2023,12
Exploration & Production,Operations,Hassi R'Mel,Area Y,Equipment-4420,EQ-04420,venting,,9277.67,,2022,8
Marketing,Operations,Hassi Messaoud,Field A,Equipment-4421,EQ-04421,combustion,,5656.37,,2024,4
Marketing,Drilling,Hassi R'Mel,Field B,Equipment-4422,EQ-04422,fugitive,,6529.32,,2022,4
Exploration & Production,Operations,Hassi Messaoud,Field A,Equipment-4423,EQ-04423,fugitive,,8477.13,,2024,9
Exploration & Production,Production,In Salah,Field A,Equipment-4424,EQ-04424,venting,,3518.99,,2022,9
Refining,Logistics,In Salah,Block 1,Equipment-4425,EQ-04425,combustion,Natural Gas,8796.53,scf,2025,7
Transportation,Logistics,Hassi R'Mel,Area Y,Equipment-4426,EQ-04426,fugitive,,5375.56,,2023,2
Refining,Logistics,In Salah,Block 1,Equipment-4427,EQ-04427,venting,,1194.72,,2025,12
Exploration & Production,Operations,Hassi R'Mel,Area Y,Equipment-4428,EQ-04428,flaring,,8964.56,,2024,1
Transportation,Logistics,Illizi,Block 1,Equipment-4429,EQ-04429,combustion,Fuel Gas,2242.16,gal,2024,7
Refining,Logistics,In Salah,Block 1,Equipment-4430,EQ-04430,combustion,Diesel,294.9,gal,2025,1
Exploration & Production,Logistics,Hassi Messaoud,Field A,Equipment-4431,EQ-04431,fugitive,,452.37,,2024,12
Refining,Production,Adrar,Area X,Equipment-4432,EQ-04432,venting,,7652.81,,2023,3
Transportation,Production,Berkine,Block 2,Equipment-4433,EQ-04433,drilling,,8945.4,,2024,11
Exploration & Production,Logistics,Rhourde Nouss,Block 2,Equipment-4434,EQ-04434,venting,,6692.04,,2022,7
Transportation,Operations,Berkine,Area Y,Equipment-4435,EQ-04435,combustion,Natural Gas,9501.47,scf,2025,4
Refining,Operations,Adrar,Area X,Equipment-4436,EQ-04436,combustion,,3416.4,,2023,7
Transportation,Operations,Rhourde Nouss,Area Y,Equipment-4437,EQ-04437,drilling,,7143.06,,2024,2
Exploration & Production,Drilling,In Salah,Area Y,Equipment-4438,EQ-04438,venting,,6227.27,,2024,4
Marketing,Logistics,Hassi Messaoud,Field B,Equipment-4439,EQ-04439,combustion,Propane,9523.87,gal,2023,9
Exploration & Production,Drilling,Rhourde Nouss,Area Y,Equipment-4440,EQ-04440,flaring,Natural Gas,2666.07,scf,2024,1
Refining,Operations,Berkine,Block 2,Equipment-4441,EQ-04441,combustion,Natural Gas,8862.88,scf,2022,2
Marketing,Operations,Hassi Messaoud,Field B,Equipment-4442,EQ-04442,combustion,Fuel Gas,1773.25,gal,2022,1
Marketing,Operations,Berkine,Field A,Equipment-4443,EQ-04443,fugitive,,2047.96,,2025,5
Exploration & Production,Production,Rhourde Nouss,Area Y,Equipment-4444,EQ-04444,fugitive,,727.0,,2023,6
Refining,Logistics,Hassi R'Mel,Field B,Equipment-4445,EQ-04445,drilling,,5389.13,,2024,4
Refining,Production,In Salah,Block 2,Equipment-4446,EQ-04446,drilling,,8873.56,,2025,6
Exploration & Production,Logistics,Rhourde Nouss,Area X,Equipment-4447,EQ-04447,venting,,421.97,,2022,8
Transportation,Operations,Berkine,Field A,Equipment-4448,EQ-04448,drilling,,3385.84,,2024,10
Exploration & Production,Operations,Hassi R'Mel,Field A,Equipment-4449,EQ-04449,drilling,,1349.73,,2023,2
Transportation,Drilling,In Salah,Block 1,Equipment-4450,EQ-04450,fugitive,,2020.82,,2025,5
Exploration & Production,Operations,Rhourde Nouss,Block 1,Equipment-4451,EQ-04451,venting,,4105.6,,2025,8
Refining,Operations,Hassi R'Mel,Block 1,Equipment-4452,EQ-04452,fugitive,,4104.77,,2022,7
Refining,Production,Rhourde Nouss,Field A,Equipment-4453,EQ-04453,flaring,,9132.84,,2024,9
Marketing,Production,Hassi R'Mel,Block 2,Equipment-4454,EQ-04454,drilling,,4671.18,,2024,6
Exploration & Production,Logistics,In Salah,Field B,Equipment-4455,EQ-04455,flaring,Fuel Gas,5646.39,gal,2025,7
Refining,Operations,Hassi Messaoud,Area Y,Equipment-4456,EQ-04456,fugitive,,9456.39,,2022,8
Marketing,Operations,Hassi Messaoud,Block 2,Equipment-4457,EQ-04457,drilling,,216.74,,2023,1
Refining,Drilling,Adrar,Field A,Equipment-4458,EQ-04458,drilling,,5188.52,,2025,9
Transportation,Operations,Hassi Messaoud,Block 2,Equipment-4459,EQ-04459,combustion,Fuel Gas,7229.0,gal,2022,12
Refining,Operations,Adrar,Block 2,Equipment-4460,EQ-04460,combustion,,2232.22,,2025,3
Marketing,Production,Illizi,Area Y,Equipment-4461,EQ-04461,combustion,Fuel Gas,3665.0,gal,2024,1
Marketing,Logistics,Rhourde Nouss,Block 2,Equipment-4462,EQ-04462,fugitive,,8590.56,,2022,5
Refining,Logistics,Berkine,Block 1,Equipment-4463,EQ-04463,fugitive,,9433.55,,2025,6
Refining,Drilling,Hassi R'Mel,Area X,Equipment-4464,EQ-04464,drilling,,965.24,,2024,3
Refining,Logistics,In Salah,Field A,Equipment-4465,EQ-04465,drilling,,3251.48,,2024,2
Marketing,Drilling,In Salah,Field A,Equipment-4466,EQ-04466,fugitive,,9300.17,,2025,7
Refining,Logistics,Hassi Messaoud,Field A,Equipment-4467,EQ-04467,flaring,Natural Gas,7984.39,scf,2023,6
Transportation,Drilling,Hassi Messaoud,Field B,Equipment-4468,EQ-04468,combustion,Diesel,3340.83,gal,2024,3
Transportation,Drilling,Adrar,Field B,Equipment-4469,EQ-04469,venting,,5656.22,,2022,4
Refining,Operations,In Salah,Field A,Equipment-4470,EQ-04470,combustion,Natural Gas,1600.38,scf,2022,9
Refining,Production,Rhourde Nouss,Block 1,Equipment-4471,EQ-04471,flaring,Propane,7365.53,gal,2025,12
Exploration & Production,Production,Hassi R'Mel,Block 2,Equipment-4472,EQ-04472,combustion,Fuel Gas,6973.81,gal,2022,6
Transportation,Drilling,Adrar,Field B,Equipment-4473,EQ-04473,venting,,3709.89,,2025,12
Transportation,Production,Adrar,Field A,Equipment-4474,EQ-04474,drilling,,2735.17,,2025,3
Refining,Logistics,Berkine,Block 2,Equipment-4475,EQ-04475,venting,,7348.33,,2023,8
Exploration & Production,Production,Illizi,Field B,Equipment-4476,EQ-04476,flaring,Natural Gas,9023.56,scf,2022,1
Exploration & Production,Production,Berkine,Field B,Equipment-4477,EQ-04477,fugitive,,1606.02,,2024,8
Marketing,Drilling,Hassi Messaoud,Block 1,Equipment-4478,EQ-04478,flaring,Fuel Gas,1833.06,gal,2024,1
Marketing,Logistics,Rhourde Nouss,Area X,Equipment-4479,EQ-04479,fugitive,,4620.75,,2025,6
Marketing,Drilling,Adrar,Field A,Equipment-4480,EQ-04480,drilling,,5447.55,,2023,10
Marketing,Production,Adrar,Block 2,Equipment-4481,EQ-04481,fugitive,,843.79,,2025,6
Refining,Production,In Salah,Field B,Equipment-4482,EQ-04482,flaring,,3430.03,,2025,8
Refining,Drilling,Berkine,Block 2,Equipment-4483,EQ-04483,flaring,Natural Gas,8353.22,scf,2022,8
Transportation,Drilling,Hassi R'Mel,Area Y,Equipment-4484,EQ-04484,combustion,Diesel,5767.25,gal,2022,1
Refining,Production,Rhourde Nouss,Field B,Equipment-4485,EQ-04485,fugitive,,1551.12,,2023,2
Transportation,Drilling,Adrar,Block 2,Equipment-4486,EQ-04486,combustion,Fuel Gas,5529.47,gal,2025,4
Exploration & Production,Drilling,Adrar,Area Y,Equipment-4487,EQ-04487,drilling,,7608.5,,2024,7
Marketing,Operations,Adrar,Block 1,Equipment-4488,EQ-04488,drilling,,1254.0,,2022,12
Marketing,Production,In Salah,Field B,Equipment-4489,EQ-04489,combustion,Diesel,8667.63,gal,2022,1
Refining,Logistics,Illizi,Block 2,Equipment-4490,EQ-04490,venting,,9137.96,,2024,11
Exploration & Production,Operations,Hassi Messaoud,Block 1,Equipment-4491,EQ-04491,fugitive,,2370.49,,2022,7
Marketing,Production,Rhourde Nouss,Field B,Equipment-4492,EQ-04492,fugitive,,5730.85,,2023,10
Transportation,Production,Berkine,Field A,Equipment-4493,EQ-04493,drilling,,5980.92,,2024,5
Exploration & Production,Drilling,Hassi Messaoud,Area Y,Equipment-4494,EQ-04494,drilling,,9867.52,,2024,8
Transportation,Logistics,Hassi R'Mel,Area X,Equipment-4495,EQ-04495,flaring,Fuel Gas,5488.09,gal,2022,7
Refining,Production,Hassi R'Mel,Field B,Equipment-4496,EQ-04496,venting,,6290.78,,2022,2
Marketing,Production,Berkine,Field A,Equipment-4497,EQ-04497,combustion,,7935.32,,2022,6
Marketing,Logistics,Berkine,Field B,Equipment-4498,EQ-04498,venting,,9123.01,,2022,12
Transportation,Logistics,Illizi,Field B,Equipment-4499,EQ-04499,fugitive,,1413.43,,2024,4
Refining,Drilling,Hassi Messaoud,Area X,Equipment-4500,EQ-04500,flaring,Diesel,6178.69,gal,2022,1
Transportation,Production,Rhourde Nouss,Block 2,Equipment-4501,EQ-04501,combustion,Fuel Gas,7059.5,gal,2022,6
Exploration & Production,Operations,In Salah,Block 1,Equipment-4502,EQ-04502,combustion,Diesel,7119.75,gal,2024,12
Transportation,Production,Hassi R'Mel,Area X,Equipment-4503,EQ-04503,flaring,,810.68,,2024,10
Transportation,Operations,Hassi R'Mel,Area Y,Equipment-4504,EQ-04504,flaring,Fuel Gas,8038.29,gal,2024,6
Transportation,Logistics,Adrar,Block 1,Equipment-4505,EQ-04505,flaring,Natural Gas,2736.56,scf,2023,1
Transportation,Drilling,Hassi Messaoud,Field B,Equipment-4506,EQ-04506,fugitive,,9879.92,,2023,7
Refining,Logistics,Hassi Messaoud,Area X,Equipment-4507,EQ-04507,drilling,,6524.75,,2024,12
Transportation,Operations,Berkine,Block 1,Equipment-4508,EQ-04508,flaring,,4414.84,,2023,3
Transportation,Logistics,In Salah,Field B,Equipment-4509,EQ-04509,fugitive,,9003.83,,2023,9
Exploration & Production,Production,Berkine,Area Y,Equipment-4510,EQ-04510,drilling,,2956.09,,2023,7
Exploration & Production,Logistics,Rhourde Nouss,Block 2,Equipment-4511,EQ-04511,venting,,6052.16,,2025,4
Transportation,Logistics,In Salah,Field A,Equipment-4512,EQ-04512,fugitive,,7951.6,,2022,8
Marketing,Production,Adrar,Area Y,Equipment-4513,EQ-04513,drilling,,5098.72,,2022,12
Refining,Production,Illizi,Area Y,Equipment-4514,EQ-04514,fugitive,,6269.26,,2025,5
Marketing,Production,Adrar,Block 1,Equipment-4515,EQ-04515,venting,,7724.06,,2022,2
Marketing,Logistics,Rhourde Nouss,Field A,Equipment-4516,EQ-04516,fugitive,,7680.74,,2025,11
Marketing,Drilling,Hassi Messaoud,Field B,Equipment-4517,EQ-04517,venting,,110.78,,2022,11
Refining,Drilling,Hassi R'Mel,Field A,Equipment-4518,EQ-04518,drilling,,8726.06,,2025,10
Refining,Operations,Hassi Messaoud,Area X,Equipment-4519,EQ-04519,venting,,4285.29,,2022,1
Marketing,Logistics,Hassi R'Mel,Block 2,Equipment-4520,EQ-04520,fugitive,,8335.29,,2022,12
Transportation,Operations,Hassi Messaoud,Field A,Equipment-4521,EQ-04521,flaring,Natural Gas,6487.95,scf,2022,6
Marketing,Drilling,Hassi Messaoud,Field A,Equipment-4522,EQ-04522,drilling,,582.65,,2025,1
Transportation,Operations,In Salah,Block 2,Equipment-4523,EQ-04523,fugitive,,4752.15,,2023,10
Transportation,Drilling,Adrar,Field A,Equipment-4524,EQ-04524,fugitive,,6711.65,,2023,5
Refining,Production,Hassi Messaoud,Block 1,Equipment-4525,EQ-04525,venting,,2389.45,,2023,3
Marketing,Logistics,Hassi R'Mel,Block 2,Equipment-4526,EQ-04526,combustion,,5202.99,,2023,4
Refining,Production,Berkine,Area X,Equipment-4527,EQ-04527,combustion,Fuel Gas,2385.74,gal,2025,11
Marketing,Production,Hassi Messaoud,Area X,Equipment-4528,EQ-04528,flaring,Diesel,9272.11,gal,2025,2
Transportation,Drilling,Berkine,Block 1,Equipment-4529,EQ-04529,drilling,,1666.11,,2025,5
Transportation,Drilling,Adrar,Block 2,Equipment-4530,EQ-04530,drilling,,4073.92,,2022,8
Marketing,Production,Hassi R'Mel,Area X,Equipment-4531,EQ-04531,drilling,,7550.09,,2022,2
Marketing,Logistics,Adrar,Block 2,Equipment-4532,EQ-04532,combustion,Diesel,7180.93,gal,2024,11
Refining,Production,In Salah,Block 1,Equipment-4533,EQ-04533,fugitive,,7415.77,,2022,6
Exploration & Production,Operations,Hassi R'Mel,Field A,Equipment-4534,EQ-04534,combustion,Propane,933.73,gal,2024,11
Transportation,Logistics,Hassi Messaoud,Area Y,Equipment-4535,EQ-04535,drilling,,5618.77,,2023,12
Transportation,Logistics,Berkine,Block 1,Equipment-4536,EQ-04536,fugitive,,3229.95,,2024,10
Exploration & Production,Production,Berkine,Field B,Equipment-4537,EQ-04537,drilling,,7672.92,,2022,6
Exploration & Production,Logistics,Berkine,Block 2,Equipment-4538,EQ-04538,drilling,,760.52,,2024,6
Exploration & Production,Operations,In Salah,Block 2,Equipment-4539,EQ-04539,combustion,Fuel Gas,693.62,gal,2024,3
Marketing,Production,In Salah,Block 1,Equipment-4540,EQ-04540,fugitive,,364.98,,2024,10
Transportation,Logistics,Adrar,Field A,Equipment-4541,EQ-04541,fugitive,,7634.26,,2022,5
Marketing,Drilling,Adrar,Field A,Equipment-4542,EQ-04542,flaring,Natural Gas,7449.63,scf,2024,4
Refining,Drilling,In Salah,Block 2,Equipment-4543,EQ-04543,fugitive,,4579.06,,2023,12
Transportation,Logistics,Berkine,Area Y,Equipment-4544,EQ-04544,flaring,Natural Gas,6072.44,scf,2024,4
Exploration & Production,Drilling,Rhourde Nouss,Area Y,Equipment-4545,EQ-04545,flaring,Diesel,6538.01,gal,2024,2
Transportation,Production,Berkine,Area X,Equipment-4546,EQ-04546,combustion,Diesel,181.68,gal,2023,7
Exploration & Production,Logistics,In Salah,Area Y,Equipment-4547,EQ-04547,flaring,Diesel,9721.62,gal,2024,10
Marketing,Production,Hassi Messaoud,Area X,Equipment-4548,EQ-04548,venting,,9507.28,,2023,10
Refining,Logistics,In Salah,Area X,Equipment-4549,EQ-04549,venting,,4414.59,,2025,12
Transportation,Production,Illizi,Area X,Equipment-4550,EQ-04550,combustion,Propane,8355.98,gal,2025,9
Exploration & Production,Operations,Rhourde Nouss,Block 2,Equipment-4551,EQ-04551,combustion,Diesel,3488.14,gal,2022,3
Exploration & Production,Production,Adrar,Field B,Equipment-4552,EQ-04552,flaring,Propane,7528.3,gal,2023,7
Transportation,Logistics,Berkine,Block 1,Equipment-4553,EQ-04553,fugitive,,486.13,,2024,10
Marketing,Operations,Rhourde Nouss,Area Y,Equipment-4554,EQ-04554,combustion,,635.18,,2022,7
Refining,Drilling,Berkine,Field A,Equipment-4555,EQ-04555,combustion,Fuel Gas,5305.0,gal,2025,7
Refining,Operations,Illizi,Block 2,Equipment-4556,EQ-04556,fugitive,,419.09,,2023,3
Exploration & Production,Logistics,In Salah,Area X,Equipment-4557,EQ-04557,combustion,Propane,8302.59,gal,2024,2
Transportation,Operations,Illizi,Block 2,Equipment-4558,EQ-04558,combustion,Diesel,7286.83,gal,2022,10
Marketing,Production,Berkine,Block 1,Equipment-4559,EQ-04559,combustion,Diesel,1847.5,gal,2025,5
Transportation,Operations,Hassi R'Mel,Field A,Equipment-4560,EQ-04560,fugitive,,6527.32,,2024,4
Refining,Production,In Salah,Area X,Equipment-4561,EQ-04561,combustion,Fuel Gas,2054.06,gal,2025,1
Refining,Production,Hassi Messaoud,Field B,Equipment-4562,EQ-04562,combustion,Propane,1007.03,gal,2023,4
Exploration & Production,Drilling,Berkine,Area X,Equipment-4563,EQ-04563,flaring,Diesel,4466.58,gal,2025,9
Transportation,Drilling,Hassi R'Mel,Area Y,Equipment-4564,EQ-04564,drilling,,9896.26,,2022,7
Marketing,Logistics,Berkine,Area X,Equipment-4565,EQ-04565,combustion,,9221.79,,2022,8
Transportation,Drilling,Hassi Messaoud,Block 2,Equipment-4566,EQ-04566,fugitive,,1994.71,,2025,8
Refining,Drilling,Berkine,Field B,Equipment-4567,EQ-04567,combustion,Natural Gas,5505.74,scf,2024,12
Transportation,Operations,Rhourde Nouss,Block 2,Equipment-4568,EQ-04568,venting,,4719.61,,2024,6
Exploration & Production,Production,Illizi,Field B,Equipment-4569,EQ-04569,flaring,Diesel,5989.26,gal,2024,4
Marketing,Production,Adrar,Block 1,Equipment-4570,EQ-04570,drilling,,3375.77,,2025,1
Transportation,Operations,Adrar,Field B,Equipment-4571,EQ-04571,fugitive,,1121.45,,2024,10
Marketing,Logistics,Adrar,Field B,Equipment-4572,EQ-04572,combustion,Natural Gas,4856.4,scf,2024,10
Refining,Production,Berkine,Field A,Equipment-4573,EQ-04573,combustion,Fuel Gas,5261.31,gal,2024,9
Marketing,Production,Rhourde Nouss,Area X,Equipment-4574,EQ-04574,drilling,,3172.52,,2024,4
Exploration & Production,Production,Rhourde Nouss,Field A,Equipment-4575,EQ-04575,fugitive,,4573.84,,2024,3
Refining,Operations,Hassi Messaoud,Area Y,Equipment-4576,EQ-04576,flaring,Propane,9273.54,gal,2023,1
Refining,Drilling,In Salah,Block 1,Equipment-4577,EQ-04577,fugitive,,9120.59,,2025,8
Transportation,Logistics,Illizi,Block 1,Equipment-4578,EQ-04578,venting,,9770.5,,2025,2
Refining,Production,Illizi,Block 1,Equipment-4579,EQ-04579,combustion,,8810.66,,2022,6
Transportation,Operations,Illizi,Field B,Equipment-4580,EQ-04580,fugitive,,8172.83,,2022,1
Marketing,Logistics,Berkine,Field B,Equipment-4581,EQ-04581,venting,,662.06,,2025,10
Marketing,Drilling,Hassi R'Mel,Area X,Equipment-4582,EQ-04582,combustion,Natural Gas,2032.87,scf,2022,5
Refining,Production,Illizi,Area Y,Equipment-4583,EQ-04583,drilling,,7863.18,,2025,10
Exploration & Production,Drilling,Adrar,Block 2,Equipment-4584,EQ-04584,fugitive,,7132.2,,2023,7
Refining,Operations,Rhourde Nouss,Block 1,Equipment-4585,EQ-04585,combustion,Natural Gas,3166.16,scf,2025,12
Transportation,Operations,In Salah,Area X,Equipment-4586,EQ-04586,flaring,Fuel Gas,1239.94,gal,2025,12
Transportation,Production,Rhourde Nouss,Area Y,Equipment-4587,EQ-04587,venting,,1008.86,,2024,11
Marketing,Drilling,Hassi R'Mel,Block 1,Equipment-4588,EQ-04588,flaring,Fuel Gas,5243.68,gal,2025,2
Transportation,Production,Rhourde Nouss,Block 2,Equipment-4589,EQ-04589,fugitive,,2426.13,,2023,8
Marketing,Operations,Illizi,Block 1,Equipment-4590,EQ-04590,combustion,Natural Gas,1962.97,scf,2023,2
Refining,Logistics,In Salah,Block 2,Equipment-4591,EQ-04591,venting,,2881.41,,2022,1
Transportation,Operations,Berkine,Block 1,Equipment-4592,EQ-04592,venting,,4278.41,,2022,12
Refining,Production,Hassi Messaoud,Block 1,Equipment-4593,EQ-04593,drilling,,1710.43,,2025,11
Refining,Logistics,Adrar,Area X,Equipment-4594,EQ-04594,venting,,4996.12,,2024,7
Refining,Logistics,Illizi,Block 1,Equipment-4595,EQ-04595,drilling,,6914.15,,2023,11
Transportation,Logistics,Hassi R'Mel,Field A,Equipment-4596,EQ-04596,drilling,,8899.39,,2025,8
Exploration & Production,Drilling,Adrar,Field B,Equipment-4597,EQ-04597,flaring,Diesel,1223.62,gal,2022,12
Marketing,Logistics,Hassi R'Mel,Field A,Equipment-4598,EQ-04598,drilling,,2037.52,,2025,9
Exploration & Production,Drilling,Hassi Messaoud,Field B,Equipment-4599,EQ-04599,fugitive,,8999.82,,2024,1
Transportation,Production,Berkine,Area X,Equipment-4600,EQ-04600,drilling,,4388.96,,2025,11
Transportation,Logistics,Adrar,Block 2,Equipment-4601,EQ-04601,drilling,,2982.75,,2024,5
Refining,Production,Hassi R'Mel,Block 1,Equipment-4602,EQ-04602,fugitive,,1267.09,,2025,9
Refining,Operations,Illizi,Area Y,Equipment-4603,EQ-04603,venting,,7314.64,,2025,5
Refining,Production,In Salah,Block 2,Equipment-4604,EQ-04604,fugitive,,6128.71,,2025,11
Exploration & Production,Production,Berkine,Area Y,Equipment-4605,EQ-04605,drilling,,9976.25,,2022,11
Transportation,Production,Rhourde Nouss,Block 1,Equipment-4606,EQ-04606,venting,,2508.51,,2025,1
Refining,Production,Illizi,Field A,Equipment-4607,EQ-04607,drilling,,715.57,,2022,4
Exploration & Production,Operations,Hassi R'Mel,Field A,Equipment-4608,EQ-04608,flaring,Diesel,1889.74,gal,2022,7
Transportation,Drilling,Hassi Messaoud,Area X,Equipment-4609,EQ-04609,combustion,Diesel,5667.26,gal,2025,9
Exploration & Production,Drilling,Rhourde Nouss,Block 1,Equipment-4610,EQ-04610,flaring,Diesel,7168.38,gal,2022,1
Refining,Logistics,Hassi Messaoud,Area Y,Equipment-4611,EQ-04611,combustion,Diesel,9079.47,gal,2025,8
Refining,Operations,Rhourde Nouss,Area X,Equipment-4612,EQ-04612,fugitive,,2848.43,,2023,12
Transportation,Operations,Hassi R'Mel,Field A,Equipment-4613,EQ-04613,flaring,Propane,4899.44,gal,2022,6
Marketing,Logistics,Berkine,Area Y,Equipment-4614,EQ-04614,fugitive,,6614.17,,2025,5
Transportation,Production,Adrar,Field B,Equipment-4615,EQ-04615,drilling,,8717.14,,2025,12
Transportation,Drilling,Hassi Messaoud,Block 2,Equipment-4616,EQ-04616,fugitive,,7764.44,,2023,9
Exploration & Production,Logistics,In Salah,Block 2,Equipment-4617,EQ-04617,drilling,,603.61,,2023,3
Exploration & Production,Logistics,Rhourde Nouss,Area Y,Equipment-4618,EQ-04618,fugitive,,445.39,,2023,6
Refining,Operations,Hassi R'Mel,Area X,Equipment-4619,EQ-04619,drilling,,5824.63,,2023,2
Marketing,Drilling,Hassi R'Mel,Block 1,Equipment-4620,EQ-04620,fugitive,,2708.41,,2024,6
Transportation,Logistics,Adrar,Block 2,Equipment-4621,EQ-04621,venting,,3133.03,,2023,2
Refining,Logistics,Rhourde Nouss,Field B,Equipment-4622,EQ-04622,drilling,,749.72,,2023,3
Refining,Drilling,In Salah,Field B,Equipment-4623,EQ-04623,combustion,,5197.9,,2023,12
Refining,Production,Hassi Messaoud,Block 1,Equipment-4624,EQ-04624,fugitive,,2080.63,,2024,2
Refining,Drilling,Hassi R'Mel,Area Y,Equipment-4625,EQ-04625,fugitive,,4115.42,,2024,10
Transportation,Logistics,Berkine,Block 2,Equipment-4626,EQ-04626,drilling,,464.03,,2022,5
Exploration & Production,Operations,In Salah,Field B,Equipment-4627,EQ-04627,combustion,Diesel,2803.3,gal,2025,8
Marketing,Operations,Berkine,Block 1,Equipment-4628,EQ-04628,venting,,9434.04,,2025,6
Refining,Operations,Adrar,Area X,Equipment-4629,EQ-04629,drilling,,3305.71,,2023,4
Refining,Operations,Rhourde Nouss,Block 2,Equipment-4630,EQ-04630,drilling,,8098.79,,2024,3
Marketing,Logistics,Rhourde Nouss,Area Y,Equipment-4631,EQ-04631,fugitive,,8152.39,,2024,4
Refining,Production,In Salah,Field A,Equipment-4632,EQ-04632,drilling,,8651.38,,2025,5
Marketing,Operations,Hassi Messaoud,Area Y,Equipment-4633,EQ-04633,fugitive,,5759.91,,2025,5
Refining,Drilling,Hassi Messaoud,Block 2,Equipment-4634,EQ-04634,drilling,,3638.98,,2024,6
Marketing,Logistics,Rhourde Nouss,Field A,Equipment-4635,EQ-04635,combustion,Fuel Gas,3648.76,gal,2025,2
Transportation,Drilling,Hassi Messaoud,Block 1,Equipment-4636,EQ-04636,flaring,Natural Gas,9968.67,scf,2025,11
Marketing,Operations,Hassi R'Mel,Block 2,Equipment-4637,EQ-04637,venting,,1663.46,,2025,4
Marketing,Operations,Adrar,Field B,Equipment-4638,EQ-04638,venting,,2731.44,,2023,12
Marketing,Operations,In Salah,Field B,Equipment-4639,EQ-04639,fugitive,,311.03,,2025,8
Transportation,Logistics,Hassi Messaoud,Block 2,Equipment-4640,EQ-04640,combustion,Natural Gas,4162.83,scf,2023,1
Refining,Logistics,Illizi,Field B,Equipment-4641,EQ-04641,drilling,,5526.0,,2022,4
Transportation,Drilling,Berkine,Block 2,Equipment-4642,EQ-04642,drilling,,5158.14,,2025,5
Transportation,Operations,Berkine,Field B,Equipment-4643,EQ-04643,flaring,Diesel,3411.38,gal,2025,6
Transportation,Drilling,In Salah,Field B,Equipment-4644,EQ-04644,fugitive,,2890.78,,2025,4
Refining,Production,Hassi R'Mel,Area X,Equipment-4645,EQ-04645,venting,,2318.34,,2024,3
Transportation,Production,In Salah,Field B,Equipment-4646,EQ-04646,venting,,5599.98,,2024,10
Marketing,Drilling,Rhourde Nouss,Block 2,Equipment-4647,EQ-04647,fugitive,,377.79,,2022,8
Exploration & Production,Logistics,Berkine,Field B,Equipment-4648,EQ-04648,fugitive,,6586.22,,2022,10
Refining,Logistics,In Salah,Block 2,Equipment-4649,EQ-04649,venting,,6082.21,,2023,7
Transportation,Production,Berkine,Area X,Equipment-4650,EQ-04650,venting,,4350.95,,2024,9
Exploration & Production,Drilling,Hassi R'Mel,Field B,Equipment-4651,EQ-04651,venting,,5752.17,,2025,10
Refining,Drilling,Adrar,Field A,Equipment-4652,EQ-04652,combustion,,8796.79,,2025,5
Transportation,Drilling,Rhourde Nouss,Field A,Equipment-4653,EQ-04653,drilling,,3135.6,,2024,8
Exploration & Production,Operations,Berkine,Area X,Equipment-4654,EQ-04654,combustion,Propane,6822.63,gal,2024,3
Refining,Operations,Rhourde Nouss,Field A,Equipment-4655,EQ-04655,flaring,Propane,9950.94,gal,2022,1
Refining,Logistics,Adrar,Block 1,Equipment-4656,EQ-04656,drilling,,1369.56,,2024,6
Marketing,Production,Rhourde Nouss,Area X,Equipment-4657,EQ-04657,flaring,Propane,4223.47,gal,2025,5
Transportation,Operations,Hassi Messaoud,Area X,Equipment-4658,EQ-04658,drilling,,503.25,,2023,1
Exploration & Production,Drilling,Adrar,Block 1,Equipment-4659,EQ-04659,flaring,Natural Gas,1482.02,scf,2022,9
Refining,Logistics,Hassi R'Mel,Block 2,Equipment-4660,EQ-04660,flaring,Diesel,4992.46,gal,2025,4
Refining,Operations,Rhourde Nouss,Field A,Equipment-4661,EQ-04661,drilling,,3099.23,,2023,7
Refining,Production,Adrar,Field B,Equipment-4662,EQ-04662,flaring,,8164.35,,2023,6
Refining,Operations,Illizi,Block 1,Equipment-4663,EQ-04663,drilling,,9022.18,,2024,2
Marketing,Production,Illizi,Block 2,Equipment-4664,EQ-04664,fugitive,,3539.08,,2022,11
Transportation,Logistics,Rhourde Nouss,Block 1,Equipment-4665,EQ-04665,combustion,Diesel,1776.2,gal,2024,8
Transportation,Logistics,In Salah,Area Y,Equipment-4666,EQ-04666,venting,,6862.16,,2025,3
Exploration & Production,Logistics,Rhourde Nouss,Area X,Equipment-4667,EQ-04667,combustion,,7207.99,,2024,5
Transportation,Production,Hassi R'Mel,Block 2,Equipment-4668,EQ-04668,flaring,Diesel,2751.3,gal,2022,5
Transportation,Operations,Berkine,Field B,Equipment-4669,EQ-04669,flaring,Natural Gas,6306.99,scf,2023,8
Refining,Drilling,Illizi,Area Y,Equipment-4670,EQ-04670,venting,,7265.0,,2025,8
Exploration & Production,Logistics,Rhourde Nouss,Area Y,Equipment-4671,EQ-04671,flaring,,6140.33,,2023,10
Refining,Logistics,Adrar,Block 1,Equipment-4672,EQ-04672,combustion,Natural Gas,8659.67,scf,2023,2
Refining,Drilling,Illizi,Field B,Equipment-4673,EQ-04673,fugitive,,9971.58,,2022,9
Marketing,Logistics,Hassi R'Mel,Block 2,Equipment-4674,EQ-04674,fugitive,,6980.07,,2023,1
Refining,Production,Hassi Messaoud,Area Y,Equipment-4675,EQ-04675,combustion,Natural Gas,7856.47,scf,2022,6
Marketing,Logistics,Berkine,Area X,Equipment-4676,EQ-04676,drilling,,7436.4,,2023,4
Exploration & Production,Drilling,Illizi,Area X,Equipment-4677,EQ-04677,fugitive,,3189.5,,2022,6
Transportation,Logistics,Illizi,Block 1,Equipment-4678,EQ-04678,drilling,,4843.31,,2022,1
Exploration & Production,Production,In Salah,Field A,Equipment-4679,EQ-04679,venting,,3232.78,,2023,6
Refining,Operations,Hassi R'Mel,Field B,Equipment-4680,EQ-04680,venting,,8218.52,,2025,8
Marketing,Logistics,Rhourde Nouss,Block 1,Equipment-4681,EQ-04681,combustion,Propane,9850.83,gal,2025,10
Exploration & Production,Logistics,Illizi,Block 1,Equipment-4682,EQ-04682,drilling,,3475.97,,2025,1
Transportation,Logistics,Rhourde Nouss,Field A,Equipment-4683,EQ-04683,combustion,Propane,6031.4,gal,2025,3
Exploration & Production,Drilling,Hassi R'Mel,Area X,Equipment-4684,EQ-04684,drilling,,6566.59,,2025,3
Refining,Operations,Rhourde Nouss,Block 2,Equipment-4685,EQ-04685,combustion,Diesel,1531.38,gal,2024,5
Transportation,Logistics,In Salah,Area Y,Equipment-4686,EQ-04686,fugitive,,6740.66,,2025,4
Refining,Drilling,Rhourde Nouss,Field A,Equipment-4687,EQ-04687,drilling,,5003.95,,2022,7
Transportation,Operations,Hassi Messaoud,Field B,Equipment-4688,EQ-04688,drilling,,9905.14,,2022,3
Refining,Production,Illizi,Block 2,Equipment-4689,EQ-04689,flaring,Diesel,2179.94,gal,2023,11
Marketing,Drilling,Rhourde Nouss,Area X,Equipment-4690,EQ-04690,venting,,5258.25,,2023,11
Refining,Drilling,Hassi R'Mel,Area Y,Equipment-4691,EQ-04691,venting,,8058.41,,2025,1
Refining,Drilling,Hassi Messaoud,Field A,Equipment-4692,EQ-04692,flaring,,6742.76,,2022,12
Marketing,Production,Hassi R'Mel,Field B,Equipment-4693,EQ-04693,fugitive,,8874.43,,2022,3
Refining,Drilling,Hassi Messaoud,Area X,Equipment-4694,EQ-04694,combustion,Fuel Gas,8033.47,gal,2024,12
Marketing,Drilling,Berkine,Block 2,Equipment-4695,EQ-04695,combustion,,9084.41,,2023,1
Transportation,Operations,Rhourde Nouss,Block 1,Equipment-4696,EQ-04696,drilling,,4764.21,,2025,8
Marketing,Logistics,Rhourde Nouss,Area Y,Equipment-4697,EQ-04697,flaring,,4549.26,,2024,4
Exploration & Production,Drilling,Hassi Messaoud,Block 1,Equipment-4698,EQ-04698,venting,,8917.03,,2024,10
Refining,Production,In Salah,Field B,Equipment-4699,EQ-04699,flaring,Natural Gas,5562.74,scf,2023,9
Refining,Drilling,Berkine,Area X,Equipment-4700,EQ-04700,drilling,,2471.35,,2022,7
Marketing,Operations,Illizi,Area X,Equipment-4701,EQ-04701,fugitive,,1399.45,,2022,1
Transportation,Production,Adrar,Area X,Equipment-4702,EQ-04702,combustion,Natural Gas,3516.72,scf,2024,7
Transportation,Production,Berkine,Field B,Equipment-4703,EQ-04703,combustion,Diesel,4023.02,gal,2023,2
Exploration & Production,Logistics,Illizi,Field A,Equipment-4704,EQ-04704,flaring,Diesel,447.52,gal,2025,9
Transportation,Drilling,Illizi,Area X,Equipment-4705,EQ-04705,combustion,Diesel,7502.57,gal,2022,12
Exploration & Production,Logistics,Berkine,Field A,Equipment-4706,EQ-04706,flaring,Fuel Gas,3353.29,gal,2022,8
Transportation,Logistics,In Salah,Field B,Equipment-4707,EQ-04707,fugitive,,5376.84,,2025,12
Refining,Production,In Salah,Block 1,Equipment-4708,EQ-04708,fugitive,,4684.92,,2024,1
Exploration & Production,Drilling,Rhourde Nouss,Field A,Equipment-4709,EQ-04709,combustion,Propane,740.98,gal,2023,8
Transportation,Operations,Hassi Messaoud,Field A,Equipment-4710,EQ-04710,drilling,,6420.22,,2025,5
Refining,Logistics,Hassi Messaoud,Field A,Equipment-4711,EQ-04711,combustion,Diesel,8452.99,gal,2025,5
Transportation,Logistics,Hassi Messaoud,Field B,Equipment-4712,EQ-04712,drilling,,1078.33,,2023,2
Marketing,Operations,Berkine,Area Y,Equipment-4713,EQ-04713,combustion,,1317.08,,2023,1
Exploration & Production,Production,In Salah,Field B,Equipment-4714,EQ-04714,flaring,Fuel Gas,1190.48,gal,2023,9
Marketing,Production,Illizi,Field B,Equipment-4715,EQ-04715,venting,,9185.66,,2022,5
Exploration & Production,Operations,Berkine,Area X,Equipment-4716,EQ-04716,fugitive,,4082.23,,2022,6
Refining,Operations,Adrar,Field A,Equipment-4717,EQ-04717,drilling,,5108.36,,2024,6
Marketing,Operations,In Salah,Area X,Equipment-4718,EQ-04718,drilling,,1212.94,,2022,10
Refining,Drilling,In Salah,Area X,Equipment-4719,EQ-04719,fugitive,,9303.71,,2022,2
Transportation,Drilling,Rhourde Nouss,Field B,Equipment-4720,EQ-04720,fugitive,,8767.14,,2024,12
Exploration & Production,Logistics,In Salah,Field B,Equipment-4721,EQ-04721,flaring,Diesel,2935.4,gal,2022,7
Transportation,Production,Illizi,Area Y,Equipment-4722,EQ-04722,drilling,,6029.97,,2022,6
Refining,Logistics,Rhourde Nouss,Area X,Equipment-4723,EQ-04723,flaring,Fuel Gas,7565.87,gal,2022,5
Refining,Operations,Adrar,Field A,Equipment-4724,EQ-04724,combustion,,2180.0,,2022,12
Exploration & Production,Drilling,Illizi,Block 1,Equipment-4725,EQ-04725,combustion,Fuel Gas,1570.82,gal,2024,4
Refining,Logistics,In Salah,Area Y,Equipment-4726,EQ-04726,combustion,Diesel,9706.9,gal,2024,8
Refining,Production,Berkine,Block 2,Equipment-4727,EQ-04727,combustion,,2624.83,,2023,10
Marketing,Operations,Rhourde Nouss,Area X,Equipment-4728,EQ-04728,fugitive,,5133.88,,2025,6
Exploration & Production,Operations,Illizi,Area X,Equipment-4729,EQ-04729,combustion,,1739.66,,2022,2
Refining,Production,In Salah,Field A,Equipment-4730,EQ-04730,flaring,,2111.69,,2023,4
Transportation,Production,Illizi,Field B,Equipment-4731,EQ-04731,drilling,,3614.49,,2025,5
Refining,Logistics,Hassi R'Mel,Area X,Equipment-4732,EQ-04732,fugitive,,2284.77,,2023,12
Marketing,Operations,Hassi Messaoud,Block 1,Equipment-4733,EQ-04733,fugitive,,6448.76,,2022,7
Transportation,Logistics,Hassi Messaoud,Block 1,Equipment-4734,EQ-04734,flaring,Diesel,2629.18,gal,2023,9
Exploration & Production,Logistics,Hassi R'Mel,Field B,Equipment-4735,EQ-04735,combustion,Propane,9749.02,gal,2022,7
Exploration & Production,Production,Adrar,Block 2,Equipment-4736,EQ-04736,drilling,,4914.55,,2022,7
Marketing,Logistics,Illizi,Area X,Equipment-4737,EQ-04737,combustion,Fuel Gas,63.04,gal,2022,6
Exploration & Production,Logistics,Hassi Messaoud,Field A,Equipment-4738,EQ-04738,drilling,,5092.97,,2025,9
Transportation,Logistics,Berkine,Field B,Equipment-4739,EQ-04739,fugitive,,4877.71,,2024,4
Marketing,Logistics,In Salah,Area Y,Equipment-4740,EQ-04740,fugitive,,3926.19,,2022,8
Transportation,Logistics,Hassi Messaoud,Area X,Equipment-4741,EQ-04741,drilling,,3578.69,,2023,4
Exploration & Production,Operations,Rhourde Nouss,Area Y,Equipment-4742,EQ-04742,fugitive,,5471.0,,2023,6
Marketing,Production,Adrar,Block 2,Equipment-4743,EQ-04743,flaring,Diesel,5193.17,gal,2024,11
Refining,Operations,Adrar,Area Y,Equipment-4744,EQ-04744,flaring,Fuel Gas,785.98,gal,2022,4
Refining,Logistics,Rhourde Nouss,Field B,Equipment-4745,EQ-04745,combustion,Propane,3507.85,gal,2024,11
Marketing,Logistics,Rhourde Nouss,Block 1,Equipment-4746,EQ-04746,venting,,7479.85,,2023,6
Refining,Logistics,In Salah,Field A,Equipment-4747,EQ-04747,drilling,,5820.36,,2024,1
Exploration & Production,Production,Hassi Messaoud,Field B,Equipment-4748,EQ-04748,fugitive,,9098.92,,2024,6
Exploration & Production,Production,Berkine,Field B,Equipment-4749,EQ-04749,drilling,,3880.84,,2024,2
Exploration & Production,Operations,Adrar,Field B,Equipment-4750,EQ-04750,venting,,2964.57,,2024,6
Transportation,Logistics,Adrar,Field B,Equipment-4751,EQ-04751,fugitive,,8603.99,,2022,9
Transportation,Production,Adrar,Area X,Equipment-4752,EQ-04752,drilling,,7676.23,,2025,11
Exploration & Production,Operations,Hassi Messaoud,Field B,Equipment-4753,EQ-04753,drilling,,6200.31,,2023,12
Exploration & Production,Operations,Hassi Messaoud,Area Y,Equipment-4754,EQ-04754,drilling,,7397.95,,2024,1
Refining,Production,Illizi,Block 2,Equipment-4755,EQ-04755,venting,,2028.98,,2025,10
Exploration & Production,Production,In Salah,Field B,Equipment-4756,EQ-04756,fugitive,,8332.49,,2025,4
Transportation,Operations,Adrar,Block 2,Equipment-4757,EQ-04757,drilling,,7671.21,,2022,10
Refining,Operations,Rhourde Nouss,Block 2,Equipment-4758,EQ-04758,venting,,2820.18,,2025,7
Refining,Operations,Berkine,Field A,Equipment-4759,EQ-04759,fugitive,,9180.49,,2023,4
Transportation,Drilling,Hassi R'Mel,Block 2,Equipment-4760,EQ-04760,fugitive,,3727.27,,2022,8
Marketing,Logistics,Hassi Messaoud,Field A,Equipment-4761,EQ-04761,combustion,,8544.78,,2025,8
Refining,Drilling,Illizi,Area X,Equipment-4762,EQ-04762,drilling,,7030.79,,2025,9
Refining,Operations,Hassi Messaoud,Block 1,Equipment-4763,EQ-04763,combustion,Propane,1594.49,gal,2025,4
Transportation,Logistics,Berkine,Area X,Equipment-4764,EQ-04764,venting,,7116.96,,2024,9
Marketing,Drilling,Adrar,Area Y,Equipment-4765,EQ-04765,drilling,,6427.62,,2023,7
Exploration & Production,Logistics,Rhourde Nouss,Field A,Equipment-4766,EQ-04766,combustion,Fuel Gas,5009.09,gal,2025,6
Marketing,Drilling,Rhourde Nouss,Field A,Equipment-4767,EQ-04767,drilling,,9753.04,,2024,7
Transportation,Logistics,Rhourde Nouss,Block 1,Equipment-4768,EQ-04768,drilling,,4493.67,,2023,12
Marketing,Operations,Illizi,Block 2,Equipment-4769,EQ-04769,fugitive,,3072.67,,2022,11
Exploration & Production,Logistics,Adrar,Block 2,Equipment-4770,EQ-04770,combustion,Natural Gas,273.61,scf,2025,1
Refining,Drilling,Rhourde Nouss,Area X,Equipment-4771,EQ-04771,combustion,,801.09,,2022,2
Refining,Production,Berkine,Field A,Equipment-4772,EQ-04772,fugitive,,7551.91,,2024,10
Transportation,Operations,Hassi R'Mel,Block 1,Equipment-4773,EQ-04773,fugitive,,4244.51,,2023,8
Exploration & Production,Production,Hassi Messaoud,Block 2,Equipment-4774,EQ-04774,flaring,Natural Gas,3931.42,scf,2025,12
Refining,Logistics,In Salah,Field B,Equipment-4775,EQ-04775,venting,,7537.08,,2022,9
Exploration & Production,Production,Berkine,Field B,Equipment-4776,EQ-04776,combustion,Diesel,1637.37,gal,2025,4
Marketing,Operations,Rhourde Nouss,Area Y,Equipment-4777,EQ-04777,venting,,9269.53,,2025,12
Refining,Production,Hassi Messaoud,Field B,Equipment-4778,EQ-04778,flaring,Diesel,7957.48,gal,2025,2
Refining,Production,Adrar,Area X,Equipment-4779,EQ-04779,flaring,Fuel Gas,3120.55,gal,2025,4
Marketing,Production,In Salah,Area X,Equipment-4780,EQ-04780,combustion,,4027.86,,2022,4
Transportation,Operations,Hassi Messaoud,Area X,Equipment-4781,EQ-04781,flaring,Diesel,6323.03,gal,2022,2
Refining,Production,In Salah,Block 1,Equipment-4782,EQ-04782,drilling,,5848.71,,2024,5
Marketing,Drilling,Hassi Messaoud,Field A,Equipment-4783,EQ-04783,venting,,9219.98,,2022,5
Marketing,Drilling,Hassi Messaoud,Field B,Equipment-4784,EQ-04784,venting,,4850.09,,2024,1
Refining,Production,Adrar,Block 1,Equipment-4785,EQ-04785,flaring,Diesel,7684.11,gal,2023,5
Marketing,Production,In Salah,Area Y,Equipment-4786,EQ-04786,drilling,,6455.46,,2025,1
Transportation,Drilling,Berkine,Block 1,Equipment-4787,EQ-04787,drilling,,6012.77,,2025,2
Marketing,Logistics,Hassi R'Mel,Field B,Equipment-4788,EQ-04788,flaring,Propane,527.13,gal,2022,8
Marketing,Logistics,Hassi Messaoud,Field A,Equipment-4789,EQ-04789,fugitive,,205.41,,2022,12
Transportation,Operations,Hassi Messaoud,Area Y,Equipment-4790,EQ-04790,flaring,,7327.13,,2023,3
Marketing,Logistics,Berkine,Field B,Equipment-4791,EQ-04791,fugitive,,1906.54,,2025,2
Transportation,Production,In Salah,Block 2,Equipment-4792,EQ-04792,flaring,Propane,1719.19,gal,2022,9
Marketing,Operations,Berkine,Block 2,Equipment-4793,EQ-04793,fugitive,,245.31,,2022,12
Marketing,Production,Adrar,Field B,Equipment-4794,EQ-04794,combustion,,6038.19,,2025,9
Exploration & Production,Drilling,Hassi Messaoud,Area X,Equipment-4795,EQ-04795,flaring,Propane,7031.75,gal,2023,5
Marketing,Drilling,In Salah,Block 1,Equipment-4796,EQ-04796,flaring,,5815.38,,2022,9
Refining,Production,Rhourde Nouss,Field B,Equipment-4797,EQ-04797,combustion,Natural Gas,5396.82,scf,2023,6
Exploration & Production,Operations,Rhourde Nouss,Area X,Equipment-4798,EQ-04798,flaring,Natural Gas,5701.18,scf,2025,7
Refining,Production,Hassi Messaoud,Area Y,Equipment-4799,EQ-04799,combustion,Propane,7298.49,gal,2024,10
Exploration & Production,Production,Hassi R'Mel,Block 2,Equipment-4800,EQ-04800,fugitive,,7679.91,,2022,9
Exploration & Production,Logistics,Rhourde Nouss,Area Y,Equipment-4801,EQ-04801,drilling,,1378.7,,2025,1
Transportation,Operations,Illizi,Area Y,Equipment-4802,EQ-04802,venting,,6543.56,,2024,11
Exploration & Production,Drilling,Hassi Messaoud,Field B,Equipment-4803,EQ-04803,drilling,,8178.31,,2024,6
Exploration & Production,Drilling,Hassi R'Mel,Block 2,Equipment-4804,EQ-04804,combustion,,4907.28,,2025,4
Marketing,Operations,Illizi,Block 1,Equipment-4805,EQ-04805,flaring,Diesel,1586.6,gal,2024,2
Refining,Logistics,Hassi R'Mel,Area X,Equipment-4806,EQ-04806,fugitive,,4065.57,,2024,4
Marketing,Operations,Rhourde Nouss,Field B,Equipment-4807,EQ-04807,venting,,1290.6,,2022,11
Transportation,Production,Hassi Messaoud,Area Y,Equipment-4808,EQ-04808,venting,,1594.34,,2025,5
Refining,Production,Adrar,Field B,Equipment-4809,EQ-04809,fugitive,,7264.84,,2024,8
Refining,Operations,Hassi Messaoud,Field A,Equipment-4810,EQ-04810,combustion,Fuel Gas,5271.49,gal,2024,10
Exploration & Production,Operations,Hassi Messaoud,Block 1,Equipment-4811,EQ-04811,venting,,8015.2,,2022,1
Marketing,Drilling,Illizi,Field B,Equipment-4812,EQ-04812,drilling,,6647.41,,2022,9
Transportation,Logistics,Hassi R'Mel,Field B,Equipment-4813,EQ-04813,flaring,Diesel,8737.15,gal,2025,7
Refining,Operations,Berkine,Field A,Equipment-4814,EQ-04814,flaring,Diesel,2144.21,gal,2024,12
Transportation,Drilling,Adrar,Field A,Equipment-4815,EQ-04815,flaring,Propane,9038.29,gal,2024,3
Refining,Production,In Salah,Field A,Equipment-4816,EQ-04816,flaring,Propane,3802.01,gal,2022,8
Refining,Operations,Illizi,Area X,Equipment-4817,EQ-04817,flaring,,5847.77,,2025,12
Refining,Drilling,In Salah,Field A,Equipment-4818,EQ-04818,combustion,,3921.53,,2022,9
Exploration & Production,Operations,Rhourde Nouss,Block 1,Equipment-4819,EQ-04819,fugitive,,6975.96,,2022,1
Marketing,Production,Adrar,Block 2,Equipment-4820,EQ-04820,drilling,,8417.12,,2024,7
Exploration & Production,Drilling,Hassi R'Mel,Area X,Equipment-4821,EQ-04821,flaring,,9493.86,,2022,9
Refining,Logistics,Hassi R'Mel,Area X,Equipment-4822,EQ-04822,flaring,Natural Gas,1000.98,scf,2024,4
Transportation,Drilling,Hassi R'Mel,Block 1,Equipment-4823,EQ-04823,combustion,Diesel,2082.48,gal,2024,3
Exploration & Production,Drilling,Hassi Messaoud,Area X,Equipment-4824,EQ-04824,venting,,1239.18,,2025,6
Exploration & Production,Logistics,Illizi,Field A,Equipment-4825,EQ-04825,drilling,,3756.23,,2024,4
Exploration & Production,Logistics,Hassi R'Mel,Field A,Equipment-4826,EQ-04826,fugitive,,5474.02,,2025,4
Marketing,Logistics,Adrar,Field A,Equipment-4827,EQ-04827,combustion,Fuel Gas,4960.32,gal,2022,12
Marketing,Operations,Hassi R'Mel,Block 2,Equipment-4828,EQ-04828,drilling,,7928.65,,2023,3
Refining,Production,Hassi R'Mel,Field A,Equipment-4829,EQ-04829,drilling,,5165.19,,2024,2
Refining,Drilling,Illizi,Area Y,Equipment-4830,EQ-04830,flaring,Fuel Gas,1859.39,gal,2022,6
Refining,Logistics,Rhourde Nouss,Field A,Equipment-4831,EQ-04831,drilling,,6498.7,,2024,7
Refining,Drilling,Rhourde Nouss,Field A,Equipment-4832,EQ-04832,combustion,Diesel,7748.0,gal,2024,11
Exploration & Production,Drilling,Hassi R'Mel,Field B,Equipment-4833,EQ-04833,venting,,7413.16,,2023,8
Refining,Drilling,Rhourde Nouss,Field B,Equipment-4834,EQ-04834,fugitive,,4061.87,,2024,9
Marketing,Logistics,Hassi Messaoud,Field B,Equipment-4835,EQ-04835,drilling,,618.89,,2024,9
Refining,Drilling,Rhourde Nouss,Block 1,Equipment-4836,EQ-04836,venting,,3755.1,,2022,12
Exploration & Production,Operations,Hassi R'Mel,Area X,Equipment-4837,EQ-04837,venting,,2373.31,,2022,6
Refining,Logistics,Hassi Messaoud,Area Y,Equipment-4838,EQ-04838,venting,,8329.46,,2025,8
Exploration & Production,Logistics,Adrar,Field A,Equipment-4839,EQ-04839,drilling,,4064.86,,2025,6
Refining,Operations,Berkine,Field A,Equipment-4840,EQ-04840,combustion,Fuel Gas,3829.71,gal,2025,12
Marketing,Drilling,In Salah,Area X,Equipment-4841,EQ-04841,flaring,Natural Gas,7972.81,scf,2023,5
Transportation,Drilling,Berkine,Area Y,Equipment-4842,EQ-04842,venting,,4989.96,,2024,4
Transportation,Production,Adrar,Area X,Equipment-4843,EQ-04843,combustion,Diesel,3889.84,gal,2025,5
Refining,Production,Adrar,Area Y,Equipment-4844,EQ-04844,fugitive,,3568.39,,2022,3
Transportation,Production,Hassi Messaoud,Block 1,Equipment-4845,EQ-04845,drilling,,5370.7,,2025,5
Marketing,Operations,Berkine,Block 2,Equipment-4846,EQ-04846,fugitive,,7673.95,,2023,3
Marketing,Operations,Adrar,Area Y,Equipment-4847,EQ-04847,drilling,,3138.26,,2025,11
Transportation,Operations,Illizi,Area Y,Equipment-4848,EQ-04848,venting,,9163.98,,2022,6
Marketing,Logistics,Hassi R'Mel,Area X,Equipment-4849,EQ-04849,drilling,,4085.12,,2025,2
Exploration & Production,Drilling,Illizi,Area Y,Equipment-4850,EQ-04850,fugitive,,801.74,,2024,7
Exploration & Production,Drilling,Adrar,Block 2,Equipment-4851,EQ-04851,flaring,Fuel Gas,2155.94,gal,2023,6
Exploration & Production,Operations,Hassi R'Mel,Field A,Equipment-4852,EQ-04852,combustion,Fuel Gas,1432.54,gal,2024,11
Exploration & Production,Operations,Berkine,Field B,Equipment-4853,EQ-04853,drilling,,9883.42,,2024,1
Marketing,Operations,Illizi,Block 1,Equipment-4854,EQ-04854,venting,,3052.32,,2025,11
Marketing,Operations,Rhourde Nouss,Block 2,Equipment-4855,EQ-04855,venting,,9518.04,,2024,8
Marketing,Production,Berkine,Block 1,Equipment-4856,EQ-04856,venting,,7171.77,,2022,2
Marketing,Production,Hassi R'Mel,Field A,Equipment-4857,EQ-04857,flaring,Fuel Gas,8184.92,gal,2024,4
Transportation,Production,Illizi,Area X,Equipment-4858,EQ-04858,venting,,8050.38,,2023,3
Marketing,Drilling,Illizi,Area X,Equipment-4859,EQ-04859,venting,,1600.34,,2024,5
Exploration & Production,Production,Hassi Messaoud,Field A,Equipment-4860,EQ-04860,venting,,5606.52,,2024,11
Transportation,Operations,Rhourde Nouss,Block 1,Equipment-4861,EQ-04861,venting,,5394.17,,2024,7
Marketing,Production,Adrar,Field B,Equipment-4862,EQ-04862,combustion,Fuel Gas,1647.32,gal,2024,4
Transportation,Production,Hassi Messaoud,Area Y,Equipment-4863,EQ-04863,combustion,Natural Gas,2087.18,scf,2022,12
Transportation,Logistics,Hassi R'Mel,Area Y,Equipment-4864,EQ-04864,venting,,556.7,,2022,6
Marketing,Production,In Salah,Field B,Equipment-4865,EQ-04865,fugitive,,6129.54,,2023,6
Refining,Operations,In Salah,Block 1,Equipment-4866,EQ-04866,flaring,Diesel,257.03,gal,2024,10
Exploration & Production,Production,Adrar,Area X,Equipment-4867,EQ-04867,drilling,,1329.85,,2022,10
Marketing,Operations,Rhourde Nouss,Area X,Equipment-4868,EQ-04868,fugitive,,8482.3,,2024,8
Transportation,Operations,Rhourde Nouss,Block 1,Equipment-4869,EQ-04869,combustion,,6987.72,,2025,10
Transportation,Production,Berkine,Field A,Equipment-4870,EQ-04870,flaring,Propane,278.11,gal,2022,8
Refining,Logistics,Adrar,Field B,Equipment-4871,EQ-04871,combustion,,5676.97,,2022,12
Exploration & Production,Production,Hassi R'Mel,Area X,Equipment-4872,EQ-04872,fugitive,,9638.38,,2024,10
Refining,Production,In Salah,Block 1,Equipment-4873,EQ-04873,combustion,,6257.58,,2024,9
Refining,Drilling,Hassi R'Mel,Field A,Equipment-4874,EQ-04874,flaring,,9426.16,,2022,6
Marketing,Operations,Berkine,Block 1,Equipment-4875,EQ-04875,drilling,,4690.51,,2023,7
Marketing,Operations,Berkine,Field A,Equipment-4876,EQ-04876,fugitive,,2460.38,,2022,4
Exploration & Production,Operations,Illizi,Area X,Equipment-4877,EQ-04877,venting,,5763.46,,2025,6
Refining,Operations,Rhourde Nouss,Field A,Equipment-4878,EQ-04878,venting,,793.69,,2024,1
Refining,Logistics,Hassi R'Mel,Block 2,Equipment-4879,EQ-04879,combustion,Fuel Gas,5833.61,gal,2023,1
Transportation,Logistics,Rhourde Nouss,Block 1,Equipment-4880,EQ-04880,drilling,,5341.03,,2023,6
Marketing,Operations,Illizi,Area Y,Equipment-4881,EQ-04881,drilling,,4371.83,,2023,9
Transportation,Operations,In Salah,Field A,Equipment-4882,EQ-04882,flaring,Diesel,5284.41,gal,2024,3
Refining,Drilling,In Salah,Block 1,Equipment-4883,EQ-04883,flaring,Fuel Gas,6369.28,gal,2025,3
Marketing,Production,Adrar,Area Y,Equipment-4884,EQ-04884,venting,,1845.17,,2025,10
Exploration & Production,Operations,In Salah,Block 1,Equipment-4885,EQ-04885,combustion,Natural Gas,7173.28,scf,2023,8
Refining,Drilling,Hassi R'Mel,Area X,Equipment-4886,EQ-04886,fugitive,,2358.98,,2023,8
Exploration & Production,Logistics,Adrar,Block 1,Equipment-4887,EQ-04887,combustion,Diesel,7502.54,gal,2022,4
Transportation,Drilling,Adrar,Block 1,Equipment-4888,EQ-04888,fugitive,,8440.61,,2025,2
Transportation,Drilling,Illizi,Block 1,Equipment-4889,EQ-04889,fugitive,,5258.92,,2023,12
Refining,Logistics,Rhourde Nouss,Field B,Equipment-4890,EQ-04890,drilling,,2457.33,,2023,7
Exploration & Production,Drilling,Illizi,Area X,Equipment-4891,EQ-04891,fugitive,,3920.43,,2023,3
Marketing,Operations,In Salah,Area Y,Equipment-4892,EQ-04892,fugitive,,1896.35,,2023,1
Refining,Drilling,Rhourde Nouss,Block 2,Equipment-4893,EQ-04893,venting,,9798.46,,2024,4
Transportation,Drilling,In Salah,Area X,Equipment-4894,EQ-04894,venting,,7911.57,,2024,5
Transportation,Logistics,Hassi R'Mel,Area X,Equipment-4895,EQ-04895,venting,,7767.8,,2022,4
Transportation,Logistics,Rhourde Nouss,Field B,Equipment-4896,EQ-04896,fugitive,,4337.09,,2022,2
Transportation,Logistics,Hassi R'Mel,Field A,Equipment-4897,EQ-04897,flaring,Propane,9816.85,gal,2025,4
Refining,Logistics,Adrar,Field A,Equipment-4898,EQ-04898,drilling,,5018.67,,2025,5
Refining,Operations,Berkine,Field B,Equipment-4899,EQ-04899,combustion,Fuel Gas,8474.6,gal,2022,12
Marketing,Drilling,Berkine,Area Y,Equipment-4900,EQ-04900,flaring,Propane,2463.19,gal,2024,8
Transportation,Operations,Rhourde Nouss,Area Y,Equipment-4901,EQ-04901,flaring,,8503.46,,2023,7
Transportation,Production,Hassi R'Mel,Block 1,Equipment-4902,EQ-04902,combustion,Diesel,6643.93,gal,2022,1
Exploration & Production,Logistics,Hassi R'Mel,Area Y,Equipment-4903,EQ-04903,fugitive,,4277.45,,2022,9
Exploration & Production,Logistics,Rhourde Nouss,Area Y,Equipment-4904,EQ-04904,flaring,Fuel Gas,8474.58,gal,2025,7
Transportation,Logistics,Adrar,Field A,Equipment-4905,EQ-04905,flaring,Natural Gas,3983.5,scf,2025,4
Exploration & Production,Drilling,Rhourde Nouss,Block 2,Equipment-4906,EQ-04906,flaring,Diesel,5380.25,gal,2022,12
Marketing,Logistics,Hassi Messaoud,Area Y,Equipment-4907,EQ-04907,combustion,Propane,7922.14,gal,2022,11
Transportation,Logistics,Adrar,Block 2,Equipment-4908,EQ-04908,combustion,Fuel Gas,9497.29,gal,2022,2
Marketing,Drilling,Illizi,Field A,Equipment-4909,EQ-04909,flaring,Diesel,3113.46,gal,2025,6
Marketing,Logistics,Illizi,Block 2,Equipment-4910,EQ-04910,combustion,Fuel Gas,8397.95,gal,2025,4
Marketing,Operations,Rhourde Nouss,Area Y,Equipment-4911,EQ-04911,venting,,6725.47,,2025,6
Transportation,Drilling,Adrar,Block 2,Equipment-4912,EQ-04912,flaring,,396.23,,2025,6
Refining,Operations,Adrar,Area X,Equipment-4913,EQ-04913,fugitive,,6785.47,,2025,12
Marketing,Production,Adrar,Block 1,Equipment-4914,EQ-04914,flaring,Propane,7453.52,gal,2024,5
Marketing,Operations,Illizi,Block 1,Equipment-4915,EQ-04915,fugitive,,4051.8,,2022,12
Exploration & Production,Drilling,Adrar,Block 1,Equipment-4916,EQ-04916,combustion,,6033.61,,2022,9
Transportation,Operations,In Salah,Field B,Equipment-4917,EQ-04917,combustion,Propane,6333.94,gal,2025,2
Marketing,Production,Hassi Messaoud,Block 2,Equipment-4918,EQ-04918,combustion,Diesel,6292.28,gal,2024,10
Marketing,Logistics,Hassi Messaoud,Area Y,Equipment-4919,EQ-04919,flaring,Propane,8586.0,gal,2022,2
Exploration & Production,Production,Hassi Messaoud,Area Y,Equipment-4920,EQ-04920,flaring,Natural Gas,238.42,scf,2025,1
Exploration & Production,Logistics,In Salah,Area X,Equipment-4921,EQ-04921,drilling,,6802.2,,2023,8
Refining,Drilling,Illizi,Block 2,Equipment-4922,EQ-04922,flaring,Natural Gas,5932.69,scf,2023,1
Transportation,Logistics,Rhourde Nouss,Block 1,Equipment-4923,EQ-04923,venting,,3567.2,,2024,7
Marketing,Operations,Hassi R'Mel,Area X,Equipment-4924,EQ-04924,fugitive,,5320.21,,2024,6
Transportation,Operations,Hassi Messaoud,Block 2,Equipment-4925,EQ-04925,drilling,,7717.78,,2023,9
Exploration & Production,Drilling,Berkine,Field B,Equipment-4926,EQ-04926,fugitive,,2580.83,,2022,5
Transportation,Logistics,Rhourde Nouss,Area Y,Equipment-4927,EQ-04927,venting,,9063.23,,2025,8
Transportation,Drilling,In Salah,Area Y,Equipment-4928,EQ-04928,venting,,7275.23,,2024,9
Exploration & Production,Operations,Hassi R'Mel,Field B,Equipment-4929,EQ-04929,venting,,7854.42,,2024,1
Transportation,Production,Rhourde Nouss,Field A,Equipment-4930,EQ-04930,drilling,,2518.8,,2023,2
Refining,Drilling,Adrar,Field B,Equipment-4931,EQ-04931,drilling,,4806.61,,2024,12
Exploration & Production,Production,Rhourde Nouss,Block 2,Equipment-4932,EQ-04932,drilling,,637.16,,2022,10
Exploration & Production,Logistics,Adrar,Field A,Equipment-4933,EQ-04933,venting,,4869.77,,2023,3
Exploration & Production,Operations,Hassi R'Mel,Field A,Equipment-4934,EQ-04934,drilling,,943.74,,2024,6
Exploration & Production,Operations,Berkine,Field A,Equipment-4935,EQ-04935,venting,,6623.25,,2025,5
Marketing,Operations,Illizi,Area Y,Equipment-4936,EQ-04936,flaring,Propane,2226.27,gal,2025,9
Marketing,Production,Rhourde Nouss,Field B,Equipment-4937,EQ-04937,venting,,4530.38,,2022,10
Transportation,Production,Illizi,Field A,Equipment-4938,EQ-04938,fugitive,,1318.62,,2024,1
Exploration & Production,Drilling,Berkine,Field A,Equipment-4939,EQ-04939,drilling,,7216.66,,2025,7
Marketing,Production,Berkine,Block 1,Equipment-4940,EQ-04940,fugitive,,9054.41,,2025,2
Exploration & Production,Production,Berkine,Block 1,Equipment-4941,EQ-04941,drilling,,1969.08,,2025,10
Transportation,Logistics,Hassi Messaoud,Field A,Equipment-4942,EQ-04942,fugitive,,8153.45,,2023,10
Exploration & Production,Operations,Berkine,Block 1,Equipment-4943,EQ-04943,combustion,,2298.38,,2023,3
Transportation,Logistics,Illizi,Block 2,Equipment-4944,EQ-04944,combustion,Diesel,3722.52,gal,2025,2
Transportation,Logistics,In Salah,Block 2,Equipment-4945,EQ-04945,flaring,,4778.48,,2023,5
Transportation,Drilling,Adrar,Field A,Equipment-4946,EQ-04946,drilling,,2991.19,,2023,11
Marketing,Operations,In Salah,Area Y,Equipment-4947,EQ-04947,flaring,Diesel,7468.88,gal,2023,6
Refining,Logistics,Illizi,Area Y,Equipment-4948,EQ-04948,flaring,Propane,4854.14,gal,2023,4
Marketing,Production,Adrar,Area Y,Equipment-4949,EQ-04949,drilling,,4512.6,,2024,5
Refining,Operations,Illizi,Field B,Equipment-4950,EQ-04950,drilling,,4245.04,,2023,7
Refining,Drilling,Adrar,Block 2,Equipment-4951,EQ-04951,drilling,,5005.45,,2022,11
Transportation,Operations,Adrar,Area Y,Equipment-4952,EQ-04952,fugitive,,7689.99,,2025,6
Refining,Drilling,Illizi,Block 2,Equipment-4953,EQ-04953,flaring,,3974.94,,2023,4
Transportation,Drilling,Berkine,Block 2,Equipment-4954,EQ-04954,drilling,,1305.34,,2025,11
Refining,Production,Hassi Messaoud,Area Y,Equipment-4955,EQ-04955,flaring,,3014.39,,2022,4
Refining,Logistics,In Salah,Field B,Equipment-4956,EQ-04956,combustion,Fuel Gas,8429.83,gal,2024,7
Refining,Operations,Adrar,Block 1,Equipment-4957,EQ-04957,combustion,Propane,6924.97,gal,2024,11
Refining,Production,Illizi,Block 2,Equipment-4958,EQ-04958,flaring,Propane,7840.57,gal,2025,3
Transportation,Logistics,Adrar,Area Y,Equipment-4959,EQ-04959,flaring,Diesel,2443.38,gal,2025,7
Marketing,Logistics,Berkine,Block 1,Equipment-4960,EQ-04960,flaring,Fuel Gas,4466.91,gal,2023,12
Exploration & Production,Drilling,Illizi,Block 1,Equipment-4961,EQ-04961,venting,,3433.62,,2025,4
Transportation,Production,In Salah,Block 1,Equipment-4962,EQ-04962,venting,,6837.18,,2023,4
Exploration & Production,Operations,In Salah,Field A,Equipment-4963,EQ-04963,combustion,Natural Gas,5195.89,scf,2022,7
Refining,Drilling,Hassi Messaoud,Area Y,Equipment-4964,EQ-04964,venting,,1593.07,,2025,3
Refining,Logistics,Rhourde Nouss,Area Y,Equipment-4965,EQ-04965,fugitive,,6168.49,,2024,4
Transportation,Operations,Adrar,Block 2,Equipment-4966,EQ-04966,combustion,Fuel Gas,74.05,gal,2024,4
Transportation,Drilling,Rhourde Nouss,Area Y,Equipment-4967,EQ-04967,flaring,Diesel,6989.09,gal,2022,8
Exploration & Production,Operations,Adrar,Block 2,Equipment-4968,EQ-04968,fugitive,,3052.14,,2024,12
Marketing,Drilling,Adrar,Block 2,Equipment-4969,EQ-04969,drilling,,8382.38,,2022,3
Marketing,Logistics,Berkine,Block 1,Equipment-4970,EQ-04970,fugitive,,5480.29,,2023,7
Refining,Drilling,Berkine,Field A,Equipment-4971,EQ-04971,fugitive,,7421.79,,2022,3
Marketing,Production,Hassi R'Mel,Area X,Equipment-4972,EQ-04972,venting,,6647.86,,2022,3
Exploration & Production,Logistics,Illizi,Area Y,Equipment-4973,EQ-04973,fugitive,,7767.5,,2023,10
Exploration & Production,Operations,Rhourde Nouss,Block 1,Equipment-4974,EQ-04974,combustion,,5799.45,,2025,4
Exploration & Production,Production,In Salah,Area X,Equipment-4975,EQ-04975,combustion,,8872.06,,2024,4
Exploration & Production,Production,Berkine,Field B,Equipment-4976,EQ-04976,fugitive,,466.55,,2022,12
Refining,Drilling,Hassi R'Mel,Area Y,Equipment-4977,EQ-04977,drilling,,9618.78,,2025,6
Refining,Logistics,Illizi,Area Y,Equipment-4978,EQ-04978,flaring,Natural Gas,7056.63,scf,2024,12
Refining,Production,Illizi,Field B,Equipment-4979,EQ-04979,fugitive,,7121.98,,2024,11
Transportation,Logistics,Hassi Messaoud,Field A,Equipment-4980,EQ-04980,venting,,5324.33,,2023,5
Exploration & Production,Drilling,Berkine,Field A,Equipment-4981,EQ-04981,drilling,,5592.03,,2025,9
Marketing,Logistics,Hassi R'Mel,Area Y,Equipment-4982,EQ-04982,drilling,,4014.29,,2024,11
Transportation,Logistics,Berkine,Area X,Equipment-4983,EQ-04983,combustion,Fuel Gas,8511.11,gal,2022,10
Exploration & Production,Logistics,Hassi Messaoud,Field A,Equipment-4984,EQ-04984,combustion,Natural Gas,6757.4,scf,2024,12
Refining,Production,Hassi Messaoud,Block 2,Equipment-4985,EQ-04985,fugitive,,2343.89,,2022,11
Refining,Logistics,Berkine,Block 2,Equipment-4986,EQ-04986,drilling,,9643.24,,2024,10
Transportation,Operations,Hassi R'Mel,Area X,Equipment-4987,EQ-04987,flaring,Natural Gas,1283.13,scf,2024,7
Exploration & Production,Production,In Salah,Field A,Equipment-4988,EQ-04988,fugitive,,2701.19,,2025,10
Exploration & Production,Production,Adrar,Field A,Equipment-4989,EQ-04989,combustion,,22.35,,2025,4
Exploration & Production,Operations,Illizi,Block 1,Equipment-4990,EQ-04990,combustion,Diesel,893.53,gal,2025,8
Exploration & Production,Logistics,Illizi,Field A,Equipment-4991,EQ-04991,fugitive,,415.68,,2024,9
Transportation,Drilling,In Salah,Area Y,Equipment-4992,EQ-04992,fugitive,,4369.27,,2025,7
Refining,Production,Hassi Messaoud,Block 2,Equipment-4993,EQ-04993,flaring,Propane,5876.91,gal,2024,10
Transportation,Operations,Rhourde Nouss,Field B,Equipment-4994,EQ-04994,fugitive,,5747.9,,2023,11
Transportation,Production,Adrar,Area X,Equipment-4995,EQ-04995,venting,,8765.17,,2024,8
Refining,Operations,Adrar,Field A,Equipment-4996,EQ-04996,fugitive,,1375.15,,2023,5
Transportation,Drilling,Adrar,Field A,Equipment-4997,EQ-04997,venting,,99.03,,2022,12
Transportation,Production,Hassi Messaoud,Field A,Equipment-4998,EQ-04998,flaring,Natural Gas,3384.66,scf,2022,2
Marketing,Drilling,Rhourde Nouss,Area Y,Equipment-4999,EQ-04999,drilling,,758.05,,2023,5
Refining,Production,Adrar,Block 2,Equipment-5000,EQ-05000,combustion,,6071.15,,2023,11
Marketing,Production,Rhourde Nouss,Field A,Equipment-5001,EQ-05001,combustion,Propane,6886.71,gal,2022,4
Exploration & Production,Logistics,Rhourde Nouss,Field B,Equipment-5002,EQ-05002,combustion,Natural Gas,2409.98,scf,2023,5
Marketing,Drilling,Hassi Messaoud,Area X,Equipment-5003,EQ-05003,combustion,Diesel,7444.39,gal,2022,4
Marketing,Operations,In Salah,Block 2,Equipment-5004,EQ-05004,flaring,Natural Gas,7071.29,scf,2025,9
Refining,Logistics,Adrar,Block 1,Equipment-5005,EQ-05005,combustion,Diesel,8782.27,gal,2024,6
Marketing,Logistics,Berkine,Field B,Equipment-5006,EQ-05006,drilling,,9491.25,,2024,10
Refining,Drilling,Berkine,Block 2,Equipment-5007,EQ-05007,fugitive,,674.24,,2024,7
Exploration & Production,Logistics,Berkine,Area Y,Equipment-5008,EQ-05008,combustion,Fuel Gas,4015.69,gal,2024,3
Marketing,Production,Illizi,Field B,Equipment-5009,EQ-05009,combustion,Diesel,9982.93,gal,2023,6
Refining,Production,Rhourde Nouss,Block 1,Equipment-5010,EQ-05010,drilling,,1867.43,,2023,6
Marketing,Production,Hassi Messaoud,Block 2,Equipment-5011,EQ-05011,venting,,7658.69,,2023,11
Refining,Logistics,Rhourde Nouss,Block 1,Equipment-5012,EQ-05012,flaring,Propane,5520.38,gal,2024,10
Marketing,Production,In Salah,Area X,Equipment-5013,EQ-05013,drilling,,9868.7,,2025,5
Exploration & Production,Logistics,In Salah,Block 2,Equipment-5014,EQ-05014,venting,,9768.23,,2025,8
Exploration & Production,Operations,Berkine,Area Y,Equipment-5015,EQ-05015,combustion,Natural Gas,9715.21,scf,2024,7
Exploration & Production,Production,Hassi Messaoud,Field B,Equipment-5016,EQ-05016,combustion,Diesel,2857.81,gal,2025,3
Exploration & Production,Logistics,Illizi,Block 2,Equipment-5017,EQ-05017,drilling,,2742.26,,2025,3
Refining,Production,In Salah,Block 1,Equipment-5018,EQ-05018,drilling,,6926.88,,2023,7
Transportation,Logistics,Hassi R'Mel,Block 2,Equipment-5019,EQ-05019,fugitive,,7734.16,,2022,6
Transportation,Logistics,Berkine,Block 1,Equipment-5020,EQ-05020,fugitive,,3768.2,,2022,5
Refining,Logistics,Illizi,Block 1,Equipment-5021,EQ-05021,combustion,Fuel Gas,2232.05,gal,2025,5
Transportation,Logistics,Rhourde Nouss,Area Y,Equipment-5022,EQ-05022,flaring,Diesel,3063.8,gal,2024,6
Refining,Logistics,Hassi Messaoud,Field B,Equipment-5023,EQ-05023,fugitive,,9182.62,,2024,7
Exploration & Production,Drilling,Hassi Messaoud,Area X,Equipment-5024,EQ-05024,flaring,Fuel Gas,9863.21,gal,2022,3
Marketing,Drilling,Adrar,Block 2,Equipment-5025,EQ-05025,flaring,Diesel,5850.03,gal,2023,7
Transportation,Production,Adrar,Block 2,Equipment-5026,EQ-05026,drilling,,5744.67,,2023,6
Transportation,Operations,Hassi Messaoud,Area Y,Equipment-5027,EQ-05027,venting,,4925.58,,2025,2
Marketing,Logistics,Adrar,Block 1,Equipment-5028,EQ-05028,combustion,Propane,7660.21,gal,2025,9
Transportation,Production,Berkine,Area X,Equipment-5029,EQ-05029,combustion,,1181.57,,2025,7
Refining,Operations,Illizi,Block 2,Equipment-5030,EQ-05030,venting,,9392.52,,2023,6
Transportation,Logistics,Adrar,Block 2,Equipment-5031,EQ-05031,fugitive,,3973.76,,2022,9
Exploration & Production,Production,Berkine,Block 2,Equipment-5032,EQ-05032,venting,,1587.25,,2025,11
Marketing,Operations,Hassi Messaoud,Field B,Equipment-5033,EQ-05033,combustion,,746.65,,2024,3
Refining,Logistics,In Salah,Area Y,Equipment-5034,EQ-05034,combustion,Propane,8992.63,gal,2024,6
Refining,Production,Hassi Messaoud,Field A,Equipment-5035,EQ-05035,fugitive,,19.52,,2024,2
Transportation,Logistics,In Salah,Area X,Equipment-5036,EQ-05036,drilling,,1458.42,,2023,7
Marketing,Logistics,Hassi R'Mel,Area X,Equipment-5037,EQ-05037,venting,,9708.55,,2022,1
Refining,Operations,Rhourde Nouss,Field A,Equipment-5038,EQ-05038,fugitive,,2329.98,,2023,5
Marketing,Operations,Adrar,Field A,Equipment-5039,EQ-05039,venting,,6456.76,,2022,2
Exploration & Production,Drilling,Rhourde Nouss,Field A,Equipment-5040,EQ-05040,fugitive,,3308.57,,2024,11
Refining,Drilling,In Salah,Area X,Equipment-5041,EQ-05041,drilling,,2991.22,,2024,10
Exploration & Production,Drilling,Hassi Messaoud,Field B,Equipment-5042,EQ-05042,flaring,Diesel,4947.96,gal,2022,7
Transportation,Logistics,In Salah,Area Y,Equipment-5043,EQ-05043,combustion,Diesel,206.91,gal,2025,11
Transportation,Production,Berkine,Area X,Equipment-5044,EQ-05044,fugitive,,7791.38,,2025,10
Exploration & Production,Logistics,Hassi R'Mel,Field A,Equipment-5045,EQ-05045,flaring,Propane,6013.6,gal,2022,12
Refining,Drilling,Berkine,Field A,Equipment-5046,EQ-05046,fugitive,,5486.84,,2023,5
Exploration & Production,Operations,Berkine,Area X,Equipment-5047,EQ-05047,flaring,Diesel,7290.29,gal,2022,8
Refining,Operations,Illizi,Area Y,Equipment-5048,EQ-05048,combustion,Natural Gas,9366.23,scf,2024,9
Transportation,Drilling,Hassi R'Mel,Field B,Equipment-5049,EQ-05049,fugitive,,3975.98,,2022,3
Refining,Drilling,Hassi Messaoud,Field B,Equipment-5050,EQ-05050,combustion,,9753.51,,2024,10
Refining,Operations,In Salah,Area X,Equipment-5051,EQ-05051,fugitive,,9274.25,,2025,7
Exploration & Production,Operations,In Salah,Field A,Equipment-5052,EQ-05052,drilling,,5781.19,,2024,6
Refining,Operations,Berkine,Area Y,Equipment-5053,EQ-05053,venting,,6473.82,,2022,8
Exploration & Production,Operations,Hassi R'Mel,Field A,Equipment-5054,EQ-05054,venting,,6123.6,,2024,2
Exploration & Production,Drilling,Rhourde Nouss,Field A,Equipment-5055,EQ-05055,fugitive,,3337.5,,2024,8
Transportation,Operations,Berkine,Block 1,Equipment-5056,EQ-05056,drilling,,9414.43,,2022,10
Exploration & Production,Logistics,Hassi Messaoud,Block 2,Equipment-5057,EQ-05057,combustion,Natural Gas,766.92,scf,2024,11
Exploration & Production,Production,In Salah,Field A,Equipment-5058,EQ-05058,fugitive,,2703.57,,2024,6
Marketing,Logistics,Hassi Messaoud,Area X,Equipment-5059,EQ-05059,venting,,4945.76,,2025,6
Exploration & Production,Drilling,Berkine,Field B,Equipment-5060,EQ-05060,venting,,6977.01,,2025,11
Refining,Logistics,Hassi R'Mel,Block 1,Equipment-5061,EQ-05061,drilling,,6105.54,,2025,4
Marketing,Logistics,Hassi Messaoud,Field A,Equipment-5062,EQ-05062,fugitive,,1988.23,,2024,5
Marketing,Production,Hassi R'Mel,Field A,Equipment-5063,EQ-05063,venting,,5003.43,,2024,4
Marketing,Drilling,Adrar,Block 1,Equipment-5064,EQ-05064,drilling,,3056.29,,2024,10
Refining,Operations,Rhourde Nouss,Field A,Equipment-5065,EQ-05065,drilling,,9791.28,,2023,4
Transportation,Logistics,In Salah,Area Y,Equipment-5066,EQ-05066,venting,,3705.29,,2025,10
Marketing,Operations,In Salah,Area X,Equipment-5067,EQ-05067,fugitive,,2936.12,,2023,11
Transportation,Production,Rhourde Nouss,Area Y,Equipment-5068,EQ-05068,flaring,Propane,6826.92,gal,2023,2
Transportation,Drilling,Hassi R'Mel,Field B,Equipment-5069,EQ-05069,fugitive,,4720.78,,2025,4
Exploration & Production,Production,Hassi R'Mel,Field B,Equipment-5070,EQ-05070,fugitive,,2251.58,,2025,3
Marketing,Logistics,Hassi R'Mel,Block 2,Equipment-5071,EQ-05071,venting,,2429.3,,2023,2
Marketing,Production,In Salah,Block 2,Equipment-5072,EQ-05072,fugitive,,7927.83,,2023,9
Refining,Operations,Berkine,Field A,Equipment-5073,EQ-05073,combustion,Diesel,8569.1,gal,2023,7
Exploration & Production,Drilling,Rhourde Nouss,Field B,Equipment-5074,EQ-05074,drilling,,9182.69,,2024,2
Marketing,Drilling,Berkine,Area Y,Equipment-5075,EQ-05075,fugitive,,3717.28,,2023,10
Refining,Production,Hassi Messaoud,Field A,Equipment-5076,EQ-05076,flaring,Diesel,3621.68,gal,2025,5
Transportation,Drilling,Hassi R'Mel,Field A,Equipment-5077,EQ-05077,drilling,,3892.88,,2022,12
Marketing,Operations,In Salah,Block 2,Equipment-5078,EQ-05078,flaring,Diesel,1613.18,gal,2024,8
Refining,Production,Berkine,Block 2,Equipment-5079,EQ-05079,fugitive,,9615.43,,2022,2
Refining,Drilling,In Salah,Area Y,Equipment-5080,EQ-05080,drilling,,3502.43,,2024,9
Transportation,Production,Adrar,Field A,Equipment-5081,EQ-05081,fugitive,,2442.41,,2023,9
Marketing,Production,Rhourde Nouss,Area Y,Equipment-5082,EQ-05082,drilling,,143.0,,2023,12
Marketing,Operations,Berkine,Block 2,Equipment-5083,EQ-05083,fugitive,,3349.16,,2025,10
Transportation,Logistics,Illizi,Area Y,Equipment-5084,EQ-05084,combustion,Natural Gas,3720.34,scf,2025,8
Exploration & Production,Operations,Berkine,Block 2,Equipment-5085,EQ-05085,combustion,Diesel,8521.46,gal,2023,8
Refining,Drilling,Hassi R'Mel,Area X,Equipment-5086,EQ-05086,combustion,Natural Gas,7062.8,scf,2024,12
Exploration & Production,Logistics,Illizi,Block 2,Equipment-5087,EQ-05087,combustion,Propane,9516.5,gal,2022,10
Transportation,Logistics,Illizi,Area Y,Equipment-5088,EQ-05088,drilling,,9190.03,,2022,7
Marketing,Operations,Berkine,Area Y,Equipment-5089,EQ-05089,drilling,,7896.25,,2025,3
Exploration & Production,Drilling,In Salah,Block 1,Equipment-5090,EQ-05090,drilling,,934.15,,2025,7
Exploration & Production,Operations,Hassi Messaoud,Area Y,Equipment-5091,EQ-05091,drilling,,8771.02,,2022,12
Exploration & Production,Logistics,Illizi,Area X,Equipment-5092,EQ-05092,flaring,Propane,5370.98,gal,2023,8
Marketing,Drilling,Berkine,Block 2,Equipment-5093,EQ-05093,fugitive,,8314.0,,2024,10
Transportation,Logistics,Hassi R'Mel,Block 2,Equipment-5094,EQ-05094,flaring,Fuel Gas,2252.89,gal,2022,11
Transportation,Operations,Hassi Messaoud,Area Y,Equipment-5095,EQ-05095,drilling,,459.61,,2024,1
Marketing,Logistics,Berkine,Area X,Equipment-5096,EQ-05096,fugitive,,1362.11,,2025,1
Marketing,Logistics,Berkine,Block 2,Equipment-5097,EQ-05097,combustion,Fuel Gas,665.14,gal,2023,11
Refining,Drilling,Adrar,Block 2,Equipment-5098,EQ-05098,combustion,Diesel,791.4,gal,2024,1
Transportation,Operations,Hassi Messaoud,Area Y,Equipment-5099,EQ-05099,drilling,,910.61,,2025,4
Transportation,Logistics,Hassi Messaoud,Block 2,Equipment-5100,EQ-05100,drilling,,2162.46,,2022,12
Transportation,Logistics,Hassi R'Mel,Area X,Equipment-5101,EQ-05101,venting,,2994.18,,2025,7
Refining,Production,In Salah,Field B,Equipment-5102,EQ-05102,combustion,Diesel,2505.46,gal,2022,9
Marketing,Drilling,Adrar,Area X,Equipment-5103,EQ-05103,combustion,Diesel,1522.47,gal,2025,2
Marketing,Operations,Berkine,Block 1,Equipment-5104,EQ-05104,flaring,Propane,9424.28,gal,2022,4
Refining,Operations,Rhourde Nouss,Field A,Equipment-5105,EQ-05105,drilling,,1228.77,,2023,1
Transportation,Operations,Hassi R'Mel,Field B,Equipment-5106,EQ-05106,fugitive,,5042.96,,2022,1
Transportation,Production,Hassi Messaoud,Block 1,Equipment-5107,EQ-05107,flaring,Diesel,437.2,gal,2025,10
Refining,Drilling,Hassi Messaoud,Area Y,Equipment-5108,EQ-05108,flaring,,1714.21,,2022,3
Transportation,Operations,Adrar,Field A,Equipment-5109,EQ-05109,combustion,Fuel Gas,2920.74,gal,2022,6
Transportation,Operations,In Salah,Field A,Equipment-5110,EQ-05110,drilling,,257.3,,2023,7
Transportation,Production,Hassi R'Mel,Field A,Equipment-5111,EQ-05111,drilling,,5932.82,,2024,10
Refining,Drilling,Illizi,Block 1,Equipment-5112,EQ-05112,venting,,14.81,,2025,5
Exploration & Production,Drilling,Hassi R'Mel,Block 2,Equipment-5113,EQ-05113,fugitive,,8108.94,,2023,12
Marketing,Production,Hassi R'Mel,Block 2,Equipment-5114,EQ-05114,venting,,8259.56,,2025,10
Transportation,Operations,Hassi Messaoud,Area X,Equipment-5115,EQ-05115,venting,,9296.56,,2023,5
Transportation,Logistics,Rhourde Nouss,Area X,Equipment-5116,EQ-05116,flaring,Diesel,3639.17,gal,2022,6
Transportation,Operations,Hassi Messaoud,Block 1,Equipment-5117,EQ-05117,combustion,,5115.95,,2023,10
Transportation,Drilling,Berkine,Area Y,Equipment-5118,EQ-05118,venting,,6760.68,,2023,5
Transportation,Logistics,Hassi R'Mel,Block 1,Equipment-5119,EQ-05119,flaring,Diesel,5787.14,gal,2023,3
Marketing,Logistics,Illizi,Block 1,Equipment-5120,EQ-05120,drilling,,8604.18,,2024,9
Exploration & Production,Operations,Adrar,Area Y,Equipment-5121,EQ-05121,venting,,5137.32,,2022,2
Refining,Logistics,Hassi R'Mel,Field A,Equipment-5122,EQ-05122,venting,,6272.18,,2022,10
Refining,Operations,Berkine,Area X,Equipment-5123,EQ-05123,combustion,Natural Gas,8566.22,scf,2022,8
Refining,Drilling,Adrar,Field B,Equipment-5124,EQ-05124,fugitive,,5939.06,,2025,8
Transportation,Production,Adrar,Field A,Equipment-5125,EQ-05125,fugitive,,3819.08,,2022,6
Refining,Production,Rhourde Nouss,Area X,Equipment-5126,EQ-05126,flaring,Fuel Gas,6849.31,gal,2024,6
Marketing,Operations,Rhourde Nouss,Block 1,Equipment-5127,EQ-05127,flaring,,7048.44,,2023,6
Exploration & Production,Drilling,Adrar,Block 2,Equipment-5128,EQ-05128,flaring,Natural Gas,276.4,scf,2025,9
Exploration & Production,Logistics,Rhourde Nouss,Area X,Equipment-5129,EQ-05129,venting,,2084.41,,2025,9
Transportation,Production,In Salah,Block 2,Equipment-5130,EQ-05130,venting,,155.89,,2023,8
Marketing,Operations,Berkine,Block 1,Equipment-5131,EQ-05131,drilling,,5817.43,,2023,9
Transportation,Logistics,In Salah,Area Y,Equipment-5132,EQ-05132,fugitive,,2821.85,,2024,2
Refining,Drilling,Hassi R'Mel,Field A,Equipment-5133,EQ-05133,fugitive,,3290.37,,2022,8
Exploration & Production,Operations,Hassi R'Mel,Block 1,Equipment-5134,EQ-05134,drilling,,583.69,,2023,4
Refining,Drilling,Berkine,Block 2,Equipment-5135,EQ-05135,flaring,Diesel,8137.83,gal,2025,12
Marketing,Operations,Rhourde Nouss,Area X,Equipment-5136,EQ-05136,venting,,8632.01,,2025,4
Refining,Logistics,Rhourde Nouss,Block 1,Equipment-5137,EQ-05137,drilling,,9717.71,,2023,11
Marketing,Drilling,Illizi,Field A,Equipment-5138,EQ-05138,drilling,,7806.45,,2022,7
Refining,Operations,Hassi Messaoud,Field B,Equipment-5139,EQ-05139,venting,,213.87,,2025,4
Transportation,Drilling,Berkine,Field B,Equipment-5140,EQ-05140,drilling,,7128.36,,2025,1
Marketing,Production,Berkine,Block 2,Equipment-5141,EQ-05141,venting,,4430.3,,2025,5
Refining,Logistics,Berkine,Field B,Equipment-5142,EQ-05142,venting,,1587.73,,2023,10
Transportation,Drilling,Hassi R'Mel,Field A,Equipment-5143,EQ-05143,drilling,,7416.62,,2024,7
Exploration & Production,Operations,Illizi,Block 2,Equipment-5144,EQ-05144,combustion,Propane,4605.1,gal,2025,9
Marketing,Logistics,Adrar,Area X,Equipment-5145,EQ-05145,flaring,Natural Gas,4045.84,scf,2025,8
Exploration & Production,Operations,Rhourde Nouss,Block 1,Equipment-5146,EQ-05146,flaring,Diesel,7772.32,gal,2023,10
Transportation,Operations,In Salah,Area X,Equipment-5147,EQ-05147,fugitive,,3541.69,,2023,4
Marketing,Production,Rhourde Nouss,Field A,Equipment-5148,EQ-05148,fugitive,,7219.1,,2025,5
Marketing,Production,Rhourde Nouss,Block 2,Equipment-5149,EQ-05149,venting,,4926.14,,2025,8
Exploration & Production,Production,Berkine,Area X,Equipment-5150,EQ-05150,venting,,3774.35,,2022,10
Refining,Operations,Adrar,Block 1,Equipment-5151,EQ-05151,venting,,8575.82,,2022,5
Refining,Logistics,Illizi,Field B,Equipment-5152,EQ-05152,venting,,2428.03,,2024,8
Marketing,Drilling,Hassi Messaoud,Area Y,Equipment-5153,EQ-05153,drilling,,16.2,,2022,11
Marketing,Operations,In Salah,Area X,Equipment-5154,EQ-05154,venting,,5530.78,,2023,1
Marketing,Drilling,Berkine,Field A,Equipment-5155,EQ-05155,flaring,Diesel,9052.4,gal,2024,1
Refining,Operations,Adrar,Area X,Equipment-5156,EQ-05156,combustion,Propane,4622.26,gal,2025,2
Transportation,Production,Rhourde Nouss,Area X,Equipment-5157,EQ-05157,drilling,,2242.47,,2023,10
Exploration & Production,Drilling,Hassi R'Mel,Area Y,Equipment-5158,EQ-05158,combustion,,4811.95,,2025,9
Marketing,Operations,Illizi,Area X,Equipment-5159,EQ-05159,combustion,Diesel,4753.73,gal,2025,3
Marketing,Production,Rhourde Nouss,Area Y,Equipment-5160,EQ-05160,flaring,Fuel Gas,7420.96,gal,2023,7
Transportation,Drilling,Hassi R'Mel,Block 1,Equipment-5161,EQ-05161,fugitive,,4748.86,,2022,11
Transportation,Logistics,Rhourde Nouss,Block 2,Equipment-5162,EQ-05162,drilling,,2501.5,,2025,4
Marketing,Operations,Hassi R'Mel,Area X,Equipment-5163,EQ-05163,flaring,Diesel,7400.33,gal,2024,4
Transportation,Drilling,Hassi Messaoud,Field B,Equipment-5164,EQ-05164,fugitive,,610.2,,2024,11
Transportation,Logistics,In Salah,Area Y,Equipment-5165,EQ-05165,drilling,,9647.93,,2025,11
Refining,Production,In Salah,Block 2,Equipment-5166,EQ-05166,combustion,Fuel Gas,1439.74,gal,2025,2
Marketing,Drilling,Adrar,Block 1,Equipment-5167,EQ-05167,fugitive,,8998.02,,2023,8
Exploration & Production,Operations,Adrar,Field A,Equipment-5168,EQ-05168,fugitive,,604.12,,2025,3
Exploration & Production,Drilling,Rhourde Nouss,Area X,Equipment-5169,EQ-05169,drilling,,8092.24,,2023,6
Transportation,Logistics,In Salah,Area X,Equipment-5170,EQ-05170,flaring,Natural Gas,2948.64,scf,2024,5
Transportation,Logistics,Berkine,Block 1,Equipment-5171,EQ-05171,combustion,Propane,3960.12,gal,2024,6
Exploration & Production,Operations,Rhourde Nouss,Block 1,Equipment-5172,EQ-05172,combustion,Fuel Gas,2121.77,gal,2022,9
Marketing,Drilling,Hassi R'Mel,Field A,Equipment-5173,EQ-05173,fugitive,,8192.63,,2025,11
Exploration & Production,Operations,Hassi R'Mel,Block 2,Equipment-5174,EQ-05174,drilling,,130.93,,2023,1
Marketing,Operations,In Salah,Block 2,Equipment-5175,EQ-05175,venting,,6224.94,,2023,11
Refining,Logistics,Hassi R'Mel,Field A,Equipment-5176,EQ-05176,venting,,6334.99,,2025,1
Transportation,Logistics,Berkine,Field B,Equipment-5177,EQ-05177,venting,,9613.69,,2023,3
Transportation,Operations,Adrar,Area X,Equipment-5178,EQ-05178,fugitive,,4327.17,,2025,6
Refining,Production,Hassi Messaoud,Block 2,Equipment-5179,EQ-05179,flaring,Diesel,7337.85,gal,2023,9
Refining,Operations,Berkine,Block 2,Equipment-5180,EQ-05180,drilling,,941.79,,2023,5
Marketing,Drilling,Berkine,Field A,Equipment-5181,EQ-05181,venting,,2311.33,,2022,3
Refining,Logistics,In Salah,Block 1,Equipment-5182,EQ-05182,fugitive,,9951.32,,2023,6
Exploration & Production,Drilling,Berkine,Field A,Equipment-5183,EQ-05183,venting,,6700.98,,2025,3
Transportation,Drilling,Hassi R'Mel,Area X,Equipment-5184,EQ-05184,fugitive,,3516.19,,2025,11
Exploration & Production,Logistics,Adrar,Block 1,Equipment-5185,EQ-05185,fugitive,,9352.75,,2025,8
Exploration & Production,Operations,Rhourde Nouss,Block 1,Equipment-5186,EQ-05186,flaring,Natural Gas,3314.49,scf,2022,8
Refining,Operations,In Salah,Area X,Equipment-5187,EQ-05187,flaring,Natural Gas,1646.9,scf,2022,12
Exploration & Production,Logistics,Hassi R'Mel,Area X,Equipment-5188,EQ-05188,combustion,Diesel,9866.83,gal,2025,7
Refining,Drilling,Adrar,Field B,Equipment-5189,EQ-05189,combustion,,9786.24,,2025,8
Marketing,Drilling,In Salah,Area Y,Equipment-5190,EQ-05190,venting,,6437.61,,2024,1
Refining,Operations,Berkine,Area X,Equipment-5191,EQ-05191,flaring,Propane,1791.81,gal,2023,5
Exploration & Production,Operations,Rhourde Nouss,Block 2,Equipment-5192,EQ-05192,combustion,,2322.11,,2025,1
Exploration & Production,Drilling,Hassi Messaoud,Field B,Equipment-5193,EQ-05193,fugitive,,886.01,,2025,12
Refining,Drilling,Berkine,Area Y,Equipment-5194,EQ-05194,venting,,6228.61,,2025,6
Exploration & Production,Operations,Rhourde Nouss,Block 1,Equipment-5195,EQ-05195,flaring,Natural Gas,1941.48,scf,2022,2
Exploration & Production,Logistics,In Salah,Field A,Equipment-5196,EQ-05196,flaring,Diesel,8407.03,gal,2025,1
Exploration & Production,Logistics,In Salah,Field A,Equipment-5197,EQ-05197,fugitive,,3369.53,,2023,4
Transportation,Logistics,Berkine,Area Y,Equipment-5198,EQ-05198,fugitive,,9371.04,,2024,5
Refining,Logistics,Rhourde Nouss,Area X,Equipment-5199,EQ-05199,venting,,2694.65,,2025,9
Refining,Drilling,Hassi Messaoud,Area X,Equipment-5200,EQ-05200,venting,,4726.74,,2023,4
Transportation,Production,Hassi R'Mel,Field A,Equipment-5201,EQ-05201,fugitive,,2406.59,,2022,9
Marketing,Logistics,Adrar,Block 2,Equipment-5202,EQ-05202,fugitive,,3334.43,,2023,12
Marketing,Production,Rhourde Nouss,Field A,Equipment-5203,EQ-05203,flaring,Fuel Gas,485.97,gal,2025,5
Transportation,Production,Rhourde Nouss,Field B,Equipment-5204,EQ-05204,drilling,,6141.78,,2025,4
Marketing,Production,Adrar,Area Y,Equipment-5205,EQ-05205,flaring,Diesel,2849.07,gal,2025,1
Marketing,Logistics,Hassi Messaoud,Field A,Equipment-5206,EQ-05206,fugitive,,8491.82,,2025,10
Transportation,Production,Illizi,Area Y,Equipment-5207,EQ-05207,flaring,Natural Gas,9555.15,scf,2025,4
Refining,Logistics,Adrar,Block 1,Equipment-5208,EQ-05208,venting,,3963.15,,2025,3
Exploration & Production,Operations,Berkine,Area X,Equipment-5209,EQ-05209,drilling,,1481.37,,2023,12
Marketing,Production,Hassi Messaoud,Area X,Equipment-5210,EQ-05210,fugitive,,3793.37,,2023,4
Transportation,Production,In Salah,Field B,Equipment-5211,EQ-05211,drilling,,5631.87,,2025,12
Transportation,Production,Hassi Messaoud,Field A,Equipment-5212,EQ-05212,combustion,Fuel Gas,4013.2,gal,2025,6
Refining,Production,Rhourde Nouss,Field B,Equipment-5213,EQ-05213,flaring,Propane,5886.68,gal,2022,10
Marketing,Production,Rhourde Nouss,Block 2,Equipment-5214,EQ-05214,flaring,,3710.36,,2025,12
Exploration & Production,Logistics,Rhourde Nouss,Area X,Equipment-5215,EQ-05215,venting,,2599.71,,2024,5
Marketing,Logistics,Rhourde Nouss,Area X,Equipment-5216,EQ-05216,combustion,Diesel,4682.44,gal,2022,4
Marketing,Drilling,Adrar,Field A,Equipment-5217,EQ-05217,flaring,Natural Gas,6389.63,scf,2025,8
Refining,Production,Rhourde Nouss,Block 2,Equipment-5218,EQ-05218,drilling,,6396.27,,2022,2
Refining,Logistics,Rhourde Nouss,Field B,Equipment-5219,EQ-05219,combustion,Natural Gas,4887.31,scf,2022,9
Transportation,Logistics,Hassi Messaoud,Field A,Equipment-5220,EQ-05220,flaring,Natural Gas,2329.04,scf,2022,9
Marketing,Drilling,Rhourde Nouss,Field A,Equipment-5221,EQ-05221,fugitive,,2773.99,,2024,7
Transportation,Drilling,In Salah,Block 1,Equipment-5222,EQ-05222,combustion,Fuel Gas,3889.83,gal,2025,11
Refining,Drilling,Illizi,Area X,Equipment-5223,EQ-05223,fugitive,,7795.72,,2024,4
Marketing,Operations,Hassi R'Mel,Area X,Equipment-5224,EQ-05224,drilling,,5148.81,,2022,10
Exploration & Production,Operations,In Salah,Field A,Equipment-5225,EQ-05225,venting,,6659.26,,2024,6
Marketing,Drilling,In Salah,Area X,Equipment-5226,EQ-05226,drilling,,6436.73,,2023,10
Marketing,Drilling,Rhourde Nouss,Area Y,Equipment-5227,EQ-05227,venting,,1287.87,,2022,4
Refining,Drilling,Hassi Messaoud,Area X,Equipment-5228,EQ-05228,combustion,,6196.37,,2024,2
Refining,Logistics,Illizi,Area Y,Equipment-5229,EQ-05229,drilling,,767.95,,2024,4
Refining,Operations,Hassi R'Mel,Block 1,Equipment-5230,EQ-05230,drilling,,1392.59,,2025,1
Marketing,Logistics,Hassi R'Mel,Block 2,Equipment-5231,EQ-05231,drilling,,8885.8,,2025,1
Refining,Logistics,In Salah,Block 2,Equipment-5232,EQ-05232,fugitive,,4764.85,,2024,11
Exploration & Production,Operations,Adrar,Field B,Equipment-5233,EQ-05233,drilling,,5272.98,,2023,8
Marketing,Operations,Adrar,Field B,Equipment-5234,EQ-05234,combustion,Propane,5172.08,gal,2025,9
Transportation,Drilling,Berkine,Area X,Equipment-5235,EQ-05235,combustion,Propane,5934.75,gal,2023,7
Transportation,Logistics,Hassi Messaoud,Field A,Equipment-5236,EQ-05236,fugitive,,6163.99,,2025,6
Marketing,Production,Adrar,Area X,Equipment-5237,EQ-05237,venting,,2101.32,,2022,1
Refining,Logistics,Adrar,Block 2,Equipment-5238,EQ-05238,combustion,Diesel,7979.8,gal,2022,9
Marketing,Operations,Hassi R'Mel,Area X,Equipment-5239,EQ-05239,venting,,7842.59,,2025,5
Refining,Logistics,Hassi Messaoud,Block 2,Equipment-5240,EQ-05240,venting,,1337.17,,2022,4
Transportation,Production,Adrar,Area X,Equipment-5241,EQ-05241,combustion,Propane,4753.34,gal,2024,7
Marketing,Logistics,Rhourde Nouss,Block 2,Equipment-5242,EQ-05242,venting,,345.06,,2024,2
Refining,Operations,Illizi,Block 1,Equipment-5243,EQ-05243,fugitive,,3994.75,,2023,1
Exploration & Production,Drilling,Hassi Messaoud,Field A,Equipment-5244,EQ-05244,fugitive,,2411.1,,2023,1
Refining,Drilling,Adrar,Area Y,Equipment-5245,EQ-05245,combustion,Fuel Gas,3922.54,gal,2024,7
Exploration & Production,Drilling,Berkine,Field B,Equipment-5246,EQ-05246,flaring,Propane,4030.64,gal,2022,11
Refining,Production,Adrar,Area X,Equipment-5247,EQ-05247,flaring,Propane,3563.74,gal,2023,5
Exploration & Production,Production,Adrar,Area Y,Equipment-5248,EQ-05248,combustion,Natural Gas,3689.15,scf,2025,3
Refining,Operations,Illizi,Area Y,Equipment-5249,EQ-05249,combustion,Natural Gas,8986.88,scf,2023,12
Transportation,Operations,Hassi Messaoud,Area Y,Equipment-5250,EQ-05250,venting,,4269.33,,2024,4
Refining,Production,In Salah,Area X,Equipment-5251,EQ-05251,venting,,7921.68,,2024,7
Marketing,Logistics,Illizi,Area X,Equipment-5252,EQ-05252,fugitive,,9792.78,,2024,8
Refining,Logistics,Illizi,Area X,Equipment-5253,EQ-05253,fugitive,,7572.52,,2025,10
Exploration & Production,Production,Berkine,Field B,Equipment-5254,EQ-05254,venting,,7204.59,,2025,2
Exploration & Production,Logistics,Hassi Messaoud,Block 1,Equipment-5255,EQ-05255,flaring,Natural Gas,6289.51,scf,2023,10
Exploration & Production,Operations,Hassi R'Mel,Field A,Equipment-5256,EQ-05256,flaring,,5958.26,,2023,1
Exploration & Production,Operations,Illizi,Block 2,Equipment-5257,EQ-05257,venting,,5660.38,,2022,10
Refining,Production,Rhourde Nouss,Field B,Equipment-5258,EQ-05258,drilling,,692.4,,2023,9
Marketing,Logistics,Illizi,Area Y,Equipment-5259,EQ-05259,combustion,Natural Gas,871.72,scf,2025,1
Exploration & Production,Production,Hassi R'Mel,Field A,Equipment-5260,EQ-05260,venting,,6417.28,,2022,6
Marketing,Drilling,Rhourde Nouss,Block 1,Equipment-5261,EQ-05261,combustion,Natural Gas,5647.92,scf,2025,12
Marketing,Drilling,Hassi Messaoud,Area X,Equipment-5262,EQ-05262,flaring,Natural Gas,4871.39,scf,2025,7
Exploration & Production,Logistics,Rhourde Nouss,Area X,Equipment-5263,EQ-05263,venting,,2704.43,,2024,2
Refining,Operations,Illizi,Block 1,Equipment-5264,EQ-05264,combustion,Diesel,2167.21,gal,2025,2
Transportation,Operations,Illizi,Block 2,Equipment-5265,EQ-05265,fugitive,,2446.17,,2023,1
Marketing,Drilling,Berkine,Field B,Equipment-5266,EQ-05266,drilling,,4705.61,,2025,4
Exploration & Production,Operations,Hassi R'Mel,Block 1,Equipment-5267,EQ-05267,fugitive,,7454.89,,2023,5
Exploration & Production,Operations,Hassi R'Mel,Area Y,Equipment-5268,EQ-05268,combustion,Diesel,4677.36,gal,2023,11
Marketing,Logistics,Illizi,Area X,Equipment-5269,EQ-05269,drilling,,4772.96,,2025,3
Refining,Operations,Adrar,Block 1,Equipment-5270,EQ-05270,drilling,,6752.01,,2023,4
Marketing,Drilling,Adrar,Block 1,Equipment-5271,EQ-05271,venting,,7225.07,,2022,11
Refining,Production,Hassi R'Mel,Field A,Equipment-5272,EQ-05272,venting,,4913.28,,2023,11
Transportation,Production,Hassi R'Mel,Block 2,Equipment-5273,EQ-05273,combustion,,9993.83,,2023,12
Marketing,Logistics,Berkine,Area X,Equipment-5274,EQ-05274,drilling,,6427.38,,2022,8
Exploration & Production,Logistics,Hassi Messaoud,Field A,Equipment-5275,EQ-05275,combustion,Natural Gas,5016.98,scf,2023,2
Transportation,Operations,Hassi Messaoud,Block 2,Equipment-5276,EQ-05276,fugitive,,7468.56,,2025,5
Refining,Drilling,Rhourde Nouss,Block 2,Equipment-5277,EQ-05277,venting,,1470.08,,2024,12
Transportation,Logistics,Hassi R'Mel,Field B,Equipment-5278,EQ-05278,combustion,,3966.27,,2024,4
Transportation,Operations,Illizi,Block 2,Equipment-5279,EQ-05279,venting,,4041.47,,2022,10
Refining,Production,Adrar,Field A,Equipment-5280,EQ-05280,flaring,Fuel Gas,9234.52,gal,2024,10
Transportation,Operations,Illizi,Block 1,Equipment-5281,EQ-05281,drilling,,5645.11,,2022,11
Marketing,Drilling,Hassi Messaoud,Area Y,Equipment-5282,EQ-05282,venting,,2584.32,,2023,12
Marketing,Production,In Salah,Area X,Equipment-5283,EQ-05283,drilling,,8589.8,,2022,6
Transportation,Logistics,Illizi,Block 2,Equipment-5284,EQ-05284,drilling,,6102.43,,2023,9
Exploration & Production,Production,Rhourde Nouss,Block 1,Equipment-5285,EQ-05285,venting,,6485.91,,2024,9
Transportation,Operations,Hassi Messaoud,Block 2,Equipment-5286,EQ-05286,fugitive,,9986.57,,2022,5
Exploration & Production,Logistics,Hassi Messaoud,Block 2,Equipment-5287,EQ-05287,combustion,Fuel Gas,1780.61,gal,2022,2
Exploration & Production,Logistics,Hassi Messaoud,Area Y,Equipment-5288,EQ-05288,fugitive,,8557.71,,2022,8
Marketing,Drilling,Hassi Messaoud,Area Y,Equipment-5289,EQ-05289,flaring,,9924.37,,2023,11
Marketing,Drilling,Illizi,Area Y,Equipment-5290,EQ-05290,combustion,Propane,6143.2,gal,2024,8
Exploration & Production,Operations,Illizi,Area Y,Equipment-5291,EQ-05291,flaring,Fuel Gas,7345.3,gal,2022,5
Transportation,Operations,Adrar,Area X,Equipment-5292,EQ-05292,combustion,Propane,8106.14,gal,2025,2
Transportation,Operations,Berkine,Block 2,Equipment-5293,EQ-05293,flaring,Fuel Gas,5259.77,gal,2024,5
Exploration & Production,Logistics,Hassi Messaoud,Area X,Equipment-5294,EQ-05294,combustion,Fuel Gas,8717.6,gal,2023,3
Transportation,Operations,Hassi Messaoud,Area Y,Equipment-5295,EQ-05295,drilling,,5923.37,,2024,8
Transportation,Drilling,In Salah,Block 1,Equipment-5296,EQ-05296,combustion,Diesel,9216.51,gal,2025,7
Refining,Logistics,In Salah,Field A,Equipment-5297,EQ-05297,venting,,3904.16,,2025,3
Exploration & Production,Production,Illizi,Field A,Equipment-5298,EQ-05298,drilling,,8257.07,,2024,6
Transportation,Logistics,Hassi Messaoud,Area Y,Equipment-5299,EQ-05299,drilling,,4728.36,,2024,9
Exploration & Production,Production,Rhourde Nouss,Area X,Equipment-5300,EQ-05300,drilling,,3170.91,,2024,10
Transportation,Logistics,In Salah,Field A,Equipment-5301,EQ-05301,fugitive,,2159.43,,2024,3
Transportation,Operations,Berkine,Block 1,Equipment-5302,EQ-05302,flaring,,4843.09,,2022,11
Transportation,Drilling,Rhourde Nouss,Field A,Equipment-5303,EQ-05303,drilling,,9511.21,,2023,2
Marketing,Production,Adrar,Area X,Equipment-5304,EQ-05304,flaring,Diesel,5876.25,gal,2024,5
Transportation,Logistics,Adrar,Field B,Equipment-5305,EQ-05305,fugitive,,8974.32,,2023,5
Transportation,Production,Adrar,Field B,Equipment-5306,EQ-05306,venting,,2549.22,,2023,3
Refining,Production,Hassi Messaoud,Field B,Equipment-5307,EQ-05307,drilling,,8166.99,,2024,12
Transportation,Production,Berkine,Area Y,Equipment-5308,EQ-05308,combustion,,3037.05,,2025,4
Refining,Logistics,Rhourde Nouss,Area X,Equipment-5309,EQ-05309,combustion,Natural Gas,4277.88,scf,2025,8
Marketing,Production,Hassi Messaoud,Block 2,Equipment-5310,EQ-05310,drilling,,9623.73,,2022,12
Marketing,Production,Berkine,Block 1,Equipment-5311,EQ-05311,drilling,,5835.59,,2023,9
Marketing,Drilling,Adrar,Block 2,Equipment-5312,EQ-05312,drilling,,9151.68,,2023,5
Transportation,Logistics,Hassi Messaoud,Block 2,Equipment-5313,EQ-05313,combustion,Diesel,9513.86,gal,2023,7
Transportation,Logistics,Rhourde Nouss,Field B,Equipment-5314,EQ-05314,combustion,Propane,345.51,gal,2024,10
Marketing,Drilling,Hassi Messaoud,Block 1,Equipment-5315,EQ-05315,venting,,9031.08,,2023,10
Transportation,Drilling,Adrar,Block 1,Equipment-5316,EQ-05316,flaring,Diesel,8542.18,gal,2024,3
Refining,Drilling,Illizi,Field A,Equipment-5317,EQ-05317,combustion,Fuel Gas,9010.56,gal,2025,8
Transportation,Operations,In Salah,Field B,Equipment-5318,EQ-05318,venting,,3809.76,,2025,10
Transportation,Production,Illizi,Field A,Equipment-5319,EQ-05319,venting,,5187.96,,2022,1
Transportation,Operations,In Salah,Block 1,Equipment-5320,EQ-05320,flaring,Propane,9360.49,gal,2024,9
Refining,Drilling,In Salah,Area X,Equipment-5321,EQ-05321,flaring,Fuel Gas,8099.59,gal,2023,7
Transportation,Operations,Berkine,Field A,Equipment-5322,EQ-05322,venting,,9938.59,,2022,12
Transportation,Logistics,Hassi R'Mel,Block 2,Equipment-5323,EQ-05323,drilling,,7862.73,,2025,5
Exploration & Production,Logistics,Hassi R'Mel,Block 1,Equipment-5324,EQ-05324,fugitive,,8861.0,,2024,6
Refining,Logistics,Illizi,Area X,Equipment-5325,EQ-05325,combustion,Diesel,3282.87,gal,2025,9
Refining,Drilling,Adrar,Area Y,Equipment-5326,EQ-05326,combustion,Natural Gas,1546.45,scf,2024,9
Exploration & Production,Logistics,In Salah,Field B,Equipment-5327,EQ-05327,flaring,Propane,1595.33,gal,2022,9
Marketing,Drilling,In Salah,Block 2,Equipment-5328,EQ-05328,drilling,,1187.43,,2024,4
Transportation,Drilling,In Salah,Field B,Equipment-5329,EQ-05329,drilling,,2473.9,,2024,6
Refining,Logistics,In Salah,Field B,Equipment-5330,EQ-05330,flaring,Fuel Gas,9110.91,gal,2025,3
Refining,Production,Hassi R'Mel,Field A,Equipment-5331,EQ-05331,fugitive,,5196.12,,2023,10
Exploration & Production,Operations,Hassi R'Mel,Block 2,Equipment-5332,EQ-05332,combustion,Natural Gas,1895.2,scf,2024,12
Marketing,Logistics,In Salah,Area X,Equipment-5333,EQ-05333,venting,,6250.67,,2024,11
Marketing,Production,Illizi,Area X,Equipment-5334,EQ-05334,flaring,Natural Gas,1310.38,scf,2025,7
Transportation,Operations,Berkine,Area Y,Equipment-5335,EQ-05335,venting,,3092.39,,2025,7
Transportation,Operations,Illizi,Area X,Equipment-5336,EQ-05336,fugitive,,7356.86,,2024,1
Refining,Operations,In Salah,Field A,Equipment-5337,EQ-05337,flaring,Natural Gas,9313.19,scf,2024,10
Refining,Production,Berkine,Field B,Equipment-5338,EQ-05338,fugitive,,3255.46,,2024,9
Transportation,Production,Rhourde Nouss,Field B,Equipment-5339,EQ-05339,fugitive,,1761.11,,2023,10
Refining,Drilling,Adrar,Field B,Equipment-5340,EQ-05340,combustion,Diesel,7562.68,gal,2022,5
Refining,Operations,Berkine,Block 2,Equipment-5341,EQ-05341,flaring,,7323.69,,2025,6
Transportation,Drilling,Illizi,Area X,Equipment-5342,EQ-05342,venting,,4147.57,,2023,12
Refining,Production,Adrar,Field B,Equipment-5343,EQ-05343,fugitive,,7954.86,,2023,11
Exploration & Production,Logistics,Hassi Messaoud,Field A,Equipment-5344,EQ-05344,combustion,Propane,7207.3,gal,2023,5
Exploration & Production,Operations,In Salah,Block 1,Equipment-5345,EQ-05345,drilling,,9192.21,,2023,4
Refining,Logistics,Illizi,Area Y,Equipment-5346,EQ-05346,venting,,4255.46,,2024,5
Transportation,Operations,Illizi,Block 2,Equipment-5347,EQ-05347,flaring,Propane,4038.04,gal,2024,4
Marketing,Logistics,In Salah,Area Y,Equipment-5348,EQ-05348,flaring,Propane,4096.7,gal,2023,5
Marketing,Operations,Illizi,Area X,Equipment-5349,EQ-05349,fugitive,,1040.45,,2023,10
Exploration & Production,Drilling,Adrar,Block 2,Equipment-5350,EQ-05350,drilling,,7347.91,,2022,1
Exploration & Production,Drilling,Hassi R'Mel,Field A,Equipment-5351,EQ-05351,flaring,,3719.91,,2025,11
Marketing,Drilling,Rhourde Nouss,Block 1,Equipment-5352,EQ-05352,combustion,Diesel,7560.05,gal,2022,6
Refining,Logistics,Illizi,Block 2,Equipment-5353,EQ-05353,flaring,Propane,3963.86,gal,2022,12
Refining,Operations,In Salah,Area Y,Equipment-5354,EQ-05354,fugitive,,4734.02,,2023,1
Transportation,Production,Berkine,Field B,Equipment-5355,EQ-05355,combustion,Natural Gas,1023.32,scf,2025,9
Transportation,Logistics,In Salah,Block 2,Equipment-5356,EQ-05356,combustion,Diesel,6305.05,gal,2023,8
Exploration & Production,Logistics,Illizi,Area Y,Equipment-5357,EQ-05357,flaring,Propane,3988.88,gal,2025,8
Marketing,Drilling,Illizi,Block 2,Equipment-5358,EQ-05358,flaring,,4132.18,,2022,2
Transportation,Production,Berkine,Field B,Equipment-5359,EQ-05359,fugitive,,7707.59,,2022,12
Exploration & Production,Operations,Adrar,Field A,Equipment-5360,EQ-05360,drilling,,3567.35,,2025,3
Transportation,Operations,Illizi,Area Y,Equipment-5361,EQ-05361,drilling,,3805.99,,2024,8
Marketing,Logistics,In Salah,Block 1,Equipment-5362,EQ-05362,combustion,Fuel Gas,867.15,gal,2025,12
Transportation,Drilling,Adrar,Area Y,Equipment-5363,EQ-05363,fugitive,,5081.36,,2023,6
Marketing,Production,Hassi Messaoud,Field A,Equipment-5364,EQ-05364,venting,,6873.86,,2023,4
Transportation,Operations,In Salah,Area Y,Equipment-5365,EQ-05365,combustion,Fuel Gas,7837.23,gal,2024,7
Marketing,Logistics,Adrar,Area Y,Equipment-5366,EQ-05366,venting,,9092.18,,2023,7
Exploration & Production,Operations,Hassi R'Mel,Area Y,Equipment-5367,EQ-05367,drilling,,1579.38,,2022,7
Refining,Drilling,Hassi Messaoud,Field B,Equipment-5368,EQ-05368,venting,,4692.74,,2023,8
Marketing,Logistics,Hassi Messaoud,Block 2,Equipment-5369,EQ-05369,combustion,,3836.89,,2024,6
Refining,Logistics,In Salah,Area X,Equipment-5370,EQ-05370,fugitive,,9956.52,,2024,7
Marketing,Production,Rhourde Nouss,Field A,Equipment-5371,EQ-05371,flaring,Diesel,3754.78,gal,2025,3
Transportation,Production,Hassi R'Mel,Field B,Equipment-5372,EQ-05372,combustion,Diesel,9766.66,gal,2025,1
Marketing,Production,In Salah,Area X,Equipment-5373,EQ-05373,fugitive,,6793.61,,2023,4
Transportation,Production,Illizi,Block 2,Equipment-5374,EQ-05374,combustion,Natural Gas,1622.23,scf,2025,1
Transportation,Logistics,Adrar,Area X,Equipment-5375,EQ-05375,venting,,3554.36,,2025,9
Transportation,Drilling,Illizi,Block 1,Equipment-5376,EQ-05376,drilling,,1559.47,,2025,11
Exploration & Production,Production,Berkine,Block 1,Equipment-5377,EQ-05377,flaring,Natural Gas,8950.43,scf,2022,11
Exploration & Production,Production,Hassi Messaoud,Field A,Equipment-5378,EQ-05378,flaring,Natural Gas,9231.63,scf,2022,12
Transportation,Operations,Illizi,Area Y,Equipment-5379,EQ-05379,drilling,,4358.21,,2023,2
Exploration & Production,Operations,Illizi,Field B,Equipment-5380,EQ-05380,combustion,Fuel Gas,6627.72,gal,2025,2
Transportation,Operations,Hassi Messaoud,Block 2,Equipment-5381,EQ-05381,venting,,4644.23,,2023,9
Exploration & Production,Logistics,Hassi Messaoud,Area Y,Equipment-5382,EQ-05382,flaring,Natural Gas,1810.37,scf,2025,12
Marketing,Drilling,In Salah,Field B,Equipment-5383,EQ-05383,flaring,Natural Gas,7391.33,scf,2023,5
Marketing,Operations,Illizi,Field B,Equipment-5384,EQ-05384,flaring,Fuel Gas,5207.82,gal,2022,6
Exploration & Production,Operations,In Salah,Block 2,Equipment-5385,EQ-05385,combustion,,7252.32,,2025,8
Marketing,Logistics,Illizi,Area Y,Equipment-5386,EQ-05386,flaring,,3575.08,,2023,12
Exploration & Production,Operations,Adrar,Area X,Equipment-5387,EQ-05387,drilling,,260.96,,2022,11
Transportation,Logistics,In Salah,Field A,Equipment-5388,EQ-05388,flaring,Fuel Gas,4017.84,gal,2023,10
Exploration & Production,Drilling,Adrar,Block 1,Equipment-5389,EQ-05389,combustion,Diesel,4807.58,gal,2023,4
Exploration & Production,Logistics,Adrar,Area Y,Equipment-5390,EQ-05390,venting,,8743.72,,2022,2
Refining,Operations,Rhourde Nouss,Block 2,Equipment-5391,EQ-05391,flaring,Fuel Gas,3630.22,gal,2023,4
Marketing,Drilling,Hassi Messaoud,Area X,Equipment-5392,EQ-05392,drilling,,6545.69,,2022,2
Transportation,Operations,In Salah,Block 2,Equipment-5393,EQ-05393,venting,,6966.75,,2023,9
Exploration & Production,Logistics,Berkine,Block 1,Equipment-5394,EQ-05394,flaring,Propane,2380.0,gal,2025,9
Transportation,Logistics,Hassi R'Mel,Block 1,Equipment-5395,EQ-05395,fugitive,,7132.87,,2022,2
Transportation,Drilling,Rhourde Nouss,Area X,Equipment-5396,EQ-05396,combustion,Fuel Gas,6431.26,gal,2022,12
Marketing,Drilling,Rhourde Nouss,Block 2,Equipment-5397,EQ-05397,fugitive,,9051.62,,2024,1
Refining,Logistics,Hassi Messaoud,Area Y,Equipment-5398,EQ-05398,fugitive,,1263.09,,2023,7
Refining,Operations,Hassi R'Mel,Field B,Equipment-5399,EQ-05399,venting,,4741.95,,2025,9
Transportation,Logistics,In Salah,Block 1,Equipment-5400,EQ-05400,flaring,,760.55,,2025,7
Marketing,Logistics,Illizi,Field A,Equipment-5401,EQ-05401,drilling,,3629.48,,2022,2
Transportation,Production,Rhourde Nouss,Block 1,Equipment-5402,EQ-05402,flaring,Natural Gas,3406.37,scf,2024,6
Refining,Logistics,Illizi,Area X,Equipment-5403,EQ-05403,venting,,4375.45,,2023,5
Transportation,Operations,Berkine,Area Y,Equipment-5404,EQ-05404,drilling,,7056.81,,2022,8
Transportation,Logistics,Hassi R'Mel,Block 2,Equipment-5405,EQ-05405,fugitive,,7843.71,,2023,11
Exploration & Production,Production,Illizi,Block 1,Equipment-5406,EQ-05406,drilling,,7914.35,,2022,9
Marketing,Drilling,Adrar,Block 2,Equipment-5407,EQ-05407,venting,,11.11,,2022,12
Exploration & Production,Logistics,Rhourde Nouss,Field B,Equipment-5408,EQ-05408,flaring,Fuel Gas,8268.69,gal,2025,7
Marketing,Logistics,Rhourde Nouss,Block 1,Equipment-5409,EQ-05409,fugitive,,856.29,,2024,2
Marketing,Production,In Salah,Block 2,Equipment-5410,EQ-05410,fugitive,,381.46,,2023,1
Refining,Production,Berkine,Block 1,Equipment-5411,EQ-05411,venting,,2019.06,,2022,6
Transportation,Production,Hassi R'Mel,Area Y,Equipment-5412,EQ-05412,flaring,,4721.73,,2025,12
Marketing,Logistics,In Salah,Block 1,Equipment-5413,EQ-05413,venting,,4442.9,,2022,8
Transportation,Operations,Hassi Messaoud,Block 1,Equipment-5414,EQ-05414,combustion,Natural Gas,9702.15,scf,2025,2
Transportation,Drilling,Illizi,Block 1,Equipment-5415,EQ-05415,combustion,Diesel,7851.1,gal,2022,12
Refining,Drilling,Hassi R'Mel,Field A,Equipment-5416,EQ-05416,fugitive,,4154.21,,2024,8
Refining,Drilling,Hassi Messaoud,Block 1,Equipment-5417,EQ-05417,flaring,Propane,9519.55,gal,2024,11
Refining,Production,Adrar,Area X,Equipment-5418,EQ-05418,venting,,4052.4,,2023,4
Transportation,Drilling,Illizi,Area X,Equipment-5419,EQ-05419,combustion,Propane,9809.78,gal,2023,4
Marketing,Production,Adrar,Block 2,Equipment-5420,EQ-05420,flaring,Diesel,3895.48,gal,2024,3
Exploration & Production,Operations,In Salah,Field B,Equipment-5421,EQ-05421,fugitive,,9414.45,,2025,1
Transportation,Logistics,In Salah,Block 1,Equipment-5422,EQ-05422,venting,,6932.71,,2025,6
Marketing,Operations,Berkine,Field B,Equipment-5423,EQ-05423,combustion,,5215.34,,2022,5
Exploration & Production,Operations,Illizi,Area Y,Equipment-5424,EQ-05424,flaring,,8536.47,,2022,5
Refining,Operations,Adrar,Field B,Equipment-5425,EQ-05425,drilling,,2843.48,,2022,4
Transportation,Operations,Illizi,Area Y,Equipment-5426,EQ-05426,combustion,Natural Gas,1204.39,scf,2023,1
Exploration & Production,Logistics,Hassi R'Mel,Field B,Equipment-5427,EQ-05427,drilling,,4401.12,,2022,2
Marketing,Production,Hassi Messaoud,Block 1,Equipment-5428,EQ-05428,venting,,3470.46,,2022,4
Transportation,Operations,Adrar,Field B,Equipment-5429,EQ-05429,drilling,,4210.52,,2023,1
Refining,Operations,Illizi,Block 2,Equipment-5430,EQ-05430,venting,,6107.47,,2025,9
Refining,Production,Adrar,Field B,Equipment-5431,EQ-05431,venting,,8952.91,,2024,10
Exploration & Production,Production,Berkine,Area X,Equipment-5432,EQ-05432,drilling,,6488.73,,2023,6
Exploration & Production,Logistics,Adrar,Field B,Equipment-5433,EQ-05433,drilling,,1182.76,,2024,2
Refining,Operations,In Salah,Field A,Equipment-5434,EQ-05434,drilling,,2199.65,,2022,4
Marketing,Production,Adrar,Field A,Equipment-5435,EQ-05435,drilling,,2274.19,,2022,5
Exploration & Production,Drilling,Hassi Messaoud,Area X,Equipment-5436,EQ-05436,flaring,Diesel,2630.9,gal,2025,11
Exploration & Production,Drilling,Berkine,Area X,Equipment-5437,EQ-05437,fugitive,,3348.47,,2022,8
Refining,Operations,Hassi Messaoud,Block 1,Equipment-5438,EQ-05438,fugitive,,520.73,,2025,4
Marketing,Production,Illizi,Area X,Equipment-5439,EQ-05439,flaring,Fuel Gas,2585.69,gal,2022,3
Refining,Logistics,In Salah,Field B,Equipment-5440,EQ-05440,combustion,Propane,2054.45,gal,2025,1
Transportation,Production,Illizi,Block 1,Equipment-5441,EQ-05441,flaring,,6616.14,,2023,1
Marketing,Drilling,Illizi,Block 2,Equipment-5442,EQ-05442,drilling,,3448.31,,2024,2
Marketing,Production,Rhourde Nouss,Block 2,Equipment-5443,EQ-05443,combustion,Fuel Gas,2782.98,gal,2023,7
Exploration & Production,Drilling,In Salah,Field A,Equipment-5444,EQ-05444,flaring,Natural Gas,192.74,scf,2024,2
Refining,Operations,Berkine,Block 1,Equipment-5445,EQ-05445,fugitive,,7209.8,,2022,3
Marketing,Drilling,Hassi Messaoud,Field A,Equipment-5446,EQ-05446,flaring,Fuel Gas,2415.6,gal,2025,5
Marketing,Production,Illizi,Block 2,Equipment-5447,EQ-05447,venting,,465.59,,2025,7
Exploration & Production,Drilling,Hassi R'Mel,Block 2,Equipment-5448,EQ-05448,combustion,Diesel,8018.52,gal,2024,9
Marketing,Operations,Adrar,Area X,Equipment-5449,EQ-05449,venting,,2023.15,,2025,4
Transportation,Operations,Illizi,Block 2,Equipment-5450,EQ-05450,combustion,Fuel Gas,1421.12,gal,2025,9
Refining,Drilling,In Salah,Field B,Equipment-5451,EQ-05451,fugitive,,1684.79,,2023,2
Transportation,Production,Adrar,Field A,Equipment-5452,EQ-05452,flaring,Propane,6853.22,gal,2023,9
Exploration & Production,Drilling,Berkine,Area Y,Equipment-5453,EQ-05453,drilling,,9531.23,,2022,5
Exploration & Production,Operations,Adrar,Field A,Equipment-5454,EQ-05454,flaring,,6616.38,,2025,4
Refining,Logistics,Berkine,Block 1,Equipment-5455,EQ-05455,venting,,5350.09,,2023,10
Marketing,Drilling,Hassi R'Mel,Field B,Equipment-5456,EQ-05456,venting,,8193.28,,2025,10
Transportation,Production,Berkine,Area X,Equipment-5457,EQ-05457,flaring,Natural Gas,3625.64,scf,2022,6
Exploration & Production,Operations,Illizi,Block 1,Equipment-5458,EQ-05458,combustion,Fuel Gas,398.78,gal,2024,8
Exploration & Production,Logistics,Rhourde Nouss,Area Y,Equipment-5459,EQ-05459,venting,,7700.02,,2025,1
Exploration & Production,Drilling,Hassi Messaoud,Field A,Equipment-5460,EQ-05460,drilling,,498.11,,2022,7
Exploration & Production,Drilling,Hassi R'Mel,Area Y,Equipment-5461,EQ-05461,fugitive,,6472.25,,2024,12
Refining,Drilling,In Salah,Field B,Equipment-5462,EQ-05462,flaring,Natural Gas,9075.88,scf,2024,11
Marketing,Production,Adrar,Area X,Equipment-5463,EQ-05463,flaring,Fuel Gas,421.11,gal,2023,7
Refining,Production,In Salah,Field A,Equipment-5464,EQ-05464,venting,,156.02,,2025,7
Exploration & Production,Operations,Adrar,Area X,Equipment-5465,EQ-05465,drilling,,5675.65,,2023,3
Refining,Drilling,Hassi R'Mel,Area Y,Equipment-5466,EQ-05466,fugitive,,7312.65,,2025,10
Exploration & Production,Logistics,Illizi,Block 2,Equipment-5467,EQ-05467,drilling,,9633.2,,2025,6
Exploration & Production,Production,Hassi R'Mel,Field A,Equipment-5468,EQ-05468,combustion,Natural Gas,9793.71,scf,2025,9
Refining,Operations,Berkine,Area Y,Equipment-5469,EQ-05469,venting,,5929.39,,2022,7
Transportation,Logistics,Berkine,Block 2,Equipment-5470,EQ-05470,venting,,7579.1,,2025,6
Refining,Logistics,Illizi,Area Y,Equipment-5471,EQ-05471,combustion,Fuel Gas,3743.51,gal,2025,8
Exploration & Production,Logistics,Adrar,Field B,Equipment-5472,EQ-05472,drilling,,3269.24,,2022,7
Exploration & Production,Production,Rhourde Nouss,Area X,Equipment-5473,EQ-05473,flaring,Fuel Gas,3692.58,gal,2022,12
Exploration & Production,Production,Hassi Messaoud,Field A,Equipment-5474,EQ-05474,drilling,,4488.91,,2025,8
Refining,Drilling,Berkine,Field A,Equipment-5475,EQ-05475,combustion,Propane,6402.73,gal,2024,7
Marketing,Production,In Salah,Field B,Equipment-5476,EQ-05476,flaring,Propane,8392.23,gal,2023,6
Refining,Logistics,Illizi,Block 2,Equipment-5477,EQ-05477,venting,,2634.1,,2022,11
Exploration & Production,Operations,Illizi,Block 1,Equipment-5478,EQ-05478,drilling,,8922.0,,2024,9
Transportation,Operations,Hassi Messaoud,Field B,Equipment-5479,EQ-05479,drilling,,3337.1,,2025,4
Marketing,Production,Hassi Messaoud,Area Y,Equipment-5480,EQ-05480,flaring,Propane,9032.1,gal,2023,3
Transportation,Production,Hassi Messaoud,Area X,Equipment-5481,EQ-05481,venting,,9643.27,,2022,1
Exploration & Production,Logistics,Hassi R'Mel,Area Y,Equipment-5482,EQ-05482,combustion,Fuel Gas,3101.63,gal,2023,6
Transportation,Operations,In Salah,Block 2,Equipment-5483,EQ-05483,fugitive,,430.94,,2025,10
Marketing,Production,Illizi,Field B,Equipment-5484,EQ-05484,combustion,Fuel Gas,3407.27,gal,2023,1
Refining,Operations,Illizi,Block 2,Equipment-5485,EQ-05485,combustion,Propane,8438.58,gal,2024,9
Exploration & Production,Drilling,Adrar,Area Y,Equipment-5486,EQ-05486,flaring,,1441.59,,2022,7
Marketing,Production,Hassi Messaoud,Area Y,Equipment-5487,EQ-05487,fugitive,,5066.81,,2024,9
Refining,Logistics,Hassi R'Mel,Block 1,Equipment-5488,EQ-05488,venting,,9722.89,,2025,5
Refining,Production,Rhourde Nouss,Area X,Equipment-5489,EQ-05489,flaring,Fuel Gas,2211.69,gal,2024,9
Marketing,Logistics,In Salah,Area Y,Equipment-5490,EQ-05490,venting,,7822.27,,2024,6
Transportation,Drilling,In Salah,Block 1,Equipment-5491,EQ-05491,combustion,Propane,4792.76,gal,2024,7
Refining,Drilling,Rhourde Nouss,Field B,Equipment-5492,EQ-05492,combustion,Natural Gas,9838.98,scf,2025,3
Refining,Drilling,Adrar,Field B,Equipment-5493,EQ-05493,fugitive,,5653.98,,2023,2
Exploration & Production,Logistics,Berkine,Field B,Equipment-5494,EQ-05494,flaring,,1352.44,,2022,1
Transportation,Drilling,Illizi,Field A,Equipment-5495,EQ-05495,venting,,4876.98,,2022,8
Marketing,Logistics,Hassi R'Mel,Field B,Equipment-5496,EQ-05496,combustion,Diesel,8750.55,gal,2024,3
Refining,Operations,Hassi Messaoud,Field A,Equipment-5497,EQ-05497,combustion,Diesel,2445.79,gal,2024,4
Refining,Logistics,Hassi R'Mel,Block 2,Equipment-5498,EQ-05498,venting,,8489.09,,2023,10
Refining,Drilling,In Salah,Area X,Equipment-5499,EQ-05499,venting,,382.36,,2025,12
Marketing,Production,Illizi,Field A,Equipment-5500,EQ-05500,drilling,,4641.45,,2023,7
Transportation,Logistics,Illizi,Area X,Equipment-5501,EQ-05501,flaring,Fuel Gas,5257.51,gal,2024,6
Transportation,Production,Illizi,Block 2,Equipment-5502,EQ-05502,combustion,Diesel,28.45,gal,2022,7
Exploration & Production,Logistics,Berkine,Area X,Equipment-5503,EQ-05503,combustion,Natural Gas,9366.37,scf,2025,2
Transportation,Operations,Berkine,Block 2,Equipment-5504,EQ-05504,drilling,,7723.88,,2023,11
Transportation,Drilling,Hassi R'Mel,Area Y,Equipment-5505,EQ-05505,drilling,,7293.46,,2023,2
Refining,Logistics,Illizi,Field B,Equipment-5506,EQ-05506,fugitive,,3550.69,,2022,4
Transportation,Production,Rhourde Nouss,Field B,Equipment-5507,EQ-05507,drilling,,6464.04,,2024,1
Transportation,Production,Illizi,Area X,Equipment-5508,EQ-05508,venting,,9213.89,,2022,2
Exploration & Production,Logistics,Hassi Messaoud,Field A,Equipment-5509,EQ-05509,fugitive,,5557.57,,2024,6
Transportation,Drilling,Berkine,Block 1,Equipment-5510,EQ-05510,combustion,Propane,5737.21,gal,2025,8
Exploration & Production,Operations,Illizi,Field A,Equipment-5511,EQ-05511,fugitive,,1710.53,,2022,10
Refining,Production,Berkine,Area X,Equipment-5512,EQ-05512,flaring,Fuel Gas,8272.41,gal,2022,1
Transportation,Logistics,Hassi R'Mel,Block 2,Equipment-5513,EQ-05513,drilling,,2440.73,,2022,5
Transportation,Drilling,Adrar,Field A,Equipment-5514,EQ-05514,drilling,,4763.12,,2022,12
Exploration & Production,Drilling,In Salah,Area Y,Equipment-5515,EQ-05515,venting,,6799.72,,2025,2
Refining,Logistics,Berkine,Field A,Equipment-5516,EQ-05516,flaring,Propane,7123.23,gal,2024,9
Exploration & Production,Production,Illizi,Area X,Equipment-5517,EQ-05517,drilling,,5189.59,,2023,10
Marketing,Production,In Salah,Area X,Equipment-5518,EQ-05518,drilling,,3783.47,,2024,5
Transportation,Drilling,Adrar,Area X,Equipment-5519,EQ-05519,fugitive,,4522.81,,2022,1
Exploration & Production,Logistics,Berkine,Field B,Equipment-5520,EQ-05520,fugitive,,6060.49,,2025,10
Refining,Production,In Salah,Block 2,Equipment-5521,EQ-05521,venting,,4596.07,,2025,12
Refining,Operations,Berkine,Block 1,Equipment-5522,EQ-05522,fugitive,,4786.6,,2023,2
Exploration & Production,Logistics,Illizi,Field B,Equipment-5523,EQ-05523,combustion,Natural Gas,9064.63,scf,2024,4
Refining,Production,Adrar,Block 2,Equipment-5524,EQ-05524,flaring,,450.15,,2023,4
Transportation,Operations,Hassi Messaoud,Block 2,Equipment-5525,EQ-05525,fugitive,,219.27,,2022,10
Marketing,Production,Adrar,Field B,Equipment-5526,EQ-05526,drilling,,5215.8,,2022,2
Marketing,Drilling,Adrar,Area X,Equipment-5527,EQ-05527,fugitive,,7987.62,,2024,4
Exploration & Production,Logistics,Hassi Messaoud,Block 2,Equipment-5528,EQ-05528,combustion,Diesel,4837.65,gal,2022,1
Refining,Drilling,Rhourde Nouss,Field B,Equipment-5529,EQ-05529,fugitive,,8500.79,,2024,5
Transportation,Logistics,Hassi R'Mel,Block 2,Equipment-5530,EQ-05530,drilling,,2296.7,,2022,11
Exploration & Production,Drilling,Hassi R'Mel,Area X,Equipment-5531,EQ-05531,fugitive,,2781.69,,2022,3
Refining,Production,Adrar,Field B,Equipment-5532,EQ-05532,flaring,Diesel,2337.62,gal,2022,7
Exploration & Production,Production,In Salah,Area X,Equipment-5533,EQ-05533,venting,,6834.47,,2025,2
Marketing,Operations,In Salah,Block 2,Equipment-5534,EQ-05534,fugitive,,8266.37,,2025,7
Transportation,Production,Hassi R'Mel,Area Y,Equipment-5535,EQ-05535,drilling,,7821.72,,2022,1
Exploration & Production,Operations,Hassi Messaoud,Field B,Equipment-5536,EQ-05536,flaring,Natural Gas,1642.18,scf,2023,1
Marketing,Logistics,Hassi R'Mel,Field A,Equipment-5537,EQ-05537,combustion,,2856.41,,2025,6
Transportation,Logistics,Berkine,Area Y,Equipment-5538,EQ-05538,fugitive,,8583.96,,2024,11
Exploration & Production,Production,Illizi,Field A,Equipment-5539,EQ-05539,drilling,,4257.99,,2025,8
Transportation,Production,Illizi,Area Y,Equipment-5540,EQ-05540,fugitive,,6671.56,,2024,8
Marketing,Production,Illizi,Block 2,Equipment-5541,EQ-05541,fugitive,,6400.88,,2024,8
Exploration & Production,Logistics,Berkine,Area X,Equipment-5542,EQ-05542,drilling,,5154.92,,2022,4
Marketing,Drilling,Hassi R'Mel,Field A,Equipment-5543,EQ-05543,fugitive,,1331.03,,2024,3
Refining,Logistics,Hassi Messaoud,Field A,Equipment-5544,EQ-05544,combustion,Propane,5057.8,gal,2025,3
Exploration & Production,Operations,Adrar,Block 1,Equipment-5545,EQ-05545,combustion,Diesel,9336.37,gal,2025,8
Exploration & Production,Logistics,Illizi,Field B,Equipment-5546,EQ-05546,fugitive,,5339.98,,2023,11
Exploration & Production,Logistics,Hassi Messaoud,Field B,Equipment-5547,EQ-05547,flaring,Natural Gas,6260.19,scf,2024,12
Transportation,Logistics,Rhourde Nouss,Area X,Equipment-5548,EQ-05548,flaring,Propane,6432.3,gal,2024,7
Marketing,Operations,Berkine,Block 1,Equipment-5549,EQ-05549,venting,,4977.46,,2022,6
Transportation,Operations,Adrar,Area Y,Equipment-5550,EQ-05550,drilling,,8568.38,,2024,7
Marketing,Drilling,In Salah,Block 2,Equipment-5551,EQ-05551,venting,,1365.22,,2023,5
Refining,Drilling,Berkine,Block 2,Equipment-5552,EQ-05552,combustion,,190.56,,2024,1
Exploration & Production,Operations,Rhourde Nouss,Field B,Equipment-5553,EQ-05553,venting,,4618.53,,2024,1
Refining,Production,Adrar,Field B,Equipment-5554,EQ-05554,drilling,,8384.21,,2023,4
Exploration & Production,Logistics,Hassi R'Mel,Area Y,Equipment-5555,EQ-05555,drilling,,888.07,,2025,2
Transportation,Production,Hassi R'Mel,Block 2,Equipment-5556,EQ-05556,combustion,Fuel Gas,6196.14,gal,2024,1
Transportation,Logistics,Berkine,Area X,Equipment-5557,EQ-05557,flaring,Fuel Gas,5492.65,gal,2024,11
Marketing,Logistics,In Salah,Field A,Equipment-5558,EQ-05558,combustion,Fuel Gas,3616.15,gal,2022,11
Refining,Drilling,Illizi,Field B,Equipment-5559,EQ-05559,venting,,7962.17,,2024,11
Exploration & Production,Logistics,In Salah,Field A,Equipment-5560,EQ-05560,fugitive,,5720.07,,2023,2
Exploration & Production,Logistics,In Salah,Field A,Equipment-5561,EQ-05561,venting,,4416.74,,2022,10
Marketing,Drilling,Illizi,Field B,Equipment-5562,EQ-05562,drilling,,9859.1,,2023,1
Refining,Operations,Hassi Messaoud,Field B,Equipment-5563,EQ-05563,venting,,6486.99,,2022,8
Transportation,Operations,Adrar,Field A,Equipment-5564,EQ-05564,combustion,Diesel,2095.06,gal,2022,9
Marketing,Operations,Illizi,Block 1,Equipment-5565,EQ-05565,combustion,Fuel Gas,7951.25,gal,2025,2
Marketing,Drilling,Rhourde Nouss,Block 2,Equipment-5566,EQ-05566,fugitive,,5245.77,,2023,11
Transportation,Logistics,Illizi,Field A,Equipment-5567,EQ-05567,drilling,,1210.4,,2025,3
Marketing,Drilling,Adrar,Field A,Equipment-5568,EQ-05568,fugitive,,4548.24,,2024,11
Exploration & Production,Drilling,Hassi Messaoud,Area X,Equipment-5569,EQ-05569,drilling,,5926.84,,2024,5
Refining,Drilling,Illizi,Field B,Equipment-5570,EQ-05570,combustion,,8496.68,,2025,2
Exploration & Production,Production,Adrar,Area Y,Equipment-5571,EQ-05571,venting,,9531.99,,2022,12
Marketing,Operations,Rhourde Nouss,Field B,Equipment-5572,EQ-05572,fugitive,,895.99,,2022,4
Refining,Logistics,Hassi Messaoud,Area X,Equipment-5573,EQ-05573,venting,,3335.76,,2022,10
Marketing,Production,Hassi R'Mel,Field B,Equipment-5574,EQ-05574,combustion,Propane,9016.82,gal,2025,9
Marketing,Operations,Hassi Messaoud,Field A,Equipment-5575,EQ-05575,combustion,Natural Gas,1542.22,scf,2024,6
Exploration & Production,Drilling,Adrar,Area X,Equipment-5576,EQ-05576,fugitive,,8714.43,,2022,1
Refining,Production,Berkine,Area X,Equipment-5577,EQ-05577,drilling,,4728.28,,2024,12
Exploration & Production,Drilling,Illizi,Area X,Equipment-5578,EQ-05578,fugitive,,6686.68,,2022,9
Transportation,Drilling,Rhourde Nouss,Area Y,Equipment-5579,EQ-05579,venting,,5239.26,,2025,11
Refining,Production,Rhourde Nouss,Area Y,Equipment-5580,EQ-05580,venting,,9902.79,,2023,1
Transportation,Drilling,Illizi,Block 2,Equipment-5581,EQ-05581,flaring,,8414.42,,2025,11
Refining,Production,Berkine,Area X,Equipment-5582,EQ-05582,drilling,,7368.86,,2025,1
Exploration & Production,Production,Rhourde Nouss,Field B,Equipment-5583,EQ-05583,flaring,,5187.58,,2025,7
Marketing,Logistics,Rhourde Nouss,Block 1,Equipment-5584,EQ-05584,combustion,,1962.23,,2022,5
Exploration & Production,Production,Rhourde Nouss,Area X,Equipment-5585,EQ-05585,combustion,Fuel Gas,2442.75,gal,2025,4
Refining,Production,Hassi R'Mel,Area X,Equipment-5586,EQ-05586,fugitive,,303.7,,2024,11
Refining,Logistics,Adrar,Area Y,Equipment-5587,EQ-05587,flaring,Fuel Gas,8583.55,gal,2022,2
Exploration & Production,Logistics,Illizi,Block 2,Equipment-5588,EQ-05588,flaring,Diesel,8933.55,gal,2023,7
Transportation,Drilling,Hassi R'Mel,Area X,Equipment-5589,EQ-05589,flaring,Diesel,3691.95,gal,2023,11
Marketing,Operations,Rhourde Nouss,Area Y,Equipment-5590,EQ-05590,flaring,Fuel Gas,5777.21,gal,2024,12
Exploration & Production,Operations,Rhourde Nouss,Block 1,Equipment-5591,EQ-05591,drilling,,3150.72,,2023,10
Transportation,Operations,In Salah,Area X,Equipment-5592,EQ-05592,venting,,9974.29,,2024,11
Transportation,Logistics,In Salah,Block 2,Equipment-5593,EQ-05593,combustion,Propane,9132.47,gal,2023,7
Refining,Production,In Salah,Block 2,Equipment-5594,EQ-05594,fugitive,,5719.62,,2024,10
Refining,Logistics,Adrar,Block 1,Equipment-5595,EQ-05595,combustion,Propane,1952.24,gal,2025,3
Transportation,Operations,Adrar,Area X,Equipment-5596,EQ-05596,fugitive,,3606.78,,2022,10
Marketing,Production,In Salah,Block 2,Equipment-5597,EQ-05597,flaring,Diesel,4862.99,gal,2025,8
Marketing,Logistics,Rhourde Nouss,Field A,Equipment-5598,EQ-05598,flaring,Natural Gas,5638.5,scf,2025,5
Marketing,Operations,Berkine,Block 2,Equipment-5599,EQ-05599,combustion,,3542.94,,2023,4
Exploration & Production,Logistics,Hassi R'Mel,Field B,Equipment-5600,EQ-05600,combustion,Natural Gas,9540.64,scf,2023,1
Exploration & Production,Drilling,Adrar,Block 2,Equipment-5601,EQ-05601,combustion,Diesel,7971.11,gal,2025,6
Refining,Production,In Salah,Field B,Equipment-5602,EQ-05602,fugitive,,7808.58,,2024,9
Exploration & Production,Operations,Berkine,Area Y,Equipment-5603,EQ-05603,venting,,6995.66,,2022,6
Transportation,Drilling,Hassi Messaoud,Area Y,Equipment-5604,EQ-05604,flaring,Diesel,7634.28,gal,2024,12
Transportation,Production,Adrar,Area X,Equipment-5605,EQ-05605,flaring,Diesel,1975.18,gal,2022,8
Exploration & Production,Drilling,In Salah,Field A,Equipment-5606,EQ-05606,drilling,,8132.08,,2022,8
Exploration & Production,Drilling,Illizi,Block 1,Equipment-5607,EQ-05607,fugitive,,5173.82,,2024,6
Transportation,Operations,Illizi,Block 2,Equipment-5608,EQ-05608,venting,,1776.2,,2024,2
Transportation,Logistics,In Salah,Area X,Equipment-5609,EQ-05609,drilling,,9037.82,,2025,8
Transportation,Operations,Berkine,Block 2,Equipment-5610,EQ-05610,venting,,7475.17,,2025,7
Transportation,Drilling,Illizi,Field A,Equipment-5611,EQ-05611,venting,,6884.2,,2022,9
Transportation,Operations,Rhourde Nouss,Field B,Equipment-5612,EQ-05612,drilling,,4822.18,,2025,10
Marketing,Logistics,Rhourde Nouss,Area X,Equipment-5613,EQ-05613,flaring,Propane,8494.74,gal,2025,4
Transportation,Production,Hassi Messaoud,Block 2,Equipment-5614,EQ-05614,flaring,Natural Gas,448.34,scf,2024,3
Refining,Logistics,Hassi R'Mel,Area X,Equipment-5615,EQ-05615,flaring,,4082.2,,2023,3
Marketing,Drilling,Hassi Messaoud,Block 2,Equipment-5616,EQ-05616,combustion,,9167.79,,2025,3
Transportation,Operations,Hassi Messaoud,Block 1,Equipment-5617,EQ-05617,flaring,,7602.67,,2025,4
Refining,Production,Hassi R'Mel,Field A,Equipment-5618,EQ-05618,venting,,3158.68,,2025,7
Exploration & Production,Operations,Rhourde Nouss,Block 1,Equipment-5619,EQ-05619,venting,,4259.29,,2024,1
Refining,Drilling,Illizi,Block 2,Equipment-5620,EQ-05620,drilling,,3065.97,,2024,7
Exploration & Production,Operations,Hassi Messaoud,Area Y,Equipment-5621,EQ-05621,combustion,,3066.53,,2023,3
Exploration & Production,Drilling,Rhourde Nouss,Area Y,Equipment-5622,EQ-05622,fugitive,,314.57,,2025,9
Marketing,Logistics,In Salah,Block 1,Equipment-5623,EQ-05623,flaring,,61.03,,2024,11
Refining,Operations,Illizi,Field B,Equipment-5624,EQ-05624,drilling,,4466.67,,2024,12
Marketing,Operations,Adrar,Block 2,Equipment-5625,EQ-05625,fugitive,,1766.29,,2024,12
Transportation,Logistics,In Salah,Field B,Equipment-5626,EQ-05626,combustion,,7912.79,,2023,8
Refining,Operations,Hassi Messaoud,Field B,Equipment-5627,EQ-05627,flaring,Propane,4674.74,gal,2025,12
Exploration & Production,Logistics,Hassi Messaoud,Field A,Equipment-5628,EQ-05628,drilling,,1116.28,,2025,7
Transportation,Drilling,Rhourde Nouss,Block 2,Equipment-5629,EQ-05629,drilling,,9414.13,,2025,6
Marketing,Operations,Berkine,Area X,Equipment-5630,EQ-05630,drilling,,1693.03,,2022,5
Refining,Logistics,Illizi,Block 1,Equipment-5631,EQ-05631,flaring,,2802.53,,2025,2
Marketing,Operations,In Salah,Field B,Equipment-5632,EQ-05632,combustion,Propane,4096.4,gal,2025,7
Refining,Logistics,In Salah,Field A,Equipment-5633,EQ-05633,venting,,4004.9,,2024,7
Transportation,Drilling,Hassi Messaoud,Block 2,Equipment-5634,EQ-05634,drilling,,6341.51,,2024,6
Exploration & Production,Drilling,Hassi Messaoud,Block 2,Equipment-5635,EQ-05635,fugitive,,754.49,,2025,12
Marketing,Drilling,Adrar,Block 2,Equipment-5636,EQ-05636,flaring,Propane,3676.65,gal,2022,7
Refining,Operations,Illizi,Area X,Equipment-5637,EQ-05637,drilling,,1626.54,,2024,10
Exploration & Production,Operations,Berkine,Area Y,Equipment-5638,EQ-05638,drilling,,3632.87,,2025,12
Exploration & Production,Operations,In Salah,Area X,Equipment-5639,EQ-05639,combustion,Fuel Gas,7845.94,gal,2022,5
Marketing,Operations,Hassi R'Mel,Block 1,Equipment-5640,EQ-05640,venting,,6519.98,,2024,1
Exploration & Production,Drilling,Adrar,Block 1,Equipment-5641,EQ-05641,venting,,7966.06,,2022,7
Transportation,Drilling,Hassi R'Mel,Area Y,Equipment-5642,EQ-05642,flaring,Natural Gas,7457.62,scf,2025,9
Transportation,Drilling,In Salah,Block 1,Equipment-5643,EQ-05643,flaring,Propane,1095.76,gal,2025,2
Exploration & Production,Drilling,Rhourde Nouss,Field B,Equipment-5644,EQ-05644,flaring,Propane,3052.9,gal,2022,5
Exploration & Production,Operations,Illizi,Block 1,Equipment-5645,EQ-05645,fugitive,,4491.65,,2023,7
Exploration & Production,Production,Berkine,Block 2,Equipment-5646,EQ-05646,drilling,,6093.24,,2025,9
Exploration & Production,Logistics,Illizi,Block 1,Equipment-5647,EQ-05647,flaring,Propane,5340.15,gal,2024,11
Marketing,Production,Rhourde Nouss,Block 2,Equipment-5648,EQ-05648,combustion,Propane,6387.35,gal,2022,9
Exploration & Production,Drilling,Hassi R'Mel,Area X,Equipment-5649,EQ-05649,drilling,,1836.53,,2025,9
Refining,Operations,Hassi Messaoud,Area Y,Equipment-5650,EQ-05650,fugitive,,5506.61,,2025,11
Transportation,Logistics,Hassi R'Mel,Block 1,Equipment-5651,EQ-05651,fugitive,,7729.28,,2024,3
Transportation,Production,Berkine,Block 2,Equipment-5652,EQ-05652,fugitive,,5518.92,,2025,1
Exploration & Production,Production,Rhourde Nouss,Block 1,Equipment-5653,EQ-05653,combustion,,1790.79,,2024,4
Transportation,Drilling,Rhourde Nouss,Field B,Equipment-5654,EQ-05654,venting,,9689.58,,2022,4
Marketing,Drilling,Berkine,Field A,Equipment-5655,EQ-05655,combustion,,3330.52,,2022,12
Exploration & Production,Operations,Hassi Messaoud,Field A,Equipment-5656,EQ-05656,fugitive,,246.0,,2023,10
Exploration & Production,Operations,Rhourde Nouss,Area X,Equipment-5657,EQ-05657,drilling,,4749.43,,2023,1
Marketing,Logistics,Illizi,Block 2,Equipment-5658,EQ-05658,venting,,2306.2,,2024,9
Refining,Production,Adrar,Area X,Equipment-5659,EQ-05659,venting,,1456.98,,2025,5
Marketing,Production,Hassi Messaoud,Area Y,Equipment-5660,EQ-05660,venting,,9932.38,,2025,8
Transportation,Drilling,Illizi,Block 1,Equipment-5661,EQ-05661,flaring,,5683.77,,2025,1
Exploration & Production,Operations,Hassi Messaoud,Field B,Equipment-5662,EQ-05662,fugitive,,6800.9,,2022,1
Exploration & Production,Logistics,Rhourde Nouss,Block 2,Equipment-5663,EQ-05663,combustion,Natural Gas,3407.3,scf,2022,6
Refining,Production,Rhourde Nouss,Field A,Equipment-5664,EQ-05664,drilling,,5109.22,,2025,11
Transportation,Drilling,Hassi R'Mel,Field A,Equipment-5665,EQ-05665,drilling,,2641.35,,2023,12
Transportation,Logistics,Hassi R'Mel,Field B,Equipment-5666,EQ-05666,combustion,Propane,9674.67,gal,2022,3
Exploration & Production,Drilling,Berkine,Field B,Equipment-5667,EQ-05667,combustion,Propane,4528.27,gal,2022,9
Refining,Operations,Berkine,Field B,Equipment-5668,EQ-05668,fugitive,,1689.02,,2024,2
Refining,Drilling,Rhourde Nouss,Field B,Equipment-5669,EQ-05669,fugitive,,8397.29,,2024,12
Marketing,Operations,Hassi R'Mel,Field B,Equipment-5670,EQ-05670,combustion,,7704.86,,2025,5
Exploration & Production,Drilling,Rhourde Nouss,Field B,Equipment-5671,EQ-05671,fugitive,,5681.95,,2025,8
Refining,Logistics,In Salah,Field A,Equipment-5672,EQ-05672,fugitive,,5351.89,,2023,7
Marketing,Logistics,Adrar,Area X,Equipment-5673,EQ-05673,drilling,,8939.33,,2025,7
Refining,Operations,Illizi,Area X,Equipment-5674,EQ-05674,venting,,8563.67,,2025,7
Refining,Operations,Hassi R'Mel,Block 1,Equipment-5675,EQ-05675,drilling,,1791.92,,2022,11
Exploration & Production,Production,Adrar,Field B,Equipment-5676,EQ-05676,flaring,Fuel Gas,3102.85,gal,2024,7
Marketing,Drilling,Illizi,Field A,Equipment-5677,EQ-05677,venting,,6835.73,,2024,5
Transportation,Operations,Adrar,Field B,Equipment-5678,EQ-05678,drilling,,868.49,,2022,11
Exploration & Production,Operations,Illizi,Area X,Equipment-5679,EQ-05679,combustion,Propane,737.5,gal,2023,2
Transportation,Logistics,Hassi Messaoud,Block 1,Equipment-5680,EQ-05680,drilling,,2289.39,,2023,1
Exploration & Production,Logistics,Rhourde Nouss,Area Y,Equipment-5681,EQ-05681,combustion,Natural Gas,745.83,scf,2023,7
Exploration & Production,Operations,Hassi R'Mel,Field B,Equipment-5682,EQ-05682,combustion,Diesel,9126.13,gal,2023,5
Marketing,Logistics,Rhourde Nouss,Field A,Equipment-5683,EQ-05683,combustion,Natural Gas,7618.82,scf,2025,12
Transportation,Operations,Berkine,Block 2,Equipment-5684,EQ-05684,drilling,,4563.35,,2023,7
Exploration & Production,Production,Hassi R'Mel,Area Y,Equipment-5685,EQ-05685,combustion,Natural Gas,4959.16,scf,2023,8
Marketing,Drilling,Rhourde Nouss,Area Y,Equipment-5686,EQ-05686,flaring,Diesel,7222.67,gal,2023,12
Refining,Production,Hassi R'Mel,Field A,Equipment-5687,EQ-05687,combustion,,9749.46,,2023,12
Refining,Logistics,Rhourde Nouss,Block 2,Equipment-5688,EQ-05688,fugitive,,4512.68,,2025,4
Transportation,Drilling,Hassi R'Mel,Field A,Equipment-5689,EQ-05689,combustion,Natural Gas,8392.82,scf,2024,8
Transportation,Drilling,Adrar,Block 1,Equipment-5690,EQ-05690,combustion,Natural Gas,415.94,scf,2022,11
Transportation,Production,In Salah,Area X,Equipment-5691,EQ-05691,fugitive,,5186.62,,2025,8
Exploration & Production,Drilling,Berkine,Field A,Equipment-5692,EQ-05692,combustion,,6476.47,,2022,4
Transportation,Drilling,Illizi,Block 2,Equipment-5693,EQ-05693,fugitive,,4641.0,,2024,7
Marketing,Production,Illizi,Area X,Equipment-5694,EQ-05694,venting,,985.01,,2023,9
Marketing,Drilling,Berkine,Field B,Equipment-5695,EQ-05695,drilling,,8080.34,,2024,10
Refining,Logistics,Rhourde Nouss,Area Y,Equipment-5696,EQ-05696,flaring,,4167.03,,2025,1
Refining,Logistics,Hassi R'Mel,Block 2,Equipment-5697,EQ-05697,venting,,3732.46,,2023,3
Refining,Production,Berkine,Block 1,Equipment-5698,EQ-05698,flaring,,9065.27,,2022,9
Transportation,Drilling,In Salah,Block 2,Equipment-5699,EQ-05699,venting,,899.3,,2024,1
Refining,Drilling,Berkine,Field A,Equipment-5700,EQ-05700,venting,,5849.79,,2023,4
Exploration & Production,Operations,Berkine,Field B,Equipment-5701,EQ-05701,flaring,,7945.14,,2025,3
Refining,Logistics,Hassi R'Mel,Area X,Equipment-5702,EQ-05702,combustion,Propane,7104.16,gal,2022,6
Marketing,Drilling,Hassi R'Mel,Field A,Equipment-5703,EQ-05703,venting,,9197.02,,2024,10
Refining,Operations,Illizi,Block 1,Equipment-5704,EQ-05704,fugitive,,2113.02,,2023,3
Exploration & Production,Operations,Hassi Messaoud,Field B,Equipment-5705,EQ-05705,flaring,,323.68,,2025,8
Exploration & Production,Operations,In Salah,Block 1,Equipment-5706,EQ-05706,combustion,Natural Gas,7583.21,scf,2022,11
Refining,Logistics,Illizi,Area Y,Equipment-5707,EQ-05707,combustion,Diesel,6332.9,gal,2022,1
Refining,Production,In Salah,Field A,Equipment-5708,EQ-05708,drilling,,290.33,,2023,1
Marketing,Operations,Hassi R'Mel,Area X,Equipment-5709,EQ-05709,combustion,Diesel,6332.61,gal,2022,11
Marketing,Production,Adrar,Block 2,Equipment-5710,EQ-05710,flaring,Diesel,3681.87,gal,2023,12
Transportation,Operations,Rhourde Nouss,Field A,Equipment-5711,EQ-05711,venting,,1407.96,,2024,8
Refining,Logistics,Adrar,Block 1,Equipment-5712,EQ-05712,venting,,8327.12,,2024,12
Exploration & Production,Production,Hassi R'Mel,Field A,Equipment-5713,EQ-05713,drilling,,8654.97,,2022,7
Refining,Production,Rhourde Nouss,Field B,Equipment-5714,EQ-05714,flaring,Diesel,9234.93,gal,2023,5
Marketing,Production,Illizi,Area X,Equipment-5715,EQ-05715,venting,,9177.18,,2025,10
Exploration & Production,Operations,In Salah,Block 1,Equipment-5716,EQ-05716,flaring,,9945.66,,2023,12
Transportation,Drilling,Hassi Messaoud,Block 2,Equipment-5717,EQ-05717,flaring,Propane,1766.57,gal,2025,3
Transportation,Drilling,Hassi Messaoud,Block 2,Equipment-5718,EQ-05718,combustion,Natural Gas,3189.35,scf,2025,5
Transportation,Logistics,Rhourde Nouss,Block 2,Equipment-5719,EQ-05719,drilling,,7364.88,,2024,7
Exploration & Production,Production,In Salah,Area Y,Equipment-5720,EQ-05720,flaring,Diesel,9050.71,gal,2025,1
Transportation,Operations,Adrar,Block 2,Equipment-5721,EQ-05721,flaring,Propane,9642.84,gal,2022,9
Transportation,Drilling,Illizi,Block 1,Equipment-5722,EQ-05722,fugitive,,7820.9,,2022,5
Marketing,Production,Berkine,Block 1,Equipment-5723,EQ-05723,venting,,2741.56,,2023,6
Refining,Logistics,Adrar,Field A,Equipment-5724,EQ-05724,fugitive,,5138.67,,2025,8
Refining,Drilling,Adrar,Block 2,Equipment-5725,EQ-05725,combustion,Fuel Gas,3965.05,gal,2025,6
Refining,Drilling,Illizi,Block 2,Equipment-5726,EQ-05726,fugitive,,2202.74,,2024,11
Exploration & Production,Drilling,Illizi,Block 1,Equipment-5727,EQ-05727,flaring,,4335.2,,2025,10
Marketing,Operations,Hassi Messaoud,Field A,Equipment-5728,EQ-05728,venting,,6709.35,,2023,10
Transportation,Drilling,Berkine,Field A,Equipment-5729,EQ-05729,combustion,Fuel Gas,88.44,gal,2022,4
Exploration & Production,Production,In Salah,Field A,Equipment-5730,EQ-05730,drilling,,9329.05,,2022,12
Refining,Logistics,Berkine,Area X,Equipment-5731,EQ-05731,flaring,Propane,5137.06,gal,2022,5
Exploration & Production,Operations,Hassi Messaoud,Block 2,Equipment-5732,EQ-05732,venting,,2370.54,,2025,9
Refining,Logistics,In Salah,Block 2,Equipment-5733,EQ-05733,fugitive,,4444.32,,2022,5
Marketing,Logistics,Adrar,Area Y,Equipment-5734,EQ-05734,fugitive,,4306.76,,2024,7
Exploration & Production,Logistics,Hassi Messaoud,Field B,Equipment-5735,EQ-05735,flaring,Fuel Gas,8829.81,gal,2023,8
Marketing,Operations,Hassi R'Mel,Area X,Equipment-5736,EQ-05736,fugitive,,6943.09,,2023,2
Exploration & Production,Logistics,In Salah,Field B,Equipment-5737,EQ-05737,combustion,Natural Gas,442.08,scf,2024,7
Exploration & Production,Logistics,In Salah,Area Y,Equipment-5738,EQ-05738,combustion,Diesel,929.23,gal,2022,12
Exploration & Production,Logistics,Adrar,Area Y,Equipment-5739,EQ-05739,combustion,Fuel Gas,155.99,gal,2022,4
Refining,Operations,Hassi Messaoud,Area X,Equipment-5740,EQ-05740,combustion,Fuel Gas,9990.7,gal,2022,4
Refining,Logistics,In Salah,Block 1,Equipment-5741,EQ-05741,fugitive,,4356.41,,2024,11
Transportation,Operations,Berkine,Field B,Equipment-5742,EQ-05742,combustion,,765.2,,2025,12
Refining,Drilling,In Salah,Field A,Equipment-5743,EQ-05743,venting,,2923.64,,2025,12
Exploration & Production,Operations,In Salah,Area X,Equipment-5744,EQ-05744,venting,,145.71,,2023,10
Marketing,Drilling,Illizi,Block 2,Equipment-5745,EQ-05745,venting,,2181.78,,2023,8
Refining,Operations,Adrar,Block 1,Equipment-5746,EQ-05746,fugitive,,541.78,,2023,6
Refining,Drilling,Hassi Messaoud,Area Y,Equipment-5747,EQ-05747,flaring,Propane,2631.42,gal,2024,12
Marketing,Logistics,Berkine,Area X,Equipment-5748,EQ-05748,fugitive,,4217.16,,2023,4
Exploration & Production,Production,Illizi,Area X,Equipment-5749,EQ-05749,fugitive,,1295.45,,2025,2
Refining,Drilling,Hassi Messaoud,Field A,Equipment-5750,EQ-05750,flaring,Diesel,3491.61,gal,2025,12
Transportation,Drilling,Berkine,Area Y,Equipment-5751,EQ-05751,combustion,Propane,8278.5,gal,2023,6
Transportation,Operations,In Salah,Field A,Equipment-5752,EQ-05752,fugitive,,6570.72,,2024,7
Exploration & Production,Operations,Rhourde Nouss,Area X,Equipment-5753,EQ-05753,flaring,Propane,4744.27,gal,2022,8
Refining,Logistics,Hassi R'Mel,Block 1,Equipment-5754,EQ-05754,combustion,,8296.2,,2022,5
Marketing,Logistics,Adrar,Block 2,Equipment-5755,EQ-05755,venting,,2588.75,,2023,5
Refining,Drilling,Rhourde Nouss,Block 1,Equipment-5756,EQ-05756,combustion,,9026.94,,2025,1
Transportation,Drilling,Rhourde Nouss,Block 1,Equipment-5757,EQ-05757,venting,,7409.01,,2024,11
Transportation,Production,Hassi Messaoud,Field A,Equipment-5758,EQ-05758,fugitive,,7417.99,,2025,3
Refining,Drilling,Hassi Messaoud,Field A,Equipment-5759,EQ-05759,combustion,Diesel,9901.01,gal,2023,2
Transportation,Operations,Adrar,Area X,Equipment-5760,EQ-05760,combustion,Fuel Gas,7840.04,gal,2025,6
Transportation,Drilling,Illizi,Field B,Equipment-5761,EQ-05761,flaring,Natural Gas,7286.13,scf,2024,10
Exploration & Production,Logistics,Hassi Messaoud,Area Y,Equipment-5762,EQ-05762,combustion,Propane,4159.57,gal,2022,9
Transportation,Operations,Hassi R'Mel,Block 2,Equipment-5763,EQ-05763,combustion,Diesel,8849.88,gal,2022,11
Transportation,Logistics,Hassi Messaoud,Block 1,Equipment-5764,EQ-05764,combustion,Propane,1886.4,gal,2022,1
Transportation,Production,Rhourde Nouss,Field A,Equipment-5765,EQ-05765,combustion,,3257.29,,2022,6
Exploration & Production,Operations,Hassi Messaoud,Block 2,Equipment-5766,EQ-05766,combustion,Natural Gas,5188.95,scf,2023,5
Exploration & Production,Logistics,In Salah,Area X,Equipment-5767,EQ-05767,venting,,7423.73,,2025,3
Exploration & Production,Drilling,Rhourde Nouss,Area Y,Equipment-5768,EQ-05768,flaring,Natural Gas,8153.0,scf,2022,4
Exploration & Production,Operations,Illizi,Block 2,Equipment-5769,EQ-05769,combustion,Propane,4006.82,gal,2024,1
Transportation,Logistics,Adrar,Area X,Equipment-5770,EQ-05770,flaring,Diesel,3652.38,gal,2023,2
Transportation,Operations,Berkine,Area Y,Equipment-5771,EQ-05771,combustion,Fuel Gas,2773.41,gal,2025,7
Refining,Production,Rhourde Nouss,Area Y,Equipment-5772,EQ-05772,venting,,2449.14,,2024,12
Transportation,Operations,Hassi Messaoud,Area X,Equipment-5773,EQ-05773,drilling,,6982.14,,2025,12
Refining,Operations,Illizi,Area X,Equipment-5774,EQ-05774,fugitive,,1902.5,,2023,3
Exploration & Production,Production,Hassi Messaoud,Field B,Equipment-5775,EQ-05775,flaring,Fuel Gas,2645.31,gal,2023,10
Marketing,Drilling,Berkine,Area Y,Equipment-5776,EQ-05776,drilling,,7464.75,,2025,6
Exploration & Production,Production,In Salah,Block 2,Equipment-5777,EQ-05777,combustion,Natural Gas,6985.5,scf,2024,4
Refining,Logistics,Hassi R'Mel,Area X,Equipment-5778,EQ-05778,venting,,7898.6,,2025,4
Exploration & Production,Drilling,Berkine,Field A,Equipment-5779,EQ-05779,fugitive,,7965.56,,2022,9
Exploration & Production,Production,Berkine,Area X,Equipment-5780,EQ-05780,drilling,,5092.96,,2023,8
Exploration & Production,Drilling,In Salah,Field B,Equipment-5781,EQ-05781,fugitive,,7514.34,,2023,6
Refining,Drilling,Illizi,Field A,Equipment-5782,EQ-05782,combustion,,3411.78,,2024,10
Marketing,Production,Hassi Messaoud,Field B,Equipment-5783,EQ-05783,fugitive,,6626.01,,2022,7
Marketing,Production,In Salah,Area Y,Equipment-5784,EQ-05784,fugitive,,715.29,,2022,12
Transportation,Drilling,Illizi,Block 1,Equipment-5785,EQ-05785,flaring,Diesel,6105.38,gal,2024,1
Marketing,Drilling,Illizi,Area Y,Equipment-5786,EQ-05786,fugitive,,5801.7,,2023,12
Transportation,Operations,Hassi R'Mel,Block 2,Equipment-5787,EQ-05787,venting,,6420.64,,2022,3
Marketing,Logistics,Illizi,Area X,Equipment-5788,EQ-05788,flaring,Propane,9792.31,gal,2023,7
Marketing,Logistics,Adrar,Field A,Equipment-5789,EQ-05789,drilling,,3946.05,,2023,11
Refining,Operations,Illizi,Block 2,Equipment-5790,EQ-05790,flaring,,2107.58,,2024,10
Marketing,Drilling,Hassi R'Mel,Area Y,Equipment-5791,EQ-05791,fugitive,,7630.55,,2024,10
Refining,Drilling,In Salah,Block 2,Equipment-5792,EQ-05792,venting,,1077.2,,2022,6
Refining,Production,Adrar,Block 1,Equipment-5793,EQ-05793,fugitive,,995.28,,2024,7
Transportation,Drilling,Illizi,Block 2,Equipment-5794,EQ-05794,flaring,Propane,998.51,gal,2022,12
Marketing,Production,Berkine,Field A,Equipment-5795,EQ-05795,flaring,Natural Gas,1782.28,scf,2025,7
Exploration & Production,Logistics,In Salah,Block 2,Equipment-5796,EQ-05796,fugitive,,8708.44,,2024,2
Transportation,Operations,Rhourde Nouss,Field B,Equipment-5797,EQ-05797,drilling,,9713.29,,2025,5
Exploration & Production,Operations,Berkine,Field A,Equipment-5798,EQ-05798,venting,,9860.98,,2023,5
Exploration & Production,Operations,Hassi Messaoud,Area Y,Equipment-5799,EQ-05799,combustion,Fuel Gas,6690.72,gal,2025,11
Exploration & Production,Operations,Adrar,Area X,Equipment-5800,EQ-05800,drilling,,4567.51,,2023,12
Refining,Production,Rhourde Nouss,Field A,Equipment-5801,EQ-05801,combustion,Natural Gas,9566.15,scf,2025,5
Transportation,Logistics,Berkine,Area Y,Equipment-5802,EQ-05802,flaring,Propane,5240.06,gal,2022,8
Marketing,Logistics,Illizi,Area Y,Equipment-5803,EQ-05803,venting,,149.17,,2022,7
Transportation,Operations,Adrar,Area Y,Equipment-5804,EQ-05804,flaring,Natural Gas,4896.01,scf,2024,5
Transportation,Operations,In Salah,Block 2,Equipment-5805,EQ-05805,drilling,,6705.95,,2022,6
Transportation,Production,Adrar,Block 1,Equipment-5806,EQ-05806,venting,,43.78,,2024,10
Refining,Operations,Hassi R'Mel,Block 2,Equipment-5807,EQ-05807,flaring,Fuel Gas,3644.75,gal,2022,3
Exploration & Production,Production,Adrar,Area Y,Equipment-5808,EQ-05808,combustion,,7563.36,,2025,12
Transportation,Operations,Adrar,Area Y,Equipment-5809,EQ-05809,fugitive,,3580.62,,2022,5
Refining,Drilling,Hassi Messaoud,Block 2,Equipment-5810,EQ-05810,venting,,7755.52,,2024,12
Exploration & Production,Logistics,Illizi,Field B,Equipment-5811,EQ-05811,venting,,6216.54,,2022,3
Exploration & Production,Logistics,Hassi Messaoud,Area X,Equipment-5812,EQ-05812,flaring,Diesel,2974.38,gal,2025,10
Refining,Operations,Hassi Messaoud,Field A,Equipment-5813,EQ-05813,drilling,,873.51,,2022,11
Transportation,Operations,Adrar,Field B,Equipment-5814,EQ-05814,venting,,5268.32,,2024,4
Exploration & Production,Production,Illizi,Area Y,Equipment-5815,EQ-05815,combustion,Fuel Gas,7654.6,gal,2022,1
Transportation,Drilling,Illizi,Block 2,Equipment-5816,EQ-05816,venting,,1144.7,,2025,3
Marketing,Production,Berkine,Block 2,Equipment-5817,EQ-05817,drilling,,3534.87,,2023,6
Transportation,Production,Hassi R'Mel,Field B,Equipment-5818,EQ-05818,fugitive,,2356.47,,2024,7
Exploration & Production,Production,Rhourde Nouss,Field A,Equipment-5819,EQ-05819,combustion,Fuel Gas,7264.66,gal,2025,5
Refining,Logistics,Illizi,Field B,Equipment-5820,EQ-05820,drilling,,6080.38,,2022,2
Transportation,Logistics,Hassi R'Mel,Block 1,Equipment-5821,EQ-05821,fugitive,,4768.74,,2022,2
Marketing,Production,Berkine,Field A,Equipment-5822,EQ-05822,fugitive,,2389.51,,2025,11
Transportation,Drilling,Illizi,Block 1,Equipment-5823,EQ-05823,drilling,,2223.67,,2024,1
Marketing,Production,Illizi,Block 2,Equipment-5824,EQ-05824,flaring,Diesel,8732.56,gal,2022,7
Transportation,Drilling,Illizi,Field A,Equipment-5825,EQ-05825,drilling,,6933.74,,2024,7
Refining,Production,Adrar,Block 2,Equipment-5826,EQ-05826,venting,,4230.68,,2023,5
Refining,Drilling,In Salah,Block 1,Equipment-5827,EQ-05827,fugitive,,8854.42,,2025,9
Transportation,Operations,Hassi Messaoud,Field B,Equipment-5828,EQ-05828,flaring,Fuel Gas,7920.63,gal,2024,2
Marketing,Operations,Hassi R'Mel,Area Y,Equipment-5829,EQ-05829,fugitive,,6110.07,,2024,12
Marketing,Logistics,Berkine,Area X,Equipment-5830,EQ-05830,fugitive,,8027.87,,2025,7
Marketing,Logistics,In Salah,Area Y,Equipment-5831,EQ-05831,flaring,Propane,1853.67,gal,2022,4
Marketing,Logistics,Illizi,Area Y,Equipment-5832,EQ-05832,drilling,,1817.2,,2023,9
Refining,Logistics,Hassi Messaoud,Area X,Equipment-5833,EQ-05833,combustion,Fuel Gas,7669.9,gal,2022,7
Refining,Logistics,In Salah,Field A,Equipment-5834,EQ-05834,flaring,Diesel,3813.92,gal,2022,9
Refining,Logistics,Hassi R'Mel,Field A,Equipment-5835,EQ-05835,venting,,8404.83,,2023,4
Refining,Drilling,In Salah,Block 1,Equipment-5836,EQ-05836,venting,,560.95,,2024,5
Refining,Operations,Berkine,Field A,Equipment-5837,EQ-05837,venting,,6466.7,,2022,11
Exploration & Production,Operations,Hassi R'Mel,Field B,Equipment-5838,EQ-05838,flaring,Propane,4705.08,gal,2023,3
Refining,Logistics,Hassi R'Mel,Area X,Equipment-5839,EQ-05839,venting,,4664.13,,2024,6
Transportation,Production,Illizi,Field A,Equipment-5840,EQ-05840,flaring,,8007.14,,2024,10
Marketing,Production,In Salah,Field A,Equipment-5841,EQ-05841,fugitive,,8991.6,,2022,12
Refining,Logistics,Hassi R'Mel,Field A,Equipment-5842,EQ-05842,flaring,Propane,5617.31,gal,2025,8
Transportation,Production,Hassi R'Mel,Field A,Equipment-5843,EQ-05843,flaring,Fuel Gas,397.96,gal,2023,3
Exploration & Production,Drilling,Berkine,Field A,Equipment-5844,EQ-05844,venting,,8643.73,,2025,6
Refining,Drilling,Illizi,Block 2,Equipment-5845,EQ-05845,flaring,,932.56,,2023,11
Transportation,Production,Rhourde Nouss,Block 2,Equipment-5846,EQ-05846,combustion,Fuel Gas,4171.9,gal,2022,9
Exploration & Production,Production,Adrar,Area X,Equipment-5847,EQ-05847,combustion,Fuel Gas,7621.86,gal,2022,4
Marketing,Operations,Illizi,Field A,Equipment-5848,EQ-05848,venting,,618.81,,2023,11
Transportation,Logistics,Hassi R'Mel,Area Y,Equipment-5849,EQ-05849,fugitive,,4168.3,,2022,11
Refining,Operations,Illizi,Field A,Equipment-5850,EQ-05850,venting,,4720.32,,2023,11
Transportation,Production,In Salah,Block 2,Equipment-5851,EQ-05851,drilling,,3116.02,,2025,3
Marketing,Logistics,In Salah,Field B,Equipment-5852,EQ-05852,combustion,,1987.24,,2025,11
Marketing,Production,In Salah,Block 1,Equipment-5853,EQ-05853,venting,,6830.43,,2023,3
Exploration & Production,Logistics,Berkine,Field B,Equipment-5854,EQ-05854,drilling,,133.59,,2022,5
Refining,Drilling,Adrar,Block 1,Equipment-5855,EQ-05855,combustion,Diesel,6101.68,gal,2024,5
Refining,Operations,Hassi R'Mel,Area X,Equipment-5856,EQ-05856,fugitive,,6907.6,,2025,8
Refining,Logistics,In Salah,Field A,Equipment-5857,EQ-05857,combustion,Diesel,6845.05,gal,2024,2
Marketing,Operations,Hassi Messaoud,Area X,Equipment-5858,EQ-05858,fugitive,,6756.24,,2025,8
Transportation,Operations,Illizi,Area Y,Equipment-5859,EQ-05859,venting,,1298.27,,2022,6
Transportation,Logistics,Illizi,Area Y,Equipment-5860,EQ-05860,combustion,Diesel,7658.05,gal,2025,6
Exploration & Production,Logistics,Rhourde Nouss,Block 1,Equipment-5861,EQ-05861,flaring,Natural Gas,6774.74,scf,2025,11
Exploration & Production,Logistics,Hassi R'Mel,Field A,Equipment-5862,EQ-05862,fugitive,,6234.92,,2024,1
Marketing,Operations,Rhourde Nouss,Field A,Equipment-5863,EQ-05863,flaring,Propane,3635.2,gal,2024,2
Exploration & Production,Production,Hassi Messaoud,Area X,Equipment-5864,EQ-05864,venting,,6880.66,,2023,8
Exploration & Production,Operations,Rhourde Nouss,Area Y,Equipment-5865,EQ-05865,flaring,Fuel Gas,1780.39,gal,2023,4
Exploration & Production,Operations,In Salah,Area Y,Equipment-5866,EQ-05866,combustion,Natural Gas,7273.74,scf,2024,4
Transportation,Operations,Rhourde Nouss,Block 2,Equipment-5867,EQ-05867,venting,,7438.7,,2023,10
Transportation,Logistics,Berkine,Field A,Equipment-5868,EQ-05868,venting,,5555.52,,2025,1
Marketing,Operations,Illizi,Area Y,Equipment-5869,EQ-05869,venting,,9798.85,,2024,6
Marketing,Operations,Rhourde Nouss,Area Y,Equipment-5870,EQ-05870,combustion,Diesel,3140.11,gal,2024,5
Marketing,Logistics,Hassi R'Mel,Field B,Equipment-5871,EQ-05871,flaring,,5241.76,,2022,4
Refining,Operations,Hassi R'Mel,Block 1,Equipment-5872,EQ-05872,flaring,Natural Gas,6677.76,scf,2023,9
Exploration & Production,Production,Hassi Messaoud,Area Y,Equipment-5873,EQ-05873,venting,,6524.01,,2024,7
Transportation,Logistics,In Salah,Field B,Equipment-5874,EQ-05874,drilling,,6148.19,,2022,8
Marketing,Drilling,Hassi Messaoud,Field A,Equipment-5875,EQ-05875,combustion,Propane,4891.16,gal,2024,3
Transportation,Operations,Adrar,Area X,Equipment-5876,EQ-05876,drilling,,6472.81,,2023,2
Marketing,Drilling,Berkine,Block 1,Equipment-5877,EQ-05877,fugitive,,4441.55,,2024,8
Marketing,Logistics,Hassi Messaoud,Area Y,Equipment-5878,EQ-05878,combustion,Propane,4480.52,gal,2023,8
Marketing,Operations,Hassi R'Mel,Area Y,Equipment-5879,EQ-05879,flaring,Fuel Gas,6652.57,gal,2022,3
Transportation,Production,Adrar,Area Y,Equipment-5880,EQ-05880,flaring,Fuel Gas,7520.99,gal,2025,4
Marketing,Logistics,In Salah,Area Y,Equipment-5881,EQ-05881,flaring,Fuel Gas,4128.04,gal,2025,7
Exploration & Production,Production,Hassi R'Mel,Area Y,Equipment-5882,EQ-05882,fugitive,,244.55,,2025,1
Refining,Operations,Hassi R'Mel,Block 1,Equipment-5883,EQ-05883,flaring,Natural Gas,5328.1,scf,2025,6
Refining,Logistics,Adrar,Block 2,Equipment-5884,EQ-05884,drilling,,5973.49,,2022,11
Refining,Drilling,Hassi R'Mel,Area Y,Equipment-5885,EQ-05885,fugitive,,3191.15,,2023,8
Exploration & Production,Production,Hassi Messaoud,Field B,Equipment-5886,EQ-05886,fugitive,,4517.43,,2025,8
Exploration & Production,Drilling,Illizi,Field A,Equipment-5887,EQ-05887,combustion,Natural Gas,6861.12,scf,2025,12
Marketing,Drilling,In Salah,Area X,Equipment-5888,EQ-05888,venting,,5221.95,,2023,9
Exploration & Production,Logistics,Illizi,Field B,Equipment-5889,EQ-05889,fugitive,,6191.13,,2022,9
Exploration & Production,Operations,Rhourde Nouss,Area Y,Equipment-5890,EQ-05890,flaring,Propane,1441.03,gal,2024,12
Transportation,Logistics,Berkine,Area X,Equipment-5891,EQ-05891,fugitive,,4009.74,,2023,5
Marketing,Operations,Berkine,Block 2,Equipment-5892,EQ-05892,fugitive,,2964.12,,2024,10
Refining,Logistics,Rhourde Nouss,Area X,Equipment-5893,EQ-05893,drilling,,5808.86,,2024,2
Marketing,Logistics,Rhourde Nouss,Field B,Equipment-5894,EQ-05894,fugitive,,3053.61,,2022,6
Exploration & Production,Operations,Adrar,Field A,Equipment-5895,EQ-05895,drilling,,1668.51,,2022,6
Transportation,Production,Illizi,Area Y,Equipment-5896,EQ-05896,combustion,Natural Gas,827.49,scf,2024,1
Exploration & Production,Drilling,Rhourde Nouss,Block 2,Equipment-5897,EQ-05897,combustion,,6622.01,,2022,3
Refining,Logistics,Berkine,Area Y,Equipment-5898,EQ-05898,venting,,7981.66,,2025,2
Marketing,Logistics,Illizi,Field B,Equipment-5899,EQ-05899,flaring,Natural Gas,64.99,scf,2024,4
Marketing,Drilling,Adrar,Block 2,Equipment-5900,EQ-05900,flaring,Propane,8638.07,gal,2023,1
Refining,Drilling,Rhourde Nouss,Block 2,Equipment-5901,EQ-05901,combustion,Propane,3433.78,gal,2024,10
Refining,Production,Hassi R'Mel,Block 2,Equipment-5902,EQ-05902,fugitive,,1672.27,,2022,6
Transportation,Drilling,Rhourde Nouss,Field A,Equipment-5903,EQ-05903,combustion,,6999.09,,2025,1
Transportation,Production,In Salah,Area Y,Equipment-5904,EQ-05904,flaring,Natural Gas,1250.99,scf,2023,3
Marketing,Operations,In Salah,Field A,Equipment-5905,EQ-05905,drilling,,4460.71,,2025,7
Marketing,Logistics,Illizi,Area Y,Equipment-5906,EQ-05906,drilling,,1021.75,,2022,6
Refining,Logistics,Rhourde Nouss,Area Y,Equipment-5907,EQ-05907,venting,,384.92,,2024,10
Transportation,Drilling,Illizi,Area X,Equipment-5908,EQ-05908,drilling,,5110.09,,2025,6
Refining,Production,Berkine,Area Y,Equipment-5909,EQ-05909,drilling,,5573.61,,2024,3
Refining,Operations,Adrar,Area Y,Equipment-5910,EQ-05910,combustion,Propane,7777.62,gal,2025,9
Exploration & Production,Drilling,Rhourde Nouss,Block 2,Equipment-5911,EQ-05911,venting,,652.03,,2023,4
Marketing,Production,Illizi,Area Y,Equipment-5912,EQ-05912,flaring,,5945.87,,2024,9
Refining,Drilling,Hassi R'Mel,Field A,Equipment-5913,EQ-05913,flaring,Natural Gas,6871.07,scf,2022,10
Refining,Logistics,Rhourde Nouss,Block 1,Equipment-5914,EQ-05914,combustion,Diesel,1885.31,gal,2022,5
Transportation,Drilling,In Salah,Block 2,Equipment-5915,EQ-05915,drilling,,5907.93,,2022,1
Marketing,Drilling,Adrar,Field A,Equipment-5916,EQ-05916,fugitive,,7612.68,,2024,5
Transportation,Operations,Hassi R'Mel,Area Y,Equipment-5917,EQ-05917,drilling,,9951.56,,2023,9
Marketing,Drilling,Hassi Messaoud,Block 1,Equipment-5918,EQ-05918,drilling,,1211.11,,2022,6
Marketing,Drilling,Rhourde Nouss,Area Y,Equipment-5919,EQ-05919,combustion,Fuel Gas,57.08,gal,2022,2
Marketing,Operations,Illizi,Field B,Equipment-5920,EQ-05920,venting,,1343.78,,2022,4
Refining,Production,Berkine,Block 1,Equipment-5921,EQ-05921,venting,,5833.86,,2024,7
Marketing,Logistics,Hassi Messaoud,Field A,Equipment-5922,EQ-05922,flaring,Propane,249.63,gal,2022,6
Exploration & Production,Production,In Salah,Area Y,Equipment-5923,EQ-05923,drilling,,3075.74,,2023,11
Refining,Drilling,In Salah,Block 2,Equipment-5924,EQ-05924,combustion,,2927.88,,2022,8
Refining,Production,Illizi,Area Y,Equipment-5925,EQ-05925,fugitive,,2094.12,,2023,1
Transportation,Logistics,Hassi Messaoud,Block 1,Equipment-5926,EQ-05926,venting,,62.24,,2023,6
Marketing,Operations,Hassi Messaoud,Field B,Equipment-5927,EQ-05927,drilling,,7373.25,,2022,9
Exploration & Production,Operations,Rhourde Nouss,Area X,Equipment-5928,EQ-05928,drilling,,9939.18,,2025,11
Exploration & Production,Logistics,Adrar,Field A,Equipment-5929,EQ-05929,flaring,Propane,5319.05,gal,2024,6
Marketing,Drilling,Hassi Messaoud,Block 2,Equipment-5930,EQ-05930,drilling,,709.93,,2024,7
Transportation,Logistics,Adrar,Area Y,Equipment-5931,EQ-05931,drilling,,7318.38,,2023,4
Exploration & Production,Drilling,Hassi R'Mel,Block 1,Equipment-5932,EQ-05932,drilling,,7957.74,,2022,9
Transportation,Drilling,In Salah,Block 1,Equipment-5933,EQ-05933,venting,,6682.52,,2023,5
Transportation,Logistics,Adrar,Block 2,Equipment-5934,EQ-05934,drilling,,3950.88,,2023,3
Exploration & Production,Production,Berkine,Field B,Equipment-5935,EQ-05935,combustion,Fuel Gas,1896.73,gal,2025,2
Refining,Drilling,Adrar,Field B,Equipment-5936,EQ-05936,fugitive,,1727.11,,2023,7
Marketing,Operations,Rhourde Nouss,Field A,Equipment-5937,EQ-05937,drilling,,8033.86,,2024,8
Refining,Drilling,Illizi,Block 1,Equipment-5938,EQ-05938,flaring,Fuel Gas,1081.52,gal,2023,2
Refining,Drilling,Hassi R'Mel,Block 2,Equipment-5939,EQ-05939,flaring,Fuel Gas,5374.36,gal,2025,12
Exploration & Production,Operations,In Salah,Field B,Equipment-5940,EQ-05940,drilling,,8840.07,,2022,1
Transportation,Production,Berkine,Field B,Equipment-5941,EQ-05941,drilling,,2634.37,,2024,3
Exploration & Production,Logistics,Rhourde Nouss,Block 1,Equipment-5942,EQ-05942,flaring,Diesel,7005.85,gal,2023,3
Exploration & Production,Operations,Illizi,Field A,Equipment-5943,EQ-05943,fugitive,,742.12,,2024,5
Marketing,Logistics,In Salah,Block 1,Equipment-5944,EQ-05944,drilling,,6348.76,,2023,6
Exploration & Production,Production,Rhourde Nouss,Field B,Equipment-5945,EQ-05945,flaring,,856.08,,2024,8
Marketing,Drilling,Hassi R'Mel,Area X,Equipment-5946,EQ-05946,fugitive,,8014.91,,2025,9
Exploration & Production,Production,Berkine,Block 1,Equipment-5947,EQ-05947,flaring,,1184.75,,2025,6
Exploration & Production,Drilling,Rhourde Nouss,Field A,Equipment-5948,EQ-05948,fugitive,,1259.51,,2023,7
Refining,Drilling,Hassi R'Mel,Block 2,Equipment-5949,EQ-05949,combustion,Propane,1043.68,gal,2022,6
Refining,Production,Adrar,Block 2,Equipment-5950,EQ-05950,flaring,Natural Gas,5701.61,scf,2024,11
Refining,Production,Adrar,Area Y,Equipment-5951,EQ-05951,combustion,Propane,9724.91,gal,2022,4
Transportation,Drilling,Hassi R'Mel,Area X,Equipment-5952,EQ-05952,drilling,,7749.2,,2023,11
Refining,Production,Hassi R'Mel,Area Y,Equipment-5953,EQ-05953,combustion,Fuel Gas,4861.64,gal,2025,9
Refining,Drilling,Hassi Messaoud,Area Y,Equipment-5954,EQ-05954,drilling,,9689.45,,2025,2
Refining,Logistics,Illizi,Area X,Equipment-5955,EQ-05955,fugitive,,5092.31,,2023,6
Transportation,Production,Hassi R'Mel,Area Y,Equipment-5956,EQ-05956,venting,,1499.47,,2024,12
Refining,Operations,Illizi,Block 1,Equipment-5957,EQ-05957,drilling,,7647.87,,2024,6
Exploration & Production,Production,Adrar,Field B,Equipment-5958,EQ-05958,flaring,Propane,6360.5,gal,2022,12
Transportation,Drilling,Hassi R'Mel,Field B,Equipment-5959,EQ-05959,venting,,7714.53,,2024,5
Refining,Logistics,Berkine,Area Y,Equipment-5960,EQ-05960,venting,,7817.65,,2023,6
Exploration & Production,Production,Hassi R'Mel,Field A,Equipment-5961,EQ-05961,flaring,Propane,4300.08,gal,2025,1
Transportation,Logistics,Hassi Messaoud,Block 2,Equipment-5962,EQ-05962,drilling,,1513.07,,2024,7
Exploration & Production,Production,Hassi R'Mel,Area X,Equipment-5963,EQ-05963,combustion,Natural Gas,2792.95,scf,2024,8
Marketing,Logistics,Hassi Messaoud,Block 2,Equipment-5964,EQ-05964,combustion,Fuel Gas,5141.42,gal,2024,9
Refining,Drilling,Berkine,Area Y,Equipment-5965,EQ-05965,flaring,Natural Gas,6738.65,scf,2023,1
Transportation,Production,Illizi,Block 2,Equipment-5966,EQ-05966,flaring,Propane,7514.1,gal,2022,8
Transportation,Production,Illizi,Block 1,Equipment-5967,EQ-05967,drilling,,218.62,,2023,3
Exploration & Production,Drilling,Hassi R'Mel,Field B,Equipment-5968,EQ-05968,venting,,5652.95,,2022,7
Refining,Logistics,Berkine,Area X,Equipment-5969,EQ-05969,venting,,8506.92,,2023,10
Transportation,Operations,Adrar,Field A,Equipment-5970,EQ-05970,venting,,7855.55,,2024,9
Refining,Drilling,Hassi Messaoud,Area Y,Equipment-5971,EQ-05971,combustion,,5159.58,,2023,6
Marketing,Drilling,Hassi Messaoud,Area X,Equipment-5972,EQ-05972,combustion,Fuel Gas,1413.97,gal,2022,5
Transportation,Logistics,Berkine,Area X,Equipment-5973,EQ-05973,venting,,128.2,,2022,3
Transportation,Operations,Adrar,Area Y,Equipment-5974,EQ-05974,fugitive,,9719.47,,2025,5
Marketing,Operations,Illizi,Area Y,Equipment-5975,EQ-05975,drilling,,6026.95,,2022,8
Exploration & Production,Logistics,Rhourde Nouss,Field B,Equipment-5976,EQ-05976,combustion,,9190.49,,2023,11
Transportation,Drilling,Berkine,Block 2,Equipment-5977,EQ-05977,fugitive,,5667.43,,2024,12
Transportation,Operations,In Salah,Field B,Equipment-5978,EQ-05978,fugitive,,3880.37,,2023,10
Exploration & Production,Drilling,Illizi,Field B,Equipment-5979,EQ-05979,combustion,,1604.18,,2023,2
Transportation,Logistics,Berkine,Field B,Equipment-5980,EQ-05980,venting,,5429.91,,2025,11
Refining,Production,Hassi Messaoud,Area Y,Equipment-5981,EQ-05981,drilling,,9197.54,,2023,1
Exploration & Production,Drilling,In Salah,Field A,Equipment-5982,EQ-05982,combustion,Diesel,8435.83,gal,2024,12
Refining,Drilling,Rhourde Nouss,Field B,Equipment-5983,EQ-05983,combustion,Propane,7092.9,gal,2025,9
Marketing,Drilling,Illizi,Block 1,Equipment-5984,EQ-05984,venting,,4793.72,,2024,10
Marketing,Production,Adrar,Area X,Equipment-5985,EQ-05985,combustion,Natural Gas,1139.76,scf,2023,8
Transportation,Production,Hassi Messaoud,Block 2,Equipment-5986,EQ-05986,venting,,8164.27,,2022,9
Transportation,Logistics,In Salah,Field B,Equipment-5987,EQ-05987,combustion,Propane,1001.25,gal,2022,10
Exploration & Production,Production,Illizi,Area Y,Equipment-5988,EQ-05988,combustion,Diesel,8692.38,gal,2024,3
Transportation,Logistics,Illizi,Block 2,Equipment-5989,EQ-05989,drilling,,5087.09,,2025,7
Refining,Operations,Rhourde Nouss,Block 1,Equipment-5990,EQ-05990,combustion,Diesel,2045.32,gal,2024,10
Marketing,Logistics,Berkine,Area X,Equipment-5991,EQ-05991,combustion,Natural Gas,9725.15,scf,2023,4
Transportation,Production,In Salah,Field B,Equipment-5992,EQ-05992,combustion,,6587.14,,2022,5
Refining,Operations,Adrar,Block 2,Equipment-5993,EQ-05993,combustion,Natural Gas,8510.73,scf,2022,4
Transportation,Logistics,Hassi R'Mel,Block 1,Equipment-5994,EQ-05994,fugitive,,6010.25,,2025,9
Marketing,Drilling,Rhourde Nouss,Area Y,Equipment-5995,EQ-05995,flaring,Natural Gas,5783.52,scf,2023,12
Refining,Drilling,Berkine,Area X,Equipment-5996,EQ-05996,fugitive,,638.33,,2024,1
Marketing,Logistics,In Salah,Field A,Equipment-5997,EQ-05997,combustion,Natural Gas,2537.93,scf,2023,3
Exploration & Production,Logistics,Rhourde Nouss,Area X,Equipment-5998,EQ-05998,drilling,,1547.92,,2025,1
Marketing,Drilling,Adrar,Area Y,Equipment-5999,EQ-05999,venting,,6072.85,,2022,7
Exploration & Production,Production,Berkine,Area X,Equipment-6000,EQ-06000,drilling,,4568.89,,2023,10
Marketing,Production,In Salah,Block 1,Equipment-6001,EQ-06001,drilling,,5362.84,,2023,12
Exploration & Production,Drilling,Adrar,Area Y,Equipment-6002,EQ-06002,drilling,,7502.43,,2024,10
Refining,Production,Illizi,Field A,Equipment-6003,EQ-06003,venting,,678.7,,2022,11
Marketing,Operations,In Salah,Field A,Equipment-6004,EQ-06004,combustion,,7577.01,,2024,9
Exploration & Production,Drilling,Hassi Messaoud,Area X,Equipment-6005,EQ-06005,combustion,Diesel,6356.05,gal,2024,9
Marketing,Operations,Adrar,Block 1,Equipment-6006,EQ-06006,fugitive,,7739.47,,2022,3
Refining,Operations,Rhourde Nouss,Area Y,Equipment-6007,EQ-06007,fugitive,,1960.66,,2025,11
Refining,Drilling,Hassi R'Mel,Area Y,Equipment-6008,EQ-06008,drilling,,4959.0,,2023,12
Transportation,Logistics,Illizi,Field B,Equipment-6009,EQ-06009,venting,,8996.07,,2022,9
Exploration & Production,Production,Illizi,Area Y,Equipment-6010,EQ-06010,flaring,,5226.21,,2024,12
Exploration & Production,Production,In Salah,Block 2,Equipment-6011,EQ-06011,combustion,Fuel Gas,3552.36,gal,2024,7
Exploration & Production,Drilling,Hassi Messaoud,Area X,Equipment-6012,EQ-06012,drilling,,4336.62,,2024,1
Exploration & Production,Operations,In Salah,Area X,Equipment-6013,EQ-06013,venting,,782.68,,2022,6
Refining,Logistics,Hassi R'Mel,Block 2,Equipment-6014,EQ-06014,venting,,5095.69,,2024,4
Marketing,Production,Berkine,Field B,Equipment-6015,EQ-06015,fugitive,,569.06,,2024,3
Exploration & Production,Operations,In Salah,Area Y,Equipment-6016,EQ-06016,drilling,,8564.91,,2022,8
Exploration & Production,Drilling,Hassi Messaoud,Area X,Equipment-6017,EQ-06017,drilling,,5912.66,,2022,5
Refining,Drilling,Berkine,Block 2,Equipment-6018,EQ-06018,combustion,Natural Gas,9009.23,scf,2025,7
Marketing,Logistics,Illizi,Field B,Equipment-6019,EQ-06019,flaring,,5061.06,,2022,1
Marketing,Logistics,Adrar,Block 2,Equipment-6020,EQ-06020,combustion,Natural Gas,1777.44,scf,2022,1
Transportation,Operations,In Salah,Field A,Equipment-6021,EQ-06021,fugitive,,8627.78,,2022,9
Refining,Drilling,Adrar,Block 2,Equipment-6022,EQ-06022,venting,,7982.13,,2022,4
Exploration & Production,Logistics,Rhourde Nouss,Block 2,Equipment-6023,EQ-06023,flaring,,3625.21,,2022,2
Transportation,Drilling,Hassi Messaoud,Field B,Equipment-6024,EQ-06024,flaring,Diesel,1764.56,gal,2022,3
Exploration & Production,Operations,Illizi,Area Y,Equipment-6025,EQ-06025,venting,,3241.51,,2023,3
Transportation,Production,Rhourde Nouss,Field A,Equipment-6026,EQ-06026,venting,,7050.93,,2024,6
Exploration & Production,Operations,Rhourde Nouss,Field B,Equipment-6027,EQ-06027,drilling,,8070.98,,2023,9
Exploration & Production,Drilling,Adrar,Area X,Equipment-6028,EQ-06028,drilling,,3403.84,,2023,5
Refining,Production,Hassi R'Mel,Block 2,Equipment-6029,EQ-06029,flaring,Natural Gas,2219.53,scf,2022,10
Transportation,Logistics,Hassi Messaoud,Area Y,Equipment-6030,EQ-06030,flaring,,1410.13,,2023,9
Transportation,Drilling,Adrar,Block 2,Equipment-6031,EQ-06031,venting,,1250.67,,2022,9
Exploration & Production,Drilling,Illizi,Area Y,Equipment-6032,EQ-06032,combustion,Propane,5217.48,gal,2024,3
Refining,Logistics,Hassi Messaoud,Area Y,Equipment-6033,EQ-06033,combustion,Fuel Gas,1848.04,gal,2022,10
Exploration & Production,Drilling,Rhourde Nouss,Area Y,Equipment-6034,EQ-06034,drilling,,1291.39,,2024,8
Marketing,Drilling,Rhourde Nouss,Field A,Equipment-6035,EQ-06035,drilling,,7265.05,,2025,3
Exploration & Production,Operations,Illizi,Block 1,Equipment-6036,EQ-06036,flaring,Fuel Gas,8074.52,gal,2024,9
Refining,Operations,Hassi Messaoud,Field A,Equipment-6037,EQ-06037,fugitive,,949.54,,2023,8
Refining,Operations,Rhourde Nouss,Field A,Equipment-6038,EQ-06038,fugitive,,6191.5,,2022,8
Marketing,Production,Berkine,Field A,Equipment-6039,EQ-06039,drilling,,2277.73,,2022,12
Transportation,Production,Illizi,Field A,Equipment-6040,EQ-06040,venting,,9706.63,,2022,5
Refining,Logistics,Hassi Messaoud,Field B,Equipment-6041,EQ-06041,flaring,Fuel Gas,8182.79,gal,2025,12
Marketing,Operations,Rhourde Nouss,Field A,Equipment-6042,EQ-06042,fugitive,,2409.28,,2024,9
Refining,Drilling,Rhourde Nouss,Block 2,Equipment-6043,EQ-06043,drilling,,1925.29,,2022,1
Marketing,Production,Berkine,Area X,Equipment-6044,EQ-06044,drilling,,7370.69,,2024,8
Refining,Drilling,Hassi Messaoud,Block 2,Equipment-6045,EQ-06045,flaring,Propane,3603.22,gal,2025,2
Marketing,Operations,Illizi,Block 2,Equipment-6046,EQ-06046,venting,,9771.73,,2025,1
Marketing,Drilling,Hassi R'Mel,Field B,Equipment-6047,EQ-06047,flaring,,6589.85,,2025,1
Transportation,Operations,Adrar,Area Y,Equipment-6048,EQ-06048,flaring,Diesel,1851.09,gal,2025,10
Refining,Operations,Berkine,Field B,Equipment-6049,EQ-06049,fugitive,,179.77,,2024,11
Transportation,Production,In Salah,Field B,Equipment-6050,EQ-06050,fugitive,,3922.87,,2025,8
Exploration & Production,Drilling,Rhourde Nouss,Block 1,Equipment-6051,EQ-06051,flaring,Propane,9991.36,gal,2023,12
Marketing,Operations,Rhourde Nouss,Block 2,Equipment-6052,EQ-06052,combustion,,9602.19,,2022,2
Marketing,Logistics,Rhourde Nouss,Field A,Equipment-6053,EQ-06053,fugitive,,4477.18,,2024,8
Exploration & Production,Logistics,Berkine,Block 1,Equipment-6054,EQ-06054,venting,,2746.29,,2022,8
Exploration & Production,Production,Illizi,Field A,Equipment-6055,EQ-06055,flaring,Natural Gas,3810.12,scf,2022,6
Transportation,Drilling,Hassi Messaoud,Field B,Equipment-6056,EQ-06056,venting,,7074.4,,2024,8
Exploration & Production,Operations,In Salah,Block 1,Equipment-6057,EQ-06057,fugitive,,5527.87,,2023,5
Exploration & Production,Production,Rhourde Nouss,Field B,Equipment-6058,EQ-06058,flaring,Natural Gas,4336.95,scf,2022,9
Marketing,Logistics,Rhourde Nouss,Block 2,Equipment-6059,EQ-06059,combustion,,9235.67,,2022,1
Exploration & Production,Logistics,Rhourde Nouss,Field A,Equipment-6060,EQ-06060,drilling,,3638.44,,2023,12
Refining,Operations,Rhourde Nouss,Field B,Equipment-6061,EQ-06061,fugitive,,4506.72,,2025,2
Refining,Operations,In Salah,Block 1,Equipment-6062,EQ-06062,fugitive,,5412.11,,2024,6
Exploration & Production,Production,Hassi Messaoud,Block 2,Equipment-6063,EQ-06063,drilling,,361.62,,2024,1
Transportation,Operations,Hassi Messaoud,Area Y,Equipment-6064,EQ-06064,combustion,,9997.7,,2023,6
Marketing,Drilling,Hassi R'Mel,Block 2,Equipment-6065,EQ-06065,venting,,6983.88,,2025,1
Refining,Logistics,Illizi,Area X,Equipment-6066,EQ-06066,fugitive,,6578.59,,2025,5
Exploration & Production,Drilling,Illizi,Area X,Equipment-6067,EQ-06067,fugitive,,4471.8,,2024,9
Marketing,Operations,Hassi R'Mel,Area X,Equipment-6068,EQ-06068,combustion,Fuel Gas,7484.32,gal,2022,10
Refining,Drilling,Hassi Messaoud,Area Y,Equipment-6069,EQ-06069,flaring,Natural Gas,157.41,scf,2023,7
Exploration & Production,Drilling,Berkine,Field B,Equipment-6070,EQ-06070,fugitive,,936.94,,2022,11
Refining,Drilling,Rhourde Nouss,Field A,Equipment-6071,EQ-06071,fugitive,,5447.85,,2025,9
Marketing,Operations,Hassi Messaoud,Area Y,Equipment-6072,EQ-06072,flaring,Propane,8024.92,gal,2024,9
Marketing,Operations,Adrar,Block 1,Equipment-6073,EQ-06073,flaring,Diesel,8202.64,gal,2023,1
Refining,Drilling,Rhourde Nouss,Block 1,Equipment-6074,EQ-06074,drilling,,1844.53,,2022,7
Exploration & Production,Production,Adrar,Field A,Equipment-6075,EQ-06075,fugitive,,7183.25,,2022,12
Exploration & Production,Drilling,Illizi,Block 1,Equipment-6076,EQ-06076,fugitive,,2254.97,,2022,9
Marketing,Logistics,Rhourde Nouss,Block 2,Equipment-6077,EQ-06077,combustion,Fuel Gas,8806.54,gal,2024,9
Exploration & Production,Logistics,Adrar,Area X,Equipment-6078,EQ-06078,flaring,Natural Gas,4200.35,scf,2025,3
Marketing,Operations,Adrar,Field B,Equipment-6079,EQ-06079,drilling,,7137.02,,2024,10
Refining,Operations,In Salah,Field B,Equipment-6080,EQ-06080,fugitive,,7401.68,,2025,3
Transportation,Production,Hassi Messaoud,Block 1,Equipment-6081,EQ-06081,flaring,Propane,4644.51,gal,2022,9
Marketing,Logistics,Hassi Messaoud,Field B,Equipment-6082,EQ-06082,flaring,Fuel Gas,9584.24,gal,2025,3
Refining,Logistics,In Salah,Block 2,Equipment-6083,EQ-06083,combustion,Diesel,7244.85,gal,2022,12
Marketing,Drilling,Illizi,Block 2,Equipment-6084,EQ-06084,combustion,Fuel Gas,6584.54,gal,2024,9
Marketing,Logistics,Illizi,Area X,Equipment-6085,EQ-06085,venting,,450.15,,2024,7
Refining,Operations,In Salah,Area Y,Equipment-6086,EQ-06086,flaring,,9396.58,,2025,4
Transportation,Production,Illizi,Area Y,Equipment-6087,EQ-06087,venting,,3429.09,,2024,10
Marketing,Operations,Rhourde Nouss,Block 1,Equipment-6088,EQ-06088,drilling,,727.42,,2025,7
Marketing,Logistics,Hassi Messaoud,Block 2,Equipment-6089,EQ-06089,fugitive,,7056.87,,2025,9
Transportation,Production,In Salah,Field A,Equipment-6090,EQ-06090,drilling,,290.66,,2022,9
Marketing,Operations,Hassi R'Mel,Block 1,Equipment-6091,EQ-06091,flaring,Natural Gas,3159.54,scf,2024,5
Refining,Operations,Adrar,Area X,Equipment-6092,EQ-06092,venting,,2258.25,,2023,8
Marketing,Operations,Adrar,Field B,Equipment-6093,EQ-06093,fugitive,,1622.1,,2023,6
Refining,Drilling,In Salah,Area X,Equipment-6094,EQ-06094,venting,,2903.53,,2023,5
Refining,Operations,In Salah,Field A,Equipment-6095,EQ-06095,flaring,Diesel,6376.14,gal,2024,11
Refining,Drilling,In Salah,Block 1,Equipment-6096,EQ-06096,drilling,,4343.14,,2022,3
Transportation,Operations,Hassi R'Mel,Field A,Equipment-6097,EQ-06097,fugitive,,70.69,,2023,5
Exploration & Production,Production,Illizi,Field B,Equipment-6098,EQ-06098,venting,,2977.21,,2025,8
Refining,Drilling,Rhourde Nouss,Field A,Equipment-6099,EQ-06099,venting,,8666.14,,2025,3
Exploration & Production,Production,Hassi Messaoud,Area Y,Equipment-6100,EQ-06100,fugitive,,6734.19,,2025,9
Marketing,Production,Illizi,Block 2,Equipment-6101,EQ-06101,venting,,1707.61,,2022,6
Exploration & Production,Drilling,Rhourde Nouss,Block 2,Equipment-6102,EQ-06102,flaring,Diesel,3558.91,gal,2024,4
Transportation,Logistics,Illizi,Field A,Equipment-6103,EQ-06103,drilling,,9449.83,,2023,8
Transportation,Logistics,In Salah,Field B,Equipment-6104,EQ-06104,combustion,Fuel Gas,496.37,gal,2025,6
Exploration & Production,Operations,Rhourde Nouss,Area X,Equipment-6105,EQ-06105,venting,,4330.14,,2023,7
Refining,Drilling,Rhourde Nouss,Field A,Equipment-6106,EQ-06106,drilling,,610.62,,2023,4
Marketing,Production,Hassi Messaoud,Area Y,Equipment-6107,EQ-06107,drilling,,9614.04,,2023,7
Refining,Production,Hassi R'Mel,Area Y,Equipment-6108,EQ-06108,venting,,688.43,,2025,5
Marketing,Operations,Hassi Messaoud,Field A,Equipment-6109,EQ-06109,flaring,Natural Gas,2777.68,scf,2023,9
Exploration & Production,Production,Illizi,Area Y,Equipment-6110,EQ-06110,drilling,,6430.31,,2022,9
Transportation,Logistics,Rhourde Nouss,Block 1,Equipment-6111,EQ-06111,flaring,Fuel Gas,6645.01,gal,2025,6
Refining,Production,Illizi,Field A,Equipment-6112,EQ-06112,drilling,,4339.52,,2022,7
Transportation,Operations,Berkine,Area X,Equipment-6113,EQ-06113,drilling,,6133.28,,2023,6
Exploration & Production,Operations,Illizi,Block 2,Equipment-6114,EQ-06114,flaring,Natural Gas,4866.65,scf,2022,5
Marketing,Operations,In Salah,Area Y,Equipment-6115,EQ-06115,combustion,Diesel,712.0,gal,2025,11
Refining,Logistics,In Salah,Block 1,Equipment-6116,EQ-06116,flaring,Natural Gas,7333.8,scf,2023,9
Refining,Logistics,Rhourde Nouss,Area X,Equipment-6117,EQ-06117,fugitive,,9400.33,,2022,9
Exploration & Production,Production,Adrar,Field B,Equipment-6118,EQ-06118,venting,,1333.81,,2023,10
Exploration & Production,Drilling,Hassi Messaoud,Area Y,Equipment-6119,EQ-06119,combustion,Diesel,7046.41,gal,2024,3
Refining,Production,Hassi R'Mel,Area X,Equipment-6120,EQ-06120,combustion,Diesel,7950.92,gal,2024,3
Marketing,Logistics,Hassi R'Mel,Area X,Equipment-6121,EQ-06121,drilling,,9932.39,,2024,3
Transportation,Drilling,Illizi,Block 1,Equipment-6122,EQ-06122,flaring,,8888.96,,2023,6
Marketing,Operations,In Salah,Field A,Equipment-6123,EQ-06123,flaring,,8578.48,,2023,8
Transportation,Logistics,Adrar,Field A,Equipment-6124,EQ-06124,flaring,Natural Gas,5583.08,scf,2025,6
Marketing,Logistics,Rhourde Nouss,Field B,Equipment-6125,EQ-06125,combustion,Natural Gas,8656.85,scf,2024,2
Refining,Production,Hassi R'Mel,Block 2,Equipment-6126,EQ-06126,fugitive,,5767.84,,2023,12
Marketing,Operations,Berkine,Field B,Equipment-6127,EQ-06127,flaring,Propane,4985.88,gal,2024,2
Transportation,Production,Hassi Messaoud,Block 2,Equipment-6128,EQ-06128,combustion,Diesel,7907.16,gal,2022,2
Refining,Operations,In Salah,Field A,Equipment-6129,EQ-06129,flaring,Diesel,8167.21,gal,2022,2
Marketing,Drilling,Adrar,Block 1,Equipment-6130,EQ-06130,combustion,Natural Gas,8445.08,scf,2023,3
Marketing,Production,Rhourde Nouss,Block 1,Equipment-6131,EQ-06131,fugitive,,5737.48,,2022,10
Marketing,Operations,Illizi,Field B,Equipment-6132,EQ-06132,flaring,,7477.99,,2022,4
Marketing,Logistics,Hassi R'Mel,Area X,Equipment-6133,EQ-06133,fugitive,,3430.8,,2023,12
Refining,Logistics,Hassi Messaoud,Block 2,Equipment-6134,EQ-06134,venting,,3381.52,,2023,4
Exploration & Production,Operations,Berkine,Field A,Equipment-6135,EQ-06135,fugitive,,4368.06,,2024,8
Refining,Operations,Illizi,Block 1,Equipment-6136,EQ-06136,combustion,Fuel Gas,5621.11,gal,2022,12
Refining,Production,Berkine,Field B,Equipment-6137,EQ-06137,fugitive,,2140.5,,2022,6
Exploration & Production,Production,Rhourde Nouss,Field A,Equipment-6138,EQ-06138,venting,,3763.74,,2023,4
Exploration & Production,Operations,Hassi Messaoud,Area Y,Equipment-6139,EQ-06139,drilling,,3301.8,,2022,4
Exploration & Production,Operations,Rhourde Nouss,Field B,Equipment-6140,EQ-06140,drilling,,5096.88,,2025,9
Refining,Drilling,Berkine,Block 1,Equipment-6141,EQ-06141,venting,,2036.92,,2022,10
Transportation,Production,Rhourde Nouss,Block 1,Equipment-6142,EQ-06142,fugitive,,3417.24,,2022,10
Marketing,Operations,Hassi R'Mel,Area X,Equipment-6143,EQ-06143,combustion,Fuel Gas,6615.71,gal,2025,3
Refining,Operations,Adrar,Field B,Equipment-6144,EQ-06144,fugitive,,5670.78,,2025,10
Exploration & Production,Logistics,Hassi R'Mel,Area Y,Equipment-6145,EQ-06145,drilling,,7183.51,,2022,5
Transportation,Operations,Berkine,Block 2,Equipment-6146,EQ-06146,flaring,Propane,5805.41,gal,2023,3
Marketing,Logistics,Hassi R'Mel,Area Y,Equipment-6147,EQ-06147,venting,,9784.94,,2023,3
Marketing,Drilling,Illizi,Area Y,Equipment-6148,EQ-06148,combustion,,8258.06,,2022,1
Refining,Drilling,Berkine,Area Y,Equipment-6149,EQ-06149,flaring,Propane,3419.62,gal,2025,7
Exploration & Production,Production,Hassi Messaoud,Area X,Equipment-6150,EQ-06150,fugitive,,4082.85,,2025,10
Marketing,Logistics,In Salah,Field A,Equipment-6151,EQ-06151,venting,,8524.56,,2022,5
Exploration & Production,Drilling,Adrar,Field B,Equipment-6152,EQ-06152,drilling,,3646.55,,2023,9
Exploration & Production,Drilling,Rhourde Nouss,Field B,Equipment-6153,EQ-06153,venting,,5218.08,,2024,5
Transportation,Drilling,Adrar,Field B,Equipment-6154,EQ-06154,venting,,7088.8,,2023,6
Marketing,Operations,Illizi,Block 1,Equipment-6155,EQ-06155,drilling,,300.44,,2023,7
Marketing,Operations,Rhourde Nouss,Block 1,Equipment-6156,EQ-06156,flaring,,7022.89,,2022,8
Refining,Operations,Adrar,Block 1,Equipment-6157,EQ-06157,combustion,Diesel,7244.93,gal,2024,12
Transportation,Production,In Salah,Field B,Equipment-6158,EQ-06158,flaring,Natural Gas,386.89,scf,2022,1
Marketing,Drilling,Hassi R'Mel,Field A,Equipment-6159,EQ-06159,drilling,,8835.25,,2022,4
Transportation,Logistics,Hassi R'Mel,Area Y,Equipment-6160,EQ-06160,flaring,,1224.53,,2023,11
Exploration & Production,Drilling,Berkine,Area X,Equipment-6161,EQ-06161,combustion,Propane,1087.78,gal,2023,1
Marketing,Operations,Illizi,Area Y,Equipment-6162,EQ-06162,drilling,,9633.26,,2024,5
Refining,Drilling,In Salah,Area X,Equipment-6163,EQ-06163,venting,,3790.76,,2023,8
Refining,Operations,Adrar,Field A,Equipment-6164,EQ-06164,venting,,2621.03,,2022,3
Exploration & Production,Operations,Hassi Messaoud,Field B,Equipment-6165,EQ-06165,combustion,Fuel Gas,9292.13,gal,2022,3
Marketing,Operations,Berkine,Area Y,Equipment-6166,EQ-06166,venting,,1841.22,,2025,4
Marketing,Production,In Salah,Area X,Equipment-6167,EQ-06167,venting,,27.68,,2023,8
Marketing,Operations,Rhourde Nouss,Field B,Equipment-6168,EQ-06168,flaring,,9747.57,,2024,8
Refining,Logistics,Adrar,Area X,Equipment-6169,EQ-06169,venting,,3689.26,,2022,5
Exploration & Production,Production,Rhourde Nouss,Area X,Equipment-6170,EQ-06170,combustion,Diesel,7243.5,gal,2022,11
Refining,Logistics,In Salah,Block 2,Equipment-6171,EQ-06171,flaring,,189.77,,2024,10
Exploration & Production,Drilling,In Salah,Field B,Equipment-6172,EQ-06172,combustion,Diesel,2313.61,gal,2024,6
Refining,Drilling,Adrar,Block 1,Equipment-6173,EQ-06173,combustion,Natural Gas,7644.05,scf,2023,1
Transportation,Production,Hassi R'Mel,Block 2,Equipment-6174,EQ-06174,drilling,,3692.41,,2023,11
Marketing,Logistics,Berkine,Area Y,Equipment-6175,EQ-06175,combustion,,832.18,,2022,7
Exploration & Production,Drilling,Hassi Messaoud,Field B,Equipment-6176,EQ-06176,fugitive,,2007.71,,2023,7
Exploration & Production,Logistics,Hassi R'Mel,Area X,Equipment-6177,EQ-06177,venting,,8793.28,,2022,5
Transportation,Production,Rhourde Nouss,Block 1,Equipment-6178,EQ-06178,combustion,Propane,8959.84,gal,2024,4
Refining,Drilling,Illizi,Field B,Equipment-6179,EQ-06179,flaring,Diesel,4568.08,gal,2025,7
Marketing,Drilling,Berkine,Block 2,Equipment-6180,EQ-06180,venting,,8686.48,,2024,12
Transportation,Drilling,Hassi R'Mel,Block 1,Equipment-6181,EQ-06181,fugitive,,4122.07,,2023,7
Exploration & Production,Logistics,In Salah,Block 2,Equipment-6182,EQ-06182,drilling,,1753.51,,2024,10
Transportation,Production,Hassi Messaoud,Field B,Equipment-6183,EQ-06183,combustion,Propane,6192.63,gal,2023,4
Transportation,Logistics,Hassi R'Mel,Area Y,Equipment-6184,EQ-06184,flaring,,1987.5,,2025,11
Refining,Drilling,Hassi Messaoud,Block 2,Equipment-6185,EQ-06185,venting,,4430.56,,2023,1
Refining,Production,Rhourde Nouss,Area X,Equipment-6186,EQ-06186,fugitive,,1529.59,,2024,3
Exploration & Production,Operations,Adrar,Field A,Equipment-6187,EQ-06187,flaring,Fuel Gas,5381.83,gal,2023,1
Exploration & Production,Drilling,Hassi Messaoud,Area Y,Equipment-6188,EQ-06188,drilling,,9793.66,,2022,10
Exploration & Production,Production,Illizi,Area X,Equipment-6189,EQ-06189,drilling,,7212.2,,2023,4
Refining,Operations,Rhourde Nouss,Area X,Equipment-6190,EQ-06190,venting,,7462.53,,2022,10
Exploration & Production,Operations,In Salah,Block 2,Equipment-6191,EQ-06191,combustion,,7073.74,,2024,1
Exploration & Production,Drilling,Adrar,Field B,Equipment-6192,EQ-06192,drilling,,198.17,,2022,10
Marketing,Operations,Illizi,Block 1,Equipment-6193,EQ-06193,flaring,Fuel Gas,4676.66,gal,2024,6
Transportation,Drilling,Adrar,Area X,Equipment-6194,EQ-06194,fugitive,,4464.55,,2025,6
Marketing,Operations,Berkine,Field A,Equipment-6195,EQ-06195,drilling,,4034.52,,2022,11
Transportation,Production,In Salah,Block 1,Equipment-6196,EQ-06196,drilling,,8817.2,,2023,12
Exploration & Production,Logistics,Hassi R'Mel,Block 2,Equipment-6197,EQ-06197,flaring,Fuel Gas,9148.47,gal,2023,8
Exploration & Production,Logistics,Illizi,Block 2,Equipment-6198,EQ-06198,venting,,7760.53,,2024,7
Refining,Drilling,Berkine,Field B,Equipment-6199,EQ-06199,combustion,Diesel,3785.31,gal,2025,7
Refining,Operations,Berkine,Area Y,Equipment-6200,EQ-06200,flaring,Natural Gas,8146.57,scf,2023,9
Exploration & Production,Drilling,Rhourde Nouss,Field A,Equipment-6201,EQ-06201,drilling,,5201.17,,2022,11
Transportation,Operations,Hassi R'Mel,Area Y,Equipment-6202,EQ-06202,drilling,,5193.92,,2022,3
Exploration & Production,Drilling,Illizi,Area X,Equipment-6203,EQ-06203,flaring,Propane,9928.5,gal,2023,5
Transportation,Production,Hassi Messaoud,Field A,Equipment-6204,EQ-06204,venting,,4729.57,,2022,4
Transportation,Logistics,Adrar,Area Y,Equipment-6205,EQ-06205,flaring,,2954.84,,2025,5
Refining,Operations,Adrar,Block 2,Equipment-6206,EQ-06206,drilling,,6382.88,,2023,2
Marketing,Drilling,Illizi,Field A,Equipment-6207,EQ-06207,drilling,,1166.4,,2023,10
Exploration & Production,Logistics,Berkine,Area X,Equipment-6208,EQ-06208,flaring,Propane,1348.0,gal,2023,9
Transportation,Production,Hassi Messaoud,Area Y,Equipment-6209,EQ-06209,flaring,Natural Gas,9772.93,scf,2022,3
Refining,Logistics,Rhourde Nouss,Block 1,Equipment-6210,EQ-06210,drilling,,7787.77,,2023,2
Transportation,Operations,Illizi,Area Y,Equipment-6211,EQ-06211,fugitive,,3547.34,,2023,3
Transportation,Operations,Rhourde Nouss,Area X,Equipment-6212,EQ-06212,venting,,131.42,,2022,1
Exploration & Production,Production,Hassi Messaoud,Field B,Equipment-6213,EQ-06213,fugitive,,5638.46,,2025,4
Transportation,Drilling,Rhourde Nouss,Field B,Equipment-6214,EQ-06214,fugitive,,695.21,,2025,9
Refining,Drilling,Rhourde Nouss,Block 2,Equipment-6215,EQ-06215,drilling,,4839.29,,2024,3
Refining,Drilling,Hassi Messaoud,Block 1,Equipment-6216,EQ-06216,venting,,5739.73,,2024,6
Marketing,Production,Adrar,Block 1,Equipment-6217,EQ-06217,flaring,Natural Gas,2927.61,scf,2024,9
Exploration & Production,Operations,Adrar,Field B,Equipment-6218,EQ-06218,venting,,950.75,,2022,1
Transportation,Production,Hassi Messaoud,Field B,Equipment-6219,EQ-06219,venting,,9283.09,,2024,10
Transportation,Drilling,Illizi,Block 1,Equipment-6220,EQ-06220,venting,,9602.93,,2025,12
Transportation,Production,Hassi R'Mel,Area X,Equipment-6221,EQ-06221,fugitive,,7556.61,,2023,3
Refining,Production,Rhourde Nouss,Area X,Equipment-6222,EQ-06222,flaring,,622.69,,2025,2
Marketing,Operations,Hassi Messaoud,Field B,Equipment-6223,EQ-06223,venting,,797.8,,2023,7
Transportation,Production,Hassi Messaoud,Block 2,Equipment-6224,EQ-06224,combustion,Natural Gas,5552.89,scf,2022,2
Refining,Drilling,Illizi,Area X,Equipment-6225,EQ-06225,flaring,Fuel Gas,9143.24,gal,2023,2
Refining,Logistics,Hassi R'Mel,Block 1,Equipment-6226,EQ-06226,fugitive,,2392.39,,2022,10
Transportation,Drilling,Hassi Messaoud,Area Y,Equipment-6227,EQ-06227,combustion,Fuel Gas,1150.97,gal,2023,9
Exploration & Production,Drilling,In Salah,Field B,Equipment-6228,EQ-06228,drilling,,2492.09,,2025,2
Marketing,Operations,Rhourde Nouss,Area X,Equipment-6229,EQ-06229,combustion,Diesel,5157.32,gal,2024,10
Refining,Operations,Berkine,Field A,Equipment-6230,EQ-06230,venting,,2213.91,,2023,1
Refining,Drilling,Rhourde Nouss,Field A,Equipment-6231,EQ-06231,venting,,1063.22,,2023,5
Transportation,Logistics,Adrar,Field A,Equipment-6232,EQ-06232,venting,,2479.16,,2024,3
Marketing,Production,Berkine,Area X,Equipment-6233,EQ-06233,fugitive,,1221.35,,2024,11
Marketing,Production,Illizi,Area X,Equipment-6234,EQ-06234,venting,,3524.42,,2022,9
Exploration & Production,Operations,Hassi Messaoud,Block 2,Equipment-6235,EQ-06235,fugitive,,7804.15,,2022,12
Marketing,Drilling,Berkine,Area X,Equipment-6236,EQ-06236,drilling,,127.32,,2023,4
Exploration & Production,Logistics,Berkine,Block 2,Equipment-6237,EQ-06237,fugitive,,5491.14,,2023,3
Refining,Drilling,Hassi R'Mel,Area Y,Equipment-6238,EQ-06238,fugitive,,1535.28,,2025,10
Exploration & Production,Drilling,In Salah,Area X,Equipment-6239,EQ-06239,drilling,,3166.13,,2023,12
Transportation,Logistics,Hassi Messaoud,Field B,Equipment-6240,EQ-06240,fugitive,,7949.09,,2023,2
Marketing,Drilling,Hassi Messaoud,Field A,Equipment-6241,EQ-06241,flaring,Propane,6593.18,gal,2025,8
Refining,Production,Hassi Messaoud,Area Y,Equipment-6242,EQ-06242,flaring,Fuel Gas,7882.58,gal,2023,2
Refining,Operations,In Salah,Field B,Equipment-6243,EQ-06243,fugitive,,6745.48,,2022,9
Exploration & Production,Production,Hassi R'Mel,Block 2,Equipment-6244,EQ-06244,venting,,4873.57,,2022,5
Refining,Operations,Hassi R'Mel,Block 1,Equipment-6245,EQ-06245,flaring,Natural Gas,4097.35,scf,2024,7
Exploration & Production,Production,In Salah,Block 2,Equipment-6246,EQ-06246,venting,,4351.57,,2024,8
Transportation,Drilling,In Salah,Block 1,Equipment-6247,EQ-06247,flaring,Propane,4825.18,gal,2022,6
Refining,Drilling,In Salah,Area X,Equipment-6248,EQ-06248,flaring,Propane,900.46,gal,2022,7
Exploration & Production,Logistics,Illizi,Block 1,Equipment-6249,EQ-06249,flaring,,9919.66,,2024,6
Transportation,Logistics,Berkine,Area X,Equipment-6250,EQ-06250,fugitive,,4428.0,,2024,8
Exploration & Production,Drilling,Adrar,Field A,Equipment-6251,EQ-06251,drilling,,4146.32,,2023,3
Transportation,Production,Rhourde Nouss,Field A,Equipment-6252,EQ-06252,fugitive,,5363.44,,2024,5
Transportation,Drilling,Rhourde Nouss,Field A,Equipment-6253,EQ-06253,drilling,,1084.64,,2024,9
Transportation,Drilling,Illizi,Field A,Equipment-6254,EQ-06254,fugitive,,7925.58,,2025,3
Marketing,Drilling,Illizi,Block 1,Equipment-6255,EQ-06255,combustion,Propane,2506.09,gal,2025,6
Refining,Logistics,Adrar,Field A,Equipment-6256,EQ-06256,drilling,,4592.52,,2025,7
Marketing,Production,Berkine,Field A,Equipment-6257,EQ-06257,fugitive,,8478.99,,2025,11
Exploration & Production,Logistics,Adrar,Field B,Equipment-6258,EQ-06258,drilling,,1673.95,,2024,8
Marketing,Logistics,Hassi R'Mel,Area Y,Equipment-6259,EQ-06259,venting,,9983.68,,2025,1
Marketing,Production,Adrar,Area X,Equipment-6260,EQ-06260,drilling,,1916.31,,2025,4
Refining,Operations,Illizi,Block 2,Equipment-6261,EQ-06261,flaring,Fuel Gas,100.2,gal,2023,7
Transportation,Drilling,Hassi Messaoud,Block 2,Equipment-6262,EQ-06262,drilling,,9281.58,,2022,1
Transportation,Production,Hassi Messaoud,Area X,Equipment-6263,EQ-06263,flaring,Fuel Gas,4810.21,gal,2022,11
Exploration & Production,Production,Rhourde Nouss,Area X,Equipment-6264,EQ-06264,combustion,Propane,6896.08,gal,2022,9
Transportation,Logistics,Illizi,Block 1,Equipment-6265,EQ-06265,combustion,Fuel Gas,5816.89,gal,2025,1
Refining,Drilling,Hassi Messaoud,Field A,Equipment-6266,EQ-06266,flaring,Propane,2656.89,gal,2022,1
Refining,Operations,Rhourde Nouss,Block 2,Equipment-6267,EQ-06267,flaring,,2434.72,,2023,1
Marketing,Logistics,In Salah,Field A,Equipment-6268,EQ-06268,drilling,,5389.41,,2024,2
Refining,Operations,Illizi,Area Y,Equipment-6269,EQ-06269,venting,,3727.2,,2025,1
Refining,Logistics,Rhourde Nouss,Block 1,Equipment-6270,EQ-06270,venting,,2328.21,,2022,5
Transportation,Operations,Adrar,Area Y,Equipment-6271,EQ-06271,drilling,,9197.9,,2024,9
Transportation,Operations,Hassi Messaoud,Field A,Equipment-6272,EQ-06272,fugitive,,1832.58,,2023,6
Refining,Logistics,Hassi R'Mel,Field A,Equipment-6273,EQ-06273,drilling,,4615.39,,2024,6
Transportation,Operations,In Salah,Field B,Equipment-6274,EQ-06274,venting,,3858.95,,2025,1
Refining,Logistics,Adrar,Area X,Equipment-6275,EQ-06275,drilling,,8819.23,,2025,4
Marketing,Production,In Salah,Area X,Equipment-6276,EQ-06276,drilling,,6204.29,,2025,2
Transportation,Production,Hassi R'Mel,Block 2,Equipment-6277,EQ-06277,fugitive,,1424.84,,2025,10
Refining,Logistics,Hassi R'Mel,Block 2,Equipment-6278,EQ-06278,venting,,4458.24,,2023,10
Marketing,Drilling,Illizi,Area X,Equipment-6279,EQ-06279,flaring,Diesel,224.48,gal,2022,2
Refining,Logistics,Hassi Messaoud,Block 1,Equipment-6280,EQ-06280,combustion,Diesel,1554.35,gal,2023,10
Marketing,Drilling,Illizi,Block 1,Equipment-6281,EQ-06281,venting,,9980.52,,2025,9
Transportation,Drilling,Rhourde Nouss,Area X,Equipment-6282,EQ-06282,venting,,2419.07,,2022,2
Refining,Operations,Illizi,Field A,Equipment-6283,EQ-06283,flaring,Fuel Gas,7256.89,gal,2022,4
Exploration & Production,Logistics,Illizi,Field B,Equipment-6284,EQ-06284,venting,,3838.61,,2025,7
Refining,Drilling,In Salah,Field B,Equipment-6285,EQ-06285,venting,,162.09,,2024,5
Transportation,Operations,Hassi R'Mel,Area Y,Equipment-6286,EQ-06286,fugitive,,3011.39,,2023,7
Marketing,Operations,Illizi,Area X,Equipment-6287,EQ-06287,venting,,7420.1,,2024,8
Transportation,Logistics,Berkine,Area Y,Equipment-6288,EQ-06288,drilling,,4228.95,,2024,10
Transportation,Production,Illizi,Area X,Equipment-6289,EQ-06289,flaring,Diesel,997.85,gal,2022,9
Transportation,Drilling,Hassi R'Mel,Block 2,Equipment-6290,EQ-06290,flaring,,9123.1,,2025,3
Transportation,Operations,Hassi Messaoud,Field B,Equipment-6291,EQ-06291,flaring,Fuel Gas,3484.08,gal,2024,10
Refining,Logistics,Hassi Messaoud,Field B,Equipment-6292,EQ-06292,flaring,Natural Gas,4893.44,scf,2023,9
Marketing,Drilling,Hassi Messaoud,Field B,Equipment-6293,EQ-06293,combustion,Fuel Gas,1957.05,gal,2023,10
Transportation,Logistics,In Salah,Field A,Equipment-6294,EQ-06294,venting,,3186.17,,2025,3
Marketing,Logistics,Berkine,Block 1,Equipment-6295,EQ-06295,flaring,Propane,3009.08,gal,2025,1
Marketing,Operations,Hassi R'Mel,Block 1,Equipment-6296,EQ-06296,combustion,Diesel,3091.84,gal,2022,6
Marketing,Production,Rhourde Nouss,Block 1,Equipment-6297,EQ-06297,fugitive,,5535.44,,2024,6
Exploration & Production,Drilling,In Salah,Area Y,Equipment-6298,EQ-06298,combustion,Natural Gas,4257.03,scf,2024,2
Marketing,Drilling,Berkine,Area Y,Equipment-6299,EQ-06299,drilling,,276.6,,2025,4
Transportation,Production,Hassi Messaoud,Area Y,Equipment-6300,EQ-06300,combustion,,7342.59,,2022,8
Transportation,Logistics,Rhourde Nouss,Field B,Equipment-6301,EQ-06301,drilling,,934.92,,2023,6
Refining,Drilling,Illizi,Area X,Equipment-6302,EQ-06302,combustion,Propane,8695.96,gal,2024,9
Transportation,Production,Hassi R'Mel,Field B,Equipment-6303,EQ-06303,combustion,,7269.77,,2023,10
Marketing,Drilling,In Salah,Area X,Equipment-6304,EQ-06304,drilling,,3501.05,,2022,8
Marketing,Operations,Illizi,Block 1,Equipment-6305,EQ-06305,venting,,1275.71,,2023,12
Marketing,Operations,Rhourde Nouss,Field B,Equipment-6306,EQ-06306,drilling,,3129.6,,2023,6
Marketing,Production,In Salah,Field A,Equipment-6307,EQ-06307,combustion,Propane,8279.19,gal,2025,10
Exploration & Production,Production,Illizi,Block 2,Equipment-6308,EQ-06308,drilling,,2050.74,,2023,9
Marketing,Production,In Salah,Area X,Equipment-6309,EQ-06309,combustion,Diesel,287.24,gal,2023,11
Refining,Production,Hassi R'Mel,Field A,Equipment-6310,EQ-06310,flaring,Fuel Gas,5387.75,gal,2023,1
Transportation,Operations,Hassi R'Mel,Block 1,Equipment-6311,EQ-06311,flaring,,7483.67,,2023,2
Exploration & Production,Drilling,Hassi Messaoud,Block 2,Equipment-6312,EQ-06312,drilling,,7253.51,,2024,4
Refining,Operations,Hassi R'Mel,Block 2,Equipment-6313,EQ-06313,drilling,,3596.78,,2022,4
Transportation,Drilling,In Salah,Field B,Equipment-6314,EQ-06314,venting,,7864.78,,2023,8
Exploration & Production,Logistics,In Salah,Field B,Equipment-6315,EQ-06315,fugitive,,2139.78,,2025,11
Exploration & Production,Drilling,In Salah,Field B,Equipment-6316,EQ-06316,drilling,,5961.01,,2024,12
Refining,Operations,Berkine,Block 1,Equipment-6317,EQ-06317,fugitive,,3185.93,,2022,11
Marketing,Drilling,Adrar,Block 1,Equipment-6318,EQ-06318,flaring,Fuel Gas,5092.84,gal,2025,10
Transportation,Operations,Illizi,Field B,Equipment-6319,EQ-06319,fugitive,,4426.25,,2025,7
Transportation,Logistics,Hassi R'Mel,Area Y,Equipment-6320,EQ-06320,drilling,,5555.38,,2023,2
Marketing,Production,Hassi Messaoud,Field B,Equipment-6321,EQ-06321,venting,,5166.61,,2024,2
Marketing,Drilling,In Salah,Block 1,Equipment-6322,EQ-06322,venting,,5176.44,,2022,6
Transportation,Drilling,Rhourde Nouss,Area X,Equipment-6323,EQ-06323,fugitive,,359.93,,2025,7
Exploration & Production,Drilling,Rhourde Nouss,Area X,Equipment-6324,EQ-06324,combustion,Propane,2296.27,gal,2024,9
Marketing,Drilling,Berkine,Field B,Equipment-6325,EQ-06325,fugitive,,6641.06,,2022,12
Refining,Drilling,Illizi,Block 1,Equipment-6326,EQ-06326,flaring,Fuel Gas,3568.56,gal,2022,11
Refining,Production,Berkine,Field B,Equipment-6327,EQ-06327,flaring,Diesel,7427.36,gal,2025,1
Transportation,Logistics,Illizi,Field A,Equipment-6328,EQ-06328,fugitive,,1042.13,,2022,8
Marketing,Production,Hassi Messaoud,Area X,Equipment-6329,EQ-06329,flaring,Diesel,4234.97,gal,2024,2
Transportation,Operations,Hassi R'Mel,Block 1,Equipment-6330,EQ-06330,drilling,,6997.63,,2025,7
Refining,Logistics,Hassi R'Mel,Field A,Equipment-6331,EQ-06331,combustion,,4019.6,,2022,4
Exploration & Production,Production,In Salah,Field A,Equipment-6332,EQ-06332,drilling,,8694.0,,2023,10
Transportation,Drilling,Illizi,Field B,Equipment-6333,EQ-06333,combustion,Propane,4608.54,gal,2025,12
Refining,Operations,Adrar,Area Y,Equipment-6334,EQ-06334,flaring,Fuel Gas,4526.95,gal,2024,4
Marketing,Logistics,Rhourde Nouss,Area X,Equipment-6335,EQ-06335,flaring,Fuel Gas,5924.93,gal,2025,9
Exploration & Production,Operations,Berkine,Field B,Equipment-6336,EQ-06336,venting,,4417.93,,2023,7
Marketing,Production,In Salah,Area X,Equipment-6337,EQ-06337,fugitive,,65.98,,2023,6
Exploration & Production,Drilling,Adrar,Area Y,Equipment-6338,EQ-06338,fugitive,,5656.3,,2024,9
Transportation,Logistics,Hassi R'Mel,Area Y,Equipment-6339,EQ-06339,drilling,,449.7,,2022,3
Marketing,Drilling,Adrar,Block 2,Equipment-6340,EQ-06340,venting,,4073.78,,2024,3
Exploration & Production,Drilling,In Salah,Block 2,Equipment-6341,EQ-06341,fugitive,,2585.59,,2025,1
Marketing,Operations,Rhourde Nouss,Field B,Equipment-6342,EQ-06342,combustion,Propane,2467.01,gal,2024,9
Marketing,Drilling,Berkine,Field A,Equipment-6343,EQ-06343,venting,,3815.69,,2024,2
Exploration & Production,Production,Berkine,Area X,Equipment-6344,EQ-06344,combustion,Natural Gas,6380.01,scf,2023,1
Exploration & Production,Operations,Berkine,Block 1,Equipment-6345,EQ-06345,fugitive,,5999.91,,2023,1
Marketing,Operations,Illizi,Field B,Equipment-6346,EQ-06346,venting,,2034.22,,2024,11
Transportation,Operations,Rhourde Nouss,Field A,Equipment-6347,EQ-06347,drilling,,9080.67,,2025,2
Refining,Logistics,Berkine,Area X,Equipment-6348,EQ-06348,venting,,5457.65,,2023,1
Exploration & Production,Drilling,Adrar,Block 2,Equipment-6349,EQ-06349,drilling,,8887.39,,2024,9
Exploration & Production,Logistics,Hassi Messaoud,Field B,Equipment-6350,EQ-06350,flaring,,6988.23,,2023,5
Refining,Operations,Hassi Messaoud,Block 2,Equipment-6351,EQ-06351,combustion,Fuel Gas,8029.96,gal,2024,3
Marketing,Drilling,Rhourde Nouss,Field B,Equipment-6352,EQ-06352,fugitive,,8680.67,,2023,7
Marketing,Logistics,Illizi,Area X,Equipment-6353,EQ-06353,venting,,5398.34,,2022,2
Marketing,Operations,Illizi,Block 2,Equipment-6354,EQ-06354,fugitive,,1160.39,,2022,5
Marketing,Drilling,Berkine,Block 1,Equipment-6355,EQ-06355,combustion,Diesel,8413.99,gal,2022,4
Transportation,Production,In Salah,Field B,Equipment-6356,EQ-06356,venting,,8460.94,,2023,1
Marketing,Production,Rhourde Nouss,Area X,Equipment-6357,EQ-06357,venting,,1106.89,,2025,1
Transportation,Drilling,Hassi Messaoud,Area Y,Equipment-6358,EQ-06358,flaring,,8660.79,,2024,2
Marketing,Drilling,Adrar,Field B,Equipment-6359,EQ-06359,flaring,Propane,3570.74,gal,2025,2
Transportation,Drilling,In Salah,Field B,Equipment-6360,EQ-06360,venting,,9241.94,,2024,3
Exploration & Production,Operations,Illizi,Block 2,Equipment-6361,EQ-06361,fugitive,,7160.68,,2024,5
Transportation,Logistics,Adrar,Field A,Equipment-6362,EQ-06362,combustion,Diesel,8028.75,gal,2022,12
Refining,Production,Berkine,Block 2,Equipment-6363,EQ-06363,fugitive,,479.86,,2025,12
Marketing,Logistics,Hassi Messaoud,Area X,Equipment-6364,EQ-06364,combustion,Diesel,5012.69,gal,2024,1
Exploration & Production,Production,Hassi R'Mel,Field A,Equipment-6365,EQ-06365,drilling,,31.19,,2024,4
Transportation,Operations,Illizi,Block 2,Equipment-6366,EQ-06366,drilling,,5078.78,,2022,12
Exploration & Production,Logistics,Hassi Messaoud,Field B,Equipment-6367,EQ-06367,flaring,Diesel,7061.23,gal,2024,6
Exploration & Production,Operations,Illizi,Block 2,Equipment-6368,EQ-06368,combustion,Natural Gas,5328.71,scf,2023,3
Marketing,Logistics,In Salah,Field A,Equipment-6369,EQ-06369,fugitive,,6914.4,,2022,8
Marketing,Logistics,Hassi R'Mel,Block 2,Equipment-6370,EQ-06370,venting,,4965.94,,2025,11
Marketing,Logistics,Hassi R'Mel,Area X,Equipment-6371,EQ-06371,venting,,969.56,,2023,2
Refining,Drilling,Illizi,Area X,Equipment-6372,EQ-06372,drilling,,4290.83,,2024,2
Marketing,Operations,Rhourde Nouss,Block 2,Equipment-6373,EQ-06373,combustion,,5846.67,,2023,12
Transportation,Drilling,Adrar,Area X,Equipment-6374,EQ-06374,fugitive,,722.36,,2025,3
Refining,Production,Hassi R'Mel,Field B,Equipment-6375,EQ-06375,venting,,7635.09,,2023,8
Transportation,Logistics,Illizi,Field B,Equipment-6376,EQ-06376,flaring,Natural Gas,420.73,scf,2022,8
Exploration & Production,Production,Illizi,Field B,Equipment-6377,EQ-06377,combustion,,1913.56,,2023,9
Exploration & Production,Production,Rhourde Nouss,Block 1,Equipment-6378,EQ-06378,combustion,Natural Gas,2790.83,scf,2025,3
Exploration & Production,Operations,Rhourde Nouss,Area Y,Equipment-6379,EQ-06379,flaring,Fuel Gas,1774.64,gal,2022,11
Refining,Operations,Hassi Messaoud,Area X,Equipment-6380,EQ-06380,venting,,1742.9,,2022,7
Marketing,Logistics,Hassi R'Mel,Field B,Equipment-6381,EQ-06381,venting,,9466.38,,2023,6
Marketing,Logistics,Illizi,Block 2,Equipment-6382,EQ-06382,fugitive,,9240.31,,2022,4
Exploration & Production,Drilling,Adrar,Field B,Equipment-6383,EQ-06383,drilling,,8340.12,,2024,9
Exploration & Production,Production,Adrar,Area Y,Equipment-6384,EQ-06384,combustion,Natural Gas,4640.34,scf,2025,2
Marketing,Drilling,Illizi,Block 1,Equipment-6385,EQ-06385,flaring,Diesel,2748.37,gal,2024,11
Transportation,Production,Hassi Messaoud,Field A,Equipment-6386,EQ-06386,fugitive,,58.68,,2024,7
Marketing,Drilling,Berkine,Area X,Equipment-6387,EQ-06387,drilling,,6204.04,,2023,9
Exploration & Production,Drilling,In Salah,Field A,Equipment-6388,EQ-06388,flaring,Natural Gas,6994.3,scf,2025,8
Marketing,Logistics,Illizi,Field B,Equipment-6389,EQ-06389,flaring,,7468.44,,2025,5
Exploration & Production,Operations,Hassi Messaoud,Area X,Equipment-6390,EQ-06390,combustion,Natural Gas,1441.49,scf,2023,12
Refining,Logistics,Illizi,Area X,Equipment-6391,EQ-06391,combustion,Diesel,8184.36,gal,2024,5
Transportation,Operations,Hassi R'Mel,Block 2,Equipment-6392,EQ-06392,fugitive,,9480.21,,2024,6
Transportation,Logistics,Berkine,Area X,Equipment-6393,EQ-06393,flaring,Diesel,8848.3,gal,2023,11
Marketing,Logistics,Berkine,Area Y,Equipment-6394,EQ-06394,fugitive,,2279.98,,2022,5
Transportation,Drilling,Rhourde Nouss,Block 1,Equipment-6395,EQ-06395,flaring,Diesel,506.6,gal,2023,12
Refining,Logistics,Hassi R'Mel,Block 1,Equipment-6396,EQ-06396,flaring,Diesel,3234.82,gal,2024,2
Exploration & Production,Logistics,Illizi,Block 2,Equipment-6397,EQ-06397,drilling,,5294.28,,2025,3
Refining,Operations,Adrar,Area X,Equipment-6398,EQ-06398,combustion,Natural Gas,930.85,scf,2023,9
Exploration & Production,Production,In Salah,Field B,Equipment-6399,EQ-06399,drilling,,950.73,,2024,9
Exploration & Production,Logistics,Rhourde Nouss,Block 1,Equipment-6400,EQ-06400,fugitive,,6986.48,,2024,6
Transportation,Operations,Berkine,Field A,Equipment-6401,EQ-06401,drilling,,6544.26,,2022,4
Refining,Operations,Hassi Messaoud,Area Y,Equipment-6402,EQ-06402,combustion,Natural Gas,4646.3,scf,2024,2
Refining,Drilling,Hassi Messaoud,Field B,Equipment-6403,EQ-06403,flaring,Propane,1551.19,gal,2025,3
Marketing,Logistics,Illizi,Block 2,Equipment-6404,EQ-06404,combustion,Natural Gas,6940.52,scf,2024,7
Transportation,Drilling,Berkine,Field B,Equipment-6405,EQ-06405,flaring,Diesel,6830.34,gal,2025,10
Exploration & Production,Drilling,Hassi Messaoud,Block 1,Equipment-6406,EQ-06406,flaring,Fuel Gas,7185.15,gal,2022,11
Marketing,Logistics,Hassi Messaoud,Block 2,Equipment-6407,EQ-06407,venting,,6322.59,,2022,2
Transportation,Logistics,Hassi R'Mel,Field B,Equipment-6408,EQ-06408,fugitive,,7982.66,,2025,7
Exploration & Production,Drilling,Adrar,Block 1,Equipment-6409,EQ-06409,combustion,Fuel Gas,6918.33,gal,2022,7
Exploration & Production,Logistics,Hassi Messaoud,Field A,Equipment-6410,EQ-06410,combustion,Fuel Gas,7060.68,gal,2024,9
Transportation,Production,Hassi Messaoud,Block 1,Equipment-6411,EQ-06411,combustion,,4268.65,,2023,9
Exploration & Production,Operations,Adrar,Field A,Equipment-6412,EQ-06412,venting,,8171.7,,2025,6
Refining,Production,In Salah,Area X,Equipment-6413,EQ-06413,combustion,Natural Gas,522.4,scf,2024,9
Refining,Drilling,Hassi Messaoud,Block 1,Equipment-6414,EQ-06414,drilling,,4241.03,,2023,12
Refining,Operations,In Salah,Block 1,Equipment-6415,EQ-06415,fugitive,,6166.72,,2023,12
Marketing,Drilling,Adrar,Field A,Equipment-6416,EQ-06416,fugitive,,9180.23,,2025,10
Transportation,Production,Hassi Messaoud,Field A,Equipment-6417,EQ-06417,drilling,,3450.21,,2024,12
Marketing,Production,In Salah,Area Y,Equipment-6418,EQ-06418,combustion,Fuel Gas,6848.14,gal,2023,5
Marketing,Drilling,In Salah,Area Y,Equipment-6419,EQ-06419,flaring,Fuel Gas,8140.35,gal,2022,3
Exploration & Production,Drilling,Illizi,Area X,Equipment-6420,EQ-06420,flaring,,154.2,,2023,7
Marketing,Logistics,In Salah,Block 2,Equipment-6421,EQ-06421,fugitive,,9641.58,,2024,6
Transportation,Drilling,Illizi,Field A,Equipment-6422,EQ-06422,fugitive,,1271.73,,2022,6
Exploration & Production,Logistics,Illizi,Area Y,Equipment-6423,EQ-06423,drilling,,3881.38,,2025,8
Transportation,Logistics,Berkine,Area X,Equipment-6424,EQ-06424,combustion,Fuel Gas,1831.02,gal,2023,4
Refining,Drilling,Berkine,Area X,Equipment-6425,EQ-06425,drilling,,5540.29,,2023,3
Marketing,Drilling,Adrar,Area X,Equipment-6426,EQ-06426,combustion,Natural Gas,1506.09,scf,2022,4
Exploration & Production,Drilling,Hassi Messaoud,Block 1,Equipment-6427,EQ-06427,fugitive,,6551.31,,2022,9
Marketing,Drilling,Hassi Messaoud,Area X,Equipment-6428,EQ-06428,fugitive,,4604.88,,2025,8
Refining,Production,Adrar,Area X,Equipment-6429,EQ-06429,flaring,Propane,3490.41,gal,2023,6
Refining,Drilling,In Salah,Block 1,Equipment-6430,EQ-06430,venting,,6042.41,,2024,5
Transportation,Drilling,Berkine,Block 1,Equipment-6431,EQ-06431,combustion,Propane,7901.87,gal,2025,1
Marketing,Production,Adrar,Area Y,Equipment-6432,EQ-06432,combustion,,3837.47,,2024,10
Transportation,Drilling,In Salah,Area X,Equipment-6433,EQ-06433,fugitive,,6136.04,,2024,5
Refining,Operations,In Salah,Block 2,Equipment-6434,EQ-06434,combustion,Fuel Gas,4790.15,gal,2022,2
Transportation,Production,Adrar,Block 2,Equipment-6435,EQ-06435,flaring,Propane,6268.56,gal,2025,8
Marketing,Operations,In Salah,Area Y,Equipment-6436,EQ-06436,flaring,Fuel Gas,9718.75,gal,2025,12
Marketing,Production,Illizi,Area Y,Equipment-6437,EQ-06437,fugitive,,9589.22,,2023,11
Refining,Logistics,Illizi,Area Y,Equipment-6438,EQ-06438,fugitive,,7023.89,,2024,8
Transportation,Production,In Salah,Field B,Equipment-6439,EQ-06439,flaring,Natural Gas,5452.54,scf,2024,11
Refining,Production,Illizi,Block 2,Equipment-6440,EQ-06440,flaring,Diesel,6212.92,gal,2024,8
Marketing,Drilling,Rhourde Nouss,Area X,Equipment-6441,EQ-06441,venting,,8400.62,,2022,2
Marketing,Drilling,Illizi,Area Y,Equipment-6442,EQ-06442,flaring,Propane,1259.14,gal,2022,10
Exploration & Production,Drilling,Illizi,Block 1,Equipment-6443,EQ-06443,combustion,,3778.58,,2023,12
Exploration & Production,Drilling,Adrar,Block 1,Equipment-6444,EQ-06444,flaring,Natural Gas,780.42,scf,2024,12
Marketing,Logistics,Berkine,Field A,Equipment-6445,EQ-06445,fugitive,,663.95,,2023,12
Exploration & Production,Operations,Adrar,Field B,Equipment-6446,EQ-06446,drilling,,6958.17,,2025,5
Refining,Production,In Salah,Field B,Equipment-6447,EQ-06447,flaring,Diesel,9226.07,gal,2024,8
Marketing,Logistics,Rhourde Nouss,Block 2,Equipment-6448,EQ-06448,combustion,Diesel,3155.27,gal,2025,11
Refining,Production,Rhourde Nouss,Area X,Equipment-6449,EQ-06449,drilling,,3775.11,,2022,12
Marketing,Logistics,Hassi Messaoud,Block 1,Equipment-6450,EQ-06450,venting,,3999.92,,2025,12
Transportation,Operations,In Salah,Block 2,Equipment-6451,EQ-06451,combustion,Natural Gas,4037.42,scf,2023,6
Marketing,Logistics,Rhourde Nouss,Field B,Equipment-6452,EQ-06452,combustion,Natural Gas,1619.26,scf,2022,6
Exploration & Production,Logistics,Berkine,Field B,Equipment-6453,EQ-06453,combustion,Diesel,3361.6,gal,2024,12
Transportation,Drilling,Illizi,Block 1,Equipment-6454,EQ-06454,flaring,Natural Gas,814.12,scf,2024,3
Transportation,Logistics,Rhourde Nouss,Field A,Equipment-6455,EQ-06455,flaring,,1188.41,,2023,11
Exploration & Production,Drilling,Rhourde Nouss,Field A,Equipment-6456,EQ-06456,venting,,2426.77,,2025,8
Marketing,Logistics,Berkine,Field B,Equipment-6457,EQ-06457,flaring,,6494.71,,2022,6
Refining,Logistics,Illizi,Area X,Equipment-6458,EQ-06458,flaring,Diesel,9138.98,gal,2024,4
Marketing,Operations,Hassi Messaoud,Field B,Equipment-6459,EQ-06459,flaring,Diesel,7891.5,gal,2023,4
Refining,Logistics,Rhourde Nouss,Field B,Equipment-6460,EQ-06460,venting,,2390.19,,2022,2
Exploration & Production,Production,Hassi R'Mel,Block 2,Equipment-6461,EQ-06461,drilling,,5005.11,,2023,2
Refining,Operations,Adrar,Block 1,Equipment-6462,EQ-06462,combustion,Fuel Gas,7938.64,gal,2024,9
Refining,Operations,Hassi Messaoud,Area X,Equipment-6463,EQ-06463,flaring,Diesel,7899.78,gal,2023,12
Marketing,Operations,Hassi Messaoud,Area X,Equipment-6464,EQ-06464,venting,,7821.09,,2022,5
Transportation,Operations,Hassi Messaoud,Block 1,Equipment-6465,EQ-06465,flaring,Fuel Gas,7391.08,gal,2022,6
Exploration & Production,Drilling,In Salah,Field A,Equipment-6466,EQ-06466,flaring,,4408.36,,2025,11
Exploration & Production,Drilling,Hassi Messaoud,Field B,Equipment-6467,EQ-06467,combustion,Propane,4479.36,gal,2025,7
Refining,Drilling,Illizi,Block 2,Equipment-6468,EQ-06468,combustion,Natural Gas,8760.86,scf,2024,7
Exploration & Production,Logistics,Illizi,Block 1,Equipment-6469,EQ-06469,venting,,487.08,,2022,2
Marketing,Production,Rhourde Nouss,Field B,Equipment-6470,EQ-06470,flaring,Fuel Gas,4845.05,gal,2024,7
Transportation,Logistics,Illizi,Area Y,Equipment-6471,EQ-06471,venting,,7685.51,,2024,2
Refining,Logistics,Illizi,Block 1,Equipment-6472,EQ-06472,fugitive,,3008.81,,2024,9
Exploration & Production,Logistics,Hassi Messaoud,Field A,Equipment-6473,EQ-06473,venting,,9563.01,,2024,8
Refining,Operations,Hassi Messaoud,Field B,Equipment-6474,EQ-06474,drilling,,6472.76,,2023,4
Exploration & Production,Drilling,Adrar,Block 2,Equipment-6475,EQ-06475,drilling,,1187.77,,2024,10
Transportation,Drilling,Illizi,Field B,Equipment-6476,EQ-06476,flaring,Natural Gas,5402.05,scf,2023,12
Exploration & Production,Operations,Adrar,Area X,Equipment-6477,EQ-06477,flaring,Fuel Gas,9635.27,gal,2023,4
Refining,Production,In Salah,Area Y,Equipment-6478,EQ-06478,drilling,,5673.05,,2022,7
Exploration & Production,Logistics,Hassi R'Mel,Block 2,Equipment-6479,EQ-06479,combustion,Propane,1232.84,gal,2023,4
Marketing,Logistics,Berkine,Block 1,Equipment-6480,EQ-06480,fugitive,,5185.45,,2024,6
Exploration & Production,Operations,Illizi,Field B,Equipment-6481,EQ-06481,flaring,Propane,3020.75,gal,2025,4
Refining,Logistics,Rhourde Nouss,Field A,Equipment-6482,EQ-06482,venting,,2895.23,,2024,6
Refining,Logistics,Illizi,Field B,Equipment-6483,EQ-06483,venting,,7995.55,,2024,7
Exploration & Production,Production,Hassi Messaoud,Block 2,Equipment-6484,EQ-06484,fugitive,,6339.51,,2024,3
Marketing,Production,Illizi,Field A,Equipment-6485,EQ-06485,combustion,,5745.8,,2023,4
Marketing,Operations,Adrar,Field A,Equipment-6486,EQ-06486,venting,,1745.68,,2023,7
Refining,Logistics,Hassi R'Mel,Block 2,Equipment-6487,EQ-06487,fugitive,,3370.25,,2025,12
Refining,Drilling,Hassi Messaoud,Field A,Equipment-6488,EQ-06488,combustion,Fuel Gas,8778.19,gal,2024,10
Transportation,Logistics,Illizi,Field A,Equipment-6489,EQ-06489,venting,,7187.53,,2023,5
Refining,Production,Hassi R'Mel,Area X,Equipment-6490,EQ-06490,fugitive,,4717.37,,2024,2
Refining,Logistics,Hassi R'Mel,Block 2,Equipment-6491,EQ-06491,combustion,Natural Gas,1861.46,scf,2023,11
Refining,Drilling,In Salah,Block 2,Equipment-6492,EQ-06492,venting,,5699.32,,2024,4
Refining,Production,Berkine,Field B,Equipment-6493,EQ-06493,venting,,128.73,,2023,4
Transportation,Production,Illizi,Block 2,Equipment-6494,EQ-06494,combustion,Diesel,2576.49,gal,2025,5
Refining,Operations,Illizi,Field A,Equipment-6495,EQ-06495,drilling,,3409.5,,2025,4
Exploration & Production,Production,Hassi R'Mel,Area X,Equipment-6496,EQ-06496,flaring,Fuel Gas,816.63,gal,2022,1
Transportation,Production,Hassi Messaoud,Area X,Equipment-6497,EQ-06497,venting,,2866.8,,2022,5
Marketing,Production,Berkine,Field A,Equipment-6498,EQ-06498,flaring,Natural Gas,5370.0,scf,2022,3
Exploration & Production,Operations,Illizi,Area X,Equipment-6499,EQ-06499,combustion,,7336.16,,2023,12
Refining,Production,Adrar,Block 2,Equipment-6500,EQ-06500,flaring,Natural Gas,1620.01,scf,2022,11
Refining,Operations,Rhourde Nouss,Area X,Equipment-6501,EQ-06501,fugitive,,5574.91,,2025,12
Marketing,Operations,Adrar,Area Y,Equipment-6502,EQ-06502,drilling,,7160.34,,2023,9
Exploration & Production,Drilling,Rhourde Nouss,Block 2,Equipment-6503,EQ-06503,drilling,,6540.59,,2022,8
Transportation,Logistics,Hassi R'Mel,Block 2,Equipment-6504,EQ-06504,combustion,Propane,7612.13,gal,2024,12
Transportation,Logistics,Berkine,Field B,Equipment-6505,EQ-06505,drilling,,1667.64,,2023,6
Transportation,Drilling,Adrar,Block 2,Equipment-6506,EQ-06506,flaring,Fuel Gas,1850.58,gal,2022,8
Transportation,Operations,Illizi,Block 1,Equipment-6507,EQ-06507,fugitive,,6715.53,,2024,10
Refining,Logistics,Adrar,Field A,Equipment-6508,EQ-06508,fugitive,,5237.24,,2025,2
Marketing,Logistics,Berkine,Area Y,Equipment-6509,EQ-06509,combustion,Fuel Gas,6804.13,gal,2024,10
Transportation,Drilling,Rhourde Nouss,Area X,Equipment-6510,EQ-06510,combustion,,5433.93,,2022,8
Transportation,Drilling,Rhourde Nouss,Area X,Equipment-6511,EQ-06511,fugitive,,7269.6,,2023,1
Transportation,Operations,Hassi R'Mel,Area X,Equipment-6512,EQ-06512,flaring,Fuel Gas,6332.84,gal,2025,7
Marketing,Operations,Hassi R'Mel,Field B,Equipment-6513,EQ-06513,drilling,,5014.35,,2022,9
Refining,Production,Rhourde Nouss,Area Y,Equipment-6514,EQ-06514,flaring,Diesel,4039.0,gal,2025,2
Refining,Drilling,Berkine,Area X,Equipment-6515,EQ-06515,venting,,6460.03,,2025,10
Marketing,Drilling,Illizi,Block 2,Equipment-6516,EQ-06516,combustion,Natural Gas,8085.19,scf,2024,3
Transportation,Drilling,In Salah,Block 1,Equipment-6517,EQ-06517,venting,,4498.42,,2025,8
Marketing,Drilling,Hassi R'Mel,Block 2,Equipment-6518,EQ-06518,fugitive,,3962.79,,2023,11
Exploration & Production,Drilling,Berkine,Field A,Equipment-6519,EQ-06519,combustion,Propane,8085.67,gal,2023,5
Transportation,Logistics,Illizi,Area Y,Equipment-6520,EQ-06520,venting,,6376.05,,2022,9
Refining,Drilling,Berkine,Field A,Equipment-6521,EQ-06521,fugitive,,7648.34,,2024,3
Exploration & Production,Drilling,Illizi,Area X,Equipment-6522,EQ-06522,venting,,8418.52,,2022,9
Refining,Operations,Hassi R'Mel,Field B,Equipment-6523,EQ-06523,combustion,Diesel,1599.5,gal,2025,10
Transportation,Operations,In Salah,Block 2,Equipment-6524,EQ-06524,combustion,Diesel,4132.95,gal,2024,5
Refining,Drilling,Adrar,Block 1,Equipment-6525,EQ-06525,flaring,Propane,2307.05,gal,2023,9
Marketing,Production,Rhourde Nouss,Area X,Equipment-6526,EQ-06526,venting,,4068.76,,2022,2
Refining,Logistics,Adrar,Field B,Equipment-6527,EQ-06527,fugitive,,4254.97,,2024,12
Refining,Production,Rhourde Nouss,Field B,Equipment-6528,EQ-06528,combustion,,5625.72,,2024,11
Marketing,Logistics,Hassi Messaoud,Area Y,Equipment-6529,EQ-06529,drilling,,9819.28,,2023,9
Marketing,Operations,Hassi Messaoud,Field A,Equipment-6530,EQ-06530,flaring,Propane,6018.5,gal,2024,3
Refining,Drilling,In Salah,Field A,Equipment-6531,EQ-06531,venting,,5247.97,,2022,10
Marketing,Operations,Illizi,Block 2,Equipment-6532,EQ-06532,fugitive,,5239.19,,2024,12
Exploration & Production,Drilling,Adrar,Block 2,Equipment-6533,EQ-06533,combustion,Natural Gas,6306.03,scf,2024,2
Transportation,Logistics,Rhourde Nouss,Field B,Equipment-6534,EQ-06534,combustion,,5654.1,,2022,11
Transportation,Drilling,Rhourde Nouss,Field B,Equipment-6535,EQ-06535,fugitive,,4204.32,,2025,6
Refining,Operations,In Salah,Area X,Equipment-6536,EQ-06536,venting,,1649.5,,2025,8
Marketing,Drilling,Hassi Messaoud,Block 2,Equipment-6537,EQ-06537,drilling,,5607.08,,2023,10
Exploration & Production,Drilling,Hassi R'Mel,Block 2,Equipment-6538,EQ-06538,drilling,,2598.18,,2025,3
Exploration & Production,Logistics,In Salah,Field A,Equipment-6539,EQ-06539,flaring,Diesel,9878.68,gal,2024,12
Refining,Operations,Hassi R'Mel,Field A,Equipment-6540,EQ-06540,venting,,9690.27,,2025,4
Marketing,Logistics,Illizi,Area X,Equipment-6541,EQ-06541,flaring,,6492.41,,2025,6
Refining,Drilling,In Salah,Area Y,Equipment-6542,EQ-06542,fugitive,,2588.85,,2025,11
Marketing,Production,Berkine,Field B,Equipment-6543,EQ-06543,venting,,513.86,,2023,5
Marketing,Drilling,Berkine,Block 2,Equipment-6544,EQ-06544,flaring,Diesel,3372.33,gal,2025,7
Exploration & Production,Production,Rhourde Nouss,Area Y,Equipment-6545,EQ-06545,flaring,Fuel Gas,6478.82,gal,2025,8
Exploration & Production,Drilling,Berkine,Area X,Equipment-6546,EQ-06546,drilling,,1802.49,,2022,11
Refining,Drilling,Rhourde Nouss,Field A,Equipment-6547,EQ-06547,venting,,3030.2,,2024,11
Exploration & Production,Production,Adrar,Field B,Equipment-6548,EQ-06548,fugitive,,9668.5,,2022,5
Marketing,Logistics,Illizi,Block 2,Equipment-6549,EQ-06549,combustion,,1705.21,,2024,2
Refining,Operations,Berkine,Field A,Equipment-6550,EQ-06550,drilling,,8421.88,,2024,9
Transportation,Drilling,Hassi R'Mel,Block 1,Equipment-6551,EQ-06551,fugitive,,6002.78,,2022,8
Transportation,Production,Rhourde Nouss,Block 1,Equipment-6552,EQ-06552,venting,,1477.63,,2023,4
Transportation,Operations,Hassi Messaoud,Block 1,Equipment-6553,EQ-06553,combustion,Natural Gas,5167.61,scf,2024,6
Refining,Production,Hassi R'Mel,Block 1,Equipment-6554,EQ-06554,venting,,4061.55,,2024,11
Refining,Drilling,Adrar,Block 2,Equipment-6555,EQ-06555,flaring,,8612.04,,2023,3
Refining,Drilling,Berkine,Field B,Equipment-6556,EQ-06556,drilling,,9123.73,,2025,9
Exploration & Production,Logistics,Berkine,Field B,Equipment-6557,EQ-06557,drilling,,3912.19,,2025,10
Exploration & Production,Logistics,Adrar,Area Y,Equipment-6558,EQ-06558,drilling,,8267.15,,2023,8
Transportation,Logistics,Hassi R'Mel,Field A,Equipment-6559,EQ-06559,fugitive,,9987.3,,2024,7
Marketing,Drilling,Hassi Messaoud,Block 1,Equipment-6560,EQ-06560,flaring,Propane,6163.95,gal,2023,6
Exploration & Production,Production,Berkine,Field A,Equipment-6561,EQ-06561,venting,,3165.08,,2025,3
Marketing,Production,Berkine,Block 1,Equipment-6562,EQ-06562,venting,,4291.0,,2022,6
Transportation,Operations,In Salah,Area Y,Equipment-6563,EQ-06563,venting,,277.21,,2023,3
Refining,Logistics,Hassi Messaoud,Area X,Equipment-6564,EQ-06564,drilling,,8685.66,,2024,1
Exploration & Production,Drilling,Illizi,Area Y,Equipment-6565,EQ-06565,fugitive,,7949.34,,2022,5
Refining,Production,Adrar,Field A,Equipment-6566,EQ-06566,drilling,,7000.71,,2024,8
Refining,Logistics,Berkine,Area X,Equipment-6567,EQ-06567,venting,,8143.48,,2024,4
Exploration & Production,Operations,Berkine,Field A,Equipment-6568,EQ-06568,combustion,Diesel,94.4,gal,2024,1
Exploration & Production,Operations,Hassi Messaoud,Block 2,Equipment-6569,EQ-06569,drilling,,404.92,,2022,11
Refining,Operations,Hassi Messaoud,Area Y,Equipment-6570,EQ-06570,venting,,7164.74,,2022,10
Transportation,Operations,Adrar,Field A,Equipment-6571,EQ-06571,venting,,6421.79,,2025,9
Exploration & Production,Drilling,Adrar,Block 1,Equipment-6572,EQ-06572,combustion,Natural Gas,4233.32,scf,2023,8
Exploration & Production,Drilling,Illizi,Area X,Equipment-6573,EQ-06573,flaring,Natural Gas,986.79,scf,2022,10
Marketing,Drilling,Hassi R'Mel,Field A,Equipment-6574,EQ-06574,combustion,Fuel Gas,5945.28,gal,2022,4
Exploration & Production,Operations,Illizi,Area X,Equipment-6575,EQ-06575,drilling,,8222.26,,2025,9
Marketing,Logistics,Illizi,Block 2,Equipment-6576,EQ-06576,fugitive,,7995.77,,2025,4
Refining,Operations,In Salah,Block 2,Equipment-6577,EQ-06577,combustion,,4923.23,,2025,4
Exploration & Production,Drilling,In Salah,Block 2,Equipment-6578,EQ-06578,venting,,1415.97,,2023,6
Transportation,Production,Adrar,Field B,Equipment-6579,EQ-06579,combustion,Diesel,8583.74,gal,2023,8
Marketing,Drilling,In Salah,Field B,Equipment-6580,EQ-06580,venting,,8292.34,,2024,12
Transportation,Operations,In Salah,Field B,Equipment-6581,EQ-06581,flaring,Diesel,8351.12,gal,2023,5
Transportation,Drilling,In Salah,Block 1,Equipment-6582,EQ-06582,combustion,,1220.53,,2024,10
Refining,Logistics,Adrar,Field A,Equipment-6583,EQ-06583,fugitive,,8021.93,,2023,9
Marketing,Logistics,Illizi,Area Y,Equipment-6584,EQ-06584,combustion,Diesel,8663.89,gal,2025,7
Marketing,Operations,Illizi,Block 2,Equipment-6585,EQ-06585,venting,,2177.97,,2022,5
Exploration & Production,Production,Hassi Messaoud,Block 2,Equipment-6586,EQ-06586,drilling,,6900.32,,2023,1
Exploration & Production,Drilling,Berkine,Block 1,Equipment-6587,EQ-06587,venting,,4115.53,,2024,7
Refining,Operations,Rhourde Nouss,Area Y,Equipment-6588,EQ-06588,flaring,Propane,3345.87,gal,2024,7
Refining,Operations,Adrar,Area Y,Equipment-6589,EQ-06589,combustion,,7094.73,,2022,7
Marketing,Logistics,Hassi R'Mel,Area X,Equipment-6590,EQ-06590,drilling,,5562.38,,2022,2
Exploration & Production,Production,Hassi R'Mel,Block 1,Equipment-6591,EQ-06591,combustion,Fuel Gas,4990.53,gal,2022,7
Refining,Operations,Illizi,Block 1,Equipment-6592,EQ-06592,fugitive,,1239.05,,2025,5
Transportation,Drilling,Berkine,Block 1,Equipment-6593,EQ-06593,combustion,,9471.89,,2024,2
Marketing,Operations,Adrar,Area Y,Equipment-6594,EQ-06594,fugitive,,8993.51,,2025,6
Refining,Logistics,Adrar,Area Y,Equipment-6595,EQ-06595,combustion,Diesel,2314.79,gal,2022,9
Transportation,Logistics,Hassi R'Mel,Field A,Equipment-6596,EQ-06596,drilling,,6089.19,,2025,9
Exploration & Production,Operations,Rhourde Nouss,Field A,Equipment-6597,EQ-06597,drilling,,5984.33,,2024,1
Transportation,Logistics,Illizi,Block 1,Equipment-6598,EQ-06598,fugitive,,8471.47,,2024,4
Transportation,Operations,Berkine,Field A,Equipment-6599,EQ-06599,flaring,Natural Gas,4545.3,scf,2024,10
Marketing,Drilling,Hassi Messaoud,Block 2,Equipment-6600,EQ-06600,drilling,,7157.25,,2024,10
Marketing,Production,Hassi R'Mel,Area X,Equipment-6601,EQ-06601,fugitive,,2838.51,,2024,2
Transportation,Drilling,Hassi R'Mel,Field A,Equipment-6602,EQ-06602,fugitive,,5351.38,,2023,1
Exploration & Production,Drilling,Berkine,Block 1,Equipment-6603,EQ-06603,fugitive,,5671.9,,2025,2
Exploration & Production,Production,Illizi,Field A,Equipment-6604,EQ-06604,fugitive,,5610.52,,2023,9
Transportation,Logistics,Adrar,Field A,Equipment-6605,EQ-06605,venting,,5543.47,,2024,10
Transportation,Operations,Rhourde Nouss,Field B,Equipment-6606,EQ-06606,combustion,Diesel,4003.52,gal,2022,10
Marketing,Drilling,Rhourde Nouss,Field A,Equipment-6607,EQ-06607,venting,,6279.48,,2025,2
Marketing,Production,Rhourde Nouss,Block 2,Equipment-6608,EQ-06608,combustion,Fuel Gas,8501.95,gal,2025,3
Refining,Production,Hassi R'Mel,Field A,Equipment-6609,EQ-06609,combustion,,8272.68,,2024,6
Marketing,Drilling,Adrar,Field A,Equipment-6610,EQ-06610,drilling,,8790.31,,2022,9
Refining,Logistics,Rhourde Nouss,Block 2,Equipment-6611,EQ-06611,fugitive,,7696.29,,2025,4
Exploration & Production,Logistics,Berkine,Block 2,Equipment-6612,EQ-06612,fugitive,,8647.05,,2024,4
Marketing,Logistics,Adrar,Area X,Equipment-6613,EQ-06613,fugitive,,196.84,,2025,6
Transportation,Logistics,Berkine,Area X,Equipment-6614,EQ-06614,fugitive,,8896.96,,2025,9
Marketing,Logistics,Rhourde Nouss,Field B,Equipment-6615,EQ-06615,flaring,Diesel,920.64,gal,2023,4
Refining,Drilling,In Salah,Block 1,Equipment-6616,EQ-06616,flaring,,5324.7,,2024,1
Refining,Production,Adrar,Field A,Equipment-6617,EQ-06617,combustion,Propane,9953.45,gal,2024,12
Exploration & Production,Production,Adrar,Block 2,Equipment-6618,EQ-06618,venting,,8878.95,,2022,8
Refining,Logistics,Rhourde Nouss,Area Y,Equipment-6619,EQ-06619,drilling,,5262.06,,2024,10
Transportation,Operations,Hassi Messaoud,Area X,Equipment-6620,EQ-06620,fugitive,,1362.57,,2022,11
Refining,Drilling,Adrar,Area Y,Equipment-6621,EQ-06621,drilling,,6252.21,,2022,2
Transportation,Logistics,Rhourde Nouss,Block 1,Equipment-6622,EQ-06622,drilling,,8389.59,,2024,12
Transportation,Operations,Hassi Messaoud,Block 1,Equipment-6623,EQ-06623,fugitive,,5074.97,,2025,12
Marketing,Logistics,Berkine,Area Y,Equipment-6624,EQ-06624,fugitive,,4116.48,,2023,12
Exploration & Production,Logistics,Rhourde Nouss,Area X,Equipment-6625,EQ-06625,combustion,Fuel Gas,2951.72,gal,2022,8
Refining,Drilling,Hassi Messaoud,Field A,Equipment-6626,EQ-06626,combustion,Diesel,6323.21,gal,2025,12
Refining,Logistics,Hassi R'Mel,Field A,Equipment-6627,EQ-06627,flaring,Natural Gas,3004.58,scf,2025,8
Transportation,Production,Hassi Messaoud,Field B,Equipment-6628,EQ-06628,drilling,,5590.03,,2025,11
Marketing,Operations,Rhourde Nouss,Field B,Equipment-6629,EQ-06629,venting,,8572.82,,2023,8
Refining,Production,Hassi R'Mel,Field B,Equipment-6630,EQ-06630,combustion,Propane,6207.37,gal,2025,8
Refining,Operations,Adrar,Block 1,Equipment-6631,EQ-06631,combustion,,812.51,,2023,6
Marketing,Production,Illizi,Area X,Equipment-6632,EQ-06632,venting,,4714.27,,2022,3
Transportation,Operations,Berkine,Area X,Equipment-6633,EQ-06633,fugitive,,1094.97,,2024,1
Marketing,Drilling,Rhourde Nouss,Block 2,Equipment-6634,EQ-06634,combustion,Fuel Gas,2566.56,gal,2025,2
Transportation,Drilling,Rhourde Nouss,Field B,Equipment-6635,EQ-06635,fugitive,,1317.77,,2022,3
Refining,Operations,Hassi R'Mel,Block 2,Equipment-6636,EQ-06636,fugitive,,4556.09,,2024,5
Exploration & Production,Drilling,In Salah,Area Y,Equipment-6637,EQ-06637,combustion,Natural Gas,3961.56,scf,2023,8
Exploration & Production,Operations,In Salah,Area Y,Equipment-6638,EQ-06638,venting,,9661.86,,2025,5
Refining,Production,Rhourde Nouss,Area X,Equipment-6639,EQ-06639,fugitive,,3495.52,,2022,3
Marketing,Drilling,Adrar,Block 2,Equipment-6640,EQ-06640,flaring,Diesel,1587.88,gal,2022,7
Refining,Operations,Adrar,Area Y,Equipment-6641,EQ-06641,drilling,,871.17,,2023,1
Refining,Operations,Adrar,Field A,Equipment-6642,EQ-06642,drilling,,6781.38,,2025,1
Marketing,Logistics,Hassi R'Mel,Field B,Equipment-6643,EQ-06643,combustion,Natural Gas,606.61,scf,2022,9
Exploration & Production,Drilling,In Salah,Block 2,Equipment-6644,EQ-06644,flaring,Propane,819.98,gal,2023,10
Marketing,Drilling,Rhourde Nouss,Area Y,Equipment-6645,EQ-06645,venting,,4725.16,,2025,10
Exploration & Production,Logistics,Hassi Messaoud,Area Y,Equipment-6646,EQ-06646,combustion,Fuel Gas,3380.18,gal,2025,10
Exploration & Production,Operations,Illizi,Field A,Equipment-6647,EQ-06647,drilling,,4720.46,,2025,2
Exploration & Production,Logistics,Berkine,Area X,Equipment-6648,EQ-06648,drilling,,8916.72,,2024,6
Refining,Drilling,Rhourde Nouss,Field A,Equipment-6649,EQ-06649,drilling,,2313.25,,2024,11
Exploration & Production,Production,Hassi R'Mel,Field B,Equipment-6650,EQ-06650,drilling,,8269.01,,2025,6
Exploration & Production,Drilling,Hassi R'Mel,Block 2,Equipment-6651,EQ-06651,flaring,Natural Gas,364.85,scf,2025,8
Marketing,Operations,Rhourde Nouss,Area X,Equipment-6652,EQ-06652,combustion,Fuel Gas,9608.85,gal,2025,10
Transportation,Drilling,Rhourde Nouss,Area X,Equipment-6653,EQ-06653,flaring,,1886.6,,2024,4
Exploration & Production,Production,Illizi,Block 2,Equipment-6654,EQ-06654,drilling,,1929.13,,2024,12
Exploration & Production,Logistics,In Salah,Block 1,Equipment-6655,EQ-06655,flaring,Propane,3471.85,gal,2024,6
Exploration & Production,Operations,Hassi Messaoud,Field A,Equipment-6656,EQ-06656,venting,,2971.4,,2024,11
Refining,Drilling,Berkine,Area Y,Equipment-6657,EQ-06657,combustion,Fuel Gas,6084.56,gal,2025,8
Transportation,Production,Illizi,Field B,Equipment-6658,EQ-06658,fugitive,,5302.81,,2025,4
Refining,Drilling,In Salah,Block 2,Equipment-6659,EQ-06659,fugitive,,3877.95,,2023,5
Refining,Operations,Berkine,Area Y,Equipment-6660,EQ-06660,fugitive,,4000.75,,2023,3
Transportation,Drilling,Berkine,Area Y,Equipment-6661,EQ-06661,drilling,,1100.6,,2023,7
Marketing,Drilling,Illizi,Block 2,Equipment-6662,EQ-06662,flaring,Natural Gas,1326.3,scf,2024,9
Refining,Operations,Hassi Messaoud,Block 2,Equipment-6663,EQ-06663,drilling,,7088.16,,2025,7
Transportation,Logistics,Rhourde Nouss,Field A,Equipment-6664,EQ-06664,fugitive,,2995.49,,2023,7
Transportation,Drilling,Berkine,Field A,Equipment-6665,EQ-06665,venting,,5404.92,,2024,3
Refining,Logistics,In Salah,Area Y,Equipment-6666,EQ-06666,venting,,814.86,,2025,5
Exploration & Production,Production,Hassi R'Mel,Area X,Equipment-6667,EQ-06667,flaring,,3217.02,,2025,2
Refining,Operations,Illizi,Block 2,Equipment-6668,EQ-06668,drilling,,9391.66,,2024,6
Transportation,Operations,Rhourde Nouss,Area Y,Equipment-6669,EQ-06669,combustion,Natural Gas,8396.52,scf,2025,10
Refining,Logistics,Rhourde Nouss,Area Y,Equipment-6670,EQ-06670,flaring,Propane,8875.14,gal,2022,4
Transportation,Logistics,Rhourde Nouss,Area X,Equipment-6671,EQ-06671,venting,,8339.07,,2023,6
Exploration & Production,Operations,Hassi Messaoud,Block 1,Equipment-6672,EQ-06672,flaring,Fuel Gas,3240.63,gal,2025,6
Marketing,Drilling,Berkine,Block 2,Equipment-6673,EQ-06673,combustion,Natural Gas,2934.64,scf,2025,8
Exploration & Production,Production,In Salah,Field A,Equipment-6674,EQ-06674,flaring,,3600.6,,2024,4
Refining,Production,In Salah,Field B,Equipment-6675,EQ-06675,venting,,1012.99,,2022,12
Exploration & Production,Drilling,Hassi R'Mel,Area Y,Equipment-6676,EQ-06676,venting,,399.66,,2023,1
Transportation,Logistics,Adrar,Block 2,Equipment-6677,EQ-06677,drilling,,7919.11,,2022,7
Exploration & Production,Production,Rhourde Nouss,Field A,Equipment-6678,EQ-06678,venting,,2873.15,,2022,7
Refining,Drilling,Hassi Messaoud,Field A,Equipment-6679,EQ-06679,venting,,1587.57,,2022,4
Marketing,Logistics,Illizi,Block 2,Equipment-6680,EQ-06680,flaring,Natural Gas,815.52,scf,2024,4
Transportation,Operations,Illizi,Area Y,Equipment-6681,EQ-06681,drilling,,3855.03,,2025,6
Marketing,Operations,In Salah,Area X,Equipment-6682,EQ-06682,drilling,,3309.18,,2023,10
Exploration & Production,Production,Berkine,Block 2,Equipment-6683,EQ-06683,drilling,,2826.53,,2025,5
Refining,Drilling,In Salah,Field A,Equipment-6684,EQ-06684,combustion,Fuel Gas,5049.63,gal,2022,3
Exploration & Production,Production,In Salah,Field A,Equipment-6685,EQ-06685,fugitive,,5553.23,,2023,4
Transportation,Drilling,Berkine,Field A,Equipment-6686,EQ-06686,flaring,Natural Gas,6788.72,scf,2022,9
Refining,Logistics,Rhourde Nouss,Block 2,Equipment-6687,EQ-06687,fugitive,,8664.38,,2022,6
Transportation,Production,Rhourde Nouss,Block 1,Equipment-6688,EQ-06688,combustion,Fuel Gas,2499.62,gal,2022,6
Transportation,Drilling,Hassi R'Mel,Field A,Equipment-6689,EQ-06689,drilling,,4560.24,,2025,3
Marketing,Production,Hassi Messaoud,Area X,Equipment-6690,EQ-06690,venting,,8528.28,,2023,3
Marketing,Operations,Berkine,Block 1,Equipment-6691,EQ-06691,flaring,Propane,1080.67,gal,2025,4
Transportation,Logistics,Adrar,Field B,Equipment-6692,EQ-06692,flaring,Propane,9071.9,gal,2022,2
Exploration & Production,Drilling,Adrar,Area X,Equipment-6693,EQ-06693,fugitive,,9935.13,,2023,9
Refining,Production,Adrar,Field A,Equipment-6694,EQ-06694,fugitive,,1540.61,,2022,7
Exploration & Production,Operations,Rhourde Nouss,Block 2,Equipment-6695,EQ-06695,combustion,Natural Gas,5156.74,scf,2023,6
Refining,Drilling,Hassi Messaoud,Block 2,Equipment-6696,EQ-06696,drilling,,7520.35,,2024,11
Exploration & Production,Drilling,In Salah,Block 1,Equipment-6697,EQ-06697,flaring,Natural Gas,5947.36,scf,2023,6
Refining,Logistics,In Salah,Area X,Equipment-6698,EQ-06698,drilling,,9373.48,,2023,11
Marketing,Production,Adrar,Area Y,Equipment-6699,EQ-06699,fugitive,,917.74,,2025,9
Exploration & Production,Logistics,In Salah,Block 2,Equipment-6700,EQ-06700,flaring,Natural Gas,3546.51,scf,2023,6
Exploration & Production,Drilling,Illizi,Field A,Equipment-6701,EQ-06701,venting,,8016.4,,2024,1
Exploration & Production,Operations,Hassi R'Mel,Field A,Equipment-6702,EQ-06702,venting,,170.6,,2024,2
Exploration & Production,Operations,Illizi,Field B,Equipment-6703,EQ-06703,fugitive,,9344.94,,2024,4
Transportation,Production,In Salah,Area X,Equipment-6704,EQ-06704,drilling,,7903.59,,2023,8
Exploration & Production,Production,In Salah,Block 1,Equipment-6705,EQ-06705,fugitive,,3076.92,,2022,2
Transportation,Drilling,In Salah,Area Y,Equipment-6706,EQ-06706,combustion,Propane,6521.13,gal,2024,9
Exploration & Production,Operations,Hassi Messaoud,Field A,Equipment-6707,EQ-06707,flaring,Natural Gas,7293.16,scf,2025,11
Transportation,Logistics,In Salah,Block 1,Equipment-6708,EQ-06708,venting,,6084.41,,2024,12
Exploration & Production,Production,In Salah,Block 2,Equipment-6709,EQ-06709,fugitive,,2040.29,,2024,4
Refining,Logistics,Illizi,Block 2,Equipment-6710,EQ-06710,drilling,,1587.21,,2025,1
Exploration & Production,Drilling,Rhourde Nouss,Field B,Equipment-6711,EQ-06711,venting,,3168.3,,2025,12
Marketing,Operations,Rhourde Nouss,Field B,Equipment-6712,EQ-06712,combustion,Fuel Gas,7568.99,gal,2023,9
Marketing,Drilling,Hassi R'Mel,Area Y,Equipment-6713,EQ-06713,flaring,Fuel Gas,9189.88,gal,2024,8
Exploration & Production,Production,Rhourde Nouss,Area Y,Equipment-6714,EQ-06714,combustion,Natural Gas,7730.71,scf,2025,8
Marketing,Production,In Salah,Block 2,Equipment-6715,EQ-06715,flaring,Propane,3269.27,gal,2022,2
Marketing,Operations,Hassi R'Mel,Area X,Equipment-6716,EQ-06716,combustion,Propane,4496.22,gal,2022,4
Transportation,Operations,Hassi Messaoud,Area Y,Equipment-6717,EQ-06717,flaring,Fuel Gas,2847.98,gal,2024,7
Transportation,Logistics,Rhourde Nouss,Area Y,Equipment-6718,EQ-06718,venting,,4863.35,,2023,9
Refining,Logistics,In Salah,Area X,Equipment-6719,EQ-06719,drilling,,5323.98,,2023,12
Marketing,Production,Rhourde Nouss,Block 1,Equipment-6720,EQ-06720,flaring,,8609.65,,2025,9
Refining,Operations,Rhourde Nouss,Field B,Equipment-6721,EQ-06721,fugitive,,9236.75,,2025,8
Refining,Drilling,In Salah,Field A,Equipment-6722,EQ-06722,fugitive,,6283.53,,2025,8
Exploration & Production,Operations,In Salah,Area X,Equipment-6723,EQ-06723,combustion,Diesel,3562.91,gal,2024,8
Transportation,Drilling,Adrar,Block 1,Equipment-6724,EQ-06724,drilling,,7116.82,,2022,5
Marketing,Operations,Hassi Messaoud,Block 1,Equipment-6725,EQ-06725,fugitive,,6238.86,,2023,2
Marketing,Drilling,Hassi R'Mel,Area X,Equipment-6726,EQ-06726,flaring,Natural Gas,7266.79,scf,2023,5
Marketing,Logistics,Berkine,Field A,Equipment-6727,EQ-06727,venting,,1467.81,,2023,11
Marketing,Logistics,Illizi,Block 2,Equipment-6728,EQ-06728,drilling,,7915.69,,2025,11
Marketing,Drilling,Berkine,Block 2,Equipment-6729,EQ-06729,fugitive,,5194.12,,2023,3
Marketing,Operations,Adrar,Area Y,Equipment-6730,EQ-06730,combustion,Fuel Gas,3535.52,gal,2025,7
Marketing,Operations,Illizi,Area X,Equipment-6731,EQ-06731,venting,,8737.88,,2022,2
Refining,Logistics,Hassi R'Mel,Field A,Equipment-6732,EQ-06732,combustion,Diesel,4547.79,gal,2024,9
Refining,Production,Illizi,Area Y,Equipment-6733,EQ-06733,flaring,Fuel Gas,4394.89,gal,2022,1
Refining,Production,In Salah,Block 1,Equipment-6734,EQ-06734,venting,,3843.87,,2023,10
Exploration & Production,Operations,Hassi R'Mel,Field B,Equipment-6735,EQ-06735,flaring,,7986.69,,2025,12
Refining,Logistics,Hassi R'Mel,Area X,Equipment-6736,EQ-06736,venting,,9663.8,,2022,4
Exploration & Production,Production,Berkine,Area X,Equipment-6737,EQ-06737,flaring,Propane,2279.83,gal,2025,11
Marketing,Operations,Illizi,Area X,Equipment-6738,EQ-06738,drilling,,8880.47,,2024,4
Refining,Operations,Illizi,Field A,Equipment-6739,EQ-06739,fugitive,,5671.8,,2024,7
Exploration & Production,Production,Adrar,Area Y,Equipment-6740,EQ-06740,drilling,,8520.08,,2023,6
Transportation,Logistics,Berkine,Block 1,Equipment-6741,EQ-06741,combustion,Fuel Gas,8053.98,gal,2022,5
Refining,Drilling,Adrar,Block 1,Equipment-6742,EQ-06742,flaring,Propane,3480.8,gal,2023,6
Transportation,Drilling,Illizi,Field A,Equipment-6743,EQ-06743,flaring,Diesel,3881.6,gal,2023,4
Marketing,Drilling,Adrar,Field A,Equipment-6744,EQ-06744,flaring,Diesel,6055.86,gal,2023,7
Transportation,Production,In Salah,Block 1,Equipment-6745,EQ-06745,flaring,Natural Gas,3889.21,scf,2025,10
Transportation,Operations,Hassi Messaoud,Field B,Equipment-6746,EQ-06746,drilling,,1101.38,,2023,2
Marketing,Operations,Illizi,Field B,Equipment-6747,EQ-06747,drilling,,8076.94,,2024,6
Refining,Drilling,Hassi R'Mel,Area X,Equipment-6748,EQ-06748,drilling,,6830.06,,2022,5
Transportation,Production,Rhourde Nouss,Block 2,Equipment-6749,EQ-06749,drilling,,2709.38,,2024,2
Refining,Drilling,Rhourde Nouss,Area Y,Equipment-6750,EQ-06750,drilling,,4037.15,,2024,5
Marketing,Logistics,In Salah,Field B,Equipment-6751,EQ-06751,flaring,,3214.33,,2023,10
Transportation,Production,Hassi R'Mel,Area Y,Equipment-6752,EQ-06752,drilling,,5208.44,,2024,9
Transportation,Drilling,Illizi,Block 2,Equipment-6753,EQ-06753,drilling,,6301.86,,2025,12
Exploration & Production,Logistics,Hassi Messaoud,Area X,Equipment-6754,EQ-06754,fugitive,,4470.42,,2023,1
Exploration & Production,Drilling,In Salah,Area X,Equipment-6755,EQ-06755,venting,,233.07,,2025,4
Transportation,Production,Rhourde Nouss,Block 2,Equipment-6756,EQ-06756,venting,,1431.46,,2024,8
Refining,Logistics,Berkine,Area X,Equipment-6757,EQ-06757,venting,,2443.88,,2025,12
Marketing,Logistics,Illizi,Field B,Equipment-6758,EQ-06758,drilling,,3215.17,,2022,5
Transportation,Production,Hassi R'Mel,Block 2,Equipment-6759,EQ-06759,fugitive,,6125.71,,2023,3
Transportation,Operations,Illizi,Field A,Equipment-6760,EQ-06760,flaring,Propane,5222.1,gal,2024,12
Transportation,Production,Hassi R'Mel,Area X,Equipment-6761,EQ-06761,flaring,Diesel,1685.59,gal,2024,9
Marketing,Drilling,Rhourde Nouss,Field B,Equipment-6762,EQ-06762,fugitive,,9668.81,,2023,2
Refining,Logistics,Hassi R'Mel,Block 2,Equipment-6763,EQ-06763,venting,,1101.62,,2023,10
Marketing,Operations,Illizi,Field B,Equipment-6764,EQ-06764,fugitive,,8429.97,,2024,9
Marketing,Drilling,In Salah,Area Y,Equipment-6765,EQ-06765,flaring,Fuel Gas,8336.42,gal,2025,12
Transportation,Production,Illizi,Area X,Equipment-6766,EQ-06766,venting,,3116.31,,2022,2
Refining,Production,Adrar,Block 1,Equipment-6767,EQ-06767,drilling,,5807.63,,2025,2
Marketing,Operations,Berkine,Field A,Equipment-6768,EQ-06768,combustion,,1785.74,,2022,10
Refining,Production,Rhourde Nouss,Field B,Equipment-6769,EQ-06769,combustion,Fuel Gas,1877.1,gal,2025,2
Refining,Production,In Salah,Block 1,Equipment-6770,EQ-06770,combustion,Diesel,1921.05,gal,2022,10
Exploration & Production,Logistics,Hassi R'Mel,Block 2,Equipment-6771,EQ-06771,fugitive,,6192.42,,2023,11
Marketing,Operations,Adrar,Block 1,Equipment-6772,EQ-06772,flaring,Fuel Gas,5904.76,gal,2025,9
Transportation,Production,Rhourde Nouss,Field A,Equipment-6773,EQ-06773,fugitive,,4405.25,,2025,1
Refining,Production,Illizi,Block 1,Equipment-6774,EQ-06774,flaring,Propane,5970.89,gal,2025,9
Marketing,Logistics,Rhourde Nouss,Area X,Equipment-6775,EQ-06775,fugitive,,1473.58,,2024,5
Transportation,Operations,Hassi Messaoud,Area Y,Equipment-6776,EQ-06776,fugitive,,3418.01,,2022,1
Marketing,Production,Adrar,Block 2,Equipment-6777,EQ-06777,flaring,Diesel,8024.13,gal,2022,3
Exploration & Production,Operations,Rhourde Nouss,Field A,Equipment-6778,EQ-06778,fugitive,,9656.42,,2022,10
Exploration & Production,Logistics,Rhourde Nouss,Field A,Equipment-6779,EQ-06779,drilling,,4632.62,,2023,4
Transportation,Production,Rhourde Nouss,Area X,Equipment-6780,EQ-06780,combustion,Fuel Gas,2212.16,gal,2024,6
Transportation,Drilling,Hassi R'Mel,Field A,Equipment-6781,EQ-06781,drilling,,2101.15,,2025,5
Marketing,Drilling,Rhourde Nouss,Area X,Equipment-6782,EQ-06782,flaring,,7242.82,,2025,4
Refining,Logistics,Hassi Messaoud,Block 1,Equipment-6783,EQ-06783,venting,,64.95,,2022,7
Exploration & Production,Operations,Hassi R'Mel,Field B,Equipment-6784,EQ-06784,drilling,,5946.27,,2022,9
Exploration & Production,Logistics,Hassi Messaoud,Area Y,Equipment-6785,EQ-06785,flaring,Natural Gas,418.84,scf,2022,8
Transportation,Production,Berkine,Field A,Equipment-6786,EQ-06786,venting,,8908.8,,2024,4
Transportation,Logistics,Illizi,Block 2,Equipment-6787,EQ-06787,combustion,,665.09,,2022,7
Transportation,Production,Berkine,Area X,Equipment-6788,EQ-06788,venting,,7380.37,,2023,10
Refining,Drilling,Adrar,Area X,Equipment-6789,EQ-06789,flaring,,3847.64,,2023,7
Refining,Operations,Hassi R'Mel,Block 2,Equipment-6790,EQ-06790,venting,,7012.39,,2024,11
Refining,Operations,Adrar,Field A,Equipment-6791,EQ-06791,venting,,3941.91,,2022,5
Transportation,Production,In Salah,Block 1,Equipment-6792,EQ-06792,fugitive,,2562.64,,2025,3
Refining,Operations,Hassi Messaoud,Block 2,Equipment-6793,EQ-06793,combustion,Fuel Gas,1532.68,gal,2022,2
Exploration & Production,Production,Illizi,Block 1,Equipment-6794,EQ-06794,venting,,1719.18,,2024,4
Transportation,Operations,Rhourde Nouss,Field A,Equipment-6795,EQ-06795,combustion,Fuel Gas,1830.96,gal,2024,7
Exploration & Production,Drilling,Hassi R'Mel,Field B,Equipment-6796,EQ-06796,combustion,Natural Gas,4454.77,scf,2023,12
Transportation,Logistics,Adrar,Area Y,Equipment-6797,EQ-06797,fugitive,,7835.2,,2025,6
Marketing,Drilling,Adrar,Block 2,Equipment-6798,EQ-06798,venting,,4707.03,,2024,2
Exploration & Production,Operations,Hassi Messaoud,Field A,Equipment-6799,EQ-06799,combustion,Natural Gas,6729.97,scf,2023,5
Refining,Operations,Adrar,Field A,Equipment-6800,EQ-06800,fugitive,,6591.9,,2022,12
Marketing,Logistics,Berkine,Field B,Equipment-6801,EQ-06801,fugitive,,9421.69,,2024,6
Marketing,Drilling,Adrar,Block 1,Equipment-6802,EQ-06802,venting,,9610.14,,2025,11
Transportation,Drilling,Berkine,Field A,Equipment-6803,EQ-06803,combustion,Natural Gas,3965.21,scf,2022,10
Marketing,Drilling,Rhourde Nouss,Area Y,Equipment-6804,EQ-06804,drilling,,2951.39,,2023,3
Transportation,Production,Hassi R'Mel,Block 2,Equipment-6805,EQ-06805,flaring,Propane,8226.1,gal,2023,9
Exploration & Production,Operations,Illizi,Field A,Equipment-6806,EQ-06806,combustion,Fuel Gas,4612.89,gal,2023,5
Exploration & Production,Drilling,Illizi,Field A,Equipment-6807,EQ-06807,flaring,Fuel Gas,4897.82,gal,2025,8
Marketing,Production,Illizi,Area X,Equipment-6808,EQ-06808,drilling,,1798.51,,2025,9
Transportation,Logistics,Hassi Messaoud,Block 2,Equipment-6809,EQ-06809,combustion,Propane,7237.93,gal,2024,2
Refining,Production,Illizi,Area X,Equipment-6810,EQ-06810,venting,,9527.11,,2023,12
Exploration & Production,Logistics,Berkine,Block 2,Equipment-6811,EQ-06811,drilling,,7359.79,,2025,5
Refining,Production,Hassi R'Mel,Block 1,Equipment-6812,EQ-06812,combustion,,8762.04,,2023,2
Refining,Operations,Berkine,Field A,Equipment-6813,EQ-06813,venting,,4023.56,,2024,3
Refining,Drilling,Illizi,Area Y,Equipment-6814,EQ-06814,combustion,Propane,8285.83,gal,2025,2
Transportation,Drilling,Hassi R'Mel,Block 1,Equipment-6815,EQ-06815,combustion,Diesel,2307.1,gal,2024,9
Marketing,Drilling,Adrar,Field B,Equipment-6816,EQ-06816,combustion,Fuel Gas,9159.32,gal,2024,1
Marketing,Logistics,Adrar,Block 1,Equipment-6817,EQ-06817,venting,,4852.21,,2025,9
Refining,Drilling,Rhourde Nouss,Area Y,Equipment-6818,EQ-06818,venting,,5095.93,,2022,10
Refining,Operations,Hassi R'Mel,Field A,Equipment-6819,EQ-06819,venting,,3502.62,,2024,3
Exploration & Production,Drilling,Hassi R'Mel,Block 2,Equipment-6820,EQ-06820,drilling,,193.27,,2022,1
Refining,Drilling,Illizi,Block 2,Equipment-6821,EQ-06821,flaring,Diesel,466.16,gal,2024,3
Transportation,Drilling,Adrar,Area X,Equipment-6822,EQ-06822,flaring,Fuel Gas,3591.98,gal,2025,8
Exploration & Production,Operations,Rhourde Nouss,Field A,Equipment-6823,EQ-06823,fugitive,,408.72,,2024,7
Transportation,Drilling,Adrar,Field B,Equipment-6824,EQ-06824,fugitive,,6519.86,,2023,8
Refining,Production,In Salah,Field A,Equipment-6825,EQ-06825,venting,,673.9,,2023,3
Marketing,Logistics,Illizi,Area Y,Equipment-6826,EQ-06826,venting,,5402.79,,2024,12
Refining,Operations,Adrar,Field A,Equipment-6827,EQ-06827,drilling,,2500.29,,2025,10
Exploration & Production,Operations,Berkine,Field A,Equipment-6828,EQ-06828,fugitive,,4112.55,,2024,11
Marketing,Drilling,Rhourde Nouss,Field A,Equipment-6829,EQ-06829,fugitive,,2896.09,,2022,11
Refining,Logistics,Adrar,Block 1,Equipment-6830,EQ-06830,venting,,2665.13,,2025,10
Refining,Operations,In Salah,Area X,Equipment-6831,EQ-06831,venting,,161.75,,2025,3
Transportation,Production,Illizi,Block 1,Equipment-6832,EQ-06832,drilling,,785.8,,2024,8
Marketing,Drilling,Hassi R'Mel,Area X,Equipment-6833,EQ-06833,combustion,Propane,552.73,gal,2022,6
Exploration & Production,Logistics,Adrar,Block 2,Equipment-6834,EQ-06834,combustion,Diesel,3053.5,gal,2025,9
Transportation,Operations,Illizi,Field A,Equipment-6835,EQ-06835,drilling,,9805.46,,2023,11
Transportation,Drilling,Adrar,Block 2,Equipment-6836,EQ-06836,combustion,Natural Gas,5222.13,scf,2024,6
Refining,Production,Adrar,Block 1,Equipment-6837,EQ-06837,drilling,,3938.32,,2023,5
Refining,Production,Illizi,Block 1,Equipment-6838,EQ-06838,drilling,,4596.36,,2024,7
Transportation,Operations,Rhourde Nouss,Block 1,Equipment-6839,EQ-06839,flaring,Natural Gas,7038.8,scf,2025,6
Transportation,Logistics,Hassi R'Mel,Area Y,Equipment-6840,EQ-06840,drilling,,4933.36,,2022,7
Refining,Logistics,In Salah,Field A,Equipment-6841,EQ-06841,combustion,,9610.72,,2024,2
Transportation,Operations,Berkine,Area Y,Equipment-6842,EQ-06842,flaring,,9093.27,,2022,9
Transportation,Logistics,Rhourde Nouss,Area Y,Equipment-6843,EQ-06843,combustion,Diesel,1765.45,gal,2023,10
Refining,Production,Illizi,Field B,Equipment-6844,EQ-06844,venting,,6613.67,,2025,11
Marketing,Operations,Rhourde Nouss,Block 2,Equipment-6845,EQ-06845,fugitive,,8140.3,,2024,7
Transportation,Operations,Hassi R'Mel,Block 2,Equipment-6846,EQ-06846,combustion,,2212.88,,2023,11
Marketing,Production,Hassi Messaoud,Block 2,Equipment-6847,EQ-06847,flaring,,7012.34,,2025,6
Refining,Drilling,Adrar,Area X,Equipment-6848,EQ-06848,venting,,5997.55,,2023,2
Transportation,Logistics,In Salah,Field A,Equipment-6849,EQ-06849,flaring,Diesel,8611.88,gal,2023,4
Exploration & Production,Operations,Rhourde Nouss,Block 1,Equipment-6850,EQ-06850,venting,,8858.6,,2024,12
Transportation,Logistics,In Salah,Block 2,Equipment-6851,EQ-06851,venting,,5987.34,,2022,11
Transportation,Production,Rhourde Nouss,Block 2,Equipment-6852,EQ-06852,combustion,,1177.27,,2025,10
Refining,Production,Hassi R'Mel,Area X,Equipment-6853,EQ-06853,flaring,Diesel,4593.9,gal,2024,11
Refining,Operations,Hassi Messaoud,Field A,Equipment-6854,EQ-06854,combustion,Diesel,7171.79,gal,2025,2
Refining,Production,Rhourde Nouss,Field A,Equipment-6855,EQ-06855,venting,,4804.99,,2024,5
Marketing,Operations,Hassi Messaoud,Field A,Equipment-6856,EQ-06856,venting,,667.07,,2023,3
Marketing,Drilling,Hassi Messaoud,Field A,Equipment-6857,EQ-06857,venting,,6198.59,,2022,7
Marketing,Operations,Adrar,Block 1,Equipment-6858,EQ-06858,fugitive,,7690.59,,2023,1
Exploration & Production,Production,In Salah,Area X,Equipment-6859,EQ-06859,venting,,1477.08,,2022,9
Marketing,Production,Berkine,Area X,Equipment-6860,EQ-06860,drilling,,8354.02,,2025,7
Transportation,Drilling,Hassi Messaoud,Area X,Equipment-6861,EQ-06861,drilling,,182.64,,2025,10
Transportation,Operations,Adrar,Block 2,Equipment-6862,EQ-06862,fugitive,,105.72,,2022,9
Refining,Operations,Illizi,Block 2,Equipment-6863,EQ-06863,combustion,Natural Gas,9012.4,scf,2023,8
Marketing,Production,Adrar,Block 2,Equipment-6864,EQ-06864,fugitive,,1327.08,,2022,12
Transportation,Operations,Berkine,Field A,Equipment-6865,EQ-06865,drilling,,858.83,,2023,6
Transportation,Operations,Adrar,Block 1,Equipment-6866,EQ-06866,drilling,,5215.51,,2022,2
Refining,Drilling,Berkine,Field B,Equipment-6867,EQ-06867,venting,,6205.07,,2023,9
Transportation,Drilling,Adrar,Area Y,Equipment-6868,EQ-06868,venting,,9531.07,,2025,4
Refining,Production,Berkine,Block 2,Equipment-6869,EQ-06869,venting,,2189.16,,2022,8
Marketing,Production,In Salah,Field B,Equipment-6870,EQ-06870,venting,,5327.15,,2023,4
Marketing,Drilling,Berkine,Field A,Equipment-6871,EQ-06871,combustion,Diesel,8269.02,gal,2023,2
Transportation,Drilling,Berkine,Field B,Equipment-6872,EQ-06872,fugitive,,890.26,,2022,10
Transportation,Drilling,In Salah,Block 2,Equipment-6873,EQ-06873,venting,,9718.43,,2025,11
Exploration & Production,Operations,Hassi R'Mel,Block 2,Equipment-6874,EQ-06874,venting,,6562.17,,2022,7
Refining,Operations,Adrar,Field B,Equipment-6875,EQ-06875,venting,,3961.9,,2023,2
Refining,Drilling,In Salah,Field A,Equipment-6876,EQ-06876,venting,,5491.46,,2023,7
Exploration & Production,Drilling,Illizi,Field A,Equipment-6877,EQ-06877,drilling,,5088.1,,2023,12
Marketing,Operations,Illizi,Block 1,Equipment-6878,EQ-06878,drilling,,6526.87,,2024,4
Marketing,Logistics,Berkine,Field A,Equipment-6879,EQ-06879,drilling,,3300.81,,2024,5
Transportation,Operations,Hassi R'Mel,Area X,Equipment-6880,EQ-06880,combustion,Diesel,3958.72,gal,2025,1
Marketing,Drilling,Rhourde Nouss,Area X,Equipment-6881,EQ-06881,drilling,,1928.2,,2025,1
Exploration & Production,Production,Adrar,Block 1,Equipment-6882,EQ-06882,drilling,,3823.22,,2022,10
Transportation,Operations,Adrar,Field A,Equipment-6883,EQ-06883,flaring,,9677.33,,2024,6
Exploration & Production,Production,Rhourde Nouss,Field B,Equipment-6884,EQ-06884,flaring,,4453.12,,2024,7
Exploration & Production,Drilling,Adrar,Block 1,Equipment-6885,EQ-06885,fugitive,,6304.73,,2024,12
Transportation,Operations,Illizi,Block 1,Equipment-6886,EQ-06886,drilling,,6296.93,,2024,12
Transportation,Operations,Adrar,Area X,Equipment-6887,EQ-06887,fugitive,,5472.54,,2025,7
Marketing,Production,Hassi R'Mel,Area Y,Equipment-6888,EQ-06888,drilling,,4024.43,,2023,3
Marketing,Logistics,Berkine,Field A,Equipment-6889,EQ-06889,venting,,3937.47,,2025,5
Exploration & Production,Logistics,Hassi R'Mel,Block 1,Equipment-6890,EQ-06890,flaring,Natural Gas,196.63,scf,2022,3
Transportation,Production,Hassi R'Mel,Field B,Equipment-6891,EQ-06891,flaring,,7159.05,,2025,11
Refining,Logistics,Hassi R'Mel,Block 1,Equipment-6892,EQ-06892,venting,,3796.62,,2023,6
Marketing,Drilling,Adrar,Block 1,Equipment-6893,EQ-06893,flaring,,772.65,,2023,12
Marketing,Logistics,Hassi Messaoud,Block 2,Equipment-6894,EQ-06894,flaring,Propane,4528.48,gal,2023,8
Marketing,Drilling,Berkine,Field A,Equipment-6895,EQ-06895,combustion,Propane,3789.43,gal,2025,10
Refining,Logistics,Hassi R'Mel,Field B,Equipment-6896,EQ-06896,combustion,Fuel Gas,3543.45,gal,2023,9
Marketing,Drilling,Hassi Messaoud,Area Y,Equipment-6897,EQ-06897,drilling,,4839.8,,2024,4
Refining,Production,Adrar,Block 2,Equipment-6898,EQ-06898,fugitive,,5611.25,,2023,12
Refining,Logistics,Adrar,Field B,Equipment-6899,EQ-06899,drilling,,9266.85,,2023,5
Marketing,Drilling,Hassi Messaoud,Field A,Equipment-6900,EQ-06900,flaring,,1039.02,,2025,11
Exploration & Production,Production,In Salah,Block 1,Equipment-6901,EQ-06901,flaring,Propane,7685.51,gal,2024,8
Marketing,Production,In Salah,Area X,Equipment-6902,EQ-06902,combustion,Propane,308.66,gal,2025,2
Marketing,Logistics,Rhourde Nouss,Block 2,Equipment-6903,EQ-06903,fugitive,,4639.56,,2024,1
Exploration & Production,Operations,In Salah,Area Y,Equipment-6904,EQ-06904,flaring,Fuel Gas,5812.73,gal,2022,5
Marketing,Drilling,Hassi Messaoud,Area X,Equipment-6905,EQ-06905,flaring,Diesel,5712.52,gal,2022,4
Transportation,Operations,Adrar,Area Y,Equipment-6906,EQ-06906,venting,,5340.4,,2024,8
Exploration & Production,Drilling,Hassi R'Mel,Field B,Equipment-6907,EQ-06907,venting,,6872.97,,2022,6
Exploration & Production,Drilling,Hassi R'Mel,Field B,Equipment-6908,EQ-06908,venting,,7311.02,,2022,2
Refining,Logistics,Berkine,Block 2,Equipment-6909,EQ-06909,fugitive,,2092.13,,2022,4
Transportation,Drilling,Hassi Messaoud,Area Y,Equipment-6910,EQ-06910,combustion,Fuel Gas,8635.16,gal,2022,8
Marketing,Operations,Illizi,Block 2,Equipment-6911,EQ-06911,venting,,7649.44,,2022,3
Exploration & Production,Operations,Illizi,Block 1,Equipment-6912,EQ-06912,fugitive,,4335.82,,2025,7
Refining,Logistics,Adrar,Area Y,Equipment-6913,EQ-06913,fugitive,,5172.99,,2022,2
Refining,Drilling,Illizi,Field B,Equipment-6914,EQ-06914,fugitive,,5081.79,,2025,8
Refining,Production,Adrar,Area Y,Equipment-6915,EQ-06915,fugitive,,8590.02,,2022,8
Exploration & Production,Logistics,Adrar,Field A,Equipment-6916,EQ-06916,combustion,Natural Gas,9570.06,scf,2022,10
Transportation,Logistics,Illizi,Field B,Equipment-6917,EQ-06917,drilling,,1602.09,,2023,3
Exploration & Production,Operations,Rhourde Nouss,Area Y,Equipment-6918,EQ-06918,drilling,,1116.27,,2023,1
Transportation,Drilling,Illizi,Field A,Equipment-6919,EQ-06919,fugitive,,5532.05,,2022,7
Exploration & Production,Operations,Illizi,Area Y,Equipment-6920,EQ-06920,combustion,Fuel Gas,9750.73,gal,2024,1
Marketing,Logistics,Rhourde Nouss,Area X,Equipment-6921,EQ-06921,flaring,,5016.46,,2022,7
Exploration & Production,Drilling,In Salah,Field A,Equipment-6922,EQ-06922,venting,,4427.09,,2024,6
Marketing,Operations,Hassi Messaoud,Area X,Equipment-6923,EQ-06923,combustion,,3931.92,,2024,11
Refining,Operations,In Salah,Area Y,Equipment-6924,EQ-06924,combustion,Propane,405.69,gal,2025,6
Refining,Production,Illizi,Field B,Equipment-6925,EQ-06925,fugitive,,4599.31,,2023,6
Refining,Operations,Adrar,Area X,Equipment-6926,EQ-06926,drilling,,4336.91,,2023,5
Transportation,Drilling,Hassi R'Mel,Field A,Equipment-6927,EQ-06927,fugitive,,4560.34,,2025,4
Transportation,Drilling,Hassi Messaoud,Field A,Equipment-6928,EQ-06928,combustion,Diesel,5395.78,gal,2022,3
Refining,Operations,Adrar,Field A,Equipment-6929,EQ-06929,fugitive,,1428.34,,2023,6
Refining,Production,Adrar,Field B,Equipment-6930,EQ-06930,fugitive,,4504.58,,2022,1
Exploration & Production,Production,Hassi R'Mel,Field A,Equipment-6931,EQ-06931,fugitive,,9835.29,,2023,3
Transportation,Operations,Hassi Messaoud,Field B,Equipment-6932,EQ-06932,venting,,7081.1,,2025,12
Transportation,Drilling,Hassi Messaoud,Block 1,Equipment-6933,EQ-06933,combustion,,8220.53,,2022,5
Exploration & Production,Drilling,In Salah,Block 1,Equipment-6934,EQ-06934,venting,,4759.72,,2022,3
Transportation,Operations,Rhourde Nouss,Area X,Equipment-6935,EQ-06935,flaring,Natural Gas,8939.7,scf,2022,7
Marketing,Operations,Illizi,Area X,Equipment-6936,EQ-06936,drilling,,6461.29,,2025,6
Refining,Production,Hassi Messaoud,Block 2,Equipment-6937,EQ-06937,venting,,1291.45,,2022,12
Transportation,Drilling,Hassi R'Mel,Field A,Equipment-6938,EQ-06938,drilling,,2726.84,,2024,12
Marketing,Production,Rhourde Nouss,Block 1,Equipment-6939,EQ-06939,venting,,2555.94,,2024,8
Marketing,Logistics,Illizi,Block 2,Equipment-6940,EQ-06940,fugitive,,6399.16,,2024,9
Marketing,Production,Hassi R'Mel,Block 1,Equipment-6941,EQ-06941,flaring,Diesel,7915.53,gal,2022,4
Marketing,Logistics,Hassi R'Mel,Block 1,Equipment-6942,EQ-06942,fugitive,,5411.06,,2025,7
Refining,Drilling,Hassi Messaoud,Block 2,Equipment-6943,EQ-06943,combustion,,3748.32,,2025,4
Refining,Drilling,Hassi Messaoud,Field B,Equipment-6944,EQ-06944,combustion,Fuel Gas,6685.06,gal,2022,8
Refining,Drilling,Hassi Messaoud,Block 1,Equipment-6945,EQ-06945,venting,,4247.4,,2023,12
Marketing,Operations,Hassi Messaoud,Block 1,Equipment-6946,EQ-06946,fugitive,,4278.58,,2025,4
Exploration & Production,Logistics,In Salah,Block 2,Equipment-6947,EQ-06947,venting,,8021.53,,2022,9
Exploration & Production,Logistics,Rhourde Nouss,Block 1,Equipment-6948,EQ-06948,combustion,Propane,3571.55,gal,2025,7
Refining,Logistics,In Salah,Area X,Equipment-6949,EQ-06949,fugitive,,1710.68,,2024,6
Transportation,Logistics,Berkine,Field A,Equipment-6950,EQ-06950,flaring,Diesel,3740.99,gal,2025,9
Marketing,Logistics,Adrar,Field A,Equipment-6951,EQ-06951,combustion,Diesel,6573.92,gal,2022,5
Refining,Drilling,Hassi Messaoud,Area X,Equipment-6952,EQ-06952,venting,,6111.82,,2025,10
Transportation,Logistics,Rhourde Nouss,Block 1,Equipment-6953,EQ-06953,venting,,9288.92,,2023,6
Exploration & Production,Logistics,Adrar,Field B,Equipment-6954,EQ-06954,flaring,Fuel Gas,3281.73,gal,2024,3
Transportation,Operations,Adrar,Area X,Equipment-6955,EQ-06955,drilling,,7220.65,,2023,10
Refining,Production,In Salah,Block 2,Equipment-6956,EQ-06956,drilling,,2709.51,,2022,11
Transportation,Logistics,Hassi Messaoud,Area Y,Equipment-6957,EQ-06957,combustion,Diesel,7906.14,gal,2023,1
Exploration & Production,Drilling,Rhourde Nouss,Block 1,Equipment-6958,EQ-06958,fugitive,,3025.98,,2024,11
Exploration & Production,Production,Berkine,Block 1,Equipment-6959,EQ-06959,drilling,,1104.67,,2025,9
Marketing,Production,Illizi,Field A,Equipment-6960,EQ-06960,fugitive,,735.6,,2022,9
Marketing,Operations,Hassi R'Mel,Area X,Equipment-6961,EQ-06961,venting,,6890.42,,2022,1
Marketing,Drilling,In Salah,Field A,Equipment-6962,EQ-06962,flaring,Propane,8548.99,gal,2022,1
Marketing,Production,Hassi R'Mel,Field B,Equipment-6963,EQ-06963,flaring,Diesel,6138.57,gal,2023,4
Transportation,Production,Illizi,Block 1,Equipment-6964,EQ-06964,fugitive,,8371.52,,2023,8
Marketing,Production,Illizi,Area Y,Equipment-6965,EQ-06965,flaring,Diesel,5617.0,gal,2022,1
Refining,Logistics,Rhourde Nouss,Area X,Equipment-6966,EQ-06966,fugitive,,2479.65,,2025,1
Transportation,Logistics,Adrar,Block 2,Equipment-6967,EQ-06967,fugitive,,38.37,,2024,7
Transportation,Drilling,Rhourde Nouss,Block 2,Equipment-6968,EQ-06968,flaring,Diesel,5908.17,gal,2025,1
Transportation,Logistics,In Salah,Field A,Equipment-6969,EQ-06969,combustion,Propane,2101.31,gal,2023,4
Marketing,Production,In Salah,Block 2,Equipment-6970,EQ-06970,fugitive,,2378.8,,2022,9
Exploration & Production,Production,Hassi Messaoud,Field B,Equipment-6971,EQ-06971,combustion,Diesel,986.86,gal,2025,2
Exploration & Production,Operations,Adrar,Field A,Equipment-6972,EQ-06972,combustion,Propane,9707.51,gal,2022,4
Marketing,Drilling,Hassi R'Mel,Area Y,Equipment-6973,EQ-06973,flaring,Natural Gas,9838.08,scf,2025,2
Refining,Logistics,Illizi,Block 2,Equipment-6974,EQ-06974,fugitive,,9118.8,,2024,12
Transportation,Logistics,Adrar,Area Y,Equipment-6975,EQ-06975,fugitive,,2414.92,,2024,3
Transportation,Logistics,Hassi R'Mel,Field B,Equipment-6976,EQ-06976,drilling,,2037.54,,2025,9
Transportation,Logistics,Illizi,Field B,Equipment-6977,EQ-06977,drilling,,787.88,,2022,6
Marketing,Production,Adrar,Block 2,Equipment-6978,EQ-06978,drilling,,1035.83,,2025,8
Refining,Operations,Adrar,Area X,Equipment-6979,EQ-06979,drilling,,6090.72,,2024,6
Refining,Drilling,Hassi R'Mel,Field A,Equipment-6980,EQ-06980,venting,,4580.57,,2023,1
Exploration & Production,Drilling,Adrar,Field A,Equipment-6981,EQ-06981,drilling,,3967.52,,2025,3
Marketing,Logistics,Hassi R'Mel,Field B,Equipment-6982,EQ-06982,drilling,,1760.35,,2024,3
Exploration & Production,Operations,Berkine,Field B,Equipment-6983,EQ-06983,combustion,,1961.72,,2025,12
Refining,Operations,Berkine,Area X,Equipment-6984,EQ-06984,venting,,1215.9,,2025,3
Transportation,Logistics,Hassi Messaoud,Block 1,Equipment-6985,EQ-06985,fugitive,,1094.35,,2023,9
Marketing,Production,Illizi,Field A,Equipment-6986,EQ-06986,drilling,,642.49,,2023,12
Marketing,Logistics,Hassi R'Mel,Field B,Equipment-6987,EQ-06987,drilling,,252.93,,2024,12
Transportation,Drilling,Adrar,Field B,Equipment-6988,EQ-06988,combustion,Diesel,420.55,gal,2025,8
Transportation,Drilling,Rhourde Nouss,Field A,Equipment-6989,EQ-06989,venting,,7399.31,,2023,2
Exploration & Production,Logistics,Hassi Messaoud,Field A,Equipment-6990,EQ-06990,drilling,,107.01,,2023,3
Exploration & Production,Operations,Hassi R'Mel,Area Y,Equipment-6991,EQ-06991,venting,,110.29,,2023,12
Marketing,Logistics,Adrar,Block 2,Equipment-6992,EQ-06992,fugitive,,2890.64,,2023,10
Marketing,Operations,Hassi Messaoud,Block 1,Equipment-6993,EQ-06993,flaring,Fuel Gas,4612.62,gal,2023,4
Refining,Production,In Salah,Area X,Equipment-6994,EQ-06994,venting,,8398.25,,2023,2
Exploration & Production,Operations,Hassi R'Mel,Area X,Equipment-6995,EQ-06995,fugitive,,4545.98,,2025,6
Marketing,Drilling,Illizi,Area Y,Equipment-6996,EQ-06996,flaring,Diesel,4756.65,gal,2025,3
Marketing,Logistics,Hassi R'Mel,Field B,Equipment-6997,EQ-06997,drilling,,2928.03,,2025,4
Marketing,Operations,Hassi Messaoud,Field A,Equipment-6998,EQ-06998,drilling,,2433.18,,2023,8
Transportation,Production,Berkine,Field A,Equipment-6999,EQ-06999,fugitive,,1660.03,,2024,5
Marketing,Logistics,In Salah,Block 2,Equipment-7000,EQ-07000,combustion,Fuel Gas,2047.38,gal,2022,11
Transportation,Logistics,Hassi Messaoud,Field A,Equipment-7001,EQ-07001,combustion,,106.3,,2022,6
Refining,Logistics,Berkine,Field B,Equipment-7002,EQ-07002,combustion,Fuel Gas,740.47,gal,2025,12
Exploration & Production,Production,In Salah,Area X,Equipment-7003,EQ-07003,combustion,Natural Gas,3832.14,scf,2025,9
Refining,Production,Rhourde Nouss,Area X,Equipment-7004,EQ-07004,flaring,Diesel,9387.02,gal,2025,12
Marketing,Drilling,In Salah,Block 1,Equipment-7005,EQ-07005,fugitive,,7964.27,,2024,11
Refining,Production,Illizi,Area X,Equipment-7006,EQ-07006,fugitive,,4366.67,,2024,4
Refining,Logistics,Rhourde Nouss,Block 1,Equipment-7007,EQ-07007,fugitive,,2650.87,,2024,10
Marketing,Drilling,Hassi R'Mel,Area Y,Equipment-7008,EQ-07008,venting,,8130.14,,2023,6
Refining,Logistics,Rhourde Nouss,Field B,Equipment-7009,EQ-07009,drilling,,8262.91,,2025,6
Refining,Logistics,Adrar,Field A,Equipment-7010,EQ-07010,flaring,,6828.94,,2023,10
Exploration & Production,Drilling,Hassi Messaoud,Block 2,Equipment-7011,EQ-07011,flaring,Natural Gas,7432.61,scf,2022,2
Transportation,Drilling,Adrar,Area Y,Equipment-7012,EQ-07012,drilling,,2709.77,,2025,3
Exploration & Production,Operations,Illizi,Block 2,Equipment-7013,EQ-07013,flaring,Natural Gas,1558.39,scf,2025,12
Transportation,Operations,In Salah,Field A,Equipment-7014,EQ-07014,combustion,Natural Gas,992.49,scf,2023,10
Transportation,Drilling,In Salah,Area Y,Equipment-7015,EQ-07015,drilling,,1955.33,,2023,2
Marketing,Operations,Berkine,Area X,Equipment-7016,EQ-07016,venting,,2218.62,,2025,6
Exploration & Production,Drilling,Hassi R'Mel,Area Y,Equipment-7017,EQ-07017,fugitive,,696.93,,2024,7
Refining,Production,Hassi R'Mel,Area X,Equipment-7018,EQ-07018,venting,,3878.49,,2023,7
Marketing,Production,Hassi Messaoud,Block 2,Equipment-7019,EQ-07019,combustion,Diesel,6833.32,gal,2023,7
Marketing,Operations,Berkine,Block 1,Equipment-7020,EQ-07020,combustion,,4952.69,,2024,9
Transportation,Operations,In Salah,Field A,Equipment-7021,EQ-07021,drilling,,8523.3,,2024,1
Exploration & Production,Production,Berkine,Block 1,Equipment-7022,EQ-07022,drilling,,678.86,,2022,5
Exploration & Production,Production,In Salah,Block 1,Equipment-7023,EQ-07023,combustion,Natural Gas,1781.54,scf,2023,12
Exploration & Production,Logistics,Rhourde Nouss,Block 2,Equipment-7024,EQ-07024,fugitive,,8981.01,,2024,1
Exploration & Production,Production,Adrar,Area X,Equipment-7025,EQ-07025,drilling,,6238.05,,2025,8
Transportation,Operations,Illizi,Field B,Equipment-7026,EQ-07026,venting,,3876.55,,2024,10
Refining,Production,Berkine,Field A,Equipment-7027,EQ-07027,fugitive,,5724.34,,2023,11
Transportation,Operations,Adrar,Field B,Equipment-7028,EQ-07028,fugitive,,3337.19,,2025,3
Marketing,Logistics,Rhourde Nouss,Area Y,Equipment-7029,EQ-07029,drilling,,7441.14,,2024,10
Marketing,Drilling,Adrar,Block 2,Equipment-7030,EQ-07030,combustion,Natural Gas,7955.4,scf,2025,3
Transportation,Operations,Adrar,Block 1,Equipment-7031,EQ-07031,flaring,Propane,5623.28,gal,2023,3
Exploration & Production,Production,Hassi Messaoud,Field A,Equipment-7032,EQ-07032,venting,,6375.75,,2022,4
Marketing,Production,Illizi,Block 1,Equipment-7033,EQ-07033,drilling,,8045.65,,2024,2
Exploration & Production,Drilling,Illizi,Field A,Equipment-7034,EQ-07034,drilling,,2569.84,,2025,7
Transportation,Drilling,Berkine,Block 2,Equipment-7035,EQ-07035,flaring,,7956.48,,2024,7
Refining,Operations,In Salah,Field A,Equipment-7036,EQ-07036,drilling,,9010.86,,2025,1
Marketing,Logistics,Rhourde Nouss,Block 1,Equipment-7037,EQ-07037,venting,,5436.29,,2022,9
Exploration & Production,Operations,Berkine,Area X,Equipment-7038,EQ-07038,fugitive,,3729.61,,2022,12
Marketing,Operations,In Salah,Block 1,Equipment-7039,EQ-07039,venting,,6131.72,,2025,3
Exploration & Production,Operations,Adrar,Block 1,Equipment-7040,EQ-07040,venting,,1488.26,,2022,4
Refining,Operations,Adrar,Area Y,Equipment-7041,EQ-07041,venting,,6842.21,,2024,12
Marketing,Operations,Illizi,Area X,Equipment-7042,EQ-07042,combustion,Propane,9444.04,gal,2022,7
Refining,Production,Illizi,Block 1,Equipment-7043,EQ-07043,fugitive,,4674.13,,2022,1
Marketing,Production,Berkine,Block 1,Equipment-7044,EQ-07044,fugitive,,6676.17,,2024,5
Transportation,Logistics,Hassi Messaoud,Area Y,Equipment-7045,EQ-07045,venting,,940.57,,2023,7
Marketing,Operations,Illizi,Field B,Equipment-7046,EQ-07046,drilling,,1518.81,,2025,2
Refining,Operations,Berkine,Block 2,Equipment-7047,EQ-07047,combustion,,2561.45,,2025,6
Exploration & Production,Drilling,Berkine,Area X,Equipment-7048,EQ-07048,fugitive,,3589.41,,2023,5
Transportation,Logistics,Illizi,Block 2,Equipment-7049,EQ-07049,combustion,Propane,9810.16,gal,2024,10
Exploration & Production,Logistics,In Salah,Block 2,Equipment-7050,EQ-07050,venting,,9891.38,,2022,8
Exploration & Production,Production,In Salah,Area X,Equipment-7051,EQ-07051,venting,,7576.24,,2024,1
Refining,Logistics,Hassi R'Mel,Block 1,Equipment-7052,EQ-07052,flaring,Fuel Gas,1672.19,gal,2023,11
Refining,Drilling,Adrar,Block 2,Equipment-7053,EQ-07053,flaring,Fuel Gas,5831.13,gal,2024,10
Transportation,Drilling,Rhourde Nouss,Field A,Equipment-7054,EQ-07054,flaring,Natural Gas,416.01,scf,2023,11
Transportation,Operations,Adrar,Block 1,Equipment-7055,EQ-07055,flaring,Natural Gas,3496.18,scf,2024,6
Transportation,Logistics,In Salah,Field A,Equipment-7056,EQ-07056,flaring,Natural Gas,3709.13,scf,2023,3
Marketing,Production,Adrar,Block 1,Equipment-7057,EQ-07057,combustion,Natural Gas,2825.86,scf,2022,12
Refining,Production,Berkine,Field A,Equipment-7058,EQ-07058,drilling,,4422.78,,2025,1
Exploration & Production,Operations,Rhourde Nouss,Area Y,Equipment-7059,EQ-07059,flaring,Diesel,7551.88,gal,2022,10
Refining,Operations,Hassi R'Mel,Area X,Equipment-7060,EQ-07060,fugitive,,6118.57,,2023,11
Exploration & Production,Logistics,Hassi Messaoud,Area Y,Equipment-7061,EQ-07061,fugitive,,5994.1,,2022,8
Exploration & Production,Production,Illizi,Block 2,Equipment-7062,EQ-07062,combustion,Propane,4433.27,gal,2024,8
Exploration & Production,Production,Berkine,Block 2,Equipment-7063,EQ-07063,combustion,Fuel Gas,36.72,gal,2024,9
Transportation,Logistics,In Salah,Field B,Equipment-7064,EQ-07064,venting,,4079.05,,2025,10
Refining,Drilling,In Salah,Field A,Equipment-7065,EQ-07065,venting,,357.0,,2022,3
Marketing,Logistics,In Salah,Area X,Equipment-7066,EQ-07066,venting,,8922.78,,2024,11
Transportation,Operations,Berkine,Field B,Equipment-7067,EQ-07067,fugitive,,8288.75,,2023,10
Refining,Drilling,Hassi R'Mel,Field A,Equipment-7068,EQ-07068,flaring,Fuel Gas,8280.02,gal,2022,11
Transportation,Logistics,Berkine,Field B,Equipment-7069,EQ-07069,venting,,1220.39,,2022,9
Transportation,Operations,Hassi R'Mel,Field B,Equipment-7070,EQ-07070,combustion,Fuel Gas,6961.66,gal,2023,11
Marketing,Operations,Illizi,Block 1,Equipment-7071,EQ-07071,venting,,9195.46,,2023,4
Transportation,Operations,Hassi R'Mel,Block 2,Equipment-7072,EQ-07072,venting,,4535.38,,2022,6
Exploration & Production,Logistics,In Salah,Block 2,Equipment-7073,EQ-07073,venting,,66.57,,2024,7
Exploration & Production,Operations,Rhourde Nouss,Block 1,Equipment-7074,EQ-07074,venting,,8902.45,,2022,2
Marketing,Drilling,Hassi Messaoud,Area Y,Equipment-7075,EQ-07075,fugitive,,4784.97,,2022,9
Refining,Logistics,Adrar,Field B,Equipment-7076,EQ-07076,venting,,7717.55,,2022,4
Transportation,Drilling,Berkine,Field A,Equipment-7077,EQ-07077,venting,,9969.07,,2023,7
Marketing,Production,Hassi Messaoud,Area Y,Equipment-7078,EQ-07078,flaring,Natural Gas,5968.8,scf,2022,4
Marketing,Drilling,Rhourde Nouss,Field B,Equipment-7079,EQ-07079,drilling,,1008.57,,2022,5
Transportation,Operations,Hassi Messaoud,Field A,Equipment-7080,EQ-07080,flaring,Fuel Gas,3431.52,gal,2022,9
Transportation,Operations,Rhourde Nouss,Block 1,Equipment-7081,EQ-07081,fugitive,,2415.97,,2022,4
Exploration & Production,Drilling,Adrar,Block 2,Equipment-7082,EQ-07082,flaring,Natural Gas,8349.79,scf,2022,4
Exploration & Production,Operations,Rhourde Nouss,Field B,Equipment-7083,EQ-07083,flaring,,8516.83,,2024,3
Refining,Drilling,Illizi,Block 1,Equipment-7084,EQ-07084,drilling,,1944.6,,2022,4
Refining,Drilling,Illizi,Field A,Equipment-7085,EQ-07085,combustion,,5808.18,,2023,7
Refining,Logistics,Hassi R'Mel,Area X,Equipment-7086,EQ-07086,drilling,,2339.45,,2023,11
Refining,Operations,Adrar,Field B,Equipment-7087,EQ-07087,combustion,Diesel,608.44,gal,2025,8
Refining,Drilling,Berkine,Area X,Equipment-7088,EQ-07088,venting,,6647.55,,2022,5
Exploration & Production,Operations,Illizi,Field A,Equipment-7089,EQ-07089,drilling,,8906.75,,2025,3
Exploration & Production,Production,Hassi R'Mel,Field A,Equipment-7090,EQ-07090,flaring,Fuel Gas,8290.13,gal,2022,11
Exploration & Production,Operations,Adrar,Block 1,Equipment-7091,EQ-07091,combustion,,5041.57,,2024,1
Marketing,Operations,Illizi,Block 1,Equipment-7092,EQ-07092,flaring,Propane,9901.73,gal,2023,12
Transportation,Production,Illizi,Field A,Equipment-7093,EQ-07093,drilling,,8403.64,,2025,1
Exploration & Production,Operations,Hassi Messaoud,Area Y,Equipment-7094,EQ-07094,fugitive,,1574.9,,2023,3
Refining,Operations,Berkine,Area X,Equipment-7095,EQ-07095,combustion,Propane,1700.36,gal,2022,10
Marketing,Drilling,Illizi,Area X,Equipment-7096,EQ-07096,flaring,Natural Gas,1909.29,scf,2022,2
Transportation,Production,Hassi R'Mel,Field A,Equipment-7097,EQ-07097,drilling,,7715.91,,2025,6
Marketing,Drilling,Adrar,Area X,Equipment-7098,EQ-07098,combustion,Fuel Gas,2607.54,gal,2024,11
Exploration & Production,Logistics,In Salah,Block 2,Equipment-7099,EQ-07099,drilling,,1445.45,,2022,12
Marketing,Logistics,Illizi,Area X,Equipment-7100,EQ-07100,fugitive,,2246.95,,2024,4
Exploration & Production,Operations,Adrar,Area X,Equipment-7101,EQ-07101,venting,,2093.04,,2023,10
Transportation,Drilling,Rhourde Nouss,Block 1,Equipment-7102,EQ-07102,combustion,Diesel,7990.14,gal,2024,2
Refining,Drilling,Illizi,Block 1,Equipment-7103,EQ-07103,flaring,Fuel Gas,9118.74,gal,2024,12
Transportation,Production,Hassi Messaoud,Field B,Equipment-7104,EQ-07104,venting,,5711.24,,2025,10
Refining,Production,In Salah,Block 2,Equipment-7105,EQ-07105,venting,,6838.08,,2022,3
Exploration & Production,Production,Hassi Messaoud,Block 2,Equipment-7106,EQ-07106,venting,,2794.06,,2025,6
Exploration & Production,Operations,Hassi Messaoud,Field B,Equipment-7107,EQ-07107,flaring,Propane,4623.3,gal,2022,1
Transportation,Drilling,Berkine,Field B,Equipment-7108,EQ-07108,fugitive,,6543.9,,2022,12
Refining,Production,Illizi,Area Y,Equipment-7109,EQ-07109,combustion,Diesel,4777.71,gal,2024,11
Refining,Operations,Adrar,Field A,Equipment-7110,EQ-07110,fugitive,,1763.64,,2022,11
Marketing,Operations,Adrar,Field A,Equipment-7111,EQ-07111,drilling,,3821.27,,2024,12
Exploration & Production,Operations,Hassi Messaoud,Block 2,Equipment-7112,EQ-07112,flaring,Diesel,7464.25,gal,2022,10
Transportation,Logistics,Rhourde Nouss,Area X,Equipment-7113,EQ-07113,flaring,,9354.78,,2025,12
Exploration & Production,Operations,Berkine,Field B,Equipment-7114,EQ-07114,combustion,Natural Gas,9850.92,scf,2025,3
Exploration & Production,Drilling,Berkine,Field A,Equipment-7115,EQ-07115,flaring,Natural Gas,84.09,scf,2023,5
Transportation,Drilling,Rhourde Nouss,Area X,Equipment-7116,EQ-07116,drilling,,3016.62,,2025,12
Marketing,Logistics,Hassi Messaoud,Area Y,Equipment-7117,EQ-07117,combustion,Natural Gas,7917.32,scf,2024,6
Transportation,Operations,Hassi Messaoud,Block 2,Equipment-7118,EQ-07118,venting,,4079.83,,2022,12
Exploration & Production,Operations,Illizi,Block 2,Equipment-7119,EQ-07119,flaring,Natural Gas,708.91,scf,2025,2
Exploration & Production,Logistics,Rhourde Nouss,Block 2,Equipment-7120,EQ-07120,fugitive,,7006.07,,2024,7
Exploration & Production,Operations,Hassi R'Mel,Block 2,Equipment-7121,EQ-07121,flaring,Diesel,9087.88,gal,2024,3
Marketing,Logistics,Rhourde Nouss,Field A,Equipment-7122,EQ-07122,venting,,7072.17,,2025,6
Transportation,Logistics,Adrar,Area Y,Equipment-7123,EQ-07123,venting,,5234.39,,2024,10
Marketing,Operations,Hassi Messaoud,Area X,Equipment-7124,EQ-07124,venting,,9649.62,,2025,5
Refining,Production,Adrar,Field B,Equipment-7125,EQ-07125,combustion,Diesel,9703.72,gal,2025,4
Refining,Operations,In Salah,Block 2,Equipment-7126,EQ-07126,drilling,,5773.96,,2022,3
Transportation,Production,Illizi,Field A,Equipment-7127,EQ-07127,drilling,,6348.19,,2024,9
Marketing,Logistics,Adrar,Block 1,Equipment-7128,EQ-07128,combustion,Fuel Gas,4506.49,gal,2025,1
Marketing,Logistics,Hassi Messaoud,Field B,Equipment-7129,EQ-07129,venting,,6801.48,,2023,5
Refining,Production,Illizi,Block 1,Equipment-7130,EQ-07130,flaring,Diesel,9050.49,gal,2022,1
Exploration & Production,Logistics,Hassi R'Mel,Block 2,Equipment-7131,EQ-07131,drilling,,4995.48,,2025,3
Marketing,Drilling,Berkine,Block 2,Equipment-7132,EQ-07132,combustion,Propane,6263.14,gal,2024,3
Marketing,Operations,Illizi,Block 2,Equipment-7133,EQ-07133,venting,,2711.24,,2024,1
Refining,Logistics,In Salah,Field A,Equipment-7134,EQ-07134,drilling,,7149.27,,2023,8
Transportation,Production,Rhourde Nouss,Block 2,Equipment-7135,EQ-07135,flaring,,4721.65,,2023,5
Refining,Drilling,Hassi R'Mel,Area X,Equipment-7136,EQ-07136,fugitive,,5331.86,,2025,7
Transportation,Drilling,Berkine,Area Y,Equipment-7137,EQ-07137,flaring,Fuel Gas,9514.65,gal,2024,6
Transportation,Drilling,Berkine,Area Y,Equipment-7138,EQ-07138,drilling,,9813.01,,2025,6
Transportation,Production,In Salah,Field B,Equipment-7139,EQ-07139,venting,,6191.41,,2025,8
Transportation,Operations,Adrar,Block 1,Equipment-7140,EQ-07140,drilling,,642.63,,2024,8
Exploration & Production,Production,Hassi R'Mel,Block 2,Equipment-7141,EQ-07141,venting,,6767.97,,2025,3
Refining,Logistics,Hassi R'Mel,Area X,Equipment-7142,EQ-07142,flaring,Fuel Gas,7224.23,gal,2025,9
Refining,Production,Rhourde Nouss,Block 2,Equipment-7143,EQ-07143,drilling,,5158.62,,2025,12
Exploration & Production,Logistics,Berkine,Block 2,Equipment-7144,EQ-07144,combustion,,3586.92,,2022,3
Exploration & Production,Production,Illizi,Block 2,Equipment-7145,EQ-07145,drilling,,3333.78,,2023,5
Refining,Operations,Berkine,Field A,Equipment-7146,EQ-07146,drilling,,1696.8,,2022,8
Marketing,Logistics,Rhourde Nouss,Field B,Equipment-7147,EQ-07147,combustion,,3840.96,,2025,9
Marketing,Logistics,Illizi,Block 2,Equipment-7148,EQ-07148,fugitive,,7927.94,,2025,12
Marketing,Logistics,Rhourde Nouss,Area X,Equipment-7149,EQ-07149,drilling,,8134.29,,2025,11
Exploration & Production,Production,Rhourde Nouss,Field A,Equipment-7150,EQ-07150,combustion,Propane,5274.11,gal,2022,7
Exploration & Production,Production,In Salah,Field A,Equipment-7151,EQ-07151,drilling,,732.67,,2022,2
Refining,Production,Rhourde Nouss,Area Y,Equipment-7152,EQ-07152,drilling,,418.61,,2023,4
Transportation,Drilling,Rhourde Nouss,Area X,Equipment-7153,EQ-07153,combustion,Fuel Gas,4035.03,gal,2025,3
Refining,Drilling,In Salah,Field B,Equipment-7154,EQ-07154,venting,,6268.86,,2022,9
Refining,Drilling,Hassi R'Mel,Field B,Equipment-7155,EQ-07155,fugitive,,4213.94,,2024,1
Transportation,Production,Hassi Messaoud,Block 2,Equipment-7156,EQ-07156,venting,,8401.04,,2023,9
Transportation,Production,Adrar,Block 1,Equipment-7157,EQ-07157,combustion,,6288.94,,2023,7
Refining,Logistics,Hassi R'Mel,Block 1,Equipment-7158,EQ-07158,combustion,Natural Gas,5834.08,scf,2022,8
Refining,Operations,Adrar,Area X,Equipment-7159,EQ-07159,drilling,,5547.7,,2025,11
Refining,Drilling,Berkine,Block 1,Equipment-7160,EQ-07160,combustion,Natural Gas,7090.22,scf,2022,12
Marketing,Operations,Adrar,Area X,Equipment-7161,EQ-07161,flaring,Natural Gas,2420.99,scf,2022,12
Marketing,Operations,Rhourde Nouss,Field B,Equipment-7162,EQ-07162,flaring,Diesel,999.86,gal,2023,8
Transportation,Drilling,Berkine,Block 2,Equipment-7163,EQ-07163,flaring,Propane,1399.82,gal,2024,4
Marketing,Drilling,Illizi,Area Y,Equipment-7164,EQ-07164,venting,,754.79,,2024,8
Exploration & Production,Drilling,Hassi R'Mel,Field B,Equipment-7165,EQ-07165,venting,,6203.52,,2023,10
Exploration & Production,Drilling,Berkine,Block 2,Equipment-7166,EQ-07166,venting,,3398.43,,2024,5
Refining,Production,Hassi Messaoud,Field B,Equipment-7167,EQ-07167,fugitive,,4973.59,,2024,5
Marketing,Operations,Adrar,Area Y,Equipment-7168,EQ-07168,combustion,Fuel Gas,2278.11,gal,2024,11
Exploration & Production,Drilling,Hassi Messaoud,Area Y,Equipment-7169,EQ-07169,fugitive,,3663.67,,2022,9
Transportation,Production,Illizi,Area Y,Equipment-7170,EQ-07170,venting,,9895.32,,2024,11
Transportation,Drilling,Hassi R'Mel,Area Y,Equipment-7171,EQ-07171,flaring,Diesel,6719.99,gal,2025,9
Transportation,Drilling,Hassi Messaoud,Block 1,Equipment-7172,EQ-07172,flaring,Diesel,7055.68,gal,2023,11
Exploration & Production,Drilling,Hassi R'Mel,Area X,Equipment-7173,EQ-07173,venting,,238.76,,2023,12
Transportation,Logistics,In Salah,Block 2,Equipment-7174,EQ-07174,venting,,6912.96,,2023,10
Exploration & Production,Logistics,Rhourde Nouss,Area Y,Equipment-7175,EQ-07175,venting,,7797.74,,2022,9
Refining,Drilling,Hassi R'Mel,Block 2,Equipment-7176,EQ-07176,flaring,Fuel Gas,5450.21,gal,2024,8
Refining,Operations,Hassi Messaoud,Block 1,Equipment-7177,EQ-07177,fugitive,,7055.77,,2022,10
Marketing,Logistics,Hassi Messaoud,Field A,Equipment-7178,EQ-07178,drilling,,5950.6,,2025,11
Transportation,Production,Hassi Messaoud,Block 1,Equipment-7179,EQ-07179,flaring,,3048.35,,2023,10
Refining,Production,Hassi R'Mel,Block 1,Equipment-7180,EQ-07180,drilling,,9175.08,,2025,7
Transportation,Drilling,Rhourde Nouss,Block 2,Equipment-7181,EQ-07181,drilling,,4475.15,,2025,5
Transportation,Drilling,Hassi Messaoud,Area X,Equipment-7182,EQ-07182,fugitive,,2419.2,,2025,5
Exploration & Production,Logistics,Adrar,Field B,Equipment-7183,EQ-07183,flaring,Natural Gas,6901.2,scf,2023,7
Refining,Drilling,Hassi Messaoud,Block 1,Equipment-7184,EQ-07184,fugitive,,5454.15,,2023,4
Marketing,Drilling,Hassi Messaoud,Area Y,Equipment-7185,EQ-07185,venting,,1929.22,,2024,3
Refining,Operations,Hassi R'Mel,Field A,Equipment-7186,EQ-07186,drilling,,7128.72,,2025,2
Exploration & Production,Drilling,Hassi R'Mel,Area X,Equipment-7187,EQ-07187,fugitive,,8604.12,,2023,6
Transportation,Production,Illizi,Block 2,Equipment-7188,EQ-07188,combustion,,7926.12,,2022,8
Exploration & Production,Logistics,Adrar,Field B,Equipment-7189,EQ-07189,flaring,Propane,2650.22,gal,2025,2
Refining,Logistics,Berkine,Area X,Equipment-7190,EQ-07190,fugitive,,4898.21,,2023,8
Marketing,Production,Rhourde Nouss,Field B,Equipment-7191,EQ-07191,drilling,,840.34,,2023,11
Exploration & Production,Logistics,In Salah,Field A,Equipment-7192,EQ-07192,venting,,6224.79,,2022,6
Refining,Production,In Salah,Area X,Equipment-7193,EQ-07193,venting,,8916.47,,2023,11
Transportation,Logistics,In Salah,Field A,Equipment-7194,EQ-07194,venting,,7006.88,,2024,12
Marketing,Operations,Rhourde Nouss,Area X,Equipment-7195,EQ-07195,fugitive,,3976.71,,2023,5
Marketing,Drilling,Hassi R'Mel,Field A,Equipment-7196,EQ-07196,fugitive,,1469.02,,2023,10
Refining,Drilling,Hassi Messaoud,Area Y,Equipment-7197,EQ-07197,fugitive,,6114.56,,2022,3
Exploration & Production,Logistics,Adrar,Block 1,Equipment-7198,EQ-07198,combustion,Diesel,7153.02,gal,2025,1
Exploration & Production,Drilling,Berkine,Area X,Equipment-7199,EQ-07199,venting,,1417.2,,2022,5
Marketing,Drilling,Hassi Messaoud,Field B,Equipment-7200,EQ-07200,drilling,,5129.51,,2022,1
Marketing,Operations,In Salah,Area Y,Equipment-7201,EQ-07201,combustion,Fuel Gas,3401.17,gal,2025,6
Exploration & Production,Production,Rhourde Nouss,Field A,Equipment-7202,EQ-07202,flaring,Diesel,6131.68,gal,2025,7
Refining,Logistics,Adrar,Area Y,Equipment-7203,EQ-07203,drilling,,7390.04,,2025,2
Exploration & Production,Drilling,Berkine,Block 1,Equipment-7204,EQ-07204,fugitive,,5481.48,,2022,1
Exploration & Production,Drilling,Berkine,Area Y,Equipment-7205,EQ-07205,combustion,Fuel Gas,1529.67,gal,2024,3
Refining,Production,In Salah,Area Y,Equipment-7206,EQ-07206,fugitive,,6460.94,,2025,1
Exploration & Production,Operations,Hassi R'Mel,Field A,Equipment-7207,EQ-07207,drilling,,1373.72,,2025,8
Refining,Logistics,Hassi Messaoud,Field B,Equipment-7208,EQ-07208,flaring,,2558.54,,2024,6
Refining,Operations,Berkine,Block 2,Equipment-7209,EQ-07209,venting,,4813.9,,2023,6
Refining,Logistics,Hassi R'Mel,Block 2,Equipment-7210,EQ-07210,drilling,,2840.57,,2024,11
Transportation,Drilling,Rhourde Nouss,Block 1,Equipment-7211,EQ-07211,drilling,,6576.31,,2023,7
Refining,Production,Hassi R'Mel,Area Y,Equipment-7212,EQ-07212,venting,,8170.61,,2022,12
Transportation,Production,Adrar,Area X,Equipment-7213,EQ-07213,fugitive,,6365.14,,2024,9
Transportation,Operations,Rhourde Nouss,Block 1,Equipment-7214,EQ-07214,combustion,Diesel,7345.32,gal,2023,7
Transportation,Logistics,Rhourde Nouss,Block 1,Equipment-7215,EQ-07215,drilling,,9982.99,,2024,12
Exploration & Production,Drilling,Rhourde Nouss,Block 1,Equipment-7216,EQ-07216,venting,,1879.32,,2022,1
Exploration & Production,Drilling,Hassi R'Mel,Block 1,Equipment-7217,EQ-07217,fugitive,,9468.85,,2023,7
Marketing,Operations,Hassi R'Mel,Field B,Equipment-7218,EQ-07218,flaring,,3975.86,,2022,2
Marketing,Production,Berkine,Area X,Equipment-7219,EQ-07219,flaring,,4882.39,,2024,4
Exploration & Production,Logistics,Berkine,Area X,Equipment-7220,EQ-07220,flaring,Natural Gas,3489.5,scf,2022,12
Transportation,Logistics,Hassi Messaoud,Field A,Equipment-7221,EQ-07221,venting,,1197.87,,2023,8
Transportation,Production,Adrar,Area Y,Equipment-7222,EQ-07222,drilling,,4671.55,,2025,3
Marketing,Production,Adrar,Field A,Equipment-7223,EQ-07223,venting,,390.95,,2025,7
Exploration & Production,Production,Hassi R'Mel,Block 1,Equipment-7224,EQ-07224,drilling,,4492.26,,2025,3
Transportation,Operations,Adrar,Field A,Equipment-7225,EQ-07225,drilling,,9228.25,,2024,7
Marketing,Logistics,Rhourde Nouss,Block 2,Equipment-7226,EQ-07226,fugitive,,9174.93,,2024,11
Exploration & Production,Drilling,Hassi Messaoud,Area X,Equipment-7227,EQ-07227,fugitive,,4558.82,,2023,12
Transportation,Drilling,Illizi,Field B,Equipment-7228,EQ-07228,combustion,Natural Gas,2542.66,scf,2024,2
Exploration & Production,Operations,Hassi Messaoud,Field A,Equipment-7229,EQ-07229,flaring,Propane,1146.86,gal,2023,8
Exploration & Production,Logistics,Rhourde Nouss,Area X,Equipment-7230,EQ-07230,fugitive,,4466.09,,2025,6
Refining,Operations,Berkine,Block 2,Equipment-7231,EQ-07231,venting,,3227.78,,2025,2
Exploration & Production,Drilling,Hassi R'Mel,Block 1,Equipment-7232,EQ-07232,venting,,8342.92,,2023,10
Exploration & Production,Operations,Hassi Messaoud,Block 2,Equipment-7233,EQ-07233,venting,,9449.11,,2024,3
Refining,Production,Adrar,Field A,Equipment-7234,EQ-07234,drilling,,8808.03,,2024,1
Refining,Production,Rhourde Nouss,Block 2,Equipment-7235,EQ-07235,fugitive,,2432.79,,2022,12
Refining,Production,In Salah,Block 2,Equipment-7236,EQ-07236,fugitive,,492.7,,2023,12
Exploration & Production,Drilling,Adrar,Field B,Equipment-7237,EQ-07237,combustion,Diesel,4262.08,gal,2022,11
Transportation,Drilling,Illizi,Block 2,Equipment-7238,EQ-07238,venting,,2204.86,,2025,8
Transportation,Logistics,In Salah,Block 2,Equipment-7239,EQ-07239,venting,,2413.76,,2024,1
Marketing,Production,Illizi,Block 1,Equipment-7240,EQ-07240,fugitive,,2788.87,,2024,9
Marketing,Drilling,In Salah,Block 2,Equipment-7241,EQ-07241,flaring,Fuel Gas,4300.66,gal,2023,2
Transportation,Drilling,In Salah,Block 1,Equipment-7242,EQ-07242,combustion,Fuel Gas,4362.16,gal,2025,12
Transportation,Production,Hassi R'Mel,Area X,Equipment-7243,EQ-07243,flaring,Fuel Gas,6350.73,gal,2022,8
Marketing,Operations,Hassi R'Mel,Field B,Equipment-7244,EQ-07244,combustion,Propane,9886.99,gal,2025,4
Refining,Production,Illizi,Field B,Equipment-7245,EQ-07245,venting,,9499.43,,2022,9
Exploration & Production,Production,Adrar,Area X,Equipment-7246,EQ-07246,drilling,,4579.06,,2023,6
Exploration & Production,Production,Illizi,Field B,Equipment-7247,EQ-07247,drilling,,163.31,,2025,11
Exploration & Production,Logistics,Rhourde Nouss,Block 2,Equipment-7248,EQ-07248,drilling,,3331.93,,2025,11
Refining,Logistics,Hassi Messaoud,Field A,Equipment-7249,EQ-07249,fugitive,,2659.07,,2024,1
Exploration & Production,Production,Berkine,Area Y,Equipment-7250,EQ-07250,venting,,4841.33,,2025,8
Refining,Logistics,Berkine,Area Y,Equipment-7251,EQ-07251,drilling,,4016.18,,2022,3
Marketing,Operations,In Salah,Block 1,Equipment-7252,EQ-07252,fugitive,,1194.91,,2025,11
Refining,Drilling,Adrar,Block 2,Equipment-7253,EQ-07253,combustion,Propane,1134.67,gal,2023,1
Transportation,Production,Hassi R'Mel,Block 2,Equipment-7254,EQ-07254,drilling,,3361.71,,2022,7
Transportation,Operations,Hassi R'Mel,Block 1,Equipment-7255,EQ-07255,flaring,,5115.42,,2022,2
Marketing,Operations,In Salah,Field B,Equipment-7256,EQ-07256,combustion,Propane,6910.69,gal,2022,12
Refining,Logistics,Berkine,Block 1,Equipment-7257,EQ-07257,venting,,1130.71,,2024,1
Exploration & Production,Drilling,In Salah,Block 1,Equipment-7258,EQ-07258,drilling,,234.17,,2025,6
Exploration & Production,Production,Adrar,Field A,Equipment-7259,EQ-07259,drilling,,4565.22,,2022,6
Exploration & Production,Drilling,Berkine,Field B,Equipment-7260,EQ-07260,venting,,8377.2,,2024,3
Marketing,Operations,Berkine,Block 2,Equipment-7261,EQ-07261,flaring,Fuel Gas,3066.91,gal,2023,2
Exploration & Production,Production,Adrar,Field A,Equipment-7262,EQ-07262,combustion,,4291.07,,2025,2
Refining,Logistics,Hassi Messaoud,Area Y,Equipment-7263,EQ-07263,fugitive,,4754.31,,2025,10
Marketing,Drilling,Adrar,Area Y,Equipment-7264,EQ-07264,venting,,840.56,,2024,9
Refining,Production,Hassi Messaoud,Field B,Equipment-7265,EQ-07265,drilling,,6567.83,,2024,4
Transportation,Logistics,Hassi R'Mel,Block 1,Equipment-7266,EQ-07266,fugitive,,5707.96,,2022,6
Transportation,Operations,Hassi Messaoud,Block 1,Equipment-7267,EQ-07267,fugitive,,9523.43,,2025,3
Refining,Drilling,In Salah,Area X,Equipment-7268,EQ-07268,venting,,1705.59,,2024,4
Refining,Operations,Hassi Messaoud,Area X,Equipment-7269,EQ-07269,flaring,Diesel,2513.02,gal,2023,12
Refining,Logistics,Rhourde Nouss,Block 2,Equipment-7270,EQ-07270,flaring,Natural Gas,6119.01,scf,2025,1
Refining,Drilling,Hassi Messaoud,Field B,Equipment-7271,EQ-07271,drilling,,1279.88,,2025,10
Refining,Drilling,Rhourde Nouss,Field A,Equipment-7272,EQ-07272,fugitive,,3971.29,,2025,3
Marketing,Drilling,In Salah,Field A,Equipment-7273,EQ-07273,drilling,,7921.09,,2025,3
Transportation,Production,Berkine,Area X,Equipment-7274,EQ-07274,venting,,2752.14,,2023,3
Marketing,Drilling,Adrar,Area Y,Equipment-7275,EQ-07275,combustion,Fuel Gas,1289.27,gal,2025,4
Marketing,Production,Hassi Messaoud,Area X,Equipment-7276,EQ-07276,combustion,Propane,8380.89,gal,2025,9
Refining,Operations,Illizi,Block 2,Equipment-7277,EQ-07277,drilling,,3021.93,,2022,6
Exploration & Production,Operations,Rhourde Nouss,Block 2,Equipment-7278,EQ-07278,flaring,Propane,9803.77,gal,2025,4
Transportation,Logistics,Hassi R'Mel,Block 1,Equipment-7279,EQ-07279,venting,,2227.27,,2025,12
Refining,Drilling,Hassi R'Mel,Block 1,Equipment-7280,EQ-07280,combustion,Natural Gas,4189.58,scf,2025,5
Transportation,Operations,Illizi,Area Y,Equipment-7281,EQ-07281,combustion,Natural Gas,1504.81,scf,2024,6
Refining,Operations,Hassi R'Mel,Area Y,Equipment-7282,EQ-07282,fugitive,,3758.92,,2023,10
Exploration & Production,Drilling,Adrar,Block 2,Equipment-7283,EQ-07283,venting,,133.19,,2025,5
Refining,Production,Adrar,Block 2,Equipment-7284,EQ-07284,drilling,,7895.96,,2024,7
Transportation,Production,In Salah,Field B,Equipment-7285,EQ-07285,combustion,Propane,159.41,gal,2025,2
Marketing,Operations,Illizi,Field A,Equipment-7286,EQ-07286,flaring,Fuel Gas,5925.86,gal,2023,11
Exploration & Production,Operations,In Salah,Block 1,Equipment-7287,EQ-07287,flaring,Propane,2027.48,gal,2022,11
Marketing,Drilling,Berkine,Field B,Equipment-7288,EQ-07288,venting,,5135.65,,2024,1
Exploration & Production,Production,Rhourde Nouss,Area Y,Equipment-7289,EQ-07289,flaring,Natural Gas,1978.22,scf,2025,9
Exploration & Production,Logistics,Adrar,Block 1,Equipment-7290,EQ-07290,drilling,,6549.27,,2022,3
Marketing,Operations,Hassi Messaoud,Block 1,Equipment-7291,EQ-07291,drilling,,7274.14,,2024,2
Marketing,Logistics,Illizi,Area Y,Equipment-7292,EQ-07292,venting,,5478.36,,2023,10
Exploration & Production,Production,Illizi,Block 2,Equipment-7293,EQ-07293,combustion,Diesel,1079.23,gal,2022,11
Marketing,Production,In Salah,Area X,Equipment-7294,EQ-07294,combustion,Diesel,6232.46,gal,2022,6
Refining,Operations,Hassi Messaoud,Block 1,Equipment-7295,EQ-07295,combustion,,3380.66,,2022,9
Transportation,Operations,Rhourde Nouss,Block 2,Equipment-7296,EQ-07296,flaring,Natural Gas,8866.16,scf,2022,8
Marketing,Operations,Adrar,Area Y,Equipment-7297,EQ-07297,venting,,7545.94,,2024,8
Exploration & Production,Drilling,In Salah,Area Y,Equipment-7298,EQ-07298,combustion,Propane,104.86,gal,2023,4
Marketing,Drilling,Hassi Messaoud,Block 1,Equipment-7299,EQ-07299,drilling,,6342.59,,2023,11
Marketing,Logistics,Berkine,Field B,Equipment-7300,EQ-07300,flaring,Natural Gas,9122.98,scf,2025,1
Marketing,Drilling,Hassi R'Mel,Field A,Equipment-7301,EQ-07301,fugitive,,1982.12,,2023,7
Marketing,Production,Adrar,Block 1,Equipment-7302,EQ-07302,venting,,5025.27,,2024,1
Refining,Drilling,Hassi R'Mel,Block 1,Equipment-7303,EQ-07303,drilling,,7306.12,,2025,1
Marketing,Operations,Illizi,Area Y,Equipment-7304,EQ-07304,fugitive,,485.89,,2022,8
Refining,Production,Berkine,Field A,Equipment-7305,EQ-07305,venting,,4944.38,,2022,5
Refining,Production,Rhourde Nouss,Field A,Equipment-7306,EQ-07306,drilling,,5512.55,,2025,6
Exploration & Production,Operations,Hassi Messaoud,Field B,Equipment-7307,EQ-07307,combustion,Natural Gas,8806.82,scf,2025,2
Transportation,Drilling,Hassi R'Mel,Field A,Equipment-7308,EQ-07308,venting,,3033.34,,2023,2
Exploration & Production,Drilling,Rhourde Nouss,Block 2,Equipment-7309,EQ-07309,fugitive,,2773.89,,2024,4
Transportation,Production,Hassi R'Mel,Block 2,Equipment-7310,EQ-07310,fugitive,,2117.65,,2024,6
Refining,Production,Hassi R'Mel,Block 2,Equipment-7311,EQ-07311,drilling,,3818.29,,2022,12
Transportation,Production,Illizi,Block 2,Equipment-7312,EQ-07312,flaring,Propane,702.3,gal,2025,11
Transportation,Logistics,Berkine,Field A,Equipment-7313,EQ-07313,drilling,,6742.53,,2023,3
Refining,Production,Illizi,Area Y,Equipment-7314,EQ-07314,flaring,Fuel Gas,9785.02,gal,2023,2
Refining,Operations,Hassi R'Mel,Area Y,Equipment-7315,EQ-07315,fugitive,,6864.13,,2024,1
Refining,Production,Illizi,Area X,Equipment-7316,EQ-07316,combustion,Propane,3863.55,gal,2025,3
Exploration & Production,Production,Adrar,Area Y,Equipment-7317,EQ-07317,combustion,Natural Gas,950.8,scf,2024,6
Exploration & Production,Logistics,Illizi,Field B,Equipment-7318,EQ-07318,fugitive,,7130.58,,2023,5
Exploration & Production,Drilling,Berkine,Field A,Equipment-7319,EQ-07319,venting,,7244.73,,2024,8
Transportation,Production,Hassi Messaoud,Block 2,Equipment-7320,EQ-07320,combustion,Diesel,5526.67,gal,2023,4
Marketing,Operations,In Salah,Block 1,Equipment-7321,EQ-07321,combustion,Natural Gas,2956.5,scf,2023,2
Refining,Production,Rhourde Nouss,Block 1,Equipment-7322,EQ-07322,combustion,,275.31,,2022,11
Transportation,Production,In Salah,Field A,Equipment-7323,EQ-07323,drilling,,9510.77,,2022,5
Refining,Logistics,Illizi,Area Y,Equipment-7324,EQ-07324,drilling,,6620.14,,2022,8
Refining,Drilling,Hassi R'Mel,Area Y,Equipment-7325,EQ-07325,flaring,Propane,4264.19,gal,2023,6
Refining,Drilling,Hassi Messaoud,Block 1,Equipment-7326,EQ-07326,venting,,4303.38,,2025,8
Marketing,Logistics,Hassi R'Mel,Field B,Equipment-7327,EQ-07327,flaring,Diesel,1029.8,gal,2024,1
Refining,Logistics,Illizi,Area Y,Equipment-7328,EQ-07328,fugitive,,1874.02,,2024,1
Marketing,Drilling,Hassi R'Mel,Area X,Equipment-7329,EQ-07329,venting,,4005.57,,2023,2
Marketing,Production,Adrar,Field A,Equipment-7330,EQ-07330,drilling,,3104.18,,2025,9
Refining,Operations,In Salah,Area X,Equipment-7331,EQ-07331,combustion,Diesel,7280.65,gal,2022,6
Exploration & Production,Operations,Adrar,Field B,Equipment-7332,EQ-07332,flaring,,3868.23,,2024,10
Refining,Logistics,Hassi R'Mel,Area Y,Equipment-7333,EQ-07333,fugitive,,6185.16,,2022,1
Transportation,Production,Berkine,Area X,Equipment-7334,EQ-07334,flaring,Natural Gas,8907.0,scf,2024,5
Marketing,Production,Illizi,Block 1,Equipment-7335,EQ-07335,venting,,5826.16,,2022,3
Marketing,Production,In Salah,Field A,Equipment-7336,EQ-07336,venting,,9441.18,,2024,4
Exploration & Production,Production,Hassi Messaoud,Area Y,Equipment-7337,EQ-07337,fugitive,,921.63,,2023,7
Transportation,Operations,Adrar,Field B,Equipment-7338,EQ-07338,combustion,Fuel Gas,3795.96,gal,2025,4
Refining,Logistics,Adrar,Block 1,Equipment-7339,EQ-07339,flaring,Fuel Gas,6124.71,gal,2022,8
Marketing,Production,Hassi Messaoud,Block 2,Equipment-7340,EQ-07340,drilling,,4022.99,,2023,6
Refining,Operations,Hassi R'Mel,Field A,Equipment-7341,EQ-07341,combustion,Propane,7538.32,gal,2025,5
Refining,Production,Hassi Messaoud,Block 2,Equipment-7342,EQ-07342,venting,,115.21,,2024,7
Exploration & Production,Operations,Illizi,Field B,Equipment-7343,EQ-07343,venting,,5684.59,,2024,3
Refining,Logistics,Rhourde Nouss,Area X,Equipment-7344,EQ-07344,venting,,3604.46,,2025,9
Refining,Drilling,Illizi,Area Y,Equipment-7345,EQ-07345,venting,,3842.66,,2024,9
Refining,Production,Adrar,Block 1,Equipment-7346,EQ-07346,drilling,,8363.78,,2023,7
Marketing,Drilling,In Salah,Area X,Equipment-7347,EQ-07347,flaring,Natural Gas,2953.67,scf,2022,4
Marketing,Drilling,In Salah,Block 2,Equipment-7348,EQ-07348,fugitive,,1692.99,,2025,2
Transportation,Operations,Illizi,Field A,Equipment-7349,EQ-07349,fugitive,,7394.93,,2024,8
Exploration & Production,Logistics,Berkine,Area X,Equipment-7350,EQ-07350,combustion,Fuel Gas,1684.18,gal,2024,5
Exploration & Production,Drilling,Adrar,Field B,Equipment-7351,EQ-07351,combustion,Fuel Gas,2764.88,gal,2022,3
Marketing,Production,Adrar,Area Y,Equipment-7352,EQ-07352,combustion,,2129.63,,2022,4
Refining,Operations,Adrar,Area X,Equipment-7353,EQ-07353,drilling,,9274.88,,2025,1
Marketing,Drilling,Hassi R'Mel,Area X,Equipment-7354,EQ-07354,venting,,588.69,,2022,6
Marketing,Operations,Hassi Messaoud,Field A,Equipment-7355,EQ-07355,combustion,,6143.61,,2025,2
Marketing,Production,In Salah,Block 2,Equipment-7356,EQ-07356,fugitive,,6850.75,,2025,7
Exploration & Production,Drilling,Adrar,Field A,Equipment-7357,EQ-07357,venting,,8758.78,,2024,7
Marketing,Production,Rhourde Nouss,Block 2,Equipment-7358,EQ-07358,fugitive,,8662.68,,2025,12
Refining,Production,Hassi R'Mel,Block 1,Equipment-7359,EQ-07359,fugitive,,4517.38,,2022,12
Transportation,Production,Adrar,Field A,Equipment-7360,EQ-07360,venting,,3188.62,,2022,5
Refining,Drilling,Adrar,Block 2,Equipment-7361,EQ-07361,venting,,8063.27,,2023,5
Transportation,Drilling,Illizi,Field A,Equipment-7362,EQ-07362,fugitive,,7297.83,,2023,7
Refining,Operations,Hassi Messaoud,Area X,Equipment-7363,EQ-07363,drilling,,9596.03,,2022,4
Refining,Logistics,Berkine,Area X,Equipment-7364,EQ-07364,fugitive,,714.05,,2022,7
Exploration & Production,Logistics,In Salah,Field B,Equipment-7365,EQ-07365,drilling,,9644.97,,2024,2
Exploration & Production,Drilling,Hassi R'Mel,Area X,Equipment-7366,EQ-07366,flaring,Diesel,590.85,gal,2025,8
Marketing,Logistics,Hassi Messaoud,Field B,Equipment-7367,EQ-07367,combustion,,1743.68,,2022,5
Refining,Drilling,Illizi,Field A,Equipment-7368,EQ-07368,fugitive,,7588.96,,2022,1
Marketing,Production,Illizi,Field A,Equipment-7369,EQ-07369,combustion,Diesel,3414.44,gal,2025,3
Exploration & Production,Logistics,Hassi R'Mel,Area X,Equipment-7370,EQ-07370,combustion,Diesel,1401.85,gal,2023,2
Exploration & Production,Logistics,Rhourde Nouss,Block 1,Equipment-7371,EQ-07371,fugitive,,2617.57,,2022,1
Marketing,Production,Berkine,Field B,Equipment-7372,EQ-07372,flaring,Diesel,4766.32,gal,2022,9
Transportation,Operations,Rhourde Nouss,Area Y,Equipment-7373,EQ-07373,fugitive,,4761.77,,2023,7
Marketing,Drilling,Illizi,Area X,Equipment-7374,EQ-07374,fugitive,,7435.67,,2025,3
Refining,Drilling,Illizi,Area Y,Equipment-7375,EQ-07375,combustion,Diesel,5265.52,gal,2023,5
Refining,Logistics,In Salah,Block 1,Equipment-7376,EQ-07376,venting,,6586.28,,2022,10
Marketing,Logistics,Illizi,Area X,Equipment-7377,EQ-07377,flaring,Fuel Gas,6373.06,gal,2025,7
Marketing,Operations,Rhourde Nouss,Field A,Equipment-7378,EQ-07378,flaring,Natural Gas,1508.53,scf,2025,1
Exploration & Production,Drilling,Berkine,Field B,Equipment-7379,EQ-07379,drilling,,3978.73,,2023,11
Transportation,Logistics,Illizi,Area X,Equipment-7380,EQ-07380,fugitive,,9425.04,,2024,6
Marketing,Drilling,In Salah,Block 2,Equipment-7381,EQ-07381,venting,,5066.1,,2025,5
Transportation,Drilling,Berkine,Area X,Equipment-7382,EQ-07382,flaring,Fuel Gas,3073.16,gal,2023,9
Transportation,Operations,Hassi R'Mel,Field A,Equipment-7383,EQ-07383,flaring,Natural Gas,3235.24,scf,2025,5
Transportation,Production,Adrar,Area Y,Equipment-7384,EQ-07384,venting,,5081.62,,2023,6
Transportation,Logistics,Rhourde Nouss,Block 2,Equipment-7385,EQ-07385,fugitive,,4328.52,,2023,3
Refining,Logistics,In Salah,Field B,Equipment-7386,EQ-07386,combustion,Diesel,1682.16,gal,2025,10
Exploration & Production,Drilling,Hassi Messaoud,Field A,Equipment-7387,EQ-07387,fugitive,,5681.95,,2025,12
Exploration & Production,Operations,Berkine,Area X,Equipment-7388,EQ-07388,combustion,Propane,5133.17,gal,2023,7
Transportation,Production,Rhourde Nouss,Block 2,Equipment-7389,EQ-07389,drilling,,6245.6,,2024,9
Exploration & Production,Production,Adrar,Area Y,Equipment-7390,EQ-07390,drilling,,8769.69,,2024,12
Transportation,Operations,In Salah,Field B,Equipment-7391,EQ-07391,drilling,,9314.43,,2025,9
Exploration & Production,Production,Hassi R'Mel,Block 2,Equipment-7392,EQ-07392,fugitive,,9978.15,,2025,4
Exploration & Production,Drilling,In Salah,Field B,Equipment-7393,EQ-07393,flaring,Propane,2104.65,gal,2022,12
Transportation,Operations,Adrar,Field A,Equipment-7394,EQ-07394,drilling,,8508.25,,2024,5
Exploration & Production,Logistics,Hassi R'Mel,Area Y,Equipment-7395,EQ-07395,drilling,,5281.2,,2022,9
Exploration & Production,Production,Berkine,Block 2,Equipment-7396,EQ-07396,drilling,,7231.17,,2025,1
Refining,Drilling,Illizi,Area X,Equipment-7397,EQ-07397,venting,,8673.36,,2024,3
Marketing,Logistics,Berkine,Block 1,Equipment-7398,EQ-07398,venting,,7024.87,,2023,10
Refining,Drilling,Rhourde Nouss,Block 1,Equipment-7399,EQ-07399,drilling,,911.73,,2024,9
Marketing,Logistics,Hassi R'Mel,Block 2,Equipment-7400,EQ-07400,fugitive,,6984.29,,2023,11
Refining,Drilling,Hassi Messaoud,Area Y,Equipment-7401,EQ-07401,combustion,Diesel,3193.03,gal,2025,2
Refining,Production,Illizi,Area X,Equipment-7402,EQ-07402,flaring,,1299.36,,2022,11
Exploration & Production,Drilling,Rhourde Nouss,Field B,Equipment-7403,EQ-07403,flaring,,9816.86,,2025,5
Exploration & Production,Drilling,In Salah,Area X,Equipment-7404,EQ-07404,combustion,Fuel Gas,2586.87,gal,2023,3
Refining,Drilling,Hassi Messaoud,Field B,Equipment-7405,EQ-07405,drilling,,2925.77,,2025,12
Marketing,Logistics,In Salah,Area X,Equipment-7406,EQ-07406,venting,,4717.2,,2022,3
Marketing,Logistics,Berkine,Block 1,Equipment-7407,EQ-07407,fugitive,,2695.77,,2025,2
Exploration & Production,Logistics,Hassi R'Mel,Block 1,Equipment-7408,EQ-07408,flaring,Diesel,2247.95,gal,2022,4
Exploration & Production,Drilling,Hassi R'Mel,Field B,Equipment-7409,EQ-07409,fugitive,,4418.72,,2024,4
Marketing,Operations,Hassi Messaoud,Area X,Equipment-7410,EQ-07410,flaring,Diesel,3738.39,gal,2022,3
Transportation,Operations,Rhourde Nouss,Block 2,Equipment-7411,EQ-07411,fugitive,,4709.25,,2024,8
Refining,Drilling,Adrar,Area Y,Equipment-7412,EQ-07412,combustion,Fuel Gas,1235.47,gal,2023,12
Exploration & Production,Drilling,Hassi R'Mel,Area Y,Equipment-7413,EQ-07413,drilling,,395.83,,2025,3
Transportation,Production,Adrar,Field A,Equipment-7414,EQ-07414,drilling,,4566.77,,2023,10
Transportation,Operations,Berkine,Block 2,Equipment-7415,EQ-07415,venting,,9801.83,,2025,6
Refining,Production,Berkine,Field A,Equipment-7416,EQ-07416,combustion,Fuel Gas,3286.08,gal,2022,2
Transportation,Drilling,In Salah,Block 2,Equipment-7417,EQ-07417,venting,,427.89,,2023,8
Transportation,Logistics,Hassi Messaoud,Block 2,Equipment-7418,EQ-07418,fugitive,,1842.15,,2025,10
Refining,Production,In Salah,Area X,Equipment-7419,EQ-07419,combustion,Fuel Gas,6344.21,gal,2022,4
Refining,Logistics,Berkine,Block 2,Equipment-7420,EQ-07420,fugitive,,8182.35,,2025,4
Exploration & Production,Logistics,Berkine,Field B,Equipment-7421,EQ-07421,combustion,Natural Gas,1266.56,scf,2025,7
Exploration & Production,Operations,Illizi,Area X,Equipment-7422,EQ-07422,flaring,Natural Gas,5581.63,scf,2023,9
Marketing,Logistics,Adrar,Field A,Equipment-7423,EQ-07423,fugitive,,4259.37,,2025,12
Transportation,Production,Rhourde Nouss,Field A,Equipment-7424,EQ-07424,drilling,,5356.59,,2022,8
Exploration & Production,Operations,Hassi R'Mel,Block 2,Equipment-7425,EQ-07425,flaring,Fuel Gas,4764.07,gal,2025,3
Exploration & Production,Production,Illizi,Block 2,Equipment-7426,EQ-07426,flaring,Propane,1346.17,gal,2022,12
Exploration & Production,Production,Illizi,Area Y,Equipment-7427,EQ-07427,venting,,8841.16,,2022,11
Exploration & Production,Logistics,Adrar,Area X,Equipment-7428,EQ-07428,venting,,3742.45,,2023,4
Transportation,Operations,In Salah,Block 2,Equipment-7429,EQ-07429,combustion,Diesel,7305.2,gal,2025,10
Marketing,Production,Hassi R'Mel,Area Y,Equipment-7430,EQ-07430,flaring,Diesel,6843.79,gal,2022,5
Refining,Drilling,Rhourde Nouss,Area X,Equipment-7431,EQ-07431,flaring,Propane,7743.95,gal,2023,8
Refining,Logistics,Hassi R'Mel,Area Y,Equipment-7432,EQ-07432,venting,,2529.6,,2025,4
Exploration & Production,Drilling,Hassi Messaoud,Field A,Equipment-7433,EQ-07433,venting,,6845.14,,2025,6
Transportation,Operations,Adrar,Field B,Equipment-7434,EQ-07434,combustion,Natural Gas,9282.27,scf,2022,5
Exploration & Production,Drilling,Berkine,Field B,Equipment-7435,EQ-07435,drilling,,5886.6,,2023,4
Exploration & Production,Logistics,In Salah,Field B,Equipment-7436,EQ-07436,flaring,Natural Gas,7953.87,scf,2022,3
Exploration & Production,Logistics,Hassi Messaoud,Area Y,Equipment-7437,EQ-07437,fugitive,,2220.72,,2023,10
Marketing,Operations,Adrar,Area Y,Equipment-7438,EQ-07438,venting,,9729.02,,2023,4
Refining,Logistics,Berkine,Area X,Equipment-7439,EQ-07439,venting,,6587.24,,2022,2
Exploration & Production,Operations,Berkine,Field A,Equipment-7440,EQ-07440,drilling,,1325.44,,2023,4
Exploration & Production,Production,Berkine,Area Y,Equipment-7441,EQ-07441,flaring,Propane,4308.39,gal,2023,5
Exploration & Production,Operations,Illizi,Block 2,Equipment-7442,EQ-07442,fugitive,,6988.17,,2025,8
Transportation,Drilling,In Salah,Block 2,Equipment-7443,EQ-07443,combustion,Propane,5976.15,gal,2022,11
Marketing,Drilling,Hassi R'Mel,Block 2,Equipment-7444,EQ-07444,flaring,Natural Gas,5759.31,scf,2022,5
Marketing,Production,In Salah,Area Y,Equipment-7445,EQ-07445,fugitive,,2522.24,,2023,12
Marketing,Operations,Hassi R'Mel,Field A,Equipment-7446,EQ-07446,drilling,,6714.82,,2023,7
Transportation,Production,Illizi,Area X,Equipment-7447,EQ-07447,combustion,Natural Gas,2622.97,scf,2023,5
Transportation,Operations,Adrar,Block 1,Equipment-7448,EQ-07448,flaring,Fuel Gas,7008.63,gal,2023,4
Marketing,Operations,Hassi R'Mel,Field B,Equipment-7449,EQ-07449,fugitive,,3250.13,,2023,2
Marketing,Production,Rhourde Nouss,Field A,Equipment-7450,EQ-07450,fugitive,,683.46,,2023,5
Transportation,Operations,In Salah,Block 1,Equipment-7451,EQ-07451,combustion,Natural Gas,4412.45,scf,2024,8
Marketing,Logistics,Hassi Messaoud,Field A,Equipment-7452,EQ-07452,flaring,Propane,947.6,gal,2023,1
Transportation,Production,Hassi Messaoud,Field B,Equipment-7453,EQ-07453,flaring,,6877.37,,2024,9
Exploration & Production,Logistics,Adrar,Field A,Equipment-7454,EQ-07454,venting,,6629.09,,2025,5
Marketing,Drilling,Hassi R'Mel,Area Y,Equipment-7455,EQ-07455,flaring,Fuel Gas,1186.71,gal,2025,12
Refining,Logistics,Hassi Messaoud,Field B,Equipment-7456,EQ-07456,combustion,Diesel,2920.55,gal,2022,11
Marketing,Production,Adrar,Field A,Equipment-7457,EQ-07457,drilling,,8969.19,,2022,5
Refining,Operations,Adrar,Block 1,Equipment-7458,EQ-07458,fugitive,,3258.82,,2024,9
Transportation,Drilling,Hassi R'Mel,Field B,Equipment-7459,EQ-07459,fugitive,,7080.35,,2023,4
Marketing,Operations,Hassi Messaoud,Block 2,Equipment-7460,EQ-07460,fugitive,,1570.82,,2023,12
Exploration & Production,Logistics,Rhourde Nouss,Block 1,Equipment-7461,EQ-07461,venting,,205.68,,2025,12
Refining,Production,Hassi R'Mel,Field A,Equipment-7462,EQ-07462,fugitive,,7071.42,,2024,9
Transportation,Logistics,Hassi R'Mel,Area Y,Equipment-7463,EQ-07463,fugitive,,2592.06,,2022,7
Marketing,Production,Hassi Messaoud,Area X,Equipment-7464,EQ-07464,combustion,Fuel Gas,4563.02,gal,2025,3
Exploration & Production,Drilling,Hassi R'Mel,Block 2,Equipment-7465,EQ-07465,fugitive,,3368.37,,2022,9
Marketing,Logistics,In Salah,Field A,Equipment-7466,EQ-07466,flaring,Natural Gas,3606.63,scf,2023,12
Refining,Logistics,Rhourde Nouss,Field B,Equipment-7467,EQ-07467,venting,,6554.62,,2025,10
Marketing,Logistics,Adrar,Field B,Equipment-7468,EQ-07468,venting,,4625.69,,2025,9
Refining,Logistics,Rhourde Nouss,Block 2,Equipment-7469,EQ-07469,flaring,Fuel Gas,116.48,gal,2024,2
Refining,Operations,Illizi,Field B,Equipment-7470,EQ-07470,combustion,Propane,2336.41,gal,2022,11
Transportation,Production,Rhourde Nouss,Block 1,Equipment-7471,EQ-07471,drilling,,104.76,,2023,2
Exploration & Production,Production,Illizi,Block 1,Equipment-7472,EQ-07472,fugitive,,3969.48,,2023,5
Transportation,Operations,Hassi R'Mel,Field B,Equipment-7473,EQ-07473,flaring,Fuel Gas,8776.92,gal,2024,1
Transportation,Operations,Adrar,Field B,Equipment-7474,EQ-07474,fugitive,,8194.0,,2025,12
Transportation,Logistics,In Salah,Field A,Equipment-7475,EQ-07475,fugitive,,9297.41,,2024,1
Marketing,Production,Berkine,Area Y,Equipment-7476,EQ-07476,venting,,8649.88,,2022,12
Marketing,Logistics,Adrar,Area X,Equipment-7477,EQ-07477,combustion,Natural Gas,3724.43,scf,2024,3
Transportation,Logistics,Hassi R'Mel,Block 2,Equipment-7478,EQ-07478,fugitive,,7098.94,,2023,6
Exploration & Production,Drilling,Berkine,Field A,Equipment-7479,EQ-07479,fugitive,,1259.37,,2024,5
Transportation,Operations,Illizi,Area X,Equipment-7480,EQ-07480,fugitive,,8799.25,,2025,11
Refining,Logistics,Berkine,Field A,Equipment-7481,EQ-07481,fugitive,,8101.95,,2023,8
Marketing,Drilling,Adrar,Block 1,Equipment-7482,EQ-07482,venting,,6437.05,,2025,12
Exploration & Production,Operations,Rhourde Nouss,Area Y,Equipment-7483,EQ-07483,combustion,Natural Gas,6735.69,scf,2022,5
Transportation,Operations,Illizi,Field A,Equipment-7484,EQ-07484,venting,,818.69,,2023,6
Exploration & Production,Operations,Illizi,Block 1,Equipment-7485,EQ-07485,flaring,Propane,4960.46,gal,2024,3
Refining,Operations,Hassi R'Mel,Field A,Equipment-7486,EQ-07486,flaring,,1679.05,,2025,11
Exploration & Production,Logistics,Hassi Messaoud,Field B,Equipment-7487,EQ-07487,drilling,,1761.56,,2025,5
Marketing,Drilling,In Salah,Field A,Equipment-7488,EQ-07488,venting,,5189.69,,2022,4
Transportation,Production,Hassi R'Mel,Block 1,Equipment-7489,EQ-07489,venting,,9420.65,,2023,5
Exploration & Production,Drilling,Rhourde Nouss,Block 1,Equipment-7490,EQ-07490,drilling,,1655.6,,2023,3
Exploration & Production,Drilling,In Salah,Field A,Equipment-7491,EQ-07491,flaring,Fuel Gas,8942.61,gal,2023,4
Transportation,Drilling,In Salah,Block 2,Equipment-7492,EQ-07492,combustion,Fuel Gas,7000.92,gal,2024,3
Refining,Production,Rhourde Nouss,Block 2,Equipment-7493,EQ-07493,venting,,4957.39,,2023,8
Marketing,Drilling,Illizi,Field B,Equipment-7494,EQ-07494,drilling,,6429.54,,2022,6
Exploration & Production,Logistics,In Salah,Block 2,Equipment-7495,EQ-07495,drilling,,3944.39,,2024,10
Exploration & Production,Logistics,Hassi R'Mel,Area Y,Equipment-7496,EQ-07496,drilling,,9290.79,,2025,1
Transportation,Operations,In Salah,Block 2,Equipment-7497,EQ-07497,fugitive,,9461.03,,2025,7
Refining,Drilling,Hassi R'Mel,Block 1,Equipment-7498,EQ-07498,flaring,Diesel,1923.18,gal,2025,2
Marketing,Drilling,Berkine,Field B,Equipment-7499,EQ-07499,drilling,,958.67,,2025,2
Marketing,Logistics,Hassi Messaoud,Area Y,Equipment-7500,EQ-07500,combustion,Fuel Gas,5483.2,gal,2025,10
Marketing,Logistics,Hassi R'Mel,Block 1,Equipment-7501,EQ-07501,drilling,,2040.49,,2025,9
Transportation,Drilling,Adrar,Block 2,Equipment-7502,EQ-07502,drilling,,7602.47,,2024,11
Marketing,Production,In Salah,Field A,Equipment-7503,EQ-07503,venting,,386.61,,2025,3
Marketing,Production,Hassi Messaoud,Block 2,Equipment-7504,EQ-07504,flaring,Diesel,3859.02,gal,2022,4
Exploration & Production,Drilling,Adrar,Block 1,Equipment-7505,EQ-07505,venting,,9330.4,,2022,7
Refining,Operations,Adrar,Area Y,Equipment-7506,EQ-07506,combustion,Diesel,447.91,gal,2024,3
Transportation,Production,Adrar,Field A,Equipment-7507,EQ-07507,drilling,,3550.92,,2023,9
Exploration & Production,Drilling,Adrar,Area Y,Equipment-7508,EQ-07508,combustion,Propane,9836.95,gal,2024,6
Marketing,Logistics,Berkine,Field A,Equipment-7509,EQ-07509,fugitive,,7228.09,,2023,8
Refining,Logistics,Adrar,Area X,Equipment-7510,EQ-07510,fugitive,,8339.89,,2023,7
Refining,Operations,Hassi Messaoud,Field B,Equipment-7511,EQ-07511,fugitive,,4722.12,,2024,11
Exploration & Production,Logistics,Berkine,Field A,Equipment-7512,EQ-07512,drilling,,1555.76,,2025,9
Refining,Operations,Berkine,Area Y,Equipment-7513,EQ-07513,fugitive,,8773.06,,2023,10
Exploration & Production,Operations,Illizi,Block 1,Equipment-7514,EQ-07514,fugitive,,4423.28,,2025,10
Refining,Production,Illizi,Block 1,Equipment-7515,EQ-07515,flaring,Fuel Gas,8398.28,gal,2022,11
Exploration & Production,Operations,Rhourde Nouss,Block 2,Equipment-7516,EQ-07516,combustion,Diesel,4275.45,gal,2025,3
Marketing,Operations,In Salah,Block 2,Equipment-7517,EQ-07517,drilling,,3537.89,,2023,5
Refining,Production,In Salah,Block 1,Equipment-7518,EQ-07518,drilling,,5072.62,,2022,3
Transportation,Production,Hassi Messaoud,Field A,Equipment-7519,EQ-07519,combustion,,4110.86,,2023,5
Marketing,Logistics,Adrar,Block 1,Equipment-7520,EQ-07520,flaring,,6175.09,,2022,11
Refining,Operations,In Salah,Field B,Equipment-7521,EQ-07521,fugitive,,5584.45,,2024,6
Exploration & Production,Production,Rhourde Nouss,Block 2,Equipment-7522,EQ-07522,drilling,,9678.87,,2023,9
Transportation,Production,Adrar,Field B,Equipment-7523,EQ-07523,venting,,8376.7,,2022,5
Exploration & Production,Logistics,In Salah,Field A,Equipment-7524,EQ-07524,drilling,,8015.98,,2022,2
Transportation,Production,Berkine,Block 2,Equipment-7525,EQ-07525,drilling,,6020.7,,2024,12
Marketing,Operations,Berkine,Area Y,Equipment-7526,EQ-07526,fugitive,,2551.14,,2022,1
Refining,Logistics,In Salah,Block 2,Equipment-7527,EQ-07527,drilling,,4272.49,,2025,4
Exploration & Production,Drilling,Berkine,Field B,Equipment-7528,EQ-07528,combustion,Natural Gas,6964.33,scf,2024,2
Exploration & Production,Production,Rhourde Nouss,Area Y,Equipment-7529,EQ-07529,combustion,Propane,6365.95,gal,2025,7
Refining,Drilling,Adrar,Area X,Equipment-7530,EQ-07530,venting,,6295.91,,2025,6
Marketing,Logistics,Illizi,Block 2,Equipment-7531,EQ-07531,drilling,,1521.46,,2022,5
Exploration & Production,Drilling,Illizi,Area Y,Equipment-7532,EQ-07532,fugitive,,9788.94,,2024,8
Exploration & Production,Drilling,Adrar,Area X,Equipment-7533,EQ-07533,fugitive,,9640.09,,2022,4
Marketing,Operations,Hassi Messaoud,Area X,Equipment-7534,EQ-07534,combustion,Fuel Gas,5408.35,gal,2025,8
Marketing,Operations,Berkine,Field A,Equipment-7535,EQ-07535,combustion,Diesel,6393.03,gal,2023,11
Transportation,Logistics,Berkine,Area Y,Equipment-7536,EQ-07536,flaring,Propane,8803.41,gal,2025,10
Refining,Production,In Salah,Area X,Equipment-7537,EQ-07537,fugitive,,2110.16,,2023,2
Transportation,Logistics,Rhourde Nouss,Field A,Equipment-7538,EQ-07538,flaring,Fuel Gas,4394.88,gal,2022,7
Refining,Drilling,Hassi R'Mel,Area Y,Equipment-7539,EQ-07539,flaring,,4433.72,,2024,2
Exploration & Production,Logistics,Illizi,Block 2,Equipment-7540,EQ-07540,drilling,,6718.95,,2024,3
Refining,Drilling,Rhourde Nouss,Area X,Equipment-7541,EQ-07541,drilling,,6218.41,,2023,7
Refining,Production,Berkine,Area X,Equipment-7542,EQ-07542,venting,,1204.08,,2025,3
Transportation,Drilling,Berkine,Area X,Equipment-7543,EQ-07543,venting,,8259.97,,2023,3
Transportation,Drilling,Rhourde Nouss,Area Y,Equipment-7544,EQ-07544,fugitive,,1662.3,,2024,7
Refining,Drilling,Rhourde Nouss,Area X,Equipment-7545,EQ-07545,venting,,2510.92,,2022,6
Marketing,Drilling,Hassi R'Mel,Block 1,Equipment-7546,EQ-07546,combustion,Fuel Gas,617.98,gal,2022,11
Transportation,Logistics,Rhourde Nouss,Field B,Equipment-7547,EQ-07547,flaring,Diesel,3259.15,gal,2025,6
Transportation,Operations,Rhourde Nouss,Field B,Equipment-7548,EQ-07548,flaring,Fuel Gas,3755.15,gal,2023,7
Refining,Production,Berkine,Block 1,Equipment-7549,EQ-07549,venting,,4157.2,,2023,7
Transportation,Drilling,In Salah,Field A,Equipment-7550,EQ-07550,drilling,,2261.95,,2023,12
Exploration & Production,Operations,In Salah,Block 2,Equipment-7551,EQ-07551,combustion,Diesel,1261.28,gal,2022,6
Transportation,Logistics,Berkine,Area Y,Equipment-7552,EQ-07552,combustion,Propane,458.27,gal,2023,7
Transportation,Drilling,Hassi R'Mel,Field B,Equipment-7553,EQ-07553,venting,,2443.98,,2024,6
Transportation,Logistics,Rhourde Nouss,Field A,Equipment-7554,EQ-07554,venting,,8963.62,,2025,11
Refining,Production,Adrar,Area X,Equipment-7555,EQ-07555,flaring,Propane,6616.99,gal,2022,4
Transportation,Logistics,In Salah,Area X,Equipment-7556,EQ-07556,flaring,Diesel,6163.46,gal,2024,9
Transportation,Production,In Salah,Area Y,Equipment-7557,EQ-07557,drilling,,6217.88,,2022,2
Transportation,Production,Illizi,Field B,Equipment-7558,EQ-07558,flaring,Propane,32.5,gal,2024,6
Refining,Operations,In Salah,Area Y,Equipment-7559,EQ-07559,fugitive,,5478.68,,2025,1
Refining,Production,Adrar,Area Y,Equipment-7560,EQ-07560,fugitive,,470.46,,2023,2
Exploration & Production,Production,Hassi R'Mel,Block 1,Equipment-7561,EQ-07561,flaring,Natural Gas,7567.71,scf,2025,8
Refining,Operations,Hassi R'Mel,Area X,Equipment-7562,EQ-07562,drilling,,1325.99,,2023,12
Exploration & Production,Operations,Adrar,Block 1,Equipment-7563,EQ-07563,flaring,,4251.45,,2023,10
Marketing,Drilling,Illizi,Area Y,Equipment-7564,EQ-07564,venting,,1509.04,,2024,3
Transportation,Logistics,Adrar,Field A,Equipment-7565,EQ-07565,flaring,Natural Gas,2451.29,scf,2023,2
Refining,Operations,Berkine,Area X,Equipment-7566,EQ-07566,drilling,,3320.72,,2025,4
Marketing,Operations,Illizi,Block 2,Equipment-7567,EQ-07567,flaring,Fuel Gas,4345.57,gal,2022,1
Refining,Production,Berkine,Block 2,Equipment-7568,EQ-07568,flaring,Fuel Gas,3994.08,gal,2025,10
Exploration & Production,Drilling,Hassi R'Mel,Field A,Equipment-7569,EQ-07569,venting,,9190.95,,2022,8
Refining,Logistics,Berkine,Field B,Equipment-7570,EQ-07570,flaring,Diesel,7359.58,gal,2025,9
Transportation,Operations,Hassi R'Mel,Area Y,Equipment-7571,EQ-07571,fugitive,,3725.8,,2023,2
Transportation,Operations,Adrar,Area Y,Equipment-7572,EQ-07572,combustion,,3506.9,,2024,8
Transportation,Logistics,Rhourde Nouss,Field A,Equipment-7573,EQ-07573,flaring,Natural Gas,4712.49,scf,2023,1
Transportation,Production,Illizi,Area Y,Equipment-7574,EQ-07574,flaring,Propane,2819.85,gal,2024,7
Exploration & Production,Drilling,Hassi R'Mel,Field A,Equipment-7575,EQ-07575,flaring,Fuel Gas,5496.09,gal,2025,7
Transportation,Drilling,Hassi Messaoud,Block 1,Equipment-7576,EQ-07576,combustion,Fuel Gas,5522.84,gal,2025,8
Refining,Drilling,Hassi Messaoud,Block 2,Equipment-7577,EQ-07577,drilling,,9095.17,,2022,7
Refining,Production,Adrar,Area X,Equipment-7578,EQ-07578,combustion,Fuel Gas,597.12,gal,2025,12
Transportation,Logistics,Hassi Messaoud,Block 1,Equipment-7579,EQ-07579,drilling,,2669.69,,2025,5
Refining,Production,Hassi R'Mel,Field B,Equipment-7580,EQ-07580,flaring,Diesel,4457.32,gal,2025,1
Exploration & Production,Drilling,Hassi Messaoud,Block 1,Equipment-7581,EQ-07581,drilling,,3521.55,,2023,2
Refining,Operations,Berkine,Block 1,Equipment-7582,EQ-07582,venting,,8971.9,,2024,9
Transportation,Logistics,Berkine,Block 2,Equipment-7583,EQ-07583,venting,,5775.57,,2022,6
Exploration & Production,Production,Illizi,Field A,Equipment-7584,EQ-07584,fugitive,,6044.28,,2025,10
Exploration & Production,Drilling,Berkine,Field A,Equipment-7585,EQ-07585,flaring,Propane,178.5,gal,2022,8
Transportation,Operations,Hassi R'Mel,Field A,Equipment-7586,EQ-07586,venting,,8179.15,,2022,2
Refining,Logistics,Hassi Messaoud,Area Y,Equipment-7587,EQ-07587,venting,,2649.84,,2022,6
Exploration & Production,Drilling,Rhourde Nouss,Field B,Equipment-7588,EQ-07588,combustion,Diesel,791.64,gal,2025,1
Refining,Operations,Rhourde Nouss,Area X,Equipment-7589,EQ-07589,venting,,2025.24,,2025,2
Refining,Operations,In Salah,Field B,Equipment-7590,EQ-07590,venting,,3261.29,,2025,1
Marketing,Production,In Salah,Field A,Equipment-7591,EQ-07591,flaring,Propane,8028.97,gal,2024,1
Transportation,Logistics,Rhourde Nouss,Block 1,Equipment-7592,EQ-07592,combustion,Propane,4738.38,gal,2024,9
Transportation,Operations,Hassi R'Mel,Block 1,Equipment-7593,EQ-07593,flaring,Propane,4877.22,gal,2025,12
Transportation,Drilling,Hassi Messaoud,Field B,Equipment-7594,EQ-07594,venting,,523.92,,2024,6
Marketing,Drilling,Berkine,Area Y,Equipment-7595,EQ-07595,flaring,Natural Gas,930.24,scf,2024,2
Exploration & Production,Logistics,Berkine,Area X,Equipment-7596,EQ-07596,combustion,Propane,2155.05,gal,2025,9
Refining,Operations,Hassi Messaoud,Area X,Equipment-7597,EQ-07597,drilling,,6632.1,,2022,2
Transportation,Logistics,Berkine,Area Y,Equipment-7598,EQ-07598,flaring,Fuel Gas,750.15,gal,2023,12
Transportation,Operations,Hassi Messaoud,Field B,Equipment-7599,EQ-07599,combustion,,5814.64,,2025,7
Refining,Drilling,Illizi,Block 1,Equipment-7600,EQ-07600,flaring,Diesel,8085.59,gal,2022,1
Marketing,Drilling,Adrar,Field B,Equipment-7601,EQ-07601,drilling,,6176.0,,2022,11
Refining,Production,In Salah,Area Y,Equipment-7602,EQ-07602,combustion,,9378.06,,2023,11
Exploration & Production,Drilling,In Salah,Area Y,Equipment-7603,EQ-07603,venting,,6719.03,,2024,9
Marketing,Production,Hassi Messaoud,Area Y,Equipment-7604,EQ-07604,fugitive,,3444.92,,2023,9
Marketing,Operations,Hassi R'Mel,Field B,Equipment-7605,EQ-07605,drilling,,6606.57,,2023,8
Transportation,Operations,Illizi,Block 1,Equipment-7606,EQ-07606,drilling,,2243.98,,2022,2
Marketing,Logistics,Illizi,Block 2,Equipment-7607,EQ-07607,venting,,3054.98,,2024,4
Refining,Drilling,Hassi R'Mel,Block 1,Equipment-7608,EQ-07608,combustion,Diesel,1176.6,gal,2025,9
Transportation,Logistics,Berkine,Block 1,Equipment-7609,EQ-07609,combustion,Fuel Gas,6261.54,gal,2025,9
Transportation,Drilling,Hassi Messaoud,Block 2,Equipment-7610,EQ-07610,combustion,,7403.63,,2024,5
Transportation,Operations,Hassi R'Mel,Area Y,Equipment-7611,EQ-07611,combustion,Natural Gas,5489.05,scf,2024,4
Exploration & Production,Drilling,Illizi,Field B,Equipment-7612,EQ-07612,flaring,Natural Gas,175.43,scf,2023,6
Marketing,Logistics,Hassi Messaoud,Block 2,Equipment-7613,EQ-07613,flaring,Propane,3965.85,gal,2022,5
Refining,Drilling,Rhourde Nouss,Area X,Equipment-7614,EQ-07614,fugitive,,899.34,,2024,4
Exploration & Production,Logistics,Rhourde Nouss,Field B,Equipment-7615,EQ-07615,venting,,9602.34,,2024,11
Exploration & Production,Operations,Hassi Messaoud,Block 1,Equipment-7616,EQ-07616,fugitive,,9064.62,,2024,11
Refining,Logistics,In Salah,Area Y,Equipment-7617,EQ-07617,flaring,Diesel,9620.3,gal,2024,6
Marketing,Operations,Rhourde Nouss,Field B,Equipment-7618,EQ-07618,venting,,108.78,,2022,3
Marketing,Operations,Hassi R'Mel,Block 2,Equipment-7619,EQ-07619,fugitive,,2732.65,,2022,4
Exploration & Production,Production,Adrar,Block 2,Equipment-7620,EQ-07620,fugitive,,966.69,,2022,10
Refining,Production,Rhourde Nouss,Block 1,Equipment-7621,EQ-07621,fugitive,,9241.42,,2024,10
Transportation,Operations,Hassi R'Mel,Block 1,Equipment-7622,EQ-07622,venting,,3231.37,,2024,8
Refining,Logistics,Berkine,Block 2,Equipment-7623,EQ-07623,venting,,273.28,,2025,9
Marketing,Production,Rhourde Nouss,Area Y,Equipment-7624,EQ-07624,combustion,Fuel Gas,5011.77,gal,2025,5
Refining,Production,Hassi R'Mel,Area Y,Equipment-7625,EQ-07625,fugitive,,6721.59,,2023,7
Refining,Drilling,Rhourde Nouss,Field A,Equipment-7626,EQ-07626,fugitive,,1419.89,,2022,9
Transportation,Operations,Illizi,Area X,Equipment-7627,EQ-07627,fugitive,,8856.35,,2025,3
Marketing,Drilling,Hassi R'Mel,Field A,Equipment-7628,EQ-07628,flaring,Fuel Gas,3478.52,gal,2023,4
Marketing,Operations,Adrar,Field B,Equipment-7629,EQ-07629,combustion,Propane,6132.89,gal,2023,6
Exploration & Production,Production,Hassi Messaoud,Field A,Equipment-7630,EQ-07630,fugitive,,5896.57,,2022,4
Marketing,Logistics,Rhourde Nouss,Field B,Equipment-7631,EQ-07631,flaring,,3514.5,,2023,8
Transportation,Drilling,In Salah,Field B,Equipment-7632,EQ-07632,venting,,6964.28,,2025,1
Transportation,Logistics,In Salah,Block 1,Equipment-7633,EQ-07633,drilling,,7759.18,,2025,5
Marketing,Production,Rhourde Nouss,Area Y,Equipment-7634,EQ-07634,venting,,4361.87,,2025,3
Transportation,Logistics,Berkine,Area X,Equipment-7635,EQ-07635,flaring,Fuel Gas,273.22,gal,2024,8
Transportation,Operations,Berkine,Area X,Equipment-7636,EQ-07636,venting,,5479.68,,2022,6
Refining,Operations,In Salah,Area X,Equipment-7637,EQ-07637,fugitive,,1872.74,,2022,4
Exploration & Production,Logistics,Hassi Messaoud,Block 2,Equipment-7638,EQ-07638,drilling,,269.17,,2023,9
Refining,Operations,Hassi R'Mel,Field B,Equipment-7639,EQ-07639,combustion,Diesel,7084.19,gal,2024,1
Refining,Operations,Rhourde Nouss,Area Y,Equipment-7640,EQ-07640,drilling,,416.32,,2023,7
Marketing,Operations,Illizi,Field B,Equipment-7641,EQ-07641,venting,,5067.45,,2025,8
Exploration & Production,Operations,Rhourde Nouss,Block 2,Equipment-7642,EQ-07642,fugitive,,7062.94,,2024,2
Refining,Drilling,Rhourde Nouss,Field A,Equipment-7643,EQ-07643,venting,,649.5,,2024,11
Marketing,Logistics,Hassi Messaoud,Field B,Equipment-7644,EQ-07644,fugitive,,7229.78,,2022,9
Marketing,Operations,In Salah,Field A,Equipment-7645,EQ-07645,drilling,,2981.49,,2024,7
Marketing,Drilling,Hassi Messaoud,Area X,Equipment-7646,EQ-07646,flaring,Propane,3890.55,gal,2023,3
Refining,Drilling,Illizi,Area Y,Equipment-7647,EQ-07647,drilling,,8685.24,,2023,8
Exploration & Production,Logistics,Adrar,Field B,Equipment-7648,EQ-07648,fugitive,,4984.43,,2023,6
Marketing,Operations,Illizi,Field B,Equipment-7649,EQ-07649,flaring,Fuel Gas,5250.08,gal,2023,1
Transportation,Logistics,In Salah,Block 1,Equipment-7650,EQ-07650,fugitive,,3476.35,,2025,5
Exploration & Production,Logistics,Illizi,Field B,Equipment-7651,EQ-07651,combustion,,1003.63,,2023,5
Refining,Operations,Berkine,Block 1,Equipment-7652,EQ-07652,combustion,Natural Gas,6488.88,scf,2024,1
Exploration & Production,Production,Illizi,Field A,Equipment-7653,EQ-07653,venting,,2352.35,,2025,6
Exploration & Production,Production,Hassi Messaoud,Field B,Equipment-7654,EQ-07654,flaring,Diesel,970.99,gal,2022,5
Exploration & Production,Drilling,Rhourde Nouss,Field B,Equipment-7655,EQ-07655,drilling,,2974.99,,2023,12
Exploration & Production,Operations,In Salah,Block 2,Equipment-7656,EQ-07656,fugitive,,265.07,,2025,4
Exploration & Production,Logistics,Illizi,Field A,Equipment-7657,EQ-07657,fugitive,,7490.88,,2022,6
Refining,Logistics,Berkine,Area X,Equipment-7658,EQ-07658,venting,,3362.22,,2022,9
Refining,Production,Adrar,Field B,Equipment-7659,EQ-07659,drilling,,2028.25,,2024,3
Refining,Logistics,Illizi,Area Y,Equipment-7660,EQ-07660,drilling,,5871.91,,2025,3
Transportation,Operations,In Salah,Block 2,Equipment-7661,EQ-07661,drilling,,2328.46,,2024,2
Exploration & Production,Operations,Hassi R'Mel,Field A,Equipment-7662,EQ-07662,fugitive,,5452.6,,2022,11
Transportation,Production,Berkine,Field B,Equipment-7663,EQ-07663,drilling,,4646.87,,2024,1
Transportation,Drilling,Illizi,Field A,Equipment-7664,EQ-07664,flaring,,2077.58,,2024,5
Refining,Logistics,In Salah,Block 2,Equipment-7665,EQ-07665,fugitive,,2540.79,,2023,8
Transportation,Operations,Berkine,Block 1,Equipment-7666,EQ-07666,drilling,,980.92,,2023,10
Refining,Drilling,Adrar,Area Y,Equipment-7667,EQ-07667,venting,,1660.38,,2022,4
Refining,Operations,Hassi R'Mel,Area X,Equipment-7668,EQ-07668,flaring,Natural Gas,8967.57,scf,2023,2
Transportation,Drilling,In Salah,Field A,Equipment-7669,EQ-07669,flaring,,3600.23,,2022,1
Refining,Logistics,Adrar,Block 1,Equipment-7670,EQ-07670,venting,,5762.03,,2025,12
Refining,Logistics,Illizi,Area X,Equipment-7671,EQ-07671,drilling,,7509.48,,2025,10
Transportation,Drilling,In Salah,Block 1,Equipment-7672,EQ-07672,fugitive,,2239.28,,2023,9
Marketing,Logistics,Hassi R'Mel,Area Y,Equipment-7673,EQ-07673,combustion,Diesel,116.39,gal,2024,6
Refining,Production,Berkine,Area X,Equipment-7674,EQ-07674,fugitive,,7392.17,,2024,1
Refining,Production,Berkine,Area Y,Equipment-7675,EQ-07675,drilling,,8272.25,,2024,10
Marketing,Drilling,Hassi Messaoud,Block 2,Equipment-7676,EQ-07676,combustion,Natural Gas,8355.01,scf,2024,2
Exploration & Production,Operations,In Salah,Field A,Equipment-7677,EQ-07677,flaring,Fuel Gas,3769.12,gal,2024,5
Refining,Drilling,Rhourde Nouss,Field B,Equipment-7678,EQ-07678,combustion,Fuel Gas,7169.18,gal,2022,11
Marketing,Operations,Berkine,Block 1,Equipment-7679,EQ-07679,venting,,8688.84,,2025,7
Transportation,Operations,Berkine,Field B,Equipment-7680,EQ-07680,fugitive,,3206.37,,2024,4
Marketing,Logistics,Rhourde Nouss,Field A,Equipment-7681,EQ-07681,venting,,4883.92,,2024,7
Marketing,Operations,Rhourde Nouss,Block 1,Equipment-7682,EQ-07682,fugitive,,3141.56,,2024,12
Refining,Logistics,Hassi R'Mel,Field B,Equipment-7683,EQ-07683,combustion,Natural Gas,732.67,scf,2024,5
Refining,Logistics,Adrar,Block 2,Equipment-7684,EQ-07684,venting,,5167.65,,2025,9
Exploration & Production,Operations,Illizi,Area Y,Equipment-7685,EQ-07685,flaring,Diesel,6499.52,gal,2025,11
Transportation,Drilling,Rhourde Nouss,Area Y,Equipment-7686,EQ-07686,drilling,,8567.81,,2024,12
Marketing,Production,Hassi Messaoud,Area Y,Equipment-7687,EQ-07687,combustion,,6465.28,,2024,5
Transportation,Production,In Salah,Block 2,Equipment-7688,EQ-07688,venting,,7511.13,,2023,8
Transportation,Logistics,Hassi Messaoud,Area X,Equipment-7689,EQ-07689,drilling,,648.75,,2024,5
Refining,Operations,Hassi R'Mel,Block 1,Equipment-7690,EQ-07690,venting,,5949.95,,2025,1
Refining,Drilling,Berkine,Area X,Equipment-7691,EQ-07691,venting,,1229.99,,2024,3
Transportation,Operations,Hassi R'Mel,Area Y,Equipment-7692,EQ-07692,flaring,Propane,9937.24,gal,2024,6
Transportation,Operations,Hassi Messaoud,Block 2,Equipment-7693,EQ-07693,drilling,,9191.32,,2023,5
Exploration & Production,Production,Hassi Messaoud,Area X,Equipment-7694,EQ-07694,flaring,,5045.62,,2025,1
Exploration & Production,Drilling,Illizi,Area X,Equipment-7695,EQ-07695,fugitive,,5928.26,,2024,2
Exploration & Production,Production,Adrar,Area Y,Equipment-7696,EQ-07696,venting,,3018.64,,2024,6
Refining,Production,Berkine,Block 1,Equipment-7697,EQ-07697,drilling,,6920.73,,2022,3
Marketing,Drilling,Berkine,Block 1,Equipment-7698,EQ-07698,flaring,Propane,3508.85,gal,2024,9
Transportation,Production,Hassi Messaoud,Field A,Equipment-7699,EQ-07699,fugitive,,5745.45,,2025,5
Refining,Production,Hassi Messaoud,Block 1,Equipment-7700,EQ-07700,drilling,,692.87,,2025,10
Exploration & Production,Logistics,Illizi,Field B,Equipment-7701,EQ-07701,drilling,,7479.85,,2022,7
Transportation,Drilling,Berkine,Field A,Equipment-7702,EQ-07702,combustion,Propane,5263.2,gal,2023,1
Exploration & Production,Operations,Illizi,Field B,Equipment-7703,EQ-07703,flaring,Natural Gas,4177.86,scf,2025,7
Transportation,Logistics,Rhourde Nouss,Block 2,Equipment-7704,EQ-07704,fugitive,,2577.5,,2023,1
Transportation,Logistics,Illizi,Block 1,Equipment-7705,EQ-07705,combustion,,6208.95,,2024,8
Transportation,Production,In Salah,Block 1,Equipment-7706,EQ-07706,combustion,Fuel Gas,4482.05,gal,2024,2
Marketing,Logistics,Adrar,Field A,Equipment-7707,EQ-07707,drilling,,5204.45,,2025,11
Marketing,Production,Hassi Messaoud,Area Y,Equipment-7708,EQ-07708,venting,,1267.23,,2025,5
Marketing,Drilling,Hassi R'Mel,Area X,Equipment-7709,EQ-07709,flaring,,1301.04,,2022,4
Marketing,Production,Hassi R'Mel,Block 1,Equipment-7710,EQ-07710,drilling,,4627.19,,2022,8
Refining,Logistics,Hassi R'Mel,Area X,Equipment-7711,EQ-07711,fugitive,,2033.37,,2025,11
Refining,Logistics,Hassi Messaoud,Field A,Equipment-7712,EQ-07712,flaring,,6203.56,,2025,5
Exploration & Production,Drilling,Hassi R'Mel,Area Y,Equipment-7713,EQ-07713,venting,,3795.89,,2023,1
Refining,Logistics,Hassi Messaoud,Area X,Equipment-7714,EQ-07714,combustion,Fuel Gas,7190.69,gal,2023,9
Exploration & Production,Drilling,Illizi,Block 2,Equipment-7715,EQ-07715,combustion,,3057.33,,2025,2
Exploration & Production,Operations,Berkine,Area Y,Equipment-7716,EQ-07716,combustion,Diesel,3986.51,gal,2023,2
Refining,Drilling,Hassi R'Mel,Area X,Equipment-7717,EQ-07717,combustion,Diesel,3574.69,gal,2023,6
Marketing,Production,Berkine,Area X,Equipment-7718,EQ-07718,flaring,,2151.9,,2022,9
Marketing,Logistics,Hassi Messaoud,Area Y,Equipment-7719,EQ-07719,flaring,Fuel Gas,1392.66,gal,2024,3
Exploration & Production,Operations,Hassi Messaoud,Area X,Equipment-7720,EQ-07720,venting,,5636.33,,2022,2
Transportation,Drilling,Adrar,Block 1,Equipment-7721,EQ-07721,flaring,Fuel Gas,171.66,gal,2023,6
Refining,Drilling,Hassi Messaoud,Field B,Equipment-7722,EQ-07722,fugitive,,9197.9,,2022,12
Transportation,Drilling,Illizi,Block 1,Equipment-7723,EQ-07723,combustion,Diesel,6801.28,gal,2022,8
Exploration & Production,Production,Adrar,Block 1,Equipment-7724,EQ-07724,flaring,Fuel Gas,4486.72,gal,2022,1
Transportation,Drilling,Rhourde Nouss,Block 1,Equipment-7725,EQ-07725,combustion,Propane,1578.74,gal,2025,5
Exploration & Production,Operations,In Salah,Block 2,Equipment-7726,EQ-07726,combustion,Natural Gas,3850.75,scf,2022,2
Marketing,Production,Adrar,Area X,Equipment-7727,EQ-07727,combustion,Fuel Gas,8816.64,gal,2023,1
Marketing,Drilling,Rhourde Nouss,Field B,Equipment-7728,EQ-07728,flaring,,6444.82,,2024,9
Refining,Drilling,Rhourde Nouss,Area X,Equipment-7729,EQ-07729,combustion,Fuel Gas,5430.21,gal,2024,5
Refining,Drilling,Illizi,Area Y,Equipment-7730,EQ-07730,combustion,Natural Gas,4533.76,scf,2022,10
Marketing,Logistics,Berkine,Area Y,Equipment-7731,EQ-07731,drilling,,9342.73,,2025,12
Exploration & Production,Drilling,Rhourde Nouss,Field A,Equipment-7732,EQ-07732,combustion,,5580.77,,2024,7
Transportation,Drilling,Berkine,Block 2,Equipment-7733,EQ-07733,flaring,Natural Gas,6112.07,scf,2023,4
Exploration & Production,Operations,Adrar,Area X,Equipment-7734,EQ-07734,flaring,Diesel,9478.18,gal,2025,7
Marketing,Logistics,Hassi R'Mel,Area Y,Equipment-7735,EQ-07735,combustion,Fuel Gas,8814.45,gal,2022,5
Marketing,Drilling,Adrar,Block 1,Equipment-7736,EQ-07736,drilling,,9151.63,,2025,2
Transportation,Production,Berkine,Area X,Equipment-7737,EQ-07737,combustion,Natural Gas,4473.34,scf,2022,9
Exploration & Production,Production,Hassi R'Mel,Field B,Equipment-7738,EQ-07738,combustion,Natural Gas,3718.57,scf,2025,1
Transportation,Production,In Salah,Field A,Equipment-7739,EQ-07739,drilling,,3305.44,,2023,4
Marketing,Production,Illizi,Field B,Equipment-7740,EQ-07740,venting,,822.36,,2023,6
Marketing,Production,Adrar,Area Y,Equipment-7741,EQ-07741,flaring,Propane,4748.33,gal,2025,1
Exploration & Production,Production,Rhourde Nouss,Field B,Equipment-7742,EQ-07742,flaring,Natural Gas,1543.86,scf,2025,10
Exploration & Production,Logistics,Hassi Messaoud,Area Y,Equipment-7743,EQ-07743,fugitive,,3012.37,,2022,5
Transportation,Operations,In Salah,Area X,Equipment-7744,EQ-07744,drilling,,6777.06,,2023,3
Marketing,Production,Rhourde Nouss,Area X,Equipment-7745,EQ-07745,combustion,Natural Gas,2804.94,scf,2023,5
Marketing,Operations,Hassi Messaoud,Block 1,Equipment-7746,EQ-07746,flaring,Propane,7795.58,gal,2024,5
Marketing,Operations,Berkine,Field B,Equipment-7747,EQ-07747,fugitive,,4534.08,,2023,10
Marketing,Operations,In Salah,Area X,Equipment-7748,EQ-07748,drilling,,1109.0,,2022,9
Exploration & Production,Production,Hassi Messaoud,Field B,Equipment-7749,EQ-07749,fugitive,,815.89,,2022,2
Marketing,Logistics,Adrar,Area Y,Equipment-7750,EQ-07750,combustion,Diesel,3890.28,gal,2023,2
Marketing,Production,Hassi R'Mel,Area Y,Equipment-7751,EQ-07751,combustion,Fuel Gas,623.28,gal,2022,2
Exploration & Production,Production,Hassi Messaoud,Field A,Equipment-7752,EQ-07752,drilling,,5321.45,,2023,6
Transportation,Drilling,Adrar,Block 2,Equipment-7753,EQ-07753,drilling,,8077.67,,2022,3
Marketing,Logistics,Berkine,Block 1,Equipment-7754,EQ-07754,flaring,Fuel Gas,6922.21,gal,2024,6
Exploration & Production,Production,Berkine,Block 1,Equipment-7755,EQ-07755,fugitive,,4209.49,,2023,4
Transportation,Production,Illizi,Area X,Equipment-7756,EQ-07756,fugitive,,1259.13,,2023,8
Refining,Logistics,Berkine,Block 2,Equipment-7757,EQ-07757,fugitive,,9518.4,,2023,3
Refining,Operations,In Salah,Block 1,Equipment-7758,EQ-07758,drilling,,2159.35,,2025,11
Transportation,Drilling,Illizi,Block 2,Equipment-7759,EQ-07759,venting,,6818.75,,2024,10
Transportation,Logistics,Adrar,Block 2,Equipment-7760,EQ-07760,drilling,,5532.28,,2025,5
Transportation,Production,Illizi,Field A,Equipment-7761,EQ-07761,drilling,,6679.21,,2024,8
Exploration & Production,Logistics,Berkine,Field B,Equipment-7762,EQ-07762,fugitive,,5638.84,,2024,12
Refining,Drilling,Adrar,Block 1,Equipment-7763,EQ-07763,combustion,Fuel Gas,5955.03,gal,2023,11
Transportation,Drilling,Hassi Messaoud,Area Y,Equipment-7764,EQ-07764,flaring,Propane,9439.76,gal,2023,12
Marketing,Operations,Hassi R'Mel,Field B,Equipment-7765,EQ-07765,flaring,Natural Gas,8600.98,scf,2025,3
Transportation,Production,Hassi Messaoud,Field A,Equipment-7766,EQ-07766,combustion,Natural Gas,6163.07,scf,2023,4
Marketing,Logistics,Adrar,Block 1,Equipment-7767,EQ-07767,drilling,,8925.61,,2024,10
Refining,Operations,Hassi R'Mel,Block 1,Equipment-7768,EQ-07768,drilling,,2145.68,,2022,7
Transportation,Production,In Salah,Field B,Equipment-7769,EQ-07769,venting,,3877.45,,2024,11
Marketing,Drilling,Berkine,Field B,Equipment-7770,EQ-07770,flaring,Natural Gas,5577.58,scf,2025,12
Exploration & Production,Production,In Salah,Area X,Equipment-7771,EQ-07771,flaring,Propane,3021.88,gal,2022,11
Marketing,Logistics,In Salah,Area X,Equipment-7772,EQ-07772,fugitive,,7710.74,,2022,11
Transportation,Operations,Hassi Messaoud,Block 2,Equipment-7773,EQ-07773,drilling,,2665.6,,2023,10
Refining,Operations,In Salah,Field B,Equipment-7774,EQ-07774,venting,,1118.58,,2024,5
Marketing,Operations,Rhourde Nouss,Block 2,Equipment-7775,EQ-07775,combustion,Diesel,2208.16,gal,2023,8
Exploration & Production,Drilling,Illizi,Area Y,Equipment-7776,EQ-07776,drilling,,6812.73,,2022,3
Exploration & Production,Logistics,Hassi R'Mel,Area X,Equipment-7777,EQ-07777,flaring,Diesel,7230.99,gal,2023,3
Refining,Logistics,Adrar,Area X,Equipment-7778,EQ-07778,combustion,Fuel Gas,5295.16,gal,2024,12
Marketing,Production,Illizi,Block 1,Equipment-7779,EQ-07779,flaring,Propane,9306.05,gal,2022,9
Marketing,Logistics,In Salah,Block 1,Equipment-7780,EQ-07780,drilling,,706.74,,2023,3
Transportation,Logistics,Berkine,Area X,Equipment-7781,EQ-07781,flaring,Natural Gas,8867.58,scf,2023,10
Marketing,Production,Hassi R'Mel,Field A,Equipment-7782,EQ-07782,combustion,Fuel Gas,8289.11,gal,2025,5
Marketing,Production,Berkine,Block 2,Equipment-7783,EQ-07783,venting,,6072.96,,2024,8
Transportation,Logistics,Rhourde Nouss,Field A,Equipment-7784,EQ-07784,combustion,Natural Gas,5844.67,scf,2022,7
Exploration & Production,Logistics,Illizi,Field B,Equipment-7785,EQ-07785,flaring,Propane,7776.63,gal,2025,3
Transportation,Logistics,Illizi,Block 1,Equipment-7786,EQ-07786,venting,,5515.86,,2022,12
Refining,Operations,Rhourde Nouss,Area X,Equipment-7787,EQ-07787,venting,,4847.41,,2023,8
Exploration & Production,Operations,Hassi Messaoud,Field A,Equipment-7788,EQ-07788,combustion,Diesel,5051.25,gal,2022,2
Transportation,Logistics,Illizi,Area Y,Equipment-7789,EQ-07789,fugitive,,258.07,,2023,5
Exploration & Production,Operations,Hassi R'Mel,Field A,Equipment-7790,EQ-07790,flaring,Propane,7329.38,gal,2022,7
Refining,Production,In Salah,Field A,Equipment-7791,EQ-07791,flaring,Propane,8674.09,gal,2022,11
Exploration & Production,Production,In Salah,Block 2,Equipment-7792,EQ-07792,drilling,,9684.46,,2023,1
Exploration & Production,Production,Hassi R'Mel,Area Y,Equipment-7793,EQ-07793,flaring,Fuel Gas,2859.49,gal,2023,2
Marketing,Operations,Illizi,Area X,Equipment-7794,EQ-07794,combustion,Fuel Gas,8529.5,gal,2023,11
Marketing,Logistics,Hassi R'Mel,Field B,Equipment-7795,EQ-07795,combustion,Diesel,15.21,gal,2024,7
Marketing,Logistics,Illizi,Area X,Equipment-7796,EQ-07796,combustion,,5852.88,,2024,4
Exploration & Production,Operations,Hassi Messaoud,Area Y,Equipment-7797,EQ-07797,drilling,,9340.44,,2024,10
Marketing,Logistics,In Salah,Block 1,Equipment-7798,EQ-07798,fugitive,,4351.2,,2022,11
Refining,Drilling,Berkine,Block 2,Equipment-7799,EQ-07799,combustion,,4872.62,,2024,4
Marketing,Operations,In Salah,Area Y,Equipment-7800,EQ-07800,fugitive,,147.72,,2022,12
Exploration & Production,Production,Berkine,Block 2,Equipment-7801,EQ-07801,fugitive,,69.75,,2023,4
Refining,Logistics,Illizi,Block 2,Equipment-7802,EQ-07802,fugitive,,220.89,,2025,5
Refining,Operations,Berkine,Block 2,Equipment-7803,EQ-07803,venting,,6622.28,,2022,5
Refining,Logistics,In Salah,Block 2,Equipment-7804,EQ-07804,drilling,,1753.78,,2023,11
Transportation,Operations,In Salah,Field A,Equipment-7805,EQ-07805,venting,,458.97,,2023,10
Transportation,Logistics,Hassi Messaoud,Field A,Equipment-7806,EQ-07806,fugitive,,5890.75,,2022,3
Refining,Operations,Hassi Messaoud,Field A,Equipment-7807,EQ-07807,fugitive,,4961.72,,2023,2
Marketing,Logistics,Hassi R'Mel,Field B,Equipment-7808,EQ-07808,flaring,,8132.84,,2022,7
Transportation,Production,Hassi Messaoud,Field A,Equipment-7809,EQ-07809,venting,,7040.57,,2023,10
Marketing,Logistics,Adrar,Field A,Equipment-7810,EQ-07810,fugitive,,1243.82,,2024,5
Refining,Operations,Adrar,Field B,Equipment-7811,EQ-07811,flaring,Fuel Gas,1046.77,gal,2025,2
Exploration & Production,Production,Hassi Messaoud,Field A,Equipment-7812,EQ-07812,combustion,,7531.01,,2024,6
Refining,Production,Illizi,Block 1,Equipment-7813,EQ-07813,combustion,,4704.3,,2025,10
Refining,Drilling,Berkine,Block 2,Equipment-7814,EQ-07814,combustion,,8226.74,,2023,11
Marketing,Drilling,Hassi Messaoud,Field A,Equipment-7815,EQ-07815,flaring,,9291.05,,2024,5
Exploration & Production,Operations,Rhourde Nouss,Area Y,Equipment-7816,EQ-07816,flaring,Fuel Gas,4246.34,gal,2025,7
Marketing,Operations,Berkine,Area Y,Equipment-7817,EQ-07817,flaring,Fuel Gas,1038.42,gal,2024,12
Refining,Production,Adrar,Area X,Equipment-7818,EQ-07818,venting,,8467.01,,2025,7
Exploration & Production,Drilling,Berkine,Area X,Equipment-7819,EQ-07819,venting,,4933.25,,2023,5
Marketing,Operations,Hassi Messaoud,Area X,Equipment-7820,EQ-07820,venting,,5871.7,,2022,1
Marketing,Operations,Hassi R'Mel,Field A,Equipment-7821,EQ-07821,fugitive,,7960.76,,2025,10
Marketing,Operations,Adrar,Field A,Equipment-7822,EQ-07822,flaring,Natural Gas,7197.6,scf,2024,6
Marketing,Drilling,Hassi Messaoud,Field A,Equipment-7823,EQ-07823,drilling,,152.28,,2022,1
Marketing,Production,Hassi R'Mel,Area Y,Equipment-7824,EQ-07824,fugitive,,4887.95,,2022,2
Exploration & Production,Drilling,Hassi Messaoud,Area Y,Equipment-7825,EQ-07825,fugitive,,6790.25,,2022,1
Transportation,Operations,Adrar,Field A,Equipment-7826,EQ-07826,flaring,Diesel,3407.58,gal,2023,2
Exploration & Production,Production,In Salah,Field B,Equipment-7827,EQ-07827,flaring,,9796.03,,2024,7
Refining,Operations,Hassi R'Mel,Area Y,Equipment-7828,EQ-07828,combustion,Fuel Gas,2318.16,gal,2024,3
Refining,Production,In Salah,Area Y,Equipment-7829,EQ-07829,drilling,,1028.25,,2023,11
Exploration & Production,Production,Rhourde Nouss,Field B,Equipment-7830,EQ-07830,drilling,,2687.83,,2025,8
Exploration & Production,Production,Berkine,Field A,Equipment-7831,EQ-07831,venting,,747.5,,2025,12
Transportation,Logistics,Rhourde Nouss,Block 1,Equipment-7832,EQ-07832,fugitive,,8644.04,,2025,4
Refining,Production,Berkine,Area X,Equipment-7833,EQ-07833,venting,,8238.59,,2024,10
Marketing,Drilling,Rhourde Nouss,Area Y,Equipment-7834,EQ-07834,combustion,Propane,8584.34,gal,2022,1
Marketing,Drilling,Hassi R'Mel,Block 2,Equipment-7835,EQ-07835,venting,,8662.86,,2023,1
Refining,Production,Hassi R'Mel,Block 1,Equipment-7836,EQ-07836,flaring,Fuel Gas,5010.32,gal,2022,1
Exploration & Production,Logistics,Hassi Messaoud,Block 2,Equipment-7837,EQ-07837,flaring,Natural Gas,5898.42,scf,2025,9
Marketing,Drilling,Berkine,Field A,Equipment-7838,EQ-07838,combustion,Propane,7561.04,gal,2022,8
Marketing,Drilling,Hassi R'Mel,Block 1,Equipment-7839,EQ-07839,flaring,Natural Gas,3162.21,scf,2024,2
Transportation,Production,Adrar,Block 2,Equipment-7840,EQ-07840,flaring,,8617.91,,2025,6
Marketing,Production,Rhourde Nouss,Field A,Equipment-7841,EQ-07841,venting,,281.08,,2025,12
Transportation,Drilling,Hassi Messaoud,Field B,Equipment-7842,EQ-07842,combustion,Natural Gas,6164.67,scf,2023,7
Transportation,Operations,Illizi,Block 2,Equipment-7843,EQ-07843,fugitive,,5614.91,,2022,11
Refining,Logistics,Hassi R'Mel,Block 1,Equipment-7844,EQ-07844,combustion,Fuel Gas,7446.62,gal,2025,3
Transportation,Production,Hassi R'Mel,Area X,Equipment-7845,EQ-07845,fugitive,,2563.83,,2025,7
Marketing,Production,In Salah,Block 2,Equipment-7846,EQ-07846,fugitive,,2857.08,,2023,5
Transportation,Operations,Adrar,Block 2,Equipment-7847,EQ-07847,fugitive,,2745.55,,2025,10
Marketing,Operations,Illizi,Field A,Equipment-7848,EQ-07848,venting,,1750.8,,2023,6
Refining,Operations,Rhourde Nouss,Field B,Equipment-7849,EQ-07849,drilling,,3317.38,,2025,6
Transportation,Drilling,In Salah,Block 1,Equipment-7850,EQ-07850,drilling,,9231.08,,2024,2
Transportation,Production,Rhourde Nouss,Area X,Equipment-7851,EQ-07851,venting,,620.03,,2025,11
Refining,Production,Hassi R'Mel,Field A,Equipment-7852,EQ-07852,fugitive,,8004.48,,2023,2
Exploration & Production,Production,Illizi,Field A,Equipment-7853,EQ-07853,flaring,Fuel Gas,8103.03,gal,2023,8
Transportation,Operations,Berkine,Area X,Equipment-7854,EQ-07854,combustion,Natural Gas,8424.24,scf,2023,7
Refining,Logistics,Rhourde Nouss,Area Y,Equipment-7855,EQ-07855,flaring,,5365.42,,2024,11
Exploration & Production,Operations,Hassi Messaoud,Block 2,Equipment-7856,EQ-07856,venting,,3603.99,,2023,10
Refining,Drilling,Illizi,Area Y,Equipment-7857,EQ-07857,combustion,Natural Gas,3758.08,scf,2024,1
Marketing,Drilling,Rhourde Nouss,Area Y,Equipment-7858,EQ-07858,flaring,Fuel Gas,1969.77,gal,2024,4
Marketing,Logistics,Illizi,Field A,Equipment-7859,EQ-07859,combustion,,9731.71,,2025,8
Exploration & Production,Operations,Hassi R'Mel,Block 2,Equipment-7860,EQ-07860,combustion,Fuel Gas,6591.85,gal,2024,6
Refining,Drilling,Hassi Messaoud,Block 1,Equipment-7861,EQ-07861,flaring,Natural Gas,62.34,scf,2023,4
Transportation,Drilling,Rhourde Nouss,Field B,Equipment-7862,EQ-07862,combustion,Propane,123.39,gal,2024,11
Exploration & Production,Logistics,In Salah,Field B,Equipment-7863,EQ-07863,drilling,,1302.62,,2024,4
Refining,Logistics,Illizi,Area Y,Equipment-7864,EQ-07864,drilling,,2516.31,,2023,9
Refining,Logistics,Adrar,Area X,Equipment-7865,EQ-07865,combustion,Diesel,9461.77,gal,2025,7
Exploration & Production,Production,In Salah,Area Y,Equipment-7866,EQ-07866,drilling,,1813.09,,2022,9
Marketing,Production,Berkine,Field B,Equipment-7867,EQ-07867,drilling,,8920.54,,2024,2
Transportation,Drilling,Rhourde Nouss,Block 2,Equipment-7868,EQ-07868,flaring,Propane,9259.92,gal,2024,4
Transportation,Production,Rhourde Nouss,Field B,Equipment-7869,EQ-07869,fugitive,,2819.43,,2023,6
Exploration & Production,Operations,Rhourde Nouss,Area Y,Equipment-7870,EQ-07870,combustion,Natural Gas,5828.88,scf,2025,11
Refining,Production,Adrar,Block 2,Equipment-7871,EQ-07871,fugitive,,1302.43,,2025,5
Marketing,Operations,In Salah,Block 2,Equipment-7872,EQ-07872,flaring,,370.99,,2022,11
Marketing,Production,Hassi Messaoud,Block 2,Equipment-7873,EQ-07873,flaring,Propane,125.52,gal,2025,2
Marketing,Drilling,Hassi Messaoud,Area X,Equipment-7874,EQ-07874,venting,,2645.6,,2024,10
Exploration & Production,Logistics,Berkine,Field B,Equipment-7875,EQ-07875,venting,,6993.68,,2025,11
Transportation,Logistics,Illizi,Area Y,Equipment-7876,EQ-07876,venting,,3395.53,,2025,7
Marketing,Drilling,In Salah,Block 2,Equipment-7877,EQ-07877,venting,,8971.27,,2023,3
Marketing,Drilling,Illizi,Block 2,Equipment-7878,EQ-07878,drilling,,9113.87,,2022,8
Exploration & Production,Production,Illizi,Block 2,Equipment-7879,EQ-07879,flaring,Propane,3803.2,gal,2022,3
Transportation,Production,Adrar,Area Y,Equipment-7880,EQ-07880,combustion,Fuel Gas,7288.0,gal,2022,11
Exploration & Production,Production,Berkine,Field A,Equipment-7881,EQ-07881,combustion,,797.68,,2022,11
Refining,Production,In Salah,Field A,Equipment-7882,EQ-07882,fugitive,,2445.44,,2025,11
Transportation,Logistics,Hassi Messaoud,Block 1,Equipment-7883,EQ-07883,combustion,Diesel,31.74,gal,2023,9
Marketing,Drilling,Adrar,Area X,Equipment-7884,EQ-07884,venting,,1586.7,,2025,2
Marketing,Operations,Hassi Messaoud,Area Y,Equipment-7885,EQ-07885,drilling,,7098.67,,2022,11
Marketing,Production,Adrar,Field B,Equipment-7886,EQ-07886,venting,,3836.71,,2025,7
Marketing,Drilling,In Salah,Block 2,Equipment-7887,EQ-07887,drilling,,732.1,,2023,7
Marketing,Production,In Salah,Field B,Equipment-7888,EQ-07888,flaring,,7295.01,,2025,2
Exploration & Production,Drilling,In Salah,Block 2,Equipment-7889,EQ-07889,venting,,1323.59,,2025,6
Marketing,Logistics,Illizi,Field B,Equipment-7890,EQ-07890,combustion,Propane,2130.44,gal,2023,1
Marketing,Operations,Illizi,Block 1,Equipment-7891,EQ-07891,flaring,Propane,8953.88,gal,2024,11
Exploration & Production,Logistics,Illizi,Field B,Equipment-7892,EQ-07892,combustion,Natural Gas,9672.73,scf,2022,10
Refining,Production,Illizi,Area X,Equipment-7893,EQ-07893,venting,,5757.59,,2023,5
Transportation,Drilling,Hassi R'Mel,Field A,Equipment-7894,EQ-07894,combustion,Fuel Gas,1240.76,gal,2022,1
Refining,Operations,Adrar,Block 2,Equipment-7895,EQ-07895,flaring,Propane,3697.24,gal,2024,12
Transportation,Production,Hassi Messaoud,Area Y,Equipment-7896,EQ-07896,fugitive,,9722.84,,2024,2
Exploration & Production,Logistics,Hassi Messaoud,Area X,Equipment-7897,EQ-07897,drilling,,4527.91,,2024,11
Exploration & Production,Operations,Hassi R'Mel,Field A,Equipment-7898,EQ-07898,venting,,8660.07,,2022,10
Marketing,Logistics,Berkine,Field A,Equipment-7899,EQ-07899,drilling,,190.23,,2024,8
Exploration & Production,Logistics,Hassi Messaoud,Area X,Equipment-7900,EQ-07900,drilling,,3467.42,,2024,11
Marketing,Logistics,Hassi Messaoud,Block 1,Equipment-7901,EQ-07901,fugitive,,1561.42,,2022,4
Transportation,Production,Adrar,Block 2,Equipment-7902,EQ-07902,fugitive,,2329.16,,2022,10
Marketing,Production,Adrar,Field B,Equipment-7903,EQ-07903,venting,,5260.6,,2024,9
Transportation,Production,Berkine,Field B,Equipment-7904,EQ-07904,venting,,4911.78,,2022,2
Refining,Operations,Illizi,Block 1,Equipment-7905,EQ-07905,venting,,3827.01,,2025,12
Refining,Logistics,Berkine,Field A,Equipment-7906,EQ-07906,fugitive,,2520.74,,2025,1
Exploration & Production,Production,Illizi,Block 1,Equipment-7907,EQ-07907,venting,,599.75,,2022,6
Marketing,Logistics,Hassi R'Mel,Area X,Equipment-7908,EQ-07908,fugitive,,8696.6,,2024,2
Transportation,Operations,Rhourde Nouss,Field B,Equipment-7909,EQ-07909,drilling,,4347.61,,2025,9
Refining,Production,Hassi R'Mel,Area X,Equipment-7910,EQ-07910,drilling,,6446.4,,2024,7
Exploration & Production,Production,Hassi R'Mel,Block 2,Equipment-7911,EQ-07911,fugitive,,8620.7,,2024,5
Marketing,Operations,Hassi Messaoud,Area X,Equipment-7912,EQ-07912,drilling,,2793.16,,2022,12
Refining,Production,In Salah,Field A,Equipment-7913,EQ-07913,combustion,,7942.13,,2024,10
Exploration & Production,Production,Hassi Messaoud,Field B,Equipment-7914,EQ-07914,drilling,,3226.13,,2024,9
Marketing,Production,Hassi Messaoud,Block 2,Equipment-7915,EQ-07915,flaring,Natural Gas,6645.16,scf,2022,10
Exploration & Production,Drilling,Adrar,Block 1,Equipment-7916,EQ-07916,drilling,,7569.66,,2022,6
Transportation,Operations,Hassi Messaoud,Field A,Equipment-7917,EQ-07917,flaring,Fuel Gas,1813.35,gal,2024,7
Refining,Drilling,In Salah,Field B,Equipment-7918,EQ-07918,fugitive,,814.09,,2022,6
Transportation,Logistics,Adrar,Area Y,Equipment-7919,EQ-07919,drilling,,9885.33,,2024,6
Refining,Logistics,Hassi Messaoud,Area Y,Equipment-7920,EQ-07920,fugitive,,4700.72,,2023,11
Transportation,Drilling,Illizi,Block 2,Equipment-7921,EQ-07921,flaring,Natural Gas,9706.21,scf,2023,8
Transportation,Drilling,Adrar,Area Y,Equipment-7922,EQ-07922,drilling,,2897.6,,2025,4
Marketing,Drilling,Hassi Messaoud,Field B,Equipment-7923,EQ-07923,flaring,Propane,7890.83,gal,2022,7
Refining,Logistics,Berkine,Field B,Equipment-7924,EQ-07924,venting,,885.04,,2023,2
Exploration & Production,Operations,Rhourde Nouss,Block 2,Equipment-7925,EQ-07925,venting,,4930.82,,2022,2
Exploration & Production,Drilling,Rhourde Nouss,Block 2,Equipment-7926,EQ-07926,venting,,4687.32,,2023,1
Exploration & Production,Production,Rhourde Nouss,Field A,Equipment-7927,EQ-07927,venting,,9531.37,,2024,10
Refining,Operations,Rhourde Nouss,Area X,Equipment-7928,EQ-07928,fugitive,,9282.41,,2025,4
Exploration & Production,Logistics,Adrar,Area X,Equipment-7929,EQ-07929,venting,,280.33,,2024,8
Marketing,Operations,In Salah,Field B,Equipment-7930,EQ-07930,fugitive,,7777.56,,2022,8
Transportation,Operations,Rhourde Nouss,Field B,Equipment-7931,EQ-07931,fugitive,,122.15,,2023,3
Refining,Production,Berkine,Area Y,Equipment-7932,EQ-07932,drilling,,8132.8,,2024,6
Transportation,Drilling,In Salah,Field B,Equipment-7933,EQ-07933,flaring,Propane,3040.98,gal,2022,7
Marketing,Logistics,Hassi Messaoud,Area Y,Equipment-7934,EQ-07934,venting,,8545.73,,2022,9
Marketing,Operations,Illizi,Field A,Equipment-7935,EQ-07935,combustion,Fuel Gas,9767.65,gal,2024,1
Transportation,Operations,Hassi Messaoud,Block 1,Equipment-7936,EQ-07936,drilling,,8597.04,,2022,9
Refining,Logistics,Hassi Messaoud,Field A,Equipment-7937,EQ-07937,fugitive,,9085.03,,2024,9
Refining,Operations,Hassi R'Mel,Field B,Equipment-7938,EQ-07938,fugitive,,7755.44,,2022,6
Exploration & Production,Operations,Hassi Messaoud,Area X,Equipment-7939,EQ-07939,venting,,6886.4,,2022,9
Transportation,Drilling,Berkine,Area Y,Equipment-7940,EQ-07940,venting,,7132.51,,2023,11
Refining,Operations,Hassi R'Mel,Block 1,Equipment-7941,EQ-07941,combustion,Propane,633.62,gal,2024,4
Exploration & Production,Operations,Adrar,Area Y,Equipment-7942,EQ-07942,combustion,Natural Gas,5615.46,scf,2025,7
Transportation,Logistics,In Salah,Block 2,Equipment-7943,EQ-07943,fugitive,,6052.11,,2025,8
Transportation,Drilling,Illizi,Field A,Equipment-7944,EQ-07944,venting,,1547.18,,2025,7
Transportation,Operations,Adrar,Area X,Equipment-7945,EQ-07945,flaring,Diesel,8527.28,gal,2025,4
Exploration & Production,Drilling,Hassi Messaoud,Area X,Equipment-7946,EQ-07946,flaring,Propane,3814.73,gal,2023,9
Exploration & Production,Operations,Berkine,Area X,Equipment-7947,EQ-07947,drilling,,7235.76,,2023,6
Exploration & Production,Production,In Salah,Area X,Equipment-7948,EQ-07948,flaring,Fuel Gas,1238.26,gal,2022,1
Exploration & Production,Drilling,Rhourde Nouss,Block 1,Equipment-7949,EQ-07949,fugitive,,3988.7,,2025,12
Refining,Logistics,Adrar,Field A,Equipment-7950,EQ-07950,drilling,,6344.56,,2023,7
Transportation,Operations,Adrar,Field B,Equipment-7951,EQ-07951,combustion,Diesel,2963.94,gal,2025,1
Refining,Production,Berkine,Area Y,Equipment-7952,EQ-07952,combustion,Diesel,9373.19,gal,2025,8
Refining,Operations,Illizi,Field B,Equipment-7953,EQ-07953,flaring,Propane,9363.55,gal,2022,1
Marketing,Production,Berkine,Area X,Equipment-7954,EQ-07954,venting,,8169.45,,2025,6
Transportation,Production,Berkine,Area Y,Equipment-7955,EQ-07955,drilling,,8591.05,,2024,8
Transportation,Operations,Adrar,Area Y,Equipment-7956,EQ-07956,venting,,4617.9,,2022,1
Transportation,Logistics,Hassi Messaoud,Block 2,Equipment-7957,EQ-07957,drilling,,4241.42,,2022,6
Marketing,Logistics,Hassi R'Mel,Block 2,Equipment-7958,EQ-07958,fugitive,,1050.26,,2024,11
Transportation,Production,Illizi,Field B,Equipment-7959,EQ-07959,drilling,,7138.59,,2024,1
Exploration & Production,Operations,Hassi Messaoud,Block 1,Equipment-7960,EQ-07960,venting,,5901.35,,2022,8
Transportation,Logistics,Hassi R'Mel,Field A,Equipment-7961,EQ-07961,drilling,,325.41,,2024,7
Exploration & Production,Production,Adrar,Area X,Equipment-7962,EQ-07962,drilling,,9537.48,,2025,12
Transportation,Drilling,Adrar,Field B,Equipment-7963,EQ-07963,fugitive,,8337.51,,2024,11
Exploration & Production,Logistics,Hassi Messaoud,Area X,Equipment-7964,EQ-07964,drilling,,8653.68,,2025,1
Refining,Operations,Hassi Messaoud,Field A,Equipment-7965,EQ-07965,combustion,,6484.67,,2023,5
Exploration & Production,Operations,Adrar,Field B,Equipment-7966,EQ-07966,drilling,,6624.75,,2023,7
Marketing,Drilling,Hassi R'Mel,Field A,Equipment-7967,EQ-07967,venting,,5113.65,,2025,12
Marketing,Production,Berkine,Field B,Equipment-7968,EQ-07968,combustion,Natural Gas,9141.9,scf,2025,8
Exploration & Production,Production,Berkine,Block 1,Equipment-7969,EQ-07969,combustion,Natural Gas,6921.44,scf,2023,7
Transportation,Drilling,Adrar,Block 2,Equipment-7970,EQ-07970,venting,,3710.45,,2023,11
Marketing,Operations,Berkine,Field B,Equipment-7971,EQ-07971,combustion,Fuel Gas,1472.28,gal,2024,12
Marketing,Drilling,Rhourde Nouss,Field B,Equipment-7972,EQ-07972,venting,,8828.09,,2022,9
Transportation,Operations,Adrar,Area Y,Equipment-7973,EQ-07973,flaring,,4234.97,,2023,2
Refining,Drilling,Hassi R'Mel,Field A,Equipment-7974,EQ-07974,flaring,Diesel,7486.51,gal,2023,5
Transportation,Logistics,Illizi,Block 1,Equipment-7975,EQ-07975,fugitive,,3452.26,,2024,3
Exploration & Production,Drilling,Adrar,Block 2,Equipment-7976,EQ-07976,venting,,4627.47,,2023,8
Marketing,Logistics,Illizi,Area X,Equipment-7977,EQ-07977,drilling,,9232.74,,2024,4
Transportation,Operations,Rhourde Nouss,Block 1,Equipment-7978,EQ-07978,combustion,Propane,2350.09,gal,2024,5
Transportation,Drilling,Rhourde Nouss,Area Y,Equipment-7979,EQ-07979,venting,,5399.65,,2025,9
Exploration & Production,Operations,Hassi Messaoud,Block 2,Equipment-7980,EQ-07980,flaring,Fuel Gas,987.34,gal,2024,2
Refining,Logistics,Rhourde Nouss,Field A,Equipment-7981,EQ-07981,fugitive,,5551.09,,2022,6
Marketing,Drilling,Hassi Messaoud,Field B,Equipment-7982,EQ-07982,drilling,,5531.05,,2022,11
Transportation,Drilling,In Salah,Block 1,Equipment-7983,EQ-07983,fugitive,,8145.22,,2022,7
Marketing,Drilling,Adrar,Field B,Equipment-7984,EQ-07984,fugitive,,6045.25,,2023,11
Transportation,Operations,Hassi Messaoud,Block 2,Equipment-7985,EQ-07985,venting,,2590.9,,2025,3
Refining,Drilling,Berkine,Area X,Equipment-7986,EQ-07986,flaring,Fuel Gas,6912.47,gal,2023,11
Transportation,Drilling,In Salah,Block 2,Equipment-7987,EQ-07987,fugitive,,4453.38,,2024,3
Transportation,Operations,In Salah,Field A,Equipment-7988,EQ-07988,venting,,3308.17,,2023,5
Exploration & Production,Drilling,Hassi R'Mel,Area Y,Equipment-7989,EQ-07989,flaring,Natural Gas,9785.08,scf,2022,5
Marketing,Production,Adrar,Area Y,Equipment-7990,EQ-07990,fugitive,,8853.93,,2022,6
Transportation,Operations,Hassi R'Mel,Block 1,Equipment-7991,EQ-07991,venting,,1204.25,,2023,6
Exploration & Production,Operations,Berkine,Block 1,Equipment-7992,EQ-07992,venting,,3776.24,,2023,9
Marketing,Drilling,Illizi,Field A,Equipment-7993,EQ-07993,combustion,Propane,7684.93,gal,2023,6
Exploration & Production,Logistics,Rhourde Nouss,Block 1,Equipment-7994,EQ-07994,drilling,,3146.36,,2023,10
Exploration & Production,Drilling,Hassi Messaoud,Block 2,Equipment-7995,EQ-07995,combustion,Propane,8419.76,gal,2023,11
Exploration & Production,Production,In Salah,Field A,Equipment-7996,EQ-07996,fugitive,,3321.1,,2023,3
Transportation,Drilling,Illizi,Block 1,Equipment-7997,EQ-07997,drilling,,449.62,,2022,6
Marketing,Production,In Salah,Block 2,Equipment-7998,EQ-07998,combustion,Diesel,5297.55,gal,2022,3
Transportation,Drilling,Illizi,Area X,Equipment-7999,EQ-07999,fugitive,,7936.41,,2022,9
Exploration & Production,Logistics,Illizi,Area Y,Equipment-8000,EQ-08000,combustion,Diesel,1728.63,gal,2022,3
Refining,Logistics,Hassi Messaoud,Area X,Equipment-8001,EQ-08001,fugitive,,3348.81,,2025,10
Transportation,Operations,Rhourde Nouss,Field A,Equipment-8002,EQ-08002,venting,,96.6,,2022,1
Marketing,Production,Hassi Messaoud,Field A,Equipment-8003,EQ-08003,drilling,,5314.04,,2023,1
Marketing,Logistics,In Salah,Block 1,Equipment-8004,EQ-08004,flaring,,7694.67,,2024,9
Exploration & Production,Operations,Rhourde Nouss,Area X,Equipment-8005,EQ-08005,fugitive,,6796.69,,2025,1
Marketing,Drilling,Rhourde Nouss,Block 1,Equipment-8006,EQ-08006,combustion,Fuel Gas,8447.96,gal,2022,11
Exploration & Production,Operations,Illizi,Field B,Equipment-8007,EQ-08007,drilling,,5917.94,,2022,5
Transportation,Operations,Illizi,Area Y,Equipment-8008,EQ-08008,venting,,3253.59,,2023,12
Marketing,Logistics,Rhourde Nouss,Field A,Equipment-8009,EQ-08009,fugitive,,7825.41,,2024,12
Exploration & Production,Drilling,Illizi,Field B,Equipment-8010,EQ-08010,venting,,5937.63,,2023,6
Transportation,Logistics,Illizi,Block 2,Equipment-8011,EQ-08011,combustion,Propane,4545.13,gal,2022,8
Marketing,Drilling,Rhourde Nouss,Area Y,Equipment-8012,EQ-08012,drilling,,7276.3,,2024,8
Exploration & Production,Logistics,Illizi,Field B,Equipment-8013,EQ-08013,combustion,Fuel Gas,6708.83,gal,2022,4
Transportation,Production,Berkine,Field B,Equipment-8014,EQ-08014,fugitive,,3390.0,,2023,1
Exploration & Production,Drilling,Hassi R'Mel,Block 2,Equipment-8015,EQ-08015,drilling,,2700.85,,2022,11
Transportation,Production,Adrar,Block 1,Equipment-8016,EQ-08016,venting,,9929.62,,2024,12
Refining,Drilling,Berkine,Area Y,Equipment-8017,EQ-08017,flaring,Fuel Gas,1369.41,gal,2022,7
Transportation,Operations,Hassi R'Mel,Area Y,Equipment-8018,EQ-08018,combustion,Diesel,4736.67,gal,2022,6
Transportation,Production,Hassi R'Mel,Field B,Equipment-8019,EQ-08019,venting,,9658.62,,2025,5
Refining,Production,Hassi Messaoud,Block 1,Equipment-8020,EQ-08020,drilling,,3304.88,,2024,6
Exploration & Production,Production,Hassi R'Mel,Field A,Equipment-8021,EQ-08021,combustion,Natural Gas,1232.99,scf,2023,7
Refining,Production,Hassi R'Mel,Area Y,Equipment-8022,EQ-08022,combustion,Diesel,501.41,gal,2025,1
Refining,Logistics,Hassi R'Mel,Area X,Equipment-8023,EQ-08023,combustion,,2600.44,,2025,8
Transportation,Operations,Adrar,Field B,Equipment-8024,EQ-08024,venting,,5146.98,,2022,3
Transportation,Operations,Hassi R'Mel,Area X,Equipment-8025,EQ-08025,drilling,,330.54,,2024,8
Refining,Drilling,Hassi R'Mel,Block 2,Equipment-8026,EQ-08026,combustion,Natural Gas,4700.38,scf,2024,1
Exploration & Production,Operations,Hassi Messaoud,Block 1,Equipment-8027,EQ-08027,drilling,,3213.53,,2024,1
Exploration & Production,Production,In Salah,Field B,Equipment-8028,EQ-08028,drilling,,2326.31,,2023,9
Transportation,Operations,Hassi Messaoud,Area X,Equipment-8029,EQ-08029,venting,,5501.75,,2023,10
Refining,Drilling,Hassi Messaoud,Area Y,Equipment-8030,EQ-08030,venting,,9621.22,,2025,2
Refining,Drilling,Illizi,Block 2,Equipment-8031,EQ-08031,venting,,2832.04,,2024,6
Marketing,Operations,Hassi R'Mel,Area X,Equipment-8032,EQ-08032,drilling,,3100.69,,2023,12
Marketing,Operations,Rhourde Nouss,Area Y,Equipment-8033,EQ-08033,combustion,,7484.36,,2023,8
Transportation,Drilling,Berkine,Field A,Equipment-8034,EQ-08034,venting,,7934.19,,2024,5
Transportation,Drilling,Rhourde Nouss,Area X,Equipment-8035,EQ-08035,drilling,,2953.22,,2022,4
Refining,Logistics,In Salah,Block 2,Equipment-8036,EQ-08036,fugitive,,4908.5,,2025,4
Exploration & Production,Logistics,Adrar,Block 2,Equipment-8037,EQ-08037,combustion,Propane,3285.58,gal,2025,12
Exploration & Production,Drilling,In Salah,Field B,Equipment-8038,EQ-08038,fugitive,,3274.44,,2025,7
Refining,Logistics,Berkine,Block 1,Equipment-8039,EQ-08039,venting,,3933.58,,2023,2
Marketing,Logistics,Hassi Messaoud,Area X,Equipment-8040,EQ-08040,drilling,,8762.62,,2024,5
Marketing,Operations,Hassi R'Mel,Field B,Equipment-8041,EQ-08041,combustion,,9228.13,,2023,7
Transportation,Drilling,Adrar,Field A,Equipment-8042,EQ-08042,flaring,Propane,8695.6,gal,2023,4
Marketing,Production,Adrar,Block 1,Equipment-8043,EQ-08043,drilling,,5442.92,,2022,7
Transportation,Production,Illizi,Area Y,Equipment-8044,EQ-08044,flaring,Propane,9886.25,gal,2025,8
Exploration & Production,Operations,Adrar,Area Y,Equipment-8045,EQ-08045,fugitive,,1767.2,,2024,9
Transportation,Production,In Salah,Field A,Equipment-8046,EQ-08046,flaring,,1551.27,,2024,12
Marketing,Production,Berkine,Field A,Equipment-8047,EQ-08047,fugitive,,3443.67,,2023,9
Exploration & Production,Operations,Berkine,Field A,Equipment-8048,EQ-08048,flaring,,5125.88,,2024,3
Exploration & Production,Production,Adrar,Area X,Equipment-8049,EQ-08049,fugitive,,5288.7,,2025,9
Marketing,Production,Hassi R'Mel,Block 2,Equipment-8050,EQ-08050,fugitive,,1302.47,,2022,1
Exploration & Production,Logistics,Rhourde Nouss,Field B,Equipment-8051,EQ-08051,venting,,3847.84,,2024,10
Refining,Logistics,In Salah,Block 2,Equipment-8052,EQ-08052,fugitive,,5562.58,,2023,7
Exploration & Production,Logistics,Hassi R'Mel,Block 1,Equipment-8053,EQ-08053,venting,,6702.29,,2023,12
Exploration & Production,Production,Rhourde Nouss,Field A,Equipment-8054,EQ-08054,combustion,Propane,6705.29,gal,2024,1
Exploration & Production,Drilling,Berkine,Block 2,Equipment-8055,EQ-08055,drilling,,3073.1,,2024,3
Refining,Production,Hassi Messaoud,Block 2,Equipment-8056,EQ-08056,flaring,Fuel Gas,3478.78,gal,2023,5
Marketing,Drilling,Hassi R'Mel,Field B,Equipment-8057,EQ-08057,fugitive,,5930.69,,2022,2
Marketing,Operations,Rhourde Nouss,Area Y,Equipment-8058,EQ-08058,combustion,Natural Gas,4458.31,scf,2025,11
Marketing,Logistics,Berkine,Area Y,Equipment-8059,EQ-08059,fugitive,,1628.06,,2024,10
Exploration & Production,Operations,Hassi Messaoud,Field B,Equipment-8060,EQ-08060,venting,,1438.15,,2024,5
Marketing,Production,Berkine,Block 2,Equipment-8061,EQ-08061,flaring,Natural Gas,2886.14,scf,2024,10
Transportation,Operations,Hassi Messaoud,Block 1,Equipment-8062,EQ-08062,drilling,,2024.33,,2024,1
Transportation,Drilling,Adrar,Block 1,Equipment-8063,EQ-08063,venting,,1675.97,,2023,3
Transportation,Drilling,Adrar,Area Y,Equipment-8064,EQ-08064,venting,,3453.81,,2024,3
Marketing,Logistics,Berkine,Block 2,Equipment-8065,EQ-08065,fugitive,,8499.39,,2025,12
Transportation,Drilling,Berkine,Area Y,Equipment-8066,EQ-08066,venting,,1054.64,,2025,4
Transportation,Production,Illizi,Block 2,Equipment-8067,EQ-08067,venting,,1261.3,,2024,7
Exploration & Production,Operations,Adrar,Area X,Equipment-8068,EQ-08068,combustion,,7243.8,,2023,5
Transportation,Operations,Adrar,Area X,Equipment-8069,EQ-08069,fugitive,,3521.93,,2025,3
Refining,Production,In Salah,Field A,Equipment-8070,EQ-08070,fugitive,,1445.65,,2023,10
Refining,Production,Rhourde Nouss,Area Y,Equipment-8071,EQ-08071,drilling,,8201.13,,2023,12
Refining,Operations,Illizi,Field A,Equipment-8072,EQ-08072,flaring,Propane,9766.56,gal,2022,5
Marketing,Drilling,Hassi Messaoud,Field A,Equipment-8073,EQ-08073,fugitive,,8254.82,,2023,10
Refining,Drilling,In Salah,Block 2,Equipment-8074,EQ-08074,flaring,Propane,7067.05,gal,2022,7
Refining,Production,Berkine,Block 2,Equipment-8075,EQ-08075,flaring,Propane,5686.6,gal,2025,9
Exploration & Production,Drilling,Adrar,Area Y,Equipment-8076,EQ-08076,drilling,,1864.09,,2025,9
Refining,Operations,Berkine,Block 1,Equipment-8077,EQ-08077,fugitive,,4031.46,,2024,1
Marketing,Operations,In Salah,Block 2,Equipment-8078,EQ-08078,combustion,Propane,3520.06,gal,2022,9
Exploration & Production,Drilling,Berkine,Block 1,Equipment-8079,EQ-08079,fugitive,,3187.29,,2025,3
Marketing,Operations,Adrar,Area X,Equipment-8080,EQ-08080,venting,,4848.19,,2022,2
Marketing,Operations,Hassi R'Mel,Field A,Equipment-8081,EQ-08081,combustion,Fuel Gas,7813.28,gal,2023,11
Marketing,Operations,Illizi,Field B,Equipment-8082,EQ-08082,combustion,Propane,8161.46,gal,2025,5
Refining,Operations,In Salah,Field A,Equipment-8083,EQ-08083,drilling,,5681.19,,2025,5
Marketing,Operations,Berkine,Area X,Equipment-8084,EQ-08084,drilling,,4815.78,,2025,1
Marketing,Logistics,Rhourde Nouss,Field A,Equipment-8085,EQ-08085,fugitive,,6528.54,,2025,12
Exploration & Production,Logistics,In Salah,Area Y,Equipment-8086,EQ-08086,flaring,Propane,5179.87,gal,2024,8
Refining,Production,Illizi,Block 2,Equipment-8087,EQ-08087,combustion,Fuel Gas,2116.1,gal,2024,6
Marketing,Operations,In Salah,Field A,Equipment-8088,EQ-08088,combustion,Propane,5290.77,gal,2025,8
Marketing,Production,Berkine,Field B,Equipment-8089,EQ-08089,venting,,5155.49,,2023,10
Transportation,Production,Hassi R'Mel,Area X,Equipment-8090,EQ-08090,flaring,,6575.04,,2024,5
Exploration & Production,Drilling,Hassi R'Mel,Area Y,Equipment-8091,EQ-08091,combustion,Natural Gas,4036.14,scf,2022,11
Transportation,Operations,Rhourde Nouss,Area X,Equipment-8092,EQ-08092,combustion,Natural Gas,831.5,scf,2025,11
Exploration & Production,Production,Berkine,Area Y,Equipment-8093,EQ-08093,venting,,1078.45,,2024,11
Exploration & Production,Logistics,Berkine,Field B,Equipment-8094,EQ-08094,fugitive,,2580.97,,2022,1
Refining,Operations,Hassi Messaoud,Block 2,Equipment-8095,EQ-08095,flaring,Fuel Gas,3674.27,gal,2022,12
Marketing,Production,In Salah,Field A,Equipment-8096,EQ-08096,venting,,976.24,,2024,5
Refining,Production,Hassi R'Mel,Field A,Equipment-8097,EQ-08097,drilling,,2726.99,,2022,10
Refining,Logistics,Berkine,Block 1,Equipment-8098,EQ-08098,venting,,1049.29,,2024,8
Transportation,Operations,Rhourde Nouss,Field B,Equipment-8099,EQ-08099,flaring,Diesel,8645.9,gal,2024,4
Refining,Logistics,Hassi Messaoud,Area X,Equipment-8100,EQ-08100,venting,,5103.94,,2022,6
Transportation,Operations,Hassi R'Mel,Area X,Equipment-8101,EQ-08101,fugitive,,2166.18,,2025,3
Exploration & Production,Operations,Illizi,Area Y,Equipment-8102,EQ-08102,drilling,,19.72,,2022,5
Refining,Operations,Illizi,Block 1,Equipment-8103,EQ-08103,venting,,3194.76,,2022,3
Marketing,Drilling,Berkine,Block 1,Equipment-8104,EQ-08104,combustion,Natural Gas,6986.76,scf,2024,6
Transportation,Operations,Rhourde Nouss,Field A,Equipment-8105,EQ-08105,flaring,Natural Gas,1465.07,scf,2022,5
Refining,Logistics,Berkine,Field B,Equipment-8106,EQ-08106,fugitive,,2864.22,,2023,12
Refining,Operations,Berkine,Field A,Equipment-8107,EQ-08107,combustion,Propane,8472.25,gal,2024,12
Refining,Operations,In Salah,Area Y,Equipment-8108,EQ-08108,fugitive,,1750.48,,2024,4
Refining,Drilling,Illizi,Block 1,Equipment-8109,EQ-08109,flaring,Natural Gas,9872.65,scf,2022,10
Transportation,Operations,Hassi Messaoud,Field A,Equipment-8110,EQ-08110,fugitive,,206.34,,2023,10
Refining,Operations,Rhourde Nouss,Field B,Equipment-8111,EQ-08111,venting,,4774.94,,2025,1
Marketing,Operations,In Salah,Area Y,Equipment-8112,EQ-08112,combustion,,8864.9,,2025,7
Exploration & Production,Logistics,Berkine,Field A,Equipment-8113,EQ-08113,fugitive,,4625.48,,2022,8
Exploration & Production,Production,Hassi R'Mel,Field A,Equipment-8114,EQ-08114,combustion,Diesel,7852.46,gal,2022,11
Refining,Operations,Hassi Messaoud,Area X,Equipment-8115,EQ-08115,fugitive,,2124.91,,2022,7
Marketing,Operations,Hassi R'Mel,Field B,Equipment-8116,EQ-08116,drilling,,8238.42,,2025,2
Refining,Logistics,Illizi,Area X,Equipment-8117,EQ-08117,venting,,9440.15,,2024,5
Refining,Operations,Adrar,Field B,Equipment-8118,EQ-08118,flaring,Natural Gas,3875.21,scf,2022,8
Exploration & Production,Production,Illizi,Area Y,Equipment-8119,EQ-08119,drilling,,2804.53,,2022,9
Marketing,Drilling,Rhourde Nouss,Field A,Equipment-8120,EQ-08120,combustion,Propane,6035.49,gal,2024,10
Transportation,Operations,Adrar,Area Y,Equipment-8121,EQ-08121,drilling,,2294.07,,2023,12
Marketing,Drilling,Rhourde Nouss,Block 2,Equipment-8122,EQ-08122,fugitive,,2343.06,,2025,8
Exploration & Production,Logistics,In Salah,Area Y,Equipment-8123,EQ-08123,drilling,,7956.45,,2025,5
Exploration & Production,Drilling,Illizi,Area X,Equipment-8124,EQ-08124,flaring,Diesel,742.75,gal,2024,3
Refining,Production,Berkine,Block 1,Equipment-8125,EQ-08125,combustion,Fuel Gas,5105.47,gal,2025,2
Exploration & Production,Production,Hassi R'Mel,Area Y,Equipment-8126,EQ-08126,fugitive,,2410.46,,2023,6
Exploration & Production,Logistics,Rhourde Nouss,Area X,Equipment-8127,EQ-08127,drilling,,1315.32,,2024,12
Exploration & Production,Operations,Berkine,Field A,Equipment-8128,EQ-08128,fugitive,,1066.86,,2025,11
Marketing,Operations,In Salah,Block 1,Equipment-8129,EQ-08129,drilling,,7974.44,,2022,4
Refining,Logistics,Hassi R'Mel,Block 1,Equipment-8130,EQ-08130,combustion,Fuel Gas,4581.89,gal,2022,10
Refining,Drilling,Hassi R'Mel,Area X,Equipment-8131,EQ-08131,combustion,Fuel Gas,687.26,gal,2024,6
Marketing,Operations,Illizi,Block 1,Equipment-8132,EQ-08132,drilling,,895.89,,2024,6
Exploration & Production,Operations,In Salah,Field A,Equipment-8133,EQ-08133,flaring,Diesel,512.9,gal,2023,3
Exploration & Production,Operations,Illizi,Area Y,Equipment-8134,EQ-08134,venting,,6705.58,,2024,5
Exploration & Production,Drilling,In Salah,Block 2,Equipment-8135,EQ-08135,combustion,Fuel Gas,1133.79,gal,2025,3
Exploration & Production,Drilling,Illizi,Area Y,Equipment-8136,EQ-08136,fugitive,,575.0,,2025,9
Refining,Logistics,Adrar,Area X,Equipment-8137,EQ-08137,drilling,,9927.42,,2023,3
Marketing,Logistics,In Salah,Field A,Equipment-8138,EQ-08138,combustion,Natural Gas,9885.04,scf,2025,9
Marketing,Drilling,Illizi,Field A,Equipment-8139,EQ-08139,flaring,Fuel Gas,9846.43,gal,2023,4
Exploration & Production,Drilling,Hassi R'Mel,Area X,Equipment-8140,EQ-08140,drilling,,8295.63,,2022,1
Marketing,Drilling,Illizi,Field A,Equipment-8141,EQ-08141,flaring,Natural Gas,9425.36,scf,2024,5
Marketing,Logistics,Berkine,Block 1,Equipment-8142,EQ-08142,flaring,Diesel,9327.07,gal,2024,3
Transportation,Operations,Hassi R'Mel,Field A,Equipment-8143,EQ-08143,venting,,4432.5,,2024,3
Refining,Operations,Berkine,Field B,Equipment-8144,EQ-08144,flaring,Fuel Gas,7073.36,gal,2024,7
Transportation,Operations,Berkine,Field A,Equipment-8145,EQ-08145,combustion,Propane,5647.57,gal,2023,11
Refining,Production,Illizi,Area X,Equipment-8146,EQ-08146,drilling,,5689.77,,2025,6
Transportation,Logistics,In Salah,Block 2,Equipment-8147,EQ-08147,fugitive,,3156.82,,2025,8
Marketing,Logistics,Berkine,Area Y,Equipment-8148,EQ-08148,combustion,Natural Gas,4138.43,scf,2023,8
Marketing,Logistics,Berkine,Field A,Equipment-8149,EQ-08149,drilling,,8381.3,,2025,6
Marketing,Drilling,In Salah,Field A,Equipment-8150,EQ-08150,fugitive,,2080.59,,2022,5
Transportation,Production,Illizi,Block 2,Equipment-8151,EQ-08151,venting,,8981.29,,2023,4
Transportation,Production,Rhourde Nouss,Block 2,Equipment-8152,EQ-08152,flaring,Diesel,8426.03,gal,2024,1
Exploration & Production,Logistics,Adrar,Field A,Equipment-8153,EQ-08153,fugitive,,4413.59,,2025,3
Refining,Drilling,Hassi Messaoud,Block 1,Equipment-8154,EQ-08154,venting,,7382.57,,2023,12
Exploration & Production,Logistics,Berkine,Block 1,Equipment-8155,EQ-08155,drilling,,6199.13,,2025,10
Exploration & Production,Production,In Salah,Block 2,Equipment-8156,EQ-08156,flaring,,2738.81,,2023,8
Transportation,Production,Illizi,Field A,Equipment-8157,EQ-08157,drilling,,4483.94,,2024,9
Refining,Drilling,Hassi Messaoud,Block 1,Equipment-8158,EQ-08158,fugitive,,1818.19,,2023,5
Marketing,Drilling,Adrar,Area Y,Equipment-8159,EQ-08159,venting,,9189.8,,2023,5
Refining,Production,In Salah,Area Y,Equipment-8160,EQ-08160,combustion,Propane,4557.0,gal,2024,11
Transportation,Logistics,Berkine,Block 1,Equipment-8161,EQ-08161,drilling,,3352.62,,2023,5
Transportation,Operations,Rhourde Nouss,Area Y,Equipment-8162,EQ-08162,flaring,,1322.79,,2025,7
Transportation,Logistics,Rhourde Nouss,Field A,Equipment-8163,EQ-08163,venting,,4163.19,,2023,6
Marketing,Logistics,Hassi R'Mel,Field A,Equipment-8164,EQ-08164,fugitive,,7519.19,,2025,7
Marketing,Operations,Rhourde Nouss,Area X,Equipment-8165,EQ-08165,venting,,5529.49,,2025,2
Refining,Drilling,In Salah,Area Y,Equipment-8166,EQ-08166,drilling,,5185.56,,2023,3
Transportation,Drilling,Berkine,Area Y,Equipment-8167,EQ-08167,venting,,1632.28,,2024,6
Marketing,Operations,Adrar,Field B,Equipment-8168,EQ-08168,venting,,7984.04,,2022,7
Refining,Production,Illizi,Area Y,Equipment-8169,EQ-08169,flaring,Diesel,4287.28,gal,2022,10
Refining,Production,Berkine,Field B,Equipment-8170,EQ-08170,combustion,Natural Gas,4099.87,scf,2023,2
Marketing,Operations,Hassi R'Mel,Block 1,Equipment-8171,EQ-08171,fugitive,,111.57,,2024,12
Refining,Drilling,Berkine,Area X,Equipment-8172,EQ-08172,combustion,,7878.81,,2024,4
Transportation,Operations,Rhourde Nouss,Block 2,Equipment-8173,EQ-08173,fugitive,,7370.02,,2024,2
Marketing,Production,Rhourde Nouss,Area X,Equipment-8174,EQ-08174,flaring,Natural Gas,9503.6,scf,2024,2
Transportation,Operations,Rhourde Nouss,Block 1,Equipment-8175,EQ-08175,combustion,Diesel,5437.58,gal,2023,2
Marketing,Logistics,Illizi,Area X,Equipment-8176,EQ-08176,fugitive,,5289.43,,2022,8
Refining,Production,Illizi,Block 1,Equipment-8177,EQ-08177,flaring,,8561.32,,2022,11
Exploration & Production,Production,Illizi,Area X,Equipment-8178,EQ-08178,fugitive,,7634.09,,2024,12
Refining,Operations,Hassi Messaoud,Block 1,Equipment-8179,EQ-08179,fugitive,,2937.42,,2025,2
Exploration & Production,Logistics,Hassi Messaoud,Area Y,Equipment-8180,EQ-08180,drilling,,5570.03,,2022,11
Transportation,Production,Illizi,Area Y,Equipment-8181,EQ-08181,venting,,7040.6,,2024,2
Marketing,Logistics,Illizi,Field A,Equipment-8182,EQ-08182,flaring,Diesel,2963.48,gal,2023,7
Marketing,Production,Hassi Messaoud,Block 2,Equipment-8183,EQ-08183,drilling,,8667.52,,2023,4
Exploration & Production,Drilling,Hassi Messaoud,Field A,Equipment-8184,EQ-08184,combustion,,3774.67,,2022,9
Transportation,Production,Hassi Messaoud,Block 1,Equipment-8185,EQ-08185,combustion,Propane,780.73,gal,2022,3
Refining,Logistics,Rhourde Nouss,Field A,Equipment-8186,EQ-08186,flaring,,5600.4,,2025,7
Marketing,Logistics,Adrar,Area X,Equipment-8187,EQ-08187,flaring,Propane,1378.91,gal,2025,1
Marketing,Operations,Illizi,Block 1,Equipment-8188,EQ-08188,fugitive,,5939.13,,2022,4
Exploration & Production,Operations,In Salah,Block 2,Equipment-8189,EQ-08189,venting,,623.01,,2022,5
Marketing,Operations,Adrar,Field B,Equipment-8190,EQ-08190,combustion,Fuel Gas,7539.86,gal,2022,5
Transportation,Production,Rhourde Nouss,Block 2,Equipment-8191,EQ-08191,flaring,Propane,2599.85,gal,2023,10
Transportation,Operations,Hassi R'Mel,Block 1,Equipment-8192,EQ-08192,venting,,6222.13,,2023,6
Marketing,Production,Illizi,Field A,Equipment-8193,EQ-08193,fugitive,,5507.81,,2023,10
Marketing,Drilling,Illizi,Field B,Equipment-8194,EQ-08194,drilling,,1580.56,,2022,5
Refining,Operations,Adrar,Area X,Equipment-8195,EQ-08195,venting,,667.91,,2023,5
Exploration & Production,Operations,Rhourde Nouss,Area X,Equipment-8196,EQ-08196,fugitive,,3183.04,,2024,7
Marketing,Operations,Hassi Messaoud,Field B,Equipment-8197,EQ-08197,combustion,Diesel,8266.99,gal,2024,6
Marketing,Operations,Rhourde Nouss,Field A,Equipment-8198,EQ-08198,fugitive,,7165.85,,2023,1
Refining,Logistics,In Salah,Block 1,Equipment-8199,EQ-08199,combustion,Fuel Gas,2798.14,gal,2024,7
Exploration & Production,Logistics,Rhourde Nouss,Block 1,Equipment-8200,EQ-08200,flaring,Fuel Gas,1837.89,gal,2022,3
Refining,Logistics,In Salah,Field B,Equipment-8201,EQ-08201,drilling,,145.42,,2022,6
Refining,Production,Rhourde Nouss,Area Y,Equipment-8202,EQ-08202,fugitive,,7437.69,,2023,3
Transportation,Drilling,Adrar,Block 1,Equipment-8203,EQ-08203,drilling,,781.76,,2022,11
Transportation,Operations,Berkine,Block 2,Equipment-8204,EQ-08204,combustion,Diesel,858.1,gal,2024,5
Exploration & Production,Operations,Hassi Messaoud,Block 1,Equipment-8205,EQ-08205,flaring,Propane,2406.22,gal,2024,3
Transportation,Logistics,Berkine,Block 2,Equipment-8206,EQ-08206,drilling,,522.69,,2025,12
Exploration & Production,Operations,Illizi,Area Y,Equipment-8207,EQ-08207,flaring,Diesel,3109.08,gal,2022,9
Transportation,Production,Hassi R'Mel,Block 2,Equipment-8208,EQ-08208,venting,,93.53,,2024,8
Exploration & Production,Drilling,Berkine,Area X,Equipment-8209,EQ-08209,combustion,Propane,1892.06,gal,2022,1
Marketing,Operations,Illizi,Area Y,Equipment-8210,EQ-08210,drilling,,5682.97,,2023,9
Marketing,Operations,Illizi,Area X,Equipment-8211,EQ-08211,drilling,,9518.33,,2023,12
Refining,Operations,Rhourde Nouss,Block 2,Equipment-8212,EQ-08212,combustion,Fuel Gas,9982.69,gal,2025,11
Marketing,Logistics,Berkine,Block 2,Equipment-8213,EQ-08213,flaring,,7865.21,,2022,11
Exploration & Production,Production,Berkine,Block 1,Equipment-8214,EQ-08214,fugitive,,1671.58,,2025,5
Exploration & Production,Production,Illizi,Block 2,Equipment-8215,EQ-08215,fugitive,,3665.73,,2022,6
Transportation,Production,Rhourde Nouss,Area Y,Equipment-8216,EQ-08216,venting,,1672.39,,2024,7
Refining,Production,Berkine,Block 2,Equipment-8217,EQ-08217,drilling,,4115.57,,2024,5
Marketing,Logistics,Illizi,Area Y,Equipment-8218,EQ-08218,combustion,Diesel,5319.91,gal,2024,4
Marketing,Operations,Adrar,Field B,Equipment-8219,EQ-08219,combustion,Propane,1636.52,gal,2023,12
Exploration & Production,Drilling,Berkine,Block 1,Equipment-8220,EQ-08220,drilling,,3475.76,,2024,1
Marketing,Production,In Salah,Area X,Equipment-8221,EQ-08221,combustion,Propane,4957.52,gal,2022,4
Exploration & Production,Drilling,Hassi R'Mel,Field A,Equipment-8222,EQ-08222,drilling,,7462.62,,2022,7
Refining,Operations,Adrar,Field A,Equipment-8223,EQ-08223,flaring,Propane,9645.8,gal,2024,12
Exploration & Production,Operations,Berkine,Area Y,Equipment-8224,EQ-08224,combustion,Diesel,9032.22,gal,2025,1
Transportation,Operations,Adrar,Area Y,Equipment-8225,EQ-08225,flaring,Diesel,7976.03,gal,2022,10
Marketing,Logistics,In Salah,Field B,Equipment-8226,EQ-08226,flaring,Diesel,5836.24,gal,2022,8
Refining,Operations,Hassi R'Mel,Block 1,Equipment-8227,EQ-08227,fugitive,,8404.23,,2025,1
Transportation,Production,Hassi Messaoud,Block 2,Equipment-8228,EQ-08228,venting,,1584.73,,2022,9
Refining,Drilling,In Salah,Area Y,Equipment-8229,EQ-08229,drilling,,3419.61,,2024,3
Exploration & Production,Logistics,Berkine,Field A,Equipment-8230,EQ-08230,combustion,,8573.85,,2025,1
Marketing,Logistics,In Salah,Block 1,Equipment-8231,EQ-08231,drilling,,3478.48,,2024,10
Transportation,Production,Rhourde Nouss,Block 1,Equipment-8232,EQ-08232,fugitive,,7537.73,,2024,8
Transportation,Production,Hassi R'Mel,Field A,Equipment-8233,EQ-08233,venting,,4547.78,,2024,10
Refining,Drilling,In Salah,Field B,Equipment-8234,EQ-08234,flaring,Diesel,5791.02,gal,2022,7
Exploration & Production,Drilling,Hassi Messaoud,Field B,Equipment-8235,EQ-08235,flaring,Diesel,9072.1,gal,2022,6
Exploration & Production,Logistics,In Salah,Block 1,Equipment-8236,EQ-08236,combustion,Propane,7529.79,gal,2025,10
Transportation,Production,Hassi Messaoud,Block 2,Equipment-8237,EQ-08237,venting,,4158.85,,2022,6
Transportation,Logistics,Adrar,Block 2,Equipment-8238,EQ-08238,venting,,4416.82,,2024,7
Refining,Operations,Adrar,Area X,Equipment-8239,EQ-08239,fugitive,,7281.42,,2022,11
Marketing,Production,Berkine,Block 1,Equipment-8240,EQ-08240,combustion,Diesel,7710.91,gal,2022,7
Refining,Operations,In Salah,Area Y,Equipment-8241,EQ-08241,drilling,,2139.65,,2022,1
Transportation,Production,Hassi Messaoud,Block 2,Equipment-8242,EQ-08242,flaring,Diesel,3147.78,gal,2022,1
Marketing,Operations,Rhourde Nouss,Area Y,Equipment-8243,EQ-08243,fugitive,,174.94,,2025,2
Transportation,Drilling,Berkine,Field A,Equipment-8244,EQ-08244,combustion,Natural Gas,4007.65,scf,2025,8
Refining,Logistics,Hassi Messaoud,Block 2,Equipment-8245,EQ-08245,drilling,,359.24,,2022,8
Exploration & Production,Drilling,Berkine,Field A,Equipment-8246,EQ-08246,drilling,,125.3,,2023,4
Exploration & Production,Drilling,Rhourde Nouss,Field A,Equipment-8247,EQ-08247,flaring,Fuel Gas,9850.1,gal,2023,11
Transportation,Logistics,Hassi Messaoud,Field A,Equipment-8248,EQ-08248,drilling,,9683.51,,2024,12
Exploration & Production,Operations,Rhourde Nouss,Block 1,Equipment-8249,EQ-08249,drilling,,3750.6,,2024,8
Transportation,Operations,In Salah,Block 1,Equipment-8250,EQ-08250,drilling,,3985.05,,2025,7
Refining,Operations,Rhourde Nouss,Field A,Equipment-8251,EQ-08251,flaring,Natural Gas,6551.23,scf,2025,9
Transportation,Drilling,Hassi Messaoud,Field B,Equipment-8252,EQ-08252,venting,,7927.26,,2023,5
Transportation,Production,Adrar,Area Y,Equipment-8253,EQ-08253,drilling,,8985.36,,2024,6
Transportation,Logistics,Illizi,Area X,Equipment-8254,EQ-08254,venting,,6689.4,,2025,3
Refining,Logistics,Hassi R'Mel,Area Y,Equipment-8255,EQ-08255,combustion,,6919.42,,2025,9
Refining,Operations,Adrar,Field A,Equipment-8256,EQ-08256,fugitive,,7810.51,,2023,6
Exploration & Production,Operations,Hassi R'Mel,Area Y,Equipment-8257,EQ-08257,combustion,Fuel Gas,5295.49,gal,2023,7
Transportation,Operations,Adrar,Block 2,Equipment-8258,EQ-08258,combustion,,1120.95,,2022,6
Exploration & Production,Drilling,Rhourde Nouss,Block 2,Equipment-8259,EQ-08259,flaring,,3858.49,,2025,8
Transportation,Logistics,Berkine,Area X,Equipment-8260,EQ-08260,fugitive,,7844.4,,2025,4
Transportation,Logistics,Adrar,Block 2,Equipment-8261,EQ-08261,fugitive,,4119.66,,2022,4
Exploration & Production,Operations,Hassi Messaoud,Block 1,Equipment-8262,EQ-08262,flaring,,9428.55,,2025,2
Marketing,Production,Rhourde Nouss,Field B,Equipment-8263,EQ-08263,venting,,7178.83,,2023,7
Marketing,Operations,Rhourde Nouss,Area X,Equipment-8264,EQ-08264,combustion,Fuel Gas,7668.03,gal,2022,4
Marketing,Logistics,Rhourde Nouss,Block 1,Equipment-8265,EQ-08265,drilling,,1553.94,,2025,6
Exploration & Production,Logistics,Hassi Messaoud,Area Y,Equipment-8266,EQ-08266,venting,,2252.43,,2023,12
Transportation,Operations,Adrar,Field A,Equipment-8267,EQ-08267,venting,,4155.27,,2023,1
Exploration & Production,Drilling,Hassi R'Mel,Field A,Equipment-8268,EQ-08268,drilling,,9352.41,,2025,10
Exploration & Production,Logistics,Rhourde Nouss,Area Y,Equipment-8269,EQ-08269,venting,,6541.16,,2024,4
Transportation,Production,Rhourde Nouss,Area X,Equipment-8270,EQ-08270,combustion,,4803.28,,2023,6
Marketing,Production,Hassi R'Mel,Area Y,Equipment-8271,EQ-08271,drilling,,8295.78,,2022,2
Transportation,Logistics,Illizi,Field B,Equipment-8272,EQ-08272,venting,,7145.02,,2022,1
Marketing,Logistics,Berkine,Area Y,Equipment-8273,EQ-08273,fugitive,,1212.26,,2025,4
Refining,Operations,Rhourde Nouss,Block 1,Equipment-8274,EQ-08274,fugitive,,3495.29,,2025,9
Marketing,Drilling,Hassi R'Mel,Block 1,Equipment-8275,EQ-08275,drilling,,7975.09,,2024,7
Refining,Drilling,Hassi R'Mel,Area X,Equipment-8276,EQ-08276,flaring,Fuel Gas,6477.84,gal,2023,11
Refining,Production,Hassi Messaoud,Block 2,Equipment-8277,EQ-08277,drilling,,5189.25,,2025,9
Transportation,Drilling,Hassi Messaoud,Field B,Equipment-8278,EQ-08278,fugitive,,5873.49,,2023,2
Marketing,Logistics,Adrar,Field A,Equipment-8279,EQ-08279,fugitive,,2139.94,,2025,11
Marketing,Operations,Hassi Messaoud,Field B,Equipment-8280,EQ-08280,flaring,,539.31,,2022,6
Marketing,Production,Berkine,Area X,Equipment-8281,EQ-08281,drilling,,9347.01,,2023,4
Refining,Production,In Salah,Area Y,Equipment-8282,EQ-08282,fugitive,,6875.51,,2023,12
Marketing,Production,Rhourde Nouss,Area Y,Equipment-8283,EQ-08283,fugitive,,392.22,,2025,4
Exploration & Production,Drilling,Adrar,Area Y,Equipment-8284,EQ-08284,venting,,7755.24,,2025,4
Refining,Drilling,Adrar,Block 2,Equipment-8285,EQ-08285,venting,,3746.96,,2023,3
Transportation,Production,Berkine,Area X,Equipment-8286,EQ-08286,combustion,,9593.17,,2022,8
Refining,Operations,Illizi,Field A,Equipment-8287,EQ-08287,combustion,Propane,6470.86,gal,2025,9
Exploration & Production,Operations,In Salah,Area Y,Equipment-8288,EQ-08288,combustion,Propane,4354.21,gal,2024,6
Transportation,Operations,Rhourde Nouss,Area Y,Equipment-8289,EQ-08289,drilling,,6083.28,,2024,8
Exploration & Production,Production,Hassi R'Mel,Field A,Equipment-8290,EQ-08290,fugitive,,9081.9,,2025,5
Marketing,Logistics,In Salah,Block 1,Equipment-8291,EQ-08291,venting,,2364.45,,2025,4
Refining,Production,Adrar,Area Y,Equipment-8292,EQ-08292,drilling,,9702.16,,2022,3
Transportation,Logistics,Adrar,Field A,Equipment-8293,EQ-08293,drilling,,3678.21,,2024,12
Marketing,Logistics,Illizi,Field B,Equipment-8294,EQ-08294,fugitive,,191.46,,2024,1
Exploration & Production,Operations,Rhourde Nouss,Field A,Equipment-8295,EQ-08295,combustion,Natural Gas,7213.63,scf,2024,1
Refining,Operations,Rhourde Nouss,Field A,Equipment-8296,EQ-08296,drilling,,2573.98,,2024,5
Refining,Logistics,Hassi R'Mel,Area X,Equipment-8297,EQ-08297,venting,,9041.4,,2023,1
Marketing,Logistics,Rhourde Nouss,Block 1,Equipment-8298,EQ-08298,fugitive,,4717.97,,2023,2
Transportation,Drilling,Hassi Messaoud,Field A,Equipment-8299,EQ-08299,flaring,,2307.87,,2022,11
Refining,Production,Rhourde Nouss,Area Y,Equipment-8300,EQ-08300,flaring,Propane,7381.56,gal,2022,10
Exploration & Production,Logistics,Hassi Messaoud,Field B,Equipment-8301,EQ-08301,flaring,Fuel Gas,3946.68,gal,2024,3
Exploration & Production,Drilling,Hassi R'Mel,Block 2,Equipment-8302,EQ-08302,flaring,Diesel,8088.03,gal,2024,1
Exploration & Production,Production,Hassi R'Mel,Block 2,Equipment-8303,EQ-08303,fugitive,,1192.89,,2023,10
Exploration & Production,Production,Hassi R'Mel,Field A,Equipment-8304,EQ-08304,fugitive,,1389.17,,2024,9
Exploration & Production,Logistics,Adrar,Field B,Equipment-8305,EQ-08305,combustion,Propane,3404.12,gal,2024,11
Transportation,Production,Hassi R'Mel,Block 1,Equipment-8306,EQ-08306,combustion,Propane,6687.53,gal,2025,9
Transportation,Operations,Adrar,Area X,Equipment-8307,EQ-08307,flaring,Natural Gas,279.18,scf,2023,11
Refining,Drilling,Adrar,Block 2,Equipment-8308,EQ-08308,combustion,Diesel,6062.92,gal,2022,3
Exploration & Production,Production,Hassi Messaoud,Block 2,Equipment-8309,EQ-08309,venting,,6384.01,,2023,5
Refining,Logistics,Hassi R'Mel,Area X,Equipment-8310,EQ-08310,flaring,Fuel Gas,4270.82,gal,2024,3
Marketing,Logistics,Adrar,Block 1,Equipment-8311,EQ-08311,flaring,,6954.77,,2023,10
Marketing,Logistics,Adrar,Field B,Equipment-8312,EQ-08312,drilling,,6454.56,,2024,12
Transportation,Drilling,Rhourde Nouss,Area Y,Equipment-8313,EQ-08313,combustion,Fuel Gas,8953.81,gal,2024,1
Exploration & Production,Drilling,Hassi Messaoud,Area Y,Equipment-8314,EQ-08314,combustion,Fuel Gas,4720.22,gal,2022,11
Refining,Operations,Hassi R'Mel,Block 2,Equipment-8315,EQ-08315,drilling,,1619.56,,2023,3
Refining,Drilling,Berkine,Field A,Equipment-8316,EQ-08316,drilling,,1269.21,,2022,11
Marketing,Drilling,Rhourde Nouss,Field B,Equipment-8317,EQ-08317,drilling,,8433.18,,2025,11
Refining,Operations,In Salah,Field A,Equipment-8318,EQ-08318,drilling,,2829.44,,2024,2
Transportation,Production,Berkine,Field A,Equipment-8319,EQ-08319,fugitive,,6100.81,,2024,12
Exploration & Production,Production,Hassi Messaoud,Block 1,Equipment-8320,EQ-08320,flaring,Natural Gas,3976.16,scf,2023,10
Refining,Production,Hassi Messaoud,Block 2,Equipment-8321,EQ-08321,drilling,,1824.69,,2023,5
Transportation,Production,Illizi,Field A,Equipment-8322,EQ-08322,flaring,Fuel Gas,7405.09,gal,2022,7
Refining,Operations,Hassi Messaoud,Block 2,Equipment-8323,EQ-08323,fugitive,,824.07,,2022,6
Refining,Logistics,Hassi Messaoud,Field B,Equipment-8324,EQ-08324,fugitive,,389.33,,2022,5
Marketing,Logistics,Adrar,Area X,Equipment-8325,EQ-08325,drilling,,7729.97,,2023,6
Exploration & Production,Production,Adrar,Block 2,Equipment-8326,EQ-08326,fugitive,,5148.55,,2023,7
Refining,Logistics,Hassi R'Mel,Field A,Equipment-8327,EQ-08327,fugitive,,272.68,,2023,11
Exploration & Production,Production,Adrar,Area Y,Equipment-8328,EQ-08328,drilling,,4009.82,,2023,6
Marketing,Drilling,Illizi,Field A,Equipment-8329,EQ-08329,fugitive,,4942.76,,2025,11
Refining,Production,Illizi,Block 2,Equipment-8330,EQ-08330,fugitive,,9415.39,,2023,12
Transportation,Production,In Salah,Area Y,Equipment-8331,EQ-08331,fugitive,,1369.43,,2022,12
Transportation,Drilling,Illizi,Field A,Equipment-8332,EQ-08332,fugitive,,666.65,,2022,3
Marketing,Production,Berkine,Block 1,Equipment-8333,EQ-08333,fugitive,,1262.78,,2025,12
Transportation,Operations,Adrar,Block 1,Equipment-8334,EQ-08334,fugitive,,1385.65,,2023,5
Transportation,Drilling,Hassi Messaoud,Area Y,Equipment-8335,EQ-08335,flaring,Fuel Gas,3343.36,gal,2024,1
Transportation,Logistics,Hassi R'Mel,Field B,Equipment-8336,EQ-08336,venting,,9920.68,,2025,5
Exploration & Production,Logistics,Adrar,Field B,Equipment-8337,EQ-08337,fugitive,,4421.45,,2023,1
Exploration & Production,Drilling,In Salah,Area X,Equipment-8338,EQ-08338,flaring,Fuel Gas,7848.38,gal,2024,3
Exploration & Production,Drilling,Illizi,Block 2,Equipment-8339,EQ-08339,flaring,Diesel,2973.29,gal,2023,10
Marketing,Logistics,Hassi R'Mel,Field A,Equipment-8340,EQ-08340,venting,,8100.39,,2022,9
Refining,Drilling,Hassi Messaoud,Field A,Equipment-8341,EQ-08341,combustion,Diesel,5037.28,gal,2024,8
Refining,Operations,In Salah,Field B,Equipment-8342,EQ-08342,combustion,Natural Gas,742.71,scf,2023,9
Marketing,Logistics,Berkine,Area Y,Equipment-8343,EQ-08343,venting,,7929.81,,2022,6
Marketing,Production,Illizi,Field A,Equipment-8344,EQ-08344,flaring,Natural Gas,5809.34,scf,2025,6
Refining,Production,In Salah,Area Y,Equipment-8345,EQ-08345,flaring,Fuel Gas,7471.12,gal,2022,5
Transportation,Drilling,Rhourde Nouss,Field B,Equipment-8346,EQ-08346,combustion,Fuel Gas,1552.56,gal,2023,3
Marketing,Production,Rhourde Nouss,Field B,Equipment-8347,EQ-08347,combustion,Propane,3738.83,gal,2022,10
Refining,Production,Berkine,Field B,Equipment-8348,EQ-08348,fugitive,,3552.62,,2022,6
Exploration & Production,Drilling,Illizi,Block 1,Equipment-8349,EQ-08349,flaring,Diesel,3191.99,gal,2024,6
Refining,Production,Hassi Messaoud,Block 2,Equipment-8350,EQ-08350,venting,,6901.86,,2023,5
Exploration & Production,Logistics,Hassi Messaoud,Field A,Equipment-8351,EQ-08351,venting,,6613.78,,2025,4
Transportation,Drilling,Illizi,Block 2,Equipment-8352,EQ-08352,venting,,3146.89,,2024,7
Marketing,Logistics,Rhourde Nouss,Field A,Equipment-8353,EQ-08353,drilling,,6778.88,,2025,4
Exploration & Production,Logistics,Hassi R'Mel,Field A,Equipment-8354,EQ-08354,flaring,Fuel Gas,9619.07,gal,2022,2
Marketing,Production,Illizi,Area Y,Equipment-8355,EQ-08355,flaring,Natural Gas,1175.56,scf,2024,4
Exploration & Production,Operations,In Salah,Area Y,Equipment-8356,EQ-08356,venting,,6388.25,,2024,5
Marketing,Logistics,Rhourde Nouss,Area Y,Equipment-8357,EQ-08357,flaring,,9484.66,,2023,9
Transportation,Drilling,Hassi R'Mel,Field A,Equipment-8358,EQ-08358,combustion,Fuel Gas,4620.61,gal,2022,11
Transportation,Production,Berkine,Field A,Equipment-8359,EQ-08359,fugitive,,5259.81,,2023,8
Transportation,Drilling,Rhourde Nouss,Field B,Equipment-8360,EQ-08360,venting,,3284.98,,2025,7
Marketing,Drilling,In Salah,Block 1,Equipment-8361,EQ-08361,flaring,Fuel Gas,2384.0,gal,2024,2
Exploration & Production,Logistics,In Salah,Block 2,Equipment-8362,EQ-08362,venting,,8735.37,,2024,7
Transportation,Logistics,Hassi R'Mel,Area X,Equipment-8363,EQ-08363,drilling,,1875.24,,2022,6
Refining,Logistics,In Salah,Area X,Equipment-8364,EQ-08364,flaring,Natural Gas,4103.01,scf,2024,5
Marketing,Logistics,Illizi,Area Y,Equipment-8365,EQ-08365,fugitive,,4674.82,,2025,2
Transportation,Drilling,Adrar,Field A,Equipment-8366,EQ-08366,drilling,,7186.04,,2024,12
Refining,Drilling,Hassi Messaoud,Area Y,Equipment-8367,EQ-08367,combustion,Diesel,316.54,gal,2025,7
Refining,Production,Rhourde Nouss,Block 2,Equipment-8368,EQ-08368,flaring,Natural Gas,3224.18,scf,2023,7
Transportation,Production,Rhourde Nouss,Field A,Equipment-8369,EQ-08369,drilling,,2207.47,,2023,6
Exploration & Production,Logistics,In Salah,Field A,Equipment-8370,EQ-08370,fugitive,,8023.38,,2023,11
Refining,Operations,Berkine,Block 1,Equipment-8371,EQ-08371,drilling,,9973.34,,2025,6
Refining,Operations,In Salah,Area X,Equipment-8372,EQ-08372,venting,,637.26,,2024,6
Marketing,Logistics,Illizi,Block 2,Equipment-8373,EQ-08373,drilling,,9645.16,,2023,2
Marketing,Production,Hassi Messaoud,Field A,Equipment-8374,EQ-08374,venting,,6421.56,,2022,11
Marketing,Drilling,Hassi Messaoud,Block 2,Equipment-8375,EQ-08375,flaring,Natural Gas,4472.27,scf,2023,5
Refining,Operations,Rhourde Nouss,Field A,Equipment-8376,EQ-08376,venting,,8108.42,,2023,6
Refining,Production,Hassi R'Mel,Block 1,Equipment-8377,EQ-08377,drilling,,2072.99,,2022,11
Marketing,Logistics,Rhourde Nouss,Block 2,Equipment-8378,EQ-08378,fugitive,,3564.24,,2023,9
Marketing,Drilling,Berkine,Field B,Equipment-8379,EQ-08379,venting,,7510.62,,2025,10
Exploration & Production,Production,Berkine,Block 1,Equipment-8380,EQ-08380,venting,,7815.69,,2024,9
Exploration & Production,Operations,Rhourde Nouss,Block 2,Equipment-8381,EQ-08381,combustion,Natural Gas,3414.79,scf,2024,12
Marketing,Operations,Berkine,Block 2,Equipment-8382,EQ-08382,fugitive,,7911.43,,2025,11
Exploration & Production,Drilling,Berkine,Field A,Equipment-8383,EQ-08383,drilling,,1093.1,,2022,7
Transportation,Production,Hassi R'Mel,Field B,Equipment-8384,EQ-08384,fugitive,,3038.1,,2025,5
Exploration & Production,Operations,Hassi R'Mel,Block 2,Equipment-8385,EQ-08385,venting,,7668.5,,2023,7
Refining,Production,Hassi Messaoud,Field B,Equipment-8386,EQ-08386,venting,,3386.58,,2023,9
Transportation,Logistics,In Salah,Block 2,Equipment-8387,EQ-08387,combustion,,8747.83,,2025,11
Marketing,Drilling,Hassi R'Mel,Area X,Equipment-8388,EQ-08388,venting,,4804.01,,2024,2
Transportation,Operations,In Salah,Area X,Equipment-8389,EQ-08389,flaring,,2623.7,,2023,3
Transportation,Drilling,Hassi Messaoud,Area Y,Equipment-8390,EQ-08390,fugitive,,352.11,,2024,4
Marketing,Production,Berkine,Block 1,Equipment-8391,EQ-08391,fugitive,,1649.56,,2022,2
Exploration & Production,Operations,Berkine,Area X,Equipment-8392,EQ-08392,drilling,,4679.01,,2025,11
Marketing,Operations,Illizi,Area Y,Equipment-8393,EQ-08393,venting,,1394.87,,2024,12
Refining,Production,Rhourde Nouss,Block 2,Equipment-8394,EQ-08394,venting,,9573.42,,2022,1
Exploration & Production,Logistics,Rhourde Nouss,Block 2,Equipment-8395,EQ-08395,venting,,3117.05,,2025,11
Refining,Logistics,Hassi Messaoud,Field B,Equipment-8396,EQ-08396,drilling,,4526.07,,2024,4
Marketing,Logistics,Illizi,Field A,Equipment-8397,EQ-08397,drilling,,9956.67,,2023,8
Transportation,Operations,Rhourde Nouss,Field B,Equipment-8398,EQ-08398,combustion,Fuel Gas,5621.33,gal,2023,3
Transportation,Logistics,In Salah,Block 2,Equipment-8399,EQ-08399,drilling,,3955.9,,2025,9
Marketing,Production,Adrar,Area X,Equipment-8400,EQ-08400,flaring,,247.14,,2024,4
Exploration & Production,Production,Hassi Messaoud,Field A,Equipment-8401,EQ-08401,venting,,9254.54,,2025,2
Exploration & Production,Logistics,Berkine,Block 2,Equipment-8402,EQ-08402,drilling,,4061.86,,2024,4
Transportation,Operations,Adrar,Area X,Equipment-8403,EQ-08403,fugitive,,7261.01,,2025,8
Refining,Production,Hassi R'Mel,Area X,Equipment-8404,EQ-08404,drilling,,4384.48,,2022,6
Transportation,Operations,Illizi,Area Y,Equipment-8405,EQ-08405,fugitive,,85.23,,2024,4
Refining,Operations,Rhourde Nouss,Block 2,Equipment-8406,EQ-08406,venting,,8910.91,,2024,11
Marketing,Drilling,Berkine,Block 1,Equipment-8407,EQ-08407,combustion,Natural Gas,8061.28,scf,2025,10
Transportation,Logistics,Adrar,Field A,Equipment-8408,EQ-08408,venting,,5103.81,,2022,6
Transportation,Drilling,Berkine,Field A,Equipment-8409,EQ-08409,combustion,,7212.69,,2023,2
Refining,Logistics,Illizi,Block 1,Equipment-8410,EQ-08410,combustion,,7539.75,,2024,7
Transportation,Production,Berkine,Area X,Equipment-8411,EQ-08411,fugitive,,207.19,,2024,2
Transportation,Operations,Berkine,Field B,Equipment-8412,EQ-08412,venting,,1926.99,,2025,6
Refining,Logistics,In Salah,Field A,Equipment-8413,EQ-08413,venting,,1316.37,,2025,4
Refining,Production,Illizi,Field B,Equipment-8414,EQ-08414,fugitive,,4721.59,,2022,2
Marketing,Production,Hassi R'Mel,Field A,Equipment-8415,EQ-08415,drilling,,3263.19,,2024,3
Refining,Operations,Rhourde Nouss,Block 1,Equipment-8416,EQ-08416,venting,,6195.2,,2025,9
Refining,Drilling,Berkine,Field A,Equipment-8417,EQ-08417,venting,,1027.33,,2024,7
Marketing,Logistics,In Salah,Area X,Equipment-8418,EQ-08418,drilling,,8696.81,,2024,5
Refining,Production,Rhourde Nouss,Area Y,Equipment-8419,EQ-08419,venting,,2166.63,,2023,12
Exploration & Production,Logistics,Hassi Messaoud,Field A,Equipment-8420,EQ-08420,drilling,,2302.42,,2023,7
Transportation,Drilling,Illizi,Block 1,Equipment-8421,EQ-08421,venting,,9794.4,,2024,7
Transportation,Production,Berkine,Field A,Equipment-8422,EQ-08422,flaring,Natural Gas,1174.28,scf,2024,8
Transportation,Logistics,In Salah,Block 2,Equipment-8423,EQ-08423,fugitive,,657.71,,2023,3
Refining,Production,Berkine,Area X,Equipment-8424,EQ-08424,venting,,1801.46,,2024,1
Exploration & Production,Production,Rhourde Nouss,Field A,Equipment-8425,EQ-08425,venting,,8520.39,,2023,11
Exploration & Production,Logistics,Hassi Messaoud,Block 1,Equipment-8426,EQ-08426,venting,,5837.74,,2025,11
Exploration & Production,Drilling,Hassi R'Mel,Area X,Equipment-8427,EQ-08427,fugitive,,3494.3,,2025,7
Marketing,Drilling,Hassi Messaoud,Block 1,Equipment-8428,EQ-08428,flaring,Diesel,635.89,gal,2024,12
Transportation,Logistics,Hassi R'Mel,Area X,Equipment-8429,EQ-08429,venting,,8414.49,,2025,4
Exploration & Production,Production,Hassi Messaoud,Block 1,Equipment-8430,EQ-08430,combustion,Propane,2998.38,gal,2024,8
Exploration & Production,Drilling,Berkine,Field A,Equipment-8431,EQ-08431,combustion,Diesel,1930.23,gal,2024,11
Marketing,Operations,Berkine,Block 1,Equipment-8432,EQ-08432,flaring,Propane,160.21,gal,2024,5
Marketing,Logistics,Illizi,Field A,Equipment-8433,EQ-08433,flaring,Natural Gas,1644.89,scf,2023,3
Marketing,Operations,Adrar,Block 2,Equipment-8434,EQ-08434,drilling,,2956.59,,2024,6
Transportation,Logistics,Hassi Messaoud,Block 1,Equipment-8435,EQ-08435,flaring,Propane,8836.65,gal,2023,6
Refining,Operations,Adrar,Field B,Equipment-8436,EQ-08436,venting,,4697.3,,2023,3
Exploration & Production,Production,In Salah,Block 1,Equipment-8437,EQ-08437,drilling,,4286.59,,2024,6
Transportation,Logistics,Berkine,Field A,Equipment-8438,EQ-08438,combustion,,5608.4,,2022,11
Refining,Drilling,In Salah,Block 2,Equipment-8439,EQ-08439,flaring,Natural Gas,6222.56,scf,2022,9
Exploration & Production,Drilling,Berkine,Field B,Equipment-8440,EQ-08440,fugitive,,1105.97,,2025,5
Exploration & Production,Logistics,Berkine,Field B,Equipment-8441,EQ-08441,drilling,,1784.85,,2023,10
Exploration & Production,Operations,Illizi,Field A,Equipment-8442,EQ-08442,flaring,Propane,1938.63,gal,2023,3
Refining,Production,Berkine,Block 2,Equipment-8443,EQ-08443,flaring,Natural Gas,3633.58,scf,2024,11
Marketing,Drilling,In Salah,Block 1,Equipment-8444,EQ-08444,venting,,8595.83,,2024,3
Transportation,Operations,Rhourde Nouss,Field A,Equipment-8445,EQ-08445,drilling,,7567.52,,2025,5
Marketing,Operations,Rhourde Nouss,Field A,Equipment-8446,EQ-08446,fugitive,,9853.13,,2023,7
Refining,Operations,In Salah,Area Y,Equipment-8447,EQ-08447,flaring,Natural Gas,8673.71,scf,2025,3
Marketing,Drilling,Rhourde Nouss,Area X,Equipment-8448,EQ-08448,flaring,,9963.71,,2024,10
Refining,Logistics,Hassi R'Mel,Block 1,Equipment-8449,EQ-08449,combustion,Diesel,7714.93,gal,2025,4
Transportation,Operations,Adrar,Block 2,Equipment-8450,EQ-08450,drilling,,1243.81,,2024,5
Refining,Operations,Rhourde Nouss,Area X,Equipment-8451,EQ-08451,venting,,8148.12,,2024,3
Exploration & Production,Logistics,In Salah,Block 1,Equipment-8452,EQ-08452,combustion,Diesel,10000.0,gal,2023,7
Marketing,Drilling,Illizi,Area X,Equipment-8453,EQ-08453,venting,,265.68,,2022,9
Refining,Operations,Rhourde Nouss,Area Y,Equipment-8454,EQ-08454,fugitive,,5687.09,,2025,3
Refining,Logistics,Hassi R'Mel,Area Y,Equipment-8455,EQ-08455,venting,,4107.69,,2023,2
Marketing,Logistics,Hassi Messaoud,Field B,Equipment-8456,EQ-08456,combustion,Propane,7345.99,gal,2025,2
Marketing,Operations,Rhourde Nouss,Field B,Equipment-8457,EQ-08457,combustion,Natural Gas,9772.88,scf,2025,11
Transportation,Logistics,Hassi Messaoud,Block 1,Equipment-8458,EQ-08458,combustion,Natural Gas,3745.65,scf,2024,5
Exploration & Production,Operations,Adrar,Area X,Equipment-8459,EQ-08459,venting,,4219.5,,2022,7
Marketing,Logistics,Berkine,Field A,Equipment-8460,EQ-08460,venting,,5876.45,,2024,11
Marketing,Production,In Salah,Area Y,Equipment-8461,EQ-08461,fugitive,,6022.09,,2024,10
Transportation,Logistics,Rhourde Nouss,Area Y,Equipment-8462,EQ-08462,venting,,2845.87,,2025,5
Transportation,Drilling,Rhourde Nouss,Block 1,Equipment-8463,EQ-08463,flaring,Fuel Gas,6763.99,gal,2022,6
Exploration & Production,Production,Adrar,Block 2,Equipment-8464,EQ-08464,flaring,Natural Gas,6659.65,scf,2023,3
Marketing,Logistics,Hassi R'Mel,Block 2,Equipment-8465,EQ-08465,venting,,5810.24,,2024,1
Marketing,Drilling,Rhourde Nouss,Field B,Equipment-8466,EQ-08466,fugitive,,7395.53,,2022,3
Refining,Production,Illizi,Area X,Equipment-8467,EQ-08467,venting,,6335.46,,2025,12
Marketing,Drilling,Hassi R'Mel,Field B,Equipment-8468,EQ-08468,venting,,7774.12,,2023,8
Transportation,Operations,In Salah,Block 1,Equipment-8469,EQ-08469,drilling,,4449.39,,2022,5
Marketing,Drilling,Rhourde Nouss,Area X,Equipment-8470,EQ-08470,drilling,,4717.98,,2024,6
Exploration & Production,Logistics,Hassi R'Mel,Block 2,Equipment-8471,EQ-08471,venting,,5619.28,,2023,4
Transportation,Production,In Salah,Area X,Equipment-8472,EQ-08472,venting,,3213.27,,2023,6
Marketing,Production,Hassi Messaoud,Block 2,Equipment-8473,EQ-08473,drilling,,2420.28,,2023,2
Transportation,Drilling,Adrar,Field A,Equipment-8474,EQ-08474,flaring,Propane,3503.96,gal,2022,10
Exploration & Production,Logistics,Adrar,Block 1,Equipment-8475,EQ-08475,combustion,,7944.18,,2024,5
Exploration & Production,Drilling,In Salah,Field A,Equipment-8476,EQ-08476,combustion,Propane,410.95,gal,2022,3
Refining,Production,Rhourde Nouss,Field B,Equipment-8477,EQ-08477,fugitive,,745.05,,2023,1
Exploration & Production,Logistics,Berkine,Block 2,Equipment-8478,EQ-08478,drilling,,1856.81,,2022,4
Refining,Drilling,In Salah,Area X,Equipment-8479,EQ-08479,fugitive,,5458.08,,2025,4
Exploration & Production,Production,Hassi Messaoud,Area X,Equipment-8480,EQ-08480,venting,,8305.11,,2022,10
Exploration & Production,Production,In Salah,Area X,Equipment-8481,EQ-08481,fugitive,,5445.74,,2025,9
Transportation,Production,Hassi Messaoud,Area Y,Equipment-8482,EQ-08482,flaring,Diesel,5634.53,gal,2024,11
Transportation,Operations,In Salah,Field A,Equipment-8483,EQ-08483,drilling,,5986.26,,2023,7
Refining,Logistics,Hassi R'Mel,Block 2,Equipment-8484,EQ-08484,drilling,,7846.74,,2025,9
Exploration & Production,Operations,Adrar,Field A,Equipment-8485,EQ-08485,flaring,Diesel,2618.59,gal,2024,8
Refining,Logistics,Hassi Messaoud,Area Y,Equipment-8486,EQ-08486,fugitive,,286.71,,2024,11
Exploration & Production,Operations,In Salah,Block 2,Equipment-8487,EQ-08487,combustion,,3099.61,,2024,4
Transportation,Drilling,In Salah,Block 2,Equipment-8488,EQ-08488,flaring,,8079.71,,2023,1
Marketing,Operations,Hassi Messaoud,Area X,Equipment-8489,EQ-08489,venting,,360.5,,2023,2
Exploration & Production,Production,Berkine,Field A,Equipment-8490,EQ-08490,combustion,Diesel,2220.22,gal,2024,6
Refining,Drilling,Adrar,Area X,Equipment-8491,EQ-08491,venting,,1522.73,,2024,5
Transportation,Logistics,Illizi,Block 1,Equipment-8492,EQ-08492,drilling,,773.14,,2022,7
Marketing,Drilling,Hassi R'Mel,Area Y,Equipment-8493,EQ-08493,drilling,,8958.57,,2022,5
Exploration & Production,Logistics,Illizi,Field A,Equipment-8494,EQ-08494,flaring,,8085.12,,2022,12
Transportation,Operations,Illizi,Block 2,Equipment-8495,EQ-08495,drilling,,4094.95,,2023,7
Transportation,Logistics,In Salah,Block 1,Equipment-8496,EQ-08496,venting,,6383.41,,2022,11
Transportation,Production,In Salah,Area Y,Equipment-8497,EQ-08497,drilling,,3889.4,,2022,11
Marketing,Production,Illizi,Block 2,Equipment-8498,EQ-08498,fugitive,,3479.21,,2024,2
Refining,Production,Adrar,Field A,Equipment-8499,EQ-08499,flaring,Diesel,954.59,gal,2022,12
Refining,Logistics,Hassi R'Mel,Area Y,Equipment-8500,EQ-08500,combustion,,1232.04,,2022,9
Refining,Production,Rhourde Nouss,Field B,Equipment-8501,EQ-08501,flaring,Natural Gas,6051.56,scf,2022,3
Transportation,Logistics,Adrar,Area X,Equipment-8502,EQ-08502,drilling,,2868.33,,2025,9
Refining,Production,Adrar,Area X,Equipment-8503,EQ-08503,flaring,Diesel,669.57,gal,2023,10
Marketing,Production,Rhourde Nouss,Block 1,Equipment-8504,EQ-08504,flaring,Diesel,3371.12,gal,2024,6
Transportation,Operations,Hassi R'Mel,Block 1,Equipment-8505,EQ-08505,fugitive,,4320.37,,2024,7
Refining,Drilling,Hassi Messaoud,Area Y,Equipment-8506,EQ-08506,fugitive,,708.56,,2023,6
Refining,Logistics,Illizi,Field B,Equipment-8507,EQ-08507,venting,,1727.59,,2023,9
Refining,Operations,Hassi R'Mel,Field A,Equipment-8508,EQ-08508,fugitive,,7784.55,,2024,7
Transportation,Drilling,Adrar,Field A,Equipment-8509,EQ-08509,flaring,Diesel,1733.19,gal,2023,11
Refining,Drilling,Hassi Messaoud,Area Y,Equipment-8510,EQ-08510,flaring,Propane,9925.49,gal,2024,1
Exploration & Production,Production,Berkine,Field A,Equipment-8511,EQ-08511,flaring,Propane,596.6,gal,2023,1
Refining,Drilling,Hassi R'Mel,Block 1,Equipment-8512,EQ-08512,combustion,,9457.56,,2025,11
Marketing,Logistics,Rhourde Nouss,Area Y,Equipment-8513,EQ-08513,combustion,,9481.6,,2025,11
Transportation,Operations,Berkine,Block 1,Equipment-8514,EQ-08514,drilling,,157.32,,2024,12
Marketing,Drilling,Hassi Messaoud,Area Y,Equipment-8515,EQ-08515,fugitive,,9823.06,,2023,4
Exploration & Production,Logistics,Berkine,Area X,Equipment-8516,EQ-08516,venting,,3572.73,,2024,7
Transportation,Drilling,Hassi R'Mel,Block 1,Equipment-8517,EQ-08517,venting,,3173.18,,2022,7
Marketing,Production,Adrar,Area Y,Equipment-8518,EQ-08518,combustion,Fuel Gas,9724.43,gal,2022,10
Transportation,Logistics,In Salah,Block 2,Equipment-8519,EQ-08519,venting,,965.01,,2024,12
Transportation,Operations,Berkine,Block 1,Equipment-8520,EQ-08520,drilling,,612.62,,2024,12
Refining,Production,In Salah,Field A,Equipment-8521,EQ-08521,fugitive,,2968.08,,2023,7
Marketing,Production,Hassi Messaoud,Block 1,Equipment-8522,EQ-08522,fugitive,,2717.61,,2024,10
Transportation,Operations,Hassi Messaoud,Area Y,Equipment-8523,EQ-08523,combustion,Fuel Gas,919.36,gal,2024,10
Transportation,Production,In Salah,Block 2,Equipment-8524,EQ-08524,venting,,2643.36,,2023,8
Refining,Drilling,Illizi,Field B,Equipment-8525,EQ-08525,venting,,1538.41,,2024,10
Refining,Drilling,Illizi,Block 2,Equipment-8526,EQ-08526,combustion,,4719.46,,2023,12
Marketing,Operations,Rhourde Nouss,Area X,Equipment-8527,EQ-08527,drilling,,3727.9,,2022,9
Exploration & Production,Logistics,Illizi,Block 1,Equipment-8528,EQ-08528,drilling,,6244.09,,2025,3
Marketing,Logistics,Berkine,Field B,Equipment-8529,EQ-08529,fugitive,,5567.35,,2023,3
Transportation,Drilling,Berkine,Block 1,Equipment-8530,EQ-08530,combustion,Natural Gas,5588.5,scf,2025,7
Transportation,Production,Hassi Messaoud,Area Y,Equipment-8531,EQ-08531,combustion,,6367.16,,2024,6
Refining,Production,Hassi R'Mel,Block 1,Equipment-8532,EQ-08532,combustion,,1938.28,,2024,4
Transportation,Production,Hassi Messaoud,Area Y,Equipment-8533,EQ-08533,fugitive,,4417.82,,2025,10
Transportation,Production,Rhourde Nouss,Field B,Equipment-8534,EQ-08534,venting,,3832.22,,2024,11
Refining,Operations,Berkine,Block 1,Equipment-8535,EQ-08535,venting,,3336.61,,2022,3
Exploration & Production,Drilling,Illizi,Block 2,Equipment-8536,EQ-08536,fugitive,,5663.28,,2022,2
Refining,Operations,Rhourde Nouss,Block 1,Equipment-8537,EQ-08537,fugitive,,5229.96,,2025,4
Exploration & Production,Drilling,Rhourde Nouss,Block 2,Equipment-8538,EQ-08538,venting,,552.93,,2023,2
Exploration & Production,Logistics,Berkine,Field A,Equipment-8539,EQ-08539,combustion,Diesel,2291.81,gal,2023,1
Exploration & Production,Logistics,In Salah,Field A,Equipment-8540,EQ-08540,fugitive,,5323.8,,2022,8
Refining,Operations,In Salah,Block 1,Equipment-8541,EQ-08541,drilling,,3226.35,,2023,4
Transportation,Production,Hassi R'Mel,Block 2,Equipment-8542,EQ-08542,drilling,,704.2,,2024,12
Exploration & Production,Drilling,Hassi Messaoud,Field A,Equipment-8543,EQ-08543,combustion,Propane,6898.09,gal,2024,9
Refining,Logistics,Illizi,Block 1,Equipment-8544,EQ-08544,flaring,,4689.02,,2022,7
Transportation,Production,In Salah,Area Y,Equipment-8545,EQ-08545,flaring,,3836.25,,2022,10
Marketing,Production,Hassi Messaoud,Area Y,Equipment-8546,EQ-08546,flaring,,745.06,,2024,9
Transportation,Production,Hassi Messaoud,Field B,Equipment-8547,EQ-08547,flaring,Natural Gas,7296.87,scf,2022,9
Exploration & Production,Drilling,In Salah,Field A,Equipment-8548,EQ-08548,venting,,342.51,,2023,11
Exploration & Production,Logistics,Adrar,Area Y,Equipment-8549,EQ-08549,fugitive,,5722.07,,2022,4
Exploration & Production,Operations,Berkine,Area Y,Equipment-8550,EQ-08550,fugitive,,6527.19,,2023,8
Transportation,Operations,Hassi Messaoud,Block 1,Equipment-8551,EQ-08551,flaring,Fuel Gas,2450.01,gal,2025,5
Exploration & Production,Operations,Illizi,Block 2,Equipment-8552,EQ-08552,venting,,4281.71,,2022,12
Transportation,Operations,Berkine,Field A,Equipment-8553,EQ-08553,flaring,Diesel,3781.57,gal,2025,3
Refining,Production,Berkine,Block 1,Equipment-8554,EQ-08554,venting,,5656.73,,2025,6
Marketing,Operations,Hassi Messaoud,Area Y,Equipment-8555,EQ-08555,venting,,2151.15,,2024,7
Exploration & Production,Logistics,Hassi R'Mel,Block 1,Equipment-8556,EQ-08556,venting,,2535.07,,2024,7
Marketing,Operations,Adrar,Block 1,Equipment-8557,EQ-08557,flaring,Natural Gas,589.06,scf,2025,1
Marketing,Production,Hassi Messaoud,Field B,Equipment-8558,EQ-08558,drilling,,1715.8,,2022,8
Transportation,Drilling,Illizi,Block 1,Equipment-8559,EQ-08559,combustion,Diesel,2826.55,gal,2022,1
Transportation,Operations,Rhourde Nouss,Block 2,Equipment-8560,EQ-08560,fugitive,,4143.25,,2024,6
Transportation,Logistics,Hassi Messaoud,Block 2,Equipment-8561,EQ-08561,drilling,,3849.03,,2024,3
Exploration & Production,Drilling,Berkine,Block 2,Equipment-8562,EQ-08562,flaring,Diesel,4790.61,gal,2022,2
Marketing,Logistics,Rhourde Nouss,Area Y,Equipment-8563,EQ-08563,drilling,,1467.74,,2024,1
Transportation,Operations,Hassi R'Mel,Field B,Equipment-8564,EQ-08564,drilling,,8791.98,,2022,8
Transportation,Production,In Salah,Field B,Equipment-8565,EQ-08565,venting,,7102.78,,2024,9
Refining,Production,Illizi,Block 1,Equipment-8566,EQ-08566,combustion,,8417.2,,2024,6
Transportation,Logistics,Illizi,Area Y,Equipment-8567,EQ-08567,combustion,Natural Gas,7790.98,scf,2024,2
Marketing,Logistics,Rhourde Nouss,Field B,Equipment-8568,EQ-08568,venting,,2121.23,,2022,1
Transportation,Logistics,Rhourde Nouss,Field B,Equipment-8569,EQ-08569,flaring,Natural Gas,4258.46,scf,2024,10
Refining,Production,Hassi Messaoud,Block 1,Equipment-8570,EQ-08570,drilling,,3998.41,,2023,1
Exploration & Production,Drilling,Berkine,Block 2,Equipment-8571,EQ-08571,drilling,,5101.37,,2023,8
Marketing,Production,Hassi Messaoud,Field B,Equipment-8572,EQ-08572,fugitive,,9448.68,,2025,3
Exploration & Production,Drilling,Hassi Messaoud,Block 1,Equipment-8573,EQ-08573,fugitive,,7935.07,,2025,7
Exploration & Production,Operations,Hassi Messaoud,Block 2,Equipment-8574,EQ-08574,venting,,2607.61,,2023,11
Marketing,Drilling,Adrar,Field A,Equipment-8575,EQ-08575,drilling,,8066.89,,2022,12
Marketing,Operations,Hassi R'Mel,Block 1,Equipment-8576,EQ-08576,venting,,7043.02,,2024,4
Marketing,Operations,Hassi Messaoud,Block 1,Equipment-8577,EQ-08577,drilling,,5301.03,,2023,4
Transportation,Production,Hassi Messaoud,Field B,Equipment-8578,EQ-08578,flaring,Propane,8667.66,gal,2025,9
Marketing,Logistics,Rhourde Nouss,Area X,Equipment-8579,EQ-08579,drilling,,2691.12,,2023,11
Refining,Drilling,Hassi R'Mel,Field B,Equipment-8580,EQ-08580,venting,,2234.87,,2023,11
Refining,Logistics,Hassi R'Mel,Field A,Equipment-8581,EQ-08581,venting,,1513.52,,2025,11
Refining,Logistics,Hassi Messaoud,Field B,Equipment-8582,EQ-08582,venting,,9211.82,,2024,8
Marketing,Production,Hassi R'Mel,Block 1,Equipment-8583,EQ-08583,drilling,,2093.48,,2025,4
Marketing,Drilling,Rhourde Nouss,Block 2,Equipment-8584,EQ-08584,flaring,,5520.46,,2025,1
Transportation,Production,Hassi R'Mel,Block 2,Equipment-8585,EQ-08585,venting,,6487.98,,2025,12
Exploration & Production,Logistics,Illizi,Block 1,Equipment-8586,EQ-08586,venting,,8666.88,,2025,8
Exploration & Production,Drilling,Adrar,Block 2,Equipment-8587,EQ-08587,venting,,1595.13,,2024,5
Transportation,Operations,Hassi Messaoud,Area Y,Equipment-8588,EQ-08588,flaring,Diesel,3274.23,gal,2024,4
Refining,Drilling,In Salah,Area X,Equipment-8589,EQ-08589,fugitive,,1527.41,,2023,5
Exploration & Production,Production,Hassi R'Mel,Area Y,Equipment-8590,EQ-08590,combustion,Diesel,5211.99,gal,2022,3
Exploration & Production,Production,Adrar,Block 1,Equipment-8591,EQ-08591,combustion,Fuel Gas,621.36,gal,2022,6
Exploration & Production,Operations,Hassi R'Mel,Area X,Equipment-8592,EQ-08592,venting,,2260.6,,2022,11
Exploration & Production,Drilling,Illizi,Area Y,Equipment-8593,EQ-08593,drilling,,9118.19,,2023,2
Transportation,Drilling,Adrar,Area Y,Equipment-8594,EQ-08594,venting,,9657.27,,2023,1
Marketing,Logistics,Illizi,Field B,Equipment-8595,EQ-08595,combustion,Fuel Gas,6384.65,gal,2023,3
Marketing,Production,Rhourde Nouss,Area X,Equipment-8596,EQ-08596,combustion,Diesel,9854.57,gal,2022,11
Refining,Operations,Hassi Messaoud,Block 1,Equipment-8597,EQ-08597,drilling,,9457.95,,2022,9
Transportation,Logistics,Hassi Messaoud,Area Y,Equipment-8598,EQ-08598,combustion,Fuel Gas,3265.18,gal,2023,7
Exploration & Production,Drilling,Adrar,Block 1,Equipment-8599,EQ-08599,venting,,7577.35,,2023,5
Marketing,Production,Illizi,Area Y,Equipment-8600,EQ-08600,venting,,6440.79,,2025,5
Exploration & Production,Operations,Rhourde Nouss,Area Y,Equipment-8601,EQ-08601,flaring,Diesel,8076.24,gal,2024,12
Marketing,Logistics,Adrar,Area Y,Equipment-8602,EQ-08602,venting,,697.83,,2024,3
Transportation,Operations,Illizi,Field B,Equipment-8603,EQ-08603,flaring,Fuel Gas,4026.57,gal,2023,4
Transportation,Production,Illizi,Area X,Equipment-8604,EQ-08604,combustion,Fuel Gas,2155.38,gal,2023,12
Refining,Drilling,Illizi,Block 2,Equipment-8605,EQ-08605,venting,,5519.68,,2023,5
Refining,Production,Adrar,Block 2,Equipment-8606,EQ-08606,flaring,Diesel,5042.57,gal,2024,7
Transportation,Logistics,In Salah,Area Y,Equipment-8607,EQ-08607,combustion,Fuel Gas,9205.58,gal,2024,9
Refining,Drilling,Hassi R'Mel,Area X,Equipment-8608,EQ-08608,combustion,,3245.0,,2023,11
Marketing,Operations,Rhourde Nouss,Area X,Equipment-8609,EQ-08609,drilling,,4486.47,,2025,11
Exploration & Production,Drilling,Hassi Messaoud,Area Y,Equipment-8610,EQ-08610,fugitive,,6195.82,,2025,3
Exploration & Production,Operations,In Salah,Area Y,Equipment-8611,EQ-08611,flaring,,8298.59,,2023,9
Transportation,Drilling,Hassi Messaoud,Field B,Equipment-8612,EQ-08612,drilling,,3934.86,,2023,2
Transportation,Logistics,In Salah,Field B,Equipment-8613,EQ-08613,combustion,Natural Gas,9734.6,scf,2023,3
Transportation,Logistics,Adrar,Field A,Equipment-8614,EQ-08614,fugitive,,5714.63,,2025,5
Refining,Production,Adrar,Field A,Equipment-8615,EQ-08615,flaring,Propane,1765.33,gal,2024,11
Refining,Operations,Adrar,Field A,Equipment-8616,EQ-08616,fugitive,,3733.02,,2024,11
Transportation,Production,Hassi Messaoud,Block 1,Equipment-8617,EQ-08617,combustion,,1071.52,,2023,2
Exploration & Production,Logistics,Berkine,Area X,Equipment-8618,EQ-08618,fugitive,,4299.91,,2022,6
Transportation,Logistics,Hassi R'Mel,Field A,Equipment-8619,EQ-08619,fugitive,,7697.66,,2023,1
Refining,Production,Adrar,Field B,Equipment-8620,EQ-08620,combustion,Diesel,935.61,gal,2024,5
Transportation,Drilling,Hassi R'Mel,Area X,Equipment-8621,EQ-08621,venting,,418.56,,2024,1
Refining,Operations,Illizi,Area X,Equipment-8622,EQ-08622,combustion,Natural Gas,6179.37,scf,2022,4
Refining,Drilling,Adrar,Field A,Equipment-8623,EQ-08623,drilling,,9074.28,,2022,6
Refining,Logistics,Hassi Messaoud,Field B,Equipment-8624,EQ-08624,venting,,4472.65,,2022,8
Transportation,Operations,Hassi Messaoud,Field B,Equipment-8625,EQ-08625,flaring,Diesel,5081.18,gal,2025,7
Transportation,Drilling,In Salah,Area X,Equipment-8626,EQ-08626,combustion,Diesel,2393.18,gal,2023,1
Transportation,Operations,Hassi Messaoud,Block 2,Equipment-8627,EQ-08627,flaring,,8710.77,,2023,10
Refining,Production,Berkine,Block 1,Equipment-8628,EQ-08628,combustion,Propane,4351.44,gal,2022,11
Exploration & Production,Logistics,Hassi Messaoud,Block 2,Equipment-8629,EQ-08629,drilling,,8699.02,,2022,6
Marketing,Production,In Salah,Field B,Equipment-8630,EQ-08630,combustion,Diesel,9896.61,gal,2024,12
Exploration & Production,Drilling,Berkine,Area Y,Equipment-8631,EQ-08631,venting,,7578.25,,2024,9
Exploration & Production,Logistics,Illizi,Area Y,Equipment-8632,EQ-08632,fugitive,,7428.08,,2023,1
Marketing,Drilling,In Salah,Field B,Equipment-8633,EQ-08633,combustion,Natural Gas,2552.94,scf,2023,3
Exploration & Production,Logistics,In Salah,Area Y,Equipment-8634,EQ-08634,flaring,Fuel Gas,3751.75,gal,2024,5
Marketing,Drilling,Adrar,Block 2,Equipment-8635,EQ-08635,drilling,,9366.38,,2022,10
Transportation,Production,Hassi R'Mel,Area Y,Equipment-8636,EQ-08636,flaring,Propane,6370.77,gal,2023,11
Marketing,Production,Adrar,Block 1,Equipment-8637,EQ-08637,fugitive,,5661.22,,2024,5
Exploration & Production,Logistics,Hassi R'Mel,Field B,Equipment-8638,EQ-08638,flaring,,5472.87,,2024,8
Exploration & Production,Logistics,Hassi R'Mel,Field A,Equipment-8639,EQ-08639,venting,,8500.06,,2024,5
Refining,Logistics,In Salah,Block 2,Equipment-8640,EQ-08640,fugitive,,4284.83,,2024,6
Refining,Production,Hassi R'Mel,Area Y,Equipment-8641,EQ-08641,fugitive,,4700.09,,2022,8
Marketing,Logistics,Adrar,Area Y,Equipment-8642,EQ-08642,fugitive,,7699.57,,2022,3
Marketing,Logistics,Rhourde Nouss,Field A,Equipment-8643,EQ-08643,fugitive,,7629.77,,2023,1
Marketing,Operations,Berkine,Block 2,Equipment-8644,EQ-08644,fugitive,,4298.05,,2022,4
Refining,Logistics,Rhourde Nouss,Field A,Equipment-8645,EQ-08645,drilling,,4292.66,,2025,3
Marketing,Logistics,Berkine,Area Y,Equipment-8646,EQ-08646,flaring,Propane,3707.13,gal,2023,2
Exploration & Production,Operations,Adrar,Field B,Equipment-8647,EQ-08647,combustion,Diesel,7820.6,gal,2023,11
Refining,Operations,Rhourde Nouss,Block 1,Equipment-8648,EQ-08648,drilling,,6483.33,,2023,7
Transportation,Drilling,Adrar,Field A,Equipment-8649,EQ-08649,venting,,5482.94,,2024,12
Transportation,Logistics,In Salah,Block 1,Equipment-8650,EQ-08650,fugitive,,1413.1,,2024,9
Transportation,Drilling,Illizi,Field A,Equipment-8651,EQ-08651,fugitive,,8563.61,,2025,2
Exploration & Production,Logistics,Illizi,Area X,Equipment-8652,EQ-08652,fugitive,,2116.23,,2024,4
Marketing,Production,Hassi R'Mel,Field B,Equipment-8653,EQ-08653,combustion,Diesel,2742.89,gal,2022,6
Exploration & Production,Logistics,Berkine,Block 1,Equipment-8654,EQ-08654,venting,,609.96,,2023,1
Marketing,Production,Rhourde Nouss,Block 2,Equipment-8655,EQ-08655,flaring,Propane,3207.06,gal,2023,3
Marketing,Operations,Hassi R'Mel,Block 1,Equipment-8656,EQ-08656,drilling,,3211.88,,2023,12
Transportation,Operations,Rhourde Nouss,Area X,Equipment-8657,EQ-08657,drilling,,6503.56,,2023,11
Marketing,Operations,Berkine,Area Y,Equipment-8658,EQ-08658,venting,,6272.16,,2022,4
Exploration & Production,Drilling,Berkine,Field B,Equipment-8659,EQ-08659,drilling,,2061.26,,2024,3
Refining,Logistics,Hassi R'Mel,Field A,Equipment-8660,EQ-08660,flaring,Natural Gas,1775.71,scf,2022,7
Marketing,Operations,Rhourde Nouss,Block 1,Equipment-8661,EQ-08661,drilling,,1855.95,,2024,6
Exploration & Production,Drilling,Illizi,Field B,Equipment-8662,EQ-08662,drilling,,7138.04,,2022,3
Transportation,Logistics,Berkine,Block 1,Equipment-8663,EQ-08663,fugitive,,3122.58,,2023,8
Transportation,Logistics,Illizi,Field B,Equipment-8664,EQ-08664,venting,,3711.91,,2022,6
Refining,Production,Rhourde Nouss,Block 2,Equipment-8665,EQ-08665,flaring,,2288.07,,2024,5
Marketing,Logistics,Illizi,Area X,Equipment-8666,EQ-08666,flaring,Diesel,7118.87,gal,2024,3
Marketing,Production,In Salah,Field A,Equipment-8667,EQ-08667,combustion,Diesel,506.93,gal,2022,7
Transportation,Logistics,Hassi R'Mel,Field B,Equipment-8668,EQ-08668,combustion,Fuel Gas,6475.48,gal,2025,10
Marketing,Production,Berkine,Field A,Equipment-8669,EQ-08669,venting,,7829.47,,2024,6
Exploration & Production,Logistics,Adrar,Area Y,Equipment-8670,EQ-08670,venting,,9088.57,,2023,12
Transportation,Drilling,Adrar,Area Y,Equipment-8671,EQ-08671,fugitive,,1294.92,,2023,7
Transportation,Production,Illizi,Field B,Equipment-8672,EQ-08672,flaring,,8902.13,,2024,7
Refining,Operations,In Salah,Block 2,Equipment-8673,EQ-08673,combustion,,6395.6,,2022,1
Transportation,Operations,Rhourde Nouss,Area Y,Equipment-8674,EQ-08674,venting,,7971.39,,2024,12
Refining,Production,Berkine,Area X,Equipment-8675,EQ-08675,fugitive,,4934.69,,2023,9
Refining,Operations,In Salah,Area Y,Equipment-8676,EQ-08676,venting,,6348.81,,2023,6
Refining,Production,Adrar,Area Y,Equipment-8677,EQ-08677,fugitive,,4726.66,,2023,10
Marketing,Drilling,In Salah,Field A,Equipment-8678,EQ-08678,fugitive,,999.15,,2024,12
Refining,Production,Adrar,Block 1,Equipment-8679,EQ-08679,flaring,,1367.63,,2022,3
Marketing,Drilling,Adrar,Area X,Equipment-8680,EQ-08680,combustion,Diesel,9496.53,gal,2024,4
Exploration & Production,Operations,Hassi Messaoud,Block 2,Equipment-8681,EQ-08681,venting,,3712.49,,2023,7
Exploration & Production,Drilling,Adrar,Area X,Equipment-8682,EQ-08682,fugitive,,3015.35,,2022,4
Marketing,Drilling,In Salah,Area Y,Equipment-8683,EQ-08683,drilling,,8699.13,,2022,11
Marketing,Operations,Illizi,Area Y,Equipment-8684,EQ-08684,drilling,,7519.67,,2023,11
Transportation,Logistics,Hassi Messaoud,Block 2,Equipment-8685,EQ-08685,drilling,,2508.0,,2024,2
Marketing,Logistics,Hassi Messaoud,Area Y,Equipment-8686,EQ-08686,combustion,Propane,1704.13,gal,2023,3
Marketing,Logistics,Adrar,Block 2,Equipment-8687,EQ-08687,venting,,9801.55,,2023,1
Marketing,Logistics,Illizi,Block 2,Equipment-8688,EQ-08688,combustion,Propane,8998.07,gal,2025,10
Refining,Drilling,Rhourde Nouss,Block 1,Equipment-8689,EQ-08689,venting,,2680.99,,2025,8
Transportation,Drilling,In Salah,Block 1,Equipment-8690,EQ-08690,flaring,Natural Gas,603.01,scf,2022,9
Marketing,Production,In Salah,Field B,Equipment-8691,EQ-08691,fugitive,,4938.01,,2022,11
Marketing,Operations,Hassi R'Mel,Block 2,Equipment-8692,EQ-08692,flaring,,8156.05,,2023,3
Exploration & Production,Logistics,Illizi,Block 1,Equipment-8693,EQ-08693,fugitive,,868.1,,2024,1
Marketing,Drilling,Hassi R'Mel,Field A,Equipment-8694,EQ-08694,fugitive,,4532.71,,2024,12
Transportation,Logistics,Hassi R'Mel,Field B,Equipment-8695,EQ-08695,combustion,,1020.37,,2024,7
Transportation,Logistics,Hassi Messaoud,Field A,Equipment-8696,EQ-08696,fugitive,,5851.07,,2025,4
Exploration & Production,Drilling,Illizi,Field B,Equipment-8697,EQ-08697,drilling,,8009.63,,2023,12
Marketing,Operations,In Salah,Area X,Equipment-8698,EQ-08698,venting,,1273.3,,2023,3
Transportation,Drilling,Adrar,Block 2,Equipment-8699,EQ-08699,drilling,,3144.79,,2024,8
Exploration & Production,Production,Hassi R'Mel,Field B,Equipment-8700,EQ-08700,flaring,,6971.21,,2025,8
Refining,Production,Illizi,Area Y,Equipment-8701,EQ-08701,fugitive,,1821.01,,2024,9
Exploration & Production,Operations,Hassi Messaoud,Block 2,Equipment-8702,EQ-08702,drilling,,6184.36,,2024,8
Refining,Logistics,Illizi,Block 2,Equipment-8703,EQ-08703,flaring,Diesel,6588.35,gal,2024,6
Exploration & Production,Drilling,Adrar,Field A,Equipment-8704,EQ-08704,combustion,Diesel,772.34,gal,2025,8
Refining,Drilling,Hassi R'Mel,Field B,Equipment-8705,EQ-08705,fugitive,,2126.88,,2023,4
Marketing,Production,Berkine,Area Y,Equipment-8706,EQ-08706,drilling,,6798.87,,2022,8
Refining,Operations,In Salah,Block 1,Equipment-8707,EQ-08707,venting,,2203.36,,2025,12
Refining,Drilling,In Salah,Field A,Equipment-8708,EQ-08708,flaring,Propane,4858.67,gal,2025,12
Marketing,Production,Hassi R'Mel,Field A,Equipment-8709,EQ-08709,drilling,,5852.58,,2025,10
Marketing,Drilling,Adrar,Block 1,Equipment-8710,EQ-08710,fugitive,,107.98,,2025,9
Refining,Production,Illizi,Area X,Equipment-8711,EQ-08711,drilling,,593.72,,2023,6
Marketing,Drilling,In Salah,Block 2,Equipment-8712,EQ-08712,fugitive,,1392.59,,2024,10
Refining,Operations,Hassi R'Mel,Field A,Equipment-8713,EQ-08713,flaring,,8606.01,,2025,2
Marketing,Production,Hassi Messaoud,Area X,Equipment-8714,EQ-08714,fugitive,,1851.09,,2023,6
Exploration & Production,Logistics,Rhourde Nouss,Field A,Equipment-8715,EQ-08715,drilling,,8166.34,,2022,10
Exploration & Production,Logistics,Rhourde Nouss,Field A,Equipment-8716,EQ-08716,combustion,Fuel Gas,4073.34,gal,2022,4
Marketing,Logistics,In Salah,Field A,Equipment-8717,EQ-08717,combustion,Fuel Gas,1872.68,gal,2024,4
Marketing,Operations,Hassi R'Mel,Field A,Equipment-8718,EQ-08718,venting,,2705.51,,2024,8
Transportation,Production,Illizi,Block 1,Equipment-8719,EQ-08719,venting,,900.05,,2024,1
Marketing,Production,Illizi,Block 2,Equipment-8720,EQ-08720,drilling,,8036.04,,2023,12
Refining,Drilling,Rhourde Nouss,Field A,Equipment-8721,EQ-08721,venting,,8342.11,,2022,5
Refining,Production,In Salah,Block 2,Equipment-8722,EQ-08722,combustion,Natural Gas,4254.23,scf,2025,2
Marketing,Logistics,Illizi,Area Y,Equipment-8723,EQ-08723,drilling,,2091.12,,2022,12
Transportation,Drilling,Hassi R'Mel,Field B,Equipment-8724,EQ-08724,flaring,,6592.0,,2024,6
Transportation,Operations,Rhourde Nouss,Area Y,Equipment-8725,EQ-08725,venting,,2302.82,,2024,8
Refining,Logistics,Illizi,Area Y,Equipment-8726,EQ-08726,fugitive,,2980.91,,2024,9
Transportation,Operations,Adrar,Block 1,Equipment-8727,EQ-08727,fugitive,,4426.53,,2025,1
Marketing,Drilling,Hassi R'Mel,Field B,Equipment-8728,EQ-08728,combustion,Diesel,2652.24,gal,2024,6
Marketing,Drilling,In Salah,Field B,Equipment-8729,EQ-08729,combustion,Natural Gas,8941.16,scf,2022,9
Marketing,Drilling,In Salah,Area X,Equipment-8730,EQ-08730,venting,,1292.43,,2022,6
Exploration & Production,Drilling,Illizi,Area Y,Equipment-8731,EQ-08731,combustion,Natural Gas,524.52,scf,2025,4
Marketing,Operations,Hassi Messaoud,Field B,Equipment-8732,EQ-08732,flaring,Fuel Gas,3430.85,gal,2025,6
Marketing,Logistics,Rhourde Nouss,Block 2,Equipment-8733,EQ-08733,fugitive,,1994.26,,2025,10
Refining,Drilling,Berkine,Area Y,Equipment-8734,EQ-08734,combustion,Natural Gas,951.23,scf,2022,11
Refining,Operations,Adrar,Block 2,Equipment-8735,EQ-08735,fugitive,,993.39,,2022,7
Marketing,Logistics,Rhourde Nouss,Area Y,Equipment-8736,EQ-08736,combustion,Natural Gas,2128.65,scf,2025,3
Refining,Logistics,Rhourde Nouss,Block 1,Equipment-8737,EQ-08737,combustion,Propane,1875.38,gal,2024,12
Transportation,Operations,Berkine,Field A,Equipment-8738,EQ-08738,fugitive,,5022.25,,2023,11
Transportation,Drilling,Berkine,Block 2,Equipment-8739,EQ-08739,fugitive,,9847.54,,2023,11
Marketing,Operations,Hassi R'Mel,Block 1,Equipment-8740,EQ-08740,fugitive,,5596.91,,2024,8
Exploration & Production,Production,Hassi Messaoud,Area Y,Equipment-8741,EQ-08741,venting,,4366.45,,2022,6
Exploration & Production,Operations,In Salah,Field A,Equipment-8742,EQ-08742,fugitive,,8901.45,,2025,2
Refining,Logistics,Hassi Messaoud,Area Y,Equipment-8743,EQ-08743,drilling,,9609.53,,2023,8
Marketing,Operations,Illizi,Area Y,Equipment-8744,EQ-08744,fugitive,,6416.7,,2022,1
Transportation,Drilling,Adrar,Field B,Equipment-8745,EQ-08745,fugitive,,4200.95,,2023,7
Exploration & Production,Drilling,Berkine,Field A,Equipment-8746,EQ-08746,combustion,Fuel Gas,8850.49,gal,2023,7
Exploration & Production,Operations,Adrar,Field A,Equipment-8747,EQ-08747,flaring,,3426.54,,2024,12
Refining,Production,Adrar,Area Y,Equipment-8748,EQ-08748,fugitive,,8083.99,,2022,8
Exploration & Production,Operations,Hassi R'Mel,Area Y,Equipment-8749,EQ-08749,flaring,Fuel Gas,1645.43,gal,2024,5
Exploration & Production,Drilling,Hassi Messaoud,Field A,Equipment-8750,EQ-08750,fugitive,,6943.14,,2022,7
Marketing,Production,Hassi R'Mel,Area Y,Equipment-8751,EQ-08751,flaring,Propane,6436.49,gal,2022,12
Marketing,Drilling,Adrar,Block 2,Equipment-8752,EQ-08752,flaring,Natural Gas,2339.7,scf,2022,6
Refining,Production,Adrar,Area X,Equipment-8753,EQ-08753,drilling,,280.19,,2025,11
Transportation,Drilling,Rhourde Nouss,Area Y,Equipment-8754,EQ-08754,venting,,452.31,,2023,11
Transportation,Operations,Adrar,Area X,Equipment-8755,EQ-08755,venting,,9612.37,,2024,8
Refining,Drilling,Berkine,Block 1,Equipment-8756,EQ-08756,combustion,Fuel Gas,8009.9,gal,2022,2
Refining,Operations,Berkine,Area X,Equipment-8757,EQ-08757,fugitive,,7528.17,,2025,5
Refining,Logistics,Berkine,Area Y,Equipment-8758,EQ-08758,flaring,Diesel,7736.51,gal,2023,2
Transportation,Operations,Rhourde Nouss,Area X,Equipment-8759,EQ-08759,drilling,,4370.21,,2024,3
Marketing,Drilling,Rhourde Nouss,Field B,Equipment-8760,EQ-08760,combustion,,7531.26,,2022,11
Transportation,Production,Berkine,Field B,Equipment-8761,EQ-08761,fugitive,,7048.06,,2023,2
Exploration & Production,Logistics,Illizi,Field A,Equipment-8762,EQ-08762,flaring,Fuel Gas,9809.96,gal,2025,4
Exploration & Production,Operations,Hassi Messaoud,Area Y,Equipment-8763,EQ-08763,venting,,4419.7,,2022,7
Refining,Logistics,Rhourde Nouss,Area X,Equipment-8764,EQ-08764,combustion,,9545.73,,2023,10
Marketing,Operations,Hassi Messaoud,Block 2,Equipment-8765,EQ-08765,venting,,6790.48,,2023,9
Exploration & Production,Production,Hassi R'Mel,Area X,Equipment-8766,EQ-08766,venting,,3955.7,,2022,1
Exploration & Production,Operations,Adrar,Block 1,Equipment-8767,EQ-08767,combustion,Diesel,4756.81,gal,2024,9
Marketing,Drilling,Hassi R'Mel,Field A,Equipment-8768,EQ-08768,fugitive,,6995.06,,2023,8
Refining,Logistics,Adrar,Area Y,Equipment-8769,EQ-08769,drilling,,4845.55,,2024,4
Marketing,Production,Illizi,Field A,Equipment-8770,EQ-08770,drilling,,5293.98,,2025,2
Refining,Logistics,Hassi Messaoud,Field A,Equipment-8771,EQ-08771,venting,,3463.75,,2023,5
Transportation,Logistics,Illizi,Block 1,Equipment-8772,EQ-08772,flaring,Propane,8407.45,gal,2022,5
Marketing,Logistics,In Salah,Block 2,Equipment-8773,EQ-08773,fugitive,,9574.99,,2022,12
Transportation,Production,Adrar,Field B,Equipment-8774,EQ-08774,combustion,Propane,3799.13,gal,2024,8
Refining,Production,In Salah,Block 1,Equipment-8775,EQ-08775,fugitive,,3747.16,,2024,2
Refining,Drilling,Rhourde Nouss,Field A,Equipment-8776,EQ-08776,drilling,,4804.42,,2022,2
Exploration & Production,Logistics,Hassi R'Mel,Field B,Equipment-8777,EQ-08777,flaring,Fuel Gas,3883.29,gal,2024,10
Exploration & Production,Operations,Adrar,Field B,Equipment-8778,EQ-08778,combustion,,7477.77,,2023,12
Exploration & Production,Operations,Rhourde Nouss,Field A,Equipment-8779,EQ-08779,venting,,9170.33,,2024,11
Marketing,Logistics,Rhourde Nouss,Field A,Equipment-8780,EQ-08780,flaring,,1506.72,,2024,9
Refining,Production,Berkine,Area X,Equipment-8781,EQ-08781,fugitive,,6896.53,,2022,12
Exploration & Production,Logistics,Illizi,Field A,Equipment-8782,EQ-08782,combustion,Fuel Gas,933.52,gal,2022,12
Transportation,Production,Illizi,Field A,Equipment-8783,EQ-08783,venting,,9394.25,,2022,5
Marketing,Production,Rhourde Nouss,Field A,Equipment-8784,EQ-08784,flaring,Diesel,4117.47,gal,2022,2
Refining,Drilling,Hassi R'Mel,Block 1,Equipment-8785,EQ-08785,combustion,,141.93,,2023,1
Refining,Logistics,Adrar,Area Y,Equipment-8786,EQ-08786,drilling,,1250.24,,2022,12
Marketing,Drilling,Hassi Messaoud,Area Y,Equipment-8787,EQ-08787,fugitive,,6895.86,,2023,4
Exploration & Production,Production,Adrar,Area Y,Equipment-8788,EQ-08788,venting,,5506.4,,2025,10
Transportation,Drilling,Adrar,Field B,Equipment-8789,EQ-08789,flaring,Diesel,6751.86,gal,2023,5
Refining,Operations,Illizi,Field B,Equipment-8790,EQ-08790,fugitive,,9292.29,,2023,6
Exploration & Production,Operations,In Salah,Block 2,Equipment-8791,EQ-08791,combustion,Propane,9456.15,gal,2025,10
Exploration & Production,Logistics,Hassi R'Mel,Area X,Equipment-8792,EQ-08792,flaring,,5742.18,,2022,5
Transportation,Drilling,Rhourde Nouss,Field A,Equipment-8793,EQ-08793,flaring,Diesel,8207.06,gal,2024,4
Marketing,Logistics,Rhourde Nouss,Area X,Equipment-8794,EQ-08794,flaring,,4469.72,,2025,1
Transportation,Production,Illizi,Block 1,Equipment-8795,EQ-08795,drilling,,529.28,,2025,4
Refining,Logistics,Illizi,Area Y,Equipment-8796,EQ-08796,combustion,Fuel Gas,2876.64,gal,2023,10
Transportation,Operations,Rhourde Nouss,Field A,Equipment-8797,EQ-08797,drilling,,2100.31,,2024,1
Transportation,Operations,Illizi,Field B,Equipment-8798,EQ-08798,venting,,4696.74,,2023,12
Refining,Drilling,Berkine,Block 2,Equipment-8799,EQ-08799,fugitive,,8787.86,,2023,8
Transportation,Logistics,Illizi,Field A,Equipment-8800,EQ-08800,combustion,Propane,1795.38,gal,2025,7
Marketing,Logistics,Berkine,Field B,Equipment-8801,EQ-08801,drilling,,997.41,,2023,10
Refining,Production,Hassi R'Mel,Area Y,Equipment-8802,EQ-08802,flaring,Diesel,8659.17,gal,2024,12
Exploration & Production,Operations,Illizi,Field A,Equipment-8803,EQ-08803,flaring,,1290.12,,2025,1
Exploration & Production,Logistics,Hassi R'Mel,Field B,Equipment-8804,EQ-08804,fugitive,,5699.24,,2024,7
Refining,Production,Hassi R'Mel,Area Y,Equipment-8805,EQ-08805,combustion,,1853.01,,2022,9
Transportation,Drilling,Hassi R'Mel,Field A,Equipment-8806,EQ-08806,fugitive,,7500.3,,2023,7
Exploration & Production,Production,Illizi,Field B,Equipment-8807,EQ-08807,fugitive,,7164.35,,2025,5
Transportation,Logistics,Hassi Messaoud,Area X,Equipment-8808,EQ-08808,combustion,Natural Gas,2281.55,scf,2022,7
Transportation,Production,Berkine,Field B,Equipment-8809,EQ-08809,drilling,,2306.42,,2024,10
Refining,Drilling,Hassi R'Mel,Area Y,Equipment-8810,EQ-08810,flaring,Natural Gas,3998.39,scf,2023,7
Transportation,Drilling,In Salah,Block 1,Equipment-8811,EQ-08811,flaring,,9984.83,,2025,11
Transportation,Logistics,Illizi,Field A,Equipment-8812,EQ-08812,fugitive,,2210.05,,2025,9
Exploration & Production,Drilling,Hassi R'Mel,Field A,Equipment-8813,EQ-08813,fugitive,,5079.72,,2023,4
Marketing,Drilling,Hassi R'Mel,Block 1,Equipment-8814,EQ-08814,flaring,Diesel,6733.2,gal,2025,5
Marketing,Operations,Hassi R'Mel,Area X,Equipment-8815,EQ-08815,combustion,Fuel Gas,2629.46,gal,2024,9
Exploration & Production,Drilling,Hassi Messaoud,Block 2,Equipment-8816,EQ-08816,venting,,3373.03,,2024,1
Transportation,Operations,Hassi R'Mel,Area X,Equipment-8817,EQ-08817,flaring,Diesel,3222.72,gal,2023,7
Transportation,Logistics,Rhourde Nouss,Area Y,Equipment-8818,EQ-08818,fugitive,,8501.01,,2025,12
Refining,Drilling,In Salah,Field B,Equipment-8819,EQ-08819,drilling,,1733.36,,2022,1
Transportation,Operations,Hassi R'Mel,Block 1,Equipment-8820,EQ-08820,drilling,,54.71,,2024,12
Refining,Production,In Salah,Field B,Equipment-8821,EQ-08821,fugitive,,4272.12,,2025,3
Marketing,Drilling,Illizi,Field B,Equipment-8822,EQ-08822,combustion,Propane,3890.13,gal,2023,5
Transportation,Logistics,Adrar,Block 1,Equipment-8823,EQ-08823,venting,,4159.07,,2022,4
Marketing,Production,Berkine,Block 1,Equipment-8824,EQ-08824,flaring,Diesel,3839.7,gal,2025,6
Marketing,Drilling,Hassi R'Mel,Area X,Equipment-8825,EQ-08825,venting,,535.07,,2023,8
Refining,Drilling,Adrar,Area X,Equipment-8826,EQ-08826,venting,,2818.54,,2022,12
Exploration & Production,Production,Hassi Messaoud,Area Y,Equipment-8827,EQ-08827,flaring,Diesel,7420.2,gal,2024,11
Refining,Logistics,Hassi Messaoud,Area Y,Equipment-8828,EQ-08828,flaring,Natural Gas,9906.01,scf,2023,12
Transportation,Operations,Hassi R'Mel,Area Y,Equipment-8829,EQ-08829,fugitive,,3245.52,,2025,8
Exploration & Production,Operations,Hassi Messaoud,Block 1,Equipment-8830,EQ-08830,venting,,7697.09,,2025,2
Transportation,Operations,Illizi,Field A,Equipment-8831,EQ-08831,fugitive,,272.11,,2023,5
Marketing,Drilling,Illizi,Area X,Equipment-8832,EQ-08832,combustion,,8483.57,,2023,9
Marketing,Production,Rhourde Nouss,Field A,Equipment-8833,EQ-08833,drilling,,9072.48,,2025,1
Marketing,Production,Hassi R'Mel,Block 1,Equipment-8834,EQ-08834,combustion,Natural Gas,6934.67,scf,2022,5
Exploration & Production,Logistics,Illizi,Area Y,Equipment-8835,EQ-08835,venting,,2829.51,,2025,8
Refining,Drilling,In Salah,Block 2,Equipment-8836,EQ-08836,drilling,,9912.46,,2023,12
Transportation,Drilling,Adrar,Area Y,Equipment-8837,EQ-08837,flaring,Diesel,2128.65,gal,2024,1
Transportation,Drilling,Illizi,Block 2,Equipment-8838,EQ-08838,combustion,,5126.74,,2022,9
Refining,Drilling,Berkine,Field B,Equipment-8839,EQ-08839,drilling,,3996.83,,2024,12
Transportation,Logistics,Illizi,Block 2,Equipment-8840,EQ-08840,fugitive,,6041.07,,2022,5
Marketing,Logistics,Illizi,Area X,Equipment-8841,EQ-08841,venting,,5674.15,,2024,2
Exploration & Production,Operations,Illizi,Area Y,Equipment-8842,EQ-08842,flaring,Fuel Gas,653.23,gal,2025,11
Exploration & Production,Logistics,Rhourde Nouss,Block 1,Equipment-8843,EQ-08843,venting,,1102.78,,2024,2
Transportation,Production,Hassi Messaoud,Block 1,Equipment-8844,EQ-08844,combustion,,1988.42,,2025,6
Exploration & Production,Logistics,Rhourde Nouss,Area X,Equipment-8845,EQ-08845,combustion,Natural Gas,1596.24,scf,2022,5
Marketing,Operations,Hassi R'Mel,Field A,Equipment-8846,EQ-08846,combustion,Diesel,8834.11,gal,2025,9
Transportation,Operations,Rhourde Nouss,Block 2,Equipment-8847,EQ-08847,drilling,,9392.96,,2025,6
Marketing,Logistics,In Salah,Field B,Equipment-8848,EQ-08848,drilling,,8054.65,,2022,11
Refining,Operations,Hassi Messaoud,Area X,Equipment-8849,EQ-08849,drilling,,3796.07,,2023,3
Transportation,Operations,Illizi,Area Y,Equipment-8850,EQ-08850,flaring,Fuel Gas,7646.58,gal,2024,12
Transportation,Drilling,Hassi Messaoud,Block 2,Equipment-8851,EQ-08851,venting,,4699.71,,2023,9
Exploration & Production,Drilling,Berkine,Field A,Equipment-8852,EQ-08852,venting,,9912.0,,2022,2
Marketing,Logistics,Hassi Messaoud,Block 2,Equipment-8853,EQ-08853,combustion,Natural Gas,8162.47,scf,2023,7
Refining,Drilling,Berkine,Area X,Equipment-8854,EQ-08854,fugitive,,8490.39,,2023,12
Exploration & Production,Production,Hassi Messaoud,Area X,Equipment-8855,EQ-08855,drilling,,5527.89,,2023,7
Exploration & Production,Production,Adrar,Field B,Equipment-8856,EQ-08856,flaring,Fuel Gas,1741.46,gal,2023,2
Transportation,Operations,Berkine,Field B,Equipment-8857,EQ-08857,drilling,,9708.1,,2023,10
Marketing,Drilling,Illizi,Block 2,Equipment-8858,EQ-08858,drilling,,5232.18,,2022,12
Exploration & Production,Production,Hassi Messaoud,Area X,Equipment-8859,EQ-08859,venting,,8817.52,,2023,10
Transportation,Logistics,Berkine,Field B,Equipment-8860,EQ-08860,drilling,,9431.45,,2024,9
Marketing,Operations,Hassi Messaoud,Area X,Equipment-8861,EQ-08861,flaring,Propane,3511.99,gal,2023,3
Exploration & Production,Production,In Salah,Block 1,Equipment-8862,EQ-08862,venting,,5561.19,,2022,2
Refining,Operations,Hassi R'Mel,Block 1,Equipment-8863,EQ-08863,venting,,9814.28,,2022,9
Marketing,Logistics,Hassi R'Mel,Area Y,Equipment-8864,EQ-08864,combustion,,1106.92,,2022,4
Transportation,Logistics,Hassi R'Mel,Area X,Equipment-8865,EQ-08865,combustion,Propane,2477.92,gal,2023,8
Refining,Operations,Hassi Messaoud,Block 1,Equipment-8866,EQ-08866,flaring,,4879.27,,2022,6
Transportation,Production,Rhourde Nouss,Field B,Equipment-8867,EQ-08867,fugitive,,3658.08,,2025,12
Marketing,Logistics,In Salah,Field A,Equipment-8868,EQ-08868,venting,,8630.64,,2022,4
Marketing,Operations,In Salah,Block 1,Equipment-8869,EQ-08869,combustion,Natural Gas,3576.91,scf,2022,7
Refining,Drilling,Rhourde Nouss,Field A,Equipment-8870,EQ-08870,flaring,,5518.72,,2025,3
Marketing,Production,Hassi R'Mel,Field B,Equipment-8871,EQ-08871,flaring,Propane,9173.54,gal,2024,10
Exploration & Production,Drilling,In Salah,Field A,Equipment-8872,EQ-08872,venting,,3413.55,,2022,6
Transportation,Drilling,Illizi,Field A,Equipment-8873,EQ-08873,combustion,Diesel,5605.41,gal,2025,10
Marketing,Logistics,Hassi R'Mel,Field B,Equipment-8874,EQ-08874,fugitive,,1085.79,,2025,7
Transportation,Production,Adrar,Area Y,Equipment-8875,EQ-08875,drilling,,4117.28,,2022,5
Marketing,Production,Berkine,Block 1,Equipment-8876,EQ-08876,drilling,,8887.07,,2024,2
Exploration & Production,Production,Hassi R'Mel,Field A,Equipment-8877,EQ-08877,drilling,,4180.7,,2022,2
Exploration & Production,Production,Adrar,Field B,Equipment-8878,EQ-08878,venting,,5985.04,,2023,7
Transportation,Production,Hassi R'Mel,Area Y,Equipment-8879,EQ-08879,flaring,,3808.28,,2025,3
Transportation,Logistics,Illizi,Block 1,Equipment-8880,EQ-08880,flaring,Natural Gas,26.52,scf,2024,1
Refining,Operations,Hassi R'Mel,Field A,Equipment-8881,EQ-08881,fugitive,,394.58,,2022,4
Marketing,Operations,Berkine,Block 1,Equipment-8882,EQ-08882,fugitive,,2140.83,,2023,10
Refining,Production,Adrar,Field A,Equipment-8883,EQ-08883,venting,,1375.06,,2023,10
Marketing,Production,Berkine,Area X,Equipment-8884,EQ-08884,drilling,,6833.29,,2022,2
Marketing,Production,Hassi R'Mel,Field B,Equipment-8885,EQ-08885,venting,,6498.59,,2024,8
Marketing,Operations,Berkine,Area X,Equipment-8886,EQ-08886,drilling,,6750.31,,2022,1
Marketing,Operations,Berkine,Area X,Equipment-8887,EQ-08887,fugitive,,816.15,,2024,6
Marketing,Operations,Hassi Messaoud,Field A,Equipment-8888,EQ-08888,drilling,,5018.23,,2023,2
Marketing,Drilling,Rhourde Nouss,Field A,Equipment-8889,EQ-08889,fugitive,,6717.15,,2024,11
Refining,Production,Hassi R'Mel,Area Y,Equipment-8890,EQ-08890,combustion,Diesel,6719.22,gal,2023,7
Refining,Production,Berkine,Block 1,Equipment-8891,EQ-08891,fugitive,,3665.55,,2022,2
Marketing,Operations,Adrar,Field B,Equipment-8892,EQ-08892,venting,,5690.65,,2022,8
Exploration & Production,Operations,Adrar,Field A,Equipment-8893,EQ-08893,venting,,7602.22,,2022,3
Exploration & Production,Production,Rhourde Nouss,Field A,Equipment-8894,EQ-08894,drilling,,5015.47,,2025,2
Exploration & Production,Operations,Rhourde Nouss,Field A,Equipment-8895,EQ-08895,combustion,Natural Gas,8111.3,scf,2024,5
Marketing,Operations,Hassi R'Mel,Area X,Equipment-8896,EQ-08896,flaring,Diesel,7591.87,gal,2022,12
Refining,Production,Hassi R'Mel,Field B,Equipment-8897,EQ-08897,combustion,Propane,1339.53,gal,2024,1
Exploration & Production,Operations,Hassi Messaoud,Block 2,Equipment-8898,EQ-08898,fugitive,,1016.0,,2025,2
Transportation,Logistics,Hassi Messaoud,Area Y,Equipment-8899,EQ-08899,venting,,9640.15,,2025,1
Exploration & Production,Operations,Adrar,Area X,Equipment-8900,EQ-08900,fugitive,,6364.16,,2022,1
Refining,Production,Illizi,Field B,Equipment-8901,EQ-08901,fugitive,,3032.44,,2022,12
Refining,Production,Illizi,Field B,Equipment-8902,EQ-08902,venting,,796.97,,2024,7
Refining,Operations,Illizi,Block 1,Equipment-8903,EQ-08903,venting,,451.92,,2024,2
Exploration & Production,Production,In Salah,Field A,Equipment-8904,EQ-08904,combustion,Fuel Gas,4268.47,gal,2024,1
Exploration & Production,Drilling,Rhourde Nouss,Area X,Equipment-8905,EQ-08905,venting,,99.03,,2024,5
Refining,Operations,Illizi,Block 2,Equipment-8906,EQ-08906,drilling,,6886.77,,2024,3
Exploration & Production,Logistics,Rhourde Nouss,Block 1,Equipment-8907,EQ-08907,fugitive,,9187.0,,2024,6
Refining,Operations,Berkine,Field A,Equipment-8908,EQ-08908,flaring,Fuel Gas,5235.94,gal,2023,5
Transportation,Drilling,Hassi R'Mel,Block 2,Equipment-8909,EQ-08909,venting,,4748.85,,2024,9
Marketing,Logistics,Hassi R'Mel,Field A,Equipment-8910,EQ-08910,drilling,,533.38,,2022,2
Exploration & Production,Production,Rhourde Nouss,Field B,Equipment-8911,EQ-08911,drilling,,9183.35,,2025,3
Transportation,Drilling,In Salah,Area Y,Equipment-8912,EQ-08912,venting,,4120.75,,2022,9
Marketing,Drilling,Rhourde Nouss,Field A,Equipment-8913,EQ-08913,venting,,8524.06,,2025,9
Refining,Operations,Rhourde Nouss,Field B,Equipment-8914,EQ-08914,flaring,Fuel Gas,1935.36,gal,2024,7
Exploration & Production,Drilling,Illizi,Field B,Equipment-8915,EQ-08915,fugitive,,96.56,,2022,8
Marketing,Operations,In Salah,Area Y,Equipment-8916,EQ-08916,combustion,Diesel,9853.03,gal,2024,12
Refining,Drilling,Hassi R'Mel,Block 2,Equipment-8917,EQ-08917,flaring,,2560.65,,2024,7
Transportation,Logistics,Hassi R'Mel,Field B,Equipment-8918,EQ-08918,fugitive,,4134.98,,2022,4
Marketing,Logistics,Rhourde Nouss,Field B,Equipment-8919,EQ-08919,flaring,Diesel,2133.52,gal,2022,9
Marketing,Drilling,Illizi,Block 1,Equipment-8920,EQ-08920,combustion,,8250.76,,2023,2
Marketing,Drilling,Rhourde Nouss,Block 1,Equipment-8921,EQ-08921,drilling,,4897.54,,2022,7
Marketing,Operations,Hassi Messaoud,Block 2,Equipment-8922,EQ-08922,venting,,4695.75,,2024,4
Transportation,Drilling,In Salah,Field B,Equipment-8923,EQ-08923,fugitive,,6439.28,,2023,7
Exploration & Production,Logistics,Adrar,Field A,Equipment-8924,EQ-08924,combustion,Fuel Gas,8567.79,gal,2023,7
Exploration & Production,Drilling,Illizi,Field B,Equipment-8925,EQ-08925,flaring,Propane,8034.89,gal,2023,8
Transportation,Drilling,Hassi Messaoud,Area Y,Equipment-8926,EQ-08926,drilling,,2627.52,,2025,6
Exploration & Production,Production,In Salah,Field A,Equipment-8927,EQ-08927,flaring,Diesel,1186.75,gal,2023,12
Refining,Operations,Adrar,Block 1,Equipment-8928,EQ-08928,drilling,,9347.69,,2022,4
Transportation,Drilling,Rhourde Nouss,Field B,Equipment-8929,EQ-08929,fugitive,,2709.05,,2024,5
Transportation,Production,Adrar,Block 1,Equipment-8930,EQ-08930,drilling,,6816.87,,2022,2
Exploration & Production,Operations,Rhourde Nouss,Field A,Equipment-8931,EQ-08931,drilling,,186.77,,2024,11
Refining,Operations,Adrar,Area Y,Equipment-8932,EQ-08932,combustion,Diesel,5504.32,gal,2024,4
Marketing,Production,Hassi Messaoud,Field A,Equipment-8933,EQ-08933,combustion,,4960.17,,2025,5
Marketing,Drilling,Hassi R'Mel,Area X,Equipment-8934,EQ-08934,fugitive,,2736.42,,2022,12
Refining,Operations,Rhourde Nouss,Area Y,Equipment-8935,EQ-08935,fugitive,,5447.01,,2024,4
Exploration & Production,Production,Hassi R'Mel,Area Y,Equipment-8936,EQ-08936,combustion,Propane,8191.07,gal,2022,1
Refining,Operations,Berkine,Field B,Equipment-8937,EQ-08937,fugitive,,8509.07,,2022,9
Marketing,Operations,Rhourde Nouss,Block 1,Equipment-8938,EQ-08938,drilling,,4794.94,,2022,9
Refining,Drilling,Illizi,Area X,Equipment-8939,EQ-08939,flaring,Natural Gas,5611.41,scf,2022,10
Transportation,Production,Hassi R'Mel,Field B,Equipment-8940,EQ-08940,drilling,,70.79,,2022,7
Exploration & Production,Drilling,In Salah,Block 1,Equipment-8941,EQ-08941,fugitive,,2644.41,,2025,11
Marketing,Drilling,Hassi Messaoud,Block 2,Equipment-8942,EQ-08942,combustion,Fuel Gas,6368.62,gal,2022,10
Marketing,Operations,Berkine,Block 2,Equipment-8943,EQ-08943,flaring,Fuel Gas,5345.81,gal,2025,4
Exploration & Production,Logistics,Illizi,Area X,Equipment-8944,EQ-08944,flaring,Propane,961.69,gal,2022,9
Exploration & Production,Operations,Berkine,Area Y,Equipment-8945,EQ-08945,fugitive,,4761.95,,2022,7
Exploration & Production,Production,Illizi,Area Y,Equipment-8946,EQ-08946,fugitive,,7100.57,,2022,1
Exploration & Production,Logistics,Rhourde Nouss,Block 1,Equipment-8947,EQ-08947,flaring,Fuel Gas,8699.34,gal,2022,7
Transportation,Drilling,Rhourde Nouss,Field B,Equipment-8948,EQ-08948,drilling,,1786.98,,2024,11
Exploration & Production,Production,Rhourde Nouss,Field B,Equipment-8949,EQ-08949,drilling,,1314.33,,2024,10
Transportation,Operations,Berkine,Block 1,Equipment-8950,EQ-08950,drilling,,5426.46,,2025,4
Marketing,Drilling,Hassi R'Mel,Area Y,Equipment-8951,EQ-08951,venting,,3387.38,,2022,6
Transportation,Drilling,In Salah,Field A,Equipment-8952,EQ-08952,drilling,,3353.72,,2025,5
Marketing,Production,Hassi R'Mel,Area X,Equipment-8953,EQ-08953,flaring,Fuel Gas,2162.0,gal,2024,6
Exploration & Production,Operations,Adrar,Block 1,Equipment-8954,EQ-08954,fugitive,,1341.7,,2023,12
Transportation,Drilling,Illizi,Area X,Equipment-8955,EQ-08955,venting,,5373.98,,2022,1
Transportation,Operations,Berkine,Field A,Equipment-8956,EQ-08956,venting,,3836.44,,2025,12
Marketing,Logistics,In Salah,Area X,Equipment-8957,EQ-08957,combustion,,9908.04,,2025,3
Refining,Logistics,Illizi,Block 1,Equipment-8958,EQ-08958,flaring,,8363.9,,2024,4
Transportation,Production,Hassi Messaoud,Block 2,Equipment-8959,EQ-08959,flaring,Fuel Gas,9972.37,gal,2024,9
Exploration & Production,Drilling,Berkine,Field A,Equipment-8960,EQ-08960,venting,,7601.36,,2022,9
Marketing,Production,Rhourde Nouss,Field B,Equipment-8961,EQ-08961,combustion,Diesel,5143.35,gal,2024,3
Marketing,Operations,In Salah,Block 1,Equipment-8962,EQ-08962,venting,,8833.02,,2025,6
Exploration & Production,Logistics,Rhourde Nouss,Block 2,Equipment-8963,EQ-08963,venting,,9862.57,,2022,6
Exploration & Production,Production,Hassi R'Mel,Area X,Equipment-8964,EQ-08964,combustion,Diesel,3687.82,gal,2023,1
Exploration & Production,Logistics,Rhourde Nouss,Field B,Equipment-8965,EQ-08965,flaring,Propane,4501.78,gal,2025,9
Transportation,Logistics,Berkine,Area Y,Equipment-8966,EQ-08966,fugitive,,4175.73,,2022,8
Refining,Production,Adrar,Block 2,Equipment-8967,EQ-08967,drilling,,7587.9,,2022,5
Marketing,Drilling,Berkine,Field A,Equipment-8968,EQ-08968,venting,,1213.41,,2025,3
Refining,Production,Illizi,Field A,Equipment-8969,EQ-08969,flaring,,1107.17,,2022,5
Transportation,Production,Rhourde Nouss,Block 1,Equipment-8970,EQ-08970,combustion,Propane,3693.5,gal,2022,11
Refining,Logistics,Rhourde Nouss,Area Y,Equipment-8971,EQ-08971,drilling,,4592.68,,2023,10
Refining,Logistics,Rhourde Nouss,Field B,Equipment-8972,EQ-08972,flaring,Fuel Gas,8630.44,gal,2024,7
Transportation,Drilling,Hassi R'Mel,Field B,Equipment-8973,EQ-08973,combustion,,5873.48,,2024,10
Marketing,Production,Rhourde Nouss,Block 2,Equipment-8974,EQ-08974,flaring,Propane,6819.18,gal,2025,10
Transportation,Logistics,In Salah,Area Y,Equipment-8975,EQ-08975,drilling,,3136.36,,2025,12
Refining,Logistics,Rhourde Nouss,Block 2,Equipment-8976,EQ-08976,venting,,8978.5,,2025,10
Exploration & Production,Drilling,Hassi Messaoud,Block 2,Equipment-8977,EQ-08977,flaring,Fuel Gas,6593.33,gal,2025,9
Exploration & Production,Operations,Berkine,Block 2,Equipment-8978,EQ-08978,fugitive,,5228.04,,2022,1
Marketing,Drilling,In Salah,Field B,Equipment-8979,EQ-08979,fugitive,,2103.78,,2025,3
Transportation,Logistics,Hassi R'Mel,Field A,Equipment-8980,EQ-08980,venting,,5633.46,,2022,5
Transportation,Operations,Rhourde Nouss,Field A,Equipment-8981,EQ-08981,fugitive,,3322.82,,2025,10
Refining,Logistics,Hassi Messaoud,Block 1,Equipment-8982,EQ-08982,fugitive,,9486.69,,2024,11
Transportation,Production,Rhourde Nouss,Area X,Equipment-8983,EQ-08983,venting,,2160.19,,2024,2
Exploration & Production,Logistics,Hassi R'Mel,Area X,Equipment-8984,EQ-08984,venting,,3489.54,,2023,10
Exploration & Production,Production,Adrar,Area Y,Equipment-8985,EQ-08985,combustion,,4418.67,,2022,12
Transportation,Production,Rhourde Nouss,Field A,Equipment-8986,EQ-08986,combustion,Natural Gas,2505.76,scf,2024,6
Refining,Logistics,Illizi,Area X,Equipment-8987,EQ-08987,venting,,832.54,,2022,4
Refining,Drilling,Adrar,Area X,Equipment-8988,EQ-08988,venting,,1727.33,,2024,1
Transportation,Production,Berkine,Area X,Equipment-8989,EQ-08989,fugitive,,9184.65,,2022,10
Refining,Operations,Illizi,Block 1,Equipment-8990,EQ-08990,combustion,Propane,1077.21,gal,2025,6
Exploration & Production,Production,Berkine,Field A,Equipment-8991,EQ-08991,flaring,Fuel Gas,8245.75,gal,2025,2
Exploration & Production,Operations,Hassi Messaoud,Area Y,Equipment-8992,EQ-08992,drilling,,3672.12,,2025,1
Refining,Drilling,Hassi Messaoud,Area Y,Equipment-8993,EQ-08993,venting,,8262.68,,2022,2
Exploration & Production,Drilling,In Salah,Area Y,Equipment-8994,EQ-08994,venting,,8007.53,,2022,12
Exploration & Production,Operations,Adrar,Block 1,Equipment-8995,EQ-08995,fugitive,,2550.29,,2022,9
Marketing,Drilling,In Salah,Block 1,Equipment-8996,EQ-08996,drilling,,2450.79,,2025,9
Exploration & Production,Operations,Hassi R'Mel,Field A,Equipment-8997,EQ-08997,flaring,Propane,7279.46,gal,2023,7
Marketing,Logistics,Hassi R'Mel,Area Y,Equipment-8998,EQ-08998,fugitive,,3653.48,,2023,4
Exploration & Production,Logistics,Hassi Messaoud,Area X,Equipment-8999,EQ-08999,drilling,,4452.44,,2023,5
Marketing,Logistics,Illizi,Field B,Equipment-9000,EQ-09000,drilling,,1900.08,,2025,6
Exploration & Production,Drilling,Berkine,Field B,Equipment-9001,EQ-09001,combustion,Propane,901.95,gal,2022,1
Transportation,Logistics,Hassi Messaoud,Block 2,Equipment-9002,EQ-09002,fugitive,,7906.11,,2025,1
Transportation,Drilling,Rhourde Nouss,Block 1,Equipment-9003,EQ-09003,venting,,2897.84,,2025,2
Exploration & Production,Logistics,In Salah,Block 1,Equipment-9004,EQ-09004,flaring,Propane,8468.82,gal,2024,7
Exploration & Production,Drilling,Illizi,Field A,Equipment-9005,EQ-09005,venting,,8996.1,,2025,2
Exploration & Production,Drilling,In Salah,Field A,Equipment-9006,EQ-09006,combustion,Propane,4685.89,gal,2022,8
Marketing,Drilling,Hassi R'Mel,Area Y,Equipment-9007,EQ-09007,venting,,4879.44,,2022,2
Marketing,Operations,Hassi Messaoud,Field B,Equipment-9008,EQ-09008,venting,,9150.17,,2023,1
Marketing,Logistics,Berkine,Field B,Equipment-9009,EQ-09009,venting,,2930.73,,2022,3
Marketing,Logistics,Hassi R'Mel,Area Y,Equipment-9010,EQ-09010,flaring,,4962.51,,2022,9
Refining,Drilling,Berkine,Area X,Equipment-9011,EQ-09011,fugitive,,599.05,,2022,12
Transportation,Drilling,Adrar,Block 2,Equipment-9012,EQ-09012,drilling,,3317.05,,2025,8
Refining,Operations,Adrar,Field B,Equipment-9013,EQ-09013,fugitive,,8304.01,,2022,12
Refining,Logistics,Hassi R'Mel,Block 2,Equipment-9014,EQ-09014,venting,,7635.61,,2025,4
Exploration & Production,Production,Hassi Messaoud,Block 2,Equipment-9015,EQ-09015,fugitive,,2911.89,,2022,3
Marketing,Production,In Salah,Area Y,Equipment-9016,EQ-09016,venting,,7633.19,,2023,1
Refining,Operations,In Salah,Field B,Equipment-9017,EQ-09017,drilling,,7125.06,,2024,11
Marketing,Operations,Hassi Messaoud,Area X,Equipment-9018,EQ-09018,combustion,Natural Gas,2010.37,scf,2022,8
Transportation,Logistics,Illizi,Field A,Equipment-9019,EQ-09019,drilling,,7525.39,,2025,1
Marketing,Drilling,Rhourde Nouss,Block 2,Equipment-9020,EQ-09020,drilling,,1176.73,,2024,3
Exploration & Production,Logistics,Berkine,Block 2,Equipment-9021,EQ-09021,fugitive,,4741.19,,2025,7
Transportation,Drilling,In Salah,Field B,Equipment-9022,EQ-09022,venting,,976.81,,2023,3
Marketing,Operations,Berkine,Block 2,Equipment-9023,EQ-09023,drilling,,8570.93,,2022,2
Refining,Operations,Hassi Messaoud,Area Y,Equipment-9024,EQ-09024,flaring,Propane,7475.17,gal,2023,4
Exploration & Production,Production,Illizi,Field B,Equipment-9025,EQ-09025,combustion,,1486.29,,2022,7
Exploration & Production,Production,Berkine,Area Y,Equipment-9026,EQ-09026,fugitive,,354.65,,2024,7
Transportation,Logistics,Rhourde Nouss,Block 2,Equipment-9027,EQ-09027,venting,,2847.83,,2023,2
Refining,Operations,Hassi R'Mel,Field B,Equipment-9028,EQ-09028,combustion,Diesel,7452.13,gal,2023,7
Exploration & Production,Operations,Hassi R'Mel,Block 2,Equipment-9029,EQ-09029,combustion,Diesel,5766.35,gal,2025,4
Marketing,Logistics,In Salah,Field A,Equipment-9030,EQ-09030,fugitive,,5662.26,,2024,11
Exploration & Production,Production,Illizi,Block 2,Equipment-9031,EQ-09031,flaring,Fuel Gas,6185.02,gal,2024,11
Refining,Logistics,Adrar,Area Y,Equipment-9032,EQ-09032,combustion,Natural Gas,530.4,scf,2023,8
Exploration & Production,Drilling,Rhourde Nouss,Field B,Equipment-9033,EQ-09033,drilling,,1109.41,,2024,8
Exploration & Production,Operations,Rhourde Nouss,Field B,Equipment-9034,EQ-09034,combustion,,969.81,,2025,1
Refining,Production,Adrar,Area X,Equipment-9035,EQ-09035,flaring,,622.23,,2022,8
Refining,Drilling,Berkine,Field B,Equipment-9036,EQ-09036,fugitive,,7587.98,,2023,1
Exploration & Production,Logistics,Illizi,Area X,Equipment-9037,EQ-09037,fugitive,,1648.42,,2024,5
Marketing,Production,Illizi,Block 2,Equipment-9038,EQ-09038,fugitive,,7401.52,,2022,3
Marketing,Logistics,Hassi R'Mel,Field B,Equipment-9039,EQ-09039,fugitive,,7318.88,,2024,8
Transportation,Logistics,Hassi R'Mel,Area X,Equipment-9040,EQ-09040,combustion,Natural Gas,2097.38,scf,2023,1
Exploration & Production,Logistics,Rhourde Nouss,Block 2,Equipment-9041,EQ-09041,venting,,2545.69,,2023,11
Exploration & Production,Operations,Hassi Messaoud,Block 1,Equipment-9042,EQ-09042,flaring,Diesel,9801.53,gal,2024,2
Transportation,Operations,In Salah,Block 2,Equipment-9043,EQ-09043,flaring,,2224.51,,2023,8
Transportation,Drilling,Hassi Messaoud,Field B,Equipment-9044,EQ-09044,drilling,,102.96,,2022,2
Marketing,Logistics,Adrar,Area Y,Equipment-9045,EQ-09045,venting,,9639.74,,2024,9
Transportation,Logistics,Berkine,Block 1,Equipment-9046,EQ-09046,drilling,,5085.09,,2025,1
Refining,Production,Hassi R'Mel,Field B,Equipment-9047,EQ-09047,venting,,1790.4,,2025,1
Refining,Operations,In Salah,Block 2,Equipment-9048,EQ-09048,venting,,8205.97,,2024,11
Refining,Drilling,Adrar,Block 1,Equipment-9049,EQ-09049,combustion,Diesel,9041.38,gal,2022,6
Refining,Operations,Adrar,Block 1,Equipment-9050,EQ-09050,combustion,Fuel Gas,4124.48,gal,2022,9
Transportation,Logistics,Illizi,Field A,Equipment-9051,EQ-09051,flaring,Natural Gas,2447.78,scf,2023,1
Refining,Drilling,In Salah,Area Y,Equipment-9052,EQ-09052,flaring,Natural Gas,8145.57,scf,2022,1
Transportation,Production,Rhourde Nouss,Block 1,Equipment-9053,EQ-09053,fugitive,,849.82,,2025,12
Refining,Logistics,Hassi Messaoud,Field B,Equipment-9054,EQ-09054,combustion,Propane,8718.1,gal,2023,11
Transportation,Logistics,In Salah,Block 1,Equipment-9055,EQ-09055,flaring,Diesel,5026.17,gal,2022,8
Refining,Operations,Adrar,Block 2,Equipment-9056,EQ-09056,venting,,3916.98,,2024,2
Exploration & Production,Production,Hassi Messaoud,Area X,Equipment-9057,EQ-09057,drilling,,8810.57,,2024,12
Marketing,Operations,Hassi R'Mel,Block 1,Equipment-9058,EQ-09058,fugitive,,3200.24,,2023,11
Transportation,Drilling,Rhourde Nouss,Area Y,Equipment-9059,EQ-09059,combustion,Diesel,4730.17,gal,2023,3
Refining,Logistics,Berkine,Area X,Equipment-9060,EQ-09060,combustion,,5285.89,,2023,4
Transportation,Operations,Berkine,Block 2,Equipment-9061,EQ-09061,venting,,1004.29,,2025,7
Refining,Production,In Salah,Block 2,Equipment-9062,EQ-09062,venting,,2360.56,,2025,7
Refining,Logistics,Rhourde Nouss,Field A,Equipment-9063,EQ-09063,combustion,Fuel Gas,4445.81,gal,2024,8
Refining,Logistics,Adrar,Block 2,Equipment-9064,EQ-09064,combustion,Fuel Gas,220.19,gal,2023,4
Refining,Operations,Illizi,Area X,Equipment-9065,EQ-09065,fugitive,,168.53,,2024,2
Marketing,Logistics,Rhourde Nouss,Block 2,Equipment-9066,EQ-09066,fugitive,,247.83,,2025,2
Refining,Production,Adrar,Area X,Equipment-9067,EQ-09067,fugitive,,5421.75,,2024,3
Marketing,Logistics,Berkine,Area X,Equipment-9068,EQ-09068,drilling,,7226.91,,2024,2
Exploration & Production,Operations,Hassi R'Mel,Field B,Equipment-9069,EQ-09069,venting,,682.47,,2024,10
Marketing,Production,Berkine,Area Y,Equipment-9070,EQ-09070,flaring,,3636.96,,2022,9
Exploration & Production,Operations,In Salah,Block 2,Equipment-9071,EQ-09071,flaring,Natural Gas,1186.39,scf,2022,10
Refining,Logistics,Hassi R'Mel,Area X,Equipment-9072,EQ-09072,drilling,,7683.47,,2025,11
Exploration & Production,Drilling,Berkine,Area Y,Equipment-9073,EQ-09073,fugitive,,1282.33,,2023,7
Exploration & Production,Logistics,In Salah,Block 2,Equipment-9074,EQ-09074,combustion,Natural Gas,6916.04,scf,2024,10
Exploration & Production,Operations,Hassi R'Mel,Field A,Equipment-9075,EQ-09075,combustion,Diesel,8845.76,gal,2024,12
Exploration & Production,Logistics,Rhourde Nouss,Field A,Equipment-9076,EQ-09076,drilling,,3620.75,,2023,8
Exploration & Production,Drilling,Hassi Messaoud,Block 2,Equipment-9077,EQ-09077,flaring,Diesel,9311.65,gal,2024,8
Refining,Drilling,Illizi,Block 1,Equipment-9078,EQ-09078,fugitive,,4362.35,,2024,1
Exploration & Production,Operations,Berkine,Field B,Equipment-9079,EQ-09079,flaring,Diesel,2266.41,gal,2022,9
Marketing,Drilling,Rhourde Nouss,Block 1,Equipment-9080,EQ-09080,fugitive,,6642.22,,2024,2
Refining,Production,Rhourde Nouss,Field A,Equipment-9081,EQ-09081,flaring,,6917.95,,2022,1
Marketing,Operations,Adrar,Area X,Equipment-9082,EQ-09082,combustion,Diesel,1665.82,gal,2024,8
Exploration & Production,Drilling,Hassi R'Mel,Block 2,Equipment-9083,EQ-09083,fugitive,,6120.73,,2023,3
Marketing,Logistics,Adrar,Area X,Equipment-9084,EQ-09084,combustion,Natural Gas,3075.46,scf,2025,12
Transportation,Production,In Salah,Block 2,Equipment-9085,EQ-09085,fugitive,,9734.3,,2024,12
Exploration & Production,Drilling,Berkine,Field A,Equipment-9086,EQ-09086,combustion,Diesel,9105.16,gal,2025,5
Exploration & Production,Production,Illizi,Area X,Equipment-9087,EQ-09087,drilling,,1786.77,,2022,1
Marketing,Operations,Adrar,Block 1,Equipment-9088,EQ-09088,drilling,,7883.23,,2025,10
Exploration & Production,Operations,Illizi,Area X,Equipment-9089,EQ-09089,fugitive,,4824.84,,2023,2
Refining,Production,Adrar,Block 2,Equipment-9090,EQ-09090,flaring,Fuel Gas,2973.24,gal,2025,1
Exploration & Production,Production,Adrar,Block 2,Equipment-9091,EQ-09091,venting,,3101.53,,2025,5
Transportation,Production,Adrar,Block 1,Equipment-9092,EQ-09092,fugitive,,2893.87,,2024,5
Exploration & Production,Production,Hassi Messaoud,Area Y,Equipment-9093,EQ-09093,venting,,2362.15,,2024,11
Refining,Production,Illizi,Field B,Equipment-9094,EQ-09094,combustion,Fuel Gas,8785.2,gal,2024,4
Exploration & Production,Logistics,Adrar,Area Y,Equipment-9095,EQ-09095,flaring,Propane,4179.48,gal,2022,11
Transportation,Drilling,Berkine,Field B,Equipment-9096,EQ-09096,fugitive,,3608.51,,2024,2
Marketing,Operations,Adrar,Field B,Equipment-9097,EQ-09097,combustion,Natural Gas,519.79,scf,2023,9
Transportation,Production,Hassi Messaoud,Block 2,Equipment-9098,EQ-09098,drilling,,2255.68,,2025,4
Refining,Operations,Rhourde Nouss,Block 1,Equipment-9099,EQ-09099,fugitive,,4343.64,,2023,10
Transportation,Logistics,Hassi R'Mel,Field B,Equipment-9100,EQ-09100,venting,,4493.65,,2025,10
Refining,Production,Illizi,Area X,Equipment-9101,EQ-09101,flaring,,5835.43,,2025,6
Exploration & Production,Operations,Hassi Messaoud,Field B,Equipment-9102,EQ-09102,combustion,Propane,4568.34,gal,2022,3
Exploration & Production,Logistics,Hassi Messaoud,Area X,Equipment-9103,EQ-09103,flaring,Natural Gas,3854.4,scf,2022,4
Refining,Logistics,Berkine,Block 2,Equipment-9104,EQ-09104,fugitive,,2266.62,,2024,9
Transportation,Operations,Illizi,Block 2,Equipment-9105,EQ-09105,drilling,,6611.73,,2024,6
Exploration & Production,Operations,In Salah,Area Y,Equipment-9106,EQ-09106,drilling,,5057.95,,2022,12
Refining,Operations,In Salah,Block 2,Equipment-9107,EQ-09107,flaring,Propane,9281.29,gal,2023,8
Transportation,Logistics,Illizi,Area X,Equipment-9108,EQ-09108,venting,,916.13,,2024,8
Marketing,Operations,Hassi Messaoud,Block 1,Equipment-9109,EQ-09109,venting,,5737.32,,2025,7
Transportation,Production,Illizi,Field B,Equipment-9110,EQ-09110,fugitive,,3467.93,,2025,1
Exploration & Production,Drilling,Illizi,Area X,Equipment-9111,EQ-09111,fugitive,,3043.71,,2022,12
Exploration & Production,Logistics,Hassi R'Mel,Block 1,Equipment-9112,EQ-09112,fugitive,,6531.26,,2025,4
Refining,Operations,Hassi R'Mel,Block 2,Equipment-9113,EQ-09113,venting,,7757.37,,2022,5
Marketing,Production,Adrar,Field B,Equipment-9114,EQ-09114,flaring,Diesel,3269.52,gal,2022,5
Refining,Production,Illizi,Field B,Equipment-9115,EQ-09115,venting,,8564.84,,2023,11
Marketing,Drilling,Hassi R'Mel,Area X,Equipment-9116,EQ-09116,combustion,Propane,3759.87,gal,2023,2
Refining,Operations,Hassi R'Mel,Block 1,Equipment-9117,EQ-09117,combustion,Diesel,8242.17,gal,2024,1
Transportation,Production,In Salah,Field A,Equipment-9118,EQ-09118,venting,,7859.18,,2024,3
Marketing,Production,Hassi R'Mel,Field B,Equipment-9119,EQ-09119,venting,,2033.34,,2022,9
Transportation,Operations,Hassi Messaoud,Block 2,Equipment-9120,EQ-09120,drilling,,9602.35,,2022,2
Refining,Logistics,Illizi,Field A,Equipment-9121,EQ-09121,fugitive,,9469.75,,2022,8
Transportation,Production,Rhourde Nouss,Block 1,Equipment-9122,EQ-09122,drilling,,2189.86,,2025,11
Exploration & Production,Operations,Illizi,Block 1,Equipment-9123,EQ-09123,venting,,4765.47,,2025,9
Transportation,Logistics,Hassi R'Mel,Field B,Equipment-9124,EQ-09124,combustion,Natural Gas,2096.67,scf,2025,6
Exploration & Production,Production,Hassi R'Mel,Area X,Equipment-9125,EQ-09125,flaring,Diesel,1203.8,gal,2025,11
Transportation,Operations,Illizi,Field A,Equipment-9126,EQ-09126,fugitive,,8442.08,,2024,10
Transportation,Logistics,Rhourde Nouss,Block 2,Equipment-9127,EQ-09127,drilling,,4717.69,,2022,7
Transportation,Drilling,Rhourde Nouss,Area Y,Equipment-9128,EQ-09128,venting,,5911.79,,2023,4
Transportation,Production,Illizi,Area X,Equipment-9129,EQ-09129,fugitive,,3622.4,,2024,5
Exploration & Production,Logistics,In Salah,Area Y,Equipment-9130,EQ-09130,flaring,Diesel,5164.47,gal,2022,1
Transportation,Production,Illizi,Field B,Equipment-9131,EQ-09131,fugitive,,5691.27,,2023,5
Marketing,Operations,Berkine,Block 2,Equipment-9132,EQ-09132,venting,,9142.63,,2024,11
Refining,Production,Hassi R'Mel,Block 1,Equipment-9133,EQ-09133,flaring,Natural Gas,5774.68,scf,2022,4
Exploration & Production,Operations,Berkine,Block 2,Equipment-9134,EQ-09134,combustion,Propane,8382.45,gal,2025,2
Transportation,Logistics,Adrar,Field A,Equipment-9135,EQ-09135,fugitive,,8590.89,,2025,8
Transportation,Production,Rhourde Nouss,Area X,Equipment-9136,EQ-09136,fugitive,,2318.01,,2022,10
Exploration & Production,Operations,Hassi R'Mel,Area Y,Equipment-9137,EQ-09137,flaring,Fuel Gas,2303.32,gal,2025,2
Exploration & Production,Production,In Salah,Field A,Equipment-9138,EQ-09138,flaring,Propane,4606.62,gal,2023,10
Transportation,Logistics,Berkine,Area X,Equipment-9139,EQ-09139,flaring,Diesel,5187.59,gal,2024,10
Exploration & Production,Logistics,Hassi R'Mel,Area Y,Equipment-9140,EQ-09140,flaring,Fuel Gas,5819.16,gal,2024,10
Transportation,Operations,Illizi,Area Y,Equipment-9141,EQ-09141,flaring,Natural Gas,9263.25,scf,2025,9
Refining,Logistics,In Salah,Field B,Equipment-9142,EQ-09142,combustion,,815.45,,2025,3
Refining,Logistics,Hassi R'Mel,Area Y,Equipment-9143,EQ-09143,drilling,,2156.52,,2023,2
Exploration & Production,Logistics,Adrar,Block 1,Equipment-9144,EQ-09144,venting,,7769.89,,2022,1
Exploration & Production,Operations,In Salah,Block 1,Equipment-9145,EQ-09145,combustion,Natural Gas,581.06,scf,2024,2
Exploration & Production,Logistics,Adrar,Block 2,Equipment-9146,EQ-09146,fugitive,,1536.23,,2024,3
Refining,Logistics,In Salah,Area X,Equipment-9147,EQ-09147,flaring,Propane,4399.4,gal,2023,7
Transportation,Drilling,Rhourde Nouss,Field B,Equipment-9148,EQ-09148,drilling,,6807.32,,2022,10
Marketing,Production,Hassi Messaoud,Block 1,Equipment-9149,EQ-09149,flaring,,1353.96,,2024,9
Exploration & Production,Operations,Rhourde Nouss,Field A,Equipment-9150,EQ-09150,fugitive,,109.09,,2025,6
Transportation,Operations,Hassi Messaoud,Block 1,Equipment-9151,EQ-09151,venting,,6618.11,,2025,6
Marketing,Logistics,Adrar,Area X,Equipment-9152,EQ-09152,flaring,Fuel Gas,1676.82,gal,2025,7
Exploration & Production,Operations,Hassi Messaoud,Block 1,Equipment-9153,EQ-09153,combustion,,6542.22,,2025,9
Transportation,Production,Berkine,Area X,Equipment-9154,EQ-09154,fugitive,,8997.0,,2023,12
Exploration & Production,Production,In Salah,Field A,Equipment-9155,EQ-09155,flaring,Propane,5778.52,gal,2024,2
Exploration & Production,Operations,Hassi Messaoud,Block 2,Equipment-9156,EQ-09156,venting,,5354.87,,2022,11
Refining,Operations,Berkine,Block 1,Equipment-9157,EQ-09157,combustion,Propane,2937.88,gal,2022,6
Refining,Logistics,Hassi R'Mel,Field B,Equipment-9158,EQ-09158,combustion,Fuel Gas,8247.72,gal,2024,5
Marketing,Logistics,Adrar,Block 2,Equipment-9159,EQ-09159,venting,,743.31,,2023,10
Refining,Operations,In Salah,Area Y,Equipment-9160,EQ-09160,fugitive,,9699.36,,2023,5
Marketing,Drilling,Berkine,Block 2,Equipment-9161,EQ-09161,flaring,Fuel Gas,2156.11,gal,2025,1
Exploration & Production,Logistics,Illizi,Field A,Equipment-9162,EQ-09162,venting,,9060.66,,2025,11
Marketing,Operations,Illizi,Area Y,Equipment-9163,EQ-09163,flaring,Diesel,4518.65,gal,2025,4
Exploration & Production,Operations,Hassi Messaoud,Area X,Equipment-9164,EQ-09164,flaring,,293.54,,2023,8
Refining,Logistics,Adrar,Area Y,Equipment-9165,EQ-09165,venting,,5170.25,,2025,11
Transportation,Drilling,Berkine,Block 2,Equipment-9166,EQ-09166,fugitive,,5439.62,,2023,9
Transportation,Logistics,Rhourde Nouss,Field A,Equipment-9167,EQ-09167,flaring,Natural Gas,964.46,scf,2024,9
Marketing,Drilling,Hassi Messaoud,Field B,Equipment-9168,EQ-09168,drilling,,8126.87,,2023,3
Marketing,Operations,Hassi Messaoud,Area Y,Equipment-9169,EQ-09169,combustion,,9604.27,,2024,10
Exploration & Production,Operations,Hassi R'Mel,Block 2,Equipment-9170,EQ-09170,flaring,Propane,745.82,gal,2022,7
Refining,Logistics,Hassi R'Mel,Field A,Equipment-9171,EQ-09171,drilling,,3243.4,,2023,7
Transportation,Production,Hassi R'Mel,Area Y,Equipment-9172,EQ-09172,flaring,Diesel,2978.39,gal,2022,8
Exploration & Production,Drilling,In Salah,Field B,Equipment-9173,EQ-09173,fugitive,,2871.78,,2024,4
Exploration & Production,Logistics,Rhourde Nouss,Block 1,Equipment-9174,EQ-09174,fugitive,,9905.23,,2022,5
Transportation,Operations,Hassi R'Mel,Area X,Equipment-9175,EQ-09175,drilling,,2940.82,,2025,1
Transportation,Operations,Hassi R'Mel,Area X,Equipment-9176,EQ-09176,drilling,,9334.27,,2024,12
Refining,Drilling,Hassi Messaoud,Block 1,Equipment-9177,EQ-09177,drilling,,9088.01,,2023,4
Marketing,Operations,In Salah,Field A,Equipment-9178,EQ-09178,venting,,2322.47,,2024,10
Exploration & Production,Logistics,Hassi Messaoud,Field A,Equipment-9179,EQ-09179,venting,,931.12,,2022,4
Marketing,Logistics,Illizi,Area Y,Equipment-9180,EQ-09180,drilling,,9041.5,,2022,10
Transportation,Operations,Hassi R'Mel,Block 1,Equipment-9181,EQ-09181,flaring,Diesel,2344.27,gal,2025,1
Marketing,Production,In Salah,Field B,Equipment-9182,EQ-09182,drilling,,4532.34,,2025,10
Transportation,Drilling,Illizi,Area X,Equipment-9183,EQ-09183,drilling,,1217.59,,2025,9
Refining,Operations,In Salah,Block 1,Equipment-9184,EQ-09184,drilling,,7855.84,,2022,2
Exploration & Production,Drilling,Rhourde Nouss,Block 2,Equipment-9185,EQ-09185,venting,,1549.34,,2024,9
Marketing,Operations,Rhourde Nouss,Block 1,Equipment-9186,EQ-09186,flaring,Natural Gas,4675.54,scf,2022,5
Exploration & Production,Operations,In Salah,Area Y,Equipment-9187,EQ-09187,flaring,,6807.79,,2022,7
Marketing,Drilling,Adrar,Field B,Equipment-9188,EQ-09188,fugitive,,8641.41,,2024,5
Exploration & Production,Drilling,Illizi,Area Y,Equipment-9189,EQ-09189,combustion,Diesel,4503.71,gal,2025,6
Transportation,Production,Rhourde Nouss,Field A,Equipment-9190,EQ-09190,fugitive,,1659.82,,2023,8
Exploration & Production,Drilling,Illizi,Block 1,Equipment-9191,EQ-09191,fugitive,,3231.67,,2023,9
Exploration & Production,Production,Illizi,Area Y,Equipment-9192,EQ-09192,venting,,2443.04,,2025,7
Refining,Drilling,Rhourde Nouss,Block 2,Equipment-9193,EQ-09193,fugitive,,2156.15,,2024,12
Transportation,Operations,Rhourde Nouss,Field A,Equipment-9194,EQ-09194,flaring,Natural Gas,7921.63,scf,2023,8
Exploration & Production,Drilling,In Salah,Field A,Equipment-9195,EQ-09195,flaring,Propane,1215.77,gal,2025,11
Refining,Production,Rhourde Nouss,Field A,Equipment-9196,EQ-09196,fugitive,,1183.3,,2025,12
Transportation,Logistics,Illizi,Block 2,Equipment-9197,EQ-09197,venting,,833.64,,2024,2
Refining,Operations,Hassi Messaoud,Area Y,Equipment-9198,EQ-09198,venting,,6090.24,,2024,1
Transportation,Operations,Hassi Messaoud,Area Y,Equipment-9199,EQ-09199,venting,,4419.0,,2024,3
Exploration & Production,Drilling,Rhourde Nouss,Block 1,Equipment-9200,EQ-09200,venting,,6560.55,,2025,8
Refining,Production,Illizi,Block 2,Equipment-9201,EQ-09201,fugitive,,1148.06,,2024,3
Exploration & Production,Logistics,In Salah,Field A,Equipment-9202,EQ-09202,combustion,,4620.91,,2022,9
Transportation,Operations,Illizi,Field A,Equipment-9203,EQ-09203,fugitive,,9018.39,,2024,11
Transportation,Operations,Rhourde Nouss,Area X,Equipment-9204,EQ-09204,drilling,,6781.72,,2022,1
Transportation,Production,Illizi,Field B,Equipment-9205,EQ-09205,venting,,5402.45,,2025,2
Marketing,Logistics,In Salah,Field A,Equipment-9206,EQ-09206,venting,,6454.09,,2025,6
Exploration & Production,Logistics,In Salah,Field A,Equipment-9207,EQ-09207,drilling,,1146.76,,2023,6
Transportation,Operations,Rhourde Nouss,Area Y,Equipment-9208,EQ-09208,fugitive,,4601.77,,2025,8
Exploration & Production,Operations,Illizi,Block 1,Equipment-9209,EQ-09209,flaring,Natural Gas,2848.92,scf,2022,9
Refining,Logistics,Rhourde Nouss,Block 2,Equipment-9210,EQ-09210,venting,,9012.55,,2024,1
Marketing,Logistics,Hassi Messaoud,Field A,Equipment-9211,EQ-09211,fugitive,,7740.06,,2022,12
Transportation,Production,Adrar,Area X,Equipment-9212,EQ-09212,drilling,,6041.38,,2024,10
Transportation,Logistics,In Salah,Area X,Equipment-9213,EQ-09213,venting,,5817.7,,2022,1
Refining,Logistics,Hassi R'Mel,Area X,Equipment-9214,EQ-09214,flaring,Propane,6223.14,gal,2024,10
Transportation,Logistics,Hassi Messaoud,Block 2,Equipment-9215,EQ-09215,fugitive,,6878.92,,2022,7
Refining,Production,Adrar,Area Y,Equipment-9216,EQ-09216,flaring,Diesel,7958.71,gal,2022,8
Refining,Logistics,Illizi,Block 1,Equipment-9217,EQ-09217,fugitive,,2409.21,,2023,8
Marketing,Operations,Rhourde Nouss,Field A,Equipment-9218,EQ-09218,flaring,Natural Gas,2027.24,scf,2024,1
Transportation,Logistics,Illizi,Area X,Equipment-9219,EQ-09219,fugitive,,4175.15,,2022,11
Exploration & Production,Logistics,Rhourde Nouss,Field A,Equipment-9220,EQ-09220,fugitive,,2138.15,,2025,7
Exploration & Production,Logistics,Berkine,Block 2,Equipment-9221,EQ-09221,flaring,Natural Gas,9224.91,scf,2025,10
Marketing,Logistics,Hassi R'Mel,Block 2,Equipment-9222,EQ-09222,fugitive,,6064.81,,2022,2
Marketing,Production,Berkine,Area Y,Equipment-9223,EQ-09223,drilling,,5455.38,,2025,10
Refining,Drilling,Berkine,Block 1,Equipment-9224,EQ-09224,fugitive,,9962.81,,2025,4
Exploration & Production,Logistics,Hassi R'Mel,Area X,Equipment-9225,EQ-09225,drilling,,9472.01,,2022,10
Transportation,Operations,Adrar,Block 2,Equipment-9226,EQ-09226,flaring,Natural Gas,7981.33,scf,2024,5
Transportation,Production,Rhourde Nouss,Field A,Equipment-9227,EQ-09227,flaring,,4739.87,,2025,8
Marketing,Logistics,Berkine,Block 2,Equipment-9228,EQ-09228,flaring,Fuel Gas,8079.6,gal,2022,7
Exploration & Production,Operations,Hassi R'Mel,Field A,Equipment-9229,EQ-09229,fugitive,,4893.81,,2022,4
Refining,Logistics,Berkine,Area X,Equipment-9230,EQ-09230,drilling,,4634.3,,2025,7
Exploration & Production,Drilling,Adrar,Block 2,Equipment-9231,EQ-09231,combustion,Diesel,6057.2,gal,2023,5
Marketing,Logistics,In Salah,Area X,Equipment-9232,EQ-09232,drilling,,6897.29,,2025,3
Exploration & Production,Operations,Hassi R'Mel,Block 1,Equipment-9233,EQ-09233,fugitive,,4958.88,,2022,12
Transportation,Drilling,Illizi,Field B,Equipment-9234,EQ-09234,drilling,,5461.99,,2022,3
Marketing,Operations,In Salah,Block 1,Equipment-9235,EQ-09235,fugitive,,1842.5,,2025,3
Transportation,Operations,Berkine,Area X,Equipment-9236,EQ-09236,flaring,Propane,2395.87,gal,2024,12
Refining,Logistics,Adrar,Area X,Equipment-9237,EQ-09237,combustion,Fuel Gas,433.03,gal,2025,10
Refining,Logistics,Adrar,Area Y,Equipment-9238,EQ-09238,venting,,1028.97,,2024,9
Marketing,Production,In Salah,Field B,Equipment-9239,EQ-09239,flaring,Diesel,7409.94,gal,2025,3
Transportation,Drilling,Hassi Messaoud,Area X,Equipment-9240,EQ-09240,venting,,1344.61,,2024,8
Marketing,Production,In Salah,Block 2,Equipment-9241,EQ-09241,drilling,,4503.93,,2022,9
Exploration & Production,Production,Rhourde Nouss,Field A,Equipment-9242,EQ-09242,flaring,,6739.63,,2023,3
Exploration & Production,Operations,Illizi,Field B,Equipment-9243,EQ-09243,drilling,,4393.46,,2023,9
Exploration & Production,Production,Hassi Messaoud,Block 1,Equipment-9244,EQ-09244,fugitive,,4647.26,,2023,5
Transportation,Production,Illizi,Block 1,Equipment-9245,EQ-09245,fugitive,,3578.93,,2024,3
Transportation,Logistics,Illizi,Block 1,Equipment-9246,EQ-09246,drilling,,8996.79,,2022,5
Transportation,Operations,Rhourde Nouss,Block 2,Equipment-9247,EQ-09247,combustion,Natural Gas,3772.43,scf,2023,2
Exploration & Production,Production,In Salah,Area X,Equipment-9248,EQ-09248,fugitive,,5261.83,,2022,8
Marketing,Drilling,Hassi Messaoud,Block 2,Equipment-9249,EQ-09249,flaring,Diesel,9080.67,gal,2025,7
Exploration & Production,Logistics,In Salah,Block 2,Equipment-9250,EQ-09250,venting,,7440.81,,2023,5
Exploration & Production,Operations,Hassi R'Mel,Field B,Equipment-9251,EQ-09251,flaring,Fuel Gas,5271.42,gal,2022,11
Marketing,Drilling,Adrar,Area X,Equipment-9252,EQ-09252,combustion,Propane,9524.88,gal,2024,1
Marketing,Production,Illizi,Area X,Equipment-9253,EQ-09253,flaring,,2298.15,,2025,12
Exploration & Production,Logistics,Illizi,Area Y,Equipment-9254,EQ-09254,fugitive,,2923.77,,2022,2
Refining,Drilling,Adrar,Area X,Equipment-9255,EQ-09255,venting,,2523.25,,2022,1
Marketing,Drilling,Adrar,Area X,Equipment-9256,EQ-09256,venting,,7888.96,,2025,4
Exploration & Production,Operations,Hassi Messaoud,Block 2,Equipment-9257,EQ-09257,venting,,2115.62,,2024,11
Marketing,Operations,Rhourde Nouss,Block 2,Equipment-9258,EQ-09258,combustion,Propane,3893.38,gal,2025,3
Exploration & Production,Operations,Illizi,Field B,Equipment-9259,EQ-09259,venting,,2592.87,,2025,12
Exploration & Production,Production,Hassi Messaoud,Block 1,Equipment-9260,EQ-09260,venting,,1716.32,,2022,8
Refining,Production,In Salah,Block 1,Equipment-9261,EQ-09261,fugitive,,9639.67,,2022,11
Transportation,Logistics,Hassi Messaoud,Block 2,Equipment-9262,EQ-09262,flaring,Natural Gas,1537.09,scf,2022,12
Transportation,Drilling,In Salah,Field A,Equipment-9263,EQ-09263,combustion,Natural Gas,8858.81,scf,2024,11
Marketing,Operations,Berkine,Block 1,Equipment-9264,EQ-09264,drilling,,9468.72,,2024,2
Marketing,Drilling,Rhourde Nouss,Area Y,Equipment-9265,EQ-09265,flaring,Propane,782.11,gal,2025,9
Marketing,Logistics,Hassi R'Mel,Block 1,Equipment-9266,EQ-09266,drilling,,1981.32,,2023,7
Refining,Drilling,Rhourde Nouss,Field B,Equipment-9267,EQ-09267,venting,,798.12,,2023,5
Transportation,Production,Adrar,Block 2,Equipment-9268,EQ-09268,combustion,Propane,8711.74,gal,2025,7
Refining,Production,Illizi,Area Y,Equipment-9269,EQ-09269,venting,,617.63,,2023,5
Exploration & Production,Production,Hassi Messaoud,Field A,Equipment-9270,EQ-09270,combustion,Diesel,4258.01,gal,2025,10
Marketing,Logistics,Adrar,Field A,Equipment-9271,EQ-09271,drilling,,8801.2,,2024,3
Marketing,Production,Berkine,Area Y,Equipment-9272,EQ-09272,combustion,Propane,286.78,gal,2025,4
Transportation,Production,Berkine,Block 2,Equipment-9273,EQ-09273,flaring,Fuel Gas,1116.8,gal,2023,12
Transportation,Logistics,Rhourde Nouss,Area X,Equipment-9274,EQ-09274,combustion,Fuel Gas,5825.75,gal,2025,3
Transportation,Production,Illizi,Block 2,Equipment-9275,EQ-09275,flaring,Diesel,5605.2,gal,2025,5
Refining,Operations,Rhourde Nouss,Field A,Equipment-9276,EQ-09276,fugitive,,9095.48,,2024,11
Marketing,Operations,Hassi Messaoud,Field A,Equipment-9277,EQ-09277,venting,,4068.18,,2022,7
Exploration & Production,Logistics,Illizi,Field B,Equipment-9278,EQ-09278,combustion,Diesel,1484.61,gal,2022,3
Marketing,Drilling,In Salah,Field A,Equipment-9279,EQ-09279,fugitive,,6077.33,,2023,2
Refining,Operations,Hassi R'Mel,Field A,Equipment-9280,EQ-09280,fugitive,,5374.44,,2024,3
Transportation,Drilling,Adrar,Block 1,Equipment-9281,EQ-09281,fugitive,,1026.98,,2024,10
Transportation,Operations,Rhourde Nouss,Area X,Equipment-9282,EQ-09282,drilling,,3652.16,,2022,12
Marketing,Production,Illizi,Block 2,Equipment-9283,EQ-09283,combustion,Diesel,1471.98,gal,2023,3
Marketing,Drilling,Berkine,Block 2,Equipment-9284,EQ-09284,venting,,9008.57,,2024,10
Marketing,Logistics,Illizi,Area X,Equipment-9285,EQ-09285,fugitive,,6590.03,,2025,8
Transportation,Production,In Salah,Area X,Equipment-9286,EQ-09286,drilling,,2764.07,,2022,1
Refining,Drilling,Adrar,Field A,Equipment-9287,EQ-09287,venting,,1372.66,,2025,1
Marketing,Logistics,Hassi R'Mel,Block 2,Equipment-9288,EQ-09288,venting,,6114.38,,2025,4
Marketing,Operations,Hassi Messaoud,Block 2,Equipment-9289,EQ-09289,drilling,,1955.13,,2023,3
Exploration & Production,Logistics,In Salah,Area X,Equipment-9290,EQ-09290,fugitive,,963.49,,2023,10
Refining,Logistics,Hassi Messaoud,Block 2,Equipment-9291,EQ-09291,fugitive,,29.21,,2025,6
Refining,Logistics,Hassi R'Mel,Block 1,Equipment-9292,EQ-09292,combustion,Fuel Gas,6204.32,gal,2023,4
Refining,Production,In Salah,Field B,Equipment-9293,EQ-09293,combustion,,2142.43,,2024,3
Marketing,Drilling,Hassi Messaoud,Block 2,Equipment-9294,EQ-09294,drilling,,5534.26,,2022,12
Marketing,Production,Adrar,Field A,Equipment-9295,EQ-09295,flaring,Natural Gas,7510.72,scf,2022,11
Marketing,Operations,In Salah,Field A,Equipment-9296,EQ-09296,flaring,Diesel,8922.89,gal,2025,8
Marketing,Operations,Berkine,Area X,Equipment-9297,EQ-09297,fugitive,,63.88,,2025,11
Exploration & Production,Drilling,In Salah,Block 1,Equipment-9298,EQ-09298,drilling,,4393.02,,2022,3
Transportation,Production,Adrar,Field A,Equipment-9299,EQ-09299,drilling,,6335.82,,2025,9
Marketing,Logistics,In Salah,Block 2,Equipment-9300,EQ-09300,drilling,,5098.83,,2024,10
Transportation,Production,Adrar,Field B,Equipment-9301,EQ-09301,venting,,1261.91,,2023,6
Transportation,Logistics,Berkine,Area X,Equipment-9302,EQ-09302,fugitive,,4463.27,,2025,11
Marketing,Production,Berkine,Area Y,Equipment-9303,EQ-09303,drilling,,7088.19,,2025,8
Refining,Drilling,Berkine,Block 2,Equipment-9304,EQ-09304,drilling,,4339.4,,2025,7
Exploration & Production,Production,Rhourde Nouss,Area X,Equipment-9305,EQ-09305,fugitive,,8263.2,,2025,2
Marketing,Drilling,In Salah,Area Y,Equipment-9306,EQ-09306,flaring,Propane,576.71,gal,2022,2
Marketing,Logistics,Rhourde Nouss,Block 1,Equipment-9307,EQ-09307,flaring,Natural Gas,8981.01,scf,2025,10
Marketing,Operations,Illizi,Field A,Equipment-9308,EQ-09308,venting,,9129.45,,2022,12
Marketing,Logistics,In Salah,Block 2,Equipment-9309,EQ-09309,flaring,Propane,8771.78,gal,2024,6
Marketing,Production,Hassi R'Mel,Field B,Equipment-9310,EQ-09310,flaring,Fuel Gas,7293.14,gal,2025,12
Exploration & Production,Production,Hassi R'Mel,Area Y,Equipment-9311,EQ-09311,flaring,Propane,2894.42,gal,2025,1
Transportation,Operations,Illizi,Field B,Equipment-9312,EQ-09312,fugitive,,7032.56,,2024,6
Refining,Drilling,Hassi Messaoud,Block 2,Equipment-9313,EQ-09313,flaring,,2056.41,,2023,9
Transportation,Production,Adrar,Area Y,Equipment-9314,EQ-09314,flaring,Fuel Gas,922.32,gal,2023,11
Exploration & Production,Drilling,Rhourde Nouss,Field B,Equipment-9315,EQ-09315,flaring,Fuel Gas,1819.67,gal,2022,3
Transportation,Operations,Berkine,Field A,Equipment-9316,EQ-09316,venting,,3386.0,,2024,9
Exploration & Production,Logistics,Hassi R'Mel,Block 1,Equipment-9317,EQ-09317,flaring,Natural Gas,9511.37,scf,2024,2
Refining,Operations,Hassi R'Mel,Block 2,Equipment-9318,EQ-09318,drilling,,1687.43,,2024,7
Transportation,Drilling,Adrar,Area X,Equipment-9319,EQ-09319,fugitive,,1446.43,,2023,3
Refining,Drilling,Hassi R'Mel,Field B,Equipment-9320,EQ-09320,fugitive,,6310.77,,2022,10
Refining,Logistics,Berkine,Field B,Equipment-9321,EQ-09321,drilling,,8158.48,,2022,4
Transportation,Production,Illizi,Block 1,Equipment-9322,EQ-09322,combustion,Diesel,6805.99,gal,2024,7
Exploration & Production,Logistics,In Salah,Block 1,Equipment-9323,EQ-09323,fugitive,,3230.92,,2025,4
Transportation,Drilling,In Salah,Area Y,Equipment-9324,EQ-09324,venting,,3299.92,,2025,8
Refining,Drilling,Adrar,Area Y,Equipment-9325,EQ-09325,flaring,Natural Gas,6701.36,scf,2023,2
Refining,Logistics,In Salah,Area Y,Equipment-9326,EQ-09326,flaring,Natural Gas,1000.46,scf,2024,7
Refining,Drilling,In Salah,Block 2,Equipment-9327,EQ-09327,venting,,9060.32,,2023,2
Transportation,Production,Hassi Messaoud,Area X,Equipment-9328,EQ-09328,flaring,,9656.83,,2023,11
Refining,Production,Adrar,Area Y,Equipment-9329,EQ-09329,venting,,957.08,,2023,6
Refining,Drilling,Illizi,Block 2,Equipment-9330,EQ-09330,fugitive,,2958.85,,2023,12
Marketing,Production,Hassi Messaoud,Area Y,Equipment-9331,EQ-09331,combustion,,5198.39,,2023,12
Refining,Operations,Rhourde Nouss,Block 2,Equipment-9332,EQ-09332,venting,,5769.16,,2024,5
Exploration & Production,Operations,Hassi Messaoud,Field B,Equipment-9333,EQ-09333,venting,,238.09,,2023,12
Marketing,Production,Hassi R'Mel,Field A,Equipment-9334,EQ-09334,flaring,Propane,1905.27,gal,2024,12
Exploration & Production,Operations,Berkine,Block 2,Equipment-9335,EQ-09335,venting,,6939.64,,2024,10
Refining,Logistics,Adrar,Area X,Equipment-9336,EQ-09336,combustion,Diesel,3441.18,gal,2025,11
Transportation,Operations,In Salah,Field B,Equipment-9337,EQ-09337,combustion,,7163.51,,2025,6
Marketing,Logistics,Hassi Messaoud,Area Y,Equipment-9338,EQ-09338,combustion,,8952.66,,2025,1
Marketing,Production,Rhourde Nouss,Field B,Equipment-9339,EQ-09339,drilling,,8421.5,,2022,1
Marketing,Production,Rhourde Nouss,Area X,Equipment-9340,EQ-09340,drilling,,3470.03,,2025,4
Marketing,Logistics,Berkine,Field A,Equipment-9341,EQ-09341,drilling,,5728.25,,2024,3
Marketing,Production,Hassi Messaoud,Area X,Equipment-9342,EQ-09342,drilling,,9354.21,,2022,1
Marketing,Operations,Berkine,Area Y,Equipment-9343,EQ-09343,combustion,Propane,39.88,gal,2024,4
Refining,Operations,Illizi,Field B,Equipment-9344,EQ-09344,flaring,,2581.44,,2025,1
Refining,Production,Adrar,Area Y,Equipment-9345,EQ-09345,drilling,,6465.13,,2023,6
Marketing,Drilling,Illizi,Block 2,Equipment-9346,EQ-09346,drilling,,2610.33,,2022,11
Refining,Logistics,Hassi R'Mel,Area X,Equipment-9347,EQ-09347,combustion,,8853.29,,2024,8
Exploration & Production,Logistics,In Salah,Block 2,Equipment-9348,EQ-09348,combustion,Fuel Gas,7243.45,gal,2023,7
Exploration & Production,Logistics,Hassi Messaoud,Block 1,Equipment-9349,EQ-09349,venting,,6822.21,,2022,4
Refining,Drilling,Rhourde Nouss,Field A,Equipment-9350,EQ-09350,drilling,,1653.76,,2025,2
Refining,Drilling,Hassi Messaoud,Block 2,Equipment-9351,EQ-09351,flaring,Propane,7455.79,gal,2022,11
Refining,Production,Berkine,Area X,Equipment-9352,EQ-09352,drilling,,6042.56,,2024,9
Marketing,Drilling,Adrar,Field B,Equipment-9353,EQ-09353,venting,,1261.29,,2024,12
Marketing,Production,Adrar,Field A,Equipment-9354,EQ-09354,drilling,,5976.74,,2023,12
Exploration & Production,Drilling,Hassi R'Mel,Block 2,Equipment-9355,EQ-09355,flaring,,6165.47,,2022,7
Exploration & Production,Production,Illizi,Field A,Equipment-9356,EQ-09356,fugitive,,63.12,,2023,7
Refining,Operations,Rhourde Nouss,Area Y,Equipment-9357,EQ-09357,flaring,Natural Gas,3153.8,scf,2025,5
Exploration & Production,Production,Hassi R'Mel,Area Y,Equipment-9358,EQ-09358,combustion,Propane,2515.81,gal,2022,2
Transportation,Operations,Rhourde Nouss,Area Y,Equipment-9359,EQ-09359,flaring,Fuel Gas,4104.18,gal,2022,2
Transportation,Production,Berkine,Field A,Equipment-9360,EQ-09360,venting,,9559.17,,2022,8
Marketing,Drilling,Adrar,Block 1,Equipment-9361,EQ-09361,fugitive,,1066.4,,2024,10
Marketing,Production,Illizi,Block 2,Equipment-9362,EQ-09362,venting,,541.87,,2024,2
Transportation,Logistics,Rhourde Nouss,Block 1,Equipment-9363,EQ-09363,flaring,Diesel,9438.15,gal,2022,8
Marketing,Production,In Salah,Block 2,Equipment-9364,EQ-09364,flaring,Fuel Gas,8030.09,gal,2024,10
Refining,Production,Rhourde Nouss,Block 1,Equipment-9365,EQ-09365,fugitive,,8251.68,,2024,9
Transportation,Operations,Adrar,Block 2,Equipment-9366,EQ-09366,drilling,,1520.84,,2022,4
Exploration & Production,Operations,Hassi Messaoud,Block 2,Equipment-9367,EQ-09367,flaring,Fuel Gas,30.38,gal,2025,7
Refining,Operations,Berkine,Block 1,Equipment-9368,EQ-09368,flaring,Propane,4314.38,gal,2024,1
Marketing,Operations,Adrar,Area X,Equipment-9369,EQ-09369,drilling,,3233.2,,2025,4
Transportation,Logistics,Illizi,Area X,Equipment-9370,EQ-09370,combustion,Diesel,6756.18,gal,2024,10
Refining,Operations,Berkine,Block 1,Equipment-9371,EQ-09371,drilling,,211.28,,2024,4
Refining,Drilling,Illizi,Field A,Equipment-9372,EQ-09372,drilling,,6939.08,,2022,4
Transportation,Drilling,Illizi,Block 2,Equipment-9373,EQ-09373,flaring,Fuel Gas,1651.59,gal,2025,5
Exploration & Production,Drilling,Rhourde Nouss,Area Y,Equipment-9374,EQ-09374,flaring,Natural Gas,2817.13,scf,2024,6
Exploration & Production,Drilling,Berkine,Area X,Equipment-9375,EQ-09375,venting,,3579.53,,2025,11
Refining,Operations,Adrar,Area X,Equipment-9376,EQ-09376,venting,,7037.38,,2024,11
Refining,Production,Adrar,Block 1,Equipment-9377,EQ-09377,combustion,Diesel,2896.8,gal,2025,9
Marketing,Production,In Salah,Block 1,Equipment-9378,EQ-09378,combustion,Natural Gas,2318.39,scf,2023,6
Refining,Logistics,Rhourde Nouss,Area X,Equipment-9379,EQ-09379,drilling,,5885.37,,2024,7
Refining,Operations,Adrar,Area Y,Equipment-9380,EQ-09380,venting,,8225.91,,2024,9
Refining,Operations,Hassi R'Mel,Area X,Equipment-9381,EQ-09381,drilling,,6383.27,,2025,10
Exploration & Production,Operations,Rhourde Nouss,Block 1,Equipment-9382,EQ-09382,fugitive,,8712.01,,2023,12
Transportation,Logistics,Illizi,Field B,Equipment-9383,EQ-09383,drilling,,7018.64,,2024,5
Refining,Drilling,Rhourde Nouss,Block 2,Equipment-9384,EQ-09384,flaring,Natural Gas,9807.53,scf,2022,2
Marketing,Drilling,In Salah,Area X,Equipment-9385,EQ-09385,combustion,Diesel,3852.09,gal,2024,8
Marketing,Logistics,Berkine,Field B,Equipment-9386,EQ-09386,flaring,Fuel Gas,6595.2,gal,2024,11
Refining,Operations,In Salah,Area X,Equipment-9387,EQ-09387,venting,,2255.62,,2023,2
Transportation,Production,Adrar,Area X,Equipment-9388,EQ-09388,combustion,Natural Gas,1489.37,scf,2024,7
Marketing,Logistics,In Salah,Field A,Equipment-9389,EQ-09389,fugitive,,4838.33,,2022,6
Marketing,Operations,Illizi,Block 2,Equipment-9390,EQ-09390,flaring,,3880.41,,2024,8
Transportation,Production,Berkine,Block 2,Equipment-9391,EQ-09391,venting,,5557.81,,2022,2
Refining,Logistics,Berkine,Field A,Equipment-9392,EQ-09392,fugitive,,302.16,,2025,10
Refining,Production,Adrar,Block 1,Equipment-9393,EQ-09393,venting,,9636.79,,2024,5
Transportation,Production,Illizi,Area X,Equipment-9394,EQ-09394,venting,,7436.13,,2022,8
Transportation,Logistics,Illizi,Block 2,Equipment-9395,EQ-09395,combustion,,5774.15,,2022,2
Transportation,Operations,Berkine,Area X,Equipment-9396,EQ-09396,drilling,,5071.11,,2022,8
Refining,Drilling,Illizi,Block 1,Equipment-9397,EQ-09397,flaring,Propane,50.43,gal,2025,11
Transportation,Drilling,In Salah,Block 1,Equipment-9398,EQ-09398,drilling,,1437.05,,2025,6
Exploration & Production,Production,Berkine,Field B,Equipment-9399,EQ-09399,venting,,1357.82,,2023,4
Refining,Drilling,Adrar,Area Y,Equipment-9400,EQ-09400,flaring,Propane,7338.93,gal,2024,1
Refining,Operations,Hassi R'Mel,Field B,Equipment-9401,EQ-09401,flaring,Natural Gas,3413.5,scf,2025,3
Exploration & Production,Operations,Hassi Messaoud,Block 1,Equipment-9402,EQ-09402,venting,,3739.84,,2023,9
Marketing,Operations,In Salah,Area X,Equipment-9403,EQ-09403,drilling,,193.82,,2022,5
Transportation,Operations,Hassi Messaoud,Block 2,Equipment-9404,EQ-09404,venting,,6479.34,,2022,8
Exploration & Production,Logistics,Hassi Messaoud,Field A,Equipment-9405,EQ-09405,drilling,,4715.19,,2024,7
Exploration & Production,Production,Adrar,Field B,Equipment-9406,EQ-09406,flaring,Fuel Gas,8139.62,gal,2022,3
Transportation,Logistics,Hassi R'Mel,Block 1,Equipment-9407,EQ-09407,combustion,Propane,1585.4,gal,2022,11
Transportation,Drilling,Hassi R'Mel,Block 2,Equipment-9408,EQ-09408,drilling,,5023.9,,2024,5
Refining,Production,Adrar,Area Y,Equipment-9409,EQ-09409,flaring,Natural Gas,6944.12,scf,2022,12
Transportation,Drilling,Hassi Messaoud,Area Y,Equipment-9410,EQ-09410,flaring,Diesel,1781.93,gal,2023,8
Refining,Operations,Illizi,Block 1,Equipment-9411,EQ-09411,venting,,1862.95,,2022,6
Marketing,Drilling,Berkine,Block 1,Equipment-9412,EQ-09412,drilling,,3617.78,,2024,1
Exploration & Production,Operations,Illizi,Area X,Equipment-9413,EQ-09413,fugitive,,4810.93,,2024,1
Transportation,Drilling,Berkine,Area Y,Equipment-9414,EQ-09414,flaring,Propane,9359.59,gal,2023,2
Transportation,Drilling,Berkine,Area Y,Equipment-9415,EQ-09415,fugitive,,7429.52,,2025,9
Exploration & Production,Production,Adrar,Field B,Equipment-9416,EQ-09416,drilling,,878.85,,2023,9
Exploration & Production,Logistics,Hassi Messaoud,Block 2,Equipment-9417,EQ-09417,combustion,Fuel Gas,6100.89,gal,2025,3
Marketing,Drilling,Berkine,Field B,Equipment-9418,EQ-09418,venting,,6641.56,,2022,5
Transportation,Production,Berkine,Area X,Equipment-9419,EQ-09419,venting,,7740.48,,2023,4
Exploration & Production,Production,Illizi,Field B,Equipment-9420,EQ-09420,combustion,Fuel Gas,1275.99,gal,2025,12
Marketing,Operations,In Salah,Block 2,Equipment-9421,EQ-09421,venting,,1469.98,,2024,8
Exploration & Production,Production,Adrar,Block 2,Equipment-9422,EQ-09422,combustion,Propane,5738.24,gal,2025,1
Refining,Production,Adrar,Field A,Equipment-9423,EQ-09423,venting,,1357.49,,2025,1
Refining,Operations,In Salah,Area Y,Equipment-9424,EQ-09424,venting,,3347.03,,2023,6
Refining,Production,Adrar,Field B,Equipment-9425,EQ-09425,venting,,4414.76,,2023,10
Refining,Logistics,Rhourde Nouss,Block 2,Equipment-9426,EQ-09426,venting,,3666.99,,2024,6
Refining,Logistics,Rhourde Nouss,Field A,Equipment-9427,EQ-09427,fugitive,,2431.81,,2022,11
Marketing,Logistics,Adrar,Block 1,Equipment-9428,EQ-09428,flaring,,9966.69,,2022,1
Exploration & Production,Logistics,Illizi,Block 1,Equipment-9429,EQ-09429,venting,,1577.67,,2024,9
Exploration & Production,Production,Hassi Messaoud,Field A,Equipment-9430,EQ-09430,drilling,,779.88,,2023,8
Marketing,Production,In Salah,Block 1,Equipment-9431,EQ-09431,venting,,8333.37,,2022,1
Exploration & Production,Production,Berkine,Area X,Equipment-9432,EQ-09432,venting,,6108.26,,2025,5
Marketing,Logistics,In Salah,Block 2,Equipment-9433,EQ-09433,flaring,Propane,765.53,gal,2022,11
Transportation,Drilling,In Salah,Field B,Equipment-9434,EQ-09434,flaring,Fuel Gas,7354.37,gal,2024,5
Refining,Production,Adrar,Block 2,Equipment-9435,EQ-09435,venting,,1871.0,,2022,2
Exploration & Production,Drilling,Rhourde Nouss,Area X,Equipment-9436,EQ-09436,drilling,,7669.29,,2023,8
Refining,Operations,Rhourde Nouss,Field A,Equipment-9437,EQ-09437,fugitive,,4830.91,,2023,2
Transportation,Production,Adrar,Field B,Equipment-9438,EQ-09438,combustion,Propane,7901.66,gal,2023,4
Transportation,Production,Berkine,Area X,Equipment-9439,EQ-09439,venting,,2854.37,,2025,11
Refining,Production,Rhourde Nouss,Field B,Equipment-9440,EQ-09440,flaring,,5387.81,,2025,2
Refining,Logistics,Hassi Messaoud,Block 1,Equipment-9441,EQ-09441,fugitive,,4814.93,,2025,3
Transportation,Production,Hassi Messaoud,Area Y,Equipment-9442,EQ-09442,flaring,Natural Gas,4209.17,scf,2024,6
Transportation,Drilling,Hassi Messaoud,Block 2,Equipment-9443,EQ-09443,flaring,Diesel,6655.78,gal,2024,12
Exploration & Production,Operations,Rhourde Nouss,Field A,Equipment-9444,EQ-09444,drilling,,5251.29,,2025,3
Transportation,Drilling,Illizi,Field A,Equipment-9445,EQ-09445,fugitive,,7950.39,,2022,2
Marketing,Drilling,Hassi Messaoud,Block 2,Equipment-9446,EQ-09446,combustion,Diesel,6319.93,gal,2023,10
Marketing,Operations,Rhourde Nouss,Area Y,Equipment-9447,EQ-09447,venting,,4415.27,,2024,4
Refining,Drilling,Berkine,Field B,Equipment-9448,EQ-09448,flaring,,5730.79,,2023,9
Marketing,Operations,Illizi,Block 1,Equipment-9449,EQ-09449,drilling,,7385.28,,2025,11
Marketing,Drilling,Adrar,Block 1,Equipment-9450,EQ-09450,fugitive,,9541.86,,2023,1
Exploration & Production,Logistics,In Salah,Area Y,Equipment-9451,EQ-09451,venting,,9271.47,,2022,10
Exploration & Production,Drilling,Berkine,Block 2,Equipment-9452,EQ-09452,venting,,6090.09,,2023,1
Transportation,Drilling,Hassi R'Mel,Area Y,Equipment-9453,EQ-09453,fugitive,,7317.54,,2024,6
Marketing,Operations,Hassi R'Mel,Area Y,Equipment-9454,EQ-09454,venting,,7974.48,,2024,5
Transportation,Logistics,In Salah,Field A,Equipment-9455,EQ-09455,drilling,,7856.72,,2023,6
Refining,Production,Adrar,Field A,Equipment-9456,EQ-09456,venting,,8382.19,,2024,8
Transportation,Logistics,Illizi,Area Y,Equipment-9457,EQ-09457,drilling,,573.25,,2025,11
Refining,Drilling,Illizi,Area X,Equipment-9458,EQ-09458,drilling,,2503.75,,2022,10
Refining,Drilling,Illizi,Block 1,Equipment-9459,EQ-09459,fugitive,,3924.07,,2025,8
Marketing,Production,Berkine,Block 1,Equipment-9460,EQ-09460,fugitive,,4213.38,,2025,2
Refining,Drilling,Hassi Messaoud,Block 2,Equipment-9461,EQ-09461,combustion,Propane,436.14,gal,2022,1
Refining,Operations,Hassi R'Mel,Area Y,Equipment-9462,EQ-09462,flaring,Diesel,4492.43,gal,2023,5
Transportation,Production,In Salah,Area Y,Equipment-9463,EQ-09463,drilling,,3890.92,,2022,5
Exploration & Production,Production,Illizi,Field B,Equipment-9464,EQ-09464,fugitive,,3979.43,,2023,8
Exploration & Production,Drilling,In Salah,Area Y,Equipment-9465,EQ-09465,combustion,Propane,4159.84,gal,2024,7
Refining,Logistics,Hassi Messaoud,Block 2,Equipment-9466,EQ-09466,drilling,,5415.09,,2024,6
Exploration & Production,Logistics,Hassi R'Mel,Field B,Equipment-9467,EQ-09467,fugitive,,2338.68,,2024,2
Refining,Logistics,Rhourde Nouss,Area Y,Equipment-9468,EQ-09468,drilling,,1524.39,,2022,12
Refining,Drilling,Hassi R'Mel,Field A,Equipment-9469,EQ-09469,venting,,8857.5,,2024,3
Exploration & Production,Drilling,Illizi,Field B,Equipment-9470,EQ-09470,drilling,,7341.9,,2024,10
Refining,Drilling,Berkine,Block 2,Equipment-9471,EQ-09471,venting,,8163.16,,2022,11
Refining,Logistics,Hassi Messaoud,Area Y,Equipment-9472,EQ-09472,drilling,,9344.28,,2023,3
Marketing,Operations,Hassi Messaoud,Block 1,Equipment-9473,EQ-09473,flaring,Diesel,2537.79,gal,2022,5
Refining,Operations,Hassi R'Mel,Field B,Equipment-9474,EQ-09474,drilling,,7640.37,,2023,3
Marketing,Drilling,Rhourde Nouss,Field A,Equipment-9475,EQ-09475,venting,,7551.79,,2022,6
Transportation,Production,Hassi Messaoud,Field B,Equipment-9476,EQ-09476,venting,,2329.3,,2025,11
Transportation,Drilling,In Salah,Block 1,Equipment-9477,EQ-09477,venting,,2831.91,,2024,1
Marketing,Operations,Hassi R'Mel,Field B,Equipment-9478,EQ-09478,combustion,Fuel Gas,9852.59,gal,2022,7
Refining,Logistics,Illizi,Field A,Equipment-9479,EQ-09479,combustion,Natural Gas,4049.7,scf,2025,3
Refining,Drilling,In Salah,Area Y,Equipment-9480,EQ-09480,combustion,Fuel Gas,7431.59,gal,2025,4
Exploration & Production,Drilling,Berkine,Field A,Equipment-9481,EQ-09481,combustion,,3948.66,,2022,3
Marketing,Logistics,Berkine,Block 2,Equipment-9482,EQ-09482,flaring,,9980.45,,2022,9
Refining,Production,In Salah,Block 1,Equipment-9483,EQ-09483,fugitive,,6529.86,,2025,9
Transportation,Logistics,Illizi,Block 1,Equipment-9484,EQ-09484,venting,,6183.18,,2022,5
Transportation,Operations,Berkine,Block 1,Equipment-9485,EQ-09485,drilling,,6061.65,,2025,10
Marketing,Operations,In Salah,Area Y,Equipment-9486,EQ-09486,fugitive,,4399.52,,2024,4
Exploration & Production,Logistics,Hassi R'Mel,Block 1,Equipment-9487,EQ-09487,combustion,Propane,357.65,gal,2022,5
Refining,Drilling,Adrar,Area X,Equipment-9488,EQ-09488,combustion,Propane,882.88,gal,2024,3
Exploration & Production,Operations,Rhourde Nouss,Block 1,Equipment-9489,EQ-09489,drilling,,5898.62,,2023,8
Exploration & Production,Production,In Salah,Area X,Equipment-9490,EQ-09490,drilling,,2587.46,,2024,12
Refining,Logistics,Rhourde Nouss,Block 2,Equipment-9491,EQ-09491,drilling,,2293.39,,2024,11
Refining,Logistics,Hassi Messaoud,Block 1,Equipment-9492,EQ-09492,venting,,1696.75,,2024,3
Marketing,Drilling,In Salah,Area X,Equipment-9493,EQ-09493,drilling,,7944.3,,2023,12
Marketing,Operations,Illizi,Area X,Equipment-9494,EQ-09494,combustion,,8129.62,,2023,6
Marketing,Logistics,Adrar,Block 2,Equipment-9495,EQ-09495,venting,,1122.41,,2022,12
Exploration & Production,Production,Adrar,Field A,Equipment-9496,EQ-09496,flaring,Natural Gas,2151.9,scf,2023,4
Refining,Production,Illizi,Field B,Equipment-9497,EQ-09497,venting,,7289.22,,2024,2
Exploration & Production,Logistics,Hassi R'Mel,Area Y,Equipment-9498,EQ-09498,combustion,Fuel Gas,6921.9,gal,2025,11
Transportation,Production,Hassi R'Mel,Area Y,Equipment-9499,EQ-09499,flaring,Fuel Gas,5756.14,gal,2025,3
Transportation,Production,Hassi Messaoud,Field B,Equipment-9500,EQ-09500,flaring,Propane,3854.69,gal,2024,5
Marketing,Production,Rhourde Nouss,Block 2,Equipment-9501,EQ-09501,flaring,,7307.28,,2025,1
Exploration & Production,Production,Hassi Messaoud,Area Y,Equipment-9502,EQ-09502,fugitive,,4679.07,,2023,9
Refining,Production,Illizi,Area Y,Equipment-9503,EQ-09503,flaring,Fuel Gas,4612.11,gal,2024,7
Refining,Logistics,Rhourde Nouss,Area Y,Equipment-9504,EQ-09504,combustion,Propane,8469.28,gal,2025,2
Refining,Drilling,In Salah,Area X,Equipment-9505,EQ-09505,drilling,,7595.78,,2023,5
Exploration & Production,Drilling,Berkine,Field A,Equipment-9506,EQ-09506,venting,,7411.68,,2024,9
Marketing,Operations,In Salah,Block 1,Equipment-9507,EQ-09507,drilling,,1341.36,,2022,8
Refining,Operations,Rhourde Nouss,Field B,Equipment-9508,EQ-09508,drilling,,423.91,,2023,7
Exploration & Production,Drilling,Adrar,Block 1,Equipment-9509,EQ-09509,venting,,9785.86,,2024,6
Transportation,Production,Rhourde Nouss,Area Y,Equipment-9510,EQ-09510,combustion,Diesel,8892.13,gal,2023,4
Exploration & Production,Production,Hassi Messaoud,Block 2,Equipment-9511,EQ-09511,combustion,Natural Gas,6582.21,scf,2025,6
Refining,Production,Adrar,Area X,Equipment-9512,EQ-09512,venting,,7712.68,,2024,4
Marketing,Production,Rhourde Nouss,Area X,Equipment-9513,EQ-09513,venting,,5962.18,,2023,12
Refining,Drilling,Hassi R'Mel,Block 1,Equipment-9514,EQ-09514,fugitive,,9242.21,,2023,8
Refining,Logistics,Hassi Messaoud,Field B,Equipment-9515,EQ-09515,combustion,,1116.88,,2025,4
Refining,Logistics,In Salah,Area Y,Equipment-9516,EQ-09516,flaring,Propane,1635.3,gal,2025,9
Marketing,Operations,Adrar,Block 1,Equipment-9517,EQ-09517,flaring,Propane,2168.38,gal,2023,6
Refining,Drilling,Rhourde Nouss,Block 2,Equipment-9518,EQ-09518,fugitive,,6722.02,,2024,12
Refining,Drilling,Rhourde Nouss,Area X,Equipment-9519,EQ-09519,combustion,Fuel Gas,1599.18,gal,2024,1
Marketing,Logistics,Hassi Messaoud,Area X,Equipment-9520,EQ-09520,fugitive,,8656.96,,2024,12
Exploration & Production,Production,In Salah,Field A,Equipment-9521,EQ-09521,drilling,,4021.22,,2024,8
Transportation,Logistics,Adrar,Field B,Equipment-9522,EQ-09522,combustion,Fuel Gas,2457.31,gal,2023,1
Refining,Operations,Hassi Messaoud,Area X,Equipment-9523,EQ-09523,drilling,,5500.48,,2022,9
Transportation,Logistics,Adrar,Block 1,Equipment-9524,EQ-09524,flaring,Diesel,3166.86,gal,2024,6
Exploration & Production,Drilling,Rhourde Nouss,Area X,Equipment-9525,EQ-09525,drilling,,2255.34,,2022,4
Transportation,Operations,In Salah,Area X,Equipment-9526,EQ-09526,venting,,8678.58,,2022,8
Transportation,Operations,Hassi R'Mel,Block 2,Equipment-9527,EQ-09527,flaring,Diesel,2639.12,gal,2024,12
Exploration & Production,Production,Berkine,Field B,Equipment-9528,EQ-09528,flaring,,3240.37,,2023,10
Exploration & Production,Operations,Illizi,Field B,Equipment-9529,EQ-09529,drilling,,4465.38,,2025,8
Refining,Drilling,Hassi R'Mel,Block 1,Equipment-9530,EQ-09530,fugitive,,8842.73,,2023,6
Marketing,Drilling,In Salah,Area X,Equipment-9531,EQ-09531,combustion,Propane,3755.96,gal,2024,8
Exploration & Production,Logistics,Rhourde Nouss,Area Y,Equipment-9532,EQ-09532,flaring,,3896.95,,2025,2
Refining,Operations,Hassi R'Mel,Block 1,Equipment-9533,EQ-09533,combustion,Fuel Gas,315.66,gal,2023,12
Exploration & Production,Production,Hassi R'Mel,Block 1,Equipment-9534,EQ-09534,combustion,,6267.65,,2025,4
Exploration & Production,Logistics,Illizi,Area X,Equipment-9535,EQ-09535,venting,,3012.16,,2022,8
Refining,Production,Berkine,Block 2,Equipment-9536,EQ-09536,drilling,,2356.6,,2024,1
Transportation,Operations,Rhourde Nouss,Block 1,Equipment-9537,EQ-09537,venting,,8091.32,,2024,4
Refining,Logistics,In Salah,Field A,Equipment-9538,EQ-09538,venting,,9782.74,,2025,3
Refining,Production,In Salah,Block 2,Equipment-9539,EQ-09539,combustion,,2869.03,,2022,9
Marketing,Drilling,Hassi Messaoud,Field A,Equipment-9540,EQ-09540,venting,,2383.4,,2025,7
Exploration & Production,Logistics,Illizi,Field A,Equipment-9541,EQ-09541,venting,,7156.48,,2024,3
Exploration & Production,Production,Hassi Messaoud,Area Y,Equipment-9542,EQ-09542,combustion,Diesel,6291.13,gal,2023,7
Exploration & Production,Operations,Hassi R'Mel,Block 2,Equipment-9543,EQ-09543,fugitive,,7299.2,,2023,8
Exploration & Production,Operations,Hassi Messaoud,Area Y,Equipment-9544,EQ-09544,combustion,Diesel,8985.63,gal,2024,12
Transportation,Logistics,Hassi R'Mel,Block 2,Equipment-9545,EQ-09545,fugitive,,2930.05,,2025,9
Transportation,Operations,Rhourde Nouss,Block 2,Equipment-9546,EQ-09546,combustion,,6605.04,,2025,9
Refining,Drilling,Hassi Messaoud,Field A,Equipment-9547,EQ-09547,combustion,Natural Gas,5148.44,scf,2022,2
Refining,Drilling,Adrar,Area Y,Equipment-9548,EQ-09548,combustion,Diesel,9210.45,gal,2023,8
Marketing,Drilling,Hassi Messaoud,Field B,Equipment-9549,EQ-09549,venting,,2040.17,,2025,12
Refining,Logistics,Rhourde Nouss,Area X,Equipment-9550,EQ-09550,drilling,,2684.73,,2025,4
Refining,Operations,Hassi Messaoud,Area X,Equipment-9551,EQ-09551,drilling,,2299.34,,2022,12
Marketing,Logistics,Hassi R'Mel,Field A,Equipment-9552,EQ-09552,flaring,Propane,1033.05,gal,2022,5
Refining,Drilling,Adrar,Block 1,Equipment-9553,EQ-09553,drilling,,3129.72,,2024,8
Refining,Logistics,Hassi R'Mel,Block 1,Equipment-9554,EQ-09554,flaring,Natural Gas,6805.68,scf,2023,1
Marketing,Operations,Hassi R'Mel,Block 1,Equipment-9555,EQ-09555,venting,,5467.83,,2024,12
Exploration & Production,Production,Rhourde Nouss,Block 1,Equipment-9556,EQ-09556,combustion,Propane,5273.27,gal,2024,7
Exploration & Production,Operations,Rhourde Nouss,Field B,Equipment-9557,EQ-09557,venting,,40.02,,2024,8
Refining,Logistics,Rhourde Nouss,Area X,Equipment-9558,EQ-09558,drilling,,9986.2,,2023,5
Transportation,Logistics,Hassi Messaoud,Block 1,Equipment-9559,EQ-09559,fugitive,,2218.32,,2024,5
Exploration & Production,Production,Rhourde Nouss,Field A,Equipment-9560,EQ-09560,combustion,Diesel,4744.5,gal,2024,4
Refining,Operations,Adrar,Area X,Equipment-9561,EQ-09561,flaring,Natural Gas,7812.04,scf,2024,8
Exploration & Production,Operations,Adrar,Area Y,Equipment-9562,EQ-09562,flaring,Natural Gas,5990.58,scf,2024,9
Refining,Drilling,Berkine,Area X,Equipment-9563,EQ-09563,drilling,,2497.95,,2024,6
Refining,Drilling,In Salah,Field B,Equipment-9564,EQ-09564,venting,,462.93,,2024,11
Refining,Operations,In Salah,Block 2,Equipment-9565,EQ-09565,venting,,5012.04,,2024,6
Exploration & Production,Logistics,Hassi R'Mel,Block 1,Equipment-9566,EQ-09566,fugitive,,1997.82,,2025,1
Exploration & Production,Production,Berkine,Block 2,Equipment-9567,EQ-09567,combustion,Fuel Gas,9263.91,gal,2024,3
Transportation,Drilling,Illizi,Field A,Equipment-9568,EQ-09568,fugitive,,7421.6,,2025,2
Refining,Operations,Hassi Messaoud,Block 1,Equipment-9569,EQ-09569,drilling,,9284.45,,2025,3
Exploration & Production,Production,Rhourde Nouss,Area Y,Equipment-9570,EQ-09570,combustion,,64.03,,2025,8
Marketing,Drilling,Adrar,Block 2,Equipment-9571,EQ-09571,combustion,Natural Gas,8782.56,scf,2024,3
Transportation,Logistics,Hassi Messaoud,Area Y,Equipment-9572,EQ-09572,combustion,Natural Gas,9516.84,scf,2024,4
Transportation,Operations,Illizi,Area X,Equipment-9573,EQ-09573,fugitive,,24.37,,2025,4
Marketing,Production,Hassi R'Mel,Area Y,Equipment-9574,EQ-09574,combustion,,786.63,,2024,10
Refining,Production,In Salah,Field B,Equipment-9575,EQ-09575,combustion,Natural Gas,3515.37,scf,2025,4
Refining,Production,Hassi R'Mel,Field A,Equipment-9576,EQ-09576,drilling,,4744.07,,2025,5
Refining,Operations,Illizi,Area X,Equipment-9577,EQ-09577,venting,,9282.49,,2025,12
Transportation,Drilling,Rhourde Nouss,Area X,Equipment-9578,EQ-09578,combustion,Propane,7536.75,gal,2024,3
Transportation,Logistics,Hassi Messaoud,Block 2,Equipment-9579,EQ-09579,drilling,,1846.6,,2024,9
Refining,Operations,Adrar,Block 2,Equipment-9580,EQ-09580,venting,,478.6,,2023,4
Marketing,Production,In Salah,Area Y,Equipment-9581,EQ-09581,drilling,,3337.79,,2025,4
Exploration & Production,Operations,Hassi R'Mel,Area Y,Equipment-9582,EQ-09582,flaring,Propane,413.23,gal,2022,6
Transportation,Logistics,Hassi R'Mel,Field B,Equipment-9583,EQ-09583,venting,,6679.94,,2022,1
Transportation,Production,Hassi Messaoud,Field B,Equipment-9584,EQ-09584,combustion,Natural Gas,2157.73,scf,2023,7
Refining,Drilling,Adrar,Area X,Equipment-9585,EQ-09585,venting,,2861.3,,2024,1
Transportation,Drilling,Adrar,Block 2,Equipment-9586,EQ-09586,flaring,Fuel Gas,4844.78,gal,2025,5
Transportation,Operations,Rhourde Nouss,Block 2,Equipment-9587,EQ-09587,combustion,Natural Gas,7117.81,scf,2023,4
Exploration & Production,Production,Hassi R'Mel,Block 2,Equipment-9588,EQ-09588,drilling,,5674.44,,2022,5
Exploration & Production,Production,Adrar,Area Y,Equipment-9589,EQ-09589,venting,,2242.97,,2025,8
Transportation,Operations,Illizi,Block 1,Equipment-9590,EQ-09590,flaring,Fuel Gas,1940.1,gal,2024,11
Marketing,Drilling,Adrar,Area X,Equipment-9591,EQ-09591,drilling,,151.63,,2022,7
Marketing,Logistics,Illizi,Block 2,Equipment-9592,EQ-09592,drilling,,7463.52,,2022,3
Marketing,Logistics,Rhourde Nouss,Area X,Equipment-9593,EQ-09593,combustion,,8591.75,,2023,4
Exploration & Production,Production,Berkine,Area Y,Equipment-9594,EQ-09594,drilling,,7908.1,,2023,5
Exploration & Production,Operations,Hassi Messaoud,Field A,Equipment-9595,EQ-09595,combustion,,8632.45,,2023,10
Transportation,Operations,Adrar,Block 1,Equipment-9596,EQ-09596,combustion,Diesel,1814.08,gal,2023,8
Exploration & Production,Production,Adrar,Area X,Equipment-9597,EQ-09597,flaring,,6102.55,,2024,7
Exploration & Production,Drilling,Rhourde Nouss,Field B,Equipment-9598,EQ-09598,fugitive,,3386.25,,2024,3
Transportation,Drilling,Hassi Messaoud,Area Y,Equipment-9599,EQ-09599,drilling,,3550.62,,2024,1
Transportation,Drilling,Adrar,Block 1,Equipment-9600,EQ-09600,combustion,Natural Gas,110.15,scf,2023,3
Marketing,Logistics,Rhourde Nouss,Field A,Equipment-9601,EQ-09601,drilling,,4062.99,,2025,8
Refining,Operations,Illizi,Block 1,Equipment-9602,EQ-09602,drilling,,9431.91,,2024,2
Exploration & Production,Drilling,Hassi R'Mel,Area Y,Equipment-9603,EQ-09603,flaring,Natural Gas,9333.14,scf,2025,3
Marketing,Drilling,Adrar,Area X,Equipment-9604,EQ-09604,flaring,Propane,9705.06,gal,2025,3
Transportation,Operations,Illizi,Block 2,Equipment-9605,EQ-09605,combustion,Natural Gas,5008.19,scf,2023,11
Transportation,Drilling,Hassi Messaoud,Field B,Equipment-9606,EQ-09606,combustion,Natural Gas,5096.37,scf,2025,6
Marketing,Logistics,Adrar,Area Y,Equipment-9607,EQ-09607,fugitive,,2672.13,,2024,10
Marketing,Operations,Hassi Messaoud,Area X,Equipment-9608,EQ-09608,venting,,5187.0,,2025,3
Exploration & Production,Production,Adrar,Field B,Equipment-9609,EQ-09609,fugitive,,8737.09,,2024,3
Marketing,Logistics,Berkine,Area X,Equipment-9610,EQ-09610,venting,,2060.54,,2023,12
Refining,Drilling,In Salah,Field A,Equipment-9611,EQ-09611,drilling,,2685.47,,2025,9
Transportation,Operations,Hassi R'Mel,Field A,Equipment-9612,EQ-09612,fugitive,,8824.16,,2022,5
Transportation,Logistics,Adrar,Field B,Equipment-9613,EQ-09613,fugitive,,31.03,,2025,5
Transportation,Production,Hassi R'Mel,Block 2,Equipment-9614,EQ-09614,combustion,Fuel Gas,6496.87,gal,2025,6
Marketing,Drilling,Hassi Messaoud,Field A,Equipment-9615,EQ-09615,drilling,,4162.29,,2023,9
Transportation,Production,In Salah,Block 1,Equipment-9616,EQ-09616,venting,,8054.79,,2025,5
Exploration & Production,Production,Berkine,Area X,Equipment-9617,EQ-09617,venting,,4213.51,,2024,2
Marketing,Logistics,Hassi R'Mel,Field B,Equipment-9618,EQ-09618,venting,,6153.1,,2022,7
Refining,Production,In Salah,Block 2,Equipment-9619,EQ-09619,drilling,,9550.0,,2024,3
Refining,Drilling,Illizi,Field B,Equipment-9620,EQ-09620,fugitive,,270.13,,2024,5
Refining,Logistics,Hassi Messaoud,Block 2,Equipment-9621,EQ-09621,fugitive,,224.33,,2022,6
Refining,Production,Berkine,Block 1,Equipment-9622,EQ-09622,fugitive,,2129.49,,2024,5
Transportation,Drilling,Hassi Messaoud,Field A,Equipment-9623,EQ-09623,combustion,Diesel,8769.59,gal,2025,2
Exploration & Production,Operations,Adrar,Field A,Equipment-9624,EQ-09624,drilling,,6512.02,,2025,7
Transportation,Operations,In Salah,Block 2,Equipment-9625,EQ-09625,venting,,1617.36,,2022,12
Refining,Production,Berkine,Field B,Equipment-9626,EQ-09626,combustion,Fuel Gas,6328.66,gal,2023,3
Transportation,Logistics,Berkine,Block 1,Equipment-9627,EQ-09627,fugitive,,1285.21,,2024,6
Refining,Production,Hassi Messaoud,Area X,Equipment-9628,EQ-09628,venting,,7937.79,,2022,2
Marketing,Production,Berkine,Area Y,Equipment-9629,EQ-09629,fugitive,,2125.53,,2023,12
Refining,Drilling,Adrar,Field A,Equipment-9630,EQ-09630,fugitive,,3350.35,,2025,5
Marketing,Drilling,In Salah,Area Y,Equipment-9631,EQ-09631,flaring,Diesel,6544.22,gal,2023,5
Transportation,Operations,Berkine,Block 2,Equipment-9632,EQ-09632,combustion,Natural Gas,3067.88,scf,2025,4
Transportation,Production,Adrar,Block 1,Equipment-9633,EQ-09633,venting,,5522.84,,2022,3
Transportation,Production,Rhourde Nouss,Block 1,Equipment-9634,EQ-09634,combustion,Fuel Gas,502.22,gal,2025,9
Transportation,Production,Hassi R'Mel,Area X,Equipment-9635,EQ-09635,combustion,Propane,6400.7,gal,2022,5
Exploration & Production,Drilling,Adrar,Field A,Equipment-9636,EQ-09636,combustion,Propane,2317.85,gal,2022,3
Refining,Drilling,Rhourde Nouss,Block 2,Equipment-9637,EQ-09637,venting,,4970.02,,2025,5
Refining,Logistics,Illizi,Field A,Equipment-9638,EQ-09638,flaring,Propane,8936.1,gal,2022,2
Exploration & Production,Logistics,Hassi R'Mel,Area Y,Equipment-9639,EQ-09639,fugitive,,7990.35,,2025,4
Exploration & Production,Production,Adrar,Field A,Equipment-9640,EQ-09640,venting,,3444.08,,2022,7
Exploration & Production,Logistics,Illizi,Area X,Equipment-9641,EQ-09641,drilling,,6321.84,,2022,10
Transportation,Drilling,Berkine,Area Y,Equipment-9642,EQ-09642,combustion,Natural Gas,7161.91,scf,2022,12
Marketing,Drilling,In Salah,Field A,Equipment-9643,EQ-09643,fugitive,,5361.0,,2024,1
Marketing,Drilling,Hassi R'Mel,Block 1,Equipment-9644,EQ-09644,fugitive,,5651.15,,2022,8
Transportation,Production,Hassi Messaoud,Block 1,Equipment-9645,EQ-09645,fugitive,,9641.24,,2024,2
Marketing,Logistics,Adrar,Area X,Equipment-9646,EQ-09646,venting,,4017.42,,2025,11
Exploration & Production,Logistics,Hassi Messaoud,Area Y,Equipment-9647,EQ-09647,combustion,Diesel,8035.91,gal,2025,11
Marketing,Production,Berkine,Block 1,Equipment-9648,EQ-09648,venting,,1781.44,,2024,2
Marketing,Production,Hassi R'Mel,Field B,Equipment-9649,EQ-09649,drilling,,2797.44,,2024,11
Exploration & Production,Logistics,Illizi,Area Y,Equipment-9650,EQ-09650,flaring,Diesel,2699.53,gal,2023,7
Marketing,Drilling,Adrar,Field A,Equipment-9651,EQ-09651,venting,,5147.41,,2022,8
Marketing,Logistics,Illizi,Block 1,Equipment-9652,EQ-09652,flaring,Diesel,3335.2,gal,2024,5
Marketing,Operations,Berkine,Area X,Equipment-9653,EQ-09653,drilling,,6359.69,,2025,5
Exploration & Production,Drilling,Illizi,Block 1,Equipment-9654,EQ-09654,fugitive,,7340.33,,2023,6
Exploration & Production,Drilling,In Salah,Area X,Equipment-9655,EQ-09655,venting,,4095.6,,2023,5
Exploration & Production,Logistics,Hassi Messaoud,Field B,Equipment-9656,EQ-09656,drilling,,823.11,,2025,6
Marketing,Operations,Adrar,Field B,Equipment-9657,EQ-09657,combustion,Natural Gas,5640.31,scf,2023,5
Marketing,Production,Berkine,Block 2,Equipment-9658,EQ-09658,flaring,Diesel,4167.36,gal,2022,6
Exploration & Production,Drilling,Illizi,Field A,Equipment-9659,EQ-09659,venting,,9060.06,,2024,11
Exploration & Production,Logistics,Illizi,Block 1,Equipment-9660,EQ-09660,fugitive,,3285.95,,2025,12
Exploration & Production,Production,Berkine,Area X,Equipment-9661,EQ-09661,drilling,,4805.67,,2024,5
Refining,Logistics,Adrar,Area Y,Equipment-9662,EQ-09662,venting,,910.38,,2025,7
Transportation,Drilling,Hassi Messaoud,Field B,Equipment-9663,EQ-09663,drilling,,3663.7,,2025,8
Exploration & Production,Drilling,Berkine,Area X,Equipment-9664,EQ-09664,venting,,4233.79,,2023,8
Transportation,Production,Adrar,Area X,Equipment-9665,EQ-09665,venting,,3221.26,,2024,5
Transportation,Production,Adrar,Area Y,Equipment-9666,EQ-09666,venting,,177.48,,2022,9
Refining,Logistics,Rhourde Nouss,Field B,Equipment-9667,EQ-09667,fugitive,,3509.74,,2024,7
Marketing,Operations,In Salah,Block 2,Equipment-9668,EQ-09668,flaring,Fuel Gas,1164.13,gal,2025,6
Marketing,Drilling,Hassi Messaoud,Area Y,Equipment-9669,EQ-09669,flaring,Diesel,3385.97,gal,2022,4
Exploration & Production,Logistics,Hassi Messaoud,Field B,Equipment-9670,EQ-09670,combustion,Propane,386.32,gal,2023,11
Marketing,Operations,Adrar,Field A,Equipment-9671,EQ-09671,fugitive,,4898.99,,2023,7
Marketing,Logistics,Berkine,Block 1,Equipment-9672,EQ-09672,fugitive,,6894.2,,2022,6
Exploration & Production,Production,Illizi,Area X,Equipment-9673,EQ-09673,venting,,373.47,,2022,3
Refining,Production,Hassi Messaoud,Area X,Equipment-9674,EQ-09674,drilling,,8641.42,,2024,3
Transportation,Logistics,Berkine,Block 2,Equipment-9675,EQ-09675,flaring,,3741.87,,2022,9
Marketing,Operations,Rhourde Nouss,Area X,Equipment-9676,EQ-09676,venting,,946.59,,2024,1
Exploration & Production,Logistics,Berkine,Block 1,Equipment-9677,EQ-09677,fugitive,,4454.02,,2024,3
Marketing,Operations,Hassi R'Mel,Block 2,Equipment-9678,EQ-09678,fugitive,,4800.76,,2023,4
Transportation,Drilling,Rhourde Nouss,Block 1,Equipment-9679,EQ-09679,drilling,,5770.12,,2023,11
Exploration & Production,Drilling,Hassi R'Mel,Field B,Equipment-9680,EQ-09680,venting,,5359.63,,2022,2
Exploration & Production,Logistics,In Salah,Area X,Equipment-9681,EQ-09681,drilling,,8792.99,,2022,5
Exploration & Production,Production,In Salah,Field A,Equipment-9682,EQ-09682,combustion,Propane,7291.66,gal,2024,4
Marketing,Operations,Adrar,Field B,Equipment-9683,EQ-09683,fugitive,,1503.72,,2024,3
Exploration & Production,Drilling,Adrar,Area Y,Equipment-9684,EQ-09684,flaring,Fuel Gas,7265.57,gal,2022,5
Transportation,Logistics,Adrar,Field B,Equipment-9685,EQ-09685,flaring,Natural Gas,7013.93,scf,2025,10
Transportation,Logistics,Hassi Messaoud,Block 2,Equipment-9686,EQ-09686,flaring,Propane,8118.24,gal,2022,8
Transportation,Drilling,Rhourde Nouss,Area X,Equipment-9687,EQ-09687,drilling,,5686.77,,2022,6
Exploration & Production,Drilling,Rhourde Nouss,Field B,Equipment-9688,EQ-09688,fugitive,,1450.17,,2022,2
Transportation,Drilling,Hassi R'Mel,Area Y,Equipment-9689,EQ-09689,drilling,,3211.42,,2024,12
Refining,Production,In Salah,Block 1,Equipment-9690,EQ-09690,combustion,Diesel,8533.3,gal,2024,4
Refining,Drilling,Hassi Messaoud,Field B,Equipment-9691,EQ-09691,venting,,4757.02,,2024,3
Exploration & Production,Logistics,In Salah,Field B,Equipment-9692,EQ-09692,venting,,8696.97,,2023,1
Transportation,Logistics,Berkine,Block 2,Equipment-9693,EQ-09693,combustion,Fuel Gas,3655.07,gal,2025,6
Refining,Operations,Adrar,Field A,Equipment-9694,EQ-09694,drilling,,1713.08,,2024,5
Exploration & Production,Production,Hassi R'Mel,Area X,Equipment-9695,EQ-09695,venting,,2188.7,,2022,7
Marketing,Drilling,Hassi Messaoud,Field B,Equipment-9696,EQ-09696,flaring,Propane,10.74,gal,2023,4
Exploration & Production,Drilling,Adrar,Area X,Equipment-9697,EQ-09697,combustion,,8217.05,,2025,5
Marketing,Production,Illizi,Area Y,Equipment-9698,EQ-09698,venting,,3134.59,,2024,3
Refining,Logistics,Illizi,Area Y,Equipment-9699,EQ-09699,venting,,7005.48,,2022,12
Transportation,Operations,Hassi R'Mel,Field A,Equipment-9700,EQ-09700,combustion,Fuel Gas,6954.82,gal,2022,7
Exploration & Production,Drilling,Berkine,Block 1,Equipment-9701,EQ-09701,flaring,Fuel Gas,2817.58,gal,2022,5
Exploration & Production,Production,Hassi R'Mel,Area X,Equipment-9702,EQ-09702,flaring,Natural Gas,3448.12,scf,2022,5
Transportation,Logistics,Adrar,Area X,Equipment-9703,EQ-09703,flaring,Natural Gas,2273.92,scf,2022,10
Transportation,Drilling,In Salah,Field B,Equipment-9704,EQ-09704,fugitive,,3795.9,,2025,4
Refining,Drilling,Berkine,Field A,Equipment-9705,EQ-09705,flaring,Fuel Gas,8351.72,gal,2023,6
Transportation,Operations,Rhourde Nouss,Field A,Equipment-9706,EQ-09706,combustion,Diesel,9909.51,gal,2025,5
Marketing,Production,Illizi,Block 1,Equipment-9707,EQ-09707,drilling,,120.94,,2023,2
Transportation,Drilling,Berkine,Area X,Equipment-9708,EQ-09708,flaring,,8166.69,,2025,3
Transportation,Production,In Salah,Area Y,Equipment-9709,EQ-09709,flaring,Natural Gas,232.63,scf,2023,3
Transportation,Logistics,Rhourde Nouss,Block 2,Equipment-9710,EQ-09710,flaring,Diesel,9127.42,gal,2024,6
Refining,Production,In Salah,Area Y,Equipment-9711,EQ-09711,combustion,Diesel,6723.68,gal,2023,12
Exploration & Production,Operations,Hassi R'Mel,Area X,Equipment-9712,EQ-09712,flaring,,4627.43,,2022,3
Refining,Production,In Salah,Block 2,Equipment-9713,EQ-09713,combustion,Fuel Gas,3937.64,gal,2025,12
Transportation,Operations,Illizi,Block 2,Equipment-9714,EQ-09714,combustion,Propane,7505.73,gal,2023,2
Marketing,Logistics,Adrar,Block 2,Equipment-9715,EQ-09715,combustion,,5320.73,,2025,3
Marketing,Operations,In Salah,Field A,Equipment-9716,EQ-09716,combustion,Natural Gas,231.54,scf,2025,8
Exploration & Production,Drilling,Adrar,Field A,Equipment-9717,EQ-09717,flaring,Natural Gas,8572.71,scf,2023,2
Exploration & Production,Drilling,Illizi,Area Y,Equipment-9718,EQ-09718,combustion,Natural Gas,8003.39,scf,2024,10
Transportation,Production,Hassi R'Mel,Area Y,Equipment-9719,EQ-09719,venting,,2208.87,,2025,12
Exploration & Production,Drilling,Rhourde Nouss,Block 1,Equipment-9720,EQ-09720,drilling,,1155.68,,2022,1
Exploration & Production,Drilling,Rhourde Nouss,Block 1,Equipment-9721,EQ-09721,fugitive,,7200.45,,2025,11
Exploration & Production,Production,Rhourde Nouss,Block 2,Equipment-9722,EQ-09722,flaring,Diesel,1591.41,gal,2025,2
Exploration & Production,Logistics,In Salah,Field A,Equipment-9723,EQ-09723,drilling,,9017.58,,2024,3
Refining,Operations,Hassi R'Mel,Area Y,Equipment-9724,EQ-09724,combustion,Diesel,8621.87,gal,2023,2
Marketing,Production,Illizi,Field B,Equipment-9725,EQ-09725,combustion,Fuel Gas,6165.39,gal,2022,6
Marketing,Logistics,Rhourde Nouss,Area X,Equipment-9726,EQ-09726,venting,,2405.56,,2023,8
Exploration & Production,Logistics,Hassi R'Mel,Field A,Equipment-9727,EQ-09727,combustion,Fuel Gas,6914.47,gal,2024,12
Transportation,Production,In Salah,Area X,Equipment-9728,EQ-09728,combustion,Fuel Gas,1985.51,gal,2023,6
Marketing,Production,Hassi R'Mel,Field B,Equipment-9729,EQ-09729,venting,,1399.64,,2023,4
Exploration & Production,Production,Hassi Messaoud,Block 1,Equipment-9730,EQ-09730,flaring,Propane,8066.22,gal,2024,3
Refining,Operations,Illizi,Area Y,Equipment-9731,EQ-09731,venting,,8470.68,,2024,6
Exploration & Production,Logistics,Rhourde Nouss,Block 1,Equipment-9732,EQ-09732,drilling,,8095.98,,2023,11
Marketing,Operations,Adrar,Area Y,Equipment-9733,EQ-09733,venting,,5189.23,,2022,1
Refining,Production,Adrar,Block 1,Equipment-9734,EQ-09734,fugitive,,9505.88,,2023,10
Refining,Production,Adrar,Field A,Equipment-9735,EQ-09735,fugitive,,6833.61,,2025,8
Marketing,Production,Illizi,Block 1,Equipment-9736,EQ-09736,combustion,Natural Gas,9775.49,scf,2024,12
Marketing,Operations,Adrar,Area X,Equipment-9737,EQ-09737,flaring,Natural Gas,2542.2,scf,2025,11
Exploration & Production,Production,Rhourde Nouss,Field B,Equipment-9738,EQ-09738,flaring,Propane,1455.72,gal,2022,11
Marketing,Drilling,Adrar,Area Y,Equipment-9739,EQ-09739,fugitive,,5986.61,,2024,3
Refining,Operations,Berkine,Field B,Equipment-9740,EQ-09740,combustion,,5064.89,,2024,6
Exploration & Production,Logistics,Berkine,Block 2,Equipment-9741,EQ-09741,fugitive,,3578.7,,2023,8
Marketing,Production,Rhourde Nouss,Field A,Equipment-9742,EQ-09742,drilling,,8436.75,,2024,10
Transportation,Operations,Rhourde Nouss,Field A,Equipment-9743,EQ-09743,flaring,Diesel,6639.68,gal,2024,7
Exploration & Production,Operations,Rhourde Nouss,Block 1,Equipment-9744,EQ-09744,flaring,,5305.65,,2025,1
Refining,Logistics,In Salah,Block 1,Equipment-9745,EQ-09745,fugitive,,1220.01,,2025,2
Exploration & Production,Production,Illizi,Field B,Equipment-9746,EQ-09746,combustion,,1252.85,,2024,7
Marketing,Drilling,Rhourde Nouss,Block 1,Equipment-9747,EQ-09747,flaring,Propane,3920.41,gal,2022,10
Transportation,Operations,Illizi,Field B,Equipment-9748,EQ-09748,fugitive,,6343.36,,2022,4
Refining,Operations,Rhourde Nouss,Field B,Equipment-9749,EQ-09749,flaring,Propane,589.97,gal,2025,11
Transportation,Operations,Berkine,Block 2,Equipment-9750,EQ-09750,flaring,Diesel,477.89,gal,2024,3
Exploration & Production,Operations,Rhourde Nouss,Field B,Equipment-9751,EQ-09751,combustion,,2366.89,,2022,5
Marketing,Production,Berkine,Block 2,Equipment-9752,EQ-09752,flaring,Propane,3650.94,gal,2025,2
Exploration & Production,Production,Berkine,Area X,Equipment-9753,EQ-09753,combustion,Propane,8079.78,gal,2024,2
Refining,Logistics,Illizi,Block 2,Equipment-9754,EQ-09754,fugitive,,5111.47,,2024,10
Marketing,Logistics,Illizi,Block 1,Equipment-9755,EQ-09755,combustion,Natural Gas,9342.43,scf,2022,10
Marketing,Drilling,Berkine,Block 2,Equipment-9756,EQ-09756,combustion,Propane,7135.12,gal,2023,11
Transportation,Logistics,Berkine,Block 1,Equipment-9757,EQ-09757,fugitive,,9092.14,,2024,1
Transportation,Logistics,Berkine,Area Y,Equipment-9758,EQ-09758,flaring,Diesel,4034.3,gal,2024,5
Refining,Drilling,Berkine,Area X,Equipment-9759,EQ-09759,combustion,Propane,6904.55,gal,2024,12
Exploration & Production,Operations,Berkine,Area X,Equipment-9760,EQ-09760,flaring,Propane,3388.55,gal,2024,5
Refining,Logistics,Hassi Messaoud,Field B,Equipment-9761,EQ-09761,drilling,,5705.79,,2023,4
Refining,Logistics,Hassi R'Mel,Area Y,Equipment-9762,EQ-09762,venting,,2575.04,,2024,3
Transportation,Logistics,Hassi R'Mel,Block 2,Equipment-9763,EQ-09763,fugitive,,9264.07,,2022,9
Refining,Production,Berkine,Area X,Equipment-9764,EQ-09764,combustion,,7388.55,,2022,1
Refining,Logistics,Hassi Messaoud,Field B,Equipment-9765,EQ-09765,combustion,Propane,6107.27,gal,2023,8
Marketing,Logistics,Rhourde Nouss,Field B,Equipment-9766,EQ-09766,flaring,Diesel,9896.61,gal,2022,12
Exploration & Production,Production,Hassi R'Mel,Field A,Equipment-9767,EQ-09767,drilling,,2908.3,,2025,5
Marketing,Operations,Adrar,Area X,Equipment-9768,EQ-09768,fugitive,,8488.57,,2025,1
Exploration & Production,Operations,Adrar,Area X,Equipment-9769,EQ-09769,combustion,Fuel Gas,7001.6,gal,2022,3
Exploration & Production,Production,Rhourde Nouss,Field A,Equipment-9770,EQ-09770,combustion,Diesel,7342.81,gal,2025,11
Refining,Production,Hassi R'Mel,Area X,Equipment-9771,EQ-09771,venting,,9294.68,,2023,1
Refining,Drilling,Illizi,Field B,Equipment-9772,EQ-09772,combustion,Fuel Gas,3342.64,gal,2022,5
Marketing,Drilling,Hassi Messaoud,Area Y,Equipment-9773,EQ-09773,fugitive,,1934.85,,2024,12
Exploration & Production,Production,Berkine,Field B,Equipment-9774,EQ-09774,flaring,Natural Gas,8355.54,scf,2025,2
Refining,Production,In Salah,Block 1,Equipment-9775,EQ-09775,flaring,Diesel,2321.98,gal,2024,6
Marketing,Operations,Illizi,Area X,Equipment-9776,EQ-09776,flaring,Diesel,695.5,gal,2024,4
Refining,Operations,Hassi Messaoud,Field A,Equipment-9777,EQ-09777,combustion,,6108.18,,2022,2
Marketing,Production,Rhourde Nouss,Block 2,Equipment-9778,EQ-09778,venting,,7233.55,,2022,12
Exploration & Production,Operations,In Salah,Block 2,Equipment-9779,EQ-09779,flaring,Fuel Gas,684.1,gal,2023,12
Exploration & Production,Production,Hassi R'Mel,Field A,Equipment-9780,EQ-09780,drilling,,1928.71,,2022,5
Transportation,Operations,Illizi,Block 1,Equipment-9781,EQ-09781,drilling,,2038.55,,2025,5
Exploration & Production,Operations,Berkine,Block 1,Equipment-9782,EQ-09782,flaring,Propane,8604.26,gal,2025,6
Transportation,Production,In Salah,Area X,Equipment-9783,EQ-09783,flaring,Diesel,1175.03,gal,2023,1
Marketing,Production,Illizi,Block 2,Equipment-9784,EQ-09784,fugitive,,2933.45,,2024,11
Transportation,Drilling,Illizi,Area Y,Equipment-9785,EQ-09785,combustion,Fuel Gas,3489.52,gal,2025,8
Exploration & Production,Logistics,Berkine,Block 1,Equipment-9786,EQ-09786,combustion,Diesel,33.63,gal,2024,12
Refining,Production,Adrar,Field A,Equipment-9787,EQ-09787,combustion,Fuel Gas,4826.12,gal,2022,1
Marketing,Logistics,Rhourde Nouss,Block 1,Equipment-9788,EQ-09788,fugitive,,3149.35,,2025,11
Exploration & Production,Drilling,Rhourde Nouss,Block 2,Equipment-9789,EQ-09789,fugitive,,5429.54,,2024,10
Marketing,Operations,Berkine,Block 2,Equipment-9790,EQ-09790,flaring,Fuel Gas,9088.67,gal,2023,2
Exploration & Production,Production,Hassi Messaoud,Area Y,Equipment-9791,EQ-09791,combustion,Diesel,6037.71,gal,2025,10
Refining,Operations,Berkine,Area Y,Equipment-9792,EQ-09792,fugitive,,8646.28,,2023,6
Transportation,Logistics,In Salah,Area Y,Equipment-9793,EQ-09793,drilling,,466.83,,2024,2
Marketing,Operations,Adrar,Area Y,Equipment-9794,EQ-09794,combustion,Natural Gas,6224.76,scf,2023,8
Transportation,Operations,Hassi Messaoud,Block 2,Equipment-9795,EQ-09795,venting,,8377.06,,2023,6
Marketing,Drilling,Adrar,Area Y,Equipment-9796,EQ-09796,venting,,2932.95,,2025,3
Marketing,Production,Hassi R'Mel,Field A,Equipment-9797,EQ-09797,drilling,,2476.55,,2024,3
Refining,Logistics,Adrar,Block 1,Equipment-9798,EQ-09798,flaring,Natural Gas,1172.26,scf,2022,2
Refining,Operations,Berkine,Block 2,Equipment-9799,EQ-09799,fugitive,,2840.41,,2023,7
Refining,Operations,Adrar,Field A,Equipment-9800,EQ-09800,flaring,,7054.5,,2025,11
Marketing,Drilling,Rhourde Nouss,Field A,Equipment-9801,EQ-09801,combustion,,4981.31,,2023,12
Exploration & Production,Logistics,In Salah,Field A,Equipment-9802,EQ-09802,combustion,Propane,9012.32,gal,2024,9
Refining,Logistics,In Salah,Block 2,Equipment-9803,EQ-09803,combustion,Fuel Gas,8867.93,gal,2025,4
Transportation,Operations,Rhourde Nouss,Block 1,Equipment-9804,EQ-09804,drilling,,6627.98,,2025,12
Exploration & Production,Logistics,Hassi Messaoud,Area Y,Equipment-9805,EQ-09805,drilling,,6656.73,,2022,8
Exploration & Production,Operations,Berkine,Block 2,Equipment-9806,EQ-09806,venting,,8270.21,,2023,2
Marketing,Drilling,Adrar,Block 2,Equipment-9807,EQ-09807,fugitive,,859.41,,2023,7
Refining,Drilling,Illizi,Block 2,Equipment-9808,EQ-09808,combustion,Diesel,3060.99,gal,2024,8
Refining,Logistics,Adrar,Block 1,Equipment-9809,EQ-09809,flaring,Natural Gas,518.42,scf,2025,12
Marketing,Production,Hassi R'Mel,Area X,Equipment-9810,EQ-09810,fugitive,,9443.98,,2022,8
Marketing,Production,Hassi Messaoud,Field B,Equipment-9811,EQ-09811,combustion,Diesel,2706.54,gal,2023,11
Exploration & Production,Operations,Illizi,Field A,Equipment-9812,EQ-09812,fugitive,,7410.01,,2023,3
Transportation,Operations,Berkine,Block 2,Equipment-9813,EQ-09813,fugitive,,670.58,,2025,5
Transportation,Drilling,Adrar,Field B,Equipment-9814,EQ-09814,venting,,7770.77,,2022,11
Marketing,Operations,Rhourde Nouss,Area Y,Equipment-9815,EQ-09815,drilling,,6324.78,,2023,7
Exploration & Production,Operations,Adrar,Field B,Equipment-9816,EQ-09816,flaring,Natural Gas,7562.65,scf,2025,2
Marketing,Drilling,In Salah,Area X,Equipment-9817,EQ-09817,combustion,Fuel Gas,5083.9,gal,2024,10
Refining,Logistics,Hassi R'Mel,Field A,Equipment-9818,EQ-09818,venting,,344.47,,2023,6
Refining,Logistics,Rhourde Nouss,Area X,Equipment-9819,EQ-09819,flaring,Diesel,4000.32,gal,2025,6
Transportation,Drilling,Illizi,Area Y,Equipment-9820,EQ-09820,fugitive,,3672.18,,2022,10
Marketing,Drilling,Illizi,Area Y,Equipment-9821,EQ-09821,drilling,,1206.91,,2022,5
Marketing,Operations,Rhourde Nouss,Block 2,Equipment-9822,EQ-09822,combustion,Propane,7860.34,gal,2025,7
Exploration & Production,Drilling,Illizi,Block 2,Equipment-9823,EQ-09823,venting,,2621.31,,2024,3
Transportation,Operations,Adrar,Area X,Equipment-9824,EQ-09824,fugitive,,6518.15,,2025,10
Refining,Drilling,Rhourde Nouss,Field B,Equipment-9825,EQ-09825,fugitive,,57.12,,2023,7
Marketing,Logistics,Illizi,Block 1,Equipment-9826,EQ-09826,combustion,Natural Gas,3989.49,scf,2022,6
Exploration & Production,Operations,Hassi R'Mel,Block 2,Equipment-9827,EQ-09827,flaring,Natural Gas,6697.31,scf,2024,8
Marketing,Operations,Adrar,Area Y,Equipment-9828,EQ-09828,combustion,,5713.82,,2023,11
Marketing,Production,Berkine,Block 1,Equipment-9829,EQ-09829,flaring,Diesel,6660.54,gal,2023,10
Exploration & Production,Logistics,Illizi,Block 1,Equipment-9830,EQ-09830,flaring,Propane,4815.82,gal,2024,2
Transportation,Production,Illizi,Field B,Equipment-9831,EQ-09831,combustion,Diesel,6561.07,gal,2025,9
Marketing,Operations,Berkine,Field B,Equipment-9832,EQ-09832,combustion,Diesel,9539.63,gal,2022,3
Marketing,Logistics,Hassi Messaoud,Field B,Equipment-9833,EQ-09833,flaring,Diesel,3869.41,gal,2023,2
Exploration & Production,Drilling,Adrar,Area X,Equipment-9834,EQ-09834,flaring,Fuel Gas,2320.61,gal,2023,5
Refining,Logistics,Rhourde Nouss,Area Y,Equipment-9835,EQ-09835,venting,,7606.1,,2025,7
Marketing,Operations,Berkine,Field B,Equipment-9836,EQ-09836,fugitive,,5257.67,,2023,8
Transportation,Production,Berkine,Block 2,Equipment-9837,EQ-09837,flaring,Diesel,865.59,gal,2024,10
Transportation,Production,In Salah,Area X,Equipment-9838,EQ-09838,drilling,,6543.03,,2025,4
Exploration & Production,Operations,Rhourde Nouss,Block 1,Equipment-9839,EQ-09839,flaring,Diesel,8291.65,gal,2025,5
Exploration & Production,Drilling,Illizi,Block 2,Equipment-9840,EQ-09840,combustion,,5782.98,,2025,8
Marketing,Operations,Rhourde Nouss,Field B,Equipment-9841,EQ-09841,drilling,,1241.97,,2024,7
Refining,Drilling,Adrar,Area X,Equipment-9842,EQ-09842,drilling,,8175.97,,2024,6
Marketing,Production,Berkine,Area X,Equipment-9843,EQ-09843,drilling,,8466.2,,2024,10
Marketing,Drilling,Berkine,Block 1,Equipment-9844,EQ-09844,venting,,9847.99,,2024,4
Transportation,Production,In Salah,Field B,Equipment-9845,EQ-09845,venting,,5049.63,,2025,6
Marketing,Production,Berkine,Block 2,Equipment-9846,EQ-09846,flaring,,210.7,,2024,5
Marketing,Production,In Salah,Field A,Equipment-9847,EQ-09847,venting,,4695.11,,2023,11
Refining,Drilling,Rhourde Nouss,Block 2,Equipment-9848,EQ-09848,drilling,,8180.07,,2022,3
Refining,Drilling,Adrar,Area Y,Equipment-9849,EQ-09849,combustion,Diesel,4439.5,gal,2022,1
Transportation,Logistics,Illizi,Area Y,Equipment-9850,EQ-09850,combustion,Diesel,673.68,gal,2024,9
Refining,Production,Berkine,Block 2,Equipment-9851,EQ-09851,flaring,Natural Gas,8515.7,scf,2022,2
Marketing,Drilling,Hassi R'Mel,Block 2,Equipment-9852,EQ-09852,combustion,Natural Gas,4656.82,scf,2023,3
Transportation,Drilling,Berkine,Area Y,Equipment-9853,EQ-09853,drilling,,4056.81,,2024,7
Refining,Production,In Salah,Area X,Equipment-9854,EQ-09854,combustion,Diesel,4179.4,gal,2022,12
Marketing,Drilling,Hassi R'Mel,Area X,Equipment-9855,EQ-09855,venting,,6684.58,,2022,7
Marketing,Production,Berkine,Block 2,Equipment-9856,EQ-09856,flaring,Propane,8139.71,gal,2023,4
Marketing,Operations,Adrar,Block 2,Equipment-9857,EQ-09857,fugitive,,5799.41,,2024,5
Exploration & Production,Operations,Rhourde Nouss,Area X,Equipment-9858,EQ-09858,drilling,,8435.91,,2023,5
Transportation,Logistics,Adrar,Block 1,Equipment-9859,EQ-09859,fugitive,,379.5,,2022,1
Refining,Production,In Salah,Area Y,Equipment-9860,EQ-09860,flaring,,5015.89,,2024,3
Refining,Operations,Berkine,Field A,Equipment-9861,EQ-09861,fugitive,,5100.66,,2023,6
Marketing,Operations,Adrar,Block 1,Equipment-9862,EQ-09862,fugitive,,9623.6,,2023,6
Marketing,Drilling,Berkine,Block 2,Equipment-9863,EQ-09863,flaring,Propane,8762.94,gal,2024,10
Transportation,Logistics,Hassi Messaoud,Field A,Equipment-9864,EQ-09864,fugitive,,6691.23,,2024,5
Transportation,Operations,Adrar,Block 1,Equipment-9865,EQ-09865,drilling,,5405.83,,2024,1
Transportation,Drilling,Adrar,Block 1,Equipment-9866,EQ-09866,flaring,,3283.88,,2023,7
Transportation,Logistics,Illizi,Field B,Equipment-9867,EQ-09867,combustion,Diesel,650.0,gal,2023,5
Exploration & Production,Drilling,Rhourde Nouss,Field A,Equipment-9868,EQ-09868,flaring,Propane,5848.66,gal,2024,6
Transportation,Drilling,Berkine,Area X,Equipment-9869,EQ-09869,fugitive,,8529.84,,2024,9
Refining,Logistics,In Salah,Block 2,Equipment-9870,EQ-09870,drilling,,166.61,,2025,9
Marketing,Logistics,In Salah,Area Y,Equipment-9871,EQ-09871,combustion,Fuel Gas,3277.8,gal,2022,4
Exploration & Production,Operations,Berkine,Field B,Equipment-9872,EQ-09872,fugitive,,1147.4,,2024,11
Exploration & Production,Production,Berkine,Block 1,Equipment-9873,EQ-09873,drilling,,9504.43,,2025,5
Marketing,Logistics,Berkine,Field A,Equipment-9874,EQ-09874,fugitive,,449.57,,2023,8
Marketing,Operations,In Salah,Area X,Equipment-9875,EQ-09875,combustion,Natural Gas,899.24,scf,2024,10
Refining,Production,Berkine,Area Y,Equipment-9876,EQ-09876,flaring,,2325.69,,2023,11
Marketing,Drilling,Berkine,Block 1,Equipment-9877,EQ-09877,flaring,,6765.66,,2025,8
Exploration & Production,Logistics,Hassi Messaoud,Block 1,Equipment-9878,EQ-09878,combustion,Natural Gas,8108.29,scf,2024,11
Transportation,Drilling,Adrar,Block 1,Equipment-9879,EQ-09879,combustion,,2095.34,,2024,1
Refining,Drilling,In Salah,Field A,Equipment-9880,EQ-09880,flaring,Diesel,2919.77,gal,2025,5
Transportation,Logistics,Adrar,Block 1,Equipment-9881,EQ-09881,drilling,,3768.06,,2024,9
Marketing,Logistics,Berkine,Block 1,Equipment-9882,EQ-09882,flaring,Diesel,8943.32,gal,2024,4
Exploration & Production,Operations,Berkine,Field B,Equipment-9883,EQ-09883,fugitive,,2431.62,,2025,5
Marketing,Drilling,Adrar,Area Y,Equipment-9884,EQ-09884,combustion,Propane,7823.09,gal,2022,9
Transportation,Drilling,Berkine,Block 1,Equipment-9885,EQ-09885,venting,,3454.88,,2023,6
Transportation,Logistics,Rhourde Nouss,Area X,Equipment-9886,EQ-09886,drilling,,4833.24,,2025,7
Marketing,Operations,In Salah,Block 1,Equipment-9887,EQ-09887,combustion,Natural Gas,5467.27,scf,2024,4
Transportation,Logistics,Adrar,Block 2,Equipment-9888,EQ-09888,flaring,Diesel,6426.26,gal,2025,4
Exploration & Production,Logistics,Rhourde Nouss,Field B,Equipment-9889,EQ-09889,combustion,Natural Gas,4460.08,scf,2025,1
Refining,Drilling,Hassi R'Mel,Area Y,Equipment-9890,EQ-09890,fugitive,,9936.04,,2023,7
Refining,Logistics,Rhourde Nouss,Area X,Equipment-9891,EQ-09891,combustion,Fuel Gas,7792.34,gal,2024,11
Transportation,Logistics,Adrar,Field A,Equipment-9892,EQ-09892,drilling,,780.35,,2022,8
Transportation,Logistics,Hassi R'Mel,Field B,Equipment-9893,EQ-09893,flaring,Natural Gas,7710.18,scf,2025,5
Transportation,Drilling,In Salah,Area X,Equipment-9894,EQ-09894,flaring,,1795.22,,2022,6
Marketing,Operations,Rhourde Nouss,Block 1,Equipment-9895,EQ-09895,drilling,,2064.3,,2022,11
Marketing,Production,Hassi R'Mel,Field B,Equipment-9896,EQ-09896,fugitive,,5192.23,,2023,9
Exploration & Production,Production,Rhourde Nouss,Area Y,Equipment-9897,EQ-09897,flaring,Propane,1838.09,gal,2024,1
Marketing,Logistics,Hassi R'Mel,Field B,Equipment-9898,EQ-09898,combustion,,9741.77,,2025,8
Transportation,Production,In Salah,Field A,Equipment-9899,EQ-09899,fugitive,,4128.34,,2023,12
Marketing,Logistics,Illizi,Area X,Equipment-9900,EQ-09900,drilling,,9610.44,,2023,8
Exploration & Production,Operations,Hassi R'Mel,Field B,Equipment-9901,EQ-09901,fugitive,,8137.59,,2023,12
Transportation,Production,In Salah,Area Y,Equipment-9902,EQ-09902,flaring,Propane,8393.35,gal,2024,11
Marketing,Logistics,Hassi R'Mel,Block 2,Equipment-9903,EQ-09903,venting,,3864.19,,2025,1
Marketing,Production,In Salah,Area Y,Equipment-9904,EQ-09904,venting,,4224.59,,2022,4
Transportation,Production,Hassi Messaoud,Area X,Equipment-9905,EQ-09905,combustion,Propane,2949.5,gal,2024,9
Marketing,Production,Illizi,Field A,Equipment-9906,EQ-09906,flaring,Natural Gas,5042.51,scf,2025,6
Exploration & Production,Operations,Berkine,Area Y,Equipment-9907,EQ-09907,venting,,8949.66,,2023,10
Transportation,Production,Adrar,Block 2,Equipment-9908,EQ-09908,flaring,Diesel,8203.11,gal,2025,6
Transportation,Production,In Salah,Block 2,Equipment-9909,EQ-09909,drilling,,9234.15,,2025,8
Marketing,Operations,Berkine,Area X,Equipment-9910,EQ-09910,drilling,,8489.91,,2023,7
Exploration & Production,Operations,Hassi Messaoud,Area Y,Equipment-9911,EQ-09911,fugitive,,3730.78,,2022,3
Marketing,Drilling,Rhourde Nouss,Field A,Equipment-9912,EQ-09912,combustion,Fuel Gas,9600.73,gal,2023,1
Marketing,Logistics,Illizi,Field A,Equipment-9913,EQ-09913,fugitive,,6720.93,,2022,8
Refining,Logistics,Hassi Messaoud,Block 1,Equipment-9914,EQ-09914,drilling,,5949.74,,2022,1
Marketing,Logistics,Hassi R'Mel,Area X,Equipment-9915,EQ-09915,venting,,1141.47,,2023,6
Refining,Production,Hassi R'Mel,Field B,Equipment-9916,EQ-09916,combustion,Propane,6684.2,gal,2022,11
Refining,Production,Adrar,Area X,Equipment-9917,EQ-09917,drilling,,518.88,,2024,3
Marketing,Operations,Hassi Messaoud,Area X,Equipment-9918,EQ-09918,venting,,2057.97,,2023,3
Transportation,Drilling,Berkine,Area Y,Equipment-9919,EQ-09919,combustion,Propane,4648.21,gal,2022,5
Refining,Production,Rhourde Nouss,Field A,Equipment-9920,EQ-09920,flaring,Fuel Gas,567.92,gal,2025,6
Exploration & Production,Logistics,In Salah,Area Y,Equipment-9921,EQ-09921,combustion,Natural Gas,2934.05,scf,2025,12
Refining,Logistics,Berkine,Block 1,Equipment-9922,EQ-09922,flaring,Fuel Gas,6383.95,gal,2025,9
Marketing,Operations,In Salah,Field A,Equipment-9923,EQ-09923,flaring,Natural Gas,5290.25,scf,2025,10
Refining,Drilling,Rhourde Nouss,Block 1,Equipment-9924,EQ-09924,flaring,Fuel Gas,9305.89,gal,2022,12
Refining,Drilling,Hassi R'Mel,Area Y,Equipment-9925,EQ-09925,drilling,,9241.59,,2022,2
Transportation,Operations,Hassi Messaoud,Block 1,Equipment-9926,EQ-09926,venting,,6888.43,,2022,4
Marketing,Operations,Hassi R'Mel,Area Y,Equipment-9927,EQ-09927,combustion,Natural Gas,6601.73,scf,2025,6
Exploration & Production,Drilling,Illizi,Field B,Equipment-9928,EQ-09928,fugitive,,7691.76,,2024,11
Refining,Drilling,Illizi,Field A,Equipment-9929,EQ-09929,fugitive,,6758.39,,2023,6
Refining,Logistics,Hassi Messaoud,Field A,Equipment-9930,EQ-09930,flaring,,6887.52,,2022,12
Exploration & Production,Drilling,Hassi R'Mel,Area X,Equipment-9931,EQ-09931,flaring,Diesel,100.42,gal,2025,4
Exploration & Production,Drilling,Hassi R'Mel,Area Y,Equipment-9932,EQ-09932,combustion,,884.48,,2024,7
Exploration & Production,Production,Hassi R'Mel,Field B,Equipment-9933,EQ-09933,fugitive,,8943.05,,2025,7
Refining,Production,Hassi Messaoud,Field A,Equipment-9934,EQ-09934,drilling,,2523.34,,2024,11
Marketing,Logistics,Adrar,Area Y,Equipment-9935,EQ-09935,venting,,6812.47,,2022,10
Marketing,Drilling,Berkine,Block 2,Equipment-9936,EQ-09936,venting,,3001.56,,2022,7
Refining,Operations,Adrar,Area Y,Equipment-9937,EQ-09937,drilling,,2094.31,,2024,5
Refining,Production,Hassi R'Mel,Area Y,Equipment-9938,EQ-09938,flaring,Fuel Gas,7275.55,gal,2024,1
Exploration & Production,Production,Berkine,Area X,Equipment-9939,EQ-09939,combustion,Fuel Gas,1471.12,gal,2023,11
Transportation,Operations,Rhourde Nouss,Area X,Equipment-9940,EQ-09940,drilling,,9737.75,,2022,3
Exploration & Production,Drilling,Adrar,Block 1,Equipment-9941,EQ-09941,flaring,Propane,1027.27,gal,2023,4
Refining,Production,Rhourde Nouss,Block 1,Equipment-9942,EQ-09942,drilling,,5723.96,,2025,3
Refining,Logistics,Hassi Messaoud,Block 2,Equipment-9943,EQ-09943,venting,,5437.12,,2023,3
Exploration & Production,Logistics,Hassi R'Mel,Block 1,Equipment-9944,EQ-09944,venting,,3361.65,,2025,11
Exploration & Production,Production,Adrar,Field B,Equipment-9945,EQ-09945,flaring,Fuel Gas,4593.29,gal,2024,10
Exploration & Production,Drilling,Hassi Messaoud,Area Y,Equipment-9946,EQ-09946,drilling,,3012.32,,2024,11
Marketing,Production,Illizi,Area X,Equipment-9947,EQ-09947,combustion,Fuel Gas,5320.9,gal,2025,2
Transportation,Operations,Rhourde Nouss,Block 1,Equipment-9948,EQ-09948,fugitive,,5907.21,,2024,5
Marketing,Operations,Adrar,Field B,Equipment-9949,EQ-09949,drilling,,5515.96,,2025,12
Refining,Logistics,Hassi R'Mel,Field B,Equipment-9950,EQ-09950,fugitive,,9409.45,,2022,5
Transportation,Logistics,Hassi R'Mel,Block 2,Equipment-9951,EQ-09951,flaring,Natural Gas,6292.6,scf,2025,12
Transportation,Operations,In Salah,Field A,Equipment-9952,EQ-09952,flaring,Propane,3823.6,gal,2024,8
Exploration & Production,Production,Hassi Messaoud,Field B,Equipment-9953,EQ-09953,fugitive,,7354.43,,2024,11
Marketing,Drilling,Hassi Messaoud,Block 2,Equipment-9954,EQ-09954,flaring,Natural Gas,5709.14,scf,2025,7
Refining,Drilling,Rhourde Nouss,Field A,Equipment-9955,EQ-09955,venting,,7517.07,,2024,3
Exploration & Production,Drilling,Adrar,Block 1,Equipment-9956,EQ-09956,drilling,,9551.7,,2025,6
Marketing,Production,Rhourde Nouss,Area X,Equipment-9957,EQ-09957,venting,,9713.82,,2025,7
Exploration & Production,Logistics,In Salah,Field B,Equipment-9958,EQ-09958,venting,,6034.47,,2025,1
Exploration & Production,Production,Hassi Messaoud,Block 1,Equipment-9959,EQ-09959,venting,,7983.48,,2023,5
Marketing,Production,Hassi Messaoud,Area Y,Equipment-9960,EQ-09960,drilling,,7017.83,,2023,3
Marketing,Drilling,Hassi Messaoud,Field B,Equipment-9961,EQ-09961,flaring,Natural Gas,9519.22,scf,2022,11
Refining,Production,Illizi,Field B,Equipment-9962,EQ-09962,combustion,Natural Gas,5621.12,scf,2022,4
Exploration & Production,Drilling,Hassi R'Mel,Area Y,Equipment-9963,EQ-09963,flaring,Diesel,5759.63,gal,2023,2
Marketing,Drilling,Illizi,Field B,Equipment-9964,EQ-09964,drilling,,5957.53,,2025,12
Marketing,Drilling,Illizi,Block 1,Equipment-9965,EQ-09965,flaring,Propane,3009.5,gal,2024,12
Exploration & Production,Operations,In Salah,Field B,Equipment-9966,EQ-09966,combustion,Natural Gas,6714.12,scf,2025,8
Marketing,Logistics,Hassi R'Mel,Block 1,Equipment-9967,EQ-09967,drilling,,2080.07,,2023,8
Marketing,Logistics,Rhourde Nouss,Field A,Equipment-9968,EQ-09968,combustion,Diesel,3772.46,gal,2024,12
Marketing,Drilling,Berkine,Block 2,Equipment-9969,EQ-09969,drilling,,9545.55,,2023,4
Exploration & Production,Production,Hassi R'Mel,Field A,Equipment-9970,EQ-09970,combustion,,2925.9,,2025,3
Exploration & Production,Logistics,Hassi Messaoud,Area X,Equipment-9971,EQ-09971,fugitive,,4375.54,,2022,8
Refining,Logistics,Berkine,Block 1,Equipment-9972,EQ-09972,flaring,Fuel Gas,8606.27,gal,2022,10
Marketing,Operations,Hassi Messaoud,Area Y,Equipment-9973,EQ-09973,drilling,,4258.95,,2024,2
Exploration & Production,Production,Berkine,Field B,Equipment-9974,EQ-09974,combustion,Diesel,1619.71,gal,2025,5
Refining,Production,Rhourde Nouss,Block 2,Equipment-9975,EQ-09975,drilling,,7093.38,,2022,11
Marketing,Operations,Illizi,Block 1,Equipment-9976,EQ-09976,fugitive,,8720.13,,2023,8
Transportation,Production,Adrar,Field B,Equipment-9977,EQ-09977,drilling,,388.16,,2025,9
Refining,Production,Berkine,Block 2,Equipment-9978,EQ-09978,fugitive,,419.39,,2025,7
Exploration & Production,Production,Rhourde Nouss,Block 2,Equipment-9979,EQ-09979,drilling,,1532.22,,2024,8
Exploration & Production,Operations,Illizi,Field A,Equipment-9980,EQ-09980,combustion,Propane,972.33,gal,2025,10
Exploration & Production,Operations,Rhourde Nouss,Field A,Equipment-9981,EQ-09981,drilling,,6763.83,,2025,5
Marketing,Production,Adrar,Field A,Equipment-9982,EQ-09982,combustion,,9944.54,,2025,4
Refining,Operations,Illizi,Field B,Equipment-9983,EQ-09983,flaring,Natural Gas,834.56,scf,2024,9
Refining,Drilling,Hassi Messaoud,Block 1,Equipment-9984,EQ-09984,drilling,,4038.35,,2022,6
Exploration & Production,Drilling,Berkine,Field A,Equipment-9985,EQ-09985,combustion,,6725.6,,2025,5
Refining,Operations,Berkine,Field A,Equipment-9986,EQ-09986,venting,,1784.49,,2022,7
Marketing,Drilling,Hassi R'Mel,Field B,Equipment-9987,EQ-09987,flaring,Diesel,8881.29,gal,2022,4
Transportation,Operations,Rhourde Nouss,Block 2,Equipment-9988,EQ-09988,fugitive,,4703.66,,2025,5
Refining,Production,Hassi Messaoud,Block 1,Equipment-9989,EQ-09989,venting,,6681.02,,2024,4
Exploration & Production,Operations,Adrar,Area X,Equipment-9990,EQ-09990,combustion,Fuel Gas,6649.37,gal,2023,7
Transportation,Logistics,Illizi,Area Y,Equipment-9991,EQ-09991,combustion,Fuel Gas,1606.46,gal,2024,5
Marketing,Drilling,Hassi R'Mel,Block 2,Equipment-9992,EQ-09992,venting,,3832.17,,2023,4
Exploration & Production,Drilling,Adrar,Field B,Equipment-9993,EQ-09993,drilling,,584.88,,2023,11
Exploration & Production,Operations,Berkine,Area X,Equipment-9994,EQ-09994,combustion,Fuel Gas,6288.36,gal,2025,2
Marketing,Logistics,Berkine,Field B,Equipment-9995,EQ-09995,drilling,,6731.78,,2025,11
Refining,Logistics,Adrar,Field B,Equipment-9996,EQ-09996,combustion,Diesel,9856.6,gal,2023,9
Marketing,Operations,In Salah,Field A,Equipment-9997,EQ-09997,venting,,7568.76,,2023,8
Marketing,Operations,Adrar,Block 1,Equipment-9998,EQ-09998,fugitive,,8181.04,,2025,4
Refining,Operations,Hassi R'Mel,Block 1,Equipment-9999,EQ-09999,fugitive,,6194.6,,2023,5
