Activity,Division,Region,Field,Equipment Name,Equipment ID,Process Type,Fuel Type,Quantity,Unit,Year,Month
Activité E&P,DP,STAH,OF,Equipment-0,EQ-00000,drilling,,3519.83,,2025,2
Activité LQS,LSH,GP2Z,GPL,Equipment-1,EQ-00001,combustion,Propane,8150.83,gal,2025,10
Activité E&P,AST,MLN,OF,Equipment-2,EQ-00002,fugitive,,4132.14,,2025,9
Activité RPC,RAF,RA1K,Raffinerie,Equipment-3,EQ-00003,flaring,Natural Gas,6395.18,scf,2024,9
Activité RPC,RAF,RA1K,Raffinerie,Equipment-4,EQ-00004,venting,,9430.58,,2024,2
Activité LQS,LSH,GL1K,GNL,Equipment-5,EQ-00005,flaring,Fuel Gas,540.77,gal,2024,5
Activité E&P,DP,RNS,GF,Equipment-6,EQ-00006,venting,,3038.48,,2023,1
Activité E&P,DP,INAS,GF,Equipment-7,EQ-00007,venting,,5003.68,,2022,4
Activité E&P,AST,OURHOUD,OF,Equipment-8,EQ-00008,venting,,8276.5,,2023,2
Activité E&P,AST,OURHOUD,OF,Equipment-9,EQ-00009,flaring,Diesel,453.76,gal,2024,1
Activité E&P,AST,HBR,OF,Equipment-10,EQ-00010,combustion,Propane,389.74,gal,2025,2
Activité E&P,DP,INAS,GF,Equipment-11,EQ-00011,combustion,Diesel,7302.89,gal,2024,5
Activité E&P,AST,MLN,OF,Equipment-12,EQ-00012,drilling,,886.57,,2022,1
Activité E&P,DP,STAH,OF,Equipment-13,EQ-00013,venting,,8191.81,,2023,7
Activité E&P,AST,GSS,OF,Equipment-14,EQ-00014,combustion,Fuel Gas,4454.42,gal,2025,12
Activité E&P,DP,REB,OF,Equipment-15,EQ-00015,fugitive,,1743.25,,2022,11
Activité E&P,DP,GTL,GF,Equipment-16,EQ-00016,venting,,9232.14,,2024,11
Activité E&P,AST,MLN,OF,Equipment-17,EQ-00017,venting,,528.16,,2024,11
Activité RPC,PEC,CPEK,Pétrochimie,Equipment-18,EQ-00018,drilling,,4840.45,,2023,3
Activité E&P,AST,GB,OF,Equipment-19,EQ-00019,combustion,Natural Gas,4839.79,scf,2022,11
Activité E&P,AST,HBR,OF,Equipment-20,EQ-00020,flaring,Propane,405.79,gal,2023,4
Activité RPC,RAF,RA1Z,Raffinerie,Equipment-21,EQ-00021,flaring,,6565.87,,2022,7
Activité E&P,AST,GTIM,GF,Equipment-22,EQ-00022,drilling,,1730.03,,2023,3
Activité E&P,AST,INA,GF,Equipment-23,EQ-00023,venting,,8166.28,,2023,1
Activité E&P,AST,SH-FCP MLE,GF,Equipment-24,EQ-00024,flaring,Fuel Gas,2171.45,gal,2023,2
Activité E&P,AST,ISG,GF,Equipment-25,EQ-00025,venting,,2790.91,,2024,2
Activité E&P,DP,HRM,GF,Equipment-26,EQ-00026,venting,,5446.08,,2023,9
Activité E&P,AST,GTFT,GF,Equipment-27,EQ-00027,drilling,,4011.48,,2024,11
Activité RPC,PEC,CPEK,Pétrochimie,Equipment-28,EQ-00028,venting,,8966.33,,2024,5
Activité E&P,DP,ADR,OF,Equipment-29,EQ-00029,venting,,3433.04,,2025,8
Activité E&P,AST,SH-FCP MLE,GF,Equipment-30,EQ-00030,fugitive,,5024.39,,2023,6
Activité E&P,DP,RNS,GF,Equipment-31,EQ-00031,venting,,7460.31,,2023,4
Activité LQS,LSH,GL3Z,GNL,Equipment-32,EQ-00032,fugitive,,890.24,,2023,3
Activité E&P,AST,SH-FCP MLE,GF,Equipment-33,EQ-00033,venting,,3344.36,,2022,1
Activité E&P,AST,ISG,GF,Equipment-34,EQ-00034,venting,,8211.46,,2023,7
Activité E&P,AST,RKF,OF,Equipment-35,EQ-00035,fugitive,,3825.77,,2025,8
Activité LQS,LSH,GL1Z,GNL,Equipment-36,EQ-00036,venting,,6259.12,,2023,3
Activité E&P,AST,SH-FCP MLE,GF,Equipment-37,EQ-00037,venting,,4406.01,,2023,7
Activité E&P,AST,OURHOUD,OF,Equipment-38,EQ-00038,flaring,Fuel Gas,2084.42,gal,2023,2
Activité E&P,AST,INA,GF,Equipment-39,EQ-00039,combustion,,6977.83,,2022,6
Activité LQS,LSH,GP2Z,GPL,Equipment-40,EQ-00040,drilling,,3384.0,,2025,12
Activité E&P,AST,GTIM,GF,Equipment-41,EQ-00041,drilling,,146.63,,2023,4
Activité E&P,DP,REB,OF,Equipment-42,EQ-00042,flaring,Natural Gas,636.53,scf,2025,1
Activité RPC,PEC,CP1Z,Pétrochimie,Equipment-43,EQ-00043,flaring,Fuel Gas,7350.84,gal,2022,3
Activité LQS,LSH,GP2Z,GPL,Equipment-44,EQ-00044,combustion,Natural Gas,5515.12,scf,2024,2
Activité E&P,AST,G SH-ENI,OF,Equipment-45,EQ-00045,flaring,Natural Gas,4913.18,scf,2024,6
Activité E&P,AST,G SH-ENI,OF,Equipment-46,EQ-00046,combustion,Propane,6331.24,gal,2024,5
Activité E&P,AST,INA,GF,Equipment-47,EQ-00047,flaring,Diesel,9381.18,gal,2024,7
Activité E&P,AST,HBR,OF,Equipment-48,EQ-00048,flaring,,2778.59,,2023,11
Activité RPC,RAF,RA1G,Raffinerie,Equipment-49,EQ-00049,venting,,1876.03,,2023,11
Activité LQS,LSH,GL1Z,GNL,Equipment-50,EQ-00050,fugitive,,1948.73,,2023,5
Activité E&P,AST,SH-FCP MLE,GF,Equipment-51,EQ-00051,flaring,Propane,9544.92,gal,2025,12
Activité RPC,RAF,RA1A,Raffinerie,Equipment-52,EQ-00052,combustion,,2892.4,,2025,1
Activité E&P,DP,TFT,GF,Equipment-53,EQ-00053,venting,,1511.5,,2024,6
Activité E&P,AST,INA,GF,Equipment-54,EQ-00054,venting,,8317.93,,2023,10
Activité E&P,AST,MLN,OF,Equipment-55,EQ-00055,flaring,,1685.03,,2025,3
Activité LQS,LSH,GL1K,GNL,Equipment-56,EQ-00056,venting,,6965.73,,2022,4
Activité RPC,RAF,RA1G,Raffinerie,Equipment-57,EQ-00057,flaring,Natural Gas,8399.12,scf,2025,1
Activité E&P,AST,HBR,OF,Equipment-58,EQ-00058,venting,,8147.22,,2024,1
Activité E&P,DP,OHT,GF,Equipment-59,EQ-00059,venting,,2596.52,,2024,4
Activité E&P,AST,SH-FCP MLE,GF,Equipment-60,EQ-00060,venting,,4843.03,,2025,10
Activité LQS,LSH,GL1Z,GNL,Equipment-61,EQ-00061,fugitive,,9582.97,,2024,1
Activité E&P,DP,REB,OF,Equipment-62,EQ-00062,flaring,Natural Gas,3424.07,scf,2025,7
Activité RPC,PEC,CP1Z,Pétrochimie,Equipment-63,EQ-00063,drilling,,2368.6,,2023,3
Activité RPC,RAF,RA1A,Raffinerie,Equipment-64,EQ-00064,combustion,Diesel,827.5,gal,2024,10
Activité E&P,AST,G SH-ENI,OF,Equipment-65,EQ-00065,fugitive,,4933.29,,2025,11
Activité E&P,AST,RKF,OF,Equipment-66,EQ-00066,combustion,Propane,778.69,gal,2024,10
Activité E&P,DP,GTL,GF,Equipment-67,EQ-00067,flaring,Fuel Gas,675.66,gal,2025,7
Activité RPC,RAF,RA1Z,Raffinerie,Equipment-68,EQ-00068,venting,,9012.05,,2025,2
Activité E&P,AST,OURHOUD,OF,Equipment-69,EQ-00069,combustion,Natural Gas,5278.39,scf,2025,6
Activité E&P,AST,GSS,OF,Equipment-70,EQ-00070,venting,,1344.31,,2025,6
Activité E&P,AST,G SH-ENI,OF,Equipment-71,EQ-00071,venting,,8297.39,,2022,6
Activité E&P,AST,GTFT,GF,Equipment-72,EQ-00072,venting,,7410.22,,2025,11
Activité E&P,AST,G SH-ENI,OF,Equipment-73,EQ-00073,venting,,8095.46,,2024,6
Activité E&P,AST,SH-FCP MLE,GF,Equipment-74,EQ-00074,fugitive,,6754.57,,2025,12
Activité E&P,AST,OURHOUD,OF,Equipment-75,EQ-00075,combustion,Fuel Gas,7925.45,gal,2022,12
Activité RPC,RAF,RA1G,Raffinerie,Equipment-76,EQ-00076,venting,,8258.8,,2024,5
Activité E&P,AST,RKF,OF,Equipment-77,EQ-00077,flaring,,2071.78,,2024,11
Activité E&P,DP,RNS,GF,Equipment-78,EQ-00078,drilling,,386.42,,2023,9
Activité E&P,DP,REB,OF,Equipment-79,EQ-00079,combustion,Propane,185.32,gal,2023,6
Activité E&P,DP,INAS,GF,Equipment-80,EQ-00080,drilling,,2935.46,,2022,2
Activité E&P,AST,BRS,OF,Equipment-81,EQ-00081,fugitive,,143.61,,2024,11
Activité E&P,DP,HMD,OF,Equipment-82,EQ-00082,flaring,Propane,7931.34,gal,2023,9
Activité RPC,RAF,RA1A,Raffinerie,Equipment-83,EQ-00083,venting,,5433.74,,2024,3
Activité E&P,DP,INAS,GF,Equipment-84,EQ-00084,fugitive,,7700.1,,2025,10
Activité E&P,DP,GTL,GF,Equipment-85,EQ-00085,flaring,Diesel,9981.29,gal,2022,4
Activité E&P,AST,HBR,OF,Equipment-86,EQ-00086,venting,,7072.19,,2024,6
Activité E&P,AST,GTIM,GF,Equipment-87,EQ-00087,venting,,1789.97,,2025,12
Activité E&P,AST,G SH-ENI,OF,Equipment-88,EQ-00088,combustion,Natural Gas,658.76,scf,2022,3
Activité E&P,DP,STAH,OF,Equipment-89,EQ-00089,drilling,,8953.17,,2025,5
Activité RPC,RAF,RA1A,Raffinerie,Equipment-90,EQ-00090,combustion,Fuel Gas,1409.85,gal,2022,12
Activité E&P,DP,TFT,GF,Equipment-91,EQ-00091,combustion,Natural Gas,705.55,scf,2022,12
Activité E&P,AST,GSS,OF,Equipment-92,EQ-00092,flaring,Propane,7913.8,gal,2025,4
Activité E&P,AST,GTFT,GF,Equipment-93,EQ-00093,venting,,7091.92,,2024,9
Activité E&P,AST,GTIM,GF,Equipment-94,EQ-00094,fugitive,,4869.2,,2022,5
Activité LQS,LSH,GP2Z,GPL,Equipment-95,EQ-00095,flaring,Propane,5993.0,gal,2025,6
Activité LQS,LSH,GP1Z,GPL,Equipment-96,EQ-00096,drilling,,3374.63,,2022,4
Activité RPC,PEC,CPEK,Pétrochimie,Equipment-97,EQ-00097,drilling,,6271.21,,2024,9
Activité LQS,LSH,GL1Z,GNL,Equipment-98,EQ-00098,drilling,,2991.82,,2025,12
Activité E&P,AST,BRS,OF,Equipment-99,EQ-00099,drilling,,5319.73,,2024,8
Activité RPC,RAF,RA1Z,Raffinerie,Equipment-100,EQ-00100,fugitive,,8919.94,,2025,8
Activité E&P,DP,ADR,OF,Equipment-101,EQ-00101,venting,,6220.1,,2025,3
Activité LQS,LSH,GP1Z,GPL,Equipment-102,EQ-00102,fugitive,,9195.95,,2022,12
Activité E&P,DP,INAS,GF,Equipment-103,EQ-00103,fugitive,,6117.8,,2025,9
Activité E&P,AST,HBR,OF,Equipment-104,EQ-00104,combustion,Diesel,4424.57,gal,2022,8
Activité E&P,DP,HRM,GF,Equipment-105,EQ-00105,fugitive,,7859.11,,2024,9
Activité E&P,AST,ISG,GF,Equipment-106,EQ-00106,fugitive,,8296.15,,2023,8
Activité E&P,DP,STAH,OF,Equipment-107,EQ-00107,drilling,,5060.03,,2022,4
Activité LQS,LSH,GP2Z,GPL,Equipment-108,EQ-00108,drilling,,5157.19,,2024,3
Activité RPC,RAF,RA1K,Raffinerie,Equipment-109,EQ-00109,combustion,,3266.18,,2023,4
Activité E&P,AST,BMS,OF,Equipment-110,EQ-00110,venting,,4344.31,,2025,5
Activité E&P,DP,GTL,GF,Equipment-111,EQ-00111,fugitive,,9258.57,,2023,7
Activité E&P,AST,SH-FCP MLE,GF,Equipment-112,EQ-00112,venting,,9222.79,,2023,8
Activité E&P,AST,GSS,OF,Equipment-113,EQ-00113,drilling,,8345.21,,2023,7
Activité E&P,DP,OHT,GF,Equipment-114,EQ-00114,combustion,Natural Gas,3429.69,scf,2023,5
Activité RPC,PEC,CP1Z,Pétrochimie,Equipment-115,EQ-00115,drilling,,6686.9,,2024,8
Activité E&P,AST,HBR,OF,Equipment-116,EQ-00116,combustion,Propane,602.66,gal,2025,10
Activité E&P,AST,GB,OF,Equipment-117,EQ-00117,fugitive,,115.45,,2024,3
Activité E&P,AST,OURHOUD,OF,Equipment-118,EQ-00118,flaring,,957.33,,2023,7
Activité LQS,LSH,GP2Z,GPL,Equipment-119,EQ-00119,drilling,,4924.08,,2025,6
Activité E&P,DP,HMD,OF,Equipment-120,EQ-00120,drilling,,9638.1,,2022,6
Activité E&P,AST,GSS,OF,Equipment-121,EQ-00121,combustion,Natural Gas,5643.24,scf,2025,1
Activité E&P,AST,G SH-ENI,OF,Equipment-122,EQ-00122,combustion,,8031.7,,2023,12
Activité RPC,PEC,CP1Z,Pétrochimie,Equipment-123,EQ-00123,combustion,Propane,2497.77,gal,2024,10
Activité E&P,AST,OURHOUD,OF,Equipment-124,EQ-00124,fugitive,,7501.51,,2024,5
Activité E&P,DP,HBK,GF,Equipment-125,EQ-00125,drilling,,2885.4,,2023,4
Activité E&P,AST,GSS,OF,Equipment-126,EQ-00126,drilling,,329.53,,2023,4
Activité LQS,LSH,GL1K,GNL,Equipment-127,EQ-00127,fugitive,,2173.87,,2025,11
Activité LQS,LSH,GL3Z,GNL,Equipment-128,EQ-00128,combustion,Propane,266.75,gal,2022,12
Activité RPC,RAF,RA1K,Raffinerie,Equipment-129,EQ-00129,drilling,,4231.43,,2025,4
Activité E&P,AST,G SH-ENI,OF,Equipment-130,EQ-00130,drilling,,5193.71,,2023,10
Activité RPC,RAF,RA1A,Raffinerie,Equipment-131,EQ-00131,fugitive,,6837.29,,2025,11
Activité LQS,LSH,GP2Z,GPL,Equipment-132,EQ-00132,combustion,Fuel Gas,6270.36,gal,2022,11
Activité RPC,RAF,RA1G,Raffinerie,Equipment-133,EQ-00133,combustion,Propane,6760.42,gal,2022,5
Activité E&P,AST,HBR,OF,Equipment-134,EQ-00134,drilling,,8255.52,,2023,9
Activité E&P,DP,RNS,GF,Equipment-135,EQ-00135,flaring,Propane,4380.05,gal,2024,8
Activité E&P,DP,TFT,GF,Equipment-136,EQ-00136,flaring,Propane,2489.11,gal,2023,4
Activité RPC,RAF,RA1Z,Raffinerie,Equipment-137,EQ-00137,drilling,,2026.11,,2023,6
Activité E&P,DP,REB,OF,Equipment-138,EQ-00138,venting,,2417.93,,2022,9
Activité E&P,DP,OHT,GF,Equipment-139,EQ-00139,venting,,8507.69,,2023,5
Activité E&P,DP,INAS,GF,Equipment-140,EQ-00140,flaring,Natural Gas,6551.68,scf,2022,2
Activité RPC,PEC,CPEK,Pétrochimie,Equipment-141,EQ-00141,fugitive,,4340.79,,2023,6
Activité RPC,RAF,RA1G,Raffinerie,Equipment-142,EQ-00142,drilling,,247.8,,2022,9
Activité E&P,AST,BMS,OF,Equipment-143,EQ-00143,fugitive,,6516.4,,2024,11
Activité E&P,AST,GTIM,GF,Equipment-144,EQ-00144,venting,,9347.07,,2024,12
Activité E&P,AST,ISG,GF,Equipment-145,EQ-00145,flaring,Diesel,6111.02,gal,2025,4
Activité E&P,AST,MLN,OF,Equipment-146,EQ-00146,venting,,6338.53,,2025,10
Activité E&P,AST,GB,OF,Equipment-147,EQ-00147,flaring,,8180.23,,2025,8
Activité E&P,DP,GTL,GF,Equipment-148,EQ-00148,combustion,,2825.04,,2022,2
Activité E&P,AST,HBR,OF,Equipment-149,EQ-00149,flaring,Fuel Gas,7237.52,gal,2024,7
Activité E&P,AST,G SH-ENI,OF,Equipment-150,EQ-00150,venting,,7306.4,,2022,4
Activité RPC,RAF,RA1K,Raffinerie,Equipment-151,EQ-00151,drilling,,9514.19,,2022,1
Activité LQS,LSH,GL2Z,GNL,Equipment-152,EQ-00152,venting,,3047.58,,2022,4
Activité E&P,AST,ISG,GF,Equipment-153,EQ-00153,venting,,8237.9,,2025,11
Activité RPC,RAF,RA1K,Raffinerie,Equipment-154,EQ-00154,drilling,,8648.27,,2025,9
Activité E&P,AST,G SH-ENI,OF,Equipment-155,EQ-00155,drilling,,7066.26,,2025,3
Activité LQS,LSH,GL1K,GNL,Equipment-156,EQ-00156,flaring,,3603.37,,2022,6
Activité LQS,LSH,GL3Z,GNL,Equipment-157,EQ-00157,flaring,Diesel,5778.87,gal,2022,7
Activité E&P,DP,REB,OF,Equipment-158,EQ-00158,combustion,Diesel,7021.37,gal,2025,3
Activité LQS,LSH,GL1K,GNL,Equipment-159,EQ-00159,venting,,5569.3,,2022,6
Activité E&P,AST,GB,OF,Equipment-160,EQ-00160,venting,,6357.71,,2022,8
Activité E&P,DP,GTL,GF,Equipment-161,EQ-00161,venting,,5426.79,,2022,11
Activité E&P,DP,STAH,OF,Equipment-162,EQ-00162,venting,,6867.37,,2024,11
Activité E&P,AST,GTFT,GF,Equipment-163,EQ-00163,combustion,Fuel Gas,6489.23,gal,2025,1
Activité E&P,AST,RKF,OF,Equipment-164,EQ-00164,venting,,6175.06,,2022,1
Activité LQS,LSH,GL2Z,GNL,Equipment-165,EQ-00165,fugitive,,7498.62,,2022,7
Activité E&P,DP,OHT,GF,Equipment-166,EQ-00166,drilling,,4418.72,,2024,2
Activité E&P,AST,REGGANE,GF,Equipment-167,EQ-00167,drilling,,7670.25,,2022,6
Activité LQS,LSH,GP1Z,GPL,Equipment-168,EQ-00168,venting,,6497.32,,2022,10
Activité E&P,DP,HRM,GF,Equipment-169,EQ-00169,fugitive,,4823.05,,2025,8
Activité E&P,AST,REGGANE,GF,Equipment-170,EQ-00170,fugitive,,3349.73,,2024,1
Activité E&P,AST,BRS,OF,Equipment-171,EQ-00171,flaring,Fuel Gas,1872.64,gal,2023,6
Activité LQS,LSH,GP2Z,GPL,Equipment-172,EQ-00172,venting,,1411.43,,2024,6
Activité E&P,AST,RKF,OF,Equipment-173,EQ-00173,drilling,,7091.88,,2022,2
Activité LQS,LSH,GP1Z,GPL,Equipment-174,EQ-00174,combustion,Fuel Gas,9890.02,gal,2023,5
Activité RPC,RAF,RA1K,Raffinerie,Equipment-175,EQ-00175,combustion,Diesel,845.1,gal,2022,7
Activité E&P,DP,ADR,OF,Equipment-176,EQ-00176,fugitive,,9403.08,,2024,11
Activité E&P,AST,GTFT,GF,Equipment-177,EQ-00177,fugitive,,9901.9,,2025,11
Activité E&P,DP,ADR,OF,Equipment-178,EQ-00178,flaring,Natural Gas,3464.76,scf,2025,5
Activité RPC,RAF,RA1Z,Raffinerie,Equipment-179,EQ-00179,fugitive,,5690.29,,2024,4
Activité E&P,DP,HRM,GF,Equipment-180,EQ-00180,fugitive,,3091.47,,2025,3
Activité LQS,LSH,GL1K,GNL,Equipment-181,EQ-00181,venting,,4552.94,,2022,10
Activité LQS,LSH,GL1K,GNL,Equipment-182,EQ-00182,combustion,Diesel,4412.32,gal,2024,4
Activité E&P,DP,STAH,OF,Equipment-183,EQ-00183,fugitive,,1215.42,,2024,6
Activité RPC,RAF,RA1Z,Raffinerie,Equipment-184,EQ-00184,venting,,2781.43,,2023,9
Activité E&P,DP,HBK,GF,Equipment-185,EQ-00185,flaring,Propane,3739.5,gal,2022,7
Activité E&P,AST,GB,OF,Equipment-186,EQ-00186,fugitive,,7194.92,,2022,9
Activité E&P,AST,GTG,GF,Equipment-187,EQ-00187,fugitive,,3042.8,,2023,12
Activité RPC,RAF,RA1G,Raffinerie,Equipment-188,EQ-00188,flaring,,2907.34,,2022,4
Activité RPC,RAF,RA1Z,Raffinerie,Equipment-189,EQ-00189,flaring,Natural Gas,3483.27,scf,2022,4
Activité E&P,AST,GTFT,GF,Equipment-190,EQ-00190,drilling,,3256.28,,2023,10
Activité RPC,RAF,RA1Z,Raffinerie,Equipment-191,EQ-00191,drilling,,1867.25,,2024,10
Activité E&P,DP,HBK,GF,Equipment-192,EQ-00192,fugitive,,4746.66,,2023,7
Activité E&P,AST,OURHOUD,OF,Equipment-193,EQ-00193,venting,,6300.98,,2024,6
Activité E&P,AST,SH-FCP MLE,GF,Equipment-194,EQ-00194,combustion,Fuel Gas,7067.48,gal,2023,8
Activité RPC,RAF,RA1Z,Raffinerie,Equipment-195,EQ-00195,fugitive,,5852.18,,2025,10
Activité E&P,DP,ADR,OF,Equipment-196,EQ-00196,fugitive,,4636.76,,2025,10
Activité RPC,PEC,CP1Z,Pétrochimie,Equipment-197,EQ-00197,fugitive,,3088.52,,2022,1
Activité LQS,LSH,GP2Z,GPL,Equipment-198,EQ-00198,combustion,Propane,5233.47,gal,2025,11
Activité E&P,DP,TFT,GF,Equipment-199,EQ-00199,combustion,Diesel,2829.9,gal,2025,5
Activité E&P,DP,STAH,OF,Equipment-200,EQ-00200,combustion,Natural Gas,2803.04,scf,2024,12
Activité RPC,RAF,RA1A,Raffinerie,Equipment-201,EQ-00201,venting,,6691.0,,2022,6
Activité E&P,AST,OURHOUD,OF,Equipment-202,EQ-00202,combustion,Diesel,1345.43,gal,2022,4
Activité RPC,RAF,RA1G,Raffinerie,Equipment-203,EQ-00203,fugitive,,7684.22,,2025,8
Activité RPC,RAF,RA1A,Raffinerie,Equipment-204,EQ-00204,combustion,Natural Gas,6738.68,scf,2023,12
Activité E&P,AST,GSS,OF,Equipment-205,EQ-00205,combustion,Propane,3519.75,gal,2025,4
Activité E&P,AST,OURHOUD,OF,Equipment-206,EQ-00206,venting,,178.91,,2024,5
Activité E&P,AST,GSS,OF,Equipment-207,EQ-00207,drilling,,4216.06,,2025,3
Activité RPC,RAF,RA1K,Raffinerie,Equipment-208,EQ-00208,drilling,,518.83,,2025,7
Activité RPC,RAF,RA1A,Raffinerie,Equipment-209,EQ-00209,combustion,Propane,9104.09,gal,2025,1
Activité RPC,PEC,CPEK,Pétrochimie,Equipment-210,EQ-00210,venting,,6805.06,,2025,9
Activité E&P,DP,HBK,GF,Equipment-211,EQ-00211,flaring,,2530.61,,2024,12
Activité E&P,DP,GTL,GF,Equipment-212,EQ-00212,venting,,4830.44,,2024,1
Activité E&P,DP,TFT,GF,Equipment-213,EQ-00213,fugitive,,718.48,,2023,1
Activité E&P,DP,GTL,GF,Equipment-214,EQ-00214,flaring,Diesel,5591.26,gal,2023,5
Activité E&P,AST,GTIM,GF,Equipment-215,EQ-00215,venting,,5326.76,,2024,3
Activité LQS,LSH,GL1K,GNL,Equipment-216,EQ-00216,combustion,Fuel Gas,1773.25,gal,2025,11
Activité E&P,AST,GTIM,GF,Equipment-217,EQ-00217,venting,,2599.36,,2023,9
Activité E&P,AST,BMS,OF,Equipment-218,EQ-00218,venting,,857.91,,2025,2
Activité E&P,DP,GTL,GF,Equipment-219,EQ-00219,drilling,,7403.14,,2023,6
Activité LQS,LSH,GP1Z,GPL,Equipment-220,EQ-00220,combustion,Diesel,9955.87,gal,2025,7
Activité LQS,LSH,GL3Z,GNL,Equipment-221,EQ-00221,venting,,2986.49,,2025,4
Activité E&P,AST,OURHOUD,OF,Equipment-222,EQ-00222,flaring,Propane,3131.55,gal,2022,1
Activité RPC,PEC,CPEK,Pétrochimie,Equipment-223,EQ-00223,venting,,8108.63,,2025,11
Activité E&P,AST,GTG,GF,Equipment-224,EQ-00224,combustion,Natural Gas,9322.1,scf,2023,2
Activité RPC,RAF,RA1K,Raffinerie,Equipment-225,EQ-00225,flaring,Natural Gas,987.94,scf,2022,6
Activité E&P,AST,GSS,OF,Equipment-226,EQ-00226,combustion,Diesel,7417.43,gal,2023,5
Activité E&P,AST,SH-FCP MLE,GF,Equipment-227,EQ-00227,combustion,,7212.65,,2023,6
Activité LQS,LSH,GP2Z,GPL,Equipment-228,EQ-00228,venting,,9821.86,,2022,6
Activité RPC,RAF,RA1Z,Raffinerie,Equipment-229,EQ-00229,venting,,2122.17,,2023,1
Activité E&P,AST,GTIM,GF,Equipment-230,EQ-00230,fugitive,,7183.46,,2024,7
Activité E&P,AST,HBR,OF,Equipment-231,EQ-00231,flaring,Diesel,9874.29,gal,2025,9
Activité LQS,LSH,GP1Z,GPL,Equipment-232,EQ-00232,fugitive,,7748.42,,2025,5
Activité E&P,AST,BMS,OF,Equipment-233,EQ-00233,drilling,,2583.44,,2025,2
Activité LQS,LSH,GL3Z,GNL,Equipment-234,EQ-00234,flaring,Natural Gas,408.28,scf,2023,5
Activité E&P,DP,INAS,GF,Equipment-235,EQ-00235,combustion,Natural Gas,6754.59,scf,2025,5
Activité E&P,DP,OHT,GF,Equipment-236,EQ-00236,venting,,6705.29,,2023,5
Activité RPC,PEC,CP1Z,Pétrochimie,Equipment-237,EQ-00237,drilling,,5926.93,,2023,6
Activité LQS,LSH,GL1K,GNL,Equipment-238,EQ-00238,drilling,,7862.64,,2022,8
Activité E&P,AST,INA,GF,Equipment-239,EQ-00239,venting,,8357.6,,2022,7
Activité E&P,AST,BRS,OF,Equipment-240,EQ-00240,combustion,Natural Gas,3833.37,scf,2025,12
Activité LQS,LSH,GP2Z,GPL,Equipment-241,EQ-00241,flaring,Diesel,1059.88,gal,2025,8
Activité LQS,LSH,GL1Z,GNL,Equipment-242,EQ-00242,fugitive,,9755.11,,2023,3
Activité E&P,DP,INAS,GF,Equipment-243,EQ-00243,venting,,8217.03,,2025,10
Activité RPC,RAF,RA1Z,Raffinerie,Equipment-244,EQ-00244,drilling,,5074.25,,2023,8
Activité E&P,AST,G SH-ENI,OF,Equipment-245,EQ-00245,combustion,Natural Gas,8236.25,scf,2024,2
Activité E&P,AST,HBR,OF,Equipment-246,EQ-00246,fugitive,,1118.02,,2024,5
Activité E&P,DP,RNS,GF,Equipment-247,EQ-00247,flaring,,7592.67,,2025,1
Activité E&P,AST,BMS,OF,Equipment-248,EQ-00248,fugitive,,5785.43,,2022,5
Activité E&P,DP,HMD,OF,Equipment-249,EQ-00249,venting,,9400.86,,2023,9
Activité RPC,PEC,CP1Z,Pétrochimie,Equipment-250,EQ-00250,drilling,,6248.61,,2022,3
Activité RPC,RAF,RA1Z,Raffinerie,Equipment-251,EQ-00251,combustion,Natural Gas,8311.21,scf,2025,1
Activité RPC,RAF,RA1A,Raffinerie,Equipment-252,EQ-00252,combustion,Fuel Gas,81.72,gal,2023,4
Activité E&P,AST,GB,OF,Equipment-253,EQ-00253,fugitive,,9036.62,,2024,10
Activité LQS,LSH,GL1Z,GNL,Equipment-254,EQ-00254,flaring,Propane,1433.2,gal,2022,4
Activité E&P,AST,BMS,OF,Equipment-255,EQ-00255,drilling,,8848.07,,2024,3
Activité E&P,AST,GTFT,GF,Equipment-256,EQ-00256,flaring,Propane,8565.31,gal,2023,5
Activité RPC,RAF,RA1K,Raffinerie,Equipment-257,EQ-00257,drilling,,2469.47,,2023,5
Activité E&P,DP,STAH,OF,Equipment-258,EQ-00258,flaring,Natural Gas,2840.08,scf,2022,10
Activité LQS,LSH,GP1Z,GPL,Equipment-259,EQ-00259,combustion,Diesel,1086.56,gal,2023,1
Activité E&P,AST,OURHOUD,OF,Equipment-260,EQ-00260,flaring,Propane,6643.12,gal,2023,2
Activité E&P,AST,GSS,OF,Equipment-261,EQ-00261,combustion,Diesel,4201.93,gal,2023,1
Activité E&P,AST,GTIM,GF,Equipment-262,EQ-00262,combustion,,7491.12,,2025,8
Activité E&P,DP,RNS,GF,Equipment-263,EQ-00263,drilling,,3783.81,,2025,6
Activité LQS,LSH,GL2Z,GNL,Equipment-264,EQ-00264,drilling,,8527.26,,2025,12
Activité E&P,AST,OURHOUD,OF,Equipment-265,EQ-00265,drilling,,4417.8,,2022,3
Activité E&P,DP,HRM,GF,Equipment-266,EQ-00266,combustion,Fuel Gas,6584.27,gal,2024,9
Activité RPC,RAF,RA1Z,Raffinerie,Equipment-267,EQ-00267,flaring,Natural Gas,5801.92,scf,2023,1
Activité E&P,DP,TFT,GF,Equipment-268,EQ-00268,combustion,Propane,6374.0,gal,2024,11
Activité RPC,PEC,CP1Z,Pétrochimie,Equipment-269,EQ-00269,flaring,Fuel Gas,407.38,gal,2025,11
Activité E&P,DP,ADR,OF,Equipment-270,EQ-00270,fugitive,,9707.29,,2025,7
Activité E&P,AST,GTG,GF,Equipment-271,EQ-00271,flaring,Propane,4289.7,gal,2023,8
Activité E&P,DP,RNS,GF,Equipment-272,EQ-00272,drilling,,127.27,,2025,7
Activité E&P,AST,INA,GF,Equipment-273,EQ-00273,venting,,9280.93,,2024,3
Activité LQS,LSH,GL1K,GNL,Equipment-274,EQ-00274,flaring,Fuel Gas,9021.55,gal,2022,7
Activité LQS,LSH,GL1Z,GNL,Equipment-275,EQ-00275,flaring,Natural Gas,1928.39,scf,2025,11
Activité RPC,RAF,RA1A,Raffinerie,Equipment-276,EQ-00276,flaring,Natural Gas,5074.62,scf,2025,11
Activité RPC,RAF,RA1A,Raffinerie,Equipment-277,EQ-00277,combustion,Fuel Gas,2988.93,gal,2025,3
Activité E&P,AST,GB,OF,Equipment-278,EQ-00278,venting,,3100.76,,2022,9
Activité E&P,AST,GTIM,GF,Equipment-279,EQ-00279,combustion,Propane,2359.35,gal,2024,8
Activité E&P,DP,REB,OF,Equipment-280,EQ-00280,venting,,29.19,,2023,5
Activité LQS,LSH,GP1Z,GPL,Equipment-281,EQ-00281,fugitive,,5427.05,,2022,11
Activité E&P,DP,INAS,GF,Equipment-282,EQ-00282,venting,,9835.18,,2025,3
Activité E&P,AST,HBR,OF,Equipment-283,EQ-00283,drilling,,2299.85,,2025,5
Activité E&P,DP,HMD,OF,Equipment-284,EQ-00284,flaring,Diesel,5598.25,gal,2023,1
Activité RPC,PEC,CP1Z,Pétrochimie,Equipment-285,EQ-00285,combustion,Diesel,778.0,gal,2024,11
Activité LQS,LSH,GP2Z,GPL,Equipment-286,EQ-00286,drilling,,5226.5,,2022,8
Activité E&P,DP,ADR,OF,Equipment-287,EQ-00287,drilling,,5658.78,,2023,7
Activité E&P,AST,SH-FCP MLE,GF,Equipment-288,EQ-00288,venting,,9893.79,,2025,4
Activité E&P,AST,GTFT,GF,Equipment-289,EQ-00289,flaring,,7917.72,,2024,10
Activité E&P,AST,OURHOUD,OF,Equipment-290,EQ-00290,venting,,5286.6,,2022,11
Activité E&P,DP,RNS,GF,Equipment-291,EQ-00291,drilling,,3957.53,,2023,4
Activité E&P,DP,GTL,GF,Equipment-292,EQ-00292,combustion,Diesel,5678.47,gal,2022,11
Activité E&P,DP,TFT,GF,Equipment-293,EQ-00293,drilling,,7807.2,,2023,1
Activité E&P,AST,INA,GF,Equipment-294,EQ-00294,flaring,Natural Gas,4474.72,scf,2025,5
Activité E&P,AST,GTFT,GF,Equipment-295,EQ-00295,venting,,726.98,,2022,4
Activité RPC,RAF,RA1A,Raffinerie,Equipment-296,EQ-00296,venting,,3973.1,,2024,1
Activité E&P,AST,RKF,OF,Equipment-297,EQ-00297,drilling,,7006.55,,2022,11
Activité E&P,AST,GTG,GF,Equipment-298,EQ-00298,combustion,Diesel,6801.6,gal,2022,8
Activité RPC,RAF,RA1G,Raffinerie,Equipment-299,EQ-00299,flaring,Propane,6250.56,gal,2024,8
Activité E&P,AST,BRS,OF,Equipment-300,EQ-00300,venting,,184.12,,2024,7
Activité LQS,LSH,GL1Z,GNL,Equipment-301,EQ-00301,fugitive,,756.65,,2024,11
Activité E&P,AST,GTG,GF,Equipment-302,EQ-00302,flaring,Propane,1391.07,gal,2024,7
Activité E&P,DP,ADR,OF,Equipment-303,EQ-00303,combustion,,6969.21,,2024,4
Activité RPC,RAF,RA1A,Raffinerie,Equipment-304,EQ-00304,drilling,,8534.56,,2023,7
Activité E&P,AST,OURHOUD,OF,Equipment-305,EQ-00305,venting,,5982.34,,2024,4
Activité E&P,DP,GTL,GF,Equipment-306,EQ-00306,venting,,9612.26,,2025,5
Activité E&P,DP,ADR,OF,Equipment-307,EQ-00307,drilling,,9894.05,,2025,6
Activité E&P,AST,MLN,OF,Equipment-308,EQ-00308,venting,,7280.37,,2022,12
Activité E&P,DP,INAS,GF,Equipment-309,EQ-00309,venting,,8354.82,,2025,2
Activité RPC,RAF,RA1A,Raffinerie,Equipment-310,EQ-00310,flaring,Fuel Gas,4314.15,gal,2025,6
Activité E&P,AST,ISG,GF,Equipment-311,EQ-00311,venting,,5779.9,,2023,2
Activité RPC,RAF,RA1K,Raffinerie,Equipment-312,EQ-00312,drilling,,26.55,,2025,4
Activité E&P,AST,GB,OF,Equipment-313,EQ-00313,combustion,Natural Gas,4429.24,scf,2022,4
Activité E&P,DP,TFT,GF,Equipment-314,EQ-00314,drilling,,6881.99,,2022,8
Activité E&P,AST,ISG,GF,Equipment-315,EQ-00315,flaring,Propane,3248.93,gal,2024,4
Activité E&P,DP,ADR,OF,Equipment-316,EQ-00316,flaring,Natural Gas,7952.16,scf,2024,11
Activité RPC,RAF,RA1Z,Raffinerie,Equipment-317,EQ-00317,fugitive,,7268.88,,2024,2
Activité E&P,DP,HBK,GF,Equipment-318,EQ-00318,flaring,Diesel,7685.38,gal,2024,7
Activité E&P,AST,G SH-ENI,OF,Equipment-319,EQ-00319,combustion,Propane,937.0,gal,2023,5
Activité LQS,LSH,GL1Z,GNL,Equipment-320,EQ-00320,flaring,Natural Gas,6317.21,scf,2022,7
Activité E&P,AST,OURHOUD,OF,Equipment-321,EQ-00321,drilling,,641.15,,2022,12
Activité E&P,DP,ADR,OF,Equipment-322,EQ-00322,venting,,5732.53,,2022,1
Activité E&P,AST,G SH-ENI,OF,Equipment-323,EQ-00323,combustion,,2321.53,,2025,11
Activité E&P,DP,RNS,GF,Equipment-324,EQ-00324,fugitive,,3588.34,,2022,12
Activité E&P,AST,BMS,OF,Equipment-325,EQ-00325,combustion,Fuel Gas,3373.44,gal,2022,6
Activité E&P,AST,SH-FCP MLE,GF,Equipment-326,EQ-00326,venting,,1767.19,,2022,12
Activité LQS,LSH,GP2Z,GPL,Equipment-327,EQ-00327,flaring,Diesel,9604.78,gal,2025,2
Activité E&P,DP,OHT,GF,Equipment-328,EQ-00328,drilling,,8673.76,,2024,1
Activité E&P,AST,G SH-ENI,OF,Equipment-329,EQ-00329,venting,,3314.66,,2022,10
Activité E&P,DP,HMD,OF,Equipment-330,EQ-00330,fugitive,,6218.58,,2022,11
Activité E&P,DP,HRM,GF,Equipment-331,EQ-00331,fugitive,,1002.84,,2025,11
Activité E&P,DP,STAH,OF,Equipment-332,EQ-00332,venting,,3014.11,,2022,8
Activité RPC,RAF,RA1A,Raffinerie,Equipment-333,EQ-00333,venting,,2239.51,,2024,12
Activité E&P,AST,GSS,OF,Equipment-334,EQ-00334,flaring,Natural Gas,2322.62,scf,2024,8
Activité RPC,PEC,CPEK,Pétrochimie,Equipment-335,EQ-00335,fugitive,,7433.68,,2022,1
Activité RPC,PEC,CPEK,Pétrochimie,Equipment-336,EQ-00336,fugitive,,4376.7,,2022,9
Activité E&P,AST,SH-FCP MLE,GF,Equipment-337,EQ-00337,combustion,,998.92,,2022,8
Activité E&P,DP,HBK,GF,Equipment-338,EQ-00338,fugitive,,7612.07,,2022,4
Activité E&P,AST,GTG,GF,Equipment-339,EQ-00339,combustion,Fuel Gas,5124.16,gal,2024,4
Activité E&P,DP,STAH,OF,Equipment-340,EQ-00340,flaring,Propane,2927.49,gal,2022,7
Activité E&P,AST,GTFT,GF,Equipment-341,EQ-00341,flaring,Fuel Gas,130.89,gal,2023,5
Activité LQS,LSH,GL3Z,GNL,Equipment-342,EQ-00342,flaring,Natural Gas,5017.01,scf,2025,11
Activité E&P,AST,GSS,OF,Equipment-343,EQ-00343,flaring,,6754.7,,2022,10
Activité LQS,LSH,GL1K,GNL,Equipment-344,EQ-00344,combustion,Diesel,323.36,gal,2024,7
Activité E&P,AST,GTIM,GF,Equipment-345,EQ-00345,drilling,,3896.16,,2024,4
Activité E&P,AST,ISG,GF,Equipment-346,EQ-00346,venting,,240.93,,2023,6
Activité E&P,DP,OHT,GF,Equipment-347,EQ-00347,venting,,6332.91,,2023,10
Activité E&P,AST,OURHOUD,OF,Equipment-348,EQ-00348,combustion,Natural Gas,2139.55,scf,2022,3
Activité E&P,AST,OURHOUD,OF,Equipment-349,EQ-00349,fugitive,,4781.5,,2025,2
Activité E&P,DP,RNS,GF,Equipment-350,EQ-00350,fugitive,,7704.92,,2022,12
Activité E&P,AST,GTFT,GF,Equipment-351,EQ-00351,combustion,Fuel Gas,2377.31,gal,2024,5
Activité E&P,AST,INA,GF,Equipment-352,EQ-00352,fugitive,,1907.83,,2025,3
Activité LQS,LSH,GL1K,GNL,Equipment-353,EQ-00353,fugitive,,2276.57,,2023,6
Activité E&P,DP,INAS,GF,Equipment-354,EQ-00354,combustion,Propane,6494.74,gal,2023,4
Activité E&P,AST,BMS,OF,Equipment-355,EQ-00355,combustion,Natural Gas,4643.72,scf,2022,8
Activité E&P,DP,INAS,GF,Equipment-356,EQ-00356,fugitive,,1953.13,,2024,4
Activité E&P,AST,GTFT,GF,Equipment-357,EQ-00357,drilling,,405.09,,2023,6
Activité LQS,LSH,GL1K,GNL,Equipment-358,EQ-00358,venting,,2769.9,,2022,6
Activité E&P,AST,REGGANE,GF,Equipment-359,EQ-00359,drilling,,8108.45,,2024,11
Activité E&P,DP,INAS,GF,Equipment-360,EQ-00360,flaring,,9897.02,,2022,7
Activité E&P,AST,GTIM,GF,Equipment-361,EQ-00361,venting,,4037.1,,2024,3
Activité E&P,AST,BRS,OF,Equipment-362,EQ-00362,venting,,8262.01,,2024,8
Activité E&P,DP,HBK,GF,Equipment-363,EQ-00363,combustion,Fuel Gas,5926.67,gal,2025,8
Activité E&P,DP,STAH,OF,Equipment-364,EQ-00364,fugitive,,1276.04,,2025,6
Activité E&P,DP,HBK,GF,Equipment-365,EQ-00365,combustion,Diesel,2716.14,gal,2022,4
Activité E&P,AST,GTG,GF,Equipment-366,EQ-00366,fugitive,,1194.78,,2023,4
Activité E&P,AST,ISG,GF,Equipment-367,EQ-00367,combustion,Natural Gas,6647.1,scf,2023,6
Activité E&P,DP,HBK,GF,Equipment-368,EQ-00368,drilling,,1382.77,,2025,10
Activité E&P,DP,HMD,OF,Equipment-369,EQ-00369,combustion,,9626.81,,2024,5
Activité E&P,AST,MLN,OF,Equipment-370,EQ-00370,venting,,4249.39,,2023,9
Activité E&P,AST,REGGANE,GF,Equipment-371,EQ-00371,flaring,,5812.07,,2023,9
Activité E&P,DP,HBK,GF,Equipment-372,EQ-00372,venting,,7140.72,,2023,12
Activité E&P,DP,OHT,GF,Equipment-373,EQ-00373,venting,,1277.87,,2025,5
Activité RPC,RAF,RA1Z,Raffinerie,Equipment-374,EQ-00374,venting,,592.69,,2025,8
Activité E&P,AST,BRS,OF,Equipment-375,EQ-00375,venting,,2707.64,,2022,7
Activité E&P,AST,OURHOUD,OF,Equipment-376,EQ-00376,combustion,Natural Gas,760.45,scf,2024,3
Activité E&P,DP,STAH,OF,Equipment-377,EQ-00377,combustion,Natural Gas,180.37,scf,2022,5
Activité LQS,LSH,GL1K,GNL,Equipment-378,EQ-00378,combustion,,5765.77,,2023,1
Activité E&P,AST,GTG,GF,Equipment-379,EQ-00379,flaring,Natural Gas,5428.24,scf,2025,5
Activité E&P,AST,REGGANE,GF,Equipment-380,EQ-00380,drilling,,9814.23,,2025,11
Activité E&P,DP,STAH,OF,Equipment-381,EQ-00381,venting,,3143.77,,2022,5
Activité E&P,AST,ISG,GF,Equipment-382,EQ-00382,combustion,,3690.21,,2025,7
Activité LQS,LSH,GL2Z,GNL,Equipment-383,EQ-00383,fugitive,,7394.62,,2025,3
Activité E&P,DP,INAS,GF,Equipment-384,EQ-00384,drilling,,4214.35,,2022,3
Activité E&P,DP,OHT,GF,Equipment-385,EQ-00385,combustion,Fuel Gas,5112.53,gal,2022,4
Activité LQS,LSH,GL3Z,GNL,Equipment-386,EQ-00386,combustion,Diesel,1731.05,gal,2023,12
Activité LQS,LSH,GL3Z,GNL,Equipment-387,EQ-00387,fugitive,,5354.13,,2024,1
Activité E&P,DP,STAH,OF,Equipment-388,EQ-00388,venting,,8431.52,,2022,12
Activité LQS,LSH,GP2Z,GPL,Equipment-389,EQ-00389,fugitive,,2640.07,,2025,10
Activité RPC,PEC,CP1Z,Pétrochimie,Equipment-390,EQ-00390,fugitive,,9620.24,,2024,4
Activité E&P,AST,OURHOUD,OF,Equipment-391,EQ-00391,combustion,,5526.81,,2023,6
Activité E&P,DP,STAH,OF,Equipment-392,EQ-00392,combustion,,5507.0,,2024,12
Activité E&P,DP,HMD,OF,Equipment-393,EQ-00393,flaring,Natural Gas,15.66,scf,2022,11
Activité E&P,DP,HRM,GF,Equipment-394,EQ-00394,combustion,Natural Gas,5668.98,scf,2022,3
Activité E&P,DP,HRM,GF,Equipment-395,EQ-00395,fugitive,,3895.19,,2025,2
Activité RPC,RAF,RA1K,Raffinerie,Equipment-396,EQ-00396,flaring,Fuel Gas,1375.65,gal,2024,4
Activité LQS,LSH,GP1Z,GPL,Equipment-397,EQ-00397,venting,,9056.28,,2022,10
Activité RPC,RAF,RA1A,Raffinerie,Equipment-398,EQ-00398,fugitive,,683.01,,2022,12
Activité E&P,AST,ISG,GF,Equipment-399,EQ-00399,flaring,,7733.39,,2022,12
Activité E&P,AST,GTFT,GF,Equipment-400,EQ-00400,flaring,Propane,6231.75,gal,2025,12
Activité E&P,DP,HMD,OF,Equipment-401,EQ-00401,flaring,Propane,1984.22,gal,2022,12
Activité E&P,AST,GTG,GF,Equipment-402,EQ-00402,combustion,,4811.77,,2024,5
Activité LQS,LSH,GL3Z,GNL,Equipment-403,EQ-00403,combustion,Propane,7334.21,gal,2022,9
Activité RPC,PEC,CPEK,Pétrochimie,Equipment-404,EQ-00404,venting,,1608.42,,2025,4
Activité E&P,AST,INA,GF,Equipment-405,EQ-00405,venting,,147.27,,2022,12
Activité RPC,PEC,CP1Z,Pétrochimie,Equipment-406,EQ-00406,flaring,Fuel Gas,6186.64,gal,2022,2
Activité E&P,AST,GSS,OF,Equipment-407,EQ-00407,combustion,Propane,9274.09,gal,2025,5
Activité LQS,LSH,GL3Z,GNL,Equipment-408,EQ-00408,drilling,,4766.43,,2022,11
Activité E&P,AST,GB,OF,Equipment-409,EQ-00409,fugitive,,1099.91,,2022,3
Activité E&P,DP,HMD,OF,Equipment-410,EQ-00410,venting,,5942.44,,2023,11
Activité E&P,AST,ISG,GF,Equipment-411,EQ-00411,flaring,Natural Gas,7680.86,scf,2025,1
Activité E&P,AST,GB,OF,Equipment-412,EQ-00412,venting,,5154.82,,2022,10
Activité E&P,AST,BRS,OF,Equipment-413,EQ-00413,fugitive,,168.28,,2022,1
Activité RPC,RAF,RA1Z,Raffinerie,Equipment-414,EQ-00414,flaring,Natural Gas,5444.12,scf,2022,2
Activité E&P,DP,HMD,OF,Equipment-415,EQ-00415,drilling,,4990.59,,2024,5
Activité E&P,DP,OHT,GF,Equipment-416,EQ-00416,fugitive,,3263.76,,2023,4
Activité E&P,AST,HBR,OF,Equipment-417,EQ-00417,venting,,6108.22,,2022,5
Activité RPC,RAF,RA1G,Raffinerie,Equipment-418,EQ-00418,combustion,Diesel,8975.77,gal,2025,10
Activité E&P,AST,GTFT,GF,Equipment-419,EQ-00419,combustion,Diesel,3393.96,gal,2023,8
Activité E&P,DP,HRM,GF,Equipment-420,EQ-00420,combustion,Fuel Gas,3136.81,gal,2023,9
Activité E&P,AST,ISG,GF,Equipment-421,EQ-00421,flaring,Diesel,1447.14,gal,2025,5
Activité LQS,LSH,GL3Z,GNL,Equipment-422,EQ-00422,combustion,Fuel Gas,9868.52,gal,2023,7
Activité E&P,DP,RNS,GF,Equipment-423,EQ-00423,combustion,Diesel,3959.79,gal,2024,11
Activité E&P,AST,GSS,OF,Equipment-424,EQ-00424,drilling,,5714.46,,2025,12
Activité E&P,DP,GTL,GF,Equipment-425,EQ-00425,combustion,Natural Gas,7905.71,scf,2022,2
Activité E&P,DP,OHT,GF,Equipment-426,EQ-00426,flaring,Natural Gas,8224.24,scf,2024,1
Activité E&P,DP,GTL,GF,Equipment-427,EQ-00427,fugitive,,5358.38,,2023,12
Activité E&P,AST,RKF,OF,Equipment-428,EQ-00428,drilling,,3093.7,,2022,10
Activité E&P,AST,GTG,GF,Equipment-429,EQ-00429,venting,,6040.34,,2025,9
Activité LQS,LSH,GL2Z,GNL,Equipment-430,EQ-00430,combustion,,2717.0,,2025,5
Activité E&P,AST,REGGANE,GF,Equipment-431,EQ-00431,fugitive,,135.64,,2022,10
Activité E&P,AST,SH-FCP MLE,GF,Equipment-432,EQ-00432,venting,,5110.45,,2024,12
Activité RPC,RAF,RA1G,Raffinerie,Equipment-433,EQ-00433,venting,,2360.85,,2024,12
Activité E&P,AST,HBR,OF,Equipment-434,EQ-00434,drilling,,9508.23,,2024,1
Activité RPC,RAF,RA1A,Raffinerie,Equipment-435,EQ-00435,venting,,7577.01,,2025,9
Activité E&P,AST,RKF,OF,Equipment-436,EQ-00436,fugitive,,4531.36,,2022,4
Activité E&P,DP,INAS,GF,Equipment-437,EQ-00437,combustion,,4045.08,,2022,7
Activité LQS,LSH,GL1K,GNL,Equipment-438,EQ-00438,drilling,,9154.92,,2022,12
Activité E&P,DP,RNS,GF,Equipment-439,EQ-00439,fugitive,,6379.7,,2025,2
Activité LQS,LSH,GP2Z,GPL,Equipment-440,EQ-00440,venting,,3150.49,,2023,6
Activité E&P,AST,G SH-ENI,OF,Equipment-441,EQ-00441,venting,,2797.92,,2023,8
Activité E&P,AST,MLN,OF,Equipment-442,EQ-00442,fugitive,,1670.28,,2025,11
Activité E&P,AST,ISG,GF,Equipment-443,EQ-00443,venting,,8218.12,,2022,6
Activité E&P,AST,GTFT,GF,Equipment-444,EQ-00444,drilling,,7138.74,,2022,5
Activité E&P,DP,TFT,GF,Equipment-445,EQ-00445,venting,,1679.03,,2023,1
Activité E&P,AST,BRS,OF,Equipment-446,EQ-00446,fugitive,,7410.69,,2024,11
Activité LQS,LSH,GL2Z,GNL,Equipment-447,EQ-00447,drilling,,8135.82,,2022,2
Activité E&P,AST,GTG,GF,Equipment-448,EQ-00448,combustion,Propane,7086.63,gal,2024,2
Activité E&P,AST,MLN,OF,Equipment-449,EQ-00449,combustion,Natural Gas,8066.64,scf,2025,3
Activité E&P,AST,GTIM,GF,Equipment-450,EQ-00450,flaring,Propane,3214.24,gal,2024,9
Activité E&P,AST,GTIM,GF,Equipment-451,EQ-00451,flaring,Propane,4267.8,gal,2024,12
Activité RPC,RAF,RA1A,Raffinerie,Equipment-452,EQ-00452,drilling,,4022.7,,2022,11
Activité E&P,AST,SH-FCP MLE,GF,Equipment-453,EQ-00453,drilling,,4363.26,,2024,11
Activité RPC,PEC,CPEK,Pétrochimie,Equipment-454,EQ-00454,fugitive,,8814.29,,2022,11
Activité E&P,DP,ADR,OF,Equipment-455,EQ-00455,flaring,Natural Gas,6246.77,scf,2022,3
Activité E&P,AST,HBR,OF,Equipment-456,EQ-00456,drilling,,1201.81,,2022,11
Activité E&P,DP,STAH,OF,Equipment-457,EQ-00457,combustion,Propane,8863.57,gal,2022,3
Activité E&P,DP,STAH,OF,Equipment-458,EQ-00458,drilling,,1837.62,,2025,8
Activité E&P,AST,GB,OF,Equipment-459,EQ-00459,fugitive,,2365.07,,2022,11
Activité RPC,RAF,RA1A,Raffinerie,Equipment-460,EQ-00460,flaring,Fuel Gas,6871.52,gal,2024,8
Activité E&P,AST,OURHOUD,OF,Equipment-461,EQ-00461,combustion,Natural Gas,3102.84,scf,2025,9
Activité RPC,PEC,CP1Z,Pétrochimie,Equipment-462,EQ-00462,drilling,,647.46,,2025,2
Activité LQS,LSH,GL2Z,GNL,Equipment-463,EQ-00463,combustion,Fuel Gas,3098.42,gal,2024,4
Activité E&P,DP,ADR,OF,Equipment-464,EQ-00464,flaring,,7572.65,,2022,1
Activité RPC,RAF,RA1Z,Raffinerie,Equipment-465,EQ-00465,drilling,,6218.86,,2025,1
Activité E&P,AST,GB,OF,Equipment-466,EQ-00466,flaring,Diesel,5502.9,gal,2025,10
Activité E&P,AST,BRS,OF,Equipment-467,EQ-00467,venting,,8370.79,,2025,4
Activité E&P,AST,RKF,OF,Equipment-468,EQ-00468,fugitive,,7647.7,,2022,7
Activité LQS,LSH,GL1K,GNL,Equipment-469,EQ-00469,drilling,,9663.77,,2024,9
Activité E&P,AST,MLN,OF,Equipment-470,EQ-00470,combustion,Fuel Gas,6935.62,gal,2023,2
Activité E&P,DP,HMD,OF,Equipment-471,EQ-00471,venting,,911.11,,2022,3
Activité E&P,DP,TFT,GF,Equipment-472,EQ-00472,venting,,5317.5,,2022,5
Activité E&P,DP,ADR,OF,Equipment-473,EQ-00473,venting,,3328.35,,2023,8
Activité RPC,PEC,CPEK,Pétrochimie,Equipment-474,EQ-00474,venting,,1572.35,,2023,7
Activité E&P,DP,HMD,OF,Equipment-475,EQ-00475,combustion,,3377.21,,2024,9
Activité E&P,AST,GTG,GF,Equipment-476,EQ-00476,fugitive,,1037.88,,2022,9
Activité RPC,RAF,RA1A,Raffinerie,Equipment-477,EQ-00477,fugitive,,6478.06,,2025,5
Activité E&P,AST,SH-FCP MLE,GF,Equipment-478,EQ-00478,drilling,,4039.0,,2022,10
Activité E&P,AST,OURHOUD,OF,Equipment-479,EQ-00479,fugitive,,7372.9,,2024,1
Activité E&P,AST,REGGANE,GF,Equipment-480,EQ-00480,venting,,9935.44,,2024,12
Activité E&P,DP,STAH,OF,Equipment-481,EQ-00481,venting,,2937.82,,2022,3
Activité E&P,AST,BMS,OF,Equipment-482,EQ-00482,combustion,Fuel Gas,9603.34,gal,2024,4
Activité E&P,AST,G SH-ENI,OF,Equipment-483,EQ-00483,combustion,Diesel,5880.8,gal,2024,12
Activité LQS,LSH,GL1Z,GNL,Equipment-484,EQ-00484,combustion,,7139.19,,2025,6
Activité RPC,RAF,RA1G,Raffinerie,Equipment-485,EQ-00485,flaring,Propane,5051.62,gal,2023,7
Activité E&P,DP,INAS,GF,Equipment-486,EQ-00486,venting,,2686.43,,2023,1
Activité E&P,DP,HRM,GF,Equipment-487,EQ-00487,venting,,5257.56,,2024,11
Activité RPC,RAF,RA1Z,Raffinerie,Equipment-488,EQ-00488,drilling,,7240.45,,2024,5
Activité RPC,PEC,CPEK,Pétrochimie,Equipment-489,EQ-00489,fugitive,,4053.65,,2023,12
Activité E&P,AST,GTIM,GF,Equipment-490,EQ-00490,flaring,,9138.27,,2022,7
Activité LQS,LSH,GL3Z,GNL,Equipment-491,EQ-00491,fugitive,,4085.31,,2022,5
Activité E&P,DP,TFT,GF,Equipment-492,EQ-00492,flaring,Diesel,809.21,gal,2022,10
Activité LQS,LSH,GL2Z,GNL,Equipment-493,EQ-00493,drilling,,5045.86,,2022,9
Activité LQS,LSH,GL1Z,GNL,Equipment-494,EQ-00494,combustion,Diesel,8543.82,gal,2023,6
Activité E&P,AST,OURHOUD,OF,Equipment-495,EQ-00495,drilling,,2315.74,,2024,7
Activité E&P,DP,HMD,OF,Equipment-496,EQ-00496,drilling,,9427.38,,2023,2
Activité E&P,DP,REB,OF,Equipment-497,EQ-00497,combustion,Propane,2679.59,gal,2023,3
Activité E&P,AST,GTIM,GF,Equipment-498,EQ-00498,drilling,,9391.05,,2023,10
Activité E&P,AST,HBR,OF,Equipment-499,EQ-00499,drilling,,9195.57,,2022,6
Activité E&P,AST,REGGANE,GF,Equipment-500,EQ-00500,fugitive,,198.96,,2025,1
Activité RPC,PEC,CPEK,Pétrochimie,Equipment-501,EQ-00501,combustion,,5797.12,,2022,2
Activité RPC,RAF,RA1Z,Raffinerie,Equipment-502,EQ-00502,combustion,Fuel Gas,8952.11,gal,2023,1
Activité E&P,DP,REB,OF,Equipment-503,EQ-00503,drilling,,151.6,,2022,1
Activité LQS,LSH,GL1K,GNL,Equipment-504,EQ-00504,drilling,,5811.3,,2025,8
Activité E&P,DP,REB,OF,Equipment-505,EQ-00505,drilling,,8544.88,,2023,7
Activité LQS,LSH,GP2Z,GPL,Equipment-506,EQ-00506,flaring,Fuel Gas,6992.34,gal,2024,6
Activité LQS,LSH,GL2Z,GNL,Equipment-507,EQ-00507,venting,,943.91,,2023,5
Activité E&P,AST,HBR,OF,Equipment-508,EQ-00508,flaring,,5868.01,,2024,9
Activité RPC,RAF,RA1K,Raffinerie,Equipment-509,EQ-00509,venting,,5273.17,,2024,5
Activité RPC,RAF,RA1K,Raffinerie,Equipment-510,EQ-00510,drilling,,5794.15,,2024,1
Activité LQS,LSH,GL1Z,GNL,Equipment-511,EQ-00511,venting,,7951.75,,2022,11
Activité E&P,DP,OHT,GF,Equipment-512,EQ-00512,fugitive,,1971.53,,2023,6
Activité E&P,AST,GSS,OF,Equipment-513,EQ-00513,combustion,,3404.15,,2024,2
Activité E&P,DP,STAH,OF,Equipment-514,EQ-00514,fugitive,,6695.75,,2024,1
Activité E&P,AST,G SH-ENI,OF,Equipment-515,EQ-00515,drilling,,1815.04,,2023,11
Activité E&P,DP,HMD,OF,Equipment-516,EQ-00516,combustion,Natural Gas,2071.15,scf,2023,2
Activité LQS,LSH,GP1Z,GPL,Equipment-517,EQ-00517,flaring,Propane,1270.44,gal,2024,1
Activité E&P,DP,RNS,GF,Equipment-518,EQ-00518,drilling,,1021.65,,2023,1
Activité E&P,DP,HRM,GF,Equipment-519,EQ-00519,drilling,,9327.01,,2024,7
Activité E&P,AST,RKF,OF,Equipment-520,EQ-00520,fugitive,,8470.44,,2023,12
Activité E&P,AST,SH-FCP MLE,GF,Equipment-521,EQ-00521,drilling,,2946.19,,2023,2
Activité RPC,PEC,CPEK,Pétrochimie,Equipment-522,EQ-00522,drilling,,4319.61,,2023,6
Activité E&P,AST,ISG,GF,Equipment-523,EQ-00523,fugitive,,1383.99,,2024,7
Activité E&P,DP,INAS,GF,Equipment-524,EQ-00524,venting,,3832.17,,2025,3
Activité LQS,LSH,GL1Z,GNL,Equipment-525,EQ-00525,combustion,Diesel,4078.58,gal,2023,3
Activité E&P,AST,BMS,OF,Equipment-526,EQ-00526,combustion,Propane,8301.12,gal,2025,7
Activité E&P,DP,RNS,GF,Equipment-527,EQ-00527,venting,,3569.62,,2023,5
Activité E&P,AST,RKF,OF,Equipment-528,EQ-00528,flaring,Propane,1442.63,gal,2024,10
Activité RPC,RAF,RA1K,Raffinerie,Equipment-529,EQ-00529,flaring,Natural Gas,5377.82,scf,2022,10
Activité E&P,AST,REGGANE,GF,Equipment-530,EQ-00530,venting,,8819.79,,2024,12
Activité E&P,AST,GTG,GF,Equipment-531,EQ-00531,flaring,Fuel Gas,5565.11,gal,2025,7
Activité E&P,AST,SH-FCP MLE,GF,Equipment-532,EQ-00532,drilling,,1946.01,,2022,10
Activité LQS,LSH,GL1K,GNL,Equipment-533,EQ-00533,flaring,Fuel Gas,4419.67,gal,2025,2
Activité RPC,RAF,RA1G,Raffinerie,Equipment-534,EQ-00534,combustion,Natural Gas,664.93,scf,2022,5
Activité E&P,AST,MLN,OF,Equipment-535,EQ-00535,drilling,,9986.07,,2024,12
Activité E&P,AST,GTFT,GF,Equipment-536,EQ-00536,flaring,Fuel Gas,6135.63,gal,2025,9
Activité E&P,DP,ADR,OF,Equipment-537,EQ-00537,venting,,8568.43,,2022,8
Activité E&P,AST,BRS,OF,Equipment-538,EQ-00538,venting,,2446.35,,2023,12
Activité E&P,AST,MLN,OF,Equipment-539,EQ-00539,fugitive,,7444.45,,2025,12
Activité E&P,AST,RKF,OF,Equipment-540,EQ-00540,drilling,,1964.76,,2024,8
Activité E&P,DP,OHT,GF,Equipment-541,EQ-00541,combustion,Propane,744.86,gal,2025,3
Activité E&P,AST,GTFT,GF,Equipment-542,EQ-00542,venting,,7092.79,,2023,2
Activité E&P,DP,HMD,OF,Equipment-543,EQ-00543,combustion,Propane,8673.79,gal,2023,11
Activité E&P,AST,GSS,OF,Equipment-544,EQ-00544,flaring,,4313.14,,2024,8
Activité RPC,RAF,RA1A,Raffinerie,Equipment-545,EQ-00545,combustion,Propane,9626.69,gal,2023,8
Activité E&P,DP,RNS,GF,Equipment-546,EQ-00546,venting,,9121.14,,2022,2
Activité E&P,AST,G SH-ENI,OF,Equipment-547,EQ-00547,combustion,Natural Gas,2396.47,scf,2025,9
Activité E&P,DP,GTL,GF,Equipment-548,EQ-00548,fugitive,,1046.9,,2025,1
Activité E&P,AST,GTG,GF,Equipment-549,EQ-00549,flaring,,9944.3,,2023,8
Activité RPC,PEC,CP1Z,Pétrochimie,Equipment-550,EQ-00550,combustion,Natural Gas,6795.46,scf,2022,8
Activité LQS,LSH,GP1Z,GPL,Equipment-551,EQ-00551,fugitive,,8818.28,,2022,11
Activité E&P,DP,INAS,GF,Equipment-552,EQ-00552,drilling,,4713.13,,2024,4
Activité RPC,RAF,RA1A,Raffinerie,Equipment-553,EQ-00553,fugitive,,1548.89,,2023,4
Activité E&P,AST,ISG,GF,Equipment-554,EQ-00554,combustion,Natural Gas,1022.36,scf,2025,9
Activité LQS,LSH,GP2Z,GPL,Equipment-555,EQ-00555,flaring,,3887.68,,2023,7
Activité E&P,AST,GTIM,GF,Equipment-556,EQ-00556,flaring,,1711.8,,2023,4
Activité E&P,DP,HMD,OF,Equipment-557,EQ-00557,flaring,Fuel Gas,7602.14,gal,2022,5
Activité E&P,AST,G SH-ENI,OF,Equipment-558,EQ-00558,drilling,,7713.94,,2024,9
Activité E&P,AST,ISG,GF,Equipment-559,EQ-00559,combustion,Diesel,6272.66,gal,2024,6
Activité RPC,PEC,CPEK,Pétrochimie,Equipment-560,EQ-00560,fugitive,,1928.03,,2023,10
Activité RPC,RAF,RA1Z,Raffinerie,Equipment-561,EQ-00561,venting,,8580.11,,2025,3
Activité E&P,AST,GB,OF,Equipment-562,EQ-00562,combustion,Fuel Gas,1023.9,gal,2022,5
Activité E&P,DP,ADR,OF,Equipment-563,EQ-00563,fugitive,,302.54,,2024,10
Activité E&P,AST,GTG,GF,Equipment-564,EQ-00564,drilling,,5343.15,,2023,2
Activité E&P,AST,GB,OF,Equipment-565,EQ-00565,combustion,Fuel Gas,2500.94,gal,2024,3
Activité E&P,AST,BRS,OF,Equipment-566,EQ-00566,flaring,,696.76,,2023,5
Activité E&P,DP,RNS,GF,Equipment-567,EQ-00567,combustion,Diesel,9077.58,gal,2022,9
Activité LQS,LSH,GL2Z,GNL,Equipment-568,EQ-00568,drilling,,6545.69,,2024,3
Activité E&P,AST,HBR,OF,Equipment-569,EQ-00569,venting,,6210.4,,2024,5
Activité RPC,RAF,RA1A,Raffinerie,Equipment-570,EQ-00570,flaring,Fuel Gas,2045.5,gal,2025,1
Activité E&P,AST,GB,OF,Equipment-571,EQ-00571,flaring,Natural Gas,1442.39,scf,2023,8
Activité RPC,RAF,RA1A,Raffinerie,Equipment-572,EQ-00572,combustion,Fuel Gas,6220.18,gal,2024,7
Activité E&P,AST,HBR,OF,Equipment-573,EQ-00573,venting,,9730.36,,2025,2
Activité E&P,AST,HBR,OF,Equipment-574,EQ-00574,flaring,Propane,6835.76,gal,2023,2
Activité E&P,AST,G SH-ENI,OF,Equipment-575,EQ-00575,venting,,1715.74,,2023,10
Activité E&P,AST,BRS,OF,Equipment-576,EQ-00576,flaring,,3867.99,,2022,12
Activité E&P,AST,MLN,OF,Equipment-577,EQ-00577,venting,,7379.87,,2023,5
Activité LQS,LSH,GL2Z,GNL,Equipment-578,EQ-00578,flaring,Natural Gas,7332.03,scf,2025,10
Activité RPC,PEC,CP1Z,Pétrochimie,Equipment-579,EQ-00579,combustion,Diesel,6262.07,gal,2022,7
Activité E&P,AST,G SH-ENI,OF,Equipment-580,EQ-00580,venting,,1116.13,,2025,11
Activité E&P,AST,HBR,OF,Equipment-581,EQ-00581,flaring,Propane,1052.46,gal,2023,12
Activité LQS,LSH,GL1K,GNL,Equipment-582,EQ-00582,combustion,Propane,7000.08,gal,2023,7
Activité LQS,LSH,GL1Z,GNL,Equipment-583,EQ-00583,fugitive,,3355.84,,2025,12
Activité E&P,DP,GTL,GF,Equipment-584,EQ-00584,drilling,,4968.47,,2024,10
Activité E&P,DP,TFT,GF,Equipment-585,EQ-00585,fugitive,,256.09,,2024,5
Activité E&P,AST,GTFT,GF,Equipment-586,EQ-00586,drilling,,6946.31,,2023,10
Activité E&P,DP,STAH,OF,Equipment-587,EQ-00587,fugitive,,3367.38,,2025,7
Activité E&P,AST,BRS,OF,Equipment-588,EQ-00588,drilling,,2336.37,,2022,1
Activité E&P,DP,OHT,GF,Equipment-589,EQ-00589,combustion,Propane,6759.69,gal,2022,10
Activité RPC,RAF,RA1A,Raffinerie,Equipment-590,EQ-00590,flaring,,877.64,,2025,6
Activité LQS,LSH,GL1Z,GNL,Equipment-591,EQ-00591,flaring,Fuel Gas,9228.19,gal,2025,3
Activité E&P,AST,SH-FCP MLE,GF,Equipment-592,EQ-00592,venting,,8339.95,,2022,9
Activité E&P,AST,GSS,OF,Equipment-593,EQ-00593,drilling,,5361.76,,2022,1
Activité E&P,DP,OHT,GF,Equipment-594,EQ-00594,flaring,Natural Gas,7199.61,scf,2023,4
Activité E&P,DP,REB,OF,Equipment-595,EQ-00595,drilling,,2447.55,,2023,2
Activité E&P,AST,OURHOUD,OF,Equipment-596,EQ-00596,fugitive,,1530.4,,2025,10
Activité LQS,LSH,GP1Z,GPL,Equipment-597,EQ-00597,venting,,6373.12,,2024,2
Activité E&P,AST,MLN,OF,Equipment-598,EQ-00598,venting,,9233.22,,2023,7
Activité E&P,DP,REB,OF,Equipment-599,EQ-00599,drilling,,3463.32,,2023,5
Activité LQS,LSH,GL1K,GNL,Equipment-600,EQ-00600,combustion,,4289.09,,2025,8
Activité E&P,DP,HMD,OF,Equipment-601,EQ-00601,fugitive,,6861.79,,2022,1
Activité E&P,AST,BMS,OF,Equipment-602,EQ-00602,venting,,5492.63,,2024,6
Activité LQS,LSH,GL1K,GNL,Equipment-603,EQ-00603,fugitive,,9608.99,,2023,2
Activité E&P,DP,OHT,GF,Equipment-604,EQ-00604,fugitive,,2842.94,,2022,4
Activité RPC,RAF,RA1A,Raffinerie,Equipment-605,EQ-00605,combustion,Natural Gas,8829.62,scf,2024,4
Activité LQS,LSH,GL2Z,GNL,Equipment-606,EQ-00606,combustion,,9092.84,,2025,12
Activité E&P,AST,INA,GF,Equipment-607,EQ-00607,fugitive,,3140.18,,2024,6
Activité E&P,AST,HBR,OF,Equipment-608,EQ-00608,venting,,6892.0,,2022,6
Activité E&P,DP,HMD,OF,Equipment-609,EQ-00609,venting,,4062.93,,2023,12
Activité E&P,AST,GTG,GF,Equipment-610,EQ-00610,fugitive,,4692.67,,2022,12
Activité E&P,AST,MLN,OF,Equipment-611,EQ-00611,fugitive,,7188.36,,2024,9
Activité E&P,DP,TFT,GF,Equipment-612,EQ-00612,combustion,Propane,3786.0,gal,2023,6
Activité LQS,LSH,GP2Z,GPL,Equipment-613,EQ-00613,fugitive,,7438.55,,2025,10
Activité LQS,LSH,GL3Z,GNL,Equipment-614,EQ-00614,venting,,1184.07,,2025,2
Activité RPC,PEC,CPEK,Pétrochimie,Equipment-615,EQ-00615,flaring,Natural Gas,487.05,scf,2024,12
Activité E&P,DP,HMD,OF,Equipment-616,EQ-00616,flaring,Natural Gas,1432.55,scf,2024,10
Activité E&P,DP,RNS,GF,Equipment-617,EQ-00617,combustion,Propane,9198.9,gal,2023,12
Activité E&P,AST,HBR,OF,Equipment-618,EQ-00618,venting,,3236.32,,2022,10
Activité LQS,LSH,GL2Z,GNL,Equipment-619,EQ-00619,drilling,,7955.67,,2024,8
Activité E&P,AST,INA,GF,Equipment-620,EQ-00620,flaring,Fuel Gas,7621.75,gal,2024,4
Activité RPC,PEC,CP1Z,Pétrochimie,Equipment-621,EQ-00621,flaring,Propane,4480.88,gal,2025,11
Activité RPC,RAF,RA1G,Raffinerie,Equipment-622,EQ-00622,drilling,,9974.1,,2025,9
Activité E&P,DP,INAS,GF,Equipment-623,EQ-00623,drilling,,9305.06,,2023,6
Activité RPC,PEC,CPEK,Pétrochimie,Equipment-624,EQ-00624,drilling,,7760.63,,2023,3
Activité LQS,LSH,GL1K,GNL,Equipment-625,EQ-00625,venting,,3747.52,,2023,7
Activité E&P,AST,RKF,OF,Equipment-626,EQ-00626,venting,,3300.11,,2023,11
Activité E&P,AST,GTFT,GF,Equipment-627,EQ-00627,fugitive,,503.59,,2025,4
Activité E&P,DP,REB,OF,Equipment-628,EQ-00628,venting,,6949.0,,2023,4
Activité E&P,DP,GTL,GF,Equipment-629,EQ-00629,drilling,,167.62,,2023,1
Activité E&P,AST,MLN,OF,Equipment-630,EQ-00630,drilling,,452.34,,2022,9
Activité E&P,AST,GTIM,GF,Equipment-631,EQ-00631,fugitive,,721.08,,2023,3
Activité E&P,AST,GTFT,GF,Equipment-632,EQ-00632,fugitive,,2922.95,,2025,8
Activité E&P,DP,ADR,OF,Equipment-633,EQ-00633,flaring,Diesel,5701.57,gal,2025,5
Activité RPC,RAF,RA1A,Raffinerie,Equipment-634,EQ-00634,drilling,,9463.3,,2023,3
Activité RPC,PEC,CP1Z,Pétrochimie,Equipment-635,EQ-00635,flaring,Diesel,2875.29,gal,2024,2
Activité E&P,AST,REGGANE,GF,Equipment-636,EQ-00636,fugitive,,3748.21,,2025,12
Activité E&P,AST,BMS,OF,Equipment-637,EQ-00637,venting,,5550.89,,2023,10
Activité E&P,AST,GTFT,GF,Equipment-638,EQ-00638,flaring,Propane,7218.31,gal,2024,5
Activité E&P,AST,MLN,OF,Equipment-639,EQ-00639,combustion,Fuel Gas,2014.2,gal,2024,6
Activité E&P,AST,GTG,GF,Equipment-640,EQ-00640,fugitive,,4835.96,,2024,10
Activité E&P,AST,HBR,OF,Equipment-641,EQ-00641,venting,,2115.79,,2022,1
Activité E&P,DP,ADR,OF,Equipment-642,EQ-00642,fugitive,,2220.53,,2025,12
Activité LQS,LSH,GL1Z,GNL,Equipment-643,EQ-00643,fugitive,,3908.48,,2023,6
Activité RPC,RAF,RA1K,Raffinerie,Equipment-644,EQ-00644,venting,,5831.85,,2023,11
Activité E&P,AST,RKF,OF,Equipment-645,EQ-00645,fugitive,,6853.32,,2024,4
Activité E&P,AST,GB,OF,Equipment-646,EQ-00646,flaring,,9194.67,,2023,9
Activité LQS,LSH,GL3Z,GNL,Equipment-647,EQ-00647,drilling,,6024.48,,2022,4
Activité LQS,LSH,GL2Z,GNL,Equipment-648,EQ-00648,flaring,Diesel,6538.74,gal,2025,4
Activité LQS,LSH,GL1K,GNL,Equipment-649,EQ-00649,drilling,,1561.24,,2024,12
Activité E&P,DP,GTL,GF,Equipment-650,EQ-00650,venting,,2776.87,,2025,4
Activité E&P,DP,INAS,GF,Equipment-651,EQ-00651,drilling,,172.58,,2024,3
Activité RPC,RAF,RA1A,Raffinerie,Equipment-652,EQ-00652,flaring,Fuel Gas,7336.35,gal,2023,4
Activité E&P,AST,BMS,OF,Equipment-653,EQ-00653,drilling,,845.61,,2023,7
Activité E&P,DP,ADR,OF,Equipment-654,EQ-00654,combustion,Diesel,9415.48,gal,2024,3
Activité E&P,AST,GTG,GF,Equipment-655,EQ-00655,fugitive,,4162.0,,2023,12
Activité RPC,RAF,RA1A,Raffinerie,Equipment-656,EQ-00656,fugitive,,8284.71,,2023,5
Activité RPC,RAF,RA1G,Raffinerie,Equipment-657,EQ-00657,combustion,Diesel,8567.01,gal,2024,11
Activité E&P,DP,RNS,GF,Equipment-658,EQ-00658,combustion,Natural Gas,9999.49,scf,2022,4
Activité E&P,DP,TFT,GF,Equipment-659,EQ-00659,venting,,3515.55,,2023,8
Activité E&P,DP,REB,OF,Equipment-660,EQ-00660,flaring,Natural Gas,7050.41,scf,2022,5
Activité E&P,DP,HRM,GF,Equipment-661,EQ-00661,combustion,,7360.41,,2025,4
Activité RPC,RAF,RA1G,Raffinerie,Equipment-662,EQ-00662,fugitive,,2446.16,,2024,8
Activité LQS,LSH,GL1K,GNL,Equipment-663,EQ-00663,venting,,7932.02,,2022,1
Activité RPC,PEC,CP1Z,Pétrochimie,Equipment-664,EQ-00664,venting,,8351.48,,2025,5
Activité E&P,AST,INA,GF,Equipment-665,EQ-00665,venting,,6268.72,,2023,9
Activité E&P,AST,INA,GF,Equipment-666,EQ-00666,combustion,Propane,291.25,gal,2024,4
Activité E&P,AST,GTFT,GF,Equipment-667,EQ-00667,venting,,6724.66,,2024,9
Activité LQS,LSH,GL2Z,GNL,Equipment-668,EQ-00668,combustion,Propane,1877.11,gal,2022,8
Activité RPC,RAF,RA1G,Raffinerie,Equipment-669,EQ-00669,drilling,,2237.03,,2025,8
Activité RPC,PEC,CPEK,Pétrochimie,Equipment-670,EQ-00670,fugitive,,1502.32,,2022,3
Activité LQS,LSH,GL3Z,GNL,Equipment-671,EQ-00671,drilling,,71.25,,2024,9
Activité E&P,DP,TFT,GF,Equipment-672,EQ-00672,drilling,,2423.77,,2023,9
Activité E&P,AST,G SH-ENI,OF,Equipment-673,EQ-00673,venting,,6285.52,,2023,10
Activité E&P,AST,MLN,OF,Equipment-674,EQ-00674,combustion,Propane,3607.69,gal,2025,10
Activité E&P,AST,MLN,OF,Equipment-675,EQ-00675,fugitive,,6020.7,,2022,6
Activité E&P,AST,GB,OF,Equipment-676,EQ-00676,flaring,Propane,8749.62,gal,2023,3
Activité E&P,DP,HBK,GF,Equipment-677,EQ-00677,drilling,,7775.79,,2022,7
Activité E&P,AST,GTFT,GF,Equipment-678,EQ-00678,venting,,546.47,,2023,7
Activité E&P,AST,GTG,GF,Equipment-679,EQ-00679,drilling,,9292.01,,2025,9
Activité LQS,LSH,GL3Z,GNL,Equipment-680,EQ-00680,venting,,7777.61,,2025,7
Activité E&P,DP,HBK,GF,Equipment-681,EQ-00681,drilling,,2918.86,,2025,3
Activité E&P,DP,OHT,GF,Equipment-682,EQ-00682,fugitive,,1880.84,,2022,8
Activité RPC,RAF,RA1K,Raffinerie,Equipment-683,EQ-00683,venting,,900.15,,2023,6
Activité E&P,DP,HRM,GF,Equipment-684,EQ-00684,drilling,,1122.23,,2024,5
Activité LQS,LSH,GL1Z,GNL,Equipment-685,EQ-00685,combustion,Propane,7773.73,gal,2023,7
Activité LQS,LSH,GL1Z,GNL,Equipment-686,EQ-00686,drilling,,4618.51,,2025,4
Activité E&P,AST,MLN,OF,Equipment-687,EQ-00687,flaring,Fuel Gas,6180.49,gal,2025,9
Activité RPC,RAF,RA1Z,Raffinerie,Equipment-688,EQ-00688,venting,,791.33,,2023,4
Activité E&P,AST,GSS,OF,Equipment-689,EQ-00689,venting,,2636.56,,2025,2
Activité E&P,DP,OHT,GF,Equipment-690,EQ-00690,fugitive,,2771.19,,2023,7
Activité LQS,LSH,GP2Z,GPL,Equipment-691,EQ-00691,venting,,2837.46,,2022,7
Activité E&P,DP,HRM,GF,Equipment-692,EQ-00692,fugitive,,2274.94,,2025,11
Activité LQS,LSH,GL2Z,GNL,Equipment-693,EQ-00693,combustion,Propane,3862.01,gal,2022,8
Activité E&P,AST,GTG,GF,Equipment-694,EQ-00694,venting,,7386.18,,2024,2
Activité E&P,AST,HBR,OF,Equipment-695,EQ-00695,flaring,Fuel Gas,7552.03,gal,2022,1
Activité E&P,AST,MLN,OF,Equipment-696,EQ-00696,flaring,Propane,8386.81,gal,2023,9
Activité E&P,DP,OHT,GF,Equipment-697,EQ-00697,flaring,Diesel,9172.77,gal,2024,1
Activité E&P,AST,GB,OF,Equipment-698,EQ-00698,flaring,Natural Gas,5722.03,scf,2024,9
Activité RPC,PEC,CP1Z,Pétrochimie,Equipment-699,EQ-00699,fugitive,,6054.84,,2023,3
Activité LQS,LSH,GL2Z,GNL,Equipment-700,EQ-00700,flaring,Propane,1484.61,gal,2023,3
Activité E&P,AST,BRS,OF,Equipment-701,EQ-00701,fugitive,,7495.47,,2023,12
Activité LQS,LSH,GL2Z,GNL,Equipment-702,EQ-00702,venting,,5981.25,,2025,8
Activité E&P,AST,GSS,OF,Equipment-703,EQ-00703,fugitive,,8333.09,,2024,6
Activité LQS,LSH,GL1Z,GNL,Equipment-704,EQ-00704,drilling,,4911.46,,2023,11
Activité RPC,RAF,RA1Z,Raffinerie,Equipment-705,EQ-00705,flaring,,3235.42,,2024,2
Activité E&P,DP,ADR,OF,Equipment-706,EQ-00706,combustion,Natural Gas,5085.96,scf,2022,6
Activité E&P,AST,BRS,OF,Equipment-707,EQ-00707,venting,,9076.85,,2024,7
Activité E&P,AST,GB,OF,Equipment-708,EQ-00708,drilling,,773.14,,2025,2
Activité E&P,AST,GSS,OF,Equipment-709,EQ-00709,venting,,4406.5,,2025,2
Activité E&P,DP,INAS,GF,Equipment-710,EQ-00710,venting,,7843.11,,2023,7
Activité E&P,AST,G SH-ENI,OF,Equipment-711,EQ-00711,fugitive,,7240.23,,2023,1
Activité E&P,DP,STAH,OF,Equipment-712,EQ-00712,drilling,,6160.62,,2024,12
Activité E&P,AST,BMS,OF,Equipment-713,EQ-00713,fugitive,,4813.74,,2023,7
Activité E&P,AST,HBR,OF,Equipment-714,EQ-00714,fugitive,,8760.55,,2022,8
Activité E&P,DP,RNS,GF,Equipment-715,EQ-00715,drilling,,6434.35,,2023,3
Activité E&P,DP,STAH,OF,Equipment-716,EQ-00716,combustion,Diesel,3222.09,gal,2023,2
Activité LQS,LSH,GL2Z,GNL,Equipment-717,EQ-00717,combustion,Natural Gas,1995.3,scf,2025,9
Activité E&P,DP,RNS,GF,Equipment-718,EQ-00718,combustion,Diesel,4563.33,gal,2023,12
Activité E&P,AST,OURHOUD,OF,Equipment-719,EQ-00719,flaring,,9169.0,,2025,3
Activité E&P,AST,REGGANE,GF,Equipment-720,EQ-00720,fugitive,,8580.77,,2023,8
Activité LQS,LSH,GL3Z,GNL,Equipment-721,EQ-00721,flaring,,7320.97,,2025,6
Activité E&P,DP,RNS,GF,Equipment-722,EQ-00722,fugitive,,6108.14,,2022,2
Activité E&P,AST,GB,OF,Equipment-723,EQ-00723,flaring,,6090.07,,2022,6
Activité E&P,DP,HBK,GF,Equipment-724,EQ-00724,drilling,,1191.22,,2022,7
Activité LQS,LSH,GL1Z,GNL,Equipment-725,EQ-00725,fugitive,,571.74,,2025,3
Activité E&P,DP,HBK,GF,Equipment-726,EQ-00726,flaring,Fuel Gas,7720.75,gal,2022,8
Activité E&P,DP,TFT,GF,Equipment-727,EQ-00727,combustion,Propane,2208.33,gal,2025,11
Activité E&P,AST,MLN,OF,Equipment-728,EQ-00728,drilling,,6707.64,,2024,2
Activité RPC,RAF,RA1G,Raffinerie,Equipment-729,EQ-00729,drilling,,1976.85,,2023,11
Activité E&P,DP,HMD,OF,Equipment-730,EQ-00730,fugitive,,6320.82,,2022,7
Activité E&P,DP,ADR,OF,Equipment-731,EQ-00731,drilling,,1542.94,,2022,10
Activité RPC,PEC,CPEK,Pétrochimie,Equipment-732,EQ-00732,drilling,,8412.86,,2025,11
Activité RPC,RAF,RA1G,Raffinerie,Equipment-733,EQ-00733,fugitive,,2856.09,,2022,11
Activité E&P,AST,ISG,GF,Equipment-734,EQ-00734,venting,,5921.66,,2023,7
Activité E&P,AST,REGGANE,GF,Equipment-735,EQ-00735,combustion,,427.04,,2025,4
Activité E&P,AST,BMS,OF,Equipment-736,EQ-00736,fugitive,,3101.64,,2024,9
Activité E&P,AST,GTFT,GF,Equipment-737,EQ-00737,venting,,4531.06,,2023,12
Activité E&P,DP,TFT,GF,Equipment-738,EQ-00738,flaring,Propane,1605.48,gal,2025,9
Activité E&P,AST,SH-FCP MLE,GF,Equipment-739,EQ-00739,flaring,Natural Gas,5254.83,scf,2022,8
Activité E&P,AST,BMS,OF,Equipment-740,EQ-00740,flaring,,9663.15,,2023,6
Activité E&P,DP,INAS,GF,Equipment-741,EQ-00741,combustion,Fuel Gas,9367.29,gal,2025,1
Activité E&P,AST,OURHOUD,OF,Equipment-742,EQ-00742,fugitive,,3051.06,,2023,12
Activité RPC,RAF,RA1A,Raffinerie,Equipment-743,EQ-00743,flaring,Propane,8893.33,gal,2022,1
Activité LQS,LSH,GP1Z,GPL,Equipment-744,EQ-00744,flaring,Natural Gas,3284.83,scf,2024,4
Activité E&P,DP,STAH,OF,Equipment-745,EQ-00745,drilling,,5491.91,,2023,4
Activité LQS,LSH,GL2Z,GNL,Equipment-746,EQ-00746,venting,,4990.01,,2022,8
Activité LQS,LSH,GP1Z,GPL,Equipment-747,EQ-00747,combustion,Diesel,1934.07,gal,2025,5
Activité E&P,AST,GTFT,GF,Equipment-748,EQ-00748,combustion,Diesel,4489.93,gal,2023,11
Activité LQS,LSH,GL2Z,GNL,Equipment-749,EQ-00749,venting,,7353.76,,2024,6
Activité E&P,AST,G SH-ENI,OF,Equipment-750,EQ-00750,combustion,Fuel Gas,6522.31,gal,2025,4
Activité E&P,DP,REB,OF,Equipment-751,EQ-00751,drilling,,3236.15,,2024,2
Activité E&P,DP,INAS,GF,Equipment-752,EQ-00752,flaring,Propane,5688.14,gal,2024,7
Activité E&P,DP,REB,OF,Equipment-753,EQ-00753,venting,,5494.22,,2025,11
Activité E&P,AST,RKF,OF,Equipment-754,EQ-00754,combustion,Diesel,2331.51,gal,2024,3
Activité E&P,AST,GSS,OF,Equipment-755,EQ-00755,drilling,,7157.51,,2025,3
Activité RPC,PEC,CP1Z,Pétrochimie,Equipment-756,EQ-00756,fugitive,,4148.26,,2024,10
Activité E&P,DP,STAH,OF,Equipment-757,EQ-00757,drilling,,5287.21,,2023,1
Activité E&P,AST,INA,GF,Equipment-758,EQ-00758,drilling,,4113.41,,2022,9
Activité RPC,PEC,CPEK,Pétrochimie,Equipment-759,EQ-00759,fugitive,,4825.12,,2025,11
Activité E&P,DP,STAH,OF,Equipment-760,EQ-00760,fugitive,,1727.04,,2025,9
Activité E&P,AST,GTFT,GF,Equipment-761,EQ-00761,combustion,Propane,1540.26,gal,2023,8
Activité E&P,DP,GTL,GF,Equipment-762,EQ-00762,flaring,Propane,7060.81,gal,2024,2
Activité E&P,AST,ISG,GF,Equipment-763,EQ-00763,flaring,Propane,6295.63,gal,2023,7
Activité E&P,AST,RKF,OF,Equipment-764,EQ-00764,drilling,,1532.31,,2023,9
Activité E&P,AST,OURHOUD,OF,Equipment-765,EQ-00765,venting,,2603.91,,2025,12
Activité E&P,AST,MLN,OF,Equipment-766,EQ-00766,venting,,5686.82,,2024,9
Activité RPC,PEC,CPEK,Pétrochimie,Equipment-767,EQ-00767,flaring,Fuel Gas,5271.01,gal,2023,7
Activité LQS,LSH,GL2Z,GNL,Equipment-768,EQ-00768,combustion,Diesel,742.67,gal,2022,12
Activité LQS,LSH,GL1K,GNL,Equipment-769,EQ-00769,venting,,5348.9,,2023,2
Activité E&P,AST,RKF,OF,Equipment-770,EQ-00770,drilling,,6478.42,,2022,6
Activité LQS,LSH,GP2Z,GPL,Equipment-771,EQ-00771,drilling,,8142.69,,2022,4
Activité E&P,DP,INAS,GF,Equipment-772,EQ-00772,drilling,,9191.03,,2022,8
Activité E&P,AST,ISG,GF,Equipment-773,EQ-00773,combustion,Natural Gas,8328.09,scf,2022,12
Activité E&P,DP,INAS,GF,Equipment-774,EQ-00774,fugitive,,7228.12,,2022,11
Activité E&P,DP,STAH,OF,Equipment-775,EQ-00775,fugitive,,201.36,,2024,5
Activité E&P,AST,GTIM,GF,Equipment-776,EQ-00776,drilling,,4520.08,,2024,5
Activité E&P,AST,ISG,GF,Equipment-777,EQ-00777,venting,,1935.03,,2025,2
Activité E&P,AST,SH-FCP MLE,GF,Equipment-778,EQ-00778,drilling,,6198.6,,2022,12
Activité E&P,AST,HBR,OF,Equipment-779,EQ-00779,drilling,,696.97,,2024,9
Activité E&P,AST,HBR,OF,Equipment-780,EQ-00780,combustion,Propane,3835.5,gal,2023,11
Activité E&P,DP,HRM,GF,Equipment-781,EQ-00781,fugitive,,8222.04,,2024,2
Activité E&P,AST,BRS,OF,Equipment-782,EQ-00782,combustion,Fuel Gas,3094.41,gal,2024,6
Activité E&P,DP,GTL,GF,Equipment-783,EQ-00783,flaring,Propane,9439.64,gal,2024,1
Activité E&P,DP,REB,OF,Equipment-784,EQ-00784,flaring,Natural Gas,7801.33,scf,2022,8
Activité RPC,RAF,RA1A,Raffinerie,Equipment-785,EQ-00785,venting,,9582.91,,2025,4
Activité LQS,LSH,GP2Z,GPL,Equipment-786,EQ-00786,fugitive,,2948.28,,2025,10
Activité E&P,DP,RNS,GF,Equipment-787,EQ-00787,venting,,6431.54,,2023,3
Activité E&P,DP,INAS,GF,Equipment-788,EQ-00788,drilling,,5545.42,,2023,12
Activité LQS,LSH,GL1Z,GNL,Equipment-789,EQ-00789,venting,,8891.48,,2024,6
Activité E&P,AST,INA,GF,Equipment-790,EQ-00790,drilling,,9632.74,,2023,2
Activité LQS,LSH,GP2Z,GPL,Equipment-791,EQ-00791,drilling,,7502.66,,2022,6
Activité E&P,DP,GTL,GF,Equipment-792,EQ-00792,venting,,2192.11,,2025,8
Activité E&P,DP,GTL,GF,Equipment-793,EQ-00793,drilling,,5283.62,,2024,3
Activité E&P,DP,INAS,GF,Equipment-794,EQ-00794,flaring,Fuel Gas,8672.71,gal,2025,12
Activité E&P,DP,INAS,GF,Equipment-795,EQ-00795,flaring,,4162.59,,2023,11
Activité E&P,DP,OHT,GF,Equipment-796,EQ-00796,combustion,Diesel,5787.61,gal,2024,10
Activité E&P,DP,OHT,GF,Equipment-797,EQ-00797,combustion,,7335.69,,2024,9
Activité LQS,LSH,GL1Z,GNL,Equipment-798,EQ-00798,flaring,Natural Gas,2383.26,scf,2023,2
Activité E&P,AST,ISG,GF,Equipment-799,EQ-00799,drilling,,129.79,,2022,3
Activité E&P,DP,ADR,OF,Equipment-800,EQ-00800,flaring,Propane,5129.43,gal,2025,11
Activité RPC,RAF,RA1K,Raffinerie,Equipment-801,EQ-00801,venting,,7532.45,,2022,8
Activité E&P,AST,GB,OF,Equipment-802,EQ-00802,venting,,5945.58,,2023,12
Activité E&P,DP,HRM,GF,Equipment-803,EQ-00803,drilling,,394.12,,2023,12
Activité E&P,AST,MLN,OF,Equipment-804,EQ-00804,flaring,,5390.23,,2025,2
Activité E&P,AST,GSS,OF,Equipment-805,EQ-00805,flaring,Propane,7179.36,gal,2024,5
Activité RPC,RAF,RA1A,Raffinerie,Equipment-806,EQ-00806,combustion,Fuel Gas,2635.06,gal,2024,4
Activité E&P,AST,INA,GF,Equipment-807,EQ-00807,flaring,Fuel Gas,7853.32,gal,2023,1
Activité E&P,AST,RKF,OF,Equipment-808,EQ-00808,venting,,3630.1,,2024,12
Activité E&P,AST,BRS,OF,Equipment-809,EQ-00809,flaring,Diesel,8272.65,gal,2023,2
Activité LQS,LSH,GL1K,GNL,Equipment-810,EQ-00810,fugitive,,3773.1,,2023,8
Activité E&P,DP,HBK,GF,Equipment-811,EQ-00811,fugitive,,2957.99,,2022,12
Activité LQS,LSH,GL2Z,GNL,Equipment-812,EQ-00812,flaring,Propane,9368.16,gal,2022,2
Activité RPC,RAF,RA1G,Raffinerie,Equipment-813,EQ-00813,flaring,,8499.61,,2024,1
Activité E&P,DP,GTL,GF,Equipment-814,EQ-00814,drilling,,8840.2,,2022,12
Activité E&P,AST,SH-FCP MLE,GF,Equipment-815,EQ-00815,flaring,Propane,6760.34,gal,2022,2
Activité E&P,AST,MLN,OF,Equipment-816,EQ-00816,flaring,Diesel,8451.77,gal,2023,7
Activité E&P,AST,MLN,OF,Equipment-817,EQ-00817,flaring,Fuel Gas,6402.14,gal,2023,7
Activité E&P,DP,OHT,GF,Equipment-818,EQ-00818,combustion,Natural Gas,4494.56,scf,2024,1
Activité E&P,AST,HBR,OF,Equipment-819,EQ-00819,flaring,Diesel,3974.35,gal,2025,4
Activité E&P,AST,GTFT,GF,Equipment-820,EQ-00820,venting,,8758.36,,2024,3
Activité E&P,DP,TFT,GF,Equipment-821,EQ-00821,drilling,,7902.32,,2025,1
Activité E&P,AST,GTFT,GF,Equipment-822,EQ-00822,fugitive,,4942.68,,2025,8
Activité RPC,RAF,RA1Z,Raffinerie,Equipment-823,EQ-00823,drilling,,6361.93,,2025,2
Activité E&P,AST,GTFT,GF,Equipment-824,EQ-00824,flaring,Diesel,6500.55,gal,2022,3
Activité E&P,AST,ISG,GF,Equipment-825,EQ-00825,venting,,4404.69,,2024,8
Activité E&P,DP,RNS,GF,Equipment-826,EQ-00826,drilling,,3069.48,,2022,7
Activité E&P,AST,RKF,OF,Equipment-827,EQ-00827,combustion,Diesel,1554.89,gal,2023,1
Activité E&P,AST,RKF,OF,Equipment-828,EQ-00828,drilling,,8895.51,,2023,8
Activité RPC,PEC,CP1Z,Pétrochimie,Equipment-829,EQ-00829,drilling,,9114.09,,2022,3
Activité LQS,LSH,GL1K,GNL,Equipment-830,EQ-00830,flaring,Diesel,79.94,gal,2022,8
Activité LQS,LSH,GL2Z,GNL,Equipment-831,EQ-00831,combustion,,9396.3,,2024,1
Activité E&P,AST,G SH-ENI,OF,Equipment-832,EQ-00832,venting,,1499.96,,2024,2
Activité E&P,DP,STAH,OF,Equipment-833,EQ-00833,fugitive,,738.62,,2025,2
Activité E&P,DP,HBK,GF,Equipment-834,EQ-00834,drilling,,3365.03,,2025,1
Activité RPC,RAF,RA1K,Raffinerie,Equipment-835,EQ-00835,flaring,Fuel Gas,3087.56,gal,2024,11
Activité E&P,AST,REGGANE,GF,Equipment-836,EQ-00836,combustion,,1860.77,,2024,9
Activité E&P,DP,HBK,GF,Equipment-837,EQ-00837,flaring,Fuel Gas,5748.98,gal,2024,7
Activité E&P,DP,HRM,GF,Equipment-838,EQ-00838,fugitive,,1487.55,,2022,4
Activité LQS,LSH,GP1Z,GPL,Equipment-839,EQ-00839,fugitive,,829.68,,2023,10
Activité E&P,DP,HRM,GF,Equipment-840,EQ-00840,drilling,,2122.95,,2023,7
Activité E&P,AST,GTG,GF,Equipment-841,EQ-00841,combustion,Diesel,2813.33,gal,2022,9
Activité LQS,LSH,GP1Z,GPL,Equipment-842,EQ-00842,fugitive,,8927.92,,2024,11
Activité E&P,DP,INAS,GF,Equipment-843,EQ-00843,drilling,,8036.46,,2025,5
Activité LQS,LSH,GP2Z,GPL,Equipment-844,EQ-00844,venting,,3585.69,,2022,2
Activité LQS,LSH,GL1Z,GNL,Equipment-845,EQ-00845,venting,,1201.72,,2023,11
Activité RPC,PEC,CPEK,Pétrochimie,Equipment-846,EQ-00846,fugitive,,2834.79,,2023,3
Activité E&P,AST,BRS,OF,Equipment-847,EQ-00847,flaring,Fuel Gas,1330.07,gal,2022,6
Activité E&P,AST,INA,GF,Equipment-848,EQ-00848,combustion,Propane,8897.45,gal,2024,11
Activité E&P,AST,GSS,OF,Equipment-849,EQ-00849,combustion,,7249.96,,2022,9
Activité E&P,AST,GTIM,GF,Equipment-850,EQ-00850,venting,,4772.99,,2022,7
Activité E&P,AST,G SH-ENI,OF,Equipment-851,EQ-00851,flaring,Diesel,8072.85,gal,2025,12
Activité LQS,LSH,GL2Z,GNL,Equipment-852,EQ-00852,fugitive,,8874.81,,2022,2
Activité E&P,AST,MLN,OF,Equipment-853,EQ-00853,flaring,Diesel,5974.02,gal,2023,2
Activité E&P,DP,ADR,OF,Equipment-854,EQ-00854,combustion,Fuel Gas,8103.63,gal,2025,11
Activité RPC,RAF,RA1Z,Raffinerie,Equipment-855,EQ-00855,flaring,Propane,2087.5,gal,2022,7
Activité RPC,PEC,CP1Z,Pétrochimie,Equipment-856,EQ-00856,fugitive,,8557.87,,2022,3
Activité RPC,PEC,CPEK,Pétrochimie,Equipment-857,EQ-00857,combustion,Fuel Gas,4987.36,gal,2024,7
Activité LQS,LSH,GL1Z,GNL,Equipment-858,EQ-00858,venting,,529.18,,2025,1
Activité E&P,DP,HRM,GF,Equipment-859,EQ-00859,venting,,4994.78,,2024,12
Activité LQS,LSH,GL1K,GNL,Equipment-860,EQ-00860,combustion,Diesel,6620.77,gal,2022,6
Activité E&P,AST,MLN,OF,Equipment-861,EQ-00861,venting,,2766.59,,2024,10
Activité E&P,AST,GTG,GF,Equipment-862,EQ-00862,combustion,Propane,2283.96,gal,2025,6
Activité RPC,RAF,RA1G,Raffinerie,Equipment-863,EQ-00863,drilling,,9924.64,,2023,2
Activité LQS,LSH,GL1Z,GNL,Equipment-864,EQ-00864,fugitive,,8300.59,,2023,1
Activité LQS,LSH,GP2Z,GPL,Equipment-865,EQ-00865,flaring,Natural Gas,309.99,scf,2023,2
Activité E&P,AST,GTIM,GF,Equipment-866,EQ-00866,flaring,Propane,2228.25,gal,2024,1
Activité RPC,RAF,RA1A,Raffinerie,Equipment-867,EQ-00867,flaring,Natural Gas,334.26,scf,2023,11
Activité LQS,LSH,GL1K,GNL,Equipment-868,EQ-00868,flaring,Diesel,4736.06,gal,2022,5
Activité LQS,LSH,GL1Z,GNL,Equipment-869,EQ-00869,fugitive,,8473.55,,2022,5
Activité E&P,AST,HBR,OF,Equipment-870,EQ-00870,fugitive,,2638.37,,2025,11
Activité E&P,AST,SH-FCP MLE,GF,Equipment-871,EQ-00871,fugitive,,6557.8,,2024,3
Activité LQS,LSH,GP1Z,GPL,Equipment-872,EQ-00872,fugitive,,8062.31,,2024,11
Activité E&P,DP,HBK,GF,Equipment-873,EQ-00873,combustion,Propane,4095.98,gal,2022,8
Activité E&P,AST,OURHOUD,OF,Equipment-874,EQ-00874,drilling,,8434.98,,2025,8
Activité E&P,AST,REGGANE,GF,Equipment-875,EQ-00875,drilling,,7864.17,,2024,4
Activité LQS,LSH,GL3Z,GNL,Equipment-876,EQ-00876,flaring,Natural Gas,137.01,scf,2023,5
Activité E&P,AST,INA,GF,Equipment-877,EQ-00877,fugitive,,9140.73,,2024,4
Activité E&P,AST,ISG,GF,Equipment-878,EQ-00878,combustion,Diesel,1341.18,gal,2024,5
Activité RPC,PEC,CP1Z,Pétrochimie,Equipment-879,EQ-00879,drilling,,6906.49,,2025,8
Activité RPC,RAF,RA1K,Raffinerie,Equipment-880,EQ-00880,combustion,Diesel,4605.59,gal,2023,9
Activité E&P,AST,BRS,OF,Equipment-881,EQ-00881,combustion,,6480.59,,2024,6
Activité RPC,PEC,CP1Z,Pétrochimie,Equipment-882,EQ-00882,drilling,,1761.23,,2023,5
Activité LQS,LSH,GL2Z,GNL,Equipment-883,EQ-00883,drilling,,6349.97,,2022,12
Activité E&P,AST,GB,OF,Equipment-884,EQ-00884,flaring,Diesel,8951.23,gal,2025,10
Activité LQS,LSH,GL1Z,GNL,Equipment-885,EQ-00885,drilling,,6662.21,,2023,3
Activité LQS,LSH,GP2Z,GPL,Equipment-886,EQ-00886,venting,,9433.47,,2022,2
Activité RPC,RAF,RA1K,Raffinerie,Equipment-887,EQ-00887,flaring,Diesel,5947.39,gal,2025,11
Activité LQS,LSH,GL3Z,GNL,Equipment-888,EQ-00888,venting,,7581.35,,2024,2
Activité LQS,LSH,GL1K,GNL,Equipment-889,EQ-00889,drilling,,9227.86,,2024,9
Activité LQS,LSH,GL3Z,GNL,Equipment-890,EQ-00890,venting,,4289.7,,2025,12
Activité LQS,LSH,GP2Z,GPL,Equipment-891,EQ-00891,flaring,Natural Gas,5321.69,scf,2025,11
Activité E&P,AST,RKF,OF,Equipment-892,EQ-00892,venting,,4336.04,,2024,12
Activité E&P,DP,RNS,GF,Equipment-893,EQ-00893,drilling,,7782.56,,2024,5
Activité E&P,AST,SH-FCP MLE,GF,Equipment-894,EQ-00894,flaring,Natural Gas,3358.86,scf,2022,5
Activité E&P,AST,BMS,OF,Equipment-895,EQ-00895,venting,,828.76,,2022,10
Activité E&P,DP,GTL,GF,Equipment-896,EQ-00896,fugitive,,1845.8,,2023,6
Activité E&P,DP,ADR,OF,Equipment-897,EQ-00897,flaring,Fuel Gas,2316.79,gal,2025,11
Activité LQS,LSH,GL3Z,GNL,Equipment-898,EQ-00898,venting,,290.49,,2024,1
Activité LQS,LSH,GL3Z,GNL,Equipment-899,EQ-00899,drilling,,6494.5,,2022,4
Activité E&P,AST,GTIM,GF,Equipment-900,EQ-00900,flaring,Natural Gas,8694.92,scf,2023,12
Activité E&P,DP,INAS,GF,Equipment-901,EQ-00901,fugitive,,5998.68,,2023,2
Activité E&P,DP,HMD,OF,Equipment-902,EQ-00902,flaring,Natural Gas,8566.08,scf,2023,6
Activité E&P,AST,GTG,GF,Equipment-903,EQ-00903,drilling,,2191.77,,2022,1
Activité E&P,DP,RNS,GF,Equipment-904,EQ-00904,combustion,Diesel,3986.61,gal,2024,4
Activité E&P,AST,G SH-ENI,OF,Equipment-905,EQ-00905,venting,,6069.78,,2025,5
Activité E&P,DP,OHT,GF,Equipment-906,EQ-00906,combustion,Natural Gas,7471.35,scf,2025,2
Activité LQS,LSH,GP2Z,GPL,Equipment-907,EQ-00907,flaring,Propane,9737.11,gal,2022,11
Activité LQS,LSH,GL1K,GNL,Equipment-908,EQ-00908,combustion,,3236.46,,2022,1
Activité E&P,AST,INA,GF,Equipment-909,EQ-00909,combustion,Natural Gas,7266.51,scf,2023,12
Activité E&P,AST,REGGANE,GF,Equipment-910,EQ-00910,venting,,9642.75,,2025,11
Activité E&P,DP,HBK,GF,Equipment-911,EQ-00911,venting,,1670.52,,2023,9
Activité E&P,AST,REGGANE,GF,Equipment-912,EQ-00912,venting,,9100.08,,2022,7
Activité LQS,LSH,GL3Z,GNL,Equipment-913,EQ-00913,venting,,3766.92,,2024,10
Activité E&P,DP,HRM,GF,Equipment-914,EQ-00914,venting,,1974.89,,2023,12
Activité LQS,LSH,GL3Z,GNL,Equipment-915,EQ-00915,drilling,,4513.76,,2023,3
Activité LQS,LSH,GL2Z,GNL,Equipment-916,EQ-00916,drilling,,5240.39,,2024,5
Activité E&P,AST,BMS,OF,Equipment-917,EQ-00917,combustion,Natural Gas,6497.74,scf,2025,7
Activité E&P,AST,G SH-ENI,OF,Equipment-918,EQ-00918,drilling,,829.34,,2023,12
Activité E&P,DP,HRM,GF,Equipment-919,EQ-00919,drilling,,5477.21,,2023,1
Activité LQS,LSH,GL1Z,GNL,Equipment-920,EQ-00920,venting,,8640.33,,2022,12
Activité E&P,AST,INA,GF,Equipment-921,EQ-00921,combustion,Fuel Gas,6772.5,gal,2024,4
Activité E&P,AST,GTG,GF,Equipment-922,EQ-00922,drilling,,6121.94,,2025,10
Activité E&P,AST,BRS,OF,Equipment-923,EQ-00923,venting,,981.43,,2022,12
Activité E&P,DP,TFT,GF,Equipment-924,EQ-00924,flaring,,4177.53,,2025,2
Activité E&P,AST,RKF,OF,Equipment-925,EQ-00925,combustion,Fuel Gas,1791.67,gal,2024,5
Activité E&P,DP,HRM,GF,Equipment-926,EQ-00926,fugitive,,9119.88,,2024,6
Activité E&P,DP,ADR,OF,Equipment-927,EQ-00927,drilling,,3466.09,,2023,8
Activité LQS,LSH,GL1Z,GNL,Equipment-928,EQ-00928,flaring,Propane,832.02,gal,2022,8
Activité RPC,RAF,RA1A,Raffinerie,Equipment-929,EQ-00929,venting,,1717.77,,2023,11
Activité E&P,AST,GTG,GF,Equipment-930,EQ-00930,drilling,,6903.88,,2023,9
Activité E&P,DP,OHT,GF,Equipment-931,EQ-00931,combustion,Propane,5371.08,gal,2024,3
Activité E&P,AST,RKF,OF,Equipment-932,EQ-00932,flaring,Propane,7821.59,gal,2024,10
Activité E&P,DP,TFT,GF,Equipment-933,EQ-00933,combustion,Diesel,8736.31,gal,2024,10
Activité E&P,DP,RNS,GF,Equipment-934,EQ-00934,combustion,Diesel,5611.23,gal,2025,12
Activité E&P,AST,HBR,OF,Equipment-935,EQ-00935,flaring,Fuel Gas,8156.26,gal,2025,3
Activité LQS,LSH,GL1K,GNL,Equipment-936,EQ-00936,fugitive,,9609.64,,2025,3
Activité E&P,DP,RNS,GF,Equipment-937,EQ-00937,venting,,321.81,,2023,10
Activité E&P,AST,HBR,OF,Equipment-938,EQ-00938,combustion,Diesel,2594.38,gal,2022,6
Activité E&P,DP,INAS,GF,Equipment-939,EQ-00939,venting,,7823.14,,2023,11
Activité LQS,LSH,GL3Z,GNL,Equipment-940,EQ-00940,flaring,Fuel Gas,6197.42,gal,2022,2
Activité E&P,AST,INA,GF,Equipment-941,EQ-00941,combustion,Diesel,5276.52,gal,2022,1
Activité E&P,DP,TFT,GF,Equipment-942,EQ-00942,venting,,2572.96,,2023,8
Activité LQS,LSH,GL1Z,GNL,Equipment-943,EQ-00943,venting,,9826.24,,2024,4
Activité E&P,DP,ADR,OF,Equipment-944,EQ-00944,drilling,,7272.0,,2024,3
Activité E&P,AST,HBR,OF,Equipment-945,EQ-00945,fugitive,,6502.53,,2023,10
Activité E&P,DP,REB,OF,Equipment-946,EQ-00946,fugitive,,6915.73,,2024,8
Activité RPC,RAF,RA1A,Raffinerie,Equipment-947,EQ-00947,combustion,Diesel,8542.25,gal,2024,10
Activité E&P,DP,GTL,GF,Equipment-948,EQ-00948,fugitive,,2205.94,,2022,5
Activité RPC,RAF,RA1K,Raffinerie,Equipment-949,EQ-00949,fugitive,,4773.82,,2022,7
Activité RPC,RAF,RA1Z,Raffinerie,Equipment-950,EQ-00950,combustion,,8656.87,,2024,6
Activité LQS,LSH,GP1Z,GPL,Equipment-951,EQ-00951,drilling,,9264.6,,2023,3
Activité RPC,RAF,RA1Z,Raffinerie,Equipment-952,EQ-00952,combustion,Diesel,3061.85,gal,2024,5
Activité E&P,AST,GTFT,GF,Equipment-953,EQ-00953,fugitive,,9587.49,,2024,1
Activité E&P,AST,GTIM,GF,Equipment-954,EQ-00954,drilling,,8081.41,,2023,6
Activité E&P,AST,GTFT,GF,Equipment-955,EQ-00955,combustion,Fuel Gas,8542.93,gal,2025,7
Activité E&P,DP,ADR,OF,Equipment-956,EQ-00956,flaring,Fuel Gas,4379.33,gal,2022,9
Activité E&P,AST,SH-FCP MLE,GF,Equipment-957,EQ-00957,combustion,Fuel Gas,2044.21,gal,2025,2
Activité E&P,DP,REB,OF,Equipment-958,EQ-00958,venting,,8857.82,,2024,11
Activité RPC,RAF,RA1A,Raffinerie,Equipment-959,EQ-00959,fugitive,,9401.41,,2024,6
Activité E&P,DP,RNS,GF,Equipment-960,EQ-00960,combustion,Diesel,8925.32,gal,2023,9
Activité RPC,PEC,CPEK,Pétrochimie,Equipment-961,EQ-00961,venting,,9710.52,,2023,7
Activité E&P,DP,OHT,GF,Equipment-962,EQ-00962,fugitive,,1998.97,,2022,12
Activité E&P,AST,HBR,OF,Equipment-963,EQ-00963,fugitive,,2382.82,,2025,5
Activité E&P,DP,REB,OF,Equipment-964,EQ-00964,drilling,,4511.92,,2024,3
Activité E&P,AST,SH-FCP MLE,GF,Equipment-965,EQ-00965,venting,,7397.54,,2024,9
Activité LQS,LSH,GL3Z,GNL,Equipment-966,EQ-00966,venting,,3863.57,,2025,7
Activité RPC,RAF,RA1G,Raffinerie,Equipment-967,EQ-00967,drilling,,360.77,,2024,4
Activité E&P,DP,HRM,GF,Equipment-968,EQ-00968,combustion,Natural Gas,3879.47,scf,2025,4
Activité RPC,RAF,RA1K,Raffinerie,Equipment-969,EQ-00969,flaring,Propane,9032.46,gal,2023,3
Activité E&P,AST,GTG,GF,Equipment-970,EQ-00970,combustion,,5780.22,,2023,1
Activité E&P,DP,TFT,GF,Equipment-971,EQ-00971,flaring,,608.03,,2024,9
Activité RPC,PEC,CP1Z,Pétrochimie,Equipment-972,EQ-00972,combustion,,2862.68,,2022,12
Activité RPC,PEC,CPEK,Pétrochimie,Equipment-973,EQ-00973,venting,,8887.57,,2024,3
Activité E&P,DP,HBK,GF,Equipment-974,EQ-00974,flaring,,8558.1,,2025,1
Activité E&P,DP,HRM,GF,Equipment-975,EQ-00975,fugitive,,4356.87,,2023,3
Activité E&P,DP,ADR,OF,Equipment-976,EQ-00976,flaring,,3021.96,,2024,11
Activité LQS,LSH,GL1K,GNL,Equipment-977,EQ-00977,drilling,,3111.2,,2025,2
Activité E&P,AST,GB,OF,Equipment-978,EQ-00978,venting,,1989.24,,2025,5
Activité LQS,LSH,GL2Z,GNL,Equipment-979,EQ-00979,combustion,Diesel,9199.27,gal,2025,1
Activité E&P,AST,GTG,GF,Equipment-980,EQ-00980,combustion,Natural Gas,1642.75,scf,2023,4
Activité E&P,DP,HRM,GF,Equipment-981,EQ-00981,combustion,Diesel,6168.22,gal,2022,9
Activité E&P,AST,REGGANE,GF,Equipment-982,EQ-00982,venting,,6440.84,,2023,12
Activité RPC,RAF,RA1Z,Raffinerie,Equipment-983,EQ-00983,drilling,,4519.81,,2022,10
Activité LQS,LSH,GL3Z,GNL,Equipment-984,EQ-00984,flaring,Fuel Gas,1813.95,gal,2024,3
Activité E&P,AST,INA,GF,Equipment-985,EQ-00985,venting,,5982.14,,2023,5
Activité E&P,AST,BRS,OF,Equipment-986,EQ-00986,fugitive,,8872.4,,2025,4
Activité RPC,PEC,CP1Z,Pétrochimie,Equipment-987,EQ-00987,flaring,Natural Gas,6355.81,scf,2024,1
Activité E&P,AST,ISG,GF,Equipment-988,EQ-00988,combustion,Fuel Gas,1441.6,gal,2022,11
Activité E&P,AST,ISG,GF,Equipment-989,EQ-00989,venting,,1732.34,,2024,8
Activité LQS,LSH,GP2Z,GPL,Equipment-990,EQ-00990,venting,,8182.37,,2023,5
Activité E&P,AST,INA,GF,Equipment-991,EQ-00991,venting,,4267.91,,2024,1
Activité E&P,AST,GSS,OF,Equipment-992,EQ-00992,flaring,Fuel Gas,5174.52,gal,2025,10
Activité E&P,DP,ADR,OF,Equipment-993,EQ-00993,fugitive,,2531.09,,2022,11
Activité RPC,PEC,CPEK,Pétrochimie,Equipment-994,EQ-00994,fugitive,,8218.2,,2022,12
Activité E&P,DP,OHT,GF,Equipment-995,EQ-00995,combustion,Fuel Gas,6791.48,gal,2025,1
Activité LQS,LSH,GL2Z,GNL,Equipment-996,EQ-00996,drilling,,3241.75,,2024,9
Activité LQS,LSH,GL2Z,GNL,Equipment-997,EQ-00997,fugitive,,8401.88,,2025,8
Activité RPC,PEC,CP1Z,Pétrochimie,Equipment-998,EQ-00998,venting,,6715.95,,2024,5
Activité E&P,AST,REGGANE,GF,Equipment-999,EQ-00999,flaring,Diesel,3929.35,gal,2023,2
Activité E&P,AST,BRS,OF,Equipment-1000,EQ-01000,combustion,Diesel,3980.97,gal,2023,3
Activité E&P,DP,STAH,OF,Equipment-1001,EQ-01001,fugitive,,8393.16,,2025,1
Activité E&P,AST,REGGANE,GF,Equipment-1002,EQ-01002,drilling,,6104.98,,2023,4
Activité E&P,DP,HMD,OF,Equipment-1003,EQ-01003,fugitive,,8027.21,,2025,4
Activité E&P,DP,RNS,GF,Equipment-1004,EQ-01004,venting,,70.15,,2022,6
Activité RPC,RAF,RA1A,Raffinerie,Equipment-1005,EQ-01005,fugitive,,951.22,,2024,1
Activité E&P,DP,INAS,GF,Equipment-1006,EQ-01006,fugitive,,4443.84,,2022,7
Activité E&P,AST,RKF,OF,Equipment-1007,EQ-01007,venting,,7917.93,,2024,1
Activité E&P,DP,STAH,OF,Equipment-1008,EQ-01008,flaring,Natural Gas,4180.97,scf,2023,4
Activité E&P,AST,OURHOUD,OF,Equipment-1009,EQ-01009,drilling,,6572.88,,2024,4
Activité E&P,AST,G SH-ENI,OF,Equipment-1010,EQ-01010,fugitive,,1999.21,,2022,10
Activité E&P,DP,HMD,OF,Equipment-1011,EQ-01011,venting,,3754.75,,2024,7
Activité E&P,AST,GB,OF,Equipment-1012,EQ-01012,flaring,Natural Gas,8269.59,scf,2024,11
Activité E&P,DP,OHT,GF,Equipment-1013,EQ-01013,fugitive,,5259.17,,2022,6
Activité E&P,AST,MLN,OF,Equipment-1014,EQ-01014,flaring,Diesel,7904.16,gal,2024,2
Activité LQS,LSH,GL1K,GNL,Equipment-1015,EQ-01015,flaring,Fuel Gas,116.12,gal,2022,11
Activité E&P,DP,INAS,GF,Equipment-1016,EQ-01016,fugitive,,455.29,,2023,12
Activité E&P,DP,ADR,OF,Equipment-1017,EQ-01017,combustion,Diesel,2271.2,gal,2023,3
Activité E&P,DP,GTL,GF,Equipment-1018,EQ-01018,flaring,,6894.74,,2024,9
Activité RPC,RAF,RA1A,Raffinerie,Equipment-1019,EQ-01019,venting,,9409.47,,2022,2
Activité E&P,DP,RNS,GF,Equipment-1020,EQ-01020,flaring,Natural Gas,279.13,scf,2023,6
Activité E&P,DP,STAH,OF,Equipment-1021,EQ-01021,fugitive,,6719.17,,2025,1
Activité RPC,RAF,RA1K,Raffinerie,Equipment-1022,EQ-01022,drilling,,6323.71,,2023,1
Activité E&P,DP,RNS,GF,Equipment-1023,EQ-01023,flaring,Diesel,2999.27,gal,2023,11
Activité LQS,LSH,GL3Z,GNL,Equipment-1024,EQ-01024,venting,,3745.9,,2023,12
Activité E&P,DP,HRM,GF,Equipment-1025,EQ-01025,drilling,,1500.59,,2022,4
Activité LQS,LSH,GL1Z,GNL,Equipment-1026,EQ-01026,venting,,4461.77,,2022,4
Activité LQS,LSH,GL1Z,GNL,Equipment-1027,EQ-01027,combustion,Natural Gas,4239.57,scf,2025,7
Activité RPC,RAF,RA1Z,Raffinerie,Equipment-1028,EQ-01028,combustion,Fuel Gas,3237.39,gal,2023,3
Activité LQS,LSH,GL3Z,GNL,Equipment-1029,EQ-01029,venting,,448.46,,2023,9
Activité RPC,RAF,RA1K,Raffinerie,Equipment-1030,EQ-01030,drilling,,1991.88,,2025,12
Activité E&P,AST,BRS,OF,Equipment-1031,EQ-01031,combustion,Fuel Gas,8723.92,gal,2025,11
Activité E&P,DP,HMD,OF,Equipment-1032,EQ-01032,drilling,,651.64,,2023,5
Activité E&P,DP,HMD,OF,Equipment-1033,EQ-01033,flaring,,5536.69,,2024,9
Activité E&P,AST,RKF,OF,Equipment-1034,EQ-01034,fugitive,,4081.29,,2023,12
Activité E&P,AST,RKF,OF,Equipment-1035,EQ-01035,drilling,,1038.02,,2023,9
Activité RPC,PEC,CPEK,Pétrochimie,Equipment-1036,EQ-01036,flaring,Fuel Gas,1601.3,gal,2024,4
Activité E&P,DP,GTL,GF,Equipment-1037,EQ-01037,flaring,Propane,7442.33,gal,2024,6
Activité LQS,LSH,GL3Z,GNL,Equipment-1038,EQ-01038,combustion,Natural Gas,4516.36,scf,2024,11
Activité LQS,LSH,GP1Z,GPL,Equipment-1039,EQ-01039,drilling,,3257.5,,2024,6
Activité RPC,RAF,RA1K,Raffinerie,Equipment-1040,EQ-01040,venting,,5893.12,,2024,5
Activité E&P,DP,ADR,OF,Equipment-1041,EQ-01041,flaring,Propane,1866.34,gal,2024,1
Activité LQS,LSH,GL2Z,GNL,Equipment-1042,EQ-01042,fugitive,,7484.75,,2022,4
Activité E&P,DP,GTL,GF,Equipment-1043,EQ-01043,drilling,,5053.93,,2025,2
Activité E&P,DP,HRM,GF,Equipment-1044,EQ-01044,venting,,9787.86,,2022,5
Activité E&P,AST,MLN,OF,Equipment-1045,EQ-01045,venting,,3448.93,,2025,12
Activité E&P,DP,INAS,GF,Equipment-1046,EQ-01046,combustion,Diesel,3234.57,gal,2025,4
Activité E&P,AST,OURHOUD,OF,Equipment-1047,EQ-01047,drilling,,4857.67,,2024,2
Activité E&P,AST,ISG,GF,Equipment-1048,EQ-01048,flaring,Natural Gas,6109.09,scf,2024,5
Activité RPC,RAF,RA1A,Raffinerie,Equipment-1049,EQ-01049,flaring,Natural Gas,2565.94,scf,2024,12
Activité E&P,AST,BRS,OF,Equipment-1050,EQ-01050,venting,,770.66,,2024,4
Activité RPC,RAF,RA1K,Raffinerie,Equipment-1051,EQ-01051,flaring,Diesel,8624.97,gal,2022,1
Activité E&P,DP,HBK,GF,Equipment-1052,EQ-01052,venting,,5977.36,,2025,2
Activité E&P,DP,TFT,GF,Equipment-1053,EQ-01053,flaring,Natural Gas,5195.12,scf,2023,4
Activité E&P,DP,RNS,GF,Equipment-1054,EQ-01054,drilling,,8430.98,,2023,7
Activité RPC,RAF,RA1A,Raffinerie,Equipment-1055,EQ-01055,venting,,7078.76,,2024,4
Activité E&P,DP,INAS,GF,Equipment-1056,EQ-01056,drilling,,2903.88,,2024,9
Activité LQS,LSH,GL1K,GNL,Equipment-1057,EQ-01057,drilling,,6812.46,,2024,4
Activité E&P,AST,GB,OF,Equipment-1058,EQ-01058,combustion,Propane,2883.23,gal,2022,7
Activité E&P,AST,G SH-ENI,OF,Equipment-1059,EQ-01059,flaring,Propane,8259.05,gal,2022,7
Activité RPC,PEC,CP1Z,Pétrochimie,Equipment-1060,EQ-01060,venting,,8861.23,,2022,2
Activité E&P,AST,OURHOUD,OF,Equipment-1061,EQ-01061,drilling,,9785.98,,2025,6
Activité E&P,AST,GB,OF,Equipment-1062,EQ-01062,drilling,,359.34,,2024,12
Activité E&P,AST,BMS,OF,Equipment-1063,EQ-01063,fugitive,,9591.39,,2022,10
Activité RPC,RAF,RA1A,Raffinerie,Equipment-1064,EQ-01064,flaring,Natural Gas,5949.92,scf,2024,11
Activité E&P,DP,RNS,GF,Equipment-1065,EQ-01065,flaring,Propane,3214.3,gal,2025,10
Activité RPC,RAF,RA1A,Raffinerie,Equipment-1066,EQ-01066,drilling,,311.89,,2022,9
Activité RPC,PEC,CPEK,Pétrochimie,Equipment-1067,EQ-01067,combustion,Propane,6776.71,gal,2024,7
Activité RPC,PEC,CP1Z,Pétrochimie,Equipment-1068,EQ-01068,combustion,Fuel Gas,5249.6,gal,2024,9
Activité E&P,AST,REGGANE,GF,Equipment-1069,EQ-01069,drilling,,8423.01,,2025,3
Activité E&P,AST,INA,GF,Equipment-1070,EQ-01070,fugitive,,9354.0,,2022,1
Activité E&P,AST,ISG,GF,Equipment-1071,EQ-01071,flaring,Natural Gas,9979.0,scf,2024,5
Activité E&P,AST,G SH-ENI,OF,Equipment-1072,EQ-01072,drilling,,7174.94,,2023,3
Activité E&P,AST,RKF,OF,Equipment-1073,EQ-01073,flaring,Fuel Gas,420.48,gal,2023,6
Activité E&P,DP,ADR,OF,Equipment-1074,EQ-01074,flaring,Propane,6890.41,gal,2025,9
Activité E&P,AST,RKF,OF,Equipment-1075,EQ-01075,fugitive,,1782.9,,2024,1
Activité E&P,DP,REB,OF,Equipment-1076,EQ-01076,combustion,Diesel,9927.06,gal,2022,4
Activité LQS,LSH,GL3Z,GNL,Equipment-1077,EQ-01077,combustion,Propane,6730.13,gal,2024,4
Activité E&P,AST,SH-FCP MLE,GF,Equipment-1078,EQ-01078,combustion,Propane,6304.84,gal,2024,11
Activité E&P,AST,REGGANE,GF,Equipment-1079,EQ-01079,venting,,7556.41,,2022,6
Activité RPC,PEC,CPEK,Pétrochimie,Equipment-1080,EQ-01080,fugitive,,1956.14,,2023,7
Activité LQS,LSH,GL2Z,GNL,Equipment-1081,EQ-01081,venting,,4300.54,,2023,12
Activité E&P,AST,GTG,GF,Equipment-1082,EQ-01082,drilling,,4774.63,,2024,6
Activité E&P,DP,OHT,GF,Equipment-1083,EQ-01083,venting,,4703.51,,2025,6
Activité E&P,AST,RKF,OF,Equipment-1084,EQ-01084,flaring,Fuel Gas,4221.56,gal,2022,11
Activité E&P,AST,SH-FCP MLE,GF,Equipment-1085,EQ-01085,drilling,,4499.79,,2022,3
Activité E&P,AST,GSS,OF,Equipment-1086,EQ-01086,venting,,6143.81,,2023,9
Activité E&P,DP,STAH,OF,Equipment-1087,EQ-01087,drilling,,5349.2,,2023,11
Activité E&P,DP,HMD,OF,Equipment-1088,EQ-01088,venting,,5534.7,,2025,2
Activité LQS,LSH,GP2Z,GPL,Equipment-1089,EQ-01089,flaring,Fuel Gas,1520.89,gal,2022,7
Activité E&P,AST,BMS,OF,Equipment-1090,EQ-01090,combustion,Natural Gas,4095.78,scf,2024,1
Activité E&P,DP,RNS,GF,Equipment-1091,EQ-01091,combustion,,8114.97,,2022,4
Activité E&P,DP,STAH,OF,Equipment-1092,EQ-01092,flaring,Fuel Gas,3825.48,gal,2024,6
Activité E&P,DP,GTL,GF,Equipment-1093,EQ-01093,drilling,,3483.37,,2023,12
Activité E&P,DP,REB,OF,Equipment-1094,EQ-01094,combustion,,9323.56,,2024,5
Activité LQS,LSH,GL3Z,GNL,Equipment-1095,EQ-01095,venting,,6976.92,,2023,7
Activité E&P,AST,BMS,OF,Equipment-1096,EQ-01096,drilling,,5862.53,,2022,7
Activité E&P,DP,ADR,OF,Equipment-1097,EQ-01097,flaring,Fuel Gas,6195.52,gal,2023,4
Activité E&P,AST,GTFT,GF,Equipment-1098,EQ-01098,flaring,,8294.77,,2025,2
Activité E&P,AST,GTIM,GF,Equipment-1099,EQ-01099,fugitive,,1039.55,,2024,6
Activité E&P,DP,INAS,GF,Equipment-1100,EQ-01100,venting,,9517.69,,2022,2
Activité E&P,AST,OURHOUD,OF,Equipment-1101,EQ-01101,fugitive,,3253.57,,2023,7
Activité E&P,DP,HMD,OF,Equipment-1102,EQ-01102,flaring,Propane,891.22,gal,2025,4
Activité E&P,AST,OURHOUD,OF,Equipment-1103,EQ-01103,fugitive,,4944.0,,2024,11
Activité E&P,DP,REB,OF,Equipment-1104,EQ-01104,drilling,,1191.77,,2022,11
Activité E&P,AST,GTG,GF,Equipment-1105,EQ-01105,combustion,Natural Gas,4368.05,scf,2024,3
Activité RPC,PEC,CP1Z,Pétrochimie,Equipment-1106,EQ-01106,flaring,,6251.13,,2022,2
Activité E&P,AST,REGGANE,GF,Equipment-1107,EQ-01107,combustion,Diesel,3086.16,gal,2023,2
Activité RPC,RAF,RA1Z,Raffinerie,Equipment-1108,EQ-01108,venting,,1160.5,,2024,5
Activité E&P,DP,HBK,GF,Equipment-1109,EQ-01109,drilling,,9436.73,,2025,12
Activité RPC,RAF,RA1Z,Raffinerie,Equipment-1110,EQ-01110,venting,,3823.27,,2025,1
Activité E&P,DP,HRM,GF,Equipment-1111,EQ-01111,venting,,7733.69,,2023,5
Activité E&P,AST,SH-FCP MLE,GF,Equipment-1112,EQ-01112,drilling,,3718.64,,2025,3
Activité LQS,LSH,GP1Z,GPL,Equipment-1113,EQ-01113,fugitive,,6407.89,,2025,2
Activité E&P,DP,INAS,GF,Equipment-1114,EQ-01114,venting,,2344.67,,2025,9
Activité E&P,DP,GTL,GF,Equipment-1115,EQ-01115,flaring,,5701.76,,2024,5
Activité E&P,AST,HBR,OF,Equipment-1116,EQ-01116,flaring,Propane,9550.18,gal,2024,9
Activité RPC,RAF,RA1Z,Raffinerie,Equipment-1117,EQ-01117,fugitive,,2043.45,,2025,10
Activité E&P,DP,HRM,GF,Equipment-1118,EQ-01118,combustion,Fuel Gas,4718.8,gal,2023,1
Activité E&P,DP,INAS,GF,Equipment-1119,EQ-01119,combustion,Diesel,7911.73,gal,2022,1
Activité LQS,LSH,GL2Z,GNL,Equipment-1120,EQ-01120,flaring,Natural Gas,6378.22,scf,2023,10
Activité E&P,DP,TFT,GF,Equipment-1121,EQ-01121,flaring,Diesel,4745.88,gal,2025,12
Activité E&P,DP,HRM,GF,Equipment-1122,EQ-01122,fugitive,,3621.03,,2025,2
Activité E&P,DP,INAS,GF,Equipment-1123,EQ-01123,fugitive,,1262.67,,2023,3
Activité LQS,LSH,GP1Z,GPL,Equipment-1124,EQ-01124,flaring,Diesel,1529.26,gal,2024,12
Activité E&P,DP,INAS,GF,Equipment-1125,EQ-01125,drilling,,1991.32,,2022,10
Activité E&P,DP,OHT,GF,Equipment-1126,EQ-01126,flaring,Diesel,3237.6,gal,2022,8
Activité E&P,DP,HBK,GF,Equipment-1127,EQ-01127,drilling,,3182.59,,2024,10
Activité RPC,RAF,RA1Z,Raffinerie,Equipment-1128,EQ-01128,drilling,,1764.32,,2022,7
Activité E&P,AST,ISG,GF,Equipment-1129,EQ-01129,drilling,,8168.61,,2025,12
Activité RPC,RAF,RA1Z,Raffinerie,Equipment-1130,EQ-01130,venting,,2296.48,,2025,5
Activité E&P,DP,HBK,GF,Equipment-1131,EQ-01131,flaring,Fuel Gas,3178.89,gal,2025,3
Activité E&P,AST,BMS,OF,Equipment-1132,EQ-01132,drilling,,1722.7,,2022,4
Activité E&P,AST,MLN,OF,Equipment-1133,EQ-01133,combustion,,2510.8,,2023,10
Activité E&P,AST,GTG,GF,Equipment-1134,EQ-01134,flaring,Propane,5209.99,gal,2024,5
Activité E&P,AST,BRS,OF,Equipment-1135,EQ-01135,drilling,,7583.99,,2022,6
Activité RPC,RAF,RA1A,Raffinerie,Equipment-1136,EQ-01136,drilling,,1985.87,,2022,6
Activité E&P,AST,MLN,OF,Equipment-1137,EQ-01137,flaring,Propane,5024.88,gal,2024,12
Activité RPC,RAF,RA1A,Raffinerie,Equipment-1138,EQ-01138,venting,,2888.49,,2025,10
Activité RPC,RAF,RA1Z,Raffinerie,Equipment-1139,EQ-01139,fugitive,,3670.08,,2022,4
Activité RPC,RAF,RA1A,Raffinerie,Equipment-1140,EQ-01140,drilling,,8236.6,,2025,10
Activité RPC,PEC,CPEK,Pétrochimie,Equipment-1141,EQ-01141,flaring,Fuel Gas,7223.08,gal,2024,2
Activité E&P,AST,OURHOUD,OF,Equipment-1142,EQ-01142,combustion,Diesel,9989.3,gal,2025,2
Activité LQS,LSH,GL1K,GNL,Equipment-1143,EQ-01143,drilling,,7451.12,,2023,11
Activité E&P,AST,MLN,OF,Equipment-1144,EQ-01144,venting,,4725.38,,2023,2
Activité E&P,AST,GTG,GF,Equipment-1145,EQ-01145,venting,,1159.37,,2022,2
Activité RPC,RAF,RA1K,Raffinerie,Equipment-1146,EQ-01146,venting,,7019.17,,2024,11
Activité E&P,DP,RNS,GF,Equipment-1147,EQ-01147,venting,,7448.85,,2025,7
Activité LQS,LSH,GL3Z,GNL,Equipment-1148,EQ-01148,drilling,,3738.91,,2023,2
Activité RPC,RAF,RA1G,Raffinerie,Equipment-1149,EQ-01149,venting,,1537.07,,2022,4
Activité E&P,AST,ISG,GF,Equipment-1150,EQ-01150,venting,,1253.48,,2022,10
Activité E&P,AST,OURHOUD,OF,Equipment-1151,EQ-01151,fugitive,,8299.58,,2022,7
Activité LQS,LSH,GL1K,GNL,Equipment-1152,EQ-01152,drilling,,6733.89,,2022,1
Activité RPC,PEC,CP1Z,Pétrochimie,Equipment-1153,EQ-01153,venting,,4684.71,,2022,12
Activité E&P,AST,GTFT,GF,Equipment-1154,EQ-01154,combustion,Propane,8141.74,gal,2023,8
Activité E&P,DP,INAS,GF,Equipment-1155,EQ-01155,fugitive,,2141.44,,2022,2
Activité E&P,AST,MLN,OF,Equipment-1156,EQ-01156,venting,,3673.02,,2024,1
Activité E&P,DP,GTL,GF,Equipment-1157,EQ-01157,flaring,Natural Gas,8155.13,scf,2022,4
Activité E&P,AST,OURHOUD,OF,Equipment-1158,EQ-01158,drilling,,6521.95,,2023,11
Activité E&P,DP,REB,OF,Equipment-1159,EQ-01159,combustion,,9825.47,,2022,4
Activité E&P,AST,G SH-ENI,OF,Equipment-1160,EQ-01160,fugitive,,64.97,,2024,8
Activité E&P,DP,HMD,OF,Equipment-1161,EQ-01161,flaring,Propane,7138.05,gal,2023,3
Activité E&P,AST,BMS,OF,Equipment-1162,EQ-01162,flaring,Fuel Gas,9615.47,gal,2023,7
Activité LQS,LSH,GL2Z,GNL,Equipment-1163,EQ-01163,fugitive,,8293.18,,2024,5
Activité E&P,DP,STAH,OF,Equipment-1164,EQ-01164,drilling,,6197.52,,2023,1
Activité E&P,DP,OHT,GF,Equipment-1165,EQ-01165,combustion,Propane,2196.31,gal,2023,3
Activité LQS,LSH,GP1Z,GPL,Equipment-1166,EQ-01166,flaring,Propane,3352.26,gal,2023,6
Activité E&P,DP,RNS,GF,Equipment-1167,EQ-01167,venting,,4427.86,,2025,4
Activité RPC,PEC,CP1Z,Pétrochimie,Equipment-1168,EQ-01168,drilling,,2456.0,,2025,1
Activité E&P,AST,GB,OF,Equipment-1169,EQ-01169,drilling,,6358.35,,2025,6
Activité RPC,RAF,RA1G,Raffinerie,Equipment-1170,EQ-01170,drilling,,9423.77,,2024,10
Activité RPC,RAF,RA1K,Raffinerie,Equipment-1171,EQ-01171,venting,,3521.84,,2024,6
Activité E&P,DP,INAS,GF,Equipment-1172,EQ-01172,fugitive,,8292.74,,2024,6
Activité E&P,DP,HRM,GF,Equipment-1173,EQ-01173,flaring,,9891.93,,2025,7
Activité LQS,LSH,GP1Z,GPL,Equipment-1174,EQ-01174,combustion,Fuel Gas,9561.65,gal,2025,10
Activité E&P,AST,OURHOUD,OF,Equipment-1175,EQ-01175,venting,,9546.24,,2023,1
Activité E&P,AST,G SH-ENI,OF,Equipment-1176,EQ-01176,drilling,,9737.36,,2025,8
Activité E&P,AST,GSS,OF,Equipment-1177,EQ-01177,fugitive,,2939.2,,2024,11
Activité LQS,LSH,GL1Z,GNL,Equipment-1178,EQ-01178,fugitive,,6029.49,,2025,2
Activité LQS,LSH,GL2Z,GNL,Equipment-1179,EQ-01179,flaring,,858.65,,2023,10
Activité E&P,DP,REB,OF,Equipment-1180,EQ-01180,fugitive,,9419.63,,2025,1
Activité E&P,DP,HMD,OF,Equipment-1181,EQ-01181,flaring,Fuel Gas,6940.79,gal,2025,11
Activité E&P,DP,GTL,GF,Equipment-1182,EQ-01182,flaring,Natural Gas,4840.58,scf,2022,2
Activité LQS,LSH,GP1Z,GPL,Equipment-1183,EQ-01183,combustion,Diesel,7021.91,gal,2025,8
Activité E&P,AST,REGGANE,GF,Equipment-1184,EQ-01184,combustion,Diesel,2987.6,gal,2022,6
Activité E&P,AST,GTG,GF,Equipment-1185,EQ-01185,fugitive,,159.42,,2024,2
Activité E&P,DP,OHT,GF,Equipment-1186,EQ-01186,drilling,,2726.35,,2022,7
Activité E&P,DP,HBK,GF,Equipment-1187,EQ-01187,flaring,Natural Gas,8359.46,scf,2025,3
Activité RPC,RAF,RA1G,Raffinerie,Equipment-1188,EQ-01188,combustion,Diesel,3374.09,gal,2022,2
Activité E&P,AST,GTFT,GF,Equipment-1189,EQ-01189,combustion,Propane,83.49,gal,2022,3
Activité E&P,AST,GB,OF,Equipment-1190,EQ-01190,venting,,155.36,,2022,7
Activité LQS,LSH,GL3Z,GNL,Equipment-1191,EQ-01191,venting,,2503.79,,2024,9
Activité E&P,AST,GB,OF,Equipment-1192,EQ-01192,flaring,,6926.43,,2022,2
Activité LQS,LSH,GL1Z,GNL,Equipment-1193,EQ-01193,combustion,Natural Gas,4888.82,scf,2024,5
Activité E&P,AST,BRS,OF,Equipment-1194,EQ-01194,combustion,,8482.18,,2024,7
Activité RPC,RAF,RA1K,Raffinerie,Equipment-1195,EQ-01195,fugitive,,5599.7,,2023,1
Activité E&P,AST,BMS,OF,Equipment-1196,EQ-01196,combustion,Fuel Gas,631.95,gal,2023,4
Activité LQS,LSH,GL2Z,GNL,Equipment-1197,EQ-01197,flaring,Diesel,2126.99,gal,2025,5
Activité RPC,RAF,RA1Z,Raffinerie,Equipment-1198,EQ-01198,venting,,1737.13,,2025,9
Activité E&P,AST,GTFT,GF,Equipment-1199,EQ-01199,fugitive,,4792.53,,2023,6
Activité E&P,AST,REGGANE,GF,Equipment-1200,EQ-01200,fugitive,,5058.44,,2022,5
Activité E&P,DP,HRM,GF,Equipment-1201,EQ-01201,drilling,,5883.7,,2023,4
Activité LQS,LSH,GP1Z,GPL,Equipment-1202,EQ-01202,drilling,,4339.89,,2023,5
Activité E&P,AST,GTIM,GF,Equipment-1203,EQ-01203,flaring,,1988.42,,2022,5
Activité RPC,RAF,RA1G,Raffinerie,Equipment-1204,EQ-01204,flaring,Propane,2864.52,gal,2022,11
Activité E&P,DP,INAS,GF,Equipment-1205,EQ-01205,drilling,,6543.45,,2024,8
Activité LQS,LSH,GP2Z,GPL,Equipment-1206,EQ-01206,flaring,Fuel Gas,279.52,gal,2022,11
Activité E&P,AST,BMS,OF,Equipment-1207,EQ-01207,flaring,Diesel,7491.03,gal,2023,9
Activité LQS,LSH,GL1Z,GNL,Equipment-1208,EQ-01208,flaring,Diesel,7006.54,gal,2025,8
Activité E&P,AST,GTIM,GF,Equipment-1209,EQ-01209,venting,,4896.0,,2022,4
Activité LQS,LSH,GP2Z,GPL,Equipment-1210,EQ-01210,venting,,9429.88,,2022,11
Activité RPC,RAF,RA1K,Raffinerie,Equipment-1211,EQ-01211,drilling,,8515.49,,2025,9
Activité E&P,AST,GTG,GF,Equipment-1212,EQ-01212,flaring,,8467.88,,2025,11
Activité E&P,DP,HRM,GF,Equipment-1213,EQ-01213,flaring,Diesel,187.46,gal,2022,1
Activité E&P,AST,GTIM,GF,Equipment-1214,EQ-01214,drilling,,3696.91,,2025,7
Activité E&P,DP,STAH,OF,Equipment-1215,EQ-01215,venting,,2915.79,,2022,12
Activité E&P,DP,GTL,GF,Equipment-1216,EQ-01216,fugitive,,6777.69,,2023,3
Activité LQS,LSH,GL1Z,GNL,Equipment-1217,EQ-01217,venting,,7784.15,,2022,3
Activité RPC,RAF,RA1K,Raffinerie,Equipment-1218,EQ-01218,venting,,4373.95,,2023,12
Activité LQS,LSH,GL2Z,GNL,Equipment-1219,EQ-01219,combustion,Diesel,9036.75,gal,2022,4
Activité E&P,AST,BRS,OF,Equipment-1220,EQ-01220,venting,,2257.42,,2022,8
Activité E&P,DP,INAS,GF,Equipment-1221,EQ-01221,combustion,,4682.91,,2022,11
Activité E&P,AST,GTIM,GF,Equipment-1222,EQ-01222,drilling,,957.09,,2022,3
Activité E&P,DP,HMD,OF,Equipment-1223,EQ-01223,drilling,,9542.35,,2023,5
Activité RPC,RAF,RA1Z,Raffinerie,Equipment-1224,EQ-01224,flaring,Propane,7213.25,gal,2022,5
Activité E&P,AST,REGGANE,GF,Equipment-1225,EQ-01225,combustion,Fuel Gas,9703.79,gal,2024,2
Activité E&P,DP,RNS,GF,Equipment-1226,EQ-01226,combustion,Natural Gas,676.26,scf,2023,11
Activité E&P,AST,GTG,GF,Equipment-1227,EQ-01227,flaring,,8347.97,,2023,6
Activité LQS,LSH,GL3Z,GNL,Equipment-1228,EQ-01228,combustion,,1059.74,,2022,8
Activité LQS,LSH,GL2Z,GNL,Equipment-1229,EQ-01229,fugitive,,2716.27,,2023,1
Activité E&P,AST,GSS,OF,Equipment-1230,EQ-01230,drilling,,2314.63,,2023,12
Activité E&P,DP,ADR,OF,Equipment-1231,EQ-01231,fugitive,,1625.73,,2022,9
Activité E&P,AST,BMS,OF,Equipment-1232,EQ-01232,combustion,Diesel,3017.54,gal,2022,1
Activité E&P,DP,HBK,GF,Equipment-1233,EQ-01233,combustion,,5167.01,,2024,1
Activité E&P,AST,ISG,GF,Equipment-1234,EQ-01234,drilling,,3613.75,,2022,12
Activité E&P,DP,INAS,GF,Equipment-1235,EQ-01235,venting,,8719.24,,2022,8
Activité E&P,AST,GTFT,GF,Equipment-1236,EQ-01236,drilling,,9568.48,,2025,2
Activité LQS,LSH,GL1Z,GNL,Equipment-1237,EQ-01237,combustion,Natural Gas,2921.23,scf,2025,3
Activité E&P,AST,HBR,OF,Equipment-1238,EQ-01238,drilling,,2951.1,,2024,7
Activité RPC,RAF,RA1A,Raffinerie,Equipment-1239,EQ-01239,flaring,Diesel,9638.16,gal,2022,7
Activité E&P,DP,HBK,GF,Equipment-1240,EQ-01240,combustion,Diesel,4769.54,gal,2025,10
Activité RPC,RAF,RA1Z,Raffinerie,Equipment-1241,EQ-01241,flaring,,3504.78,,2023,2
Activité E&P,DP,GTL,GF,Equipment-1242,EQ-01242,drilling,,598.19,,2024,1
Activité RPC,RAF,RA1Z,Raffinerie,Equipment-1243,EQ-01243,combustion,,7405.9,,2022,9
Activité E&P,AST,GB,OF,Equipment-1244,EQ-01244,venting,,1366.87,,2022,11
Activité E&P,AST,INA,GF,Equipment-1245,EQ-01245,drilling,,1660.02,,2023,10
Activité E&P,DP,HBK,GF,Equipment-1246,EQ-01246,venting,,3915.92,,2022,7
Activité RPC,RAF,RA1K,Raffinerie,Equipment-1247,EQ-01247,combustion,Fuel Gas,7255.47,gal,2023,2
Activité E&P,AST,G SH-ENI,OF,Equipment-1248,EQ-01248,venting,,5559.51,,2025,4
Activité E&P,AST,HBR,OF,Equipment-1249,EQ-01249,flaring,Fuel Gas,9871.27,gal,2022,10
Activité E&P,AST,GB,OF,Equipment-1250,EQ-01250,fugitive,,8022.58,,2022,6
Activité RPC,RAF,RA1Z,Raffinerie,Equipment-1251,EQ-01251,flaring,Fuel Gas,2287.42,gal,2022,12
Activité LQS,LSH,GL1Z,GNL,Equipment-1252,EQ-01252,combustion,Diesel,730.32,gal,2022,1
Activité E&P,AST,REGGANE,GF,Equipment-1253,EQ-01253,flaring,Diesel,2625.28,gal,2024,7
Activité E&P,AST,SH-FCP MLE,GF,Equipment-1254,EQ-01254,combustion,Natural Gas,5273.53,scf,2022,7
Activité LQS,LSH,GP1Z,GPL,Equipment-1255,EQ-01255,combustion,Natural Gas,5931.15,scf,2023,1
Activité LQS,LSH,GL3Z,GNL,Equipment-1256,EQ-01256,fugitive,,7594.28,,2022,2
Activité E&P,AST,INA,GF,Equipment-1257,EQ-01257,flaring,Fuel Gas,3833.61,gal,2023,8
Activité E&P,AST,ISG,GF,Equipment-1258,EQ-01258,combustion,,8249.4,,2023,3
Activité E&P,AST,OURHOUD,OF,Equipment-1259,EQ-01259,venting,,2177.35,,2023,10
Activité E&P,DP,STAH,OF,Equipment-1260,EQ-01260,fugitive,,7820.17,,2024,10
Activité E&P,DP,RNS,GF,Equipment-1261,EQ-01261,drilling,,8063.26,,2025,12
Activité E&P,AST,OURHOUD,OF,Equipment-1262,EQ-01262,flaring,Diesel,2953.51,gal,2022,3
Activité LQS,LSH,GP1Z,GPL,Equipment-1263,EQ-01263,flaring,,6021.01,,2024,5
Activité E&P,AST,GTFT,GF,Equipment-1264,EQ-01264,venting,,2597.13,,2023,10
Activité RPC,PEC,CPEK,Pétrochimie,Equipment-1265,EQ-01265,flaring,Diesel,7977.83,gal,2024,1
Activité E&P,AST,SH-FCP MLE,GF,Equipment-1266,EQ-01266,flaring,Propane,2914.76,gal,2022,6
Activité E&P,DP,REB,OF,Equipment-1267,EQ-01267,drilling,,7880.24,,2022,11
Activité RPC,RAF,RA1A,Raffinerie,Equipment-1268,EQ-01268,venting,,5859.62,,2023,7
Activité RPC,RAF,RA1K,Raffinerie,Equipment-1269,EQ-01269,venting,,6881.7,,2022,7
Activité E&P,DP,OHT,GF,Equipment-1270,EQ-01270,combustion,Natural Gas,5471.74,scf,2022,9
Activité E&P,DP,HRM,GF,Equipment-1271,EQ-01271,flaring,Propane,1013.32,gal,2024,12
Activité LQS,LSH,GL1Z,GNL,Equipment-1272,EQ-01272,combustion,Propane,8196.83,gal,2024,1
Activité E&P,AST,RKF,OF,Equipment-1273,EQ-01273,venting,,4137.58,,2024,12
Activité E&P,DP,STAH,OF,Equipment-1274,EQ-01274,combustion,Diesel,579.68,gal,2024,3
Activité E&P,AST,GSS,OF,Equipment-1275,EQ-01275,combustion,Natural Gas,2164.48,scf,2024,4
Activité E&P,AST,GSS,OF,Equipment-1276,EQ-01276,venting,,4007.43,,2024,10
Activité E&P,AST,BRS,OF,Equipment-1277,EQ-01277,venting,,5558.89,,2025,5
Activité E&P,AST,BMS,OF,Equipment-1278,EQ-01278,venting,,9616.81,,2023,2
Activité E&P,AST,G SH-ENI,OF,Equipment-1279,EQ-01279,fugitive,,5121.0,,2022,8
Activité LQS,LSH,GL1K,GNL,Equipment-1280,EQ-01280,combustion,Fuel Gas,6724.83,gal,2025,7
Activité LQS,LSH,GL1K,GNL,Equipment-1281,EQ-01281,venting,,907.28,,2024,12
Activité RPC,RAF,RA1G,Raffinerie,Equipment-1282,EQ-01282,combustion,Propane,8745.06,gal,2023,10
Activité RPC,PEC,CP1Z,Pétrochimie,Equipment-1283,EQ-01283,venting,,6029.07,,2023,3
Activité E&P,AST,GTG,GF,Equipment-1284,EQ-01284,drilling,,3785.59,,2023,11
Activité E&P,AST,RKF,OF,Equipment-1285,EQ-01285,venting,,390.8,,2025,1
Activité RPC,RAF,RA1G,Raffinerie,Equipment-1286,EQ-01286,drilling,,1059.29,,2025,2
Activité RPC,RAF,RA1Z,Raffinerie,Equipment-1287,EQ-01287,fugitive,,4641.77,,2022,9
Activité E&P,AST,MLN,OF,Equipment-1288,EQ-01288,flaring,Fuel Gas,9714.55,gal,2022,3
Activité E&P,AST,GTFT,GF,Equipment-1289,EQ-01289,venting,,4585.13,,2025,3
Activité E&P,AST,ISG,GF,Equipment-1290,EQ-01290,combustion,Natural Gas,5783.1,scf,2022,1
Activité LQS,LSH,GL1Z,GNL,Equipment-1291,EQ-01291,combustion,Natural Gas,3416.05,scf,2024,1
Activité E&P,AST,ISG,GF,Equipment-1292,EQ-01292,venting,,1752.05,,2025,8
Activité E&P,AST,ISG,GF,Equipment-1293,EQ-01293,flaring,Diesel,7636.06,gal,2025,7
Activité E&P,DP,RNS,GF,Equipment-1294,EQ-01294,fugitive,,5934.78,,2024,9
Activité E&P,AST,BMS,OF,Equipment-1295,EQ-01295,fugitive,,1634.35,,2024,7
Activité E&P,DP,RNS,GF,Equipment-1296,EQ-01296,fugitive,,6207.44,,2023,8
Activité LQS,LSH,GL3Z,GNL,Equipment-1297,EQ-01297,flaring,Natural Gas,9835.17,scf,2025,10
Activité E&P,AST,GTIM,GF,Equipment-1298,EQ-01298,flaring,Natural Gas,5140.99,scf,2022,6
Activité E&P,AST,BMS,OF,Equipment-1299,EQ-01299,drilling,,2193.55,,2024,9
Activité E&P,DP,TFT,GF,Equipment-1300,EQ-01300,fugitive,,1718.65,,2022,4
Activité E&P,DP,HBK,GF,Equipment-1301,EQ-01301,fugitive,,5342.21,,2023,2
Activité E&P,DP,REB,OF,Equipment-1302,EQ-01302,venting,,5701.92,,2023,9
Activité E&P,AST,ISG,GF,Equipment-1303,EQ-01303,combustion,Propane,3947.44,gal,2022,8
Activité RPC,RAF,RA1Z,Raffinerie,Equipment-1304,EQ-01304,combustion,Natural Gas,5648.98,scf,2022,12
Activité LQS,LSH,GL3Z,GNL,Equipment-1305,EQ-01305,combustion,Diesel,1476.03,gal,2025,3
Activité LQS,LSH,GL1K,GNL,Equipment-1306,EQ-01306,venting,,6772.32,,2022,5
Activité E&P,DP,REB,OF,Equipment-1307,EQ-01307,fugitive,,6458.66,,2023,11
Activité E&P,AST,G SH-ENI,OF,Equipment-1308,EQ-01308,drilling,,9081.75,,2024,12
Activité E&P,AST,REGGANE,GF,Equipment-1309,EQ-01309,drilling,,3062.77,,2022,8
Activité LQS,LSH,GP2Z,GPL,Equipment-1310,EQ-01310,venting,,7796.72,,2024,4
Activité E&P,AST,GTG,GF,Equipment-1311,EQ-01311,fugitive,,2103.09,,2022,6
Activité LQS,LSH,GL1K,GNL,Equipment-1312,EQ-01312,combustion,,3120.5,,2025,10
Activité RPC,PEC,CPEK,Pétrochimie,Equipment-1313,EQ-01313,venting,,5648.31,,2023,10
Activité E&P,DP,RNS,GF,Equipment-1314,EQ-01314,venting,,4130.48,,2024,9
Activité RPC,RAF,RA1G,Raffinerie,Equipment-1315,EQ-01315,flaring,Fuel Gas,1587.81,gal,2023,4
Activité E&P,AST,GTIM,GF,Equipment-1316,EQ-01316,fugitive,,1061.94,,2025,8
Activité E&P,DP,HBK,GF,Equipment-1317,EQ-01317,fugitive,,2021.67,,2025,7
Activité E&P,AST,GTIM,GF,Equipment-1318,EQ-01318,fugitive,,5162.06,,2022,7
Activité LQS,LSH,GP2Z,GPL,Equipment-1319,EQ-01319,venting,,706.53,,2022,10
Activité E&P,AST,OURHOUD,OF,Equipment-1320,EQ-01320,flaring,,5511.44,,2025,1
Activité LQS,LSH,GL3Z,GNL,Equipment-1321,EQ-01321,combustion,,5428.96,,2022,11
Activité E&P,AST,BRS,OF,Equipment-1322,EQ-01322,fugitive,,1148.01,,2024,2
Activité RPC,RAF,RA1K,Raffinerie,Equipment-1323,EQ-01323,fugitive,,1256.21,,2022,8
Activité E&P,AST,GTIM,GF,Equipment-1324,EQ-01324,fugitive,,7150.17,,2022,12
Activité LQS,LSH,GL2Z,GNL,Equipment-1325,EQ-01325,combustion,Natural Gas,3024.13,scf,2025,11
Activité E&P,DP,HBK,GF,Equipment-1326,EQ-01326,combustion,,5834.05,,2023,12
Activité E&P,DP,HBK,GF,Equipment-1327,EQ-01327,flaring,,1203.26,,2022,2
Activité E&P,AST,INA,GF,Equipment-1328,EQ-01328,flaring,Propane,9312.43,gal,2024,12
Activité LQS,LSH,GL1Z,GNL,Equipment-1329,EQ-01329,drilling,,8639.47,,2022,4
Activité E&P,DP,ADR,OF,Equipment-1330,EQ-01330,venting,,4237.53,,2025,3
Activité LQS,LSH,GL1Z,GNL,Equipment-1331,EQ-01331,drilling,,6646.02,,2022,9
Activité E&P,AST,MLN,OF,Equipment-1332,EQ-01332,flaring,Natural Gas,2676.17,scf,2022,1
Activité E&P,DP,STAH,OF,Equipment-1333,EQ-01333,venting,,3033.3,,2022,6
Activité E&P,AST,ISG,GF,Equipment-1334,EQ-01334,drilling,,8325.57,,2025,5
Activité E&P,DP,HRM,GF,Equipment-1335,EQ-01335,drilling,,7544.51,,2022,9
Activité E&P,DP,TFT,GF,Equipment-1336,EQ-01336,fugitive,,4347.95,,2022,12
Activité E&P,DP,INAS,GF,Equipment-1337,EQ-01337,drilling,,6495.15,,2025,4
Activité E&P,DP,RNS,GF,Equipment-1338,EQ-01338,combustion,Fuel Gas,4786.05,gal,2025,8
Activité RPC,PEC,CPEK,Pétrochimie,Equipment-1339,EQ-01339,venting,,6355.09,,2023,5
Activité E&P,DP,HMD,OF,Equipment-1340,EQ-01340,fugitive,,5235.38,,2022,10
Activité RPC,RAF,RA1Z,Raffinerie,Equipment-1341,EQ-01341,flaring,Diesel,4729.14,gal,2023,12
Activité E&P,AST,BMS,OF,Equipment-1342,EQ-01342,flaring,Fuel Gas,7786.51,gal,2024,12
Activité E&P,AST,REGGANE,GF,Equipment-1343,EQ-01343,flaring,Natural Gas,6274.25,scf,2022,3
Activité E&P,DP,OHT,GF,Equipment-1344,EQ-01344,fugitive,,8692.99,,2025,9
Activité E&P,DP,REB,OF,Equipment-1345,EQ-01345,venting,,7657.84,,2024,3
Activité E&P,DP,TFT,GF,Equipment-1346,EQ-01346,fugitive,,1069.69,,2023,1
Activité E&P,AST,BMS,OF,Equipment-1347,EQ-01347,drilling,,7818.73,,2025,11
Activité E&P,AST,G SH-ENI,OF,Equipment-1348,EQ-01348,fugitive,,4305.96,,2022,4
Activité RPC,PEC,CPEK,Pétrochimie,Equipment-1349,EQ-01349,fugitive,,3528.25,,2024,9
Activité E&P,DP,HMD,OF,Equipment-1350,EQ-01350,drilling,,1084.48,,2023,7
Activité E&P,DP,REB,OF,Equipment-1351,EQ-01351,combustion,Propane,7775.83,gal,2022,7
Activité E&P,AST,GB,OF,Equipment-1352,EQ-01352,venting,,3191.27,,2025,11
Activité E&P,AST,GTFT,GF,Equipment-1353,EQ-01353,fugitive,,6454.71,,2023,10
Activité LQS,LSH,GP1Z,GPL,Equipment-1354,EQ-01354,drilling,,1613.85,,2024,2
Activité E&P,AST,GTFT,GF,Equipment-1355,EQ-01355,flaring,,6685.04,,2022,5
Activité E&P,DP,GTL,GF,Equipment-1356,EQ-01356,flaring,,901.39,,2024,2
Activité RPC,RAF,RA1K,Raffinerie,Equipment-1357,EQ-01357,fugitive,,1929.73,,2024,8
Activité LQS,LSH,GP1Z,GPL,Equipment-1358,EQ-01358,flaring,Diesel,4135.58,gal,2023,6
Activité RPC,PEC,CP1Z,Pétrochimie,Equipment-1359,EQ-01359,combustion,Natural Gas,9386.12,scf,2025,9
Activité E&P,DP,ADR,OF,Equipment-1360,EQ-01360,flaring,Natural Gas,9298.15,scf,2023,8
Activité E&P,AST,REGGANE,GF,Equipment-1361,EQ-01361,drilling,,4183.33,,2024,1
Activité LQS,LSH,GL3Z,GNL,Equipment-1362,EQ-01362,drilling,,4795.83,,2023,4
Activité E&P,DP,TFT,GF,Equipment-1363,EQ-01363,flaring,Natural Gas,8920.71,scf,2022,2
Activité E&P,AST,ISG,GF,Equipment-1364,EQ-01364,fugitive,,9974.99,,2024,5
Activité E&P,AST,GTIM,GF,Equipment-1365,EQ-01365,fugitive,,3787.89,,2022,8
Activité E&P,DP,RNS,GF,Equipment-1366,EQ-01366,drilling,,7278.37,,2025,9
Activité RPC,RAF,RA1K,Raffinerie,Equipment-1367,EQ-01367,combustion,Diesel,7644.76,gal,2023,7
Activité E&P,DP,OHT,GF,Equipment-1368,EQ-01368,flaring,Propane,7001.64,gal,2023,3
Activité E&P,DP,RNS,GF,Equipment-1369,EQ-01369,fugitive,,754.99,,2023,6
Activité E&P,DP,REB,OF,Equipment-1370,EQ-01370,drilling,,3981.3,,2023,5
Activité E&P,DP,OHT,GF,Equipment-1371,EQ-01371,fugitive,,9713.1,,2024,5
Activité E&P,AST,ISG,GF,Equipment-1372,EQ-01372,flaring,Propane,9225.39,gal,2023,2
Activité E&P,AST,GTG,GF,Equipment-1373,EQ-01373,combustion,Diesel,4428.47,gal,2024,6
Activité E&P,AST,BRS,OF,Equipment-1374,EQ-01374,combustion,,5106.61,,2022,4
Activité E&P,AST,GTG,GF,Equipment-1375,EQ-01375,drilling,,1260.11,,2022,5
Activité RPC,PEC,CPEK,Pétrochimie,Equipment-1376,EQ-01376,fugitive,,7389.69,,2025,5
Activité RPC,RAF,RA1G,Raffinerie,Equipment-1377,EQ-01377,combustion,Propane,8754.36,gal,2023,1
Activité E&P,AST,G SH-ENI,OF,Equipment-1378,EQ-01378,fugitive,,3845.23,,2025,9
Activité E&P,AST,GB,OF,Equipment-1379,EQ-01379,flaring,,2000.92,,2024,3
Activité E&P,AST,G SH-ENI,OF,Equipment-1380,EQ-01380,combustion,Fuel Gas,6950.78,gal,2022,10
Activité RPC,RAF,RA1Z,Raffinerie,Equipment-1381,EQ-01381,drilling,,1369.69,,2025,10
Activité E&P,AST,GTFT,GF,Equipment-1382,EQ-01382,flaring,Propane,916.18,gal,2025,4
Activité RPC,PEC,CPEK,Pétrochimie,Equipment-1383,EQ-01383,fugitive,,5064.43,,2023,11
Activité E&P,AST,GSS,OF,Equipment-1384,EQ-01384,combustion,,634.25,,2022,6
Activité E&P,AST,GSS,OF,Equipment-1385,EQ-01385,drilling,,4190.11,,2023,10
Activité E&P,DP,STAH,OF,Equipment-1386,EQ-01386,fugitive,,471.48,,2023,5
Activité E&P,AST,GTFT,GF,Equipment-1387,EQ-01387,venting,,1625.79,,2022,2
Activité LQS,LSH,GP1Z,GPL,Equipment-1388,EQ-01388,combustion,Diesel,8199.19,gal,2022,4
Activité E&P,AST,GTFT,GF,Equipment-1389,EQ-01389,fugitive,,7401.36,,2025,3
Activité E&P,AST,BRS,OF,Equipment-1390,EQ-01390,drilling,,4300.05,,2023,10
Activité LQS,LSH,GL1K,GNL,Equipment-1391,EQ-01391,flaring,Diesel,7868.55,gal,2024,7
Activité E&P,DP,TFT,GF,Equipment-1392,EQ-01392,venting,,339.03,,2024,7
Activité E&P,AST,GTFT,GF,Equipment-1393,EQ-01393,flaring,Natural Gas,2774.65,scf,2025,4
Activité E&P,DP,ADR,OF,Equipment-1394,EQ-01394,combustion,,2425.43,,2022,12
Activité LQS,LSH,GL3Z,GNL,Equipment-1395,EQ-01395,venting,,8426.39,,2024,1
Activité E&P,AST,GTIM,GF,Equipment-1396,EQ-01396,venting,,7735.38,,2022,4
Activité E&P,AST,HBR,OF,Equipment-1397,EQ-01397,combustion,Fuel Gas,475.88,gal,2024,12
Activité RPC,RAF,RA1A,Raffinerie,Equipment-1398,EQ-01398,flaring,Propane,5606.36,gal,2023,5
Activité E&P,AST,MLN,OF,Equipment-1399,EQ-01399,fugitive,,4675.94,,2023,3
Activité E&P,DP,ADR,OF,Equipment-1400,EQ-01400,fugitive,,4007.34,,2022,9
Activité E&P,AST,ISG,GF,Equipment-1401,EQ-01401,fugitive,,8593.66,,2023,2
Activité LQS,LSH,GP1Z,GPL,Equipment-1402,EQ-01402,combustion,Fuel Gas,1010.26,gal,2024,3
Activité E&P,AST,GTG,GF,Equipment-1403,EQ-01403,combustion,Natural Gas,7575.68,scf,2022,8
Activité E&P,DP,HBK,GF,Equipment-1404,EQ-01404,fugitive,,273.51,,2022,9
Activité E&P,AST,REGGANE,GF,Equipment-1405,EQ-01405,fugitive,,5883.25,,2024,11
Activité RPC,RAF,RA1G,Raffinerie,Equipment-1406,EQ-01406,venting,,4127.42,,2024,9
Activité E&P,DP,HRM,GF,Equipment-1407,EQ-01407,fugitive,,5895.84,,2022,3
Activité E&P,DP,OHT,GF,Equipment-1408,EQ-01408,combustion,Diesel,2355.35,gal,2025,12
Activité RPC,RAF,RA1G,Raffinerie,Equipment-1409,EQ-01409,combustion,Fuel Gas,4609.29,gal,2024,10
Activité RPC,RAF,RA1A,Raffinerie,Equipment-1410,EQ-01410,flaring,Fuel Gas,4638.56,gal,2025,11
Activité LQS,LSH,GP1Z,GPL,Equipment-1411,EQ-01411,combustion,Natural Gas,8853.14,scf,2025,12
Activité E&P,AST,MLN,OF,Equipment-1412,EQ-01412,flaring,Natural Gas,5475.37,scf,2023,7
Activité E&P,DP,OHT,GF,Equipment-1413,EQ-01413,drilling,,1459.13,,2022,12
Activité E&P,AST,HBR,OF,Equipment-1414,EQ-01414,flaring,,655.58,,2025,7
Activité E&P,AST,REGGANE,GF,Equipment-1415,EQ-01415,drilling,,1699.92,,2023,4
Activité E&P,AST,MLN,OF,Equipment-1416,EQ-01416,fugitive,,3764.64,,2024,7
Activité E&P,AST,GTIM,GF,Equipment-1417,EQ-01417,venting,,436.53,,2022,12
Activité E&P,AST,SH-FCP MLE,GF,Equipment-1418,EQ-01418,venting,,549.78,,2024,2
Activité E&P,AST,GSS,OF,Equipment-1419,EQ-01419,combustion,Fuel Gas,6515.35,gal,2024,11
Activité E&P,DP,HMD,OF,Equipment-1420,EQ-01420,flaring,Fuel Gas,3148.24,gal,2025,5
Activité LQS,LSH,GL1Z,GNL,Equipment-1421,EQ-01421,fugitive,,4407.86,,2024,6
Activité E&P,AST,SH-FCP MLE,GF,Equipment-1422,EQ-01422,drilling,,3094.27,,2025,6
Activité LQS,LSH,GL1K,GNL,Equipment-1423,EQ-01423,fugitive,,9328.16,,2022,7
Activité E&P,DP,REB,OF,Equipment-1424,EQ-01424,flaring,Diesel,1417.66,gal,2022,6
Activité E&P,DP,STAH,OF,Equipment-1425,EQ-01425,drilling,,45.87,,2025,7
Activité E&P,AST,ISG,GF,Equipment-1426,EQ-01426,drilling,,7805.7,,2023,2
Activité E&P,DP,HMD,OF,Equipment-1427,EQ-01427,drilling,,5099.92,,2022,9
Activité RPC,RAF,RA1K,Raffinerie,Equipment-1428,EQ-01428,combustion,Fuel Gas,4873.85,gal,2022,11
Activité RPC,RAF,RA1Z,Raffinerie,Equipment-1429,EQ-01429,venting,,1770.38,,2025,11
Activité E&P,DP,RNS,GF,Equipment-1430,EQ-01430,venting,,8847.93,,2024,12
Activité E&P,AST,RKF,OF,Equipment-1431,EQ-01431,drilling,,540.95,,2023,5
Activité LQS,LSH,GL2Z,GNL,Equipment-1432,EQ-01432,combustion,Fuel Gas,6576.24,gal,2025,2
Activité RPC,PEC,CP1Z,Pétrochimie,Equipment-1433,EQ-01433,flaring,Propane,2483.57,gal,2025,2
Activité E&P,AST,MLN,OF,Equipment-1434,EQ-01434,venting,,1212.77,,2024,10
Activité E&P,DP,REB,OF,Equipment-1435,EQ-01435,flaring,Natural Gas,9207.86,scf,2023,10
Activité E&P,AST,MLN,OF,Equipment-1436,EQ-01436,fugitive,,1216.17,,2025,11
Activité LQS,LSH,GP2Z,GPL,Equipment-1437,EQ-01437,drilling,,7198.57,,2023,7
Activité E&P,DP,ADR,OF,Equipment-1438,EQ-01438,combustion,Propane,5562.4,gal,2023,6
Activité E&P,AST,HBR,OF,Equipment-1439,EQ-01439,flaring,Natural Gas,650.47,scf,2025,2
Activité E&P,AST,ISG,GF,Equipment-1440,EQ-01440,drilling,,7810.28,,2022,8
Activité E&P,DP,HMD,OF,Equipment-1441,EQ-01441,drilling,,9637.98,,2024,5
Activité E&P,DP,ADR,OF,Equipment-1442,EQ-01442,flaring,Natural Gas,7815.49,scf,2023,10
Activité LQS,LSH,GL1K,GNL,Equipment-1443,EQ-01443,flaring,,7039.88,,2025,3
Activité E&P,DP,GTL,GF,Equipment-1444,EQ-01444,flaring,Diesel,5889.34,gal,2024,4
Activité E&P,AST,GTG,GF,Equipment-1445,EQ-01445,combustion,Diesel,9605.93,gal,2022,10
Activité LQS,LSH,GL1K,GNL,Equipment-1446,EQ-01446,drilling,,1810.19,,2022,11
Activité LQS,LSH,GP2Z,GPL,Equipment-1447,EQ-01447,flaring,Natural Gas,6419.68,scf,2025,1
Activité E&P,AST,GTFT,GF,Equipment-1448,EQ-01448,fugitive,,7670.36,,2022,5
Activité E&P,AST,REGGANE,GF,Equipment-1449,EQ-01449,venting,,9994.04,,2023,2
Activité RPC,RAF,RA1Z,Raffinerie,Equipment-1450,EQ-01450,flaring,Natural Gas,1312.86,scf,2023,1
Activité E&P,AST,BMS,OF,Equipment-1451,EQ-01451,venting,,7993.85,,2024,12
Activité E&P,AST,SH-FCP MLE,GF,Equipment-1452,EQ-01452,fugitive,,4125.67,,2022,3
Activité LQS,LSH,GL2Z,GNL,Equipment-1453,EQ-01453,flaring,Propane,8145.51,gal,2025,9
Activité E&P,AST,GTFT,GF,Equipment-1454,EQ-01454,fugitive,,9532.36,,2023,5
Activité LQS,LSH,GL1Z,GNL,Equipment-1455,EQ-01455,venting,,723.23,,2022,8
Activité E&P,DP,ADR,OF,Equipment-1456,EQ-01456,combustion,Fuel Gas,6691.49,gal,2023,2
Activité E&P,DP,HRM,GF,Equipment-1457,EQ-01457,venting,,4177.97,,2022,1
Activité E&P,DP,RNS,GF,Equipment-1458,EQ-01458,venting,,2493.9,,2025,1
Activité E&P,DP,HRM,GF,Equipment-1459,EQ-01459,venting,,5937.84,,2025,1
Activité LQS,LSH,GL3Z,GNL,Equipment-1460,EQ-01460,drilling,,2073.76,,2025,3
Activité RPC,PEC,CPEK,Pétrochimie,Equipment-1461,EQ-01461,fugitive,,6557.58,,2025,9
Activité LQS,LSH,GL1Z,GNL,Equipment-1462,EQ-01462,venting,,7523.82,,2022,1
Activité LQS,LSH,GP1Z,GPL,Equipment-1463,EQ-01463,venting,,3457.05,,2024,5
Activité E&P,AST,GTG,GF,Equipment-1464,EQ-01464,fugitive,,8426.2,,2023,9
Activité LQS,LSH,GP2Z,GPL,Equipment-1465,EQ-01465,drilling,,586.18,,2024,7
Activité E&P,AST,BMS,OF,Equipment-1466,EQ-01466,venting,,5221.77,,2022,4
Activité E&P,DP,ADR,OF,Equipment-1467,EQ-01467,venting,,4065.18,,2022,5
Activité LQS,LSH,GL2Z,GNL,Equipment-1468,EQ-01468,combustion,Fuel Gas,3563.44,gal,2024,5
Activité E&P,AST,GTG,GF,Equipment-1469,EQ-01469,venting,,1788.5,,2025,10
Activité E&P,DP,INAS,GF,Equipment-1470,EQ-01470,fugitive,,3395.64,,2025,1
Activité E&P,DP,ADR,OF,Equipment-1471,EQ-01471,combustion,Diesel,6931.61,gal,2025,11
Activité E&P,DP,GTL,GF,Equipment-1472,EQ-01472,combustion,Natural Gas,4379.82,scf,2025,10
Activité E&P,DP,ADR,OF,Equipment-1473,EQ-01473,fugitive,,3425.55,,2025,1
Activité E&P,AST,ISG,GF,Equipment-1474,EQ-01474,flaring,Fuel Gas,598.25,gal,2023,2
Activité E&P,AST,GB,OF,Equipment-1475,EQ-01475,flaring,,1063.88,,2024,11
Activité E&P,AST,MLN,OF,Equipment-1476,EQ-01476,drilling,,3412.23,,2022,5
Activité E&P,DP,STAH,OF,Equipment-1477,EQ-01477,flaring,Natural Gas,1503.38,scf,2022,12
Activité E&P,DP,TFT,GF,Equipment-1478,EQ-01478,combustion,Propane,18.66,gal,2025,1
Activité E&P,AST,REGGANE,GF,Equipment-1479,EQ-01479,flaring,Propane,1005.07,gal,2022,2
Activité E&P,DP,HMD,OF,Equipment-1480,EQ-01480,flaring,Diesel,7962.31,gal,2023,6
Activité E&P,AST,GSS,OF,Equipment-1481,EQ-01481,flaring,Propane,7762.95,gal,2022,10
Activité E&P,AST,INA,GF,Equipment-1482,EQ-01482,flaring,Fuel Gas,6144.67,gal,2023,11
Activité E&P,AST,BRS,OF,Equipment-1483,EQ-01483,fugitive,,5321.41,,2024,7
Activité E&P,AST,MLN,OF,Equipment-1484,EQ-01484,flaring,,9689.83,,2025,11
Activité E&P,AST,BMS,OF,Equipment-1485,EQ-01485,flaring,Diesel,6852.75,gal,2025,7
Activité LQS,LSH,GP2Z,GPL,Equipment-1486,EQ-01486,combustion,Diesel,4953.85,gal,2024,11
Activité RPC,PEC,CP1Z,Pétrochimie,Equipment-1487,EQ-01487,drilling,,5006.66,,2023,12
Activité LQS,LSH,GL3Z,GNL,Equipment-1488,EQ-01488,fugitive,,1283.11,,2023,7
Activité E&P,AST,RKF,OF,Equipment-1489,EQ-01489,combustion,Diesel,7333.77,gal,2022,4
Activité E&P,AST,INA,GF,Equipment-1490,EQ-01490,fugitive,,8605.81,,2024,5
Activité E&P,DP,HRM,GF,Equipment-1491,EQ-01491,drilling,,3383.38,,2022,4
Activité E&P,DP,GTL,GF,Equipment-1492,EQ-01492,venting,,8342.97,,2025,10
Activité E&P,AST,INA,GF,Equipment-1493,EQ-01493,drilling,,8098.58,,2022,8
Activité E&P,AST,BMS,OF,Equipment-1494,EQ-01494,fugitive,,324.01,,2024,10
Activité E&P,DP,ADR,OF,Equipment-1495,EQ-01495,flaring,Fuel Gas,4168.91,gal,2022,10
Activité LQS,LSH,GL3Z,GNL,Equipment-1496,EQ-01496,combustion,Diesel,9139.68,gal,2024,5
Activité E&P,DP,HRM,GF,Equipment-1497,EQ-01497,combustion,Propane,2071.94,gal,2023,10
Activité E&P,AST,BRS,OF,Equipment-1498,EQ-01498,combustion,Fuel Gas,7426.11,gal,2024,12
Activité RPC,PEC,CPEK,Pétrochimie,Equipment-1499,EQ-01499,combustion,Fuel Gas,777.12,gal,2025,3
Activité RPC,RAF,RA1K,Raffinerie,Equipment-1500,EQ-01500,fugitive,,7861.07,,2022,10
Activité LQS,LSH,GL2Z,GNL,Equipment-1501,EQ-01501,fugitive,,7603.62,,2022,11
Activité E&P,AST,BMS,OF,Equipment-1502,EQ-01502,combustion,Propane,807.99,gal,2024,10
Activité E&P,AST,MLN,OF,Equipment-1503,EQ-01503,drilling,,7097.76,,2022,1
Activité E&P,AST,GB,OF,Equipment-1504,EQ-01504,flaring,,382.79,,2022,9
Activité E&P,AST,ISG,GF,Equipment-1505,EQ-01505,combustion,Diesel,6710.78,gal,2022,8
Activité E&P,DP,ADR,OF,Equipment-1506,EQ-01506,fugitive,,5923.34,,2022,5
Activité E&P,AST,RKF,OF,Equipment-1507,EQ-01507,drilling,,6308.23,,2022,3
Activité E&P,AST,GB,OF,Equipment-1508,EQ-01508,venting,,4472.09,,2022,9
Activité E&P,AST,HBR,OF,Equipment-1509,EQ-01509,venting,,4936.62,,2023,11
Activité E&P,AST,OURHOUD,OF,Equipment-1510,EQ-01510,flaring,Fuel Gas,243.72,gal,2022,3
Activité RPC,RAF,RA1K,Raffinerie,Equipment-1511,EQ-01511,drilling,,9104.42,,2024,12
Activité E&P,AST,HBR,OF,Equipment-1512,EQ-01512,fugitive,,8725.46,,2023,4
Activité E&P,AST,GSS,OF,Equipment-1513,EQ-01513,fugitive,,5246.52,,2025,1
Activité E&P,AST,REGGANE,GF,Equipment-1514,EQ-01514,fugitive,,7239.66,,2023,5
Activité E&P,DP,STAH,OF,Equipment-1515,EQ-01515,flaring,Diesel,8140.65,gal,2025,11
Activité E&P,DP,OHT,GF,Equipment-1516,EQ-01516,combustion,Fuel Gas,7317.99,gal,2025,4
Activité E&P,AST,GTIM,GF,Equipment-1517,EQ-01517,drilling,,6367.84,,2023,9
Activité E&P,AST,BRS,OF,Equipment-1518,EQ-01518,drilling,,642.45,,2025,9
Activité E&P,DP,GTL,GF,Equipment-1519,EQ-01519,drilling,,1125.16,,2025,6
Activité E&P,AST,SH-FCP MLE,GF,Equipment-1520,EQ-01520,combustion,Diesel,9098.87,gal,2022,11
Activité E&P,DP,GTL,GF,Equipment-1521,EQ-01521,fugitive,,6080.77,,2025,9
Activité RPC,RAF,RA1K,Raffinerie,Equipment-1522,EQ-01522,drilling,,4826.54,,2024,11
Activité LQS,LSH,GP1Z,GPL,Equipment-1523,EQ-01523,fugitive,,4481.84,,2025,4
Activité E&P,DP,TFT,GF,Equipment-1524,EQ-01524,combustion,,8008.66,,2024,3
Activité E&P,DP,GTL,GF,Equipment-1525,EQ-01525,venting,,5659.1,,2024,9
Activité E&P,DP,STAH,OF,Equipment-1526,EQ-01526,flaring,,3382.73,,2024,2
Activité E&P,DP,GTL,GF,Equipment-1527,EQ-01527,drilling,,3570.5,,2024,9
Activité LQS,LSH,GL1K,GNL,Equipment-1528,EQ-01528,combustion,Propane,8233.28,gal,2024,2
Activité E&P,DP,STAH,OF,Equipment-1529,EQ-01529,combustion,Fuel Gas,3880.9,gal,2023,11
Activité E&P,DP,ADR,OF,Equipment-1530,EQ-01530,flaring,Natural Gas,4394.92,scf,2023,2
Activité E&P,AST,SH-FCP MLE,GF,Equipment-1531,EQ-01531,fugitive,,1515.74,,2023,9
Activité E&P,AST,GTIM,GF,Equipment-1532,EQ-01532,drilling,,5335.25,,2022,10
Activité E&P,AST,MLN,OF,Equipment-1533,EQ-01533,combustion,Diesel,9421.52,gal,2023,11
Activité E&P,DP,HRM,GF,Equipment-1534,EQ-01534,flaring,Fuel Gas,2146.04,gal,2025,11
Activité E&P,AST,G SH-ENI,OF,Equipment-1535,EQ-01535,fugitive,,9627.8,,2024,2
Activité E&P,AST,GTFT,GF,Equipment-1536,EQ-01536,fugitive,,319.02,,2023,7
Activité E&P,AST,REGGANE,GF,Equipment-1537,EQ-01537,venting,,2131.01,,2023,1
Activité E&P,AST,GTG,GF,Equipment-1538,EQ-01538,venting,,1201.86,,2025,5
Activité E&P,AST,GTIM,GF,Equipment-1539,EQ-01539,venting,,8298.82,,2025,2
Activité LQS,LSH,GP1Z,GPL,Equipment-1540,EQ-01540,flaring,,6035.61,,2024,11
Activité RPC,RAF,RA1K,Raffinerie,Equipment-1541,EQ-01541,fugitive,,3817.45,,2024,10
Activité E&P,DP,RNS,GF,Equipment-1542,EQ-01542,drilling,,7724.33,,2025,7
Activité E&P,AST,INA,GF,Equipment-1543,EQ-01543,flaring,Diesel,4540.68,gal,2024,4
Activité LQS,LSH,GP2Z,GPL,Equipment-1544,EQ-01544,combustion,Propane,7896.29,gal,2022,6
Activité E&P,AST,GTFT,GF,Equipment-1545,EQ-01545,combustion,Propane,9679.82,gal,2023,9
Activité E&P,AST,SH-FCP MLE,GF,Equipment-1546,EQ-01546,combustion,Diesel,8183.25,gal,2025,6
Activité LQS,LSH,GL1K,GNL,Equipment-1547,EQ-01547,flaring,,1874.39,,2022,10
Activité E&P,AST,GTFT,GF,Equipment-1548,EQ-01548,combustion,,8881.97,,2024,11
Activité E&P,AST,ISG,GF,Equipment-1549,EQ-01549,fugitive,,3576.81,,2022,8
Activité LQS,LSH,GP2Z,GPL,Equipment-1550,EQ-01550,combustion,Fuel Gas,5933.7,gal,2022,6
Activité E&P,DP,INAS,GF,Equipment-1551,EQ-01551,flaring,Fuel Gas,2062.46,gal,2025,3
Activité E&P,AST,BMS,OF,Equipment-1552,EQ-01552,venting,,3185.67,,2023,10
Activité RPC,RAF,RA1G,Raffinerie,Equipment-1553,EQ-01553,combustion,,976.58,,2023,4
Activité RPC,RAF,RA1A,Raffinerie,Equipment-1554,EQ-01554,venting,,694.57,,2022,6
Activité E&P,DP,HMD,OF,Equipment-1555,EQ-01555,combustion,Propane,1126.09,gal,2023,7
Activité LQS,LSH,GL1K,GNL,Equipment-1556,EQ-01556,combustion,Propane,5402.97,gal,2024,12
Activité E&P,DP,RNS,GF,Equipment-1557,EQ-01557,combustion,,9017.69,,2022,4
Activité E&P,AST,GTIM,GF,Equipment-1558,EQ-01558,drilling,,174.62,,2022,4
Activité E&P,AST,BRS,OF,Equipment-1559,EQ-01559,flaring,,8752.71,,2024,11
Activité E&P,DP,REB,OF,Equipment-1560,EQ-01560,drilling,,5129.34,,2025,4
Activité E&P,DP,HRM,GF,Equipment-1561,EQ-01561,flaring,Natural Gas,6139.35,scf,2024,10
Activité RPC,RAF,RA1A,Raffinerie,Equipment-1562,EQ-01562,venting,,8716.24,,2023,11
Activité E&P,AST,INA,GF,Equipment-1563,EQ-01563,flaring,Fuel Gas,9999.69,gal,2023,3
Activité E&P,DP,STAH,OF,Equipment-1564,EQ-01564,fugitive,,6286.33,,2022,7
Activité E&P,AST,SH-FCP MLE,GF,Equipment-1565,EQ-01565,drilling,,1384.93,,2023,6
Activité E&P,AST,INA,GF,Equipment-1566,EQ-01566,venting,,1893.14,,2025,2
Activité LQS,LSH,GL1K,GNL,Equipment-1567,EQ-01567,drilling,,4427.56,,2022,11
Activité E&P,AST,GTFT,GF,Equipment-1568,EQ-01568,venting,,8298.65,,2022,7
Activité RPC,PEC,CPEK,Pétrochimie,Equipment-1569,EQ-01569,drilling,,3717.68,,2025,4
Activité LQS,LSH,GL1K,GNL,Equipment-1570,EQ-01570,fugitive,,2639.5,,2022,8
Activité E&P,DP,STAH,OF,Equipment-1571,EQ-01571,fugitive,,6694.21,,2022,1
Activité LQS,LSH,GL1K,GNL,Equipment-1572,EQ-01572,fugitive,,6710.09,,2024,5
Activité LQS,LSH,GP1Z,GPL,Equipment-1573,EQ-01573,fugitive,,6153.41,,2025,5
Activité E&P,AST,MLN,OF,Equipment-1574,EQ-01574,venting,,9237.06,,2023,4
Activité E&P,DP,OHT,GF,Equipment-1575,EQ-01575,fugitive,,1180.69,,2025,7
Activité E&P,AST,BMS,OF,Equipment-1576,EQ-01576,combustion,Fuel Gas,266.58,gal,2022,9
Activité E&P,DP,HBK,GF,Equipment-1577,EQ-01577,combustion,,8076.45,,2022,11
Activité E&P,DP,HRM,GF,Equipment-1578,EQ-01578,flaring,Fuel Gas,5512.45,gal,2024,9
Activité LQS,LSH,GP2Z,GPL,Equipment-1579,EQ-01579,venting,,6169.54,,2023,12
Activité E&P,AST,ISG,GF,Equipment-1580,EQ-01580,drilling,,6950.65,,2025,8
Activité RPC,RAF,RA1A,Raffinerie,Equipment-1581,EQ-01581,venting,,8541.1,,2022,10
Activité RPC,RAF,RA1G,Raffinerie,Equipment-1582,EQ-01582,combustion,,3228.38,,2022,3
Activité RPC,RAF,RA1A,Raffinerie,Equipment-1583,EQ-01583,fugitive,,659.2,,2022,12
Activité E&P,AST,G SH-ENI,OF,Equipment-1584,EQ-01584,venting,,2120.11,,2024,2
Activité E&P,DP,TFT,GF,Equipment-1585,EQ-01585,flaring,Fuel Gas,9110.87,gal,2024,10
Activité E&P,DP,REB,OF,Equipment-1586,EQ-01586,combustion,Propane,6418.62,gal,2024,9
Activité E&P,AST,REGGANE,GF,Equipment-1587,EQ-01587,combustion,,6794.25,,2023,9
Activité E&P,AST,BRS,OF,Equipment-1588,EQ-01588,venting,,9742.56,,2022,12
Activité E&P,AST,GB,OF,Equipment-1589,EQ-01589,drilling,,6088.62,,2023,3
Activité E&P,DP,GTL,GF,Equipment-1590,EQ-01590,flaring,Natural Gas,9719.69,scf,2024,6
Activité LQS,LSH,GL1K,GNL,Equipment-1591,EQ-01591,drilling,,5196.08,,2023,11
Activité RPC,RAF,RA1Z,Raffinerie,Equipment-1592,EQ-01592,combustion,Fuel Gas,6196.85,gal,2023,7
Activité E&P,AST,BRS,OF,Equipment-1593,EQ-01593,fugitive,,9664.67,,2024,12
Activité E&P,AST,OURHOUD,OF,Equipment-1594,EQ-01594,venting,,8010.72,,2022,3
Activité LQS,LSH,GL2Z,GNL,Equipment-1595,EQ-01595,combustion,Diesel,4843.59,gal,2025,7
Activité E&P,AST,HBR,OF,Equipment-1596,EQ-01596,venting,,2192.96,,2023,4
Activité E&P,AST,MLN,OF,Equipment-1597,EQ-01597,drilling,,5149.52,,2025,4
Activité RPC,RAF,RA1Z,Raffinerie,Equipment-1598,EQ-01598,drilling,,4629.87,,2022,7
Activité E&P,AST,GB,OF,Equipment-1599,EQ-01599,drilling,,1989.86,,2025,3
Activité E&P,DP,STAH,OF,Equipment-1600,EQ-01600,combustion,Fuel Gas,760.13,gal,2023,6
Activité LQS,LSH,GP1Z,GPL,Equipment-1601,EQ-01601,fugitive,,949.42,,2024,1
Activité E&P,AST,GTG,GF,Equipment-1602,EQ-01602,flaring,Propane,6510.19,gal,2022,8
Activité E&P,AST,REGGANE,GF,Equipment-1603,EQ-01603,fugitive,,395.57,,2025,7
Activité E&P,AST,HBR,OF,Equipment-1604,EQ-01604,venting,,8974.27,,2022,11
Activité E&P,AST,BRS,OF,Equipment-1605,EQ-01605,combustion,Natural Gas,920.91,scf,2024,10
Activité E&P,DP,RNS,GF,Equipment-1606,EQ-01606,fugitive,,8441.32,,2025,1
Activité E&P,AST,GTIM,GF,Equipment-1607,EQ-01607,combustion,Diesel,3930.7,gal,2025,4
Activité E&P,AST,SH-FCP MLE,GF,Equipment-1608,EQ-01608,combustion,Propane,6175.95,gal,2025,2
Activité E&P,AST,HBR,OF,Equipment-1609,EQ-01609,drilling,,243.69,,2025,3
Activité LQS,LSH,GL1K,GNL,Equipment-1610,EQ-01610,venting,,8791.4,,2022,5
Activité E&P,AST,REGGANE,GF,Equipment-1611,EQ-01611,fugitive,,2133.45,,2023,9
Activité E&P,DP,HMD,OF,Equipment-1612,EQ-01612,flaring,,2519.72,,2022,12
Activité E&P,AST,RKF,OF,Equipment-1613,EQ-01613,combustion,Propane,1348.16,gal,2025,7
Activité E&P,DP,HRM,GF,Equipment-1614,EQ-01614,venting,,2667.39,,2023,6
Activité RPC,PEC,CPEK,Pétrochimie,Equipment-1615,EQ-01615,flaring,,6750.88,,2023,12
Activité E&P,DP,OHT,GF,Equipment-1616,EQ-01616,combustion,Natural Gas,7994.36,scf,2023,8
Activité E&P,AST,GB,OF,Equipment-1617,EQ-01617,drilling,,9704.81,,2024,7
Activité E&P,AST,REGGANE,GF,Equipment-1618,EQ-01618,venting,,8664.46,,2024,9
Activité E&P,AST,GTFT,GF,Equipment-1619,EQ-01619,fugitive,,5821.87,,2025,11
Activité E&P,DP,TFT,GF,Equipment-1620,EQ-01620,venting,,2352.49,,2024,5
Activité E&P,AST,GSS,OF,Equipment-1621,EQ-01621,venting,,9010.92,,2023,5
Activité E&P,DP,HBK,GF,Equipment-1622,EQ-01622,combustion,Propane,1194.73,gal,2024,8
Activité RPC,RAF,RA1K,Raffinerie,Equipment-1623,EQ-01623,flaring,Propane,305.47,gal,2022,8
Activité E&P,AST,GTG,GF,Equipment-1624,EQ-01624,venting,,4558.02,,2024,1
Activité E&P,AST,BRS,OF,Equipment-1625,EQ-01625,venting,,3145.36,,2023,11
Activité E&P,AST,REGGANE,GF,Equipment-1626,EQ-01626,drilling,,321.18,,2023,1
Activité E&P,DP,STAH,OF,Equipment-1627,EQ-01627,combustion,Fuel Gas,2551.01,gal,2024,4
Activité E&P,DP,TFT,GF,Equipment-1628,EQ-01628,venting,,7896.16,,2022,8
Activité E&P,AST,INA,GF,Equipment-1629,EQ-01629,flaring,Fuel Gas,3240.94,gal,2025,8
Activité E&P,DP,ADR,OF,Equipment-1630,EQ-01630,fugitive,,1456.92,,2022,12
Activité E&P,DP,HMD,OF,Equipment-1631,EQ-01631,drilling,,5052.31,,2022,8
Activité E&P,AST,BRS,OF,Equipment-1632,EQ-01632,venting,,8064.48,,2025,1
Activité E&P,AST,BMS,OF,Equipment-1633,EQ-01633,flaring,Propane,8298.65,gal,2022,10
Activité E&P,AST,BMS,OF,Equipment-1634,EQ-01634,fugitive,,9323.33,,2025,4
Activité E&P,AST,GSS,OF,Equipment-1635,EQ-01635,venting,,1478.22,,2024,6
Activité E&P,DP,HBK,GF,Equipment-1636,EQ-01636,combustion,,1069.2,,2025,2
Activité LQS,LSH,GL1Z,GNL,Equipment-1637,EQ-01637,venting,,7403.6,,2022,11
Activité RPC,RAF,RA1A,Raffinerie,Equipment-1638,EQ-01638,fugitive,,6551.69,,2025,7
Activité E&P,DP,GTL,GF,Equipment-1639,EQ-01639,drilling,,3233.99,,2024,8
Activité E&P,AST,GB,OF,Equipment-1640,EQ-01640,combustion,Fuel Gas,749.4,gal,2024,11
Activité E&P,DP,REB,OF,Equipment-1641,EQ-01641,fugitive,,770.44,,2022,9
Activité E&P,AST,HBR,OF,Equipment-1642,EQ-01642,venting,,1788.4,,2023,1
Activité E&P,DP,GTL,GF,Equipment-1643,EQ-01643,venting,,3860.16,,2024,1
Activité E&P,AST,ISG,GF,Equipment-1644,EQ-01644,venting,,3591.15,,2025,5
Activité E&P,AST,SH-FCP MLE,GF,Equipment-1645,EQ-01645,flaring,Natural Gas,5870.34,scf,2022,2
Activité E&P,DP,OHT,GF,Equipment-1646,EQ-01646,fugitive,,3312.67,,2022,2
Activité RPC,RAF,RA1K,Raffinerie,Equipment-1647,EQ-01647,fugitive,,5451.65,,2023,12
Activité E&P,DP,STAH,OF,Equipment-1648,EQ-01648,fugitive,,591.81,,2024,9
Activité E&P,AST,BMS,OF,Equipment-1649,EQ-01649,venting,,104.64,,2025,7
Activité E&P,DP,STAH,OF,Equipment-1650,EQ-01650,venting,,4725.84,,2022,11
Activité LQS,LSH,GL3Z,GNL,Equipment-1651,EQ-01651,flaring,Propane,1645.48,gal,2023,10
Activité E&P,AST,MLN,OF,Equipment-1652,EQ-01652,flaring,Fuel Gas,6476.03,gal,2022,8
Activité E&P,DP,HMD,OF,Equipment-1653,EQ-01653,combustion,,5283.58,,2022,12
Activité RPC,RAF,RA1A,Raffinerie,Equipment-1654,EQ-01654,venting,,9064.43,,2024,3
Activité E&P,DP,OHT,GF,Equipment-1655,EQ-01655,drilling,,2097.16,,2022,12
Activité E&P,AST,GB,OF,Equipment-1656,EQ-01656,drilling,,4689.09,,2022,1
Activité RPC,RAF,RA1A,Raffinerie,Equipment-1657,EQ-01657,fugitive,,7445.4,,2024,8
Activité E&P,AST,GSS,OF,Equipment-1658,EQ-01658,drilling,,4986.03,,2025,11
Activité E&P,DP,STAH,OF,Equipment-1659,EQ-01659,combustion,Natural Gas,2252.18,scf,2022,10
Activité E&P,AST,BMS,OF,Equipment-1660,EQ-01660,flaring,Propane,2349.34,gal,2024,1
Activité E&P,AST,RKF,OF,Equipment-1661,EQ-01661,drilling,,1867.28,,2025,6
Activité E&P,AST,INA,GF,Equipment-1662,EQ-01662,drilling,,6015.83,,2025,4
Activité E&P,AST,BMS,OF,Equipment-1663,EQ-01663,combustion,,2094.76,,2024,3
Activité E&P,AST,REGGANE,GF,Equipment-1664,EQ-01664,flaring,Propane,4282.72,gal,2023,11
Activité E&P,AST,BMS,OF,Equipment-1665,EQ-01665,flaring,Natural Gas,8764.06,scf,2025,10
Activité E&P,DP,OHT,GF,Equipment-1666,EQ-01666,venting,,9081.06,,2025,3
Activité E&P,DP,STAH,OF,Equipment-1667,EQ-01667,drilling,,9327.5,,2022,10
Activité RPC,RAF,RA1G,Raffinerie,Equipment-1668,EQ-01668,venting,,833.52,,2024,12
Activité E&P,AST,ISG,GF,Equipment-1669,EQ-01669,flaring,Fuel Gas,5002.99,gal,2023,3
Activité E&P,AST,GTG,GF,Equipment-1670,EQ-01670,flaring,Diesel,1249.08,gal,2024,2
Activité E&P,DP,STAH,OF,Equipment-1671,EQ-01671,fugitive,,2496.91,,2022,4
Activité E&P,DP,HBK,GF,Equipment-1672,EQ-01672,venting,,7998.84,,2022,12
Activité LQS,LSH,GL1Z,GNL,Equipment-1673,EQ-01673,fugitive,,3436.21,,2022,9
Activité E&P,AST,GTIM,GF,Equipment-1674,EQ-01674,fugitive,,3211.18,,2023,9
Activité RPC,RAF,RA1K,Raffinerie,Equipment-1675,EQ-01675,combustion,Natural Gas,2724.74,scf,2024,11
Activité E&P,DP,HBK,GF,Equipment-1676,EQ-01676,fugitive,,9003.23,,2024,8
Activité E&P,AST,REGGANE,GF,Equipment-1677,EQ-01677,flaring,,6508.91,,2022,4
Activité E&P,DP,TFT,GF,Equipment-1678,EQ-01678,venting,,7485.62,,2022,6
Activité E&P,DP,HRM,GF,Equipment-1679,EQ-01679,venting,,9714.48,,2022,4
Activité RPC,RAF,RA1Z,Raffinerie,Equipment-1680,EQ-01680,drilling,,4980.4,,2022,8
Activité E&P,DP,RNS,GF,Equipment-1681,EQ-01681,flaring,Propane,1607.19,gal,2024,1
Activité RPC,RAF,RA1Z,Raffinerie,Equipment-1682,EQ-01682,flaring,Natural Gas,5875.04,scf,2025,5
Activité E&P,DP,HRM,GF,Equipment-1683,EQ-01683,drilling,,5865.8,,2024,3
Activité E&P,AST,RKF,OF,Equipment-1684,EQ-01684,combustion,Natural Gas,6485.42,scf,2023,6
Activité E&P,AST,MLN,OF,Equipment-1685,EQ-01685,combustion,Fuel Gas,4041.97,gal,2024,6
Activité E&P,AST,G SH-ENI,OF,Equipment-1686,EQ-01686,venting,,7843.66,,2024,11
Activité E&P,AST,BRS,OF,Equipment-1687,EQ-01687,fugitive,,5275.08,,2024,6
Activité E&P,DP,ADR,OF,Equipment-1688,EQ-01688,venting,,387.69,,2023,6
Activité E&P,DP,HRM,GF,Equipment-1689,EQ-01689,flaring,,1034.01,,2024,9
Activité E&P,DP,ADR,OF,Equipment-1690,EQ-01690,venting,,335.66,,2024,11
Activité LQS,LSH,GL3Z,GNL,Equipment-1691,EQ-01691,venting,,606.87,,2025,8
Activité E&P,AST,G SH-ENI,OF,Equipment-1692,EQ-01692,fugitive,,6266.1,,2024,12
Activité E&P,DP,HMD,OF,Equipment-1693,EQ-01693,drilling,,7289.14,,2025,2
Activité E&P,AST,BMS,OF,Equipment-1694,EQ-01694,fugitive,,6878.82,,2025,4
Activité E&P,AST,SH-FCP MLE,GF,Equipment-1695,EQ-01695,venting,,2604.54,,2022,7
Activité LQS,LSH,GP1Z,GPL,Equipment-1696,EQ-01696,combustion,Natural Gas,8185.03,scf,2023,7
Activité LQS,LSH,GL2Z,GNL,Equipment-1697,EQ-01697,flaring,Fuel Gas,3124.55,gal,2022,7
Activité LQS,LSH,GP2Z,GPL,Equipment-1698,EQ-01698,fugitive,,8505.09,,2024,11
Activité E&P,AST,REGGANE,GF,Equipment-1699,EQ-01699,combustion,Propane,5455.65,gal,2023,3
Activité LQS,LSH,GP2Z,GPL,Equipment-1700,EQ-01700,combustion,Natural Gas,3674.75,scf,2024,3
Activité RPC,RAF,RA1A,Raffinerie,Equipment-1701,EQ-01701,combustion,Propane,7451.71,gal,2024,12
Activité E&P,DP,HRM,GF,Equipment-1702,EQ-01702,drilling,,5290.15,,2025,11
Activité E&P,AST,HBR,OF,Equipment-1703,EQ-01703,flaring,Natural Gas,2264.85,scf,2022,5
Activité E&P,DP,REB,OF,Equipment-1704,EQ-01704,fugitive,,1457.96,,2025,9
Activité E&P,DP,HBK,GF,Equipment-1705,EQ-01705,combustion,Fuel Gas,5196.52,gal,2025,9
Activité E&P,AST,OURHOUD,OF,Equipment-1706,EQ-01706,fugitive,,9950.4,,2022,12
Activité E&P,AST,GTFT,GF,Equipment-1707,EQ-01707,venting,,2121.12,,2024,10
Activité LQS,LSH,GP2Z,GPL,Equipment-1708,EQ-01708,drilling,,1006.93,,2023,6
Activité LQS,LSH,GL3Z,GNL,Equipment-1709,EQ-01709,combustion,Natural Gas,1929.51,scf,2023,4
Activité E&P,DP,OHT,GF,Equipment-1710,EQ-01710,drilling,,7250.85,,2022,12
Activité LQS,LSH,GL3Z,GNL,Equipment-1711,EQ-01711,combustion,Propane,1486.0,gal,2025,12
Activité E&P,AST,GTIM,GF,Equipment-1712,EQ-01712,drilling,,7949.89,,2024,3
Activité E&P,DP,HRM,GF,Equipment-1713,EQ-01713,venting,,6965.42,,2025,10
Activité RPC,RAF,RA1K,Raffinerie,Equipment-1714,EQ-01714,flaring,Natural Gas,3929.1,scf,2025,3
Activité LQS,LSH,GL1K,GNL,Equipment-1715,EQ-01715,drilling,,8814.43,,2022,2
Activité E&P,AST,INA,GF,Equipment-1716,EQ-01716,flaring,Propane,6268.42,gal,2024,9
Activité LQS,LSH,GL1Z,GNL,Equipment-1717,EQ-01717,combustion,Propane,5181.88,gal,2023,10
Activité E&P,DP,TFT,GF,Equipment-1718,EQ-01718,venting,,9764.52,,2025,5
Activité RPC,RAF,RA1G,Raffinerie,Equipment-1719,EQ-01719,fugitive,,2673.66,,2024,3
Activité LQS,LSH,GP2Z,GPL,Equipment-1720,EQ-01720,flaring,,9182.2,,2023,7
Activité E&P,AST,GSS,OF,Equipment-1721,EQ-01721,flaring,Diesel,2246.02,gal,2025,12
Activité E&P,AST,GTFT,GF,Equipment-1722,EQ-01722,fugitive,,9409.04,,2023,12
Activité E&P,AST,G SH-ENI,OF,Equipment-1723,EQ-01723,flaring,Natural Gas,9310.29,scf,2023,3
Activité E&P,DP,GTL,GF,Equipment-1724,EQ-01724,flaring,Diesel,4812.28,gal,2024,8
Activité E&P,AST,ISG,GF,Equipment-1725,EQ-01725,drilling,,9066.8,,2025,9
Activité E&P,DP,RNS,GF,Equipment-1726,EQ-01726,drilling,,3186.04,,2024,11
Activité E&P,DP,HRM,GF,Equipment-1727,EQ-01727,combustion,Diesel,5959.92,gal,2023,5
Activité RPC,RAF,RA1Z,Raffinerie,Equipment-1728,EQ-01728,fugitive,,3369.63,,2022,4
Activité E&P,DP,RNS,GF,Equipment-1729,EQ-01729,fugitive,,9401.96,,2022,6
Activité E&P,AST,GTG,GF,Equipment-1730,EQ-01730,fugitive,,3472.67,,2025,10
Activité E&P,DP,HRM,GF,Equipment-1731,EQ-01731,drilling,,3255.55,,2023,8
Activité LQS,LSH,GL1Z,GNL,Equipment-1732,EQ-01732,venting,,5711.84,,2024,12
Activité E&P,AST,GTFT,GF,Equipment-1733,EQ-01733,combustion,Natural Gas,6597.73,scf,2025,8
Activité E&P,DP,INAS,GF,Equipment-1734,EQ-01734,flaring,Diesel,7378.51,gal,2022,12
Activité E&P,DP,INAS,GF,Equipment-1735,EQ-01735,drilling,,6129.17,,2022,10
Activité LQS,LSH,GP1Z,GPL,Equipment-1736,EQ-01736,flaring,Natural Gas,221.31,scf,2024,4
Activité E&P,AST,RKF,OF,Equipment-1737,EQ-01737,flaring,Diesel,2053.18,gal,2025,1
Activité LQS,LSH,GP1Z,GPL,Equipment-1738,EQ-01738,fugitive,,5074.7,,2025,6
Activité E&P,DP,RNS,GF,Equipment-1739,EQ-01739,fugitive,,7787.77,,2024,1
Activité E&P,DP,HMD,OF,Equipment-1740,EQ-01740,combustion,Natural Gas,2936.43,scf,2023,5
Activité E&P,AST,GTFT,GF,Equipment-1741,EQ-01741,combustion,Fuel Gas,1839.05,gal,2024,1
Activité E&P,AST,GTG,GF,Equipment-1742,EQ-01742,combustion,Diesel,8367.12,gal,2024,2
Activité E&P,DP,RNS,GF,Equipment-1743,EQ-01743,flaring,Fuel Gas,481.29,gal,2024,6
Activité E&P,DP,STAH,OF,Equipment-1744,EQ-01744,fugitive,,6185.76,,2023,10
Activité LQS,LSH,GP2Z,GPL,Equipment-1745,EQ-01745,flaring,Natural Gas,4157.28,scf,2022,4
Activité LQS,LSH,GL3Z,GNL,Equipment-1746,EQ-01746,drilling,,7834.29,,2022,9
Activité E&P,AST,BRS,OF,Equipment-1747,EQ-01747,venting,,7999.35,,2025,10
Activité E&P,DP,RNS,GF,Equipment-1748,EQ-01748,fugitive,,5880.54,,2024,11
Activité RPC,RAF,RA1A,Raffinerie,Equipment-1749,EQ-01749,venting,,3111.83,,2025,11
Activité E&P,AST,REGGANE,GF,Equipment-1750,EQ-01750,combustion,Propane,1426.41,gal,2025,6
Activité E&P,DP,HBK,GF,Equipment-1751,EQ-01751,combustion,Fuel Gas,8849.64,gal,2025,4
Activité E&P,AST,MLN,OF,Equipment-1752,EQ-01752,fugitive,,2384.61,,2022,6
Activité E&P,AST,GSS,OF,Equipment-1753,EQ-01753,drilling,,3845.08,,2022,5
Activité E&P,DP,STAH,OF,Equipment-1754,EQ-01754,venting,,8761.35,,2025,10
Activité LQS,LSH,GL1K,GNL,Equipment-1755,EQ-01755,venting,,548.48,,2025,2
Activité E&P,DP,TFT,GF,Equipment-1756,EQ-01756,venting,,7626.67,,2022,2
Activité E&P,AST,GTFT,GF,Equipment-1757,EQ-01757,venting,,7605.4,,2025,5
Activité E&P,AST,G SH-ENI,OF,Equipment-1758,EQ-01758,drilling,,2567.63,,2024,7
Activité E&P,DP,HMD,OF,Equipment-1759,EQ-01759,flaring,Fuel Gas,7670.34,gal,2022,3
Activité RPC,RAF,RA1Z,Raffinerie,Equipment-1760,EQ-01760,drilling,,1404.78,,2025,4
Activité E&P,AST,RKF,OF,Equipment-1761,EQ-01761,flaring,Diesel,4905.72,gal,2023,11
Activité E&P,DP,TFT,GF,Equipment-1762,EQ-01762,combustion,Diesel,8392.24,gal,2025,6
Activité E&P,DP,REB,OF,Equipment-1763,EQ-01763,combustion,Diesel,6536.23,gal,2023,5
Activité RPC,RAF,RA1A,Raffinerie,Equipment-1764,EQ-01764,fugitive,,1763.38,,2023,2
Activité E&P,DP,INAS,GF,Equipment-1765,EQ-01765,fugitive,,4671.44,,2025,1
Activité E&P,AST,REGGANE,GF,Equipment-1766,EQ-01766,combustion,Fuel Gas,6372.63,gal,2022,1
Activité E&P,AST,GB,OF,Equipment-1767,EQ-01767,drilling,,9718.57,,2022,2
Activité E&P,DP,TFT,GF,Equipment-1768,EQ-01768,venting,,6605.58,,2022,7
Activité E&P,AST,REGGANE,GF,Equipment-1769,EQ-01769,drilling,,7717.29,,2025,1
Activité E&P,DP,OHT,GF,Equipment-1770,EQ-01770,venting,,385.34,,2025,12
Activité E&P,AST,GSS,OF,Equipment-1771,EQ-01771,drilling,,5821.33,,2025,8
Activité LQS,LSH,GL1K,GNL,Equipment-1772,EQ-01772,flaring,Diesel,2176.47,gal,2024,12
Activité E&P,AST,BRS,OF,Equipment-1773,EQ-01773,drilling,,7217.13,,2023,12
Activité RPC,RAF,RA1G,Raffinerie,Equipment-1774,EQ-01774,venting,,8873.07,,2022,12
Activité E&P,DP,REB,OF,Equipment-1775,EQ-01775,combustion,Propane,6254.93,gal,2022,1
Activité RPC,RAF,RA1K,Raffinerie,Equipment-1776,EQ-01776,combustion,Natural Gas,2709.62,scf,2024,9
Activité E&P,DP,HMD,OF,Equipment-1777,EQ-01777,fugitive,,8110.95,,2023,4
Activité E&P,AST,GSS,OF,Equipment-1778,EQ-01778,venting,,3390.2,,2024,12
Activité E&P,AST,SH-FCP MLE,GF,Equipment-1779,EQ-01779,flaring,Natural Gas,4608.44,scf,2024,7
Activité E&P,AST,ISG,GF,Equipment-1780,EQ-01780,flaring,Propane,7348.78,gal,2024,4
Activité E&P,AST,HBR,OF,Equipment-1781,EQ-01781,drilling,,3367.12,,2023,2
Activité E&P,DP,OHT,GF,Equipment-1782,EQ-01782,flaring,,8706.94,,2025,1
Activité E&P,AST,RKF,OF,Equipment-1783,EQ-01783,combustion,Diesel,9974.42,gal,2022,4
Activité E&P,AST,BMS,OF,Equipment-1784,EQ-01784,venting,,4200.09,,2024,4
Activité LQS,LSH,GP2Z,GPL,Equipment-1785,EQ-01785,flaring,Propane,2189.53,gal,2025,12
Activité RPC,RAF,RA1K,Raffinerie,Equipment-1786,EQ-01786,venting,,2842.22,,2022,12
Activité E&P,AST,INA,GF,Equipment-1787,EQ-01787,venting,,6732.23,,2023,9
Activité RPC,RAF,RA1A,Raffinerie,Equipment-1788,EQ-01788,venting,,2985.45,,2023,11
Activité E&P,AST,SH-FCP MLE,GF,Equipment-1789,EQ-01789,combustion,Natural Gas,1050.13,scf,2022,8
Activité E&P,DP,HMD,OF,Equipment-1790,EQ-01790,combustion,,7511.11,,2023,9
Activité LQS,LSH,GL2Z,GNL,Equipment-1791,EQ-01791,venting,,9755.54,,2024,12
Activité E&P,AST,SH-FCP MLE,GF,Equipment-1792,EQ-01792,fugitive,,1815.93,,2024,5
Activité E&P,AST,GB,OF,Equipment-1793,EQ-01793,fugitive,,940.38,,2025,12
Activité RPC,RAF,RA1A,Raffinerie,Equipment-1794,EQ-01794,venting,,1633.9,,2022,7
Activité E&P,AST,GTIM,GF,Equipment-1795,EQ-01795,venting,,4731.38,,2022,7
Activité E&P,AST,GTIM,GF,Equipment-1796,EQ-01796,flaring,Fuel Gas,3805.97,gal,2025,2
Activité RPC,PEC,CPEK,Pétrochimie,Equipment-1797,EQ-01797,flaring,,9621.84,,2023,5
Activité E&P,AST,BMS,OF,Equipment-1798,EQ-01798,combustion,,8756.36,,2024,5
Activité E&P,DP,OHT,GF,Equipment-1799,EQ-01799,fugitive,,846.74,,2023,4
Activité E&P,DP,TFT,GF,Equipment-1800,EQ-01800,flaring,,4542.91,,2023,1
Activité RPC,RAF,RA1A,Raffinerie,Equipment-1801,EQ-01801,flaring,,3347.37,,2025,5
Activité LQS,LSH,GP2Z,GPL,Equipment-1802,EQ-01802,venting,,7566.72,,2025,10
Activité RPC,RAF,RA1A,Raffinerie,Equipment-1803,EQ-01803,venting,,3784.64,,2023,10
Activité E&P,AST,RKF,OF,Equipment-1804,EQ-01804,flaring,Fuel Gas,7688.29,gal,2025,6
Activité E&P,DP,HMD,OF,Equipment-1805,EQ-01805,fugitive,,8833.2,,2024,12
Activité LQS,LSH,GL3Z,GNL,Equipment-1806,EQ-01806,venting,,2187.28,,2024,10
Activité E&P,DP,GTL,GF,Equipment-1807,EQ-01807,fugitive,,4606.79,,2025,6
Activité E&P,AST,HBR,OF,Equipment-1808,EQ-01808,flaring,,2223.45,,2025,12
Activité E&P,DP,HBK,GF,Equipment-1809,EQ-01809,flaring,Natural Gas,7122.83,scf,2025,2
Activité RPC,RAF,RA1G,Raffinerie,Equipment-1810,EQ-01810,fugitive,,3172.38,,2022,11
Activité LQS,LSH,GP1Z,GPL,Equipment-1811,EQ-01811,flaring,,7802.82,,2025,8
Activité E&P,DP,HRM,GF,Equipment-1812,EQ-01812,venting,,5093.21,,2024,11
Activité E&P,DP,HRM,GF,Equipment-1813,EQ-01813,venting,,1215.89,,2022,1
Activité E&P,AST,GB,OF,Equipment-1814,EQ-01814,fugitive,,3906.5,,2024,7
Activité E&P,DP,ADR,OF,Equipment-1815,EQ-01815,venting,,8928.27,,2024,12
Activité E&P,AST,HBR,OF,Equipment-1816,EQ-01816,venting,,5358.03,,2023,9
Activité LQS,LSH,GL1K,GNL,Equipment-1817,EQ-01817,fugitive,,1279.82,,2025,8
Activité E&P,DP,STAH,OF,Equipment-1818,EQ-01818,drilling,,3072.49,,2025,7
Activité E&P,AST,BRS,OF,Equipment-1819,EQ-01819,flaring,,7342.7,,2022,9
Activité E&P,AST,GTFT,GF,Equipment-1820,EQ-01820,venting,,2043.56,,2025,6
Activité E&P,AST,BRS,OF,Equipment-1821,EQ-01821,drilling,,3505.36,,2024,7
Activité E&P,DP,ADR,OF,Equipment-1822,EQ-01822,flaring,Diesel,8543.98,gal,2022,11
Activité E&P,DP,GTL,GF,Equipment-1823,EQ-01823,fugitive,,3108.22,,2022,12
Activité RPC,RAF,RA1K,Raffinerie,Equipment-1824,EQ-01824,fugitive,,7407.45,,2025,8
Activité E&P,DP,HMD,OF,Equipment-1825,EQ-01825,venting,,5808.02,,2025,7
Activité E&P,DP,OHT,GF,Equipment-1826,EQ-01826,flaring,Diesel,2610.34,gal,2023,3
Activité E&P,DP,GTL,GF,Equipment-1827,EQ-01827,combustion,Fuel Gas,2729.93,gal,2024,1
Activité RPC,PEC,CP1Z,Pétrochimie,Equipment-1828,EQ-01828,drilling,,9274.83,,2022,1
Activité E&P,AST,SH-FCP MLE,GF,Equipment-1829,EQ-01829,venting,,4783.54,,2025,9
Activité E&P,AST,MLN,OF,Equipment-1830,EQ-01830,fugitive,,1209.39,,2023,6
Activité E&P,AST,GTFT,GF,Equipment-1831,EQ-01831,venting,,7026.43,,2023,3
Activité E&P,AST,OURHOUD,OF,Equipment-1832,EQ-01832,combustion,Propane,750.23,gal,2023,9
Activité LQS,LSH,GL3Z,GNL,Equipment-1833,EQ-01833,venting,,7385.37,,2023,7
Activité LQS,LSH,GL1Z,GNL,Equipment-1834,EQ-01834,combustion,Natural Gas,5127.1,scf,2024,5
Activité E&P,AST,REGGANE,GF,Equipment-1835,EQ-01835,venting,,3813.59,,2023,5
Activité LQS,LSH,GP2Z,GPL,Equipment-1836,EQ-01836,drilling,,9773.54,,2024,11
Activité E&P,DP,REB,OF,Equipment-1837,EQ-01837,venting,,4303.82,,2023,7
Activité E&P,DP,HRM,GF,Equipment-1838,EQ-01838,drilling,,2107.59,,2022,9
Activité E&P,DP,TFT,GF,Equipment-1839,EQ-01839,combustion,,8060.06,,2024,7
Activité E&P,AST,ISG,GF,Equipment-1840,EQ-01840,venting,,9677.09,,2023,4
Activité LQS,LSH,GL3Z,GNL,Equipment-1841,EQ-01841,venting,,880.26,,2025,5
Activité E&P,DP,RNS,GF,Equipment-1842,EQ-01842,venting,,3375.09,,2025,10
Activité E&P,AST,OURHOUD,OF,Equipment-1843,EQ-01843,fugitive,,1548.96,,2024,12
Activité E&P,AST,MLN,OF,Equipment-1844,EQ-01844,fugitive,,8235.27,,2023,11
Activité E&P,AST,BRS,OF,Equipment-1845,EQ-01845,combustion,Diesel,7138.71,gal,2023,6
Activité LQS,LSH,GP1Z,GPL,Equipment-1846,EQ-01846,flaring,Propane,2009.28,gal,2024,12
Activité E&P,AST,GTFT,GF,Equipment-1847,EQ-01847,venting,,8457.89,,2024,7
Activité RPC,RAF,RA1K,Raffinerie,Equipment-1848,EQ-01848,fugitive,,643.71,,2023,4
Activité E&P,AST,BRS,OF,Equipment-1849,EQ-01849,flaring,Propane,3337.46,gal,2025,3
Activité E&P,AST,SH-FCP MLE,GF,Equipment-1850,EQ-01850,fugitive,,3810.45,,2022,7
Activité LQS,LSH,GL3Z,GNL,Equipment-1851,EQ-01851,drilling,,7735.2,,2024,9
Activité RPC,RAF,RA1Z,Raffinerie,Equipment-1852,EQ-01852,flaring,,9045.31,,2023,7
Activité RPC,RAF,RA1G,Raffinerie,Equipment-1853,EQ-01853,combustion,Fuel Gas,2135.65,gal,2024,10
Activité E&P,AST,GSS,OF,Equipment-1854,EQ-01854,flaring,Fuel Gas,4840.25,gal,2024,8
Activité E&P,AST,GB,OF,Equipment-1855,EQ-01855,flaring,Diesel,4039.98,gal,2023,4
Activité E&P,AST,REGGANE,GF,Equipment-1856,EQ-01856,flaring,Fuel Gas,3143.73,gal,2022,4
Activité E&P,AST,RKF,OF,Equipment-1857,EQ-01857,venting,,4005.82,,2024,8
Activité E&P,DP,ADR,OF,Equipment-1858,EQ-01858,flaring,,6399.54,,2023,5
Activité LQS,LSH,GL3Z,GNL,Equipment-1859,EQ-01859,drilling,,2423.59,,2025,7
Activité E&P,DP,TFT,GF,Equipment-1860,EQ-01860,fugitive,,4108.17,,2022,11
Activité RPC,RAF,RA1Z,Raffinerie,Equipment-1861,EQ-01861,fugitive,,4065.58,,2024,1
Activité E&P,DP,STAH,OF,Equipment-1862,EQ-01862,drilling,,2610.62,,2024,7
Activité E&P,AST,HBR,OF,Equipment-1863,EQ-01863,fugitive,,9749.29,,2023,7
Activité E&P,AST,MLN,OF,Equipment-1864,EQ-01864,combustion,Propane,6828.68,gal,2025,2
Activité E&P,DP,TFT,GF,Equipment-1865,EQ-01865,drilling,,4626.65,,2025,8
Activité LQS,LSH,GL1K,GNL,Equipment-1866,EQ-01866,drilling,,1721.72,,2025,11
Activité E&P,AST,MLN,OF,Equipment-1867,EQ-01867,combustion,Natural Gas,7673.64,scf,2023,2
Activité LQS,LSH,GP2Z,GPL,Equipment-1868,EQ-01868,drilling,,9135.42,,2025,8
Activité E&P,AST,G SH-ENI,OF,Equipment-1869,EQ-01869,combustion,Fuel Gas,7450.87,gal,2022,1
Activité E&P,AST,INA,GF,Equipment-1870,EQ-01870,venting,,1009.25,,2023,10
Activité E&P,DP,HRM,GF,Equipment-1871,EQ-01871,flaring,Diesel,2334.08,gal,2022,4
Activité RPC,RAF,RA1G,Raffinerie,Equipment-1872,EQ-01872,combustion,,2296.87,,2025,6
Activité E&P,DP,RNS,GF,Equipment-1873,EQ-01873,fugitive,,9085.3,,2025,5
Activité E&P,DP,GTL,GF,Equipment-1874,EQ-01874,flaring,Natural Gas,9147.9,scf,2022,6
Activité LQS,LSH,GP2Z,GPL,Equipment-1875,EQ-01875,drilling,,4916.3,,2022,6
Activité E&P,DP,GTL,GF,Equipment-1876,EQ-01876,fugitive,,5901.73,,2024,9
Activité E&P,AST,GSS,OF,Equipment-1877,EQ-01877,combustion,,5705.11,,2024,1
Activité E&P,DP,REB,OF,Equipment-1878,EQ-01878,combustion,,5335.28,,2023,3
Activité E&P,DP,GTL,GF,Equipment-1879,EQ-01879,fugitive,,1392.26,,2023,8
Activité E&P,DP,REB,OF,Equipment-1880,EQ-01880,fugitive,,6601.85,,2025,12
Activité E&P,AST,G SH-ENI,OF,Equipment-1881,EQ-01881,venting,,5950.74,,2022,9
Activité E&P,DP,HBK,GF,Equipment-1882,EQ-01882,combustion,,2615.51,,2025,5
Activité E&P,AST,BRS,OF,Equipment-1883,EQ-01883,venting,,1487.32,,2022,3
Activité E&P,AST,RKF,OF,Equipment-1884,EQ-01884,drilling,,7754.33,,2025,3
Activité E&P,DP,OHT,GF,Equipment-1885,EQ-01885,combustion,Diesel,4930.69,gal,2022,10
Activité E&P,AST,SH-FCP MLE,GF,Equipment-1886,EQ-01886,drilling,,8390.94,,2024,6
Activité E&P,AST,ISG,GF,Equipment-1887,EQ-01887,venting,,9471.01,,2022,10
Activité E&P,AST,ISG,GF,Equipment-1888,EQ-01888,drilling,,4417.02,,2023,11
Activité E&P,AST,OURHOUD,OF,Equipment-1889,EQ-01889,drilling,,617.31,,2022,8
Activité E&P,AST,INA,GF,Equipment-1890,EQ-01890,drilling,,3879.75,,2024,5
Activité E&P,AST,GTIM,GF,Equipment-1891,EQ-01891,flaring,,8732.47,,2023,3
Activité E&P,DP,STAH,OF,Equipment-1892,EQ-01892,flaring,Natural Gas,6928.98,scf,2025,4
Activité RPC,RAF,RA1G,Raffinerie,Equipment-1893,EQ-01893,combustion,Natural Gas,5333.79,scf,2024,11
Activité E&P,DP,ADR,OF,Equipment-1894,EQ-01894,venting,,7746.87,,2025,3
Activité E&P,DP,INAS,GF,Equipment-1895,EQ-01895,combustion,Fuel Gas,5331.41,gal,2023,6
Activité LQS,LSH,GL3Z,GNL,Equipment-1896,EQ-01896,venting,,5573.89,,2023,4
Activité E&P,AST,GSS,OF,Equipment-1897,EQ-01897,flaring,Diesel,6316.88,gal,2024,2
Activité E&P,AST,HBR,OF,Equipment-1898,EQ-01898,drilling,,8610.68,,2022,5
Activité E&P,AST,GSS,OF,Equipment-1899,EQ-01899,combustion,Fuel Gas,8352.57,gal,2022,3
Activité LQS,LSH,GP2Z,GPL,Equipment-1900,EQ-01900,venting,,737.2,,2023,3
Activité E&P,DP,REB,OF,Equipment-1901,EQ-01901,combustion,Diesel,9299.82,gal,2024,9
Activité E&P,AST,BMS,OF,Equipment-1902,EQ-01902,venting,,2497.43,,2023,9
Activité E&P,AST,GTG,GF,Equipment-1903,EQ-01903,drilling,,3784.11,,2023,5
Activité RPC,RAF,RA1K,Raffinerie,Equipment-1904,EQ-01904,combustion,Fuel Gas,6517.99,gal,2022,9
Activité E&P,DP,OHT,GF,Equipment-1905,EQ-01905,flaring,,1937.24,,2025,6
Activité E&P,DP,HMD,OF,Equipment-1906,EQ-01906,drilling,,6813.94,,2024,10
Activité E&P,DP,REB,OF,Equipment-1907,EQ-01907,combustion,Natural Gas,8895.66,scf,2025,10
Activité E&P,DP,STAH,OF,Equipment-1908,EQ-01908,fugitive,,455.89,,2024,7
Activité E&P,AST,BRS,OF,Equipment-1909,EQ-01909,flaring,,987.43,,2025,4
Activité E&P,AST,SH-FCP MLE,GF,Equipment-1910,EQ-01910,combustion,Natural Gas,824.17,scf,2024,11
Activité E&P,DP,STAH,OF,Equipment-1911,EQ-01911,venting,,5441.68,,2024,10
Activité E&P,DP,RNS,GF,Equipment-1912,EQ-01912,flaring,Diesel,2358.23,gal,2023,2
Activité E&P,AST,GB,OF,Equipment-1913,EQ-01913,venting,,8389.06,,2024,6
Activité E&P,AST,SH-FCP MLE,GF,Equipment-1914,EQ-01914,flaring,Fuel Gas,5363.22,gal,2022,7
Activité LQS,LSH,GL1K,GNL,Equipment-1915,EQ-01915,flaring,,7383.88,,2025,11
Activité E&P,AST,G SH-ENI,OF,Equipment-1916,EQ-01916,venting,,1414.3,,2024,12
Activité E&P,AST,BRS,OF,Equipment-1917,EQ-01917,venting,,7830.31,,2023,8
Activité LQS,LSH,GL1Z,GNL,Equipment-1918,EQ-01918,combustion,Diesel,9818.68,gal,2025,6
Activité E&P,AST,GTFT,GF,Equipment-1919,EQ-01919,venting,,1607.89,,2023,12
Activité E&P,AST,GSS,OF,Equipment-1920,EQ-01920,drilling,,6431.82,,2025,4
Activité E&P,AST,GTFT,GF,Equipment-1921,EQ-01921,flaring,Propane,5021.3,gal,2025,7
Activité E&P,AST,REGGANE,GF,Equipment-1922,EQ-01922,venting,,8111.28,,2024,7
Activité LQS,LSH,GL1K,GNL,Equipment-1923,EQ-01923,venting,,9722.82,,2023,4
Activité E&P,AST,GB,OF,Equipment-1924,EQ-01924,fugitive,,9160.49,,2024,11
Activité RPC,RAF,RA1G,Raffinerie,Equipment-1925,EQ-01925,combustion,Propane,2862.01,gal,2023,9
Activité E&P,AST,BMS,OF,Equipment-1926,EQ-01926,fugitive,,5318.94,,2024,12
Activité RPC,PEC,CP1Z,Pétrochimie,Equipment-1927,EQ-01927,fugitive,,5446.77,,2024,10
Activité E&P,AST,GB,OF,Equipment-1928,EQ-01928,fugitive,,524.15,,2024,4
Activité E&P,DP,REB,OF,Equipment-1929,EQ-01929,flaring,Diesel,9152.82,gal,2023,7
Activité E&P,AST,GSS,OF,Equipment-1930,EQ-01930,venting,,8757.78,,2024,5
Activité RPC,PEC,CP1Z,Pétrochimie,Equipment-1931,EQ-01931,drilling,,4143.04,,2024,5
Activité E&P,DP,TFT,GF,Equipment-1932,EQ-01932,fugitive,,2468.4,,2023,12
Activité E&P,AST,BRS,OF,Equipment-1933,EQ-01933,drilling,,480.23,,2024,6
Activité E&P,AST,BMS,OF,Equipment-1934,EQ-01934,fugitive,,9223.38,,2025,12
Activité RPC,RAF,RA1G,Raffinerie,Equipment-1935,EQ-01935,venting,,1618.67,,2022,5
Activité E&P,AST,SH-FCP MLE,GF,Equipment-1936,EQ-01936,combustion,Diesel,6878.06,gal,2024,1
Activité LQS,LSH,GP1Z,GPL,Equipment-1937,EQ-01937,flaring,Propane,5587.49,gal,2023,10
Activité E&P,AST,G SH-ENI,OF,Equipment-1938,EQ-01938,flaring,Natural Gas,2699.41,scf,2025,7
Activité E&P,DP,GTL,GF,Equipment-1939,EQ-01939,flaring,,2415.81,,2024,2
Activité RPC,RAF,RA1A,Raffinerie,Equipment-1940,EQ-01940,drilling,,4144.2,,2024,11
Activité E&P,AST,REGGANE,GF,Equipment-1941,EQ-01941,fugitive,,2875.45,,2023,2
Activité E&P,DP,ADR,OF,Equipment-1942,EQ-01942,fugitive,,262.88,,2024,7
Activité E&P,AST,INA,GF,Equipment-1943,EQ-01943,drilling,,4959.53,,2024,7
Activité E&P,DP,INAS,GF,Equipment-1944,EQ-01944,fugitive,,3316.95,,2022,3
Activité LQS,LSH,GL1Z,GNL,Equipment-1945,EQ-01945,fugitive,,8230.91,,2024,2
Activité E&P,DP,RNS,GF,Equipment-1946,EQ-01946,flaring,Fuel Gas,2376.79,gal,2023,3
Activité E&P,AST,GTFT,GF,Equipment-1947,EQ-01947,combustion,Diesel,4727.71,gal,2024,11
Activité LQS,LSH,GL1Z,GNL,Equipment-1948,EQ-01948,fugitive,,5122.12,,2022,2
Activité E&P,AST,INA,GF,Equipment-1949,EQ-01949,drilling,,9994.96,,2025,11
Activité RPC,PEC,CPEK,Pétrochimie,Equipment-1950,EQ-01950,fugitive,,4205.57,,2025,2
Activité E&P,DP,REB,OF,Equipment-1951,EQ-01951,venting,,9572.22,,2022,7
Activité RPC,RAF,RA1K,Raffinerie,Equipment-1952,EQ-01952,venting,,1432.51,,2022,6
Activité E&P,AST,GTG,GF,Equipment-1953,EQ-01953,flaring,Diesel,9254.21,gal,2023,6
Activité E&P,AST,GTIM,GF,Equipment-1954,EQ-01954,fugitive,,717.65,,2023,6
Activité RPC,RAF,RA1G,Raffinerie,Equipment-1955,EQ-01955,drilling,,3147.27,,2022,3
Activité E&P,DP,STAH,OF,Equipment-1956,EQ-01956,venting,,813.97,,2024,1
Activité E&P,AST,REGGANE,GF,Equipment-1957,EQ-01957,venting,,8962.53,,2022,8
Activité E&P,DP,ADR,OF,Equipment-1958,EQ-01958,venting,,8846.87,,2024,2
Activité E&P,DP,REB,OF,Equipment-1959,EQ-01959,flaring,,9448.74,,2023,12
Activité RPC,RAF,RA1K,Raffinerie,Equipment-1960,EQ-01960,flaring,,867.18,,2024,5
Activité E&P,DP,HRM,GF,Equipment-1961,EQ-01961,combustion,Diesel,1649.07,gal,2022,5
Activité E&P,AST,GTFT,GF,Equipment-1962,EQ-01962,flaring,Natural Gas,4488.39,scf,2023,5
Activité E&P,DP,REB,OF,Equipment-1963,EQ-01963,venting,,8112.08,,2024,1
Activité E&P,AST,HBR,OF,Equipment-1964,EQ-01964,venting,,7471.39,,2025,9
Activité E&P,AST,GTIM,GF,Equipment-1965,EQ-01965,combustion,Diesel,9653.96,gal,2025,3
Activité E&P,AST,GB,OF,Equipment-1966,EQ-01966,venting,,1406.93,,2024,1
Activité E&P,AST,REGGANE,GF,Equipment-1967,EQ-01967,drilling,,3763.14,,2025,10
Activité E&P,DP,HRM,GF,Equipment-1968,EQ-01968,combustion,Propane,2176.63,gal,2024,6
Activité E&P,AST,GTFT,GF,Equipment-1969,EQ-01969,flaring,Diesel,5973.74,gal,2023,9
Activité LQS,LSH,GL1K,GNL,Equipment-1970,EQ-01970,flaring,Fuel Gas,5409.74,gal,2022,5
Activité E&P,AST,REGGANE,GF,Equipment-1971,EQ-01971,flaring,Fuel Gas,5515.66,gal,2025,8
Activité E&P,DP,INAS,GF,Equipment-1972,EQ-01972,combustion,Natural Gas,5497.75,scf,2023,10
Activité E&P,AST,GTIM,GF,Equipment-1973,EQ-01973,venting,,5631.12,,2023,11
Activité E&P,AST,BMS,OF,Equipment-1974,EQ-01974,drilling,,251.99,,2022,11
Activité LQS,LSH,GP1Z,GPL,Equipment-1975,EQ-01975,drilling,,1336.64,,2022,2
Activité E&P,AST,HBR,OF,Equipment-1976,EQ-01976,fugitive,,3084.87,,2024,10
Activité E&P,DP,HBK,GF,Equipment-1977,EQ-01977,venting,,323.48,,2022,8
Activité E&P,AST,GTIM,GF,Equipment-1978,EQ-01978,drilling,,9065.98,,2022,6
Activité LQS,LSH,GL2Z,GNL,Equipment-1979,EQ-01979,combustion,Fuel Gas,7239.44,gal,2022,7
Activité E&P,DP,HMD,OF,Equipment-1980,EQ-01980,combustion,Diesel,7402.05,gal,2024,12
Activité E&P,DP,STAH,OF,Equipment-1981,EQ-01981,fugitive,,2257.5,,2022,4
Activité RPC,PEC,CPEK,Pétrochimie,Equipment-1982,EQ-01982,venting,,9535.71,,2025,1
Activité E&P,AST,MLN,OF,Equipment-1983,EQ-01983,combustion,Diesel,3783.51,gal,2023,2
Activité E&P,AST,BMS,OF,Equipment-1984,EQ-01984,drilling,,7777.72,,2025,8
Activité E&P,AST,MLN,OF,Equipment-1985,EQ-01985,combustion,Natural Gas,4233.37,scf,2022,11
Activité E&P,AST,SH-FCP MLE,GF,Equipment-1986,EQ-01986,venting,,6393.22,,2022,5
Activité E&P,AST,HBR,OF,Equipment-1987,EQ-01987,venting,,2541.06,,2022,5
Activité E&P,DP,HMD,OF,Equipment-1988,EQ-01988,drilling,,7664.86,,2025,10
Activité E&P,DP,GTL,GF,Equipment-1989,EQ-01989,flaring,Fuel Gas,2427.94,gal,2022,2
Activité E&P,AST,REGGANE,GF,Equipment-1990,EQ-01990,combustion,Propane,4320.71,gal,2025,4
Activité RPC,PEC,CPEK,Pétrochimie,Equipment-1991,EQ-01991,venting,,9245.42,,2024,12
Activité RPC,PEC,CPEK,Pétrochimie,Equipment-1992,EQ-01992,fugitive,,3486.06,,2023,1
Activité E&P,DP,HBK,GF,Equipment-1993,EQ-01993,flaring,Propane,3036.71,gal,2022,1
Activité E&P,AST,GSS,OF,Equipment-1994,EQ-01994,venting,,2846.06,,2022,11
Activité LQS,LSH,GL2Z,GNL,Equipment-1995,EQ-01995,venting,,1153.02,,2025,3
Activité LQS,LSH,GL2Z,GNL,Equipment-1996,EQ-01996,drilling,,2933.71,,2024,10
Activité E&P,AST,RKF,OF,Equipment-1997,EQ-01997,venting,,959.23,,2024,11
Activité E&P,AST,GTIM,GF,Equipment-1998,EQ-01998,drilling,,3413.82,,2022,3
Activité E&P,DP,ADR,OF,Equipment-1999,EQ-01999,flaring,Fuel Gas,4272.9,gal,2022,3
Activité E&P,AST,ISG,GF,Equipment-2000,EQ-02000,fugitive,,4022.48,,2022,5
Activité LQS,LSH,GP1Z,GPL,Equipment-2001,EQ-02001,drilling,,2135.39,,2022,8
Activité E&P,DP,HRM,GF,Equipment-2002,EQ-02002,drilling,,4655.42,,2024,3
Activité E&P,DP,OHT,GF,Equipment-2003,EQ-02003,drilling,,862.85,,2025,5
Activité E&P,AST,RKF,OF,Equipment-2004,EQ-02004,flaring,Natural Gas,3103.58,scf,2025,7
Activité E&P,DP,TFT,GF,Equipment-2005,EQ-02005,drilling,,8155.11,,2025,6
Activité LQS,LSH,GP1Z,GPL,Equipment-2006,EQ-02006,drilling,,6648.52,,2025,4
Activité E&P,DP,STAH,OF,Equipment-2007,EQ-02007,drilling,,2974.29,,2023,8
Activité E&P,AST,REGGANE,GF,Equipment-2008,EQ-02008,drilling,,1734.16,,2023,9
Activité E&P,AST,GTG,GF,Equipment-2009,EQ-02009,combustion,Diesel,4092.22,gal,2023,10
Activité LQS,LSH,GP1Z,GPL,Equipment-2010,EQ-02010,drilling,,6186.68,,2024,9
Activité E&P,AST,BRS,OF,Equipment-2011,EQ-02011,flaring,Diesel,2628.67,gal,2022,5
Activité RPC,RAF,RA1G,Raffinerie,Equipment-2012,EQ-02012,drilling,,5975.38,,2025,6
Activité E&P,DP,REB,OF,Equipment-2013,EQ-02013,flaring,Natural Gas,2866.81,scf,2025,5
Activité E&P,AST,BRS,OF,Equipment-2014,EQ-02014,drilling,,2735.83,,2024,8
Activité E&P,AST,GSS,OF,Equipment-2015,EQ-02015,fugitive,,1009.64,,2023,6
Activité E&P,DP,INAS,GF,Equipment-2016,EQ-02016,drilling,,7821.19,,2022,8
Activité E&P,AST,MLN,OF,Equipment-2017,EQ-02017,combustion,Propane,4706.01,gal,2023,6
Activité E&P,AST,SH-FCP MLE,GF,Equipment-2018,EQ-02018,flaring,Propane,1301.54,gal,2022,8
Activité E&P,DP,ADR,OF,Equipment-2019,EQ-02019,drilling,,2767.5,,2023,3
Activité RPC,RAF,RA1Z,Raffinerie,Equipment-2020,EQ-02020,combustion,Fuel Gas,5682.28,gal,2023,7
Activité E&P,DP,OHT,GF,Equipment-2021,EQ-02021,fugitive,,262.74,,2025,10
Activité RPC,RAF,RA1K,Raffinerie,Equipment-2022,EQ-02022,venting,,3881.74,,2023,8
Activité E&P,AST,OURHOUD,OF,Equipment-2023,EQ-02023,venting,,3786.84,,2023,8
Activité E&P,DP,GTL,GF,Equipment-2024,EQ-02024,combustion,Diesel,1397.37,gal,2025,6
Activité E&P,AST,BMS,OF,Equipment-2025,EQ-02025,combustion,Fuel Gas,217.52,gal,2024,3
Activité LQS,LSH,GL2Z,GNL,Equipment-2026,EQ-02026,fugitive,,4820.77,,2025,3
Activité RPC,PEC,CP1Z,Pétrochimie,Equipment-2027,EQ-02027,fugitive,,5210.17,,2025,4
Activité E&P,DP,GTL,GF,Equipment-2028,EQ-02028,fugitive,,8797.34,,2024,1
Activité RPC,RAF,RA1Z,Raffinerie,Equipment-2029,EQ-02029,combustion,Natural Gas,145.0,scf,2024,10
Activité E&P,AST,GB,OF,Equipment-2030,EQ-02030,flaring,,4913.79,,2022,7
Activité E&P,DP,OHT,GF,Equipment-2031,EQ-02031,drilling,,9230.12,,2024,5
Activité E&P,AST,RKF,OF,Equipment-2032,EQ-02032,venting,,6395.3,,2024,8
Activité LQS,LSH,GL2Z,GNL,Equipment-2033,EQ-02033,flaring,,3642.42,,2024,1
Activité LQS,LSH,GL1K,GNL,Equipment-2034,EQ-02034,drilling,,5226.23,,2024,10
Activité RPC,RAF,RA1A,Raffinerie,Equipment-2035,EQ-02035,flaring,,3271.11,,2024,4
Activité LQS,LSH,GP2Z,GPL,Equipment-2036,EQ-02036,drilling,,3188.97,,2025,7
Activité E&P,DP,HMD,OF,Equipment-2037,EQ-02037,drilling,,1149.38,,2024,5
Activité E&P,AST,GTIM,GF,Equipment-2038,EQ-02038,combustion,Natural Gas,1794.89,scf,2024,12
Activité E&P,AST,OURHOUD,OF,Equipment-2039,EQ-02039,drilling,,7775.81,,2024,9
Activité E&P,AST,GTG,GF,Equipment-2040,EQ-02040,drilling,,6780.04,,2025,2
Activité E&P,AST,SH-FCP MLE,GF,Equipment-2041,EQ-02041,venting,,5062.76,,2025,6
Activité E&P,DP,HRM,GF,Equipment-2042,EQ-02042,fugitive,,1118.61,,2024,6
Activité E&P,DP,OHT,GF,Equipment-2043,EQ-02043,venting,,1819.99,,2022,8
Activité E&P,DP,TFT,GF,Equipment-2044,EQ-02044,drilling,,6572.75,,2023,3
Activité E&P,AST,G SH-ENI,OF,Equipment-2045,EQ-02045,combustion,Propane,4685.2,gal,2023,9
Activité E&P,AST,MLN,OF,Equipment-2046,EQ-02046,flaring,,5660.04,,2023,11
Activité E&P,DP,OHT,GF,Equipment-2047,EQ-02047,fugitive,,4862.05,,2025,6
Activité E&P,DP,ADR,OF,Equipment-2048,EQ-02048,flaring,Natural Gas,8977.79,scf,2023,1
Activité E&P,AST,G SH-ENI,OF,Equipment-2049,EQ-02049,flaring,Propane,7824.35,gal,2022,4
Activité E&P,AST,GTIM,GF,Equipment-2050,EQ-02050,drilling,,8261.29,,2022,3
Activité E&P,AST,INA,GF,Equipment-2051,EQ-02051,venting,,9188.71,,2023,12
Activité RPC,PEC,CPEK,Pétrochimie,Equipment-2052,EQ-02052,drilling,,349.02,,2022,9
Activité E&P,AST,INA,GF,Equipment-2053,EQ-02053,drilling,,5579.54,,2025,9
Activité RPC,RAF,RA1G,Raffinerie,Equipment-2054,EQ-02054,fugitive,,4841.13,,2022,10
Activité E&P,AST,SH-FCP MLE,GF,Equipment-2055,EQ-02055,venting,,8377.16,,2023,2
Activité E&P,AST,MLN,OF,Equipment-2056,EQ-02056,drilling,,312.05,,2023,4
Activité E&P,AST,SH-FCP MLE,GF,Equipment-2057,EQ-02057,venting,,4639.64,,2024,5
Activité RPC,RAF,RA1A,Raffinerie,Equipment-2058,EQ-02058,venting,,9306.2,,2022,5
Activité E&P,AST,G SH-ENI,OF,Equipment-2059,EQ-02059,combustion,Diesel,1940.58,gal,2025,4
Activité E&P,DP,HMD,OF,Equipment-2060,EQ-02060,fugitive,,7480.43,,2022,1
Activité E&P,AST,GB,OF,Equipment-2061,EQ-02061,combustion,Propane,8790.55,gal,2024,2
Activité E&P,AST,OURHOUD,OF,Equipment-2062,EQ-02062,flaring,Diesel,923.23,gal,2023,5
Activité E&P,DP,HBK,GF,Equipment-2063,EQ-02063,flaring,Diesel,2141.88,gal,2024,12
Activité LQS,LSH,GL2Z,GNL,Equipment-2064,EQ-02064,combustion,,8281.69,,2023,5
Activité E&P,AST,GTIM,GF,Equipment-2065,EQ-02065,fugitive,,1963.25,,2024,8
Activité E&P,AST,MLN,OF,Equipment-2066,EQ-02066,venting,,4994.24,,2022,12
Activité LQS,LSH,GP2Z,GPL,Equipment-2067,EQ-02067,venting,,4832.91,,2022,1
Activité LQS,LSH,GL1Z,GNL,Equipment-2068,EQ-02068,fugitive,,5812.43,,2024,10
Activité LQS,LSH,GL3Z,GNL,Equipment-2069,EQ-02069,fugitive,,5100.21,,2023,3
Activité LQS,LSH,GL1K,GNL,Equipment-2070,EQ-02070,flaring,Fuel Gas,5132.99,gal,2025,1
Activité E&P,DP,ADR,OF,Equipment-2071,EQ-02071,combustion,Fuel Gas,5577.83,gal,2025,2
Activité E&P,AST,OURHOUD,OF,Equipment-2072,EQ-02072,venting,,5243.27,,2023,11
Activité E&P,AST,SH-FCP MLE,GF,Equipment-2073,EQ-02073,combustion,,2756.69,,2024,3
Activité E&P,DP,TFT,GF,Equipment-2074,EQ-02074,fugitive,,9580.88,,2022,10
Activité E&P,AST,BMS,OF,Equipment-2075,EQ-02075,combustion,Natural Gas,3217.87,scf,2024,5
Activité E&P,AST,BMS,OF,Equipment-2076,EQ-02076,combustion,Diesel,8408.03,gal,2024,5
Activité RPC,RAF,RA1K,Raffinerie,Equipment-2077,EQ-02077,drilling,,8411.83,,2025,7
Activité RPC,PEC,CPEK,Pétrochimie,Equipment-2078,EQ-02078,venting,,8685.97,,2024,1
Activité RPC,PEC,CP1Z,Pétrochimie,Equipment-2079,EQ-02079,venting,,522.75,,2023,10
Activité RPC,RAF,RA1A,Raffinerie,Equipment-2080,EQ-02080,venting,,9234.21,,2022,1
Activité E&P,AST,GTG,GF,Equipment-2081,EQ-02081,fugitive,,2033.76,,2023,5
Activité E&P,AST,GB,OF,Equipment-2082,EQ-02082,flaring,Propane,9692.56,gal,2024,5
Activité E&P,AST,INA,GF,Equipment-2083,EQ-02083,fugitive,,9666.97,,2024,9
Activité E&P,AST,OURHOUD,OF,Equipment-2084,EQ-02084,combustion,,7577.84,,2022,10
Activité E&P,AST,RKF,OF,Equipment-2085,EQ-02085,fugitive,,4895.14,,2023,5
Activité E&P,AST,RKF,OF,Equipment-2086,EQ-02086,venting,,2048.4,,2025,8
Activité E&P,AST,G SH-ENI,OF,Equipment-2087,EQ-02087,fugitive,,3724.27,,2024,7
Activité E&P,AST,GTG,GF,Equipment-2088,EQ-02088,drilling,,2888.14,,2023,2
Activité E&P,AST,MLN,OF,Equipment-2089,EQ-02089,drilling,,9259.54,,2023,1
Activité E&P,AST,GTIM,GF,Equipment-2090,EQ-02090,fugitive,,32.51,,2025,9
Activité LQS,LSH,GL2Z,GNL,Equipment-2091,EQ-02091,flaring,Fuel Gas,5334.06,gal,2023,5
Activité E&P,AST,GSS,OF,Equipment-2092,EQ-02092,combustion,Propane,1347.11,gal,2023,12
Activité RPC,PEC,CP1Z,Pétrochimie,Equipment-2093,EQ-02093,combustion,Diesel,1703.88,gal,2023,4
Activité E&P,DP,ADR,OF,Equipment-2094,EQ-02094,venting,,58.44,,2024,3
Activité RPC,RAF,RA1K,Raffinerie,Equipment-2095,EQ-02095,flaring,Fuel Gas,6766.52,gal,2022,12
Activité E&P,AST,BRS,OF,Equipment-2096,EQ-02096,venting,,8322.16,,2022,6
Activité E&P,DP,TFT,GF,Equipment-2097,EQ-02097,venting,,4836.2,,2022,9
Activité E&P,DP,HRM,GF,Equipment-2098,EQ-02098,venting,,1941.17,,2024,1
Activité E&P,DP,RNS,GF,Equipment-2099,EQ-02099,drilling,,6986.57,,2024,9
Activité E&P,AST,GB,OF,Equipment-2100,EQ-02100,drilling,,540.61,,2023,9
Activité E&P,AST,OURHOUD,OF,Equipment-2101,EQ-02101,venting,,9725.95,,2025,4
Activité E&P,DP,HRM,GF,Equipment-2102,EQ-02102,flaring,,112.89,,2022,8
Activité E&P,DP,RNS,GF,Equipment-2103,EQ-02103,combustion,Fuel Gas,6428.86,gal,2022,3
Activité E&P,AST,MLN,OF,Equipment-2104,EQ-02104,flaring,Fuel Gas,1212.96,gal,2024,7
Activité E&P,DP,HBK,GF,Equipment-2105,EQ-02105,fugitive,,70.88,,2022,11
Activité E&P,DP,INAS,GF,Equipment-2106,EQ-02106,fugitive,,2017.77,,2024,6
Activité LQS,LSH,GP1Z,GPL,Equipment-2107,EQ-02107,venting,,7207.65,,2024,9
Activité E&P,DP,OHT,GF,Equipment-2108,EQ-02108,combustion,,5332.98,,2023,5
Activité E&P,AST,BRS,OF,Equipment-2109,EQ-02109,fugitive,,2194.94,,2023,2
Activité LQS,LSH,GL2Z,GNL,Equipment-2110,EQ-02110,fugitive,,7755.2,,2024,10
Activité E&P,DP,GTL,GF,Equipment-2111,EQ-02111,drilling,,575.45,,2023,10
Activité LQS,LSH,GL1K,GNL,Equipment-2112,EQ-02112,drilling,,4134.59,,2022,12
Activité RPC,PEC,CPEK,Pétrochimie,Equipment-2113,EQ-02113,drilling,,7556.21,,2025,12
Activité E&P,AST,G SH-ENI,OF,Equipment-2114,EQ-02114,drilling,,9639.83,,2023,6
Activité E&P,AST,GTFT,GF,Equipment-2115,EQ-02115,flaring,,8566.21,,2023,8
Activité LQS,LSH,GL3Z,GNL,Equipment-2116,EQ-02116,fugitive,,1648.08,,2025,6
Activité RPC,PEC,CPEK,Pétrochimie,Equipment-2117,EQ-02117,combustion,Natural Gas,7603.74,scf,2025,9
Activité E&P,AST,GSS,OF,Equipment-2118,EQ-02118,drilling,,8094.62,,2022,5
Activité RPC,PEC,CPEK,Pétrochimie,Equipment-2119,EQ-02119,fugitive,,2983.86,,2025,9
Activité RPC,RAF,RA1A,Raffinerie,Equipment-2120,EQ-02120,combustion,,419.46,,2022,2
Activité RPC,RAF,RA1G,Raffinerie,Equipment-2121,EQ-02121,combustion,Diesel,7255.67,gal,2023,3
Activité E&P,AST,GB,OF,Equipment-2122,EQ-02122,drilling,,4466.47,,2025,9
Activité E&P,DP,RNS,GF,Equipment-2123,EQ-02123,flaring,Propane,8499.23,gal,2024,10
Activité LQS,LSH,GP1Z,GPL,Equipment-2124,EQ-02124,fugitive,,4663.55,,2023,8
Activité E&P,DP,RNS,GF,Equipment-2125,EQ-02125,flaring,Natural Gas,3037.63,scf,2025,8
Activité E&P,DP,HRM,GF,Equipment-2126,EQ-02126,flaring,,7486.17,,2024,9
Activité E&P,AST,RKF,OF,Equipment-2127,EQ-02127,fugitive,,2034.85,,2025,6
Activité RPC,RAF,RA1A,Raffinerie,Equipment-2128,EQ-02128,flaring,,7390.17,,2024,7
Activité RPC,RAF,RA1K,Raffinerie,Equipment-2129,EQ-02129,venting,,9470.77,,2024,6
Activité RPC,RAF,RA1K,Raffinerie,Equipment-2130,EQ-02130,venting,,6771.1,,2025,10
Activité E&P,AST,GSS,OF,Equipment-2131,EQ-02131,drilling,,5231.9,,2025,2
Activité E&P,AST,GTIM,GF,Equipment-2132,EQ-02132,combustion,Fuel Gas,6828.34,gal,2025,7
Activité E&P,DP,STAH,OF,Equipment-2133,EQ-02133,venting,,6117.09,,2023,6
Activité E&P,AST,OURHOUD,OF,Equipment-2134,EQ-02134,drilling,,9093.69,,2022,10
Activité E&P,AST,GB,OF,Equipment-2135,EQ-02135,flaring,Fuel Gas,907.08,gal,2022,3
Activité E&P,AST,INA,GF,Equipment-2136,EQ-02136,fugitive,,1893.82,,2022,8
Activité E&P,DP,ADR,OF,Equipment-2137,EQ-02137,combustion,Propane,7629.05,gal,2022,7
Activité E&P,DP,HBK,GF,Equipment-2138,EQ-02138,drilling,,9957.75,,2023,6
Activité RPC,RAF,RA1G,Raffinerie,Equipment-2139,EQ-02139,flaring,Propane,9890.15,gal,2022,8
Activité E&P,DP,INAS,GF,Equipment-2140,EQ-02140,combustion,Fuel Gas,127.98,gal,2024,9
Activité E&P,AST,REGGANE,GF,Equipment-2141,EQ-02141,flaring,Fuel Gas,2902.92,gal,2024,3
Activité LQS,LSH,GL1Z,GNL,Equipment-2142,EQ-02142,flaring,,2984.76,,2024,7
Activité E&P,DP,HBK,GF,Equipment-2143,EQ-02143,drilling,,4366.96,,2022,7
Activité E&P,AST,GTG,GF,Equipment-2144,EQ-02144,venting,,2622.64,,2023,2
Activité LQS,LSH,GL1Z,GNL,Equipment-2145,EQ-02145,fugitive,,3355.56,,2023,4
Activité RPC,PEC,CPEK,Pétrochimie,Equipment-2146,EQ-02146,venting,,3199.78,,2023,10
Activité LQS,LSH,GL1Z,GNL,Equipment-2147,EQ-02147,fugitive,,6737.12,,2023,6
Activité E&P,AST,GB,OF,Equipment-2148,EQ-02148,flaring,,3716.35,,2025,12
Activité RPC,RAF,RA1A,Raffinerie,Equipment-2149,EQ-02149,venting,,9468.63,,2023,12
Activité RPC,RAF,RA1G,Raffinerie,Equipment-2150,EQ-02150,flaring,Fuel Gas,4672.47,gal,2024,4
Activité RPC,PEC,CPEK,Pétrochimie,Equipment-2151,EQ-02151,fugitive,,3839.07,,2023,1
Activité LQS,LSH,GP2Z,GPL,Equipment-2152,EQ-02152,flaring,Diesel,3594.12,gal,2024,8
Activité E&P,AST,BRS,OF,Equipment-2153,EQ-02153,fugitive,,7505.15,,2024,11
Activité E&P,AST,GTIM,GF,Equipment-2154,EQ-02154,flaring,Natural Gas,4362.83,scf,2022,4
Activité E&P,DP,HBK,GF,Equipment-2155,EQ-02155,flaring,Diesel,3874.78,gal,2022,5
Activité LQS,LSH,GP1Z,GPL,Equipment-2156,EQ-02156,fugitive,,2105.14,,2025,12
Activité E&P,DP,HMD,OF,Equipment-2157,EQ-02157,flaring,,8638.43,,2023,7
Activité E&P,AST,BRS,OF,Equipment-2158,EQ-02158,fugitive,,7826.63,,2024,10
Activité RPC,RAF,RA1K,Raffinerie,Equipment-2159,EQ-02159,venting,,7464.96,,2022,12
Activité E&P,AST,BMS,OF,Equipment-2160,EQ-02160,flaring,Fuel Gas,7364.15,gal,2023,9
Activité E&P,AST,INA,GF,Equipment-2161,EQ-02161,combustion,Fuel Gas,6628.56,gal,2022,10
Activité E&P,AST,BRS,OF,Equipment-2162,EQ-02162,combustion,Propane,7041.43,gal,2024,1
Activité E&P,AST,G SH-ENI,OF,Equipment-2163,EQ-02163,combustion,Diesel,1767.22,gal,2024,12
Activité RPC,RAF,RA1Z,Raffinerie,Equipment-2164,EQ-02164,fugitive,,5252.83,,2024,11
Activité RPC,PEC,CP1Z,Pétrochimie,Equipment-2165,EQ-02165,venting,,8489.31,,2023,8
Activité E&P,AST,INA,GF,Equipment-2166,EQ-02166,drilling,,9435.87,,2023,4
Activité LQS,LSH,GL1Z,GNL,Equipment-2167,EQ-02167,fugitive,,3023.34,,2024,2
Activité E&P,DP,REB,OF,Equipment-2168,EQ-02168,combustion,Fuel Gas,5291.34,gal,2023,1
Activité E&P,DP,RNS,GF,Equipment-2169,EQ-02169,combustion,Diesel,4349.05,gal,2025,3
Activité E&P,DP,REB,OF,Equipment-2170,EQ-02170,combustion,Natural Gas,9691.31,scf,2023,1
Activité E&P,DP,TFT,GF,Equipment-2171,EQ-02171,fugitive,,8635.71,,2022,5
Activité RPC,PEC,CP1Z,Pétrochimie,Equipment-2172,EQ-02172,fugitive,,9499.9,,2025,4
Activité E&P,AST,REGGANE,GF,Equipment-2173,EQ-02173,drilling,,855.03,,2024,10
Activité E&P,DP,HRM,GF,Equipment-2174,EQ-02174,fugitive,,6841.83,,2024,4
Activité E&P,AST,BRS,OF,Equipment-2175,EQ-02175,venting,,2592.41,,2025,8
Activité E&P,AST,BMS,OF,Equipment-2176,EQ-02176,venting,,7812.73,,2022,1
Activité LQS,LSH,GP1Z,GPL,Equipment-2177,EQ-02177,flaring,Propane,3453.73,gal,2024,10
Activité E&P,AST,INA,GF,Equipment-2178,EQ-02178,flaring,Natural Gas,7275.56,scf,2023,9
Activité RPC,PEC,CPEK,Pétrochimie,Equipment-2179,EQ-02179,fugitive,,14.83,,2025,1
Activité LQS,LSH,GL2Z,GNL,Equipment-2180,EQ-02180,drilling,,4323.79,,2022,2
Activité LQS,LSH,GP1Z,GPL,Equipment-2181,EQ-02181,venting,,9342.14,,2022,2
Activité E&P,AST,BRS,OF,Equipment-2182,EQ-02182,venting,,2746.48,,2025,4
Activité LQS,LSH,GL1K,GNL,Equipment-2183,EQ-02183,venting,,2315.56,,2023,3
Activité E&P,AST,GTFT,GF,Equipment-2184,EQ-02184,drilling,,3371.82,,2024,3
Activité LQS,LSH,GL1K,GNL,Equipment-2185,EQ-02185,combustion,Diesel,1135.88,gal,2023,12
Activité E&P,DP,TFT,GF,Equipment-2186,EQ-02186,fugitive,,3803.03,,2022,7
Activité E&P,AST,RKF,OF,Equipment-2187,EQ-02187,flaring,Natural Gas,7380.53,scf,2024,11
Activité E&P,DP,RNS,GF,Equipment-2188,EQ-02188,fugitive,,5275.83,,2025,5
Activité RPC,PEC,CPEK,Pétrochimie,Equipment-2189,EQ-02189,drilling,,6198.23,,2024,7
Activité E&P,AST,REGGANE,GF,Equipment-2190,EQ-02190,venting,,4232.6,,2025,10
Activité RPC,PEC,CPEK,Pétrochimie,Equipment-2191,EQ-02191,venting,,8479.32,,2024,12
Activité E&P,DP,INAS,GF,Equipment-2192,EQ-02192,venting,,301.24,,2023,4
Activité LQS,LSH,GL3Z,GNL,Equipment-2193,EQ-02193,venting,,537.74,,2024,9
Activité E&P,DP,HMD,OF,Equipment-2194,EQ-02194,venting,,5260.58,,2023,11
Activité E&P,DP,RNS,GF,Equipment-2195,EQ-02195,venting,,9437.32,,2024,3
Activité LQS,LSH,GP1Z,GPL,Equipment-2196,EQ-02196,fugitive,,7058.02,,2024,10
Activité RPC,PEC,CPEK,Pétrochimie,Equipment-2197,EQ-02197,flaring,Propane,2832.49,gal,2023,4
Activité RPC,RAF,RA1Z,Raffinerie,Equipment-2198,EQ-02198,combustion,Diesel,1228.27,gal,2024,4
Activité E&P,DP,GTL,GF,Equipment-2199,EQ-02199,venting,,8550.26,,2023,8
Activité E&P,AST,HBR,OF,Equipment-2200,EQ-02200,flaring,Natural Gas,333.88,scf,2024,8
Activité E&P,AST,INA,GF,Equipment-2201,EQ-02201,drilling,,1892.99,,2023,5
Activité LQS,LSH,GL1Z,GNL,Equipment-2202,EQ-02202,combustion,,9855.95,,2025,6
Activité LQS,LSH,GL1Z,GNL,Equipment-2203,EQ-02203,venting,,7898.06,,2023,4
Activité E&P,AST,OURHOUD,OF,Equipment-2204,EQ-02204,flaring,,3098.62,,2022,3
Activité E&P,AST,INA,GF,Equipment-2205,EQ-02205,drilling,,8493.84,,2024,2
Activité E&P,AST,GTFT,GF,Equipment-2206,EQ-02206,combustion,,9397.84,,2022,12
Activité E&P,AST,G SH-ENI,OF,Equipment-2207,EQ-02207,flaring,Diesel,8496.14,gal,2023,4
Activité RPC,RAF,RA1K,Raffinerie,Equipment-2208,EQ-02208,venting,,7781.55,,2024,3
Activité E&P,AST,SH-FCP MLE,GF,Equipment-2209,EQ-02209,combustion,,9934.2,,2025,8
Activité E&P,AST,HBR,OF,Equipment-2210,EQ-02210,fugitive,,992.19,,2024,11
Activité E&P,AST,HBR,OF,Equipment-2211,EQ-02211,venting,,9879.74,,2023,6
Activité E&P,AST,GTG,GF,Equipment-2212,EQ-02212,drilling,,6995.43,,2023,8
Activité E&P,DP,ADR,OF,Equipment-2213,EQ-02213,combustion,Diesel,1962.83,gal,2023,2
Activité E&P,AST,GTIM,GF,Equipment-2214,EQ-02214,combustion,Propane,3844.71,gal,2022,5
Activité E&P,AST,GTG,GF,Equipment-2215,EQ-02215,fugitive,,4599.73,,2024,2
Activité E&P,AST,GTFT,GF,Equipment-2216,EQ-02216,drilling,,6228.08,,2023,1
Activité E&P,AST,MLN,OF,Equipment-2217,EQ-02217,drilling,,8031.39,,2024,5
Activité E&P,DP,HMD,OF,Equipment-2218,EQ-02218,flaring,,2565.77,,2022,8
Activité E&P,DP,OHT,GF,Equipment-2219,EQ-02219,venting,,283.35,,2022,8
Activité E&P,AST,GTG,GF,Equipment-2220,EQ-02220,drilling,,5541.15,,2024,4
Activité LQS,LSH,GL1K,GNL,Equipment-2221,EQ-02221,combustion,Propane,713.12,gal,2023,11
Activité E&P,AST,ISG,GF,Equipment-2222,EQ-02222,flaring,Diesel,5153.81,gal,2025,3
Activité E&P,DP,HMD,OF,Equipment-2223,EQ-02223,drilling,,3933.14,,2022,1
Activité E&P,AST,GTG,GF,Equipment-2224,EQ-02224,combustion,Natural Gas,2814.77,scf,2025,8
Activité E&P,AST,OURHOUD,OF,Equipment-2225,EQ-02225,fugitive,,6083.81,,2023,11
Activité RPC,RAF,RA1A,Raffinerie,Equipment-2226,EQ-02226,drilling,,2490.9,,2025,2
Activité E&P,DP,HRM,GF,Equipment-2227,EQ-02227,combustion,Diesel,8168.06,gal,2025,12
Activité E&P,AST,GTIM,GF,Equipment-2228,EQ-02228,venting,,5493.77,,2022,9
Activité E&P,AST,GTIM,GF,Equipment-2229,EQ-02229,combustion,Propane,4540.13,gal,2025,12
Activité E&P,DP,OHT,GF,Equipment-2230,EQ-02230,combustion,Fuel Gas,6789.48,gal,2023,7
Activité LQS,LSH,GP2Z,GPL,Equipment-2231,EQ-02231,combustion,Propane,43.29,gal,2024,8
Activité E&P,AST,GB,OF,Equipment-2232,EQ-02232,fugitive,,4004.33,,2024,6
Activité RPC,RAF,RA1Z,Raffinerie,Equipment-2233,EQ-02233,fugitive,,1171.11,,2025,1
Activité E&P,AST,MLN,OF,Equipment-2234,EQ-02234,drilling,,1782.04,,2023,3
Activité LQS,LSH,GL2Z,GNL,Equipment-2235,EQ-02235,flaring,,4260.36,,2022,4
Activité E&P,AST,MLN,OF,Equipment-2236,EQ-02236,venting,,6370.4,,2023,11
Activité RPC,PEC,CPEK,Pétrochimie,Equipment-2237,EQ-02237,venting,,4429.68,,2023,2
Activité RPC,PEC,CPEK,Pétrochimie,Equipment-2238,EQ-02238,fugitive,,8912.47,,2022,5
Activité E&P,DP,HMD,OF,Equipment-2239,EQ-02239,drilling,,1498.32,,2024,1
Activité E&P,AST,GTIM,GF,Equipment-2240,EQ-02240,drilling,,5936.44,,2023,1
Activité E&P,DP,HMD,OF,Equipment-2241,EQ-02241,flaring,,1295.82,,2023,1
Activité E&P,DP,STAH,OF,Equipment-2242,EQ-02242,fugitive,,9832.67,,2022,12
Activité E&P,AST,MLN,OF,Equipment-2243,EQ-02243,drilling,,74.07,,2023,5
Activité LQS,LSH,GL3Z,GNL,Equipment-2244,EQ-02244,flaring,Fuel Gas,7095.17,gal,2023,11
Activité E&P,DP,GTL,GF,Equipment-2245,EQ-02245,combustion,Propane,2318.12,gal,2024,4
Activité RPC,RAF,RA1G,Raffinerie,Equipment-2246,EQ-02246,flaring,Diesel,4864.16,gal,2022,2
Activité E&P,AST,OURHOUD,OF,Equipment-2247,EQ-02247,drilling,,2211.47,,2023,6
Activité E&P,AST,ISG,GF,Equipment-2248,EQ-02248,flaring,Diesel,6224.99,gal,2025,6
Activité E&P,DP,ADR,OF,Equipment-2249,EQ-02249,fugitive,,6450.3,,2025,10
Activité E&P,DP,ADR,OF,Equipment-2250,EQ-02250,drilling,,530.31,,2022,2
Activité RPC,PEC,CPEK,Pétrochimie,Equipment-2251,EQ-02251,combustion,Diesel,2661.56,gal,2025,11
Activité E&P,AST,GB,OF,Equipment-2252,EQ-02252,fugitive,,9048.2,,2022,12
Activité E&P,DP,OHT,GF,Equipment-2253,EQ-02253,venting,,8109.0,,2024,3
Activité E&P,DP,STAH,OF,Equipment-2254,EQ-02254,fugitive,,6087.17,,2022,7
Activité RPC,RAF,RA1A,Raffinerie,Equipment-2255,EQ-02255,flaring,Fuel Gas,1596.97,gal,2023,8
Activité E&P,AST,GTFT,GF,Equipment-2256,EQ-02256,drilling,,8417.91,,2022,5
Activité LQS,LSH,GL1Z,GNL,Equipment-2257,EQ-02257,drilling,,6560.56,,2023,3
Activité LQS,LSH,GL1Z,GNL,Equipment-2258,EQ-02258,venting,,3471.99,,2022,6
Activité RPC,PEC,CP1Z,Pétrochimie,Equipment-2259,EQ-02259,drilling,,673.46,,2022,7
Activité E&P,DP,TFT,GF,Equipment-2260,EQ-02260,combustion,Fuel Gas,386.22,gal,2022,6
Activité E&P,DP,INAS,GF,Equipment-2261,EQ-02261,venting,,9135.85,,2022,8
Activité E&P,DP,TFT,GF,Equipment-2262,EQ-02262,drilling,,5764.53,,2025,4
Activité LQS,LSH,GP2Z,GPL,Equipment-2263,EQ-02263,fugitive,,7846.28,,2024,3
Activité E&P,DP,TFT,GF,Equipment-2264,EQ-02264,combustion,,4736.42,,2023,9
Activité E&P,AST,REGGANE,GF,Equipment-2265,EQ-02265,combustion,,9513.69,,2022,2
Activité E&P,AST,RKF,OF,Equipment-2266,EQ-02266,drilling,,4013.02,,2024,7
Activité LQS,LSH,GL3Z,GNL,Equipment-2267,EQ-02267,drilling,,4692.17,,2023,10
Activité E&P,AST,BRS,OF,Equipment-2268,EQ-02268,combustion,Diesel,4131.44,gal,2025,6
Activité LQS,LSH,GL3Z,GNL,Equipment-2269,EQ-02269,drilling,,5855.24,,2025,6
Activité E&P,AST,GTFT,GF,Equipment-2270,EQ-02270,fugitive,,4359.29,,2023,12
Activité RPC,RAF,RA1K,Raffinerie,Equipment-2271,EQ-02271,combustion,Fuel Gas,3990.97,gal,2025,11
Activité E&P,AST,HBR,OF,Equipment-2272,EQ-02272,fugitive,,3154.68,,2024,3
Activité LQS,LSH,GL2Z,GNL,Equipment-2273,EQ-02273,fugitive,,5697.12,,2025,5
Activité LQS,LSH,GL2Z,GNL,Equipment-2274,EQ-02274,fugitive,,6506.89,,2025,3
Activité E&P,AST,RKF,OF,Equipment-2275,EQ-02275,fugitive,,408.14,,2023,2
Activité E&P,DP,REB,OF,Equipment-2276,EQ-02276,combustion,Natural Gas,9036.36,scf,2022,10
Activité E&P,DP,GTL,GF,Equipment-2277,EQ-02277,flaring,Fuel Gas,5472.16,gal,2025,4
Activité E&P,AST,RKF,OF,Equipment-2278,EQ-02278,fugitive,,5926.22,,2025,4
Activité E&P,DP,TFT,GF,Equipment-2279,EQ-02279,flaring,Fuel Gas,566.59,gal,2023,7
Activité E&P,DP,GTL,GF,Equipment-2280,EQ-02280,flaring,Fuel Gas,7755.11,gal,2025,7
Activité E&P,AST,MLN,OF,Equipment-2281,EQ-02281,flaring,Natural Gas,5708.22,scf,2025,11
Activité LQS,LSH,GL1K,GNL,Equipment-2282,EQ-02282,venting,,9565.74,,2025,10
Activité RPC,PEC,CP1Z,Pétrochimie,Equipment-2283,EQ-02283,flaring,Fuel Gas,4248.19,gal,2022,6
Activité E&P,AST,INA,GF,Equipment-2284,EQ-02284,flaring,,8484.53,,2023,1
Activité E&P,DP,HRM,GF,Equipment-2285,EQ-02285,venting,,3560.04,,2024,1
Activité RPC,RAF,RA1Z,Raffinerie,Equipment-2286,EQ-02286,venting,,4071.77,,2024,12
Activité E&P,DP,INAS,GF,Equipment-2287,EQ-02287,drilling,,709.27,,2024,8
Activité E&P,DP,HRM,GF,Equipment-2288,EQ-02288,flaring,,3859.54,,2023,2
Activité LQS,LSH,GL3Z,GNL,Equipment-2289,EQ-02289,combustion,Propane,9855.54,gal,2024,12
Activité E&P,DP,INAS,GF,Equipment-2290,EQ-02290,fugitive,,164.2,,2024,11
Activité E&P,AST,BRS,OF,Equipment-2291,EQ-02291,fugitive,,8392.06,,2024,1
Activité E&P,AST,OURHOUD,OF,Equipment-2292,EQ-02292,flaring,Propane,7909.74,gal,2022,3
Activité LQS,LSH,GL1K,GNL,Equipment-2293,EQ-02293,fugitive,,8674.51,,2024,3
Activité E&P,AST,REGGANE,GF,Equipment-2294,EQ-02294,flaring,Propane,4270.84,gal,2024,10
Activité E&P,AST,GTG,GF,Equipment-2295,EQ-02295,venting,,2995.5,,2023,10
Activité E&P,AST,BRS,OF,Equipment-2296,EQ-02296,flaring,,5591.01,,2025,4
Activité E&P,AST,G SH-ENI,OF,Equipment-2297,EQ-02297,fugitive,,7098.29,,2025,7
Activité LQS,LSH,GP1Z,GPL,Equipment-2298,EQ-02298,flaring,,8654.16,,2022,12
Activité E&P,DP,OHT,GF,Equipment-2299,EQ-02299,drilling,,7336.52,,2024,7
Activité E&P,AST,REGGANE,GF,Equipment-2300,EQ-02300,drilling,,9053.46,,2022,12
Activité E&P,AST,BRS,OF,Equipment-2301,EQ-02301,flaring,,4444.57,,2022,7
Activité E&P,AST,HBR,OF,Equipment-2302,EQ-02302,fugitive,,1592.27,,2023,12
Activité RPC,RAF,RA1G,Raffinerie,Equipment-2303,EQ-02303,combustion,Propane,1702.12,gal,2022,3
Activité LQS,LSH,GL1K,GNL,Equipment-2304,EQ-02304,combustion,,4668.3,,2023,5
Activité RPC,RAF,RA1K,Raffinerie,Equipment-2305,EQ-02305,combustion,Fuel Gas,5187.42,gal,2022,7
Activité E&P,AST,ISG,GF,Equipment-2306,EQ-02306,combustion,Fuel Gas,9769.64,gal,2023,12
Activité E&P,DP,RNS,GF,Equipment-2307,EQ-02307,drilling,,2193.41,,2025,6
Activité RPC,PEC,CP1Z,Pétrochimie,Equipment-2308,EQ-02308,drilling,,5127.29,,2024,1
Activité E&P,AST,ISG,GF,Equipment-2309,EQ-02309,drilling,,6260.16,,2024,10
Activité RPC,PEC,CP1Z,Pétrochimie,Equipment-2310,EQ-02310,drilling,,1542.05,,2024,3
Activité E&P,DP,OHT,GF,Equipment-2311,EQ-02311,combustion,,3175.48,,2023,12
Activité RPC,RAF,RA1A,Raffinerie,Equipment-2312,EQ-02312,combustion,,3369.73,,2022,12
Activité E&P,AST,GSS,OF,Equipment-2313,EQ-02313,combustion,Diesel,887.25,gal,2024,12
Activité E&P,AST,GTG,GF,Equipment-2314,EQ-02314,venting,,3364.51,,2025,12
Activité E&P,AST,OURHOUD,OF,Equipment-2315,EQ-02315,flaring,Natural Gas,8355.24,scf,2023,4
Activité E&P,AST,GTG,GF,Equipment-2316,EQ-02316,flaring,Diesel,1576.05,gal,2022,6
Activité E&P,AST,REGGANE,GF,Equipment-2317,EQ-02317,combustion,Fuel Gas,4336.88,gal,2024,10
Activité E&P,AST,BRS,OF,Equipment-2318,EQ-02318,combustion,,3931.03,,2025,5
Activité RPC,RAF,RA1Z,Raffinerie,Equipment-2319,EQ-02319,fugitive,,7569.94,,2025,7
Activité E&P,AST,MLN,OF,Equipment-2320,EQ-02320,drilling,,1814.61,,2023,9
Activité E&P,AST,BMS,OF,Equipment-2321,EQ-02321,combustion,Propane,7047.66,gal,2023,5
Activité LQS,LSH,GP1Z,GPL,Equipment-2322,EQ-02322,venting,,6458.97,,2025,12
Activité E&P,DP,RNS,GF,Equipment-2323,EQ-02323,combustion,Natural Gas,328.89,scf,2025,11
Activité E&P,DP,OHT,GF,Equipment-2324,EQ-02324,flaring,,2610.41,,2022,12
Activité E&P,AST,OURHOUD,OF,Equipment-2325,EQ-02325,drilling,,4576.29,,2025,9
Activité E&P,AST,GTIM,GF,Equipment-2326,EQ-02326,fugitive,,886.57,,2025,7
Activité E&P,AST,SH-FCP MLE,GF,Equipment-2327,EQ-02327,venting,,7148.26,,2023,11
Activité E&P,DP,STAH,OF,Equipment-2328,EQ-02328,flaring,Propane,2737.55,gal,2022,10
Activité E&P,AST,BMS,OF,Equipment-2329,EQ-02329,fugitive,,3917.02,,2025,10
Activité RPC,PEC,CPEK,Pétrochimie,Equipment-2330,EQ-02330,fugitive,,3616.74,,2024,7
Activité E&P,DP,GTL,GF,Equipment-2331,EQ-02331,flaring,,9475.08,,2024,12
Activité E&P,DP,HMD,OF,Equipment-2332,EQ-02332,flaring,Fuel Gas,8998.7,gal,2025,10
Activité RPC,RAF,RA1G,Raffinerie,Equipment-2333,EQ-02333,flaring,Fuel Gas,4382.1,gal,2024,3
Activité E&P,AST,RKF,OF,Equipment-2334,EQ-02334,venting,,3007.99,,2024,6
Activité E&P,AST,OURHOUD,OF,Equipment-2335,EQ-02335,flaring,Fuel Gas,1956.55,gal,2025,5
Activité E&P,DP,STAH,OF,Equipment-2336,EQ-02336,drilling,,7931.41,,2023,12
Activité RPC,PEC,CP1Z,Pétrochimie,Equipment-2337,EQ-02337,combustion,Fuel Gas,8235.3,gal,2022,3
Activité E&P,AST,G SH-ENI,OF,Equipment-2338,EQ-02338,combustion,Natural Gas,7158.75,scf,2025,9
Activité E&P,DP,HRM,GF,Equipment-2339,EQ-02339,drilling,,7022.71,,2024,12
Activité E&P,DP,HBK,GF,Equipment-2340,EQ-02340,fugitive,,4584.11,,2025,4
Activité E&P,DP,ADR,OF,Equipment-2341,EQ-02341,venting,,7122.8,,2023,2
Activité LQS,LSH,GP1Z,GPL,Equipment-2342,EQ-02342,drilling,,2549.36,,2024,10
Activité E&P,AST,GSS,OF,Equipment-2343,EQ-02343,combustion,Propane,3659.76,gal,2024,2
Activité E&P,AST,GTIM,GF,Equipment-2344,EQ-02344,flaring,,1006.44,,2024,2
Activité LQS,LSH,GL1K,GNL,Equipment-2345,EQ-02345,drilling,,1790.32,,2023,10
Activité E&P,DP,HBK,GF,Equipment-2346,EQ-02346,flaring,Propane,1780.9,gal,2023,10
Activité E&P,AST,ISG,GF,Equipment-2347,EQ-02347,drilling,,1465.79,,2024,9
Activité E&P,AST,REGGANE,GF,Equipment-2348,EQ-02348,combustion,,4927.46,,2024,11
Activité E&P,AST,REGGANE,GF,Equipment-2349,EQ-02349,venting,,7304.1,,2023,2
Activité LQS,LSH,GP1Z,GPL,Equipment-2350,EQ-02350,combustion,Propane,9812.83,gal,2024,3
Activité E&P,DP,RNS,GF,Equipment-2351,EQ-02351,fugitive,,2002.21,,2023,12
Activité LQS,LSH,GL2Z,GNL,Equipment-2352,EQ-02352,combustion,Fuel Gas,1398.26,gal,2023,10
Activité E&P,DP,REB,OF,Equipment-2353,EQ-02353,fugitive,,1080.22,,2023,3
Activité E&P,AST,GTFT,GF,Equipment-2354,EQ-02354,combustion,,230.45,,2023,1
Activité E&P,DP,HRM,GF,Equipment-2355,EQ-02355,fugitive,,2406.76,,2023,3
Activité E&P,AST,SH-FCP MLE,GF,Equipment-2356,EQ-02356,fugitive,,7389.87,,2024,5
Activité E&P,DP,TFT,GF,Equipment-2357,EQ-02357,drilling,,4311.13,,2023,5
Activité E&P,DP,INAS,GF,Equipment-2358,EQ-02358,drilling,,3446.18,,2023,2
Activité E&P,AST,REGGANE,GF,Equipment-2359,EQ-02359,drilling,,2499.35,,2024,10
Activité E&P,AST,GSS,OF,Equipment-2360,EQ-02360,fugitive,,3011.72,,2024,1
Activité E&P,DP,INAS,GF,Equipment-2361,EQ-02361,flaring,Propane,2389.56,gal,2025,1
Activité RPC,RAF,RA1K,Raffinerie,Equipment-2362,EQ-02362,drilling,,8964.87,,2024,12
Activité E&P,AST,GTG,GF,Equipment-2363,EQ-02363,combustion,Fuel Gas,2126.18,gal,2024,3
Activité E&P,AST,ISG,GF,Equipment-2364,EQ-02364,combustion,Natural Gas,7951.94,scf,2025,9
Activité E&P,AST,GTFT,GF,Equipment-2365,EQ-02365,drilling,,586.22,,2024,10
Activité E&P,AST,INA,GF,Equipment-2366,EQ-02366,venting,,881.23,,2024,1
Activité LQS,LSH,GL2Z,GNL,Equipment-2367,EQ-02367,venting,,8012.1,,2023,2
Activité E&P,DP,INAS,GF,Equipment-2368,EQ-02368,flaring,Propane,5685.33,gal,2022,10
Activité E&P,AST,OURHOUD,OF,Equipment-2369,EQ-02369,drilling,,73.15,,2025,10
Activité E&P,DP,HMD,OF,Equipment-2370,EQ-02370,fugitive,,3238.77,,2024,3
Activité RPC,RAF,RA1K,Raffinerie,Equipment-2371,EQ-02371,fugitive,,9107.01,,2024,7
Activité E&P,DP,STAH,OF,Equipment-2372,EQ-02372,fugitive,,2088.45,,2023,2
Activité E&P,AST,BMS,OF,Equipment-2373,EQ-02373,flaring,Diesel,9639.08,gal,2023,10
Activité E&P,DP,TFT,GF,Equipment-2374,EQ-02374,venting,,9410.37,,2023,11
Activité E&P,AST,INA,GF,Equipment-2375,EQ-02375,flaring,Propane,2586.69,gal,2023,10
Activité RPC,RAF,RA1Z,Raffinerie,Equipment-2376,EQ-02376,fugitive,,3780.77,,2025,12
Activité E&P,DP,OHT,GF,Equipment-2377,EQ-02377,drilling,,6108.96,,2024,11
Activité E&P,DP,INAS,GF,Equipment-2378,EQ-02378,flaring,,3350.41,,2025,11
Activité E&P,DP,HMD,OF,Equipment-2379,EQ-02379,combustion,,9743.11,,2022,8
Activité E&P,DP,STAH,OF,Equipment-2380,EQ-02380,fugitive,,3775.53,,2022,6
Activité E&P,DP,HRM,GF,Equipment-2381,EQ-02381,combustion,Propane,6762.08,gal,2022,10
Activité E&P,DP,STAH,OF,Equipment-2382,EQ-02382,venting,,4782.06,,2022,7
Activité LQS,LSH,GL1K,GNL,Equipment-2383,EQ-02383,venting,,6998.77,,2022,1
Activité E&P,AST,BRS,OF,Equipment-2384,EQ-02384,flaring,Fuel Gas,3561.65,gal,2023,7
Activité LQS,LSH,GP1Z,GPL,Equipment-2385,EQ-02385,drilling,,3860.11,,2022,10
Activité E&P,DP,RNS,GF,Equipment-2386,EQ-02386,flaring,,6673.96,,2023,12
Activité E&P,AST,GTG,GF,Equipment-2387,EQ-02387,combustion,Natural Gas,8575.58,scf,2025,8
Activité E&P,AST,OURHOUD,OF,Equipment-2388,EQ-02388,drilling,,2947.87,,2025,7
Activité E&P,AST,GTG,GF,Equipment-2389,EQ-02389,drilling,,7946.6,,2022,9
Activité E&P,AST,REGGANE,GF,Equipment-2390,EQ-02390,fugitive,,1117.04,,2025,2
Activité E&P,DP,RNS,GF,Equipment-2391,EQ-02391,venting,,556.9,,2022,7
Activité E&P,AST,SH-FCP MLE,GF,Equipment-2392,EQ-02392,flaring,Diesel,9147.51,gal,2025,6
Activité E&P,AST,REGGANE,GF,Equipment-2393,EQ-02393,flaring,Diesel,4191.51,gal,2025,6
Activité E&P,DP,STAH,OF,Equipment-2394,EQ-02394,combustion,,3920.03,,2023,5
Activité LQS,LSH,GL2Z,GNL,Equipment-2395,EQ-02395,fugitive,,6440.43,,2025,11
Activité E&P,DP,INAS,GF,Equipment-2396,EQ-02396,combustion,Natural Gas,4159.99,scf,2022,6
Activité RPC,PEC,CPEK,Pétrochimie,Equipment-2397,EQ-02397,fugitive,,3003.0,,2024,7
Activité LQS,LSH,GL2Z,GNL,Equipment-2398,EQ-02398,venting,,6152.16,,2025,10
Activité E&P,DP,GTL,GF,Equipment-2399,EQ-02399,combustion,Propane,7273.84,gal,2024,8
Activité LQS,LSH,GP2Z,GPL,Equipment-2400,EQ-02400,drilling,,394.72,,2024,10
Activité E&P,AST,G SH-ENI,OF,Equipment-2401,EQ-02401,fugitive,,3879.26,,2024,1
Activité E&P,AST,GSS,OF,Equipment-2402,EQ-02402,venting,,3254.51,,2025,7
Activité E&P,DP,GTL,GF,Equipment-2403,EQ-02403,combustion,Fuel Gas,8541.99,gal,2024,4
Activité RPC,RAF,RA1Z,Raffinerie,Equipment-2404,EQ-02404,flaring,Propane,4695.88,gal,2022,8
Activité E&P,DP,GTL,GF,Equipment-2405,EQ-02405,flaring,,9232.08,,2024,5
Activité E&P,AST,INA,GF,Equipment-2406,EQ-02406,combustion,Diesel,3472.98,gal,2025,7
Activité RPC,RAF,RA1G,Raffinerie,Equipment-2407,EQ-02407,flaring,Fuel Gas,8729.42,gal,2023,11
Activité RPC,PEC,CP1Z,Pétrochimie,Equipment-2408,EQ-02408,venting,,9243.52,,2022,10
Activité RPC,RAF,RA1G,Raffinerie,Equipment-2409,EQ-02409,drilling,,9503.2,,2024,11
Activité RPC,RAF,RA1G,Raffinerie,Equipment-2410,EQ-02410,fugitive,,8828.94,,2024,7
Activité E&P,DP,TFT,GF,Equipment-2411,EQ-02411,combustion,Propane,6184.96,gal,2024,8
Activité RPC,PEC,CP1Z,Pétrochimie,Equipment-2412,EQ-02412,venting,,5775.96,,2022,8
Activité RPC,PEC,CPEK,Pétrochimie,Equipment-2413,EQ-02413,drilling,,6123.45,,2022,6
Activité RPC,RAF,RA1G,Raffinerie,Equipment-2414,EQ-02414,flaring,Diesel,1676.61,gal,2024,12
Activité RPC,RAF,RA1A,Raffinerie,Equipment-2415,EQ-02415,venting,,1403.75,,2025,7
Activité RPC,RAF,RA1A,Raffinerie,Equipment-2416,EQ-02416,venting,,7165.72,,2023,11
Activité E&P,DP,GTL,GF,Equipment-2417,EQ-02417,venting,,9863.06,,2023,5
Activité E&P,DP,STAH,OF,Equipment-2418,EQ-02418,venting,,5843.48,,2023,9
Activité LQS,LSH,GL3Z,GNL,Equipment-2419,EQ-02419,drilling,,7605.39,,2025,9
Activité E&P,AST,RKF,OF,Equipment-2420,EQ-02420,fugitive,,172.02,,2023,7
Activité E&P,DP,HBK,GF,Equipment-2421,EQ-02421,fugitive,,7443.85,,2023,8
Activité E&P,DP,ADR,OF,Equipment-2422,EQ-02422,venting,,1115.74,,2023,11
Activité LQS,LSH,GL2Z,GNL,Equipment-2423,EQ-02423,combustion,,8533.64,,2025,12
Activité RPC,RAF,RA1K,Raffinerie,Equipment-2424,EQ-02424,venting,,92.43,,2023,11
Activité LQS,LSH,GL2Z,GNL,Equipment-2425,EQ-02425,venting,,1605.58,,2022,6
Activité E&P,AST,G SH-ENI,OF,Equipment-2426,EQ-02426,combustion,,8375.0,,2022,4
Activité E&P,AST,MLN,OF,Equipment-2427,EQ-02427,drilling,,8198.35,,2025,10
Activité E&P,AST,GTG,GF,Equipment-2428,EQ-02428,flaring,Fuel Gas,5633.35,gal,2025,3
Activité E&P,DP,GTL,GF,Equipment-2429,EQ-02429,fugitive,,6750.17,,2024,9
Activité E&P,AST,SH-FCP MLE,GF,Equipment-2430,EQ-02430,combustion,Natural Gas,3950.72,scf,2024,5
Activité E&P,DP,OHT,GF,Equipment-2431,EQ-02431,flaring,Natural Gas,6545.43,scf,2022,9
Activité E&P,DP,HMD,OF,Equipment-2432,EQ-02432,venting,,6820.0,,2022,2
Activité E&P,AST,MLN,OF,Equipment-2433,EQ-02433,combustion,Diesel,1767.5,gal,2025,7
Activité E&P,DP,STAH,OF,Equipment-2434,EQ-02434,venting,,6300.8,,2025,6
Activité RPC,PEC,CP1Z,Pétrochimie,Equipment-2435,EQ-02435,drilling,,7284.86,,2023,8
Activité E&P,AST,RKF,OF,Equipment-2436,EQ-02436,drilling,,3919.55,,2022,9
Activité RPC,RAF,RA1G,Raffinerie,Equipment-2437,EQ-02437,drilling,,5728.48,,2024,6
Activité E&P,AST,INA,GF,Equipment-2438,EQ-02438,combustion,,6257.31,,2024,5
Activité E&P,AST,OURHOUD,OF,Equipment-2439,EQ-02439,flaring,Propane,5003.96,gal,2023,8
Activité E&P,DP,HRM,GF,Equipment-2440,EQ-02440,fugitive,,8869.2,,2023,2
Activité E&P,DP,REB,OF,Equipment-2441,EQ-02441,flaring,,5968.94,,2022,2
Activité LQS,LSH,GL1Z,GNL,Equipment-2442,EQ-02442,fugitive,,1561.75,,2023,4
Activité E&P,DP,STAH,OF,Equipment-2443,EQ-02443,combustion,Propane,3052.48,gal,2025,4
Activité E&P,AST,SH-FCP MLE,GF,Equipment-2444,EQ-02444,fugitive,,252.78,,2023,2
Activité E&P,DP,STAH,OF,Equipment-2445,EQ-02445,fugitive,,3785.44,,2023,11
Activité E&P,AST,REGGANE,GF,Equipment-2446,EQ-02446,drilling,,1958.46,,2024,2
Activité E&P,AST,GB,OF,Equipment-2447,EQ-02447,drilling,,3376.98,,2022,7
Activité LQS,LSH,GL3Z,GNL,Equipment-2448,EQ-02448,fugitive,,4854.2,,2024,10
Activité E&P,DP,GTL,GF,Equipment-2449,EQ-02449,flaring,Propane,9970.02,gal,2025,4
Activité E&P,DP,HBK,GF,Equipment-2450,EQ-02450,combustion,Propane,6186.16,gal,2022,7
Activité E&P,AST,GTFT,GF,Equipment-2451,EQ-02451,combustion,Fuel Gas,1623.42,gal,2023,8
Activité E&P,AST,GTIM,GF,Equipment-2452,EQ-02452,venting,,9510.11,,2024,7
Activité E&P,DP,RNS,GF,Equipment-2453,EQ-02453,fugitive,,5241.15,,2023,11
Activité E&P,DP,INAS,GF,Equipment-2454,EQ-02454,venting,,612.35,,2022,11
Activité E&P,AST,HBR,OF,Equipment-2455,EQ-02455,fugitive,,5952.9,,2023,1
Activité RPC,RAF,RA1Z,Raffinerie,Equipment-2456,EQ-02456,venting,,7404.16,,2022,9
Activité E&P,DP,HMD,OF,Equipment-2457,EQ-02457,drilling,,2890.04,,2024,12
Activité LQS,LSH,GL1K,GNL,Equipment-2458,EQ-02458,combustion,,4165.04,,2023,9
Activité RPC,RAF,RA1G,Raffinerie,Equipment-2459,EQ-02459,combustion,,516.03,,2023,8
Activité E&P,DP,STAH,OF,Equipment-2460,EQ-02460,fugitive,,6412.35,,2022,12
Activité LQS,LSH,GL3Z,GNL,Equipment-2461,EQ-02461,fugitive,,1509.27,,2022,4
Activité E&P,AST,G SH-ENI,OF,Equipment-2462,EQ-02462,combustion,Natural Gas,5373.74,scf,2022,8
Activité LQS,LSH,GP1Z,GPL,Equipment-2463,EQ-02463,combustion,,9311.39,,2025,3
Activité LQS,LSH,GL1Z,GNL,Equipment-2464,EQ-02464,flaring,Fuel Gas,2832.44,gal,2024,8
Activité E&P,AST,GTIM,GF,Equipment-2465,EQ-02465,drilling,,9443.62,,2022,10
Activité LQS,LSH,GL3Z,GNL,Equipment-2466,EQ-02466,combustion,Fuel Gas,4331.13,gal,2025,11
Activité E&P,DP,HMD,OF,Equipment-2467,EQ-02467,venting,,4582.29,,2022,3
Activité LQS,LSH,GP2Z,GPL,Equipment-2468,EQ-02468,fugitive,,509.69,,2025,2
Activité E&P,AST,GTFT,GF,Equipment-2469,EQ-02469,venting,,3458.48,,2022,10
Activité RPC,RAF,RA1Z,Raffinerie,Equipment-2470,EQ-02470,combustion,Diesel,7983.01,gal,2024,7
Activité E&P,AST,GTFT,GF,Equipment-2471,EQ-02471,venting,,4844.96,,2025,2
Activité E&P,AST,BRS,OF,Equipment-2472,EQ-02472,drilling,,2511.15,,2024,6
Activité E&P,DP,OHT,GF,Equipment-2473,EQ-02473,combustion,,5171.48,,2025,3
Activité E&P,AST,ISG,GF,Equipment-2474,EQ-02474,flaring,Fuel Gas,346.75,gal,2022,9
Activité E&P,DP,TFT,GF,Equipment-2475,EQ-02475,combustion,Diesel,8756.3,gal,2023,5
Activité E&P,DP,TFT,GF,Equipment-2476,EQ-02476,flaring,Fuel Gas,3754.37,gal,2023,5
Activité RPC,RAF,RA1G,Raffinerie,Equipment-2477,EQ-02477,flaring,Natural Gas,3830.75,scf,2023,2
Activité E&P,AST,GTIM,GF,Equipment-2478,EQ-02478,fugitive,,5719.58,,2022,8
Activité LQS,LSH,GL3Z,GNL,Equipment-2479,EQ-02479,flaring,,8642.42,,2025,10
Activité RPC,PEC,CP1Z,Pétrochimie,Equipment-2480,EQ-02480,combustion,Diesel,1886.45,gal,2023,3
Activité E&P,DP,ADR,OF,Equipment-2481,EQ-02481,combustion,Fuel Gas,5698.72,gal,2022,10
Activité E&P,AST,RKF,OF,Equipment-2482,EQ-02482,drilling,,269.16,,2025,12
Activité E&P,AST,BMS,OF,Equipment-2483,EQ-02483,fugitive,,5983.26,,2025,1
Activité E&P,DP,HMD,OF,Equipment-2484,EQ-02484,combustion,Diesel,3890.45,gal,2024,3
Activité LQS,LSH,GL1Z,GNL,Equipment-2485,EQ-02485,flaring,Natural Gas,8361.31,scf,2023,1
Activité E&P,DP,HRM,GF,Equipment-2486,EQ-02486,flaring,Propane,8804.79,gal,2022,4
Activité E&P,DP,OHT,GF,Equipment-2487,EQ-02487,drilling,,5409.4,,2024,5
Activité E&P,AST,MLN,OF,Equipment-2488,EQ-02488,fugitive,,6605.13,,2024,6
Activité E&P,DP,HBK,GF,Equipment-2489,EQ-02489,drilling,,1936.79,,2025,2
Activité E&P,AST,GSS,OF,Equipment-2490,EQ-02490,drilling,,3979.15,,2022,4
Activité E&P,DP,HBK,GF,Equipment-2491,EQ-02491,flaring,,5323.7,,2023,10
Activité E&P,AST,INA,GF,Equipment-2492,EQ-02492,fugitive,,6082.74,,2023,3
Activité RPC,RAF,RA1K,Raffinerie,Equipment-2493,EQ-02493,drilling,,9945.4,,2025,6
Activité E&P,AST,GSS,OF,Equipment-2494,EQ-02494,flaring,Diesel,23.52,gal,2023,12
Activité E&P,AST,RKF,OF,Equipment-2495,EQ-02495,flaring,,5220.53,,2022,7
Activité E&P,AST,RKF,OF,Equipment-2496,EQ-02496,venting,,1112.53,,2024,1
Activité E&P,DP,HRM,GF,Equipment-2497,EQ-02497,flaring,,9291.95,,2023,12
Activité E&P,DP,TFT,GF,Equipment-2498,EQ-02498,combustion,Diesel,5672.25,gal,2025,1
Activité RPC,RAF,RA1Z,Raffinerie,Equipment-2499,EQ-02499,drilling,,8076.54,,2025,4
Activité E&P,DP,HMD,OF,Equipment-2500,EQ-02500,drilling,,4977.14,,2023,3
Activité E&P,AST,GTIM,GF,Equipment-2501,EQ-02501,drilling,,7861.7,,2025,9
Activité E&P,DP,REB,OF,Equipment-2502,EQ-02502,venting,,379.64,,2022,11
Activité E&P,DP,GTL,GF,Equipment-2503,EQ-02503,combustion,,7673.88,,2023,10
Activité E&P,DP,HMD,OF,Equipment-2504,EQ-02504,venting,,6310.44,,2022,1
Activité E&P,DP,ADR,OF,Equipment-2505,EQ-02505,venting,,7474.14,,2022,9
Activité E&P,AST,GTFT,GF,Equipment-2506,EQ-02506,drilling,,6033.04,,2025,11
Activité LQS,LSH,GP1Z,GPL,Equipment-2507,EQ-02507,fugitive,,7404.24,,2023,1
Activité E&P,AST,BRS,OF,Equipment-2508,EQ-02508,fugitive,,386.78,,2025,10
Activité E&P,DP,GTL,GF,Equipment-2509,EQ-02509,flaring,Fuel Gas,2362.54,gal,2024,11
Activité E&P,DP,HBK,GF,Equipment-2510,EQ-02510,venting,,8750.62,,2023,3
Activité E&P,AST,GB,OF,Equipment-2511,EQ-02511,drilling,,7097.98,,2023,10
Activité E&P,AST,GB,OF,Equipment-2512,EQ-02512,combustion,Fuel Gas,4119.84,gal,2025,10
Activité RPC,RAF,RA1G,Raffinerie,Equipment-2513,EQ-02513,fugitive,,8992.07,,2023,3
Activité E&P,DP,HBK,GF,Equipment-2514,EQ-02514,flaring,Diesel,8595.12,gal,2025,10
Activité E&P,AST,GB,OF,Equipment-2515,EQ-02515,venting,,2302.59,,2025,10
Activité E&P,DP,GTL,GF,Equipment-2516,EQ-02516,combustion,Diesel,6553.05,gal,2023,9
Activité RPC,PEC,CPEK,Pétrochimie,Equipment-2517,EQ-02517,drilling,,5477.63,,2023,9
Activité E&P,AST,GB,OF,Equipment-2518,EQ-02518,drilling,,5358.06,,2024,3
Activité RPC,RAF,RA1Z,Raffinerie,Equipment-2519,EQ-02519,drilling,,2951.86,,2025,3
Activité E&P,AST,GTFT,GF,Equipment-2520,EQ-02520,drilling,,7160.46,,2024,2
Activité LQS,LSH,GL2Z,GNL,Equipment-2521,EQ-02521,fugitive,,8035.61,,2024,1
Activité E&P,DP,OHT,GF,Equipment-2522,EQ-02522,combustion,,5723.91,,2023,10
Activité E&P,AST,INA,GF,Equipment-2523,EQ-02523,flaring,,3482.9,,2024,4
Activité RPC,PEC,CP1Z,Pétrochimie,Equipment-2524,EQ-02524,drilling,,8056.12,,2024,10
Activité E&P,DP,RNS,GF,Equipment-2525,EQ-02525,combustion,,4081.67,,2023,4
Activité LQS,LSH,GL1K,GNL,Equipment-2526,EQ-02526,flaring,,35.35,,2023,3
Activité E&P,DP,HBK,GF,Equipment-2527,EQ-02527,drilling,,5071.51,,2023,11
Activité E&P,AST,GTIM,GF,Equipment-2528,EQ-02528,flaring,,5649.86,,2025,2
Activité E&P,DP,OHT,GF,Equipment-2529,EQ-02529,flaring,Diesel,8025.72,gal,2024,7
Activité E&P,DP,GTL,GF,Equipment-2530,EQ-02530,flaring,Diesel,5108.23,gal,2024,7
Activité E&P,DP,HBK,GF,Equipment-2531,EQ-02531,fugitive,,4994.2,,2024,11
Activité E&P,DP,STAH,OF,Equipment-2532,EQ-02532,fugitive,,5066.66,,2025,4
Activité E&P,AST,GB,OF,Equipment-2533,EQ-02533,venting,,1907.82,,2022,6
Activité LQS,LSH,GP2Z,GPL,Equipment-2534,EQ-02534,flaring,Fuel Gas,1406.76,gal,2025,2
Activité E&P,DP,HBK,GF,Equipment-2535,EQ-02535,venting,,8655.85,,2022,1
Activité LQS,LSH,GL1Z,GNL,Equipment-2536,EQ-02536,drilling,,3533.78,,2023,1
Activité E&P,AST,HBR,OF,Equipment-2537,EQ-02537,combustion,Fuel Gas,1065.99,gal,2022,9
Activité E&P,AST,ISG,GF,Equipment-2538,EQ-02538,fugitive,,5094.43,,2025,4
Activité E&P,AST,OURHOUD,OF,Equipment-2539,EQ-02539,drilling,,3445.17,,2022,1
Activité E&P,DP,ADR,OF,Equipment-2540,EQ-02540,drilling,,842.78,,2025,8
Activité E&P,AST,GSS,OF,Equipment-2541,EQ-02541,combustion,,6257.05,,2024,6
Activité LQS,LSH,GL1Z,GNL,Equipment-2542,EQ-02542,drilling,,202.78,,2023,4
Activité E&P,AST,GB,OF,Equipment-2543,EQ-02543,combustion,Fuel Gas,9487.28,gal,2024,1
Activité LQS,LSH,GL1K,GNL,Equipment-2544,EQ-02544,combustion,Fuel Gas,7859.85,gal,2025,8
Activité E&P,DP,STAH,OF,Equipment-2545,EQ-02545,drilling,,1857.75,,2022,5
Activité LQS,LSH,GL1K,GNL,Equipment-2546,EQ-02546,combustion,Natural Gas,8332.76,scf,2024,6
Activité E&P,AST,SH-FCP MLE,GF,Equipment-2547,EQ-02547,combustion,Fuel Gas,8382.75,gal,2025,4
Activité LQS,LSH,GP2Z,GPL,Equipment-2548,EQ-02548,flaring,Natural Gas,1304.37,scf,2025,11
Activité E&P,DP,STAH,OF,Equipment-2549,EQ-02549,combustion,Fuel Gas,640.97,gal,2023,4
Activité E&P,DP,STAH,OF,Equipment-2550,EQ-02550,flaring,Propane,3955.52,gal,2022,5
Activité E&P,AST,SH-FCP MLE,GF,Equipment-2551,EQ-02551,drilling,,8107.16,,2023,7
Activité E&P,AST,BMS,OF,Equipment-2552,EQ-02552,venting,,4595.39,,2023,1
Activité RPC,RAF,RA1K,Raffinerie,Equipment-2553,EQ-02553,venting,,5693.62,,2025,3
Activité E&P,AST,BRS,OF,Equipment-2554,EQ-02554,flaring,Fuel Gas,6856.69,gal,2024,1
Activité RPC,RAF,RA1G,Raffinerie,Equipment-2555,EQ-02555,flaring,Propane,7037.9,gal,2024,2
Activité E&P,DP,OHT,GF,Equipment-2556,EQ-02556,drilling,,2328.6,,2024,8
Activité LQS,LSH,GL2Z,GNL,Equipment-2557,EQ-02557,drilling,,9711.96,,2024,3
Activité E&P,AST,MLN,OF,Equipment-2558,EQ-02558,fugitive,,4976.11,,2022,1
Activité E&P,AST,GSS,OF,Equipment-2559,EQ-02559,fugitive,,451.91,,2022,12
Activité E&P,AST,GTIM,GF,Equipment-2560,EQ-02560,fugitive,,6455.62,,2023,10
Activité RPC,RAF,RA1A,Raffinerie,Equipment-2561,EQ-02561,drilling,,427.07,,2022,5
Activité E&P,AST,ISG,GF,Equipment-2562,EQ-02562,combustion,Diesel,9181.26,gal,2025,4
Activité LQS,LSH,GL2Z,GNL,Equipment-2563,EQ-02563,combustion,Fuel Gas,7136.09,gal,2022,3
Activité E&P,DP,TFT,GF,Equipment-2564,EQ-02564,fugitive,,4748.59,,2024,5
Activité RPC,PEC,CPEK,Pétrochimie,Equipment-2565,EQ-02565,drilling,,4976.18,,2022,1
Activité E&P,AST,GTG,GF,Equipment-2566,EQ-02566,combustion,Propane,8029.91,gal,2023,7
Activité E&P,DP,STAH,OF,Equipment-2567,EQ-02567,fugitive,,4757.53,,2022,2
Activité RPC,PEC,CPEK,Pétrochimie,Equipment-2568,EQ-02568,drilling,,513.32,,2023,2
Activité E&P,AST,BMS,OF,Equipment-2569,EQ-02569,combustion,,7956.54,,2022,7
Activité E&P,AST,GTIM,GF,Equipment-2570,EQ-02570,fugitive,,1251.37,,2024,6
Activité E&P,DP,REB,OF,Equipment-2571,EQ-02571,combustion,Fuel Gas,4092.99,gal,2022,11
Activité E&P,AST,G SH-ENI,OF,Equipment-2572,EQ-02572,fugitive,,532.3,,2022,10
Activité RPC,PEC,CPEK,Pétrochimie,Equipment-2573,EQ-02573,venting,,198.42,,2022,4
Activité LQS,LSH,GL3Z,GNL,Equipment-2574,EQ-02574,drilling,,8579.11,,2024,2
Activité E&P,AST,MLN,OF,Equipment-2575,EQ-02575,flaring,Diesel,2225.88,gal,2025,8
Activité E&P,DP,OHT,GF,Equipment-2576,EQ-02576,fugitive,,4640.98,,2022,3
Activité E&P,AST,HBR,OF,Equipment-2577,EQ-02577,combustion,Propane,1479.52,gal,2022,7
Activité RPC,RAF,RA1K,Raffinerie,Equipment-2578,EQ-02578,drilling,,1794.19,,2022,2
Activité RPC,RAF,RA1G,Raffinerie,Equipment-2579,EQ-02579,drilling,,5317.83,,2025,10
Activité RPC,RAF,RA1A,Raffinerie,Equipment-2580,EQ-02580,drilling,,1997.14,,2023,10
Activité LQS,LSH,GL1Z,GNL,Equipment-2581,EQ-02581,venting,,8503.18,,2023,9
Activité E&P,AST,GTFT,GF,Equipment-2582,EQ-02582,combustion,Propane,2685.69,gal,2025,3
Activité RPC,RAF,RA1A,Raffinerie,Equipment-2583,EQ-02583,drilling,,3492.42,,2025,5
Activité E&P,DP,HMD,OF,Equipment-2584,EQ-02584,fugitive,,3252.29,,2023,4
Activité LQS,LSH,GP2Z,GPL,Equipment-2585,EQ-02585,fugitive,,2001.67,,2022,3
Activité E&P,AST,GB,OF,Equipment-2586,EQ-02586,flaring,Fuel Gas,3233.33,gal,2025,3
Activité E&P,AST,HBR,OF,Equipment-2587,EQ-02587,fugitive,,4723.67,,2023,3
Activité E&P,AST,BMS,OF,Equipment-2588,EQ-02588,drilling,,994.11,,2022,3
Activité E&P,AST,HBR,OF,Equipment-2589,EQ-02589,combustion,,4958.12,,2023,9
Activité E&P,AST,RKF,OF,Equipment-2590,EQ-02590,combustion,Diesel,4237.75,gal,2023,2
Activité LQS,LSH,GL1Z,GNL,Equipment-2591,EQ-02591,venting,,2857.31,,2023,5
Activité E&P,AST,ISG,GF,Equipment-2592,EQ-02592,fugitive,,9207.19,,2022,1
Activité E&P,AST,HBR,OF,Equipment-2593,EQ-02593,flaring,Natural Gas,708.3,scf,2025,1
Activité E&P,DP,REB,OF,Equipment-2594,EQ-02594,drilling,,8965.52,,2022,4
Activité RPC,RAF,RA1G,Raffinerie,Equipment-2595,EQ-02595,flaring,Natural Gas,9546.47,scf,2022,3
Activité LQS,LSH,GL1K,GNL,Equipment-2596,EQ-02596,flaring,Fuel Gas,6204.05,gal,2023,5
Activité E&P,DP,HRM,GF,Equipment-2597,EQ-02597,combustion,,4497.25,,2024,6
Activité E&P,AST,GTG,GF,Equipment-2598,EQ-02598,combustion,,4682.46,,2024,12
Activité E&P,AST,HBR,OF,Equipment-2599,EQ-02599,flaring,,3090.86,,2024,6
Activité E&P,AST,GB,OF,Equipment-2600,EQ-02600,combustion,Fuel Gas,9139.25,gal,2023,4
Activité E&P,AST,BMS,OF,Equipment-2601,EQ-02601,fugitive,,5390.69,,2024,2
Activité E&P,DP,HBK,GF,Equipment-2602,EQ-02602,flaring,Diesel,3504.97,gal,2025,2
Activité E&P,DP,OHT,GF,Equipment-2603,EQ-02603,fugitive,,2847.56,,2023,2
Activité E&P,AST,GTIM,GF,Equipment-2604,EQ-02604,drilling,,7111.16,,2023,9
Activité E&P,DP,GTL,GF,Equipment-2605,EQ-02605,drilling,,1481.3,,2025,10
Activité E&P,DP,OHT,GF,Equipment-2606,EQ-02606,flaring,Diesel,501.31,gal,2022,2
Activité E&P,AST,BRS,OF,Equipment-2607,EQ-02607,combustion,,9897.8,,2024,2
Activité LQS,LSH,GL1Z,GNL,Equipment-2608,EQ-02608,drilling,,188.34,,2025,10
Activité E&P,AST,GB,OF,Equipment-2609,EQ-02609,venting,,6220.54,,2022,4
Activité RPC,RAF,RA1Z,Raffinerie,Equipment-2610,EQ-02610,drilling,,1414.45,,2023,8
Activité E&P,AST,RKF,OF,Equipment-2611,EQ-02611,flaring,Natural Gas,3433.13,scf,2025,4
Activité LQS,LSH,GL1Z,GNL,Equipment-2612,EQ-02612,venting,,5576.38,,2023,6
Activité RPC,RAF,RA1Z,Raffinerie,Equipment-2613,EQ-02613,combustion,Propane,8323.72,gal,2022,7
Activité E&P,DP,RNS,GF,Equipment-2614,EQ-02614,venting,,4812.24,,2025,3
Activité LQS,LSH,GP2Z,GPL,Equipment-2615,EQ-02615,flaring,Fuel Gas,2765.53,gal,2024,12
Activité LQS,LSH,GP1Z,GPL,Equipment-2616,EQ-02616,flaring,Natural Gas,4999.89,scf,2023,10
Activité E&P,AST,ISG,GF,Equipment-2617,EQ-02617,venting,,1856.88,,2022,10
Activité E&P,DP,STAH,OF,Equipment-2618,EQ-02618,flaring,Fuel Gas,6876.41,gal,2022,5
Activité LQS,LSH,GL1Z,GNL,Equipment-2619,EQ-02619,venting,,3398.56,,2025,2
Activité E&P,AST,G SH-ENI,OF,Equipment-2620,EQ-02620,combustion,Fuel Gas,645.73,gal,2022,5
Activité E&P,AST,G SH-ENI,OF,Equipment-2621,EQ-02621,combustion,,37.65,,2022,8
Activité E&P,DP,ADR,OF,Equipment-2622,EQ-02622,combustion,Diesel,4188.62,gal,2024,6
Activité RPC,PEC,CPEK,Pétrochimie,Equipment-2623,EQ-02623,fugitive,,1120.21,,2022,1
Activité E&P,DP,HMD,OF,Equipment-2624,EQ-02624,fugitive,,3226.48,,2022,2
Activité E&P,DP,REB,OF,Equipment-2625,EQ-02625,venting,,3813.73,,2023,12
Activité E&P,DP,STAH,OF,Equipment-2626,EQ-02626,venting,,4061.42,,2025,11
Activité E&P,AST,G SH-ENI,OF,Equipment-2627,EQ-02627,combustion,,7638.48,,2024,4
Activité LQS,LSH,GP2Z,GPL,Equipment-2628,EQ-02628,flaring,Fuel Gas,6202.51,gal,2022,1
Activité E&P,DP,GTL,GF,Equipment-2629,EQ-02629,fugitive,,338.37,,2022,4
Activité RPC,RAF,RA1Z,Raffinerie,Equipment-2630,EQ-02630,fugitive,,3834.26,,2023,8
Activité E&P,DP,INAS,GF,Equipment-2631,EQ-02631,drilling,,6852.17,,2022,10
Activité LQS,LSH,GP2Z,GPL,Equipment-2632,EQ-02632,venting,,6692.67,,2023,7
Activité E&P,DP,HRM,GF,Equipment-2633,EQ-02633,fugitive,,4531.12,,2022,10
Activité LQS,LSH,GP1Z,GPL,Equipment-2634,EQ-02634,flaring,Natural Gas,1113.44,scf,2022,7
Activité E&P,DP,TFT,GF,Equipment-2635,EQ-02635,fugitive,,6545.4,,2025,7
Activité RPC,PEC,CP1Z,Pétrochimie,Equipment-2636,EQ-02636,fugitive,,931.64,,2025,7
Activité E&P,DP,ADR,OF,Equipment-2637,EQ-02637,drilling,,2029.93,,2022,7
Activité E&P,DP,RNS,GF,Equipment-2638,EQ-02638,flaring,Diesel,755.13,gal,2022,12
Activité E&P,DP,HRM,GF,Equipment-2639,EQ-02639,flaring,Diesel,8036.08,gal,2025,6
Activité E&P,AST,REGGANE,GF,Equipment-2640,EQ-02640,combustion,Propane,4097.47,gal,2024,5
Activité E&P,AST,ISG,GF,Equipment-2641,EQ-02641,combustion,Fuel Gas,6600.69,gal,2025,2
Activité E&P,DP,RNS,GF,Equipment-2642,EQ-02642,venting,,2637.71,,2024,10
Activité E&P,AST,GTIM,GF,Equipment-2643,EQ-02643,drilling,,3921.97,,2023,7
Activité E&P,AST,ISG,GF,Equipment-2644,EQ-02644,combustion,,2037.81,,2023,1
Activité RPC,RAF,RA1A,Raffinerie,Equipment-2645,EQ-02645,flaring,Propane,9573.57,gal,2022,9
Activité E&P,DP,ADR,OF,Equipment-2646,EQ-02646,flaring,,3281.49,,2023,10
Activité RPC,PEC,CPEK,Pétrochimie,Equipment-2647,EQ-02647,flaring,Natural Gas,9838.42,scf,2025,7
Activité E&P,DP,GTL,GF,Equipment-2648,EQ-02648,combustion,Natural Gas,8622.7,scf,2024,6
Activité E&P,AST,INA,GF,Equipment-2649,EQ-02649,combustion,Diesel,1816.55,gal,2025,7
Activité RPC,RAF,RA1A,Raffinerie,Equipment-2650,EQ-02650,combustion,,3955.01,,2023,5
Activité E&P,DP,INAS,GF,Equipment-2651,EQ-02651,combustion,Fuel Gas,5220.7,gal,2023,5
Activité E&P,DP,HBK,GF,Equipment-2652,EQ-02652,venting,,4176.7,,2025,9
Activité E&P,DP,TFT,GF,Equipment-2653,EQ-02653,combustion,Fuel Gas,7130.07,gal,2023,5
Activité E&P,AST,MLN,OF,Equipment-2654,EQ-02654,fugitive,,6910.5,,2023,5
Activité E&P,AST,G SH-ENI,OF,Equipment-2655,EQ-02655,venting,,8163.7,,2023,7
Activité RPC,RAF,RA1G,Raffinerie,Equipment-2656,EQ-02656,flaring,Propane,7674.45,gal,2024,3
Activité E&P,AST,REGGANE,GF,Equipment-2657,EQ-02657,venting,,3237.8,,2025,11
Activité LQS,LSH,GL2Z,GNL,Equipment-2658,EQ-02658,fugitive,,1122.42,,2022,5
Activité E&P,DP,INAS,GF,Equipment-2659,EQ-02659,combustion,Propane,8912.93,gal,2024,11
Activité E&P,AST,ISG,GF,Equipment-2660,EQ-02660,combustion,Fuel Gas,2245.14,gal,2024,8
Activité E&P,DP,STAH,OF,Equipment-2661,EQ-02661,drilling,,2178.27,,2022,6
Activité E&P,DP,TFT,GF,Equipment-2662,EQ-02662,venting,,2386.88,,2025,5
Activité RPC,RAF,RA1Z,Raffinerie,Equipment-2663,EQ-02663,venting,,7586.52,,2023,7
Activité E&P,AST,MLN,OF,Equipment-2664,EQ-02664,venting,,4592.32,,2023,12
Activité E&P,AST,GTG,GF,Equipment-2665,EQ-02665,flaring,Fuel Gas,2280.34,gal,2023,7
Activité LQS,LSH,GL1Z,GNL,Equipment-2666,EQ-02666,combustion,Fuel Gas,3799.9,gal,2025,3
Activité RPC,PEC,CP1Z,Pétrochimie,Equipment-2667,EQ-02667,combustion,Propane,6659.82,gal,2023,10
Activité E&P,AST,HBR,OF,Equipment-2668,EQ-02668,combustion,Propane,3817.8,gal,2024,7
Activité E&P,DP,STAH,OF,Equipment-2669,EQ-02669,fugitive,,5501.86,,2024,10
Activité E&P,AST,MLN,OF,Equipment-2670,EQ-02670,flaring,Fuel Gas,6260.46,gal,2023,8
Activité E&P,AST,ISG,GF,Equipment-2671,EQ-02671,venting,,3164.83,,2024,7
Activité E&P,DP,HMD,OF,Equipment-2672,EQ-02672,drilling,,2306.18,,2024,11
Activité E&P,AST,OURHOUD,OF,Equipment-2673,EQ-02673,venting,,6001.0,,2022,10
Activité E&P,DP,ADR,OF,Equipment-2674,EQ-02674,combustion,Propane,3040.93,gal,2024,9
Activité E&P,DP,HMD,OF,Equipment-2675,EQ-02675,fugitive,,5675.92,,2024,8
Activité E&P,AST,OURHOUD,OF,Equipment-2676,EQ-02676,combustion,Natural Gas,228.33,scf,2023,11
Activité E&P,DP,HBK,GF,Equipment-2677,EQ-02677,fugitive,,9859.39,,2023,11
Activité E&P,DP,INAS,GF,Equipment-2678,EQ-02678,venting,,2560.38,,2023,10
Activité E&P,AST,GTG,GF,Equipment-2679,EQ-02679,combustion,Natural Gas,841.5,scf,2023,10
Activité E&P,DP,HBK,GF,Equipment-2680,EQ-02680,drilling,,8751.03,,2022,7
Activité E&P,AST,BRS,OF,Equipment-2681,EQ-02681,fugitive,,2210.37,,2023,3
Activité RPC,RAF,RA1Z,Raffinerie,Equipment-2682,EQ-02682,fugitive,,7580.87,,2022,6
Activité E&P,DP,STAH,OF,Equipment-2683,EQ-02683,combustion,Diesel,2615.48,gal,2025,7
Activité E&P,AST,ISG,GF,Equipment-2684,EQ-02684,combustion,Diesel,2289.42,gal,2024,10
Activité E&P,DP,GTL,GF,Equipment-2685,EQ-02685,venting,,2070.34,,2023,2
Activité E&P,DP,REB,OF,Equipment-2686,EQ-02686,fugitive,,6172.91,,2024,11
Activité E&P,AST,RKF,OF,Equipment-2687,EQ-02687,flaring,Propane,1418.72,gal,2024,1
Activité E&P,AST,GTFT,GF,Equipment-2688,EQ-02688,flaring,Propane,4899.99,gal,2022,8
Activité LQS,LSH,GL2Z,GNL,Equipment-2689,EQ-02689,combustion,Fuel Gas,4386.42,gal,2022,7
Activité RPC,RAF,RA1G,Raffinerie,Equipment-2690,EQ-02690,venting,,6269.98,,2025,7
Activité RPC,PEC,CP1Z,Pétrochimie,Equipment-2691,EQ-02691,venting,,9484.39,,2023,7
Activité E&P,AST,GTG,GF,Equipment-2692,EQ-02692,combustion,,6391.33,,2025,3
Activité RPC,PEC,CP1Z,Pétrochimie,Equipment-2693,EQ-02693,drilling,,9770.5,,2022,4
Activité E&P,DP,GTL,GF,Equipment-2694,EQ-02694,venting,,6656.99,,2023,1
Activité E&P,AST,SH-FCP MLE,GF,Equipment-2695,EQ-02695,drilling,,2631.44,,2025,7
Activité E&P,DP,REB,OF,Equipment-2696,EQ-02696,combustion,Natural Gas,4180.26,scf,2025,6
Activité RPC,RAF,RA1K,Raffinerie,Equipment-2697,EQ-02697,fugitive,,2898.87,,2025,1
Activité E&P,AST,SH-FCP MLE,GF,Equipment-2698,EQ-02698,flaring,Propane,4953.07,gal,2022,11
Activité E&P,AST,SH-FCP MLE,GF,Equipment-2699,EQ-02699,flaring,,833.96,,2022,5
Activité E&P,AST,SH-FCP MLE,GF,Equipment-2700,EQ-02700,drilling,,7383.26,,2024,9
Activité E&P,DP,REB,OF,Equipment-2701,EQ-02701,venting,,477.64,,2023,5
Activité E&P,DP,RNS,GF,Equipment-2702,EQ-02702,drilling,,2674.42,,2024,6
Activité E&P,AST,BRS,OF,Equipment-2703,EQ-02703,flaring,Natural Gas,1086.25,scf,2023,12
Activité E&P,AST,SH-FCP MLE,GF,Equipment-2704,EQ-02704,fugitive,,9060.78,,2023,9
Activité E&P,AST,GTIM,GF,Equipment-2705,EQ-02705,venting,,3211.5,,2025,8
Activité E&P,AST,SH-FCP MLE,GF,Equipment-2706,EQ-02706,drilling,,5266.2,,2024,11
Activité E&P,AST,G SH-ENI,OF,Equipment-2707,EQ-02707,fugitive,,3736.2,,2024,7
Activité E&P,DP,GTL,GF,Equipment-2708,EQ-02708,fugitive,,5190.34,,2024,1
Activité E&P,DP,STAH,OF,Equipment-2709,EQ-02709,fugitive,,711.65,,2024,6
Activité E&P,AST,INA,GF,Equipment-2710,EQ-02710,drilling,,2604.51,,2023,2
Activité E&P,AST,GTIM,GF,Equipment-2711,EQ-02711,venting,,6461.18,,2024,5
Activité E&P,DP,HMD,OF,Equipment-2712,EQ-02712,drilling,,6595.18,,2025,6
Activité E&P,DP,HMD,OF,Equipment-2713,EQ-02713,fugitive,,7857.13,,2025,9
Activité E&P,AST,HBR,OF,Equipment-2714,EQ-02714,fugitive,,4502.5,,2024,1
Activité LQS,LSH,GL3Z,GNL,Equipment-2715,EQ-02715,flaring,Propane,9285.06,gal,2022,6
Activité E&P,AST,MLN,OF,Equipment-2716,EQ-02716,drilling,,7497.16,,2022,11
Activité LQS,LSH,GL1K,GNL,Equipment-2717,EQ-02717,flaring,Fuel Gas,920.95,gal,2023,8
Activité E&P,AST,ISG,GF,Equipment-2718,EQ-02718,flaring,Natural Gas,4667.43,scf,2023,10
Activité E&P,AST,MLN,OF,Equipment-2719,EQ-02719,venting,,9167.57,,2023,5
Activité RPC,PEC,CP1Z,Pétrochimie,Equipment-2720,EQ-02720,combustion,Fuel Gas,6282.11,gal,2023,4
Activité RPC,PEC,CP1Z,Pétrochimie,Equipment-2721,EQ-02721,combustion,,8325.38,,2025,12
Activité E&P,DP,REB,OF,Equipment-2722,EQ-02722,venting,,2894.31,,2025,1
Activité E&P,DP,INAS,GF,Equipment-2723,EQ-02723,drilling,,2656.79,,2024,3
Activité E&P,AST,BRS,OF,Equipment-2724,EQ-02724,drilling,,6105.77,,2024,11
Activité LQS,LSH,GL1Z,GNL,Equipment-2725,EQ-02725,flaring,Propane,5306.91,gal,2024,8
Activité E&P,DP,RNS,GF,Equipment-2726,EQ-02726,drilling,,4293.19,,2023,11
Activité RPC,PEC,CPEK,Pétrochimie,Equipment-2727,EQ-02727,venting,,2895.93,,2022,3
Activité E&P,AST,GB,OF,Equipment-2728,EQ-02728,drilling,,4808.75,,2024,9
Activité RPC,RAF,RA1K,Raffinerie,Equipment-2729,EQ-02729,drilling,,873.68,,2025,11
Activité E&P,AST,G SH-ENI,OF,Equipment-2730,EQ-02730,combustion,Diesel,5865.95,gal,2024,4
Activité RPC,RAF,RA1K,Raffinerie,Equipment-2731,EQ-02731,combustion,Natural Gas,382.81,scf,2025,7
Activité LQS,LSH,GL2Z,GNL,Equipment-2732,EQ-02732,combustion,Natural Gas,7682.9,scf,2025,12
Activité E&P,AST,HBR,OF,Equipment-2733,EQ-02733,drilling,,7027.87,,2022,2
Activité E&P,AST,GB,OF,Equipment-2734,EQ-02734,flaring,Fuel Gas,3362.31,gal,2023,7
Activité RPC,PEC,CPEK,Pétrochimie,Equipment-2735,EQ-02735,fugitive,,1740.2,,2023,5
Activité E&P,AST,BRS,OF,Equipment-2736,EQ-02736,fugitive,,9610.15,,2024,8
Activité LQS,LSH,GL1K,GNL,Equipment-2737,EQ-02737,fugitive,,7470.73,,2025,10
Activité E&P,DP,TFT,GF,Equipment-2738,EQ-02738,drilling,,1988.84,,2025,10
Activité LQS,LSH,GL3Z,GNL,Equipment-2739,EQ-02739,fugitive,,5382.75,,2025,4
Activité RPC,RAF,RA1G,Raffinerie,Equipment-2740,EQ-02740,drilling,,7807.34,,2022,2
Activité RPC,RAF,RA1A,Raffinerie,Equipment-2741,EQ-02741,combustion,,6277.76,,2024,9
Activité E&P,AST,OURHOUD,OF,Equipment-2742,EQ-02742,venting,,2439.95,,2023,4
Activité E&P,DP,ADR,OF,Equipment-2743,EQ-02743,fugitive,,4552.75,,2025,7
Activité LQS,LSH,GL2Z,GNL,Equipment-2744,EQ-02744,flaring,Propane,4427.4,gal,2025,5
Activité E&P,DP,HMD,OF,Equipment-2745,EQ-02745,flaring,Natural Gas,2922.39,scf,2025,6
Activité E&P,AST,OURHOUD,OF,Equipment-2746,EQ-02746,flaring,Propane,6956.92,gal,2023,11
Activité E&P,DP,HBK,GF,Equipment-2747,EQ-02747,flaring,Fuel Gas,8056.26,gal,2024,3
Activité E&P,AST,INA,GF,Equipment-2748,EQ-02748,drilling,,313.85,,2022,2
Activité E&P,DP,HBK,GF,Equipment-2749,EQ-02749,venting,,3254.16,,2023,1
Activité E&P,AST,GTIM,GF,Equipment-2750,EQ-02750,combustion,,6678.09,,2023,5
Activité E&P,AST,OURHOUD,OF,Equipment-2751,EQ-02751,venting,,2686.39,,2023,7
Activité E&P,AST,INA,GF,Equipment-2752,EQ-02752,drilling,,2632.78,,2023,1
Activité RPC,PEC,CP1Z,Pétrochimie,Equipment-2753,EQ-02753,drilling,,2787.66,,2025,10
Activité LQS,LSH,GL2Z,GNL,Equipment-2754,EQ-02754,drilling,,1285.02,,2022,9
Activité E&P,AST,SH-FCP MLE,GF,Equipment-2755,EQ-02755,venting,,2166.68,,2023,12
Activité RPC,PEC,CPEK,Pétrochimie,Equipment-2756,EQ-02756,fugitive,,3810.16,,2023,6
Activité E&P,DP,GTL,GF,Equipment-2757,EQ-02757,combustion,Propane,7709.2,gal,2025,8
Activité E&P,AST,OURHOUD,OF,Equipment-2758,EQ-02758,drilling,,6528.34,,2022,7
Activité RPC,RAF,RA1K,Raffinerie,Equipment-2759,EQ-02759,fugitive,,9904.39,,2023,1
Activité E&P,AST,MLN,OF,Equipment-2760,EQ-02760,venting,,4720.4,,2022,9
Activité LQS,LSH,GL1K,GNL,Equipment-2761,EQ-02761,flaring,Natural Gas,7304.49,scf,2024,12
Activité E&P,AST,GB,OF,Equipment-2762,EQ-02762,combustion,Natural Gas,7623.52,scf,2023,9
Activité E&P,DP,TFT,GF,Equipment-2763,EQ-02763,fugitive,,47.92,,2024,7
Activité E&P,AST,GSS,OF,Equipment-2764,EQ-02764,flaring,Natural Gas,3761.15,scf,2022,5
Activité E&P,AST,ISG,GF,Equipment-2765,EQ-02765,combustion,,6291.53,,2022,6
Activité E&P,AST,MLN,OF,Equipment-2766,EQ-02766,drilling,,2064.63,,2025,1
Activité LQS,LSH,GP1Z,GPL,Equipment-2767,EQ-02767,venting,,9798.63,,2022,7
Activité E&P,AST,BMS,OF,Equipment-2768,EQ-02768,combustion,Propane,7109.77,gal,2022,7
Activité E&P,AST,INA,GF,Equipment-2769,EQ-02769,flaring,Propane,7753.04,gal,2024,5
Activité E&P,AST,RKF,OF,Equipment-2770,EQ-02770,flaring,Diesel,3954.15,gal,2023,11
Activité LQS,LSH,GP2Z,GPL,Equipment-2771,EQ-02771,drilling,,8424.23,,2023,5
Activité E&P,AST,G SH-ENI,OF,Equipment-2772,EQ-02772,combustion,Diesel,8630.06,gal,2024,9
Activité LQS,LSH,GP1Z,GPL,Equipment-2773,EQ-02773,combustion,Propane,9012.09,gal,2024,7
Activité E&P,AST,GTFT,GF,Equipment-2774,EQ-02774,flaring,Propane,9402.82,gal,2022,10
Activité LQS,LSH,GL1Z,GNL,Equipment-2775,EQ-02775,combustion,Propane,935.92,gal,2023,2
Activité E&P,DP,HRM,GF,Equipment-2776,EQ-02776,drilling,,6563.24,,2024,11
Activité RPC,RAF,RA1A,Raffinerie,Equipment-2777,EQ-02777,fugitive,,448.92,,2024,1
Activité RPC,RAF,RA1K,Raffinerie,Equipment-2778,EQ-02778,combustion,Natural Gas,9630.47,scf,2023,2
Activité RPC,PEC,CP1Z,Pétrochimie,Equipment-2779,EQ-02779,fugitive,,3776.36,,2025,6
Activité LQS,LSH,GL3Z,GNL,Equipment-2780,EQ-02780,fugitive,,2104.36,,2024,4
Activité E&P,AST,BMS,OF,Equipment-2781,EQ-02781,venting,,5124.43,,2022,12
Activité LQS,LSH,GL1Z,GNL,Equipment-2782,EQ-02782,venting,,5804.56,,2022,11
Activité E&P,DP,GTL,GF,Equipment-2783,EQ-02783,flaring,,9978.99,,2024,7
Activité RPC,PEC,CPEK,Pétrochimie,Equipment-2784,EQ-02784,flaring,Fuel Gas,2219.35,gal,2022,12
Activité LQS,LSH,GL3Z,GNL,Equipment-2785,EQ-02785,drilling,,739.12,,2025,7
Activité RPC,RAF,RA1K,Raffinerie,Equipment-2786,EQ-02786,drilling,,9099.12,,2023,5
Activité RPC,PEC,CPEK,Pétrochimie,Equipment-2787,EQ-02787,combustion,Propane,6409.82,gal,2022,5
Activité LQS,LSH,GL3Z,GNL,Equipment-2788,EQ-02788,fugitive,,1052.86,,2024,1
Activité RPC,PEC,CP1Z,Pétrochimie,Equipment-2789,EQ-02789,combustion,Natural Gas,8063.11,scf,2023,4
Activité LQS,LSH,GL1Z,GNL,Equipment-2790,EQ-02790,venting,,3003.62,,2025,4
Activité LQS,LSH,GL1Z,GNL,Equipment-2791,EQ-02791,combustion,Propane,2365.37,gal,2024,9
Activité E&P,AST,REGGANE,GF,Equipment-2792,EQ-02792,drilling,,7267.7,,2023,12
Activité E&P,AST,GTFT,GF,Equipment-2793,EQ-02793,fugitive,,4605.06,,2024,8
Activité E&P,DP,HMD,OF,Equipment-2794,EQ-02794,combustion,Diesel,8293.29,gal,2022,4
Activité E&P,AST,INA,GF,Equipment-2795,EQ-02795,venting,,9924.68,,2022,8
Activité E&P,AST,GTIM,GF,Equipment-2796,EQ-02796,flaring,Natural Gas,6138.77,scf,2022,12
Activité E&P,AST,GTIM,GF,Equipment-2797,EQ-02797,drilling,,2529.74,,2025,5
Activité E&P,AST,GTFT,GF,Equipment-2798,EQ-02798,fugitive,,4770.76,,2025,10
Activité E&P,DP,TFT,GF,Equipment-2799,EQ-02799,drilling,,2476.23,,2024,11
Activité LQS,LSH,GL1Z,GNL,Equipment-2800,EQ-02800,fugitive,,8889.8,,2023,11
Activité E&P,AST,REGGANE,GF,Equipment-2801,EQ-02801,drilling,,6209.45,,2024,1
Activité E&P,AST,ISG,GF,Equipment-2802,EQ-02802,drilling,,6411.3,,2025,5
Activité E&P,AST,REGGANE,GF,Equipment-2803,EQ-02803,combustion,Natural Gas,8675.36,scf,2022,6
Activité E&P,DP,RNS,GF,Equipment-2804,EQ-02804,drilling,,9169.09,,2023,9
Activité LQS,LSH,GP1Z,GPL,Equipment-2805,EQ-02805,drilling,,8495.58,,2022,11
Activité E&P,AST,BRS,OF,Equipment-2806,EQ-02806,venting,,2272.12,,2025,11
Activité E&P,DP,ADR,OF,Equipment-2807,EQ-02807,fugitive,,4580.65,,2025,11
Activité E&P,DP,GTL,GF,Equipment-2808,EQ-02808,venting,,4247.64,,2024,12
Activité RPC,RAF,RA1Z,Raffinerie,Equipment-2809,EQ-02809,flaring,Fuel Gas,9883.67,gal,2022,10
Activité E&P,AST,SH-FCP MLE,GF,Equipment-2810,EQ-02810,venting,,8003.32,,2022,4
Activité E&P,AST,SH-FCP MLE,GF,Equipment-2811,EQ-02811,fugitive,,9816.01,,2024,6
Activité E&P,AST,MLN,OF,Equipment-2812,EQ-02812,fugitive,,2913.09,,2024,11
Activité E&P,AST,BMS,OF,Equipment-2813,EQ-02813,fugitive,,5577.48,,2024,2
Activité E&P,DP,HMD,OF,Equipment-2814,EQ-02814,fugitive,,9649.1,,2024,10
Activité E&P,DP,INAS,GF,Equipment-2815,EQ-02815,combustion,Fuel Gas,9057.6,gal,2024,2
Activité E&P,DP,OHT,GF,Equipment-2816,EQ-02816,fugitive,,6394.07,,2022,11
Activité E&P,DP,ADR,OF,Equipment-2817,EQ-02817,drilling,,8049.61,,2023,10
Activité E&P,AST,HBR,OF,Equipment-2818,EQ-02818,drilling,,6701.11,,2022,10
Activité E&P,DP,OHT,GF,Equipment-2819,EQ-02819,drilling,,2496.36,,2023,8
Activité E&P,AST,ISG,GF,Equipment-2820,EQ-02820,flaring,Natural Gas,4261.07,scf,2022,8
Activité E&P,AST,GTG,GF,Equipment-2821,EQ-02821,venting,,6147.13,,2022,6
Activité E&P,AST,OURHOUD,OF,Equipment-2822,EQ-02822,venting,,5649.82,,2025,8
Activité LQS,LSH,GP2Z,GPL,Equipment-2823,EQ-02823,combustion,,6404.22,,2023,6
Activité E&P,DP,HMD,OF,Equipment-2824,EQ-02824,drilling,,9344.81,,2023,3
Activité LQS,LSH,GL2Z,GNL,Equipment-2825,EQ-02825,fugitive,,9501.39,,2022,2
Activité E&P,AST,GTFT,GF,Equipment-2826,EQ-02826,flaring,,9001.17,,2024,7
Activité E&P,AST,REGGANE,GF,Equipment-2827,EQ-02827,fugitive,,1807.48,,2025,11
Activité RPC,RAF,RA1K,Raffinerie,Equipment-2828,EQ-02828,venting,,1435.73,,2025,1
Activité LQS,LSH,GP2Z,GPL,Equipment-2829,EQ-02829,fugitive,,7780.13,,2022,12
Activité E&P,AST,GB,OF,Equipment-2830,EQ-02830,venting,,3661.87,,2022,1
Activité RPC,RAF,RA1A,Raffinerie,Equipment-2831,EQ-02831,fugitive,,3985.92,,2023,7
Activité E&P,AST,HBR,OF,Equipment-2832,EQ-02832,combustion,Natural Gas,9388.53,scf,2025,6
Activité LQS,LSH,GP1Z,GPL,Equipment-2833,EQ-02833,flaring,Natural Gas,1115.12,scf,2025,6
Activité E&P,AST,HBR,OF,Equipment-2834,EQ-02834,drilling,,5165.84,,2025,11
Activité E&P,DP,TFT,GF,Equipment-2835,EQ-02835,flaring,Natural Gas,8086.81,scf,2025,4
Activité E&P,AST,RKF,OF,Equipment-2836,EQ-02836,venting,,9747.63,,2023,12
Activité E&P,DP,HBK,GF,Equipment-2837,EQ-02837,flaring,Diesel,837.39,gal,2023,3
Activité LQS,LSH,GL3Z,GNL,Equipment-2838,EQ-02838,venting,,6632.38,,2025,3
Activité E&P,AST,OURHOUD,OF,Equipment-2839,EQ-02839,combustion,Propane,944.8,gal,2023,8
Activité E&P,DP,GTL,GF,Equipment-2840,EQ-02840,flaring,Propane,1094.66,gal,2023,11
Activité RPC,RAF,RA1Z,Raffinerie,Equipment-2841,EQ-02841,flaring,Propane,1763.8,gal,2022,6
Activité RPC,RAF,RA1G,Raffinerie,Equipment-2842,EQ-02842,combustion,Propane,1257.98,gal,2022,5
Activité E&P,DP,HMD,OF,Equipment-2843,EQ-02843,combustion,Natural Gas,3338.03,scf,2025,6
Activité E&P,DP,RNS,GF,Equipment-2844,EQ-02844,fugitive,,893.47,,2023,10
Activité LQS,LSH,GP1Z,GPL,Equipment-2845,EQ-02845,flaring,Propane,7067.07,gal,2024,12
Activité E&P,DP,HMD,OF,Equipment-2846,EQ-02846,venting,,5537.35,,2025,5
Activité LQS,LSH,GL1Z,GNL,Equipment-2847,EQ-02847,combustion,,7430.17,,2022,11
Activité E&P,AST,G SH-ENI,OF,Equipment-2848,EQ-02848,combustion,Diesel,2675.02,gal,2025,5
Activité E&P,AST,SH-FCP MLE,GF,Equipment-2849,EQ-02849,fugitive,,3707.66,,2024,10
Activité LQS,LSH,GL2Z,GNL,Equipment-2850,EQ-02850,drilling,,9875.05,,2022,2
Activité E&P,AST,MLN,OF,Equipment-2851,EQ-02851,venting,,2418.06,,2024,1
Activité E&P,DP,HRM,GF,Equipment-2852,EQ-02852,combustion,Diesel,5031.76,gal,2023,9
Activité E&P,DP,STAH,OF,Equipment-2853,EQ-02853,fugitive,,1069.85,,2025,9
Activité E&P,DP,ADR,OF,Equipment-2854,EQ-02854,venting,,8358.88,,2024,5
Activité E&P,DP,HRM,GF,Equipment-2855,EQ-02855,venting,,3071.72,,2025,4
Activité E&P,AST,BMS,OF,Equipment-2856,EQ-02856,drilling,,3513.88,,2022,5
Activité E&P,DP,HRM,GF,Equipment-2857,EQ-02857,combustion,Propane,9038.58,gal,2024,1
Activité RPC,RAF,RA1A,Raffinerie,Equipment-2858,EQ-02858,combustion,,7035.65,,2024,10
Activité E&P,DP,RNS,GF,Equipment-2859,EQ-02859,flaring,Diesel,195.45,gal,2025,5
Activité LQS,LSH,GL1K,GNL,Equipment-2860,EQ-02860,venting,,3465.68,,2025,12
Activité E&P,DP,OHT,GF,Equipment-2861,EQ-02861,fugitive,,7315.26,,2025,5
Activité E&P,AST,INA,GF,Equipment-2862,EQ-02862,drilling,,8087.43,,2025,12
Activité LQS,LSH,GL2Z,GNL,Equipment-2863,EQ-02863,venting,,4576.52,,2024,6
Activité LQS,LSH,GP2Z,GPL,Equipment-2864,EQ-02864,combustion,Fuel Gas,8456.78,gal,2025,1
Activité E&P,AST,MLN,OF,Equipment-2865,EQ-02865,fugitive,,7717.81,,2023,2
Activité E&P,DP,RNS,GF,Equipment-2866,EQ-02866,combustion,Natural Gas,3202.84,scf,2025,9
Activité E&P,AST,GTIM,GF,Equipment-2867,EQ-02867,fugitive,,6557.12,,2024,11
Activité E&P,AST,BMS,OF,Equipment-2868,EQ-02868,combustion,Propane,3510.72,gal,2024,9
Activité E&P,DP,TFT,GF,Equipment-2869,EQ-02869,combustion,Natural Gas,3970.95,scf,2025,10
Activité E&P,AST,INA,GF,Equipment-2870,EQ-02870,venting,,5409.3,,2024,4
Activité E&P,AST,HBR,OF,Equipment-2871,EQ-02871,combustion,Fuel Gas,8814.23,gal,2024,11
Activité E&P,DP,HRM,GF,Equipment-2872,EQ-02872,drilling,,145.28,,2022,3
Activité E&P,AST,G SH-ENI,OF,Equipment-2873,EQ-02873,venting,,5836.42,,2024,12
Activité E&P,DP,REB,OF,Equipment-2874,EQ-02874,fugitive,,7064.77,,2024,7
Activité E&P,AST,REGGANE,GF,Equipment-2875,EQ-02875,venting,,931.72,,2023,10
Activité E&P,DP,INAS,GF,Equipment-2876,EQ-02876,fugitive,,6468.08,,2024,11
Activité E&P,DP,TFT,GF,Equipment-2877,EQ-02877,drilling,,8534.43,,2023,4
Activité LQS,LSH,GP1Z,GPL,Equipment-2878,EQ-02878,flaring,Diesel,2526.08,gal,2024,3
Activité E&P,AST,OURHOUD,OF,Equipment-2879,EQ-02879,venting,,2242.41,,2024,1
Activité E&P,AST,MLN,OF,Equipment-2880,EQ-02880,combustion,Propane,7422.42,gal,2023,11
Activité E&P,DP,HMD,OF,Equipment-2881,EQ-02881,venting,,7725.09,,2024,12
Activité RPC,PEC,CP1Z,Pétrochimie,Equipment-2882,EQ-02882,fugitive,,262.23,,2024,12
Activité LQS,LSH,GP2Z,GPL,Equipment-2883,EQ-02883,drilling,,4502.48,,2024,12
Activité E&P,AST,G SH-ENI,OF,Equipment-2884,EQ-02884,venting,,1072.19,,2025,7
Activité E&P,DP,STAH,OF,Equipment-2885,EQ-02885,venting,,8252.9,,2023,6
Activité E&P,AST,ISG,GF,Equipment-2886,EQ-02886,flaring,Fuel Gas,5138.48,gal,2024,11
Activité RPC,PEC,CPEK,Pétrochimie,Equipment-2887,EQ-02887,venting,,4651.7,,2023,10
Activité E&P,AST,INA,GF,Equipment-2888,EQ-02888,drilling,,6255.76,,2025,7
Activité E&P,AST,HBR,OF,Equipment-2889,EQ-02889,fugitive,,2449.68,,2025,7
Activité E&P,AST,OURHOUD,OF,Equipment-2890,EQ-02890,flaring,Fuel Gas,3438.62,gal,2022,4
Activité E&P,DP,ADR,OF,Equipment-2891,EQ-02891,fugitive,,5868.09,,2022,8
Activité E&P,AST,HBR,OF,Equipment-2892,EQ-02892,fugitive,,1338.2,,2022,1
Activité E&P,AST,GB,OF,Equipment-2893,EQ-02893,combustion,Fuel Gas,4952.62,gal,2025,7
Activité E&P,DP,OHT,GF,Equipment-2894,EQ-02894,flaring,Diesel,7265.47,gal,2024,8
Activité LQS,LSH,GL1Z,GNL,Equipment-2895,EQ-02895,drilling,,9627.97,,2022,10
Activité E&P,DP,HMD,OF,Equipment-2896,EQ-02896,combustion,Diesel,5963.46,gal,2025,4
Activité E&P,AST,RKF,OF,Equipment-2897,EQ-02897,venting,,3638.81,,2025,2
Activité E&P,AST,G SH-ENI,OF,Equipment-2898,EQ-02898,venting,,5260.96,,2022,3
Activité RPC,RAF,RA1Z,Raffinerie,Equipment-2899,EQ-02899,combustion,Diesel,5650.33,gal,2024,4
Activité E&P,AST,REGGANE,GF,Equipment-2900,EQ-02900,venting,,2011.11,,2024,2
Activité E&P,DP,STAH,OF,Equipment-2901,EQ-02901,venting,,1404.8,,2023,10
Activité E&P,AST,GSS,OF,Equipment-2902,EQ-02902,combustion,,9541.74,,2023,7
Activité E&P,DP,STAH,OF,Equipment-2903,EQ-02903,drilling,,931.48,,2023,12
Activité E&P,AST,HBR,OF,Equipment-2904,EQ-02904,venting,,7548.59,,2024,1
Activité E&P,AST,GSS,OF,Equipment-2905,EQ-02905,combustion,Propane,5142.74,gal,2025,3
Activité E&P,DP,RNS,GF,Equipment-2906,EQ-02906,combustion,Natural Gas,6953.55,scf,2025,12
Activité E&P,AST,GTG,GF,Equipment-2907,EQ-02907,venting,,7725.82,,2025,10
Activité E&P,DP,OHT,GF,Equipment-2908,EQ-02908,flaring,Fuel Gas,5180.23,gal,2025,1
Activité E&P,AST,G SH-ENI,OF,Equipment-2909,EQ-02909,fugitive,,9078.87,,2023,5
Activité E&P,AST,GTG,GF,Equipment-2910,EQ-02910,fugitive,,7392.05,,2025,9
Activité E&P,AST,SH-FCP MLE,GF,Equipment-2911,EQ-02911,combustion,Diesel,206.79,gal,2022,7
Activité RPC,RAF,RA1K,Raffinerie,Equipment-2912,EQ-02912,combustion,Propane,9329.09,gal,2023,6
Activité E&P,DP,HRM,GF,Equipment-2913,EQ-02913,fugitive,,7530.47,,2022,9
Activité E&P,DP,HMD,OF,Equipment-2914,EQ-02914,fugitive,,9650.25,,2025,7
Activité E&P,AST,GB,OF,Equipment-2915,EQ-02915,combustion,Natural Gas,8957.4,scf,2024,2
Activité E&P,AST,BMS,OF,Equipment-2916,EQ-02916,venting,,9155.33,,2024,2
Activité E&P,AST,GTG,GF,Equipment-2917,EQ-02917,flaring,Natural Gas,5509.82,scf,2025,8
Activité E&P,AST,BRS,OF,Equipment-2918,EQ-02918,combustion,Fuel Gas,4583.94,gal,2022,10
Activité E&P,AST,G SH-ENI,OF,Equipment-2919,EQ-02919,flaring,,6956.16,,2025,11
Activité E&P,DP,HRM,GF,Equipment-2920,EQ-02920,venting,,8214.03,,2024,8
Activité E&P,DP,OHT,GF,Equipment-2921,EQ-02921,combustion,Fuel Gas,1902.43,gal,2023,10
Activité E&P,AST,SH-FCP MLE,GF,Equipment-2922,EQ-02922,fugitive,,9267.39,,2022,10
Activité E&P,AST,GB,OF,Equipment-2923,EQ-02923,drilling,,6641.33,,2025,9
Activité E&P,DP,STAH,OF,Equipment-2924,EQ-02924,combustion,Natural Gas,3848.21,scf,2025,3
Activité E&P,AST,MLN,OF,Equipment-2925,EQ-02925,fugitive,,2843.73,,2024,6
Activité E&P,DP,REB,OF,Equipment-2926,EQ-02926,drilling,,8402.31,,2025,8
Activité E&P,DP,ADR,OF,Equipment-2927,EQ-02927,drilling,,830.25,,2022,4
Activité E&P,AST,GB,OF,Equipment-2928,EQ-02928,fugitive,,1501.08,,2025,4
Activité E&P,DP,STAH,OF,Equipment-2929,EQ-02929,flaring,,1431.14,,2023,7
Activité E&P,DP,INAS,GF,Equipment-2930,EQ-02930,combustion,Fuel Gas,8242.97,gal,2025,2
Activité LQS,LSH,GL3Z,GNL,Equipment-2931,EQ-02931,drilling,,649.52,,2022,4
Activité E&P,DP,TFT,GF,Equipment-2932,EQ-02932,fugitive,,7291.27,,2022,1
Activité E&P,AST,SH-FCP MLE,GF,Equipment-2933,EQ-02933,venting,,245.87,,2025,11
Activité E&P,AST,GB,OF,Equipment-2934,EQ-02934,venting,,8401.09,,2022,12
Activité E&P,AST,REGGANE,GF,Equipment-2935,EQ-02935,drilling,,251.07,,2024,3
Activité E&P,DP,HBK,GF,Equipment-2936,EQ-02936,drilling,,1529.62,,2022,11
Activité E&P,DP,TFT,GF,Equipment-2937,EQ-02937,combustion,Fuel Gas,6064.22,gal,2025,8
Activité E&P,DP,INAS,GF,Equipment-2938,EQ-02938,combustion,Natural Gas,7023.72,scf,2022,1
Activité E&P,AST,OURHOUD,OF,Equipment-2939,EQ-02939,combustion,Propane,6579.89,gal,2023,12
Activité E&P,DP,HMD,OF,Equipment-2940,EQ-02940,fugitive,,6979.74,,2023,7
Activité E&P,AST,BRS,OF,Equipment-2941,EQ-02941,flaring,Propane,7057.84,gal,2022,2
Activité E&P,AST,GTG,GF,Equipment-2942,EQ-02942,combustion,,6427.3,,2023,4
Activité RPC,RAF,RA1A,Raffinerie,Equipment-2943,EQ-02943,combustion,Natural Gas,9515.47,scf,2025,11
Activité LQS,LSH,GL2Z,GNL,Equipment-2944,EQ-02944,fugitive,,1993.61,,2024,8
Activité E&P,DP,HMD,OF,Equipment-2945,EQ-02945,fugitive,,7286.97,,2022,1
Activité E&P,AST,BRS,OF,Equipment-2946,EQ-02946,flaring,,6447.53,,2025,6
Activité E&P,DP,GTL,GF,Equipment-2947,EQ-02947,combustion,Diesel,1925.67,gal,2022,3
Activité RPC,RAF,RA1G,Raffinerie,Equipment-2948,EQ-02948,flaring,Fuel Gas,634.11,gal,2022,7
Activité E&P,DP,HBK,GF,Equipment-2949,EQ-02949,flaring,,6205.99,,2024,7
Activité E&P,AST,INA,GF,Equipment-2950,EQ-02950,combustion,,175.52,,2023,2
Activité RPC,RAF,RA1Z,Raffinerie,Equipment-2951,EQ-02951,flaring,Diesel,9278.08,gal,2022,3
Activité LQS,LSH,GP1Z,GPL,Equipment-2952,EQ-02952,drilling,,9674.4,,2024,7
Activité E&P,DP,REB,OF,Equipment-2953,EQ-02953,flaring,Diesel,5301.65,gal,2025,11
Activité E&P,DP,STAH,OF,Equipment-2954,EQ-02954,drilling,,5533.12,,2023,8
Activité E&P,DP,HRM,GF,Equipment-2955,EQ-02955,drilling,,4397.0,,2023,7
Activité E&P,DP,ADR,OF,Equipment-2956,EQ-02956,flaring,Natural Gas,1041.72,scf,2022,4
Activité E&P,DP,ADR,OF,Equipment-2957,EQ-02957,flaring,Natural Gas,2660.68,scf,2023,7
Activité LQS,LSH,GL3Z,GNL,Equipment-2958,EQ-02958,venting,,8196.44,,2025,4
Activité E&P,AST,RKF,OF,Equipment-2959,EQ-02959,fugitive,,1308.34,,2024,2
Activité E&P,AST,ISG,GF,Equipment-2960,EQ-02960,drilling,,2593.46,,2025,1
Activité E&P,AST,BRS,OF,Equipment-2961,EQ-02961,flaring,Natural Gas,9657.54,scf,2025,8
Activité E&P,DP,REB,OF,Equipment-2962,EQ-02962,drilling,,614.77,,2022,1
Activité E&P,AST,ISG,GF,Equipment-2963,EQ-02963,flaring,Natural Gas,3076.78,scf,2025,4
Activité LQS,LSH,GL1Z,GNL,Equipment-2964,EQ-02964,drilling,,2374.58,,2023,11
Activité E&P,DP,OHT,GF,Equipment-2965,EQ-02965,fugitive,,7428.76,,2022,6
Activité E&P,AST,HBR,OF,Equipment-2966,EQ-02966,drilling,,2533.43,,2025,12
Activité RPC,RAF,RA1Z,Raffinerie,Equipment-2967,EQ-02967,flaring,Propane,7537.56,gal,2023,7
Activité E&P,AST,GB,OF,Equipment-2968,EQ-02968,drilling,,2676.64,,2025,2
Activité E&P,DP,GTL,GF,Equipment-2969,EQ-02969,combustion,Fuel Gas,7993.92,gal,2025,3
Activité RPC,RAF,RA1K,Raffinerie,Equipment-2970,EQ-02970,drilling,,7034.46,,2024,11
Activité E&P,DP,HRM,GF,Equipment-2971,EQ-02971,fugitive,,5444.48,,2025,3
Activité RPC,RAF,RA1G,Raffinerie,Equipment-2972,EQ-02972,venting,,1294.27,,2023,10
Activité E&P,AST,HBR,OF,Equipment-2973,EQ-02973,venting,,803.91,,2025,11
Activité RPC,RAF,RA1Z,Raffinerie,Equipment-2974,EQ-02974,venting,,2711.83,,2025,11
Activité E&P,DP,STAH,OF,Equipment-2975,EQ-02975,fugitive,,8986.38,,2024,6
Activité E&P,DP,HRM,GF,Equipment-2976,EQ-02976,flaring,Propane,3203.25,gal,2025,11
Activité E&P,AST,GTG,GF,Equipment-2977,EQ-02977,venting,,5060.81,,2025,6
Activité LQS,LSH,GL2Z,GNL,Equipment-2978,EQ-02978,combustion,Fuel Gas,66.18,gal,2025,12
Activité E&P,AST,RKF,OF,Equipment-2979,EQ-02979,drilling,,8144.64,,2025,8
Activité E&P,AST,BMS,OF,Equipment-2980,EQ-02980,drilling,,6270.05,,2022,5
Activité E&P,AST,GTFT,GF,Equipment-2981,EQ-02981,flaring,Propane,4446.73,gal,2024,5
Activité RPC,RAF,RA1A,Raffinerie,Equipment-2982,EQ-02982,venting,,860.84,,2024,3
Activité LQS,LSH,GP2Z,GPL,Equipment-2983,EQ-02983,fugitive,,62.79,,2024,2
Activité E&P,AST,OURHOUD,OF,Equipment-2984,EQ-02984,fugitive,,3880.01,,2023,7
Activité E&P,DP,OHT,GF,Equipment-2985,EQ-02985,venting,,3387.02,,2022,1
Activité E&P,DP,ADR,OF,Equipment-2986,EQ-02986,fugitive,,4528.99,,2022,9
Activité E&P,AST,GTFT,GF,Equipment-2987,EQ-02987,flaring,Fuel Gas,4726.12,gal,2022,6
Activité RPC,RAF,RA1G,Raffinerie,Equipment-2988,EQ-02988,venting,,1644.41,,2025,1
Activité E&P,DP,STAH,OF,Equipment-2989,EQ-02989,combustion,,235.69,,2023,5
Activité E&P,AST,GTIM,GF,Equipment-2990,EQ-02990,drilling,,5802.06,,2024,1
Activité E&P,AST,BMS,OF,Equipment-2991,EQ-02991,flaring,,946.96,,2025,1
Activité RPC,RAF,RA1G,Raffinerie,Equipment-2992,EQ-02992,combustion,Fuel Gas,6821.7,gal,2024,1
Activité LQS,LSH,GL1K,GNL,Equipment-2993,EQ-02993,combustion,Diesel,7342.65,gal,2023,8
Activité RPC,RAF,RA1A,Raffinerie,Equipment-2994,EQ-02994,venting,,2271.23,,2024,4
Activité E&P,DP,ADR,OF,Equipment-2995,EQ-02995,combustion,Propane,5837.4,gal,2023,2
Activité E&P,AST,BRS,OF,Equipment-2996,EQ-02996,fugitive,,8777.96,,2024,12
Activité E&P,DP,HBK,GF,Equipment-2997,EQ-02997,drilling,,1413.65,,2024,2
Activité E&P,DP,ADR,OF,Equipment-2998,EQ-02998,combustion,Diesel,7345.52,gal,2025,7
Activité RPC,RAF,RA1K,Raffinerie,Equipment-2999,EQ-02999,drilling,,6876.17,,2022,8
Activité E&P,AST,HBR,OF,Equipment-3000,EQ-03000,venting,,7760.04,,2024,7
Activité E&P,DP,STAH,OF,Equipment-3001,EQ-03001,drilling,,9427.56,,2024,10
Activité E&P,AST,GSS,OF,Equipment-3002,EQ-03002,drilling,,1719.93,,2022,3
Activité E&P,AST,HBR,OF,Equipment-3003,EQ-03003,flaring,Diesel,606.61,gal,2022,1
Activité LQS,LSH,GL3Z,GNL,Equipment-3004,EQ-03004,flaring,,6400.32,,2023,1
Activité E&P,DP,RNS,GF,Equipment-3005,EQ-03005,venting,,6701.91,,2024,4
Activité E&P,AST,INA,GF,Equipment-3006,EQ-03006,flaring,Propane,2053.3,gal,2025,9
Activité RPC,RAF,RA1K,Raffinerie,Equipment-3007,EQ-03007,fugitive,,9829.37,,2024,2
Activité E&P,AST,BMS,OF,Equipment-3008,EQ-03008,fugitive,,817.25,,2023,5
Activité LQS,LSH,GL2Z,GNL,Equipment-3009,EQ-03009,drilling,,7988.38,,2023,5
Activité LQS,LSH,GL2Z,GNL,Equipment-3010,EQ-03010,fugitive,,6945.81,,2025,6
Activité E&P,AST,G SH-ENI,OF,Equipment-3011,EQ-03011,venting,,4032.12,,2025,12
Activité RPC,RAF,RA1Z,Raffinerie,Equipment-3012,EQ-03012,venting,,6535.44,,2023,4
Activité E&P,DP,TFT,GF,Equipment-3013,EQ-03013,drilling,,580.34,,2023,12
Activité LQS,LSH,GL1Z,GNL,Equipment-3014,EQ-03014,combustion,Propane,3145.29,gal,2024,10
Activité E&P,AST,ISG,GF,Equipment-3015,EQ-03015,combustion,Natural Gas,3716.26,scf,2022,7
Activité E&P,DP,ADR,OF,Equipment-3016,EQ-03016,drilling,,5804.74,,2025,4
Activité E&P,DP,REB,OF,Equipment-3017,EQ-03017,venting,,9578.48,,2023,11
Activité RPC,PEC,CP1Z,Pétrochimie,Equipment-3018,EQ-03018,venting,,5265.82,,2023,5
Activité E&P,DP,ADR,OF,Equipment-3019,EQ-03019,flaring,Propane,6613.79,gal,2025,7
Activité LQS,LSH,GL1K,GNL,Equipment-3020,EQ-03020,fugitive,,3380.86,,2023,12
Activité E&P,DP,STAH,OF,Equipment-3021,EQ-03021,flaring,,5766.62,,2023,12
Activité E&P,DP,HRM,GF,Equipment-3022,EQ-03022,venting,,4604.76,,2024,11
Activité E&P,AST,GSS,OF,Equipment-3023,EQ-03023,drilling,,1844.92,,2023,8
Activité E&P,AST,GTIM,GF,Equipment-3024,EQ-03024,flaring,Natural Gas,2699.17,scf,2025,9
Activité E&P,AST,GTG,GF,Equipment-3025,EQ-03025,combustion,Natural Gas,9299.69,scf,2023,5
Activité E&P,DP,RNS,GF,Equipment-3026,EQ-03026,venting,,1627.27,,2022,4
Activité E&P,DP,HRM,GF,Equipment-3027,EQ-03027,fugitive,,3366.22,,2023,10
Activité E&P,DP,HMD,OF,Equipment-3028,EQ-03028,flaring,Propane,1289.02,gal,2023,10
Activité E&P,AST,MLN,OF,Equipment-3029,EQ-03029,flaring,Fuel Gas,5295.33,gal,2025,2
Activité E&P,DP,OHT,GF,Equipment-3030,EQ-03030,venting,,2044.23,,2022,11
Activité E&P,AST,ISG,GF,Equipment-3031,EQ-03031,fugitive,,3216.13,,2024,1
Activité LQS,LSH,GL1Z,GNL,Equipment-3032,EQ-03032,drilling,,8960.77,,2024,5
Activité E&P,DP,REB,OF,Equipment-3033,EQ-03033,flaring,,6976.18,,2024,1
Activité E&P,AST,RKF,OF,Equipment-3034,EQ-03034,drilling,,4207.2,,2024,10
Activité RPC,RAF,RA1Z,Raffinerie,Equipment-3035,EQ-03035,combustion,Diesel,2832.74,gal,2022,4
Activité E&P,AST,GTFT,GF,Equipment-3036,EQ-03036,venting,,6214.81,,2024,4
Activité RPC,RAF,RA1A,Raffinerie,Equipment-3037,EQ-03037,fugitive,,9645.04,,2025,3
Activité E&P,AST,REGGANE,GF,Equipment-3038,EQ-03038,flaring,,7959.21,,2025,11
Activité E&P,DP,HBK,GF,Equipment-3039,EQ-03039,drilling,,1171.62,,2024,10
Activité E&P,DP,GTL,GF,Equipment-3040,EQ-03040,fugitive,,6096.12,,2025,10
Activité E&P,AST,GTFT,GF,Equipment-3041,EQ-03041,venting,,6619.14,,2022,3
Activité RPC,RAF,RA1Z,Raffinerie,Equipment-3042,EQ-03042,drilling,,3692.86,,2025,11
Activité E&P,AST,BRS,OF,Equipment-3043,EQ-03043,combustion,Diesel,7455.96,gal,2022,10
Activité LQS,LSH,GP2Z,GPL,Equipment-3044,EQ-03044,combustion,Diesel,6578.24,gal,2022,7
Activité E&P,DP,GTL,GF,Equipment-3045,EQ-03045,venting,,6179.86,,2025,8
Activité LQS,LSH,GP1Z,GPL,Equipment-3046,EQ-03046,drilling,,4815.34,,2024,4
Activité E&P,DP,GTL,GF,Equipment-3047,EQ-03047,fugitive,,8044.4,,2024,7
Activité E&P,DP,TFT,GF,Equipment-3048,EQ-03048,venting,,2557.25,,2025,12
Activité E&P,AST,RKF,OF,Equipment-3049,EQ-03049,fugitive,,8891.0,,2025,9
Activité E&P,AST,GTIM,GF,Equipment-3050,EQ-03050,combustion,Fuel Gas,2296.6,gal,2024,3
Activité E&P,AST,HBR,OF,Equipment-3051,EQ-03051,drilling,,8942.65,,2023,11
Activité E&P,AST,BRS,OF,Equipment-3052,EQ-03052,venting,,8942.19,,2023,7
Activité RPC,PEC,CPEK,Pétrochimie,Equipment-3053,EQ-03053,flaring,,680.53,,2024,4
Activité E&P,DP,REB,OF,Equipment-3054,EQ-03054,fugitive,,9614.92,,2023,2
Activité E&P,DP,ADR,OF,Equipment-3055,EQ-03055,fugitive,,8467.17,,2022,11
Activité E&P,AST,OURHOUD,OF,Equipment-3056,EQ-03056,flaring,,2244.32,,2023,10
Activité LQS,LSH,GL1Z,GNL,Equipment-3057,EQ-03057,flaring,Fuel Gas,6113.74,gal,2022,10
Activité E&P,AST,SH-FCP MLE,GF,Equipment-3058,EQ-03058,fugitive,,9071.21,,2024,4
Activité LQS,LSH,GL1Z,GNL,Equipment-3059,EQ-03059,combustion,Propane,8064.09,gal,2022,9
Activité E&P,AST,GTG,GF,Equipment-3060,EQ-03060,combustion,Diesel,2368.57,gal,2024,8
Activité E&P,AST,GTFT,GF,Equipment-3061,EQ-03061,combustion,Fuel Gas,823.54,gal,2022,3
Activité E&P,DP,TFT,GF,Equipment-3062,EQ-03062,flaring,Fuel Gas,4000.84,gal,2023,2
Activité LQS,LSH,GP2Z,GPL,Equipment-3063,EQ-03063,combustion,,229.26,,2022,5
Activité E&P,AST,GTIM,GF,Equipment-3064,EQ-03064,venting,,8463.93,,2022,2
Activité E&P,DP,HMD,OF,Equipment-3065,EQ-03065,combustion,,3056.15,,2023,8
Activité E&P,DP,RNS,GF,Equipment-3066,EQ-03066,fugitive,,2176.28,,2025,5
Activité E&P,AST,OURHOUD,OF,Equipment-3067,EQ-03067,combustion,Propane,1458.75,gal,2025,11
Activité E&P,AST,OURHOUD,OF,Equipment-3068,EQ-03068,combustion,Fuel Gas,6031.71,gal,2025,9
Activité E&P,AST,ISG,GF,Equipment-3069,EQ-03069,combustion,Fuel Gas,3922.59,gal,2024,12
Activité RPC,PEC,CP1Z,Pétrochimie,Equipment-3070,EQ-03070,fugitive,,9396.79,,2022,6
Activité LQS,LSH,GP1Z,GPL,Equipment-3071,EQ-03071,drilling,,6112.18,,2024,10
Activité RPC,PEC,CPEK,Pétrochimie,Equipment-3072,EQ-03072,combustion,Fuel Gas,494.13,gal,2024,3
Activité E&P,AST,ISG,GF,Equipment-3073,EQ-03073,combustion,,8991.0,,2025,4
Activité RPC,RAF,RA1A,Raffinerie,Equipment-3074,EQ-03074,combustion,Diesel,2168.17,gal,2023,4
Activité E&P,DP,TFT,GF,Equipment-3075,EQ-03075,drilling,,8945.65,,2024,2
Activité RPC,RAF,RA1G,Raffinerie,Equipment-3076,EQ-03076,combustion,Natural Gas,651.87,scf,2024,11
Activité E&P,DP,REB,OF,Equipment-3077,EQ-03077,drilling,,5751.28,,2024,2
Activité E&P,DP,REB,OF,Equipment-3078,EQ-03078,fugitive,,3035.85,,2025,2
Activité E&P,DP,OHT,GF,Equipment-3079,EQ-03079,flaring,Diesel,6290.4,gal,2023,7
Activité RPC,PEC,CPEK,Pétrochimie,Equipment-3080,EQ-03080,flaring,Natural Gas,7225.7,scf,2023,12
Activité E&P,AST,GTIM,GF,Equipment-3081,EQ-03081,venting,,339.85,,2024,11
Activité LQS,LSH,GP1Z,GPL,Equipment-3082,EQ-03082,fugitive,,1620.59,,2023,11
Activité RPC,PEC,CPEK,Pétrochimie,Equipment-3083,EQ-03083,fugitive,,7018.15,,2024,10
Activité RPC,RAF,RA1K,Raffinerie,Equipment-3084,EQ-03084,fugitive,,9446.55,,2023,12
Activité E&P,AST,INA,GF,Equipment-3085,EQ-03085,fugitive,,8204.82,,2023,9
Activité RPC,PEC,CP1Z,Pétrochimie,Equipment-3086,EQ-03086,flaring,Diesel,7838.96,gal,2025,6
Activité E&P,AST,GTG,GF,Equipment-3087,EQ-03087,flaring,Propane,1988.03,gal,2023,2
Activité E&P,DP,RNS,GF,Equipment-3088,EQ-03088,fugitive,,9659.0,,2023,9
Activité E&P,DP,TFT,GF,Equipment-3089,EQ-03089,fugitive,,5466.45,,2025,8
Activité E&P,DP,GTL,GF,Equipment-3090,EQ-03090,drilling,,9598.41,,2022,6
Activité LQS,LSH,GL3Z,GNL,Equipment-3091,EQ-03091,venting,,4535.75,,2023,6
Activité RPC,RAF,RA1Z,Raffinerie,Equipment-3092,EQ-03092,combustion,Natural Gas,1962.21,scf,2022,3
Activité E&P,DP,OHT,GF,Equipment-3093,EQ-03093,venting,,9709.29,,2024,1
Activité E&P,AST,BMS,OF,Equipment-3094,EQ-03094,drilling,,3306.61,,2023,5
Activité E&P,DP,HRM,GF,Equipment-3095,EQ-03095,flaring,Propane,5312.69,gal,2024,12
Activité E&P,AST,RKF,OF,Equipment-3096,EQ-03096,fugitive,,594.58,,2024,2
Activité RPC,PEC,CPEK,Pétrochimie,Equipment-3097,EQ-03097,combustion,Diesel,9637.22,gal,2023,7
Activité E&P,AST,GB,OF,Equipment-3098,EQ-03098,flaring,Fuel Gas,4578.93,gal,2025,7
Activité E&P,DP,RNS,GF,Equipment-3099,EQ-03099,drilling,,3656.75,,2025,12
Activité E&P,AST,ISG,GF,Equipment-3100,EQ-03100,combustion,Natural Gas,6580.8,scf,2024,8
Activité RPC,RAF,RA1K,Raffinerie,Equipment-3101,EQ-03101,combustion,,3029.49,,2025,8
Activité E&P,AST,ISG,GF,Equipment-3102,EQ-03102,venting,,5114.14,,2024,7
Activité LQS,LSH,GL1Z,GNL,Equipment-3103,EQ-03103,flaring,Fuel Gas,1912.14,gal,2024,8
Activité E&P,AST,BMS,OF,Equipment-3104,EQ-03104,fugitive,,4701.2,,2024,1
Activité E&P,DP,ADR,OF,Equipment-3105,EQ-03105,combustion,,5699.51,,2022,12
Activité LQS,LSH,GL1K,GNL,Equipment-3106,EQ-03106,venting,,3029.86,,2023,1
Activité LQS,LSH,GL3Z,GNL,Equipment-3107,EQ-03107,flaring,Natural Gas,319.68,scf,2024,2
Activité E&P,AST,BMS,OF,Equipment-3108,EQ-03108,combustion,Diesel,260.94,gal,2022,5
Activité E&P,AST,ISG,GF,Equipment-3109,EQ-03109,combustion,Fuel Gas,3794.95,gal,2023,8
Activité E&P,AST,ISG,GF,Equipment-3110,EQ-03110,flaring,Fuel Gas,2137.81,gal,2024,3
Activité E&P,DP,HRM,GF,Equipment-3111,EQ-03111,drilling,,6246.39,,2022,7
Activité E&P,DP,TFT,GF,Equipment-3112,EQ-03112,flaring,Natural Gas,3126.12,scf,2025,10
Activité RPC,RAF,RA1A,Raffinerie,Equipment-3113,EQ-03113,combustion,Propane,7497.26,gal,2022,1
Activité E&P,DP,HBK,GF,Equipment-3114,EQ-03114,fugitive,,5238.98,,2022,2
Activité E&P,AST,GTG,GF,Equipment-3115,EQ-03115,drilling,,1204.25,,2023,11
Activité E&P,DP,INAS,GF,Equipment-3116,EQ-03116,drilling,,18.61,,2023,6
Activité E&P,DP,ADR,OF,Equipment-3117,EQ-03117,fugitive,,6500.79,,2024,4
Activité RPC,RAF,RA1G,Raffinerie,Equipment-3118,EQ-03118,combustion,Propane,3450.25,gal,2024,12
Activité E&P,AST,SH-FCP MLE,GF,Equipment-3119,EQ-03119,flaring,,3348.01,,2025,11
Activité RPC,RAF,RA1G,Raffinerie,Equipment-3120,EQ-03120,combustion,Diesel,7804.27,gal,2024,3
Activité E&P,AST,GB,OF,Equipment-3121,EQ-03121,fugitive,,5510.25,,2024,4
Activité RPC,RAF,RA1Z,Raffinerie,Equipment-3122,EQ-03122,flaring,Propane,4406.6,gal,2023,10
Activité E&P,DP,HRM,GF,Equipment-3123,EQ-03123,drilling,,5388.35,,2022,2
Activité E&P,DP,ADR,OF,Equipment-3124,EQ-03124,flaring,Fuel Gas,1430.78,gal,2024,11
Activité E&P,DP,HMD,OF,Equipment-3125,EQ-03125,fugitive,,6612.56,,2022,1
Activité LQS,LSH,GL1Z,GNL,Equipment-3126,EQ-03126,combustion,,9137.62,,2025,8
Activité E&P,DP,HRM,GF,Equipment-3127,EQ-03127,flaring,Propane,1930.29,gal,2024,12
Activité E&P,DP,HBK,GF,Equipment-3128,EQ-03128,combustion,Fuel Gas,8956.58,gal,2024,1
Activité E&P,AST,MLN,OF,Equipment-3129,EQ-03129,flaring,,5951.92,,2024,6
Activité E&P,AST,GTG,GF,Equipment-3130,EQ-03130,fugitive,,3568.86,,2025,5
Activité E&P,AST,MLN,OF,Equipment-3131,EQ-03131,venting,,5470.04,,2023,6
Activité E&P,AST,GTFT,GF,Equipment-3132,EQ-03132,venting,,9322.89,,2025,2
Activité E&P,DP,GTL,GF,Equipment-3133,EQ-03133,flaring,,5060.37,,2023,6
Activité E&P,DP,HRM,GF,Equipment-3134,EQ-03134,drilling,,6542.71,,2022,2
Activité E&P,AST,GSS,OF,Equipment-3135,EQ-03135,combustion,Diesel,2780.34,gal,2025,9
Activité RPC,RAF,RA1A,Raffinerie,Equipment-3136,EQ-03136,venting,,1919.01,,2025,2
Activité E&P,AST,GSS,OF,Equipment-3137,EQ-03137,flaring,Fuel Gas,6601.43,gal,2024,10
Activité E&P,DP,OHT,GF,Equipment-3138,EQ-03138,venting,,7494.21,,2022,5
Activité RPC,PEC,CPEK,Pétrochimie,Equipment-3139,EQ-03139,fugitive,,4901.59,,2022,4
Activité LQS,LSH,GL1Z,GNL,Equipment-3140,EQ-03140,fugitive,,9593.21,,2023,10
Activité E&P,AST,GSS,OF,Equipment-3141,EQ-03141,venting,,1974.04,,2025,5
Activité RPC,PEC,CP1Z,Pétrochimie,Equipment-3142,EQ-03142,flaring,Diesel,3865.63,gal,2022,9
Activité E&P,AST,GSS,OF,Equipment-3143,EQ-03143,drilling,,9381.24,,2022,11
Activité LQS,LSH,GL2Z,GNL,Equipment-3144,EQ-03144,fugitive,,905.06,,2023,5
Activité LQS,LSH,GL1K,GNL,Equipment-3145,EQ-03145,flaring,Propane,1821.6,gal,2024,7
Activité LQS,LSH,GL1Z,GNL,Equipment-3146,EQ-03146,venting,,387.44,,2022,7
Activité E&P,AST,MLN,OF,Equipment-3147,EQ-03147,fugitive,,4783.62,,2024,2
Activité E&P,AST,GTIM,GF,Equipment-3148,EQ-03148,venting,,7398.54,,2023,2
Activité RPC,RAF,RA1Z,Raffinerie,Equipment-3149,EQ-03149,flaring,Natural Gas,938.78,scf,2024,8
Activité LQS,LSH,GL1Z,GNL,Equipment-3150,EQ-03150,drilling,,4731.11,,2023,3
Activité E&P,AST,GSS,OF,Equipment-3151,EQ-03151,drilling,,656.95,,2022,11
Activité E&P,AST,SH-FCP MLE,GF,Equipment-3152,EQ-03152,flaring,Propane,3771.28,gal,2025,11
Activité E&P,AST,SH-FCP MLE,GF,Equipment-3153,EQ-03153,venting,,5456.64,,2025,10
Activité E&P,DP,INAS,GF,Equipment-3154,EQ-03154,drilling,,9217.84,,2022,3
Activité E&P,AST,G SH-ENI,OF,Equipment-3155,EQ-03155,drilling,,4211.6,,2024,11
Activité E&P,DP,HBK,GF,Equipment-3156,EQ-03156,flaring,Diesel,64.05,gal,2023,1
Activité E&P,DP,HMD,OF,Equipment-3157,EQ-03157,flaring,Diesel,7331.04,gal,2023,7
Activité E&P,AST,INA,GF,Equipment-3158,EQ-03158,drilling,,7327.56,,2023,10
Activité E&P,DP,RNS,GF,Equipment-3159,EQ-03159,drilling,,632.25,,2024,10
Activité RPC,PEC,CPEK,Pétrochimie,Equipment-3160,EQ-03160,drilling,,7687.67,,2023,1
Activité E&P,AST,BMS,OF,Equipment-3161,EQ-03161,fugitive,,9936.25,,2022,8
Activité RPC,RAF,RA1K,Raffinerie,Equipment-3162,EQ-03162,venting,,5488.42,,2025,3
Activité E&P,DP,ADR,OF,Equipment-3163,EQ-03163,venting,,6134.54,,2025,12
Activité E&P,DP,INAS,GF,Equipment-3164,EQ-03164,venting,,5334.29,,2022,4
Activité E&P,AST,HBR,OF,Equipment-3165,EQ-03165,drilling,,987.72,,2025,11
Activité LQS,LSH,GP1Z,GPL,Equipment-3166,EQ-03166,fugitive,,8875.46,,2023,1
Activité E&P,AST,GTFT,GF,Equipment-3167,EQ-03167,venting,,4387.09,,2022,1
Activité E&P,DP,HMD,OF,Equipment-3168,EQ-03168,drilling,,7473.96,,2023,7
Activité E&P,DP,HRM,GF,Equipment-3169,EQ-03169,fugitive,,9038.96,,2025,8
Activité E&P,DP,REB,OF,Equipment-3170,EQ-03170,drilling,,4925.04,,2024,1
Activité E&P,AST,SH-FCP MLE,GF,Equipment-3171,EQ-03171,fugitive,,3838.97,,2022,4
Activité E&P,DP,TFT,GF,Equipment-3172,EQ-03172,flaring,Natural Gas,1425.71,scf,2024,11
Activité E&P,DP,REB,OF,Equipment-3173,EQ-03173,combustion,Fuel Gas,296.73,gal,2024,7
Activité LQS,LSH,GP2Z,GPL,Equipment-3174,EQ-03174,flaring,Diesel,5288.29,gal,2024,7
Activité E&P,DP,ADR,OF,Equipment-3175,EQ-03175,drilling,,6273.63,,2025,3
Activité LQS,LSH,GP1Z,GPL,Equipment-3176,EQ-03176,combustion,Fuel Gas,1251.09,gal,2023,1
Activité E&P,DP,HBK,GF,Equipment-3177,EQ-03177,fugitive,,7681.55,,2024,12
Activité LQS,LSH,GL1Z,GNL,Equipment-3178,EQ-03178,flaring,Diesel,5331.03,gal,2025,3
Activité LQS,LSH,GL2Z,GNL,Equipment-3179,EQ-03179,venting,,9190.36,,2025,4
Activité E&P,DP,HBK,GF,Equipment-3180,EQ-03180,combustion,Fuel Gas,4903.57,gal,2023,6
Activité E&P,AST,GTG,GF,Equipment-3181,EQ-03181,flaring,,4017.17,,2022,11
Activité RPC,RAF,RA1K,Raffinerie,Equipment-3182,EQ-03182,drilling,,5725.5,,2025,10
Activité E&P,DP,OHT,GF,Equipment-3183,EQ-03183,drilling,,6955.07,,2023,10
Activité RPC,RAF,RA1Z,Raffinerie,Equipment-3184,EQ-03184,drilling,,9528.75,,2025,4
Activité E&P,DP,HBK,GF,Equipment-3185,EQ-03185,drilling,,2429.62,,2022,4
Activité E&P,AST,GB,OF,Equipment-3186,EQ-03186,venting,,1743.63,,2023,9
Activité RPC,RAF,RA1G,Raffinerie,Equipment-3187,EQ-03187,venting,,4341.08,,2022,11
Activité E&P,DP,HBK,GF,Equipment-3188,EQ-03188,combustion,Natural Gas,8626.26,scf,2024,3
Activité E&P,DP,RNS,GF,Equipment-3189,EQ-03189,fugitive,,7660.65,,2023,5
Activité E&P,AST,BRS,OF,Equipment-3190,EQ-03190,drilling,,8659.71,,2024,1
Activité E&P,AST,INA,GF,Equipment-3191,EQ-03191,venting,,8901.77,,2022,4
Activité E&P,AST,ISG,GF,Equipment-3192,EQ-03192,drilling,,9911.12,,2024,2
Activité E&P,AST,ISG,GF,Equipment-3193,EQ-03193,venting,,9792.17,,2024,3
Activité E&P,DP,HMD,OF,Equipment-3194,EQ-03194,flaring,,6617.42,,2024,10
Activité E&P,DP,STAH,OF,Equipment-3195,EQ-03195,flaring,Fuel Gas,4117.69,gal,2023,6
Activité E&P,DP,INAS,GF,Equipment-3196,EQ-03196,venting,,8350.31,,2024,2
Activité E&P,DP,RNS,GF,Equipment-3197,EQ-03197,flaring,,9923.55,,2022,5
Activité E&P,DP,HRM,GF,Equipment-3198,EQ-03198,venting,,1210.58,,2022,3
Activité LQS,LSH,GP1Z,GPL,Equipment-3199,EQ-03199,venting,,6100.06,,2025,3
Activité E&P,AST,GTG,GF,Equipment-3200,EQ-03200,flaring,Propane,1054.74,gal,2022,1
Activité E&P,AST,GTFT,GF,Equipment-3201,EQ-03201,fugitive,,1086.62,,2023,5
Activité E&P,DP,RNS,GF,Equipment-3202,EQ-03202,venting,,2783.65,,2024,9
Activité E&P,DP,RNS,GF,Equipment-3203,EQ-03203,drilling,,1364.76,,2022,1
Activité LQS,LSH,GL2Z,GNL,Equipment-3204,EQ-03204,drilling,,9133.2,,2023,2
Activité E&P,DP,OHT,GF,Equipment-3205,EQ-03205,drilling,,7523.34,,2024,5
Activité E&P,AST,GTFT,GF,Equipment-3206,EQ-03206,venting,,7988.17,,2023,4
Activité E&P,DP,TFT,GF,Equipment-3207,EQ-03207,flaring,Natural Gas,7588.12,scf,2024,6
Activité E&P,DP,HMD,OF,Equipment-3208,EQ-03208,venting,,6765.99,,2024,2
Activité E&P,AST,GTIM,GF,Equipment-3209,EQ-03209,fugitive,,7133.96,,2025,7
Activité LQS,LSH,GL3Z,GNL,Equipment-3210,EQ-03210,fugitive,,6624.67,,2023,1
Activité RPC,PEC,CPEK,Pétrochimie,Equipment-3211,EQ-03211,drilling,,2087.1,,2024,4
Activité E&P,DP,HBK,GF,Equipment-3212,EQ-03212,venting,,8856.75,,2023,8
Activité RPC,PEC,CP1Z,Pétrochimie,Equipment-3213,EQ-03213,fugitive,,4229.8,,2024,1
Activité LQS,LSH,GP1Z,GPL,Equipment-3214,EQ-03214,fugitive,,4767.65,,2023,3
Activité E&P,DP,RNS,GF,Equipment-3215,EQ-03215,flaring,Diesel,1220.82,gal,2024,9
Activité E&P,AST,OURHOUD,OF,Equipment-3216,EQ-03216,venting,,864.9,,2024,1
Activité E&P,AST,SH-FCP MLE,GF,Equipment-3217,EQ-03217,drilling,,4271.85,,2024,1
Activité RPC,RAF,RA1G,Raffinerie,Equipment-3218,EQ-03218,venting,,152.37,,2022,7
Activité RPC,PEC,CP1Z,Pétrochimie,Equipment-3219,EQ-03219,flaring,Fuel Gas,9203.32,gal,2025,4
Activité E&P,AST,GB,OF,Equipment-3220,EQ-03220,venting,,6960.72,,2025,7
Activité E&P,DP,INAS,GF,Equipment-3221,EQ-03221,drilling,,3283.26,,2025,11
Activité RPC,PEC,CP1Z,Pétrochimie,Equipment-3222,EQ-03222,combustion,,6294.7,,2023,12
Activité E&P,DP,HBK,GF,Equipment-3223,EQ-03223,drilling,,722.62,,2023,1
Activité E&P,AST,GSS,OF,Equipment-3224,EQ-03224,combustion,,3270.07,,2022,6
Activité RPC,RAF,RA1G,Raffinerie,Equipment-3225,EQ-03225,drilling,,695.87,,2022,3
Activité E&P,DP,TFT,GF,Equipment-3226,EQ-03226,fugitive,,4747.98,,2024,1
Activité E&P,DP,RNS,GF,Equipment-3227,EQ-03227,drilling,,9658.74,,2025,3
Activité E&P,DP,GTL,GF,Equipment-3228,EQ-03228,drilling,,5384.65,,2023,2
Activité E&P,AST,GTIM,GF,Equipment-3229,EQ-03229,drilling,,951.08,,2025,12
Activité E&P,AST,GSS,OF,Equipment-3230,EQ-03230,combustion,Propane,4161.95,gal,2022,9
Activité LQS,LSH,GL3Z,GNL,Equipment-3231,EQ-03231,fugitive,,3373.48,,2022,9
Activité E&P,AST,BRS,OF,Equipment-3232,EQ-03232,drilling,,8037.44,,2025,6
Activité E&P,DP,REB,OF,Equipment-3233,EQ-03233,venting,,5310.82,,2024,3
Activité E&P,AST,OURHOUD,OF,Equipment-3234,EQ-03234,drilling,,7556.48,,2025,12
Activité RPC,RAF,RA1K,Raffinerie,Equipment-3235,EQ-03235,fugitive,,5770.2,,2022,5
Activité E&P,DP,HMD,OF,Equipment-3236,EQ-03236,combustion,Natural Gas,8505.94,scf,2023,9
Activité E&P,AST,G SH-ENI,OF,Equipment-3237,EQ-03237,drilling,,8349.35,,2023,5
Activité E&P,DP,HRM,GF,Equipment-3238,EQ-03238,drilling,,2456.29,,2023,7
Activité E&P,AST,G SH-ENI,OF,Equipment-3239,EQ-03239,flaring,Propane,3992.98,gal,2023,12
Activité E&P,DP,REB,OF,Equipment-3240,EQ-03240,drilling,,5173.56,,2024,9
Activité E&P,AST,GTIM,GF,Equipment-3241,EQ-03241,drilling,,1191.2,,2025,9
Activité E&P,DP,HBK,GF,Equipment-3242,EQ-03242,combustion,Fuel Gas,5510.73,gal,2023,3
Activité LQS,LSH,GP1Z,GPL,Equipment-3243,EQ-03243,venting,,7464.21,,2022,2
Activité E&P,AST,BRS,OF,Equipment-3244,EQ-03244,venting,,9132.6,,2022,10
Activité E&P,AST,OURHOUD,OF,Equipment-3245,EQ-03245,flaring,Natural Gas,9874.21,scf,2025,4
Activité E&P,DP,HBK,GF,Equipment-3246,EQ-03246,flaring,Fuel Gas,742.07,gal,2025,8
Activité E&P,AST,RKF,OF,Equipment-3247,EQ-03247,venting,,5080.58,,2025,11
Activité RPC,RAF,RA1K,Raffinerie,Equipment-3248,EQ-03248,flaring,Propane,7504.03,gal,2023,10
Activité E&P,DP,REB,OF,Equipment-3249,EQ-03249,flaring,Diesel,1073.33,gal,2022,4
Activité LQS,LSH,GL1Z,GNL,Equipment-3250,EQ-03250,flaring,Diesel,6474.3,gal,2023,12
Activité E&P,AST,MLN,OF,Equipment-3251,EQ-03251,venting,,9688.91,,2025,11
Activité LQS,LSH,GP1Z,GPL,Equipment-3252,EQ-03252,drilling,,8067.76,,2022,2
Activité RPC,PEC,CP1Z,Pétrochimie,Equipment-3253,EQ-03253,fugitive,,4032.29,,2024,8
Activité E&P,DP,INAS,GF,Equipment-3254,EQ-03254,flaring,Diesel,1966.73,gal,2025,12
Activité RPC,RAF,RA1G,Raffinerie,Equipment-3255,EQ-03255,fugitive,,422.08,,2025,9
Activité E&P,AST,RKF,OF,Equipment-3256,EQ-03256,drilling,,6245.7,,2025,11
Activité E&P,AST,RKF,OF,Equipment-3257,EQ-03257,drilling,,713.37,,2025,10
Activité E&P,AST,GTG,GF,Equipment-3258,EQ-03258,flaring,Fuel Gas,306.47,gal,2024,9
Activité E&P,DP,RNS,GF,Equipment-3259,EQ-03259,drilling,,8078.51,,2025,8
Activité E&P,DP,HRM,GF,Equipment-3260,EQ-03260,fugitive,,8843.99,,2024,10
Activité E&P,DP,TFT,GF,Equipment-3261,EQ-03261,combustion,Natural Gas,6435.99,scf,2022,7
Activité RPC,PEC,CP1Z,Pétrochimie,Equipment-3262,EQ-03262,fugitive,,3698.63,,2022,5
Activité LQS,LSH,GL2Z,GNL,Equipment-3263,EQ-03263,drilling,,9872.52,,2024,3
Activité E&P,DP,RNS,GF,Equipment-3264,EQ-03264,fugitive,,3633.84,,2023,2
Activité LQS,LSH,GL2Z,GNL,Equipment-3265,EQ-03265,drilling,,4907.48,,2023,12
Activité E&P,AST,SH-FCP MLE,GF,Equipment-3266,EQ-03266,combustion,Natural Gas,2230.89,scf,2025,8
Activité E&P,DP,HMD,OF,Equipment-3267,EQ-03267,flaring,Propane,5426.25,gal,2025,9
Activité E&P,AST,BMS,OF,Equipment-3268,EQ-03268,combustion,Natural Gas,9313.4,scf,2022,1
Activité E&P,DP,HRM,GF,Equipment-3269,EQ-03269,combustion,Fuel Gas,1995.23,gal,2024,9
Activité E&P,DP,REB,OF,Equipment-3270,EQ-03270,drilling,,1217.26,,2022,6
Activité E&P,AST,BRS,OF,Equipment-3271,EQ-03271,venting,,2831.18,,2025,5
Activité RPC,PEC,CP1Z,Pétrochimie,Equipment-3272,EQ-03272,flaring,Fuel Gas,3337.24,gal,2025,1
Activité E&P,AST,HBR,OF,Equipment-3273,EQ-03273,flaring,Natural Gas,2854.09,scf,2024,4
Activité RPC,RAF,RA1K,Raffinerie,Equipment-3274,EQ-03274,combustion,Fuel Gas,1079.2,gal,2025,9
Activité E&P,DP,RNS,GF,Equipment-3275,EQ-03275,drilling,,4188.65,,2023,4
Activité E&P,AST,GTIM,GF,Equipment-3276,EQ-03276,drilling,,6806.99,,2024,1
Activité LQS,LSH,GP2Z,GPL,Equipment-3277,EQ-03277,combustion,Natural Gas,3677.24,scf,2024,11
Activité E&P,AST,ISG,GF,Equipment-3278,EQ-03278,drilling,,8285.83,,2022,5
Activité E&P,AST,REGGANE,GF,Equipment-3279,EQ-03279,drilling,,6774.39,,2024,8
Activité LQS,LSH,GL2Z,GNL,Equipment-3280,EQ-03280,fugitive,,155.8,,2025,5
Activité E&P,AST,OURHOUD,OF,Equipment-3281,EQ-03281,fugitive,,9043.32,,2025,3
Activité RPC,RAF,RA1A,Raffinerie,Equipment-3282,EQ-03282,flaring,Natural Gas,9535.54,scf,2023,8
Activité E&P,AST,GTFT,GF,Equipment-3283,EQ-03283,drilling,,1998.4,,2022,8
Activité LQS,LSH,GL2Z,GNL,Equipment-3284,EQ-03284,combustion,Diesel,3309.82,gal,2025,6
Activité E&P,AST,GTFT,GF,Equipment-3285,EQ-03285,fugitive,,9163.37,,2023,9
Activité RPC,PEC,CP1Z,Pétrochimie,Equipment-3286,EQ-03286,combustion,Natural Gas,8776.33,scf,2025,9
Activité E&P,AST,REGGANE,GF,Equipment-3287,EQ-03287,venting,,7431.46,,2024,11
Activité RPC,PEC,CPEK,Pétrochimie,Equipment-3288,EQ-03288,drilling,,92.25,,2022,4
Activité E&P,AST,GB,OF,Equipment-3289,EQ-03289,fugitive,,3508.87,,2022,2
Activité RPC,RAF,RA1G,Raffinerie,Equipment-3290,EQ-03290,fugitive,,8740.9,,2022,8
Activité E&P,AST,GSS,OF,Equipment-3291,EQ-03291,combustion,Fuel Gas,8461.99,gal,2023,5
Activité E&P,AST,BMS,OF,Equipment-3292,EQ-03292,drilling,,7177.62,,2024,1
Activité RPC,RAF,RA1Z,Raffinerie,Equipment-3293,EQ-03293,flaring,Natural Gas,8466.83,scf,2025,2
Activité E&P,DP,TFT,GF,Equipment-3294,EQ-03294,venting,,4964.15,,2025,1
Activité LQS,LSH,GL2Z,GNL,Equipment-3295,EQ-03295,combustion,Diesel,3490.22,gal,2024,10
Activité LQS,LSH,GL2Z,GNL,Equipment-3296,EQ-03296,combustion,Fuel Gas,4611.76,gal,2022,2
Activité E&P,AST,OURHOUD,OF,Equipment-3297,EQ-03297,fugitive,,2142.49,,2023,1
Activité E&P,AST,ISG,GF,Equipment-3298,EQ-03298,venting,,1335.16,,2022,7
Activité E&P,AST,GTFT,GF,Equipment-3299,EQ-03299,drilling,,6334.31,,2025,9
Activité E&P,AST,ISG,GF,Equipment-3300,EQ-03300,fugitive,,4174.35,,2022,10
Activité LQS,LSH,GL1K,GNL,Equipment-3301,EQ-03301,fugitive,,2758.54,,2024,4
Activité E&P,DP,HRM,GF,Equipment-3302,EQ-03302,drilling,,8780.28,,2022,11
Activité RPC,PEC,CP1Z,Pétrochimie,Equipment-3303,EQ-03303,fugitive,,632.55,,2023,5
Activité E&P,DP,STAH,OF,Equipment-3304,EQ-03304,venting,,9158.64,,2025,7
Activité E&P,AST,INA,GF,Equipment-3305,EQ-03305,venting,,5891.61,,2024,9
Activité E&P,AST,BRS,OF,Equipment-3306,EQ-03306,flaring,Propane,9548.76,gal,2022,8
Activité E&P,AST,GSS,OF,Equipment-3307,EQ-03307,drilling,,6599.52,,2024,8
Activité E&P,AST,MLN,OF,Equipment-3308,EQ-03308,fugitive,,2545.54,,2023,3
Activité LQS,LSH,GL1Z,GNL,Equipment-3309,EQ-03309,drilling,,5104.31,,2023,6
Activité E&P,DP,STAH,OF,Equipment-3310,EQ-03310,fugitive,,8730.58,,2024,2
Activité E&P,DP,HMD,OF,Equipment-3311,EQ-03311,drilling,,8528.65,,2023,11
Activité E&P,DP,GTL,GF,Equipment-3312,EQ-03312,flaring,Diesel,2318.1,gal,2024,4
Activité E&P,AST,OURHOUD,OF,Equipment-3313,EQ-03313,flaring,Natural Gas,7761.06,scf,2024,6
Activité E&P,AST,REGGANE,GF,Equipment-3314,EQ-03314,flaring,Propane,8653.82,gal,2022,5
Activité RPC,RAF,RA1G,Raffinerie,Equipment-3315,EQ-03315,drilling,,7007.52,,2024,9
Activité LQS,LSH,GL2Z,GNL,Equipment-3316,EQ-03316,fugitive,,994.38,,2024,1
Activité E&P,AST,REGGANE,GF,Equipment-3317,EQ-03317,fugitive,,9430.49,,2022,8
Activité E&P,DP,REB,OF,Equipment-3318,EQ-03318,flaring,Fuel Gas,4416.68,gal,2024,9
Activité LQS,LSH,GL3Z,GNL,Equipment-3319,EQ-03319,fugitive,,6861.99,,2022,6
Activité RPC,RAF,RA1K,Raffinerie,Equipment-3320,EQ-03320,fugitive,,1009.61,,2022,8
Activité RPC,RAF,RA1Z,Raffinerie,Equipment-3321,EQ-03321,drilling,,8295.58,,2022,2
Activité E&P,DP,GTL,GF,Equipment-3322,EQ-03322,combustion,Fuel Gas,4072.35,gal,2025,12
Activité E&P,AST,MLN,OF,Equipment-3323,EQ-03323,venting,,849.69,,2024,1
Activité E&P,AST,G SH-ENI,OF,Equipment-3324,EQ-03324,flaring,Propane,1675.05,gal,2022,2
Activité E&P,DP,TFT,GF,Equipment-3325,EQ-03325,drilling,,3678.19,,2023,4
Activité E&P,AST,GB,OF,Equipment-3326,EQ-03326,drilling,,3732.29,,2023,4
Activité RPC,PEC,CP1Z,Pétrochimie,Equipment-3327,EQ-03327,fugitive,,5889.03,,2025,4
Activité LQS,LSH,GL2Z,GNL,Equipment-3328,EQ-03328,fugitive,,5035.18,,2025,1
Activité E&P,AST,INA,GF,Equipment-3329,EQ-03329,drilling,,7663.7,,2025,12
Activité E&P,DP,INAS,GF,Equipment-3330,EQ-03330,flaring,Natural Gas,4034.24,scf,2022,2
Activité RPC,PEC,CP1Z,Pétrochimie,Equipment-3331,EQ-03331,combustion,,2985.53,,2023,7
Activité E&P,DP,ADR,OF,Equipment-3332,EQ-03332,flaring,Fuel Gas,2076.83,gal,2025,2
Activité E&P,DP,GTL,GF,Equipment-3333,EQ-03333,fugitive,,1783.43,,2023,10
Activité E&P,AST,G SH-ENI,OF,Equipment-3334,EQ-03334,fugitive,,3025.97,,2022,10
Activité E&P,DP,HMD,OF,Equipment-3335,EQ-03335,combustion,Fuel Gas,8789.17,gal,2025,9
Activité LQS,LSH,GL2Z,GNL,Equipment-3336,EQ-03336,venting,,7574.63,,2023,3
Activité RPC,PEC,CP1Z,Pétrochimie,Equipment-3337,EQ-03337,flaring,Natural Gas,4886.35,scf,2022,9
Activité E&P,AST,ISG,GF,Equipment-3338,EQ-03338,drilling,,1339.04,,2023,3
Activité E&P,DP,GTL,GF,Equipment-3339,EQ-03339,flaring,,6869.42,,2025,7
Activité E&P,DP,GTL,GF,Equipment-3340,EQ-03340,fugitive,,2420.13,,2023,3
Activité E&P,AST,SH-FCP MLE,GF,Equipment-3341,EQ-03341,venting,,4049.19,,2023,5
Activité E&P,DP,INAS,GF,Equipment-3342,EQ-03342,venting,,8401.78,,2022,2
Activité LQS,LSH,GL1K,GNL,Equipment-3343,EQ-03343,venting,,317.92,,2024,2
Activité LQS,LSH,GL1K,GNL,Equipment-3344,EQ-03344,combustion,Natural Gas,5451.68,scf,2023,1
Activité E&P,DP,RNS,GF,Equipment-3345,EQ-03345,venting,,9811.63,,2023,3
Activité E&P,AST,HBR,OF,Equipment-3346,EQ-03346,combustion,,6475.41,,2023,6
Activité E&P,AST,BRS,OF,Equipment-3347,EQ-03347,flaring,,6241.56,,2024,7
Activité E&P,DP,INAS,GF,Equipment-3348,EQ-03348,combustion,Natural Gas,6176.04,scf,2024,10
Activité E&P,AST,REGGANE,GF,Equipment-3349,EQ-03349,flaring,,362.68,,2025,3
Activité E&P,DP,HRM,GF,Equipment-3350,EQ-03350,venting,,6413.71,,2024,12
Activité E&P,AST,ISG,GF,Equipment-3351,EQ-03351,venting,,1573.87,,2025,9
Activité E&P,AST,GTFT,GF,Equipment-3352,EQ-03352,fugitive,,6398.87,,2024,9
Activité E&P,AST,GTIM,GF,Equipment-3353,EQ-03353,fugitive,,7715.95,,2025,8
Activité RPC,RAF,RA1K,Raffinerie,Equipment-3354,EQ-03354,combustion,Fuel Gas,5727.89,gal,2023,12
Activité E&P,DP,INAS,GF,Equipment-3355,EQ-03355,fugitive,,5421.8,,2022,12
Activité E&P,DP,HBK,GF,Equipment-3356,EQ-03356,fugitive,,7038.86,,2023,12
Activité E&P,DP,HMD,OF,Equipment-3357,EQ-03357,drilling,,4431.58,,2023,11
Activité E&P,AST,INA,GF,Equipment-3358,EQ-03358,fugitive,,5652.67,,2024,1
Activité E&P,AST,ISG,GF,Equipment-3359,EQ-03359,drilling,,4365.41,,2025,11
Activité E&P,DP,HMD,OF,Equipment-3360,EQ-03360,combustion,,2338.49,,2025,7
Activité E&P,AST,HBR,OF,Equipment-3361,EQ-03361,combustion,Propane,2704.02,gal,2024,10
Activité LQS,LSH,GL2Z,GNL,Equipment-3362,EQ-03362,combustion,Diesel,1884.39,gal,2022,10
Activité LQS,LSH,GP2Z,GPL,Equipment-3363,EQ-03363,venting,,4063.3,,2025,4
Activité E&P,DP,GTL,GF,Equipment-3364,EQ-03364,venting,,9155.23,,2023,2
Activité E&P,DP,HRM,GF,Equipment-3365,EQ-03365,fugitive,,4290.85,,2025,7
Activité E&P,AST,GTG,GF,Equipment-3366,EQ-03366,drilling,,2853.01,,2025,9
Activité E&P,AST,MLN,OF,Equipment-3367,EQ-03367,venting,,1982.03,,2023,12
Activité E&P,DP,OHT,GF,Equipment-3368,EQ-03368,combustion,Natural Gas,9595.94,scf,2022,2
Activité E&P,AST,MLN,OF,Equipment-3369,EQ-03369,venting,,3301.98,,2025,10
Activité RPC,PEC,CPEK,Pétrochimie,Equipment-3370,EQ-03370,combustion,Propane,5450.21,gal,2023,12
Activité E&P,DP,HRM,GF,Equipment-3371,EQ-03371,drilling,,2732.38,,2024,6
Activité E&P,AST,BMS,OF,Equipment-3372,EQ-03372,drilling,,5200.22,,2025,1
Activité E&P,AST,INA,GF,Equipment-3373,EQ-03373,venting,,6264.24,,2024,3
Activité E&P,AST,G SH-ENI,OF,Equipment-3374,EQ-03374,venting,,3845.23,,2023,4
Activité E&P,AST,OURHOUD,OF,Equipment-3375,EQ-03375,combustion,Fuel Gas,9256.05,gal,2024,5
Activité E&P,AST,RKF,OF,Equipment-3376,EQ-03376,flaring,Natural Gas,2754.63,scf,2024,12
Activité E&P,AST,RKF,OF,Equipment-3377,EQ-03377,drilling,,3812.24,,2023,6
Activité E&P,AST,RKF,OF,Equipment-3378,EQ-03378,drilling,,6264.84,,2024,10
Activité E&P,AST,SH-FCP MLE,GF,Equipment-3379,EQ-03379,flaring,Propane,2633.11,gal,2025,7
Activité RPC,RAF,RA1Z,Raffinerie,Equipment-3380,EQ-03380,fugitive,,3551.0,,2024,4
Activité E&P,AST,G SH-ENI,OF,Equipment-3381,EQ-03381,fugitive,,2036.24,,2024,10
Activité LQS,LSH,GL2Z,GNL,Equipment-3382,EQ-03382,venting,,2080.18,,2022,1
Activité E&P,DP,ADR,OF,Equipment-3383,EQ-03383,flaring,Diesel,4262.02,gal,2024,8
Activité E&P,DP,INAS,GF,Equipment-3384,EQ-03384,venting,,857.88,,2025,4
Activité E&P,AST,RKF,OF,Equipment-3385,EQ-03385,flaring,Natural Gas,9534.14,scf,2025,4
Activité E&P,DP,INAS,GF,Equipment-3386,EQ-03386,drilling,,9110.05,,2022,7
Activité LQS,LSH,GP1Z,GPL,Equipment-3387,EQ-03387,venting,,7498.06,,2024,5
Activité E&P,AST,GTG,GF,Equipment-3388,EQ-03388,combustion,,1238.53,,2022,11
Activité RPC,PEC,CP1Z,Pétrochimie,Equipment-3389,EQ-03389,fugitive,,7272.68,,2025,10
Activité E&P,DP,RNS,GF,Equipment-3390,EQ-03390,combustion,,3193.98,,2023,3
Activité E&P,AST,INA,GF,Equipment-3391,EQ-03391,fugitive,,5792.73,,2023,9
Activité E&P,AST,G SH-ENI,OF,Equipment-3392,EQ-03392,drilling,,4375.14,,2024,4
Activité E&P,DP,REB,OF,Equipment-3393,EQ-03393,venting,,1953.89,,2024,9
Activité E&P,DP,ADR,OF,Equipment-3394,EQ-03394,fugitive,,745.47,,2025,11
Activité E&P,DP,HMD,OF,Equipment-3395,EQ-03395,drilling,,4592.75,,2024,8
Activité E&P,DP,HBK,GF,Equipment-3396,EQ-03396,venting,,6702.17,,2022,1
Activité E&P,AST,G SH-ENI,OF,Equipment-3397,EQ-03397,venting,,9468.42,,2022,2
Activité LQS,LSH,GL3Z,GNL,Equipment-3398,EQ-03398,fugitive,,1247.54,,2022,1
Activité E&P,AST,BMS,OF,Equipment-3399,EQ-03399,combustion,,6638.17,,2022,9
Activité E&P,AST,G SH-ENI,OF,Equipment-3400,EQ-03400,drilling,,7912.08,,2024,10
Activité E&P,AST,HBR,OF,Equipment-3401,EQ-03401,flaring,Diesel,8497.37,gal,2024,10
Activité E&P,DP,OHT,GF,Equipment-3402,EQ-03402,fugitive,,7278.26,,2022,8
Activité E&P,DP,HRM,GF,Equipment-3403,EQ-03403,venting,,6596.32,,2024,3
Activité E&P,DP,REB,OF,Equipment-3404,EQ-03404,combustion,Fuel Gas,1972.73,gal,2023,6
Activité E&P,AST,G SH-ENI,OF,Equipment-3405,EQ-03405,combustion,,261.52,,2024,3
Activité E&P,DP,REB,OF,Equipment-3406,EQ-03406,drilling,,3355.15,,2024,3
Activité E&P,DP,HRM,GF,Equipment-3407,EQ-03407,venting,,6500.23,,2024,6
Activité LQS,LSH,GL3Z,GNL,Equipment-3408,EQ-03408,venting,,4679.78,,2025,10
Activité RPC,RAF,RA1K,Raffinerie,Equipment-3409,EQ-03409,venting,,3224.31,,2024,7
Activité E&P,DP,HBK,GF,Equipment-3410,EQ-03410,drilling,,1497.24,,2022,10
Activité E&P,DP,HBK,GF,Equipment-3411,EQ-03411,fugitive,,5047.37,,2025,3
Activité E&P,AST,GTG,GF,Equipment-3412,EQ-03412,drilling,,7660.41,,2023,8
Activité RPC,PEC,CPEK,Pétrochimie,Equipment-3413,EQ-03413,fugitive,,8997.29,,2025,12
Activité RPC,PEC,CP1Z,Pétrochimie,Equipment-3414,EQ-03414,fugitive,,5621.46,,2024,9
Activité E&P,AST,REGGANE,GF,Equipment-3415,EQ-03415,flaring,Propane,7197.46,gal,2022,4
Activité E&P,AST,BMS,OF,Equipment-3416,EQ-03416,drilling,,2111.9,,2024,5
Activité E&P,AST,GTFT,GF,Equipment-3417,EQ-03417,venting,,3024.68,,2022,7
Activité E&P,AST,INA,GF,Equipment-3418,EQ-03418,combustion,Diesel,3274.18,gal,2023,9
Activité LQS,LSH,GL1Z,GNL,Equipment-3419,EQ-03419,fugitive,,7419.5,,2024,3
Activité E&P,AST,GSS,OF,Equipment-3420,EQ-03420,flaring,Fuel Gas,4979.08,gal,2022,10
Activité E&P,AST,BMS,OF,Equipment-3421,EQ-03421,fugitive,,7750.6,,2023,7
Activité E&P,AST,ISG,GF,Equipment-3422,EQ-03422,venting,,1228.17,,2022,3
Activité E&P,AST,G SH-ENI,OF,Equipment-3423,EQ-03423,combustion,Propane,3858.6,gal,2022,2
Activité E&P,AST,REGGANE,GF,Equipment-3424,EQ-03424,drilling,,3527.36,,2024,7
Activité E&P,DP,HMD,OF,Equipment-3425,EQ-03425,combustion,,5058.75,,2024,6
Activité LQS,LSH,GP2Z,GPL,Equipment-3426,EQ-03426,fugitive,,4125.16,,2023,8
Activité LQS,LSH,GP1Z,GPL,Equipment-3427,EQ-03427,combustion,Natural Gas,4611.49,scf,2022,9
Activité RPC,PEC,CPEK,Pétrochimie,Equipment-3428,EQ-03428,venting,,6717.16,,2023,11
Activité E&P,DP,HMD,OF,Equipment-3429,EQ-03429,combustion,Diesel,4712.55,gal,2023,7
Activité RPC,RAF,RA1A,Raffinerie,Equipment-3430,EQ-03430,fugitive,,6732.0,,2025,9
Activité E&P,AST,REGGANE,GF,Equipment-3431,EQ-03431,combustion,Diesel,3567.99,gal,2022,8
Activité E&P,DP,STAH,OF,Equipment-3432,EQ-03432,drilling,,3140.17,,2023,1
Activité E&P,AST,HBR,OF,Equipment-3433,EQ-03433,combustion,Diesel,6533.7,gal,2025,5
Activité E&P,AST,GTFT,GF,Equipment-3434,EQ-03434,drilling,,2363.91,,2023,3
Activité E&P,DP,HBK,GF,Equipment-3435,EQ-03435,flaring,,9587.32,,2025,10
Activité E&P,DP,STAH,OF,Equipment-3436,EQ-03436,combustion,Fuel Gas,4331.96,gal,2025,3
Activité E&P,AST,G SH-ENI,OF,Equipment-3437,EQ-03437,combustion,Fuel Gas,9651.65,gal,2023,12
Activité E&P,DP,STAH,OF,Equipment-3438,EQ-03438,venting,,1134.81,,2023,2
Activité LQS,LSH,GL1K,GNL,Equipment-3439,EQ-03439,flaring,Natural Gas,1498.26,scf,2022,1
Activité E&P,DP,HBK,GF,Equipment-3440,EQ-03440,drilling,,5192.2,,2022,12
Activité E&P,DP,GTL,GF,Equipment-3441,EQ-03441,drilling,,2265.92,,2023,4
Activité E&P,AST,G SH-ENI,OF,Equipment-3442,EQ-03442,combustion,Natural Gas,3658.64,scf,2023,5
Activité RPC,PEC,CP1Z,Pétrochimie,Equipment-3443,EQ-03443,venting,,4838.16,,2022,2
Activité E&P,AST,HBR,OF,Equipment-3444,EQ-03444,fugitive,,223.45,,2025,12
Activité E&P,AST,GSS,OF,Equipment-3445,EQ-03445,combustion,Propane,1962.01,gal,2024,3
Activité E&P,AST,OURHOUD,OF,Equipment-3446,EQ-03446,flaring,Diesel,6178.09,gal,2024,6
Activité E&P,AST,OURHOUD,OF,Equipment-3447,EQ-03447,flaring,Propane,1859.38,gal,2022,8
Activité E&P,DP,HRM,GF,Equipment-3448,EQ-03448,flaring,,913.91,,2022,7
Activité E&P,AST,GSS,OF,Equipment-3449,EQ-03449,combustion,,5971.09,,2025,10
Activité E&P,AST,HBR,OF,Equipment-3450,EQ-03450,flaring,,6912.64,,2024,3
Activité RPC,PEC,CP1Z,Pétrochimie,Equipment-3451,EQ-03451,drilling,,6415.88,,2024,2
Activité E&P,AST,REGGANE,GF,Equipment-3452,EQ-03452,venting,,678.55,,2024,9
Activité E&P,DP,GTL,GF,Equipment-3453,EQ-03453,drilling,,1188.15,,2022,5
Activité LQS,LSH,GP1Z,GPL,Equipment-3454,EQ-03454,fugitive,,7242.03,,2025,9
Activité E&P,AST,GTIM,GF,Equipment-3455,EQ-03455,combustion,Diesel,3991.27,gal,2022,1
Activité E&P,AST,MLN,OF,Equipment-3456,EQ-03456,fugitive,,2182.59,,2022,3
Activité E&P,AST,GSS,OF,Equipment-3457,EQ-03457,venting,,9125.39,,2025,11
Activité E&P,AST,GTG,GF,Equipment-3458,EQ-03458,combustion,Diesel,4527.11,gal,2022,4
Activité RPC,PEC,CP1Z,Pétrochimie,Equipment-3459,EQ-03459,fugitive,,6051.17,,2024,6
Activité E&P,DP,STAH,OF,Equipment-3460,EQ-03460,drilling,,2404.74,,2024,8
Activité RPC,RAF,RA1A,Raffinerie,Equipment-3461,EQ-03461,combustion,Natural Gas,2822.7,scf,2025,8
Activité E&P,DP,GTL,GF,Equipment-3462,EQ-03462,flaring,Natural Gas,9170.82,scf,2025,2
Activité RPC,RAF,RA1Z,Raffinerie,Equipment-3463,EQ-03463,flaring,Diesel,3765.74,gal,2025,2
Activité RPC,RAF,RA1Z,Raffinerie,Equipment-3464,EQ-03464,venting,,7694.13,,2024,4
Activité E&P,AST,GTFT,GF,Equipment-3465,EQ-03465,fugitive,,4909.24,,2024,8
Activité RPC,RAF,RA1Z,Raffinerie,Equipment-3466,EQ-03466,fugitive,,4264.33,,2022,1
Activité E&P,DP,ADR,OF,Equipment-3467,EQ-03467,combustion,Propane,7976.66,gal,2024,10
Activité E&P,DP,TFT,GF,Equipment-3468,EQ-03468,venting,,89.69,,2022,12
Activité E&P,AST,SH-FCP MLE,GF,Equipment-3469,EQ-03469,combustion,Fuel Gas,4129.51,gal,2022,7
Activité LQS,LSH,GL1K,GNL,Equipment-3470,EQ-03470,drilling,,7928.0,,2025,6
Activité E&P,AST,BMS,OF,Equipment-3471,EQ-03471,drilling,,6592.86,,2025,3
Activité E&P,AST,G SH-ENI,OF,Equipment-3472,EQ-03472,flaring,Propane,2147.94,gal,2022,2
Activité RPC,PEC,CP1Z,Pétrochimie,Equipment-3473,EQ-03473,combustion,Diesel,3371.35,gal,2024,4
Activité LQS,LSH,GL1Z,GNL,Equipment-3474,EQ-03474,combustion,Natural Gas,1459.21,scf,2022,6
Activité E&P,DP,STAH,OF,Equipment-3475,EQ-03475,combustion,Propane,924.09,gal,2022,6
Activité LQS,LSH,GP1Z,GPL,Equipment-3476,EQ-03476,combustion,Natural Gas,1889.79,scf,2022,4
Activité E&P,DP,INAS,GF,Equipment-3477,EQ-03477,combustion,,5664.53,,2025,2
Activité E&P,AST,BMS,OF,Equipment-3478,EQ-03478,fugitive,,2960.68,,2025,9
Activité E&P,AST,ISG,GF,Equipment-3479,EQ-03479,venting,,1404.27,,2022,4
Activité E&P,AST,GTG,GF,Equipment-3480,EQ-03480,fugitive,,4920.64,,2023,6
Activité E&P,AST,BRS,OF,Equipment-3481,EQ-03481,flaring,Fuel Gas,4798.94,gal,2024,11
Activité LQS,LSH,GP1Z,GPL,Equipment-3482,EQ-03482,fugitive,,8825.05,,2023,1
Activité E&P,DP,HRM,GF,Equipment-3483,EQ-03483,flaring,Natural Gas,4392.1,scf,2023,2
Activité E&P,AST,REGGANE,GF,Equipment-3484,EQ-03484,fugitive,,5987.69,,2025,4
Activité E&P,AST,GTIM,GF,Equipment-3485,EQ-03485,fugitive,,164.73,,2023,12
Activité E&P,AST,REGGANE,GF,Equipment-3486,EQ-03486,venting,,7919.49,,2023,7
Activité RPC,RAF,RA1A,Raffinerie,Equipment-3487,EQ-03487,venting,,9189.44,,2024,10
Activité E&P,AST,MLN,OF,Equipment-3488,EQ-03488,fugitive,,7738.48,,2025,5
Activité E&P,AST,G SH-ENI,OF,Equipment-3489,EQ-03489,flaring,Fuel Gas,9992.42,gal,2025,3
Activité RPC,RAF,RA1K,Raffinerie,Equipment-3490,EQ-03490,combustion,Diesel,7359.18,gal,2025,11
Activité E&P,DP,TFT,GF,Equipment-3491,EQ-03491,flaring,Propane,9591.15,gal,2025,2
Activité RPC,PEC,CPEK,Pétrochimie,Equipment-3492,EQ-03492,combustion,Fuel Gas,3654.78,gal,2022,7
Activité E&P,DP,HRM,GF,Equipment-3493,EQ-03493,fugitive,,5785.42,,2022,4
Activité E&P,AST,BMS,OF,Equipment-3494,EQ-03494,drilling,,244.71,,2022,10
Activité LQS,LSH,GL3Z,GNL,Equipment-3495,EQ-03495,combustion,,6735.5,,2024,2
Activité E&P,AST,REGGANE,GF,Equipment-3496,EQ-03496,flaring,Natural Gas,2422.27,scf,2025,9
Activité E&P,AST,INA,GF,Equipment-3497,EQ-03497,fugitive,,95.36,,2023,12
Activité E&P,DP,ADR,OF,Equipment-3498,EQ-03498,flaring,Diesel,7486.43,gal,2024,5
Activité E&P,DP,HRM,GF,Equipment-3499,EQ-03499,venting,,8389.03,,2024,5
Activité RPC,RAF,RA1G,Raffinerie,Equipment-3500,EQ-03500,flaring,Fuel Gas,7497.93,gal,2025,4
Activité RPC,RAF,RA1Z,Raffinerie,Equipment-3501,EQ-03501,fugitive,,6724.19,,2025,9
Activité E&P,DP,HBK,GF,Equipment-3502,EQ-03502,venting,,8880.35,,2025,11
Activité E&P,DP,OHT,GF,Equipment-3503,EQ-03503,fugitive,,1773.57,,2025,12
Activité E&P,AST,GTG,GF,Equipment-3504,EQ-03504,venting,,1517.24,,2022,3
Activité E&P,AST,SH-FCP MLE,GF,Equipment-3505,EQ-03505,drilling,,1919.57,,2024,9
Activité E&P,DP,STAH,OF,Equipment-3506,EQ-03506,drilling,,8379.18,,2023,10
Activité LQS,LSH,GL1K,GNL,Equipment-3507,EQ-03507,fugitive,,6790.1,,2024,5
Activité E&P,AST,GTFT,GF,Equipment-3508,EQ-03508,flaring,Fuel Gas,9807.29,gal,2023,12
Activité E&P,AST,GSS,OF,Equipment-3509,EQ-03509,venting,,7175.4,,2025,2
Activité E&P,DP,GTL,GF,Equipment-3510,EQ-03510,flaring,Diesel,8109.8,gal,2023,9
Activité LQS,LSH,GL2Z,GNL,Equipment-3511,EQ-03511,venting,,9263.25,,2022,12
Activité E&P,DP,REB,OF,Equipment-3512,EQ-03512,flaring,Fuel Gas,1658.28,gal,2025,9
Activité LQS,LSH,GL3Z,GNL,Equipment-3513,EQ-03513,flaring,Diesel,4376.06,gal,2024,10
Activité E&P,AST,MLN,OF,Equipment-3514,EQ-03514,flaring,,5025.75,,2022,2
Activité E&P,DP,TFT,GF,Equipment-3515,EQ-03515,venting,,8243.02,,2025,11
Activité RPC,RAF,RA1K,Raffinerie,Equipment-3516,EQ-03516,flaring,Natural Gas,2983.42,scf,2024,5
Activité E&P,DP,HRM,GF,Equipment-3517,EQ-03517,fugitive,,2307.97,,2023,5
Activité E&P,DP,GTL,GF,Equipment-3518,EQ-03518,combustion,Fuel Gas,4398.09,gal,2024,7
Activité RPC,PEC,CPEK,Pétrochimie,Equipment-3519,EQ-03519,fugitive,,7414.69,,2025,7
Activité E&P,DP,HRM,GF,Equipment-3520,EQ-03520,venting,,1667.03,,2024,4
Activité RPC,RAF,RA1G,Raffinerie,Equipment-3521,EQ-03521,flaring,Diesel,146.57,gal,2024,10
Activité E&P,DP,RNS,GF,Equipment-3522,EQ-03522,combustion,,1506.26,,2022,11
Activité E&P,DP,HRM,GF,Equipment-3523,EQ-03523,venting,,9448.9,,2023,6
Activité E&P,DP,HBK,GF,Equipment-3524,EQ-03524,flaring,Natural Gas,1623.17,scf,2025,1
Activité E&P,DP,HRM,GF,Equipment-3525,EQ-03525,venting,,977.07,,2023,7
Activité E&P,AST,OURHOUD,OF,Equipment-3526,EQ-03526,drilling,,2394.2,,2024,9
Activité RPC,PEC,CPEK,Pétrochimie,Equipment-3527,EQ-03527,fugitive,,4494.21,,2023,7
Activité E&P,AST,MLN,OF,Equipment-3528,EQ-03528,combustion,Natural Gas,7563.37,scf,2022,11
Activité LQS,LSH,GP2Z,GPL,Equipment-3529,EQ-03529,fugitive,,1256.41,,2023,11
Activité E&P,DP,REB,OF,Equipment-3530,EQ-03530,drilling,,4928.2,,2025,5
Activité E&P,DP,HMD,OF,Equipment-3531,EQ-03531,flaring,Natural Gas,8884.32,scf,2023,7
Activité E&P,AST,GTIM,GF,Equipment-3532,EQ-03532,fugitive,,2217.85,,2025,3
Activité E&P,AST,GSS,OF,Equipment-3533,EQ-03533,combustion,Diesel,758.71,gal,2024,1
Activité E&P,AST,GTFT,GF,Equipment-3534,EQ-03534,flaring,Propane,9182.58,gal,2024,8
Activité E&P,DP,STAH,OF,Equipment-3535,EQ-03535,drilling,,5216.4,,2025,5
Activité E&P,AST,GTIM,GF,Equipment-3536,EQ-03536,fugitive,,105.66,,2024,10
Activité RPC,RAF,RA1K,Raffinerie,Equipment-3537,EQ-03537,combustion,Diesel,7843.31,gal,2025,2
Activité LQS,LSH,GP1Z,GPL,Equipment-3538,EQ-03538,combustion,Diesel,9765.78,gal,2022,7
Activité E&P,DP,RNS,GF,Equipment-3539,EQ-03539,flaring,Diesel,2748.31,gal,2023,8
Activité E&P,DP,STAH,OF,Equipment-3540,EQ-03540,venting,,460.08,,2024,11
Activité E&P,AST,BRS,OF,Equipment-3541,EQ-03541,flaring,,1520.9,,2025,5
Activité RPC,RAF,RA1G,Raffinerie,Equipment-3542,EQ-03542,combustion,Natural Gas,8434.39,scf,2025,9
Activité E&P,AST,GTIM,GF,Equipment-3543,EQ-03543,flaring,Propane,1912.74,gal,2023,2
Activité E&P,AST,BMS,OF,Equipment-3544,EQ-03544,combustion,Propane,9463.7,gal,2022,7
Activité E&P,DP,HBK,GF,Equipment-3545,EQ-03545,venting,,453.03,,2023,8
Activité E&P,AST,BMS,OF,Equipment-3546,EQ-03546,venting,,4810.97,,2024,4
Activité E&P,DP,RNS,GF,Equipment-3547,EQ-03547,fugitive,,1232.29,,2025,5
Activité E&P,DP,HMD,OF,Equipment-3548,EQ-03548,combustion,Fuel Gas,186.0,gal,2025,6
Activité LQS,LSH,GP1Z,GPL,Equipment-3549,EQ-03549,flaring,Propane,117.15,gal,2022,12
Activité E&P,AST,G SH-ENI,OF,Equipment-3550,EQ-03550,combustion,Natural Gas,5871.87,scf,2023,2
Activité E&P,DP,INAS,GF,Equipment-3551,EQ-03551,combustion,,826.64,,2025,6
Activité E&P,AST,HBR,OF,Equipment-3552,EQ-03552,flaring,Fuel Gas,7313.87,gal,2025,4
Activité E&P,DP,GTL,GF,Equipment-3553,EQ-03553,combustion,Propane,8834.33,gal,2022,2
Activité LQS,LSH,GP1Z,GPL,Equipment-3554,EQ-03554,combustion,Natural Gas,8471.4,scf,2024,5
Activité LQS,LSH,GL3Z,GNL,Equipment-3555,EQ-03555,drilling,,3109.49,,2023,11
Activité LQS,LSH,GL1K,GNL,Equipment-3556,EQ-03556,combustion,Diesel,6191.16,gal,2023,9
Activité E&P,AST,GSS,OF,Equipment-3557,EQ-03557,combustion,Natural Gas,5527.83,scf,2025,2
Activité E&P,AST,BRS,OF,Equipment-3558,EQ-03558,combustion,Propane,4180.7,gal,2023,5
Activité E&P,DP,STAH,OF,Equipment-3559,EQ-03559,fugitive,,4342.42,,2023,3
Activité RPC,PEC,CP1Z,Pétrochimie,Equipment-3560,EQ-03560,combustion,Fuel Gas,2070.18,gal,2025,10
Activité E&P,DP,HMD,OF,Equipment-3561,EQ-03561,fugitive,,1827.2,,2025,7
Activité E&P,AST,REGGANE,GF,Equipment-3562,EQ-03562,combustion,,4349.83,,2024,9
Activité E&P,DP,HRM,GF,Equipment-3563,EQ-03563,drilling,,210.31,,2023,1
Activité E&P,DP,HRM,GF,Equipment-3564,EQ-03564,fugitive,,3866.83,,2025,6
Activité RPC,RAF,RA1A,Raffinerie,Equipment-3565,EQ-03565,venting,,9918.17,,2023,9
Activité LQS,LSH,GP2Z,GPL,Equipment-3566,EQ-03566,combustion,Propane,7845.48,gal,2022,10
Activité E&P,AST,REGGANE,GF,Equipment-3567,EQ-03567,combustion,Diesel,1425.15,gal,2023,6
Activité E&P,AST,INA,GF,Equipment-3568,EQ-03568,venting,,2448.44,,2024,12
Activité E&P,DP,GTL,GF,Equipment-3569,EQ-03569,drilling,,7196.09,,2023,1
Activité E&P,DP,OHT,GF,Equipment-3570,EQ-03570,flaring,Fuel Gas,2258.66,gal,2023,12
Activité RPC,RAF,RA1K,Raffinerie,Equipment-3571,EQ-03571,venting,,1612.26,,2023,8
Activité E&P,DP,TFT,GF,Equipment-3572,EQ-03572,flaring,Fuel Gas,7353.29,gal,2025,10
Activité E&P,AST,GTG,GF,Equipment-3573,EQ-03573,combustion,Diesel,3663.6,gal,2022,4
Activité E&P,DP,HBK,GF,Equipment-3574,EQ-03574,flaring,,3366.86,,2022,6
Activité E&P,AST,MLN,OF,Equipment-3575,EQ-03575,flaring,,7127.94,,2022,6
Activité E&P,DP,REB,OF,Equipment-3576,EQ-03576,venting,,380.16,,2023,7
Activité LQS,LSH,GL3Z,GNL,Equipment-3577,EQ-03577,combustion,Propane,3214.7,gal,2023,10
Activité E&P,DP,TFT,GF,Equipment-3578,EQ-03578,fugitive,,1814.47,,2022,3
Activité E&P,AST,RKF,OF,Equipment-3579,EQ-03579,drilling,,1166.37,,2025,12
Activité E&P,DP,HRM,GF,Equipment-3580,EQ-03580,fugitive,,1322.94,,2022,3
Activité LQS,LSH,GL3Z,GNL,Equipment-3581,EQ-03581,fugitive,,4858.57,,2024,2
Activité LQS,LSH,GL1Z,GNL,Equipment-3582,EQ-03582,fugitive,,3934.51,,2025,11
Activité E&P,AST,BMS,OF,Equipment-3583,EQ-03583,fugitive,,4516.92,,2023,10
Activité E&P,AST,GSS,OF,Equipment-3584,EQ-03584,fugitive,,2114.11,,2024,11
Activité E&P,AST,HBR,OF,Equipment-3585,EQ-03585,flaring,Diesel,359.92,gal,2023,8
Activité E&P,DP,REB,OF,Equipment-3586,EQ-03586,combustion,Diesel,914.82,gal,2022,7
Activité E&P,AST,G SH-ENI,OF,Equipment-3587,EQ-03587,flaring,Natural Gas,6949.14,scf,2025,3
Activité RPC,RAF,RA1K,Raffinerie,Equipment-3588,EQ-03588,drilling,,1477.23,,2024,11
Activité E&P,DP,HMD,OF,Equipment-3589,EQ-03589,venting,,4649.26,,2024,4
Activité E&P,DP,REB,OF,Equipment-3590,EQ-03590,drilling,,5376.6,,2023,7
Activité E&P,AST,HBR,OF,Equipment-3591,EQ-03591,combustion,Natural Gas,5347.08,scf,2022,10
Activité E&P,AST,REGGANE,GF,Equipment-3592,EQ-03592,venting,,653.11,,2022,4
Activité E&P,AST,G SH-ENI,OF,Equipment-3593,EQ-03593,fugitive,,9624.11,,2024,7
Activité E&P,DP,GTL,GF,Equipment-3594,EQ-03594,venting,,5283.71,,2025,3
Activité E&P,DP,OHT,GF,Equipment-3595,EQ-03595,flaring,Propane,913.62,gal,2022,11
Activité E&P,AST,G SH-ENI,OF,Equipment-3596,EQ-03596,flaring,Propane,2579.61,gal,2025,6
Activité RPC,PEC,CP1Z,Pétrochimie,Equipment-3597,EQ-03597,drilling,,5351.63,,2022,2
Activité E&P,AST,INA,GF,Equipment-3598,EQ-03598,drilling,,8116.42,,2024,7
Activité E&P,AST,GTIM,GF,Equipment-3599,EQ-03599,fugitive,,7327.57,,2024,8
Activité LQS,LSH,GL3Z,GNL,Equipment-3600,EQ-03600,flaring,,7348.78,,2022,5
Activité E&P,AST,GTG,GF,Equipment-3601,EQ-03601,drilling,,7873.38,,2023,7
Activité E&P,AST,RKF,OF,Equipment-3602,EQ-03602,flaring,Diesel,8933.91,gal,2022,11
Activité E&P,AST,MLN,OF,Equipment-3603,EQ-03603,drilling,,1223.27,,2024,4
Activité E&P,DP,STAH,OF,Equipment-3604,EQ-03604,flaring,Propane,7934.28,gal,2025,5
Activité E&P,AST,RKF,OF,Equipment-3605,EQ-03605,venting,,3289.63,,2023,10
Activité E&P,AST,INA,GF,Equipment-3606,EQ-03606,flaring,Propane,1538.54,gal,2022,3
Activité E&P,AST,HBR,OF,Equipment-3607,EQ-03607,flaring,Fuel Gas,3883.26,gal,2025,10
Activité RPC,PEC,CP1Z,Pétrochimie,Equipment-3608,EQ-03608,venting,,1705.26,,2025,5
Activité E&P,DP,GTL,GF,Equipment-3609,EQ-03609,fugitive,,3929.93,,2024,6
Activité E&P,AST,GSS,OF,Equipment-3610,EQ-03610,combustion,Propane,1861.47,gal,2025,5
Activité E&P,DP,INAS,GF,Equipment-3611,EQ-03611,combustion,Fuel Gas,3038.22,gal,2023,8
Activité LQS,LSH,GL2Z,GNL,Equipment-3612,EQ-03612,venting,,5799.39,,2023,8
Activité LQS,LSH,GL1K,GNL,Equipment-3613,EQ-03613,combustion,,8683.81,,2022,3
Activité E&P,DP,TFT,GF,Equipment-3614,EQ-03614,fugitive,,3464.7,,2024,12
Activité E&P,AST,OURHOUD,OF,Equipment-3615,EQ-03615,venting,,4532.52,,2025,3
Activité RPC,PEC,CPEK,Pétrochimie,Equipment-3616,EQ-03616,combustion,Propane,8826.03,gal,2024,7
Activité E&P,AST,BMS,OF,Equipment-3617,EQ-03617,flaring,,2704.68,,2022,9
Activité E&P,AST,INA,GF,Equipment-3618,EQ-03618,combustion,Natural Gas,6042.59,scf,2023,12
Activité E&P,AST,SH-FCP MLE,GF,Equipment-3619,EQ-03619,flaring,Propane,4177.78,gal,2025,9
Activité LQS,LSH,GL3Z,GNL,Equipment-3620,EQ-03620,flaring,Fuel Gas,9640.55,gal,2025,1
Activité E&P,AST,OURHOUD,OF,Equipment-3621,EQ-03621,venting,,5107.42,,2022,10
Activité RPC,RAF,RA1Z,Raffinerie,Equipment-3622,EQ-03622,venting,,3988.45,,2024,6
Activité E&P,AST,BRS,OF,Equipment-3623,EQ-03623,drilling,,3849.94,,2024,2
Activité E&P,AST,GTIM,GF,Equipment-3624,EQ-03624,venting,,5557.88,,2024,6
Activité E&P,AST,HBR,OF,Equipment-3625,EQ-03625,venting,,5406.43,,2025,10
Activité E&P,AST,GTFT,GF,Equipment-3626,EQ-03626,drilling,,8954.17,,2023,4
Activité E&P,DP,HRM,GF,Equipment-3627,EQ-03627,combustion,Propane,3234.49,gal,2025,8
Activité LQS,LSH,GL1K,GNL,Equipment-3628,EQ-03628,venting,,3569.72,,2025,9
Activité RPC,PEC,CP1Z,Pétrochimie,Equipment-3629,EQ-03629,fugitive,,6491.8,,2025,11
Activité E&P,AST,GSS,OF,Equipment-3630,EQ-03630,drilling,,3118.39,,2023,7
Activité E&P,DP,HRM,GF,Equipment-3631,EQ-03631,drilling,,8033.26,,2022,8
Activité LQS,LSH,GP2Z,GPL,Equipment-3632,EQ-03632,drilling,,4686.33,,2024,11
Activité E&P,AST,MLN,OF,Equipment-3633,EQ-03633,flaring,,4702.75,,2022,8
Activité E&P,AST,GB,OF,Equipment-3634,EQ-03634,flaring,Fuel Gas,1544.84,gal,2024,2
Activité E&P,AST,INA,GF,Equipment-3635,EQ-03635,venting,,4275.93,,2023,11
Activité E&P,AST,OURHOUD,OF,Equipment-3636,EQ-03636,flaring,,7160.41,,2023,8
Activité E&P,AST,RKF,OF,Equipment-3637,EQ-03637,combustion,,1860.35,,2025,8
Activité E&P,DP,INAS,GF,Equipment-3638,EQ-03638,drilling,,4002.95,,2025,1
Activité LQS,LSH,GP2Z,GPL,Equipment-3639,EQ-03639,fugitive,,3457.37,,2024,8
Activité RPC,PEC,CP1Z,Pétrochimie,Equipment-3640,EQ-03640,flaring,Propane,6655.91,gal,2025,9
Activité E&P,DP,HMD,OF,Equipment-3641,EQ-03641,venting,,1873.62,,2024,5
Activité E&P,AST,BMS,OF,Equipment-3642,EQ-03642,venting,,1719.07,,2023,8
Activité E&P,AST,HBR,OF,Equipment-3643,EQ-03643,venting,,4032.39,,2025,10
Activité E&P,AST,REGGANE,GF,Equipment-3644,EQ-03644,combustion,Fuel Gas,9601.13,gal,2023,4
Activité LQS,LSH,GP2Z,GPL,Equipment-3645,EQ-03645,venting,,9620.05,,2024,3
Activité E&P,AST,RKF,OF,Equipment-3646,EQ-03646,fugitive,,7157.54,,2023,12
Activité RPC,PEC,CPEK,Pétrochimie,Equipment-3647,EQ-03647,combustion,Diesel,5873.83,gal,2025,1
Activité E&P,AST,REGGANE,GF,Equipment-3648,EQ-03648,drilling,,4433.59,,2024,6
Activité E&P,AST,GTG,GF,Equipment-3649,EQ-03649,combustion,Diesel,7680.29,gal,2025,6
Activité LQS,LSH,GL1K,GNL,Equipment-3650,EQ-03650,venting,,1077.3,,2024,5
Activité E&P,AST,GTIM,GF,Equipment-3651,EQ-03651,flaring,Propane,2782.9,gal,2025,6
Activité E&P,AST,GTIM,GF,Equipment-3652,EQ-03652,venting,,5183.53,,2025,6
Activité E&P,AST,RKF,OF,Equipment-3653,EQ-03653,flaring,Diesel,6632.06,gal,2022,7
Activité E&P,AST,GTG,GF,Equipment-3654,EQ-03654,combustion,Fuel Gas,8481.05,gal,2025,12
Activité LQS,LSH,GP2Z,GPL,Equipment-3655,EQ-03655,venting,,4266.48,,2024,7
Activité E&P,AST,GB,OF,Equipment-3656,EQ-03656,fugitive,,7972.09,,2023,3
Activité LQS,LSH,GL1Z,GNL,Equipment-3657,EQ-03657,flaring,Diesel,5528.73,gal,2022,10
Activité E&P,AST,HBR,OF,Equipment-3658,EQ-03658,fugitive,,8515.82,,2022,1
Activité E&P,DP,INAS,GF,Equipment-3659,EQ-03659,flaring,Natural Gas,7276.58,scf,2022,11
Activité E&P,AST,G SH-ENI,OF,Equipment-3660,EQ-03660,combustion,Diesel,2416.73,gal,2022,10
Activité LQS,LSH,GL1K,GNL,Equipment-3661,EQ-03661,flaring,Natural Gas,7857.74,scf,2025,12
Activité RPC,RAF,RA1Z,Raffinerie,Equipment-3662,EQ-03662,drilling,,6005.98,,2022,10
Activité E&P,DP,TFT,GF,Equipment-3663,EQ-03663,flaring,,2193.33,,2023,12
Activité RPC,RAF,RA1G,Raffinerie,Equipment-3664,EQ-03664,venting,,1950.32,,2023,6
Activité E&P,AST,G SH-ENI,OF,Equipment-3665,EQ-03665,flaring,Propane,9832.24,gal,2022,1
Activité E&P,AST,GSS,OF,Equipment-3666,EQ-03666,fugitive,,5784.78,,2023,3
Activité E&P,DP,HMD,OF,Equipment-3667,EQ-03667,fugitive,,1101.35,,2022,5
Activité E&P,DP,OHT,GF,Equipment-3668,EQ-03668,fugitive,,3997.11,,2022,11
Activité E&P,AST,GTG,GF,Equipment-3669,EQ-03669,fugitive,,5462.41,,2025,7
Activité RPC,RAF,RA1K,Raffinerie,Equipment-3670,EQ-03670,flaring,Propane,6056.47,gal,2024,9
Activité LQS,LSH,GL2Z,GNL,Equipment-3671,EQ-03671,flaring,Natural Gas,6798.74,scf,2022,3
Activité E&P,AST,GTFT,GF,Equipment-3672,EQ-03672,drilling,,6109.97,,2025,9
Activité E&P,DP,ADR,OF,Equipment-3673,EQ-03673,combustion,,9936.24,,2023,2
Activité E&P,DP,RNS,GF,Equipment-3674,EQ-03674,fugitive,,2703.09,,2025,4
Activité RPC,RAF,RA1A,Raffinerie,Equipment-3675,EQ-03675,combustion,Natural Gas,6427.27,scf,2025,10
Activité E&P,DP,STAH,OF,Equipment-3676,EQ-03676,drilling,,3622.84,,2024,1
Activité E&P,AST,ISG,GF,Equipment-3677,EQ-03677,fugitive,,6061.54,,2023,2
Activité RPC,RAF,RA1K,Raffinerie,Equipment-3678,EQ-03678,flaring,,3201.52,,2024,11
Activité E&P,AST,ISG,GF,Equipment-3679,EQ-03679,drilling,,8331.26,,2025,2
Activité E&P,DP,REB,OF,Equipment-3680,EQ-03680,drilling,,4817.99,,2024,10
Activité RPC,RAF,RA1G,Raffinerie,Equipment-3681,EQ-03681,fugitive,,948.29,,2025,10
Activité LQS,LSH,GP2Z,GPL,Equipment-3682,EQ-03682,fugitive,,8343.43,,2024,10
Activité LQS,LSH,GL3Z,GNL,Equipment-3683,EQ-03683,flaring,Fuel Gas,3205.31,gal,2024,7
Activité E&P,AST,G SH-ENI,OF,Equipment-3684,EQ-03684,fugitive,,7920.64,,2022,4
Activité E&P,DP,ADR,OF,Equipment-3685,EQ-03685,drilling,,4347.23,,2024,8
Activité RPC,PEC,CP1Z,Pétrochimie,Equipment-3686,EQ-03686,flaring,Diesel,5730.09,gal,2024,5
Activité LQS,LSH,GL2Z,GNL,Equipment-3687,EQ-03687,drilling,,7135.74,,2025,7
Activité E&P,AST,REGGANE,GF,Equipment-3688,EQ-03688,flaring,Propane,3158.71,gal,2024,6
Activité E&P,DP,OHT,GF,Equipment-3689,EQ-03689,combustion,Propane,8031.0,gal,2024,7
Activité E&P,DP,TFT,GF,Equipment-3690,EQ-03690,venting,,2149.55,,2022,1
Activité RPC,PEC,CP1Z,Pétrochimie,Equipment-3691,EQ-03691,drilling,,9235.56,,2025,11
Activité E&P,AST,G SH-ENI,OF,Equipment-3692,EQ-03692,drilling,,5497.95,,2024,9
Activité E&P,AST,REGGANE,GF,Equipment-3693,EQ-03693,fugitive,,370.87,,2023,4
Activité E&P,AST,GTFT,GF,Equipment-3694,EQ-03694,flaring,Diesel,7760.01,gal,2023,8
Activité E&P,AST,GTG,GF,Equipment-3695,EQ-03695,fugitive,,8889.77,,2024,1
Activité LQS,LSH,GL1K,GNL,Equipment-3696,EQ-03696,drilling,,2920.3,,2025,6
Activité E&P,DP,OHT,GF,Equipment-3697,EQ-03697,drilling,,4273.34,,2024,8
Activité E&P,DP,RNS,GF,Equipment-3698,EQ-03698,flaring,Fuel Gas,6503.88,gal,2023,1
Activité E&P,DP,INAS,GF,Equipment-3699,EQ-03699,fugitive,,5786.75,,2023,11
Activité LQS,LSH,GL1K,GNL,Equipment-3700,EQ-03700,drilling,,8014.56,,2023,11
Activité E&P,DP,REB,OF,Equipment-3701,EQ-03701,drilling,,5115.43,,2025,1
Activité LQS,LSH,GL2Z,GNL,Equipment-3702,EQ-03702,flaring,Fuel Gas,2672.96,gal,2022,3
Activité E&P,AST,INA,GF,Equipment-3703,EQ-03703,combustion,Propane,6774.08,gal,2024,3
Activité E&P,AST,RKF,OF,Equipment-3704,EQ-03704,combustion,Propane,492.23,gal,2022,10
Activité E&P,AST,RKF,OF,Equipment-3705,EQ-03705,fugitive,,8695.47,,2023,1
Activité RPC,PEC,CP1Z,Pétrochimie,Equipment-3706,EQ-03706,combustion,,3411.87,,2022,2
Activité E&P,DP,HRM,GF,Equipment-3707,EQ-03707,combustion,Natural Gas,1289.91,scf,2025,6
Activité E&P,AST,ISG,GF,Equipment-3708,EQ-03708,drilling,,5181.04,,2022,7
Activité RPC,PEC,CPEK,Pétrochimie,Equipment-3709,EQ-03709,flaring,Propane,942.5,gal,2023,1
Activité RPC,RAF,RA1Z,Raffinerie,Equipment-3710,EQ-03710,venting,,8317.45,,2023,1
Activité E&P,DP,TFT,GF,Equipment-3711,EQ-03711,drilling,,8741.47,,2023,4
Activité E&P,AST,SH-FCP MLE,GF,Equipment-3712,EQ-03712,venting,,7141.48,,2025,7
Activité E&P,DP,HBK,GF,Equipment-3713,EQ-03713,combustion,Natural Gas,132.26,scf,2022,3
Activité RPC,PEC,CPEK,Pétrochimie,Equipment-3714,EQ-03714,combustion,Fuel Gas,8246.85,gal,2025,4
Activité E&P,DP,REB,OF,Equipment-3715,EQ-03715,combustion,Natural Gas,4418.02,scf,2022,3
Activité E&P,AST,GTG,GF,Equipment-3716,EQ-03716,combustion,Propane,3381.04,gal,2024,11
Activité E&P,AST,BMS,OF,Equipment-3717,EQ-03717,flaring,Diesel,9206.99,gal,2022,2
Activité E&P,AST,REGGANE,GF,Equipment-3718,EQ-03718,flaring,Fuel Gas,9385.72,gal,2022,2
Activité E&P,AST,MLN,OF,Equipment-3719,EQ-03719,venting,,5533.3,,2025,1
Activité E&P,AST,BMS,OF,Equipment-3720,EQ-03720,flaring,Fuel Gas,4733.96,gal,2022,6
Activité E&P,AST,GTG,GF,Equipment-3721,EQ-03721,fugitive,,8491.94,,2024,2
Activité E&P,AST,OURHOUD,OF,Equipment-3722,EQ-03722,flaring,Propane,9685.48,gal,2024,3
Activité E&P,AST,SH-FCP MLE,GF,Equipment-3723,EQ-03723,drilling,,2018.07,,2023,1
Activité E&P,AST,GTG,GF,Equipment-3724,EQ-03724,venting,,7865.17,,2022,2
Activité E&P,AST,G SH-ENI,OF,Equipment-3725,EQ-03725,flaring,Natural Gas,8279.93,scf,2022,6
Activité LQS,LSH,GL1Z,GNL,Equipment-3726,EQ-03726,flaring,,9015.9,,2024,6
Activité E&P,AST,MLN,OF,Equipment-3727,EQ-03727,venting,,8215.6,,2022,2
Activité RPC,PEC,CP1Z,Pétrochimie,Equipment-3728,EQ-03728,fugitive,,3375.82,,2022,9
Activité E&P,DP,HBK,GF,Equipment-3729,EQ-03729,fugitive,,1323.89,,2024,9
Activité E&P,AST,GTIM,GF,Equipment-3730,EQ-03730,drilling,,553.03,,2024,7
Activité E&P,AST,BRS,OF,Equipment-3731,EQ-03731,flaring,,5942.1,,2025,8
Activité LQS,LSH,GL3Z,GNL,Equipment-3732,EQ-03732,fugitive,,1143.3,,2022,6
Activité E&P,DP,STAH,OF,Equipment-3733,EQ-03733,drilling,,2840.31,,2023,8
Activité E&P,AST,ISG,GF,Equipment-3734,EQ-03734,drilling,,7375.75,,2024,2
Activité E&P,AST,RKF,OF,Equipment-3735,EQ-03735,drilling,,6356.31,,2024,4
Activité E&P,DP,STAH,OF,Equipment-3736,EQ-03736,fugitive,,7727.96,,2023,7
Activité E&P,AST,RKF,OF,Equipment-3737,EQ-03737,drilling,,6418.34,,2025,8
Activité RPC,PEC,CPEK,Pétrochimie,Equipment-3738,EQ-03738,combustion,Diesel,3691.2,gal,2025,5
Activité RPC,RAF,RA1A,Raffinerie,Equipment-3739,EQ-03739,drilling,,6856.65,,2025,12
Activité RPC,PEC,CPEK,Pétrochimie,Equipment-3740,EQ-03740,fugitive,,9381.35,,2025,9
Activité E&P,AST,OURHOUD,OF,Equipment-3741,EQ-03741,venting,,8349.65,,2023,7
Activité E&P,AST,ISG,GF,Equipment-3742,EQ-03742,combustion,,611.4,,2023,4
Activité E&P,AST,GTFT,GF,Equipment-3743,EQ-03743,venting,,7196.99,,2024,12
Activité E&P,AST,INA,GF,Equipment-3744,EQ-03744,fugitive,,3052.01,,2023,11
Activité E&P,DP,HMD,OF,Equipment-3745,EQ-03745,drilling,,185.07,,2022,8
Activité E&P,DP,INAS,GF,Equipment-3746,EQ-03746,fugitive,,364.87,,2023,4
Activité E&P,DP,HBK,GF,Equipment-3747,EQ-03747,fugitive,,683.19,,2024,12
Activité E&P,DP,HBK,GF,Equipment-3748,EQ-03748,venting,,5233.77,,2022,2
Activité E&P,DP,TFT,GF,Equipment-3749,EQ-03749,venting,,8238.54,,2022,7
Activité E&P,AST,GTFT,GF,Equipment-3750,EQ-03750,fugitive,,3506.1,,2025,3
Activité E&P,DP,HBK,GF,Equipment-3751,EQ-03751,flaring,,9169.83,,2022,11
Activité E&P,DP,REB,OF,Equipment-3752,EQ-03752,fugitive,,725.28,,2023,5
Activité E&P,AST,REGGANE,GF,Equipment-3753,EQ-03753,fugitive,,6562.64,,2025,3
Activité RPC,RAF,RA1K,Raffinerie,Equipment-3754,EQ-03754,drilling,,4990.54,,2023,9
Activité E&P,AST,RKF,OF,Equipment-3755,EQ-03755,drilling,,6889.18,,2022,1
Activité RPC,RAF,RA1G,Raffinerie,Equipment-3756,EQ-03756,fugitive,,8810.15,,2022,1
Activité E&P,AST,G SH-ENI,OF,Equipment-3757,EQ-03757,flaring,,5905.91,,2025,5
Activité E&P,DP,TFT,GF,Equipment-3758,EQ-03758,venting,,443.61,,2025,9
Activité E&P,AST,BRS,OF,Equipment-3759,EQ-03759,flaring,,3432.17,,2024,5
Activité E&P,DP,GTL,GF,Equipment-3760,EQ-03760,fugitive,,7831.77,,2025,4
Activité E&P,DP,GTL,GF,Equipment-3761,EQ-03761,drilling,,1393.5,,2023,11
Activité RPC,RAF,RA1K,Raffinerie,Equipment-3762,EQ-03762,flaring,,9093.95,,2024,9
Activité E&P,AST,GTFT,GF,Equipment-3763,EQ-03763,flaring,Fuel Gas,2870.27,gal,2024,10
Activité E&P,AST,REGGANE,GF,Equipment-3764,EQ-03764,drilling,,5960.54,,2023,12
Activité E&P,AST,GSS,OF,Equipment-3765,EQ-03765,drilling,,5045.51,,2022,6
Activité E&P,DP,ADR,OF,Equipment-3766,EQ-03766,combustion,Natural Gas,7041.75,scf,2024,12
Activité RPC,RAF,RA1A,Raffinerie,Equipment-3767,EQ-03767,flaring,,2198.34,,2025,2
Activité LQS,LSH,GL1Z,GNL,Equipment-3768,EQ-03768,drilling,,5499.43,,2025,7
Activité E&P,AST,SH-FCP MLE,GF,Equipment-3769,EQ-03769,venting,,6163.37,,2025,2
Activité E&P,AST,SH-FCP MLE,GF,Equipment-3770,EQ-03770,fugitive,,7738.63,,2025,11
Activité E&P,AST,GTFT,GF,Equipment-3771,EQ-03771,combustion,Natural Gas,8798.17,scf,2023,4
Activité LQS,LSH,GP2Z,GPL,Equipment-3772,EQ-03772,fugitive,,8527.61,,2023,11
Activité E&P,DP,HBK,GF,Equipment-3773,EQ-03773,combustion,Diesel,531.32,gal,2023,8
Activité E&P,AST,GB,OF,Equipment-3774,EQ-03774,flaring,Diesel,1552.64,gal,2023,7
Activité E&P,AST,GTFT,GF,Equipment-3775,EQ-03775,fugitive,,6414.45,,2023,5
Activité E&P,AST,GTIM,GF,Equipment-3776,EQ-03776,fugitive,,1295.62,,2023,9
Activité RPC,RAF,RA1K,Raffinerie,Equipment-3777,EQ-03777,combustion,Natural Gas,5282.2,scf,2023,10
Activité E&P,DP,REB,OF,Equipment-3778,EQ-03778,combustion,Diesel,5619.16,gal,2022,11
Activité E&P,AST,BRS,OF,Equipment-3779,EQ-03779,fugitive,,5802.94,,2022,11
Activité E&P,AST,INA,GF,Equipment-3780,EQ-03780,fugitive,,2890.99,,2023,1
Activité E&P,AST,BRS,OF,Equipment-3781,EQ-03781,venting,,2377.15,,2023,3
Activité E&P,DP,GTL,GF,Equipment-3782,EQ-03782,venting,,1378.26,,2025,8
Activité E&P,DP,STAH,OF,Equipment-3783,EQ-03783,combustion,Natural Gas,8568.77,scf,2022,9
Activité E&P,AST,G SH-ENI,OF,Equipment-3784,EQ-03784,combustion,Fuel Gas,3545.05,gal,2022,9
Activité E&P,AST,MLN,OF,Equipment-3785,EQ-03785,venting,,3088.5,,2025,4
Activité E&P,AST,RKF,OF,Equipment-3786,EQ-03786,venting,,9689.9,,2024,12
Activité E&P,AST,GTFT,GF,Equipment-3787,EQ-03787,venting,,4907.39,,2023,4
Activité LQS,LSH,GP1Z,GPL,Equipment-3788,EQ-03788,drilling,,5227.44,,2022,2
Activité RPC,RAF,RA1G,Raffinerie,Equipment-3789,EQ-03789,flaring,,1004.99,,2023,2
Activité E&P,DP,ADR,OF,Equipment-3790,EQ-03790,fugitive,,6308.81,,2025,11
Activité RPC,RAF,RA1G,Raffinerie,Equipment-3791,EQ-03791,combustion,Natural Gas,4564.96,scf,2023,9
Activité E&P,DP,HRM,GF,Equipment-3792,EQ-03792,combustion,Propane,9574.68,gal,2022,12
Activité E&P,AST,HBR,OF,Equipment-3793,EQ-03793,combustion,Fuel Gas,2787.19,gal,2023,9
Activité RPC,RAF,RA1A,Raffinerie,Equipment-3794,EQ-03794,drilling,,2940.7,,2022,7
Activité E&P,DP,OHT,GF,Equipment-3795,EQ-03795,flaring,Natural Gas,8938.58,scf,2025,11
Activité E&P,DP,ADR,OF,Equipment-3796,EQ-03796,drilling,,6555.47,,2025,11
Activité E&P,AST,GTFT,GF,Equipment-3797,EQ-03797,combustion,,1822.34,,2025,3
Activité E&P,DP,STAH,OF,Equipment-3798,EQ-03798,fugitive,,7359.27,,2024,5
Activité E&P,DP,INAS,GF,Equipment-3799,EQ-03799,flaring,Propane,9463.96,gal,2023,7
Activité E&P,AST,GTIM,GF,Equipment-3800,EQ-03800,flaring,Propane,6327.24,gal,2025,6
Activité RPC,PEC,CPEK,Pétrochimie,Equipment-3801,EQ-03801,fugitive,,2341.16,,2024,4
Activité E&P,AST,BRS,OF,Equipment-3802,EQ-03802,venting,,9912.32,,2023,8
Activité E&P,DP,ADR,OF,Equipment-3803,EQ-03803,venting,,2830.65,,2025,2
Activité RPC,RAF,RA1A,Raffinerie,Equipment-3804,EQ-03804,fugitive,,3925.09,,2023,5
Activité E&P,DP,REB,OF,Equipment-3805,EQ-03805,fugitive,,6966.65,,2025,2
Activité LQS,LSH,GL1Z,GNL,Equipment-3806,EQ-03806,fugitive,,7832.17,,2023,4
Activité E&P,AST,BRS,OF,Equipment-3807,EQ-03807,drilling,,348.03,,2022,6
Activité E&P,DP,TFT,GF,Equipment-3808,EQ-03808,fugitive,,4111.03,,2022,2
Activité RPC,RAF,RA1G,Raffinerie,Equipment-3809,EQ-03809,fugitive,,291.85,,2024,11
Activité RPC,RAF,RA1K,Raffinerie,Equipment-3810,EQ-03810,drilling,,3649.79,,2025,10
Activité RPC,RAF,RA1G,Raffinerie,Equipment-3811,EQ-03811,fugitive,,4407.73,,2024,10
Activité E&P,DP,ADR,OF,Equipment-3812,EQ-03812,drilling,,8905.37,,2023,3
Activité E&P,AST,REGGANE,GF,Equipment-3813,EQ-03813,flaring,Diesel,3173.88,gal,2025,7
Activité E&P,DP,HMD,OF,Equipment-3814,EQ-03814,combustion,Natural Gas,7486.22,scf,2022,7
Activité E&P,AST,RKF,OF,Equipment-3815,EQ-03815,drilling,,9437.12,,2022,11
Activité E&P,DP,REB,OF,Equipment-3816,EQ-03816,combustion,Natural Gas,3574.27,scf,2024,4
Activité E&P,DP,TFT,GF,Equipment-3817,EQ-03817,drilling,,1174.32,,2023,11
Activité LQS,LSH,GP2Z,GPL,Equipment-3818,EQ-03818,fugitive,,6212.99,,2024,5
Activité RPC,RAF,RA1Z,Raffinerie,Equipment-3819,EQ-03819,drilling,,5524.85,,2024,6
Activité E&P,DP,GTL,GF,Equipment-3820,EQ-03820,drilling,,5041.12,,2022,12
Activité E&P,AST,RKF,OF,Equipment-3821,EQ-03821,drilling,,8459.12,,2025,8
Activité E&P,AST,GB,OF,Equipment-3822,EQ-03822,flaring,Propane,306.4,gal,2024,6
Activité RPC,RAF,RA1K,Raffinerie,Equipment-3823,EQ-03823,combustion,Propane,4254.26,gal,2022,9
Activité E&P,AST,SH-FCP MLE,GF,Equipment-3824,EQ-03824,flaring,Fuel Gas,4524.74,gal,2024,6
Activité E&P,AST,RKF,OF,Equipment-3825,EQ-03825,fugitive,,4977.9,,2024,2
Activité RPC,PEC,CPEK,Pétrochimie,Equipment-3826,EQ-03826,fugitive,,1807.1,,2023,11
Activité E&P,AST,MLN,OF,Equipment-3827,EQ-03827,flaring,Fuel Gas,2501.7,gal,2025,5
Activité E&P,AST,MLN,OF,Equipment-3828,EQ-03828,drilling,,1666.53,,2024,3
Activité E&P,AST,BRS,OF,Equipment-3829,EQ-03829,venting,,3468.39,,2024,4
Activité E&P,AST,GTIM,GF,Equipment-3830,EQ-03830,combustion,,4996.73,,2024,2
Activité E&P,AST,GTIM,GF,Equipment-3831,EQ-03831,fugitive,,89.83,,2024,12
Activité LQS,LSH,GL1Z,GNL,Equipment-3832,EQ-03832,combustion,Propane,3581.65,gal,2023,9
Activité E&P,AST,HBR,OF,Equipment-3833,EQ-03833,fugitive,,3610.75,,2024,1
Activité E&P,AST,GTIM,GF,Equipment-3834,EQ-03834,combustion,Propane,5637.77,gal,2023,5
Activité E&P,AST,BRS,OF,Equipment-3835,EQ-03835,venting,,2253.07,,2023,9
Activité E&P,DP,HRM,GF,Equipment-3836,EQ-03836,fugitive,,3800.23,,2023,3
Activité E&P,AST,GTG,GF,Equipment-3837,EQ-03837,combustion,Fuel Gas,3211.59,gal,2024,10
Activité E&P,AST,INA,GF,Equipment-3838,EQ-03838,drilling,,6000.77,,2025,2
Activité E&P,DP,OHT,GF,Equipment-3839,EQ-03839,drilling,,1600.7,,2023,6
Activité RPC,RAF,RA1A,Raffinerie,Equipment-3840,EQ-03840,venting,,9064.44,,2023,4
Activité RPC,PEC,CPEK,Pétrochimie,Equipment-3841,EQ-03841,combustion,Propane,5200.59,gal,2022,11
Activité E&P,DP,OHT,GF,Equipment-3842,EQ-03842,combustion,Diesel,312.23,gal,2025,1
Activité E&P,AST,SH-FCP MLE,GF,Equipment-3843,EQ-03843,combustion,Propane,4234.68,gal,2023,12
Activité E&P,AST,GTG,GF,Equipment-3844,EQ-03844,venting,,7795.29,,2025,3
Activité E&P,AST,GTFT,GF,Equipment-3845,EQ-03845,flaring,Fuel Gas,9500.12,gal,2022,12
Activité LQS,LSH,GP1Z,GPL,Equipment-3846,EQ-03846,combustion,Natural Gas,3266.86,scf,2022,6
Activité E&P,AST,REGGANE,GF,Equipment-3847,EQ-03847,fugitive,,6454.83,,2022,11
Activité E&P,DP,ADR,OF,Equipment-3848,EQ-03848,venting,,1803.35,,2023,6
Activité E&P,AST,SH-FCP MLE,GF,Equipment-3849,EQ-03849,venting,,1340.45,,2025,10
Activité E&P,DP,REB,OF,Equipment-3850,EQ-03850,fugitive,,891.51,,2025,2
Activité E&P,AST,INA,GF,Equipment-3851,EQ-03851,fugitive,,7701.63,,2025,5
Activité E&P,DP,STAH,OF,Equipment-3852,EQ-03852,combustion,,2988.29,,2025,7
Activité E&P,AST,GTG,GF,Equipment-3853,EQ-03853,venting,,2437.12,,2025,2
Activité E&P,DP,GTL,GF,Equipment-3854,EQ-03854,venting,,6958.49,,2024,8
Activité E&P,DP,REB,OF,Equipment-3855,EQ-03855,venting,,486.36,,2022,3
Activité E&P,AST,GTFT,GF,Equipment-3856,EQ-03856,fugitive,,1603.75,,2023,6
Activité E&P,DP,HMD,OF,Equipment-3857,EQ-03857,flaring,Natural Gas,9841.68,scf,2025,7
Activité E&P,AST,GSS,OF,Equipment-3858,EQ-03858,fugitive,,7315.86,,2022,4
Activité E&P,AST,INA,GF,Equipment-3859,EQ-03859,fugitive,,3488.1,,2024,2
Activité LQS,LSH,GL3Z,GNL,Equipment-3860,EQ-03860,venting,,137.24,,2024,6
Activité E&P,AST,REGGANE,GF,Equipment-3861,EQ-03861,venting,,3620.12,,2022,1
Activité E&P,AST,HBR,OF,Equipment-3862,EQ-03862,combustion,Diesel,6760.6,gal,2024,10
Activité E&P,AST,GTFT,GF,Equipment-3863,EQ-03863,fugitive,,7297.34,,2024,3
Activité E&P,AST,GTIM,GF,Equipment-3864,EQ-03864,drilling,,7376.26,,2025,11
Activité E&P,AST,GTIM,GF,Equipment-3865,EQ-03865,combustion,Natural Gas,4079.67,scf,2023,7
Activité E&P,AST,GSS,OF,Equipment-3866,EQ-03866,flaring,Fuel Gas,3663.78,gal,2025,1
Activité LQS,LSH,GL2Z,GNL,Equipment-3867,EQ-03867,fugitive,,7106.44,,2025,1
Activité LQS,LSH,GP1Z,GPL,Equipment-3868,EQ-03868,fugitive,,1105.55,,2022,7
Activité E&P,AST,G SH-ENI,OF,Equipment-3869,EQ-03869,flaring,,3815.77,,2024,5
Activité E&P,DP,HBK,GF,Equipment-3870,EQ-03870,combustion,Diesel,8416.9,gal,2022,11
Activité E&P,AST,REGGANE,GF,Equipment-3871,EQ-03871,flaring,Natural Gas,599.14,scf,2025,11
Activité E&P,DP,HBK,GF,Equipment-3872,EQ-03872,drilling,,6012.83,,2022,9
Activité E&P,DP,OHT,GF,Equipment-3873,EQ-03873,fugitive,,6879.45,,2025,12
Activité E&P,DP,RNS,GF,Equipment-3874,EQ-03874,fugitive,,7473.9,,2025,8
Activité RPC,RAF,RA1Z,Raffinerie,Equipment-3875,EQ-03875,flaring,Propane,7530.1,gal,2025,6
Activité LQS,LSH,GL1K,GNL,Equipment-3876,EQ-03876,combustion,,9485.47,,2025,10
Activité RPC,PEC,CPEK,Pétrochimie,Equipment-3877,EQ-03877,fugitive,,2535.31,,2022,8
Activité E&P,AST,GTG,GF,Equipment-3878,EQ-03878,drilling,,3466.99,,2022,10
Activité E&P,DP,TFT,GF,Equipment-3879,EQ-03879,venting,,4866.47,,2025,6
Activité E&P,AST,BMS,OF,Equipment-3880,EQ-03880,venting,,603.66,,2025,10
Activité E&P,AST,REGGANE,GF,Equipment-3881,EQ-03881,fugitive,,8032.86,,2023,6
Activité E&P,DP,TFT,GF,Equipment-3882,EQ-03882,drilling,,6365.05,,2023,6
Activité E&P,AST,GSS,OF,Equipment-3883,EQ-03883,venting,,1828.46,,2023,5
Activité E&P,DP,OHT,GF,Equipment-3884,EQ-03884,drilling,,3652.8,,2025,11
Activité E&P,AST,RKF,OF,Equipment-3885,EQ-03885,drilling,,8912.16,,2025,8
Activité E&P,AST,GTIM,GF,Equipment-3886,EQ-03886,fugitive,,7237.89,,2022,1
Activité E&P,AST,BMS,OF,Equipment-3887,EQ-03887,fugitive,,2824.43,,2023,1
Activité E&P,DP,INAS,GF,Equipment-3888,EQ-03888,venting,,4650.52,,2022,5
Activité E&P,DP,STAH,OF,Equipment-3889,EQ-03889,venting,,7910.6,,2025,10
Activité E&P,DP,HRM,GF,Equipment-3890,EQ-03890,venting,,3458.28,,2025,1
Activité E&P,DP,HBK,GF,Equipment-3891,EQ-03891,fugitive,,3224.55,,2023,5
Activité E&P,DP,HMD,OF,Equipment-3892,EQ-03892,combustion,Diesel,6992.76,gal,2023,5
Activité E&P,DP,INAS,GF,Equipment-3893,EQ-03893,fugitive,,7939.57,,2022,7
Activité LQS,LSH,GL2Z,GNL,Equipment-3894,EQ-03894,venting,,8631.45,,2024,2
Activité E&P,DP,INAS,GF,Equipment-3895,EQ-03895,fugitive,,7993.46,,2024,7
Activité LQS,LSH,GL1K,GNL,Equipment-3896,EQ-03896,fugitive,,3827.37,,2023,9
Activité E&P,DP,GTL,GF,Equipment-3897,EQ-03897,venting,,8832.18,,2024,4
Activité E&P,AST,GSS,OF,Equipment-3898,EQ-03898,combustion,Diesel,9431.32,gal,2025,7
Activité LQS,LSH,GL3Z,GNL,Equipment-3899,EQ-03899,fugitive,,2055.79,,2023,12
Activité RPC,RAF,RA1G,Raffinerie,Equipment-3900,EQ-03900,fugitive,,5626.29,,2024,7
Activité E&P,DP,HBK,GF,Equipment-3901,EQ-03901,venting,,5989.92,,2024,12
Activité E&P,AST,ISG,GF,Equipment-3902,EQ-03902,drilling,,2591.02,,2025,12
Activité E&P,AST,BMS,OF,Equipment-3903,EQ-03903,combustion,Natural Gas,872.27,scf,2024,3
Activité E&P,AST,G SH-ENI,OF,Equipment-3904,EQ-03904,combustion,Diesel,6570.15,gal,2022,9
Activité LQS,LSH,GP1Z,GPL,Equipment-3905,EQ-03905,combustion,Fuel Gas,5932.2,gal,2022,1
Activité E&P,DP,TFT,GF,Equipment-3906,EQ-03906,combustion,Propane,7212.98,gal,2024,7
Activité LQS,LSH,GP1Z,GPL,Equipment-3907,EQ-03907,drilling,,6946.72,,2023,7
Activité E&P,DP,ADR,OF,Equipment-3908,EQ-03908,flaring,Propane,493.92,gal,2022,4
Activité RPC,RAF,RA1K,Raffinerie,Equipment-3909,EQ-03909,combustion,Diesel,3426.36,gal,2023,9
Activité LQS,LSH,GP1Z,GPL,Equipment-3910,EQ-03910,drilling,,5135.31,,2024,2
Activité RPC,RAF,RA1G,Raffinerie,Equipment-3911,EQ-03911,fugitive,,1559.28,,2022,12
Activité E&P,AST,G SH-ENI,OF,Equipment-3912,EQ-03912,drilling,,9960.13,,2023,4
Activité LQS,LSH,GL1Z,GNL,Equipment-3913,EQ-03913,venting,,3058.82,,2022,1
Activité E&P,DP,HBK,GF,Equipment-3914,EQ-03914,fugitive,,3336.81,,2023,12
Activité E&P,DP,OHT,GF,Equipment-3915,EQ-03915,flaring,Fuel Gas,9780.6,gal,2024,8
Activité E&P,DP,HBK,GF,Equipment-3916,EQ-03916,combustion,Propane,8857.92,gal,2023,1
Activité E&P,DP,HRM,GF,Equipment-3917,EQ-03917,venting,,4709.3,,2023,4
Activité E&P,AST,GB,OF,Equipment-3918,EQ-03918,combustion,Fuel Gas,8388.0,gal,2022,6
Activité E&P,AST,OURHOUD,OF,Equipment-3919,EQ-03919,fugitive,,7890.06,,2024,12
Activité E&P,AST,BRS,OF,Equipment-3920,EQ-03920,flaring,Natural Gas,8516.1,scf,2025,5
Activité E&P,AST,MLN,OF,Equipment-3921,EQ-03921,drilling,,6850.19,,2022,12
Activité E&P,AST,INA,GF,Equipment-3922,EQ-03922,fugitive,,3846.92,,2025,3
Activité E&P,AST,GTIM,GF,Equipment-3923,EQ-03923,venting,,6394.03,,2024,8
Activité E&P,AST,REGGANE,GF,Equipment-3924,EQ-03924,venting,,4150.98,,2022,9
Activité E&P,AST,GTG,GF,Equipment-3925,EQ-03925,venting,,6022.92,,2024,3
Activité E&P,DP,RNS,GF,Equipment-3926,EQ-03926,flaring,Natural Gas,7566.77,scf,2023,10
Activité E&P,DP,ADR,OF,Equipment-3927,EQ-03927,flaring,Natural Gas,9968.56,scf,2023,8
Activité E&P,AST,ISG,GF,Equipment-3928,EQ-03928,venting,,7821.88,,2024,10
Activité RPC,PEC,CPEK,Pétrochimie,Equipment-3929,EQ-03929,drilling,,1993.64,,2023,10
Activité E&P,DP,ADR,OF,Equipment-3930,EQ-03930,fugitive,,1103.88,,2024,12
Activité LQS,LSH,GL1Z,GNL,Equipment-3931,EQ-03931,fugitive,,9851.89,,2023,3
Activité E&P,AST,GTG,GF,Equipment-3932,EQ-03932,fugitive,,9421.32,,2023,5
Activité E&P,DP,STAH,OF,Equipment-3933,EQ-03933,venting,,5716.86,,2024,8
Activité LQS,LSH,GP2Z,GPL,Equipment-3934,EQ-03934,flaring,Diesel,3855.99,gal,2024,6
Activité E&P,AST,HBR,OF,Equipment-3935,EQ-03935,flaring,Propane,7333.04,gal,2024,6
Activité E&P,AST,RKF,OF,Equipment-3936,EQ-03936,fugitive,,25.11,,2024,2
Activité E&P,DP,STAH,OF,Equipment-3937,EQ-03937,fugitive,,6426.36,,2024,11
Activité E&P,AST,MLN,OF,Equipment-3938,EQ-03938,venting,,7993.24,,2022,8
Activité RPC,RAF,RA1G,Raffinerie,Equipment-3939,EQ-03939,venting,,434.99,,2025,11
Activité E&P,DP,STAH,OF,Equipment-3940,EQ-03940,fugitive,,2433.31,,2024,10
Activité RPC,RAF,RA1K,Raffinerie,Equipment-3941,EQ-03941,fugitive,,9489.21,,2023,6
Activité RPC,RAF,RA1A,Raffinerie,Equipment-3942,EQ-03942,combustion,Diesel,1166.47,gal,2022,3
Activité E&P,AST,RKF,OF,Equipment-3943,EQ-03943,venting,,2477.21,,2024,1
Activité E&P,AST,GTFT,GF,Equipment-3944,EQ-03944,fugitive,,8159.37,,2025,3
Activité E&P,AST,INA,GF,Equipment-3945,EQ-03945,combustion,Propane,9458.7,gal,2023,9
Activité E&P,DP,RNS,GF,Equipment-3946,EQ-03946,flaring,Propane,4973.45,gal,2024,12
Activité E&P,AST,GTIM,GF,Equipment-3947,EQ-03947,venting,,6835.33,,2025,9
Activité E&P,AST,GTFT,GF,Equipment-3948,EQ-03948,drilling,,3896.91,,2025,3
Activité RPC,RAF,RA1K,Raffinerie,Equipment-3949,EQ-03949,combustion,Diesel,5342.16,gal,2022,7
Activité E&P,DP,RNS,GF,Equipment-3950,EQ-03950,drilling,,970.28,,2024,8
Activité E&P,AST,BMS,OF,Equipment-3951,EQ-03951,flaring,Fuel Gas,1910.67,gal,2022,8
Activité E&P,AST,OURHOUD,OF,Equipment-3952,EQ-03952,flaring,,436.14,,2024,12
Activité RPC,RAF,RA1A,Raffinerie,Equipment-3953,EQ-03953,fugitive,,5692.42,,2025,9
Activité RPC,RAF,RA1K,Raffinerie,Equipment-3954,EQ-03954,flaring,Diesel,2543.32,gal,2024,2
Activité E&P,AST,INA,GF,Equipment-3955,EQ-03955,flaring,Natural Gas,8101.85,scf,2022,11
Activité LQS,LSH,GL2Z,GNL,Equipment-3956,EQ-03956,flaring,,2877.05,,2022,6
Activité E&P,AST,OURHOUD,OF,Equipment-3957,EQ-03957,drilling,,7202.25,,2024,10
Activité LQS,LSH,GL1Z,GNL,Equipment-3958,EQ-03958,flaring,Propane,8900.79,gal,2023,7
Activité RPC,PEC,CPEK,Pétrochimie,Equipment-3959,EQ-03959,combustion,,6497.97,,2022,8
Activité LQS,LSH,GP1Z,GPL,Equipment-3960,EQ-03960,flaring,Diesel,7563.51,gal,2025,12
Activité E&P,AST,RKF,OF,Equipment-3961,EQ-03961,flaring,Diesel,1307.13,gal,2025,6
Activité E&P,AST,BRS,OF,Equipment-3962,EQ-03962,venting,,3249.14,,2023,3
Activité E&P,AST,REGGANE,GF,Equipment-3963,EQ-03963,fugitive,,9186.92,,2023,8
Activité E&P,AST,GTFT,GF,Equipment-3964,EQ-03964,drilling,,7694.26,,2023,7
Activité E&P,DP,TFT,GF,Equipment-3965,EQ-03965,drilling,,8098.29,,2022,7
Activité LQS,LSH,GL3Z,GNL,Equipment-3966,EQ-03966,drilling,,7998.5,,2024,6
Activité RPC,RAF,RA1A,Raffinerie,Equipment-3967,EQ-03967,venting,,3157.31,,2022,6
Activité RPC,PEC,CPEK,Pétrochimie,Equipment-3968,EQ-03968,drilling,,9885.5,,2023,1
Activité RPC,PEC,CPEK,Pétrochimie,Equipment-3969,EQ-03969,combustion,Diesel,3759.41,gal,2022,3
Activité E&P,AST,REGGANE,GF,Equipment-3970,EQ-03970,drilling,,3834.11,,2024,10
Activité E&P,AST,ISG,GF,Equipment-3971,EQ-03971,venting,,944.29,,2024,4
Activité E&P,AST,ISG,GF,Equipment-3972,EQ-03972,flaring,Fuel Gas,5323.74,gal,2023,12
Activité E&P,AST,BRS,OF,Equipment-3973,EQ-03973,combustion,Fuel Gas,5713.11,gal,2025,6
Activité E&P,AST,ISG,GF,Equipment-3974,EQ-03974,combustion,Fuel Gas,9125.14,gal,2022,9
Activité E&P,AST,RKF,OF,Equipment-3975,EQ-03975,fugitive,,6769.49,,2022,3
Activité LQS,LSH,GL1Z,GNL,Equipment-3976,EQ-03976,venting,,3307.43,,2023,2
Activité E&P,DP,HRM,GF,Equipment-3977,EQ-03977,fugitive,,9736.69,,2024,11
Activité LQS,LSH,GL1K,GNL,Equipment-3978,EQ-03978,combustion,Diesel,7703.52,gal,2024,3
Activité E&P,DP,REB,OF,Equipment-3979,EQ-03979,fugitive,,8405.2,,2022,6
Activité E&P,DP,RNS,GF,Equipment-3980,EQ-03980,fugitive,,3010.78,,2022,7
Activité E&P,DP,HMD,OF,Equipment-3981,EQ-03981,combustion,,1680.9,,2025,6
Activité E&P,AST,GB,OF,Equipment-3982,EQ-03982,drilling,,542.5,,2025,5
Activité E&P,DP,HRM,GF,Equipment-3983,EQ-03983,flaring,,872.48,,2024,11
Activité E&P,AST,HBR,OF,Equipment-3984,EQ-03984,drilling,,6974.69,,2025,2
Activité E&P,AST,REGGANE,GF,Equipment-3985,EQ-03985,combustion,Diesel,2088.62,gal,2024,3
Activité E&P,DP,GTL,GF,Equipment-3986,EQ-03986,combustion,Natural Gas,1125.64,scf,2025,2
Activité LQS,LSH,GP1Z,GPL,Equipment-3987,EQ-03987,flaring,Diesel,7042.98,gal,2022,12
Activité LQS,LSH,GL1K,GNL,Equipment-3988,EQ-03988,drilling,,2109.22,,2022,7
Activité E&P,AST,GB,OF,Equipment-3989,EQ-03989,flaring,Fuel Gas,3334.52,gal,2022,11
Activité E&P,AST,ISG,GF,Equipment-3990,EQ-03990,venting,,6515.03,,2022,2
Activité E&P,AST,MLN,OF,Equipment-3991,EQ-03991,drilling,,2621.76,,2023,12
Activité RPC,PEC,CP1Z,Pétrochimie,Equipment-3992,EQ-03992,drilling,,8522.54,,2022,3
Activité E&P,AST,BRS,OF,Equipment-3993,EQ-03993,venting,,1816.83,,2025,10
Activité E&P,AST,HBR,OF,Equipment-3994,EQ-03994,drilling,,3768.03,,2024,7
Activité E&P,AST,RKF,OF,Equipment-3995,EQ-03995,flaring,Fuel Gas,1947.25,gal,2022,3
Activité E&P,AST,GTIM,GF,Equipment-3996,EQ-03996,drilling,,4521.38,,2023,7
Activité RPC,PEC,CPEK,Pétrochimie,Equipment-3997,EQ-03997,combustion,,7617.48,,2025,11
Activité RPC,PEC,CPEK,Pétrochimie,Equipment-3998,EQ-03998,drilling,,7390.89,,2025,11
Activité E&P,AST,GSS,OF,Equipment-3999,EQ-03999,venting,,4748.35,,2022,6
Activité RPC,RAF,RA1G,Raffinerie,Equipment-4000,EQ-04000,fugitive,,7895.58,,2024,4
Activité RPC,RAF,RA1G,Raffinerie,Equipment-4001,EQ-04001,drilling,,375.96,,2022,11
Activité RPC,PEC,CP1Z,Pétrochimie,Equipment-4002,EQ-04002,venting,,5415.32,,2023,1
Activité LQS,LSH,GL1Z,GNL,Equipment-4003,EQ-04003,flaring,Fuel Gas,340.87,gal,2022,4
Activité E&P,AST,GTG,GF,Equipment-4004,EQ-04004,flaring,Propane,8335.1,gal,2025,4
Activité E&P,DP,HBK,GF,Equipment-4005,EQ-04005,flaring,Propane,8060.29,gal,2022,8
Activité E&P,AST,GSS,OF,Equipment-4006,EQ-04006,flaring,Diesel,820.06,gal,2025,2
Activité E&P,AST,GTIM,GF,Equipment-4007,EQ-04007,venting,,923.36,,2023,10
Activité E&P,AST,GTIM,GF,Equipment-4008,EQ-04008,combustion,Natural Gas,6226.77,scf,2024,9
Activité E&P,AST,GTFT,GF,Equipment-4009,EQ-04009,fugitive,,8552.33,,2023,9
Activité E&P,AST,OURHOUD,OF,Equipment-4010,EQ-04010,fugitive,,2516.07,,2023,7
Activité E&P,AST,REGGANE,GF,Equipment-4011,EQ-04011,drilling,,4042.17,,2024,6
Activité RPC,RAF,RA1G,Raffinerie,Equipment-4012,EQ-04012,flaring,,8128.98,,2024,3
Activité E&P,DP,INAS,GF,Equipment-4013,EQ-04013,flaring,,2347.19,,2025,6
Activité E&P,AST,SH-FCP MLE,GF,Equipment-4014,EQ-04014,combustion,,6559.65,,2024,11
Activité E&P,DP,HMD,OF,Equipment-4015,EQ-04015,venting,,8002.23,,2023,9
Activité E&P,DP,RNS,GF,Equipment-4016,EQ-04016,venting,,684.1,,2023,11
Activité RPC,RAF,RA1K,Raffinerie,Equipment-4017,EQ-04017,fugitive,,6868.97,,2022,10
Activité RPC,RAF,RA1Z,Raffinerie,Equipment-4018,EQ-04018,drilling,,3017.51,,2024,2
Activité E&P,DP,STAH,OF,Equipment-4019,EQ-04019,drilling,,1621.0,,2022,11
Activité E&P,AST,GB,OF,Equipment-4020,EQ-04020,venting,,9526.13,,2023,8
Activité E&P,AST,G SH-ENI,OF,Equipment-4021,EQ-04021,fugitive,,7948.76,,2023,11
Activité E&P,DP,HMD,OF,Equipment-4022,EQ-04022,flaring,Fuel Gas,2437.04,gal,2023,5
Activité LQS,LSH,GL2Z,GNL,Equipment-4023,EQ-04023,flaring,,478.54,,2024,5
Activité E&P,AST,GB,OF,Equipment-4024,EQ-04024,drilling,,1201.18,,2023,8
Activité E&P,AST,SH-FCP MLE,GF,Equipment-4025,EQ-04025,venting,,30.92,,2024,12
Activité E&P,DP,STAH,OF,Equipment-4026,EQ-04026,fugitive,,8484.77,,2022,10
Activité LQS,LSH,GL3Z,GNL,Equipment-4027,EQ-04027,flaring,Diesel,4060.33,gal,2023,10
Activité E&P,AST,GTG,GF,Equipment-4028,EQ-04028,fugitive,,5333.7,,2024,1
Activité LQS,LSH,GL1Z,GNL,Equipment-4029,EQ-04029,combustion,Natural Gas,9691.6,scf,2025,4
Activité E&P,AST,GTG,GF,Equipment-4030,EQ-04030,combustion,,9686.18,,2024,12
Activité RPC,RAF,RA1A,Raffinerie,Equipment-4031,EQ-04031,flaring,Diesel,2504.38,gal,2025,6
Activité E&P,DP,HMD,OF,Equipment-4032,EQ-04032,combustion,Fuel Gas,2824.46,gal,2024,9
Activité E&P,AST,ISG,GF,Equipment-4033,EQ-04033,combustion,Diesel,1353.92,gal,2024,5
Activité E&P,AST,RKF,OF,Equipment-4034,EQ-04034,venting,,2660.16,,2023,9
Activité E&P,AST,HBR,OF,Equipment-4035,EQ-04035,fugitive,,8799.0,,2022,3
Activité E&P,AST,BMS,OF,Equipment-4036,EQ-04036,venting,,583.6,,2022,7
Activité E&P,AST,REGGANE,GF,Equipment-4037,EQ-04037,venting,,9379.51,,2023,1
Activité E&P,AST,RKF,OF,Equipment-4038,EQ-04038,venting,,5212.2,,2022,11
Activité E&P,DP,OHT,GF,Equipment-4039,EQ-04039,fugitive,,8166.9,,2025,8
Activité E&P,AST,GB,OF,Equipment-4040,EQ-04040,flaring,Fuel Gas,5104.1,gal,2025,8
Activité E&P,DP,RNS,GF,Equipment-4041,EQ-04041,combustion,Diesel,1024.14,gal,2023,8
Activité LQS,LSH,GP1Z,GPL,Equipment-4042,EQ-04042,drilling,,6957.6,,2022,7
Activité LQS,LSH,GL3Z,GNL,Equipment-4043,EQ-04043,flaring,Natural Gas,802.99,scf,2024,8
Activité RPC,PEC,CPEK,Pétrochimie,Equipment-4044,EQ-04044,flaring,Natural Gas,6385.89,scf,2022,2
Activité E&P,AST,RKF,OF,Equipment-4045,EQ-04045,combustion,Natural Gas,4482.1,scf,2023,3
Activité RPC,RAF,RA1Z,Raffinerie,Equipment-4046,EQ-04046,drilling,,1116.36,,2025,3
Activité RPC,RAF,RA1A,Raffinerie,Equipment-4047,EQ-04047,drilling,,3824.81,,2023,9
Activité LQS,LSH,GL1K,GNL,Equipment-4048,EQ-04048,flaring,,3504.59,,2025,12
Activité E&P,AST,GTFT,GF,Equipment-4049,EQ-04049,drilling,,756.42,,2023,9
Activité E&P,DP,TFT,GF,Equipment-4050,EQ-04050,venting,,7366.65,,2025,4
Activité E&P,AST,G SH-ENI,OF,Equipment-4051,EQ-04051,flaring,Natural Gas,5431.6,scf,2025,10
Activité E&P,AST,REGGANE,GF,Equipment-4052,EQ-04052,venting,,9182.63,,2025,2
Activité E&P,AST,SH-FCP MLE,GF,Equipment-4053,EQ-04053,drilling,,3964.61,,2023,8
Activité LQS,LSH,GP2Z,GPL,Equipment-4054,EQ-04054,fugitive,,6115.27,,2024,2
Activité LQS,LSH,GL1K,GNL,Equipment-4055,EQ-04055,combustion,Fuel Gas,8106.03,gal,2022,12
Activité E&P,DP,INAS,GF,Equipment-4056,EQ-04056,combustion,Propane,7927.86,gal,2024,6
Activité E&P,AST,GTFT,GF,Equipment-4057,EQ-04057,venting,,3805.21,,2022,9
Activité E&P,AST,GTIM,GF,Equipment-4058,EQ-04058,fugitive,,4482.83,,2024,4
Activité E&P,AST,ISG,GF,Equipment-4059,EQ-04059,fugitive,,2776.81,,2022,3
Activité LQS,LSH,GL3Z,GNL,Equipment-4060,EQ-04060,combustion,Fuel Gas,1084.53,gal,2022,11
Activité E&P,AST,ISG,GF,Equipment-4061,EQ-04061,venting,,6343.44,,2024,1
Activité E&P,AST,HBR,OF,Equipment-4062,EQ-04062,venting,,8736.65,,2023,5
Activité RPC,PEC,CPEK,Pétrochimie,Equipment-4063,EQ-04063,combustion,,9586.55,,2025,9
Activité E&P,AST,OURHOUD,OF,Equipment-4064,EQ-04064,combustion,Propane,3753.34,gal,2023,10
Activité E&P,AST,ISG,GF,Equipment-4065,EQ-04065,combustion,Natural Gas,4482.84,scf,2023,5
Activité E&P,AST,INA,GF,Equipment-4066,EQ-04066,combustion,,6429.44,,2025,1
Activité RPC,RAF,RA1G,Raffinerie,Equipment-4067,EQ-04067,combustion,Fuel Gas,9323.87,gal,2025,6
Activité E&P,AST,MLN,OF,Equipment-4068,EQ-04068,venting,,2697.68,,2023,10
Activité E&P,AST,HBR,OF,Equipment-4069,EQ-04069,combustion,,1032.38,,2023,2
Activité E&P,DP,INAS,GF,Equipment-4070,EQ-04070,venting,,1575.59,,2025,1
Activité E&P,AST,SH-FCP MLE,GF,Equipment-4071,EQ-04071,flaring,Diesel,2808.46,gal,2023,7
Activité LQS,LSH,GL1Z,GNL,Equipment-4072,EQ-04072,flaring,Fuel Gas,7366.98,gal,2025,4
Activité E&P,AST,SH-FCP MLE,GF,Equipment-4073,EQ-04073,fugitive,,6411.16,,2024,4
Activité LQS,LSH,GL1K,GNL,Equipment-4074,EQ-04074,venting,,2643.81,,2022,8
Activité E&P,DP,TFT,GF,Equipment-4075,EQ-04075,fugitive,,4625.68,,2024,4
Activité E&P,AST,RKF,OF,Equipment-4076,EQ-04076,fugitive,,2291.24,,2024,10
Activité E&P,AST,MLN,OF,Equipment-4077,EQ-04077,venting,,6194.1,,2024,1
Activité LQS,LSH,GP2Z,GPL,Equipment-4078,EQ-04078,flaring,Diesel,4064.39,gal,2025,4
Activité LQS,LSH,GL1K,GNL,Equipment-4079,EQ-04079,combustion,,5830.96,,2024,10
Activité E&P,AST,GSS,OF,Equipment-4080,EQ-04080,venting,,3836.54,,2022,11
Activité E&P,DP,OHT,GF,Equipment-4081,EQ-04081,flaring,Fuel Gas,5336.92,gal,2023,10
Activité E&P,AST,GSS,OF,Equipment-4082,EQ-04082,drilling,,5383.76,,2023,7
Activité LQS,LSH,GP1Z,GPL,Equipment-4083,EQ-04083,fugitive,,4474.66,,2023,1
Activité E&P,DP,OHT,GF,Equipment-4084,EQ-04084,combustion,Propane,1228.34,gal,2022,1
Activité E&P,AST,GTIM,GF,Equipment-4085,EQ-04085,combustion,,7392.86,,2022,9
Activité E&P,DP,STAH,OF,Equipment-4086,EQ-04086,combustion,Diesel,6205.15,gal,2023,10
Activité LQS,LSH,GP1Z,GPL,Equipment-4087,EQ-04087,venting,,5853.43,,2024,3
Activité LQS,LSH,GL3Z,GNL,Equipment-4088,EQ-04088,fugitive,,8175.56,,2022,5
Activité E&P,DP,HMD,OF,Equipment-4089,EQ-04089,flaring,Natural Gas,4215.55,scf,2022,11
Activité E&P,DP,REB,OF,Equipment-4090,EQ-04090,combustion,Fuel Gas,3655.66,gal,2025,1
Activité E&P,AST,INA,GF,Equipment-4091,EQ-04091,drilling,,7497.57,,2024,1
Activité LQS,LSH,GL2Z,GNL,Equipment-4092,EQ-04092,drilling,,1076.56,,2022,1
Activité LQS,LSH,GL3Z,GNL,Equipment-4093,EQ-04093,venting,,2942.0,,2023,6
Activité RPC,RAF,RA1K,Raffinerie,Equipment-4094,EQ-04094,combustion,Natural Gas,3464.61,scf,2023,5
Activité E&P,DP,STAH,OF,Equipment-4095,EQ-04095,combustion,Diesel,1742.43,gal,2024,5
Activité RPC,RAF,RA1Z,Raffinerie,Equipment-4096,EQ-04096,venting,,7787.66,,2025,12
Activité LQS,LSH,GL1Z,GNL,Equipment-4097,EQ-04097,combustion,Natural Gas,4845.85,scf,2024,8
Activité E&P,AST,REGGANE,GF,Equipment-4098,EQ-04098,drilling,,9927.36,,2024,2
Activité E&P,DP,HBK,GF,Equipment-4099,EQ-04099,fugitive,,6117.4,,2025,5
Activité E&P,AST,GSS,OF,Equipment-4100,EQ-04100,flaring,Propane,5980.21,gal,2025,4
Activité E&P,AST,RKF,OF,Equipment-4101,EQ-04101,flaring,Propane,3949.89,gal,2023,11
Activité E&P,AST,OURHOUD,OF,Equipment-4102,EQ-04102,flaring,Propane,5216.34,gal,2025,11
Activité E&P,AST,SH-FCP MLE,GF,Equipment-4103,EQ-04103,venting,,6695.31,,2025,7
Activité E&P,AST,GSS,OF,Equipment-4104,EQ-04104,flaring,Natural Gas,7540.05,scf,2023,4
Activité E&P,AST,RKF,OF,Equipment-4105,EQ-04105,fugitive,,8225.95,,2022,9
Activité RPC,RAF,RA1A,Raffinerie,Equipment-4106,EQ-04106,drilling,,3305.16,,2022,2
Activité E&P,AST,REGGANE,GF,Equipment-4107,EQ-04107,flaring,Fuel Gas,8021.16,gal,2023,6
Activité E&P,DP,REB,OF,Equipment-4108,EQ-04108,fugitive,,5757.1,,2023,11
Activité E&P,AST,G SH-ENI,OF,Equipment-4109,EQ-04109,drilling,,3746.58,,2025,6
Activité E&P,AST,MLN,OF,Equipment-4110,EQ-04110,fugitive,,9971.61,,2024,9
Activité E&P,AST,G SH-ENI,OF,Equipment-4111,EQ-04111,fugitive,,1243.51,,2025,11
Activité LQS,LSH,GP1Z,GPL,Equipment-4112,EQ-04112,combustion,Fuel Gas,5958.87,gal,2023,2
Activité E&P,AST,GTG,GF,Equipment-4113,EQ-04113,venting,,754.85,,2024,1
Activité LQS,LSH,GL2Z,GNL,Equipment-4114,EQ-04114,flaring,Fuel Gas,1438.33,gal,2022,4
Activité E&P,AST,GB,OF,Equipment-4115,EQ-04115,drilling,,501.33,,2023,1
Activité E&P,DP,OHT,GF,Equipment-4116,EQ-04116,combustion,Diesel,733.63,gal,2025,9
Activité E&P,DP,RNS,GF,Equipment-4117,EQ-04117,fugitive,,9117.31,,2022,10
Activité LQS,LSH,GL2Z,GNL,Equipment-4118,EQ-04118,fugitive,,7190.7,,2022,6
Activité LQS,LSH,GP2Z,GPL,Equipment-4119,EQ-04119,flaring,Diesel,4170.14,gal,2022,7
Activité E&P,DP,TFT,GF,Equipment-4120,EQ-04120,flaring,Natural Gas,5908.72,scf,2025,2
Activité LQS,LSH,GL1Z,GNL,Equipment-4121,EQ-04121,flaring,Fuel Gas,4732.5,gal,2023,2
Activité RPC,RAF,RA1A,Raffinerie,Equipment-4122,EQ-04122,venting,,3252.64,,2025,2
Activité RPC,RAF,RA1Z,Raffinerie,Equipment-4123,EQ-04123,drilling,,6012.77,,2025,4
Activité E&P,AST,G SH-ENI,OF,Equipment-4124,EQ-04124,drilling,,9626.41,,2023,12
Activité LQS,LSH,GP2Z,GPL,Equipment-4125,EQ-04125,drilling,,3994.08,,2025,12
Activité E&P,AST,BMS,OF,Equipment-4126,EQ-04126,fugitive,,1874.86,,2024,12
Activité E&P,DP,OHT,GF,Equipment-4127,EQ-04127,fugitive,,5675.08,,2025,9
Activité E&P,DP,STAH,OF,Equipment-4128,EQ-04128,fugitive,,4371.81,,2023,5
Activité E&P,AST,SH-FCP MLE,GF,Equipment-4129,EQ-04129,fugitive,,2431.87,,2025,7
Activité E&P,AST,ISG,GF,Equipment-4130,EQ-04130,venting,,9189.19,,2022,10
Activité E&P,AST,INA,GF,Equipment-4131,EQ-04131,combustion,Fuel Gas,9222.4,gal,2023,4
Activité E&P,AST,GTIM,GF,Equipment-4132,EQ-04132,venting,,6359.88,,2025,2
Activité LQS,LSH,GL3Z,GNL,Equipment-4133,EQ-04133,drilling,,8649.09,,2024,8
Activité E&P,DP,OHT,GF,Equipment-4134,EQ-04134,fugitive,,16.11,,2025,8
Activité E&P,DP,OHT,GF,Equipment-4135,EQ-04135,fugitive,,576.16,,2023,7
Activité E&P,DP,HBK,GF,Equipment-4136,EQ-04136,venting,,1420.26,,2022,4
Activité LQS,LSH,GL1Z,GNL,Equipment-4137,EQ-04137,drilling,,3495.66,,2025,12
Activité E&P,DP,HBK,GF,Equipment-4138,EQ-04138,drilling,,3010.26,,2022,7
Activité E&P,AST,HBR,OF,Equipment-4139,EQ-04139,fugitive,,3668.44,,2024,10
Activité RPC,RAF,RA1K,Raffinerie,Equipment-4140,EQ-04140,fugitive,,1827.61,,2022,6
Activité RPC,PEC,CPEK,Pétrochimie,Equipment-4141,EQ-04141,fugitive,,8387.85,,2022,10
Activité E&P,AST,HBR,OF,Equipment-4142,EQ-04142,drilling,,2511.29,,2025,4
Activité E&P,AST,GB,OF,Equipment-4143,EQ-04143,flaring,Diesel,4852.06,gal,2023,5
Activité E&P,DP,TFT,GF,Equipment-4144,EQ-04144,flaring,Fuel Gas,1325.46,gal,2024,11
Activité E&P,DP,HBK,GF,Equipment-4145,EQ-04145,drilling,,6697.11,,2023,12
Activité E&P,DP,HRM,GF,Equipment-4146,EQ-04146,venting,,8117.09,,2023,8
Activité RPC,RAF,RA1K,Raffinerie,Equipment-4147,EQ-04147,combustion,Fuel Gas,187.4,gal,2024,12
Activité E&P,AST,SH-FCP MLE,GF,Equipment-4148,EQ-04148,venting,,563.31,,2025,7
Activité RPC,RAF,RA1G,Raffinerie,Equipment-4149,EQ-04149,flaring,Natural Gas,2329.31,scf,2025,9
Activité E&P,AST,G SH-ENI,OF,Equipment-4150,EQ-04150,combustion,Natural Gas,7467.35,scf,2024,5
Activité E&P,AST,GTIM,GF,Equipment-4151,EQ-04151,venting,,9782.8,,2022,5
Activité LQS,LSH,GL2Z,GNL,Equipment-4152,EQ-04152,fugitive,,3568.38,,2022,7
Activité RPC,PEC,CP1Z,Pétrochimie,Equipment-4153,EQ-04153,drilling,,5198.85,,2024,2
Activité E&P,AST,GTIM,GF,Equipment-4154,EQ-04154,drilling,,9657.28,,2025,2
Activité LQS,LSH,GL1K,GNL,Equipment-4155,EQ-04155,venting,,9418.13,,2024,8
Activité E&P,AST,SH-FCP MLE,GF,Equipment-4156,EQ-04156,combustion,,4386.33,,2025,1
Activité E&P,AST,REGGANE,GF,Equipment-4157,EQ-04157,flaring,,4419.16,,2023,7
Activité E&P,AST,RKF,OF,Equipment-4158,EQ-04158,combustion,Fuel Gas,471.41,gal,2022,5
Activité RPC,RAF,RA1Z,Raffinerie,Equipment-4159,EQ-04159,fugitive,,8247.99,,2022,5
Activité RPC,RAF,RA1G,Raffinerie,Equipment-4160,EQ-04160,flaring,Natural Gas,1605.22,scf,2022,8
Activité E&P,AST,GTFT,GF,Equipment-4161,EQ-04161,flaring,,1601.65,,2022,10
Activité E&P,DP,ADR,OF,Equipment-4162,EQ-04162,fugitive,,679.53,,2024,6
Activité E&P,DP,TFT,GF,Equipment-4163,EQ-04163,venting,,5604.76,,2024,6
Activité RPC,PEC,CPEK,Pétrochimie,Equipment-4164,EQ-04164,drilling,,1657.67,,2022,11
Activité E&P,DP,RNS,GF,Equipment-4165,EQ-04165,venting,,8006.4,,2025,8
Activité RPC,PEC,CPEK,Pétrochimie,Equipment-4166,EQ-04166,drilling,,3616.09,,2022,12
Activité LQS,LSH,GP2Z,GPL,Equipment-4167,EQ-04167,combustion,Natural Gas,4001.06,scf,2023,10
Activité E&P,AST,HBR,OF,Equipment-4168,EQ-04168,combustion,Propane,8416.17,gal,2025,3
Activité LQS,LSH,GL2Z,GNL,Equipment-4169,EQ-04169,drilling,,1429.33,,2024,7
Activité E&P,AST,HBR,OF,Equipment-4170,EQ-04170,venting,,554.64,,2022,3
Activité E&P,AST,INA,GF,Equipment-4171,EQ-04171,venting,,5055.54,,2022,1
Activité E&P,AST,REGGANE,GF,Equipment-4172,EQ-04172,fugitive,,569.53,,2024,5
Activité LQS,LSH,GL3Z,GNL,Equipment-4173,EQ-04173,fugitive,,1487.31,,2024,8
Activité E&P,AST,GSS,OF,Equipment-4174,EQ-04174,combustion,Natural Gas,6069.65,scf,2025,8
Activité E&P,AST,GTFT,GF,Equipment-4175,EQ-04175,fugitive,,1524.69,,2022,12
Activité E&P,AST,GSS,OF,Equipment-4176,EQ-04176,flaring,Natural Gas,3460.41,scf,2025,8
Activité E&P,AST,BRS,OF,Equipment-4177,EQ-04177,fugitive,,9225.66,,2025,8
Activité E&P,DP,ADR,OF,Equipment-4178,EQ-04178,combustion,,8604.37,,2024,6
Activité LQS,LSH,GP2Z,GPL,Equipment-4179,EQ-04179,drilling,,3998.29,,2024,3
Activité E&P,AST,G SH-ENI,OF,Equipment-4180,EQ-04180,combustion,Propane,9753.94,gal,2023,8
Activité E&P,AST,HBR,OF,Equipment-4181,EQ-04181,flaring,Propane,2677.55,gal,2024,2
Activité E&P,AST,MLN,OF,Equipment-4182,EQ-04182,venting,,1408.66,,2023,9
Activité E&P,AST,ISG,GF,Equipment-4183,EQ-04183,drilling,,8804.5,,2024,3
Activité LQS,LSH,GL1K,GNL,Equipment-4184,EQ-04184,drilling,,2860.24,,2024,3
Activité E&P,AST,GTFT,GF,Equipment-4185,EQ-04185,fugitive,,5510.49,,2025,7
Activité RPC,PEC,CP1Z,Pétrochimie,Equipment-4186,EQ-04186,fugitive,,6675.96,,2023,11
Activité E&P,DP,INAS,GF,Equipment-4187,EQ-04187,combustion,,6366.6,,2024,9
Activité E&P,AST,GTIM,GF,Equipment-4188,EQ-04188,drilling,,6725.19,,2025,5
Activité RPC,RAF,RA1G,Raffinerie,Equipment-4189,EQ-04189,fugitive,,2522.26,,2024,8
Activité E&P,AST,GB,OF,Equipment-4190,EQ-04190,combustion,,9539.63,,2022,2
Activité RPC,PEC,CP1Z,Pétrochimie,Equipment-4191,EQ-04191,combustion,Propane,6688.69,gal,2025,4
Activité LQS,LSH,GP2Z,GPL,Equipment-4192,EQ-04192,flaring,Natural Gas,4850.51,scf,2022,4
Activité E&P,DP,REB,OF,Equipment-4193,EQ-04193,fugitive,,6592.48,,2022,12
Activité E&P,AST,REGGANE,GF,Equipment-4194,EQ-04194,venting,,1576.3,,2022,3
Activité E&P,DP,INAS,GF,Equipment-4195,EQ-04195,fugitive,,2259.01,,2023,3
Activité RPC,RAF,RA1A,Raffinerie,Equipment-4196,EQ-04196,fugitive,,9565.86,,2023,2
Activité E&P,AST,OURHOUD,OF,Equipment-4197,EQ-04197,flaring,Diesel,3497.51,gal,2023,7
Activité E&P,AST,INA,GF,Equipment-4198,EQ-04198,combustion,Propane,2469.14,gal,2025,10
Activité E&P,AST,BMS,OF,Equipment-4199,EQ-04199,fugitive,,8300.61,,2024,9
Activité E&P,AST,GSS,OF,Equipment-4200,EQ-04200,combustion,,7112.9,,2024,1
Activité E&P,AST,ISG,GF,Equipment-4201,EQ-04201,fugitive,,752.22,,2022,8
Activité E&P,AST,GTG,GF,Equipment-4202,EQ-04202,flaring,Propane,5165.23,gal,2024,10
Activité LQS,LSH,GL1K,GNL,Equipment-4203,EQ-04203,combustion,Fuel Gas,6816.23,gal,2024,5
Activité RPC,RAF,RA1G,Raffinerie,Equipment-4204,EQ-04204,combustion,Diesel,5019.05,gal,2022,6
Activité E&P,AST,ISG,GF,Equipment-4205,EQ-04205,drilling,,5496.03,,2025,5
Activité E&P,DP,ADR,OF,Equipment-4206,EQ-04206,drilling,,1193.84,,2025,1
Activité E&P,DP,GTL,GF,Equipment-4207,EQ-04207,venting,,8470.73,,2024,10
Activité E&P,AST,GSS,OF,Equipment-4208,EQ-04208,venting,,2828.65,,2024,8
Activité E&P,AST,BMS,OF,Equipment-4209,EQ-04209,fugitive,,4147.74,,2023,12
Activité RPC,RAF,RA1Z,Raffinerie,Equipment-4210,EQ-04210,venting,,4206.4,,2023,3
Activité E&P,DP,TFT,GF,Equipment-4211,EQ-04211,venting,,3955.56,,2023,4
Activité RPC,RAF,RA1K,Raffinerie,Equipment-4212,EQ-04212,venting,,8152.83,,2024,5
Activité LQS,LSH,GP2Z,GPL,Equipment-4213,EQ-04213,fugitive,,4133.25,,2022,1
Activité E&P,AST,REGGANE,GF,Equipment-4214,EQ-04214,flaring,Propane,4469.96,gal,2025,9
Activité E&P,AST,OURHOUD,OF,Equipment-4215,EQ-04215,venting,,6139.85,,2022,12
Activité E&P,DP,TFT,GF,Equipment-4216,EQ-04216,drilling,,8109.66,,2024,9
Activité LQS,LSH,GL3Z,GNL,Equipment-4217,EQ-04217,flaring,Fuel Gas,7925.86,gal,2023,5
Activité E&P,DP,HMD,OF,Equipment-4218,EQ-04218,combustion,Fuel Gas,2584.43,gal,2025,8
Activité RPC,RAF,RA1A,Raffinerie,Equipment-4219,EQ-04219,venting,,4435.57,,2024,6
Activité RPC,RAF,RA1K,Raffinerie,Equipment-4220,EQ-04220,combustion,,4065.47,,2025,9
Activité E&P,DP,ADR,OF,Equipment-4221,EQ-04221,combustion,Natural Gas,6227.03,scf,2023,7
Activité E&P,AST,RKF,OF,Equipment-4222,EQ-04222,fugitive,,8709.75,,2022,1
Activité E&P,DP,ADR,OF,Equipment-4223,EQ-04223,combustion,Diesel,1641.38,gal,2022,1
Activité E&P,AST,BRS,OF,Equipment-4224,EQ-04224,fugitive,,2139.98,,2022,1
Activité E&P,DP,ADR,OF,Equipment-4225,EQ-04225,venting,,1750.63,,2022,12
Activité E&P,AST,HBR,OF,Equipment-4226,EQ-04226,venting,,6075.3,,2023,10
Activité E&P,DP,HMD,OF,Equipment-4227,EQ-04227,venting,,8292.45,,2022,8
Activité LQS,LSH,GL1K,GNL,Equipment-4228,EQ-04228,flaring,,8235.14,,2023,11
Activité E&P,AST,GTG,GF,Equipment-4229,EQ-04229,fugitive,,5412.05,,2022,12
Activité E&P,DP,RNS,GF,Equipment-4230,EQ-04230,venting,,2199.67,,2023,12
Activité E&P,AST,INA,GF,Equipment-4231,EQ-04231,drilling,,2425.42,,2022,1
Activité RPC,RAF,RA1G,Raffinerie,Equipment-4232,EQ-04232,drilling,,9093.59,,2023,11
Activité E&P,DP,HBK,GF,Equipment-4233,EQ-04233,drilling,,7014.7,,2025,1
Activité E&P,AST,INA,GF,Equipment-4234,EQ-04234,fugitive,,9188.19,,2025,12
Activité E&P,AST,BRS,OF,Equipment-4235,EQ-04235,drilling,,6846.32,,2024,7
Activité E&P,DP,RNS,GF,Equipment-4236,EQ-04236,flaring,Diesel,9889.94,gal,2022,7
Activité E&P,AST,HBR,OF,Equipment-4237,EQ-04237,venting,,5198.33,,2025,1
Activité E&P,DP,GTL,GF,Equipment-4238,EQ-04238,fugitive,,6388.45,,2025,12
Activité E&P,DP,HBK,GF,Equipment-4239,EQ-04239,fugitive,,3779.45,,2024,11
Activité E&P,AST,GTFT,GF,Equipment-4240,EQ-04240,drilling,,308.3,,2023,1
Activité E&P,AST,GTG,GF,Equipment-4241,EQ-04241,venting,,2350.15,,2025,9
Activité E&P,DP,HBK,GF,Equipment-4242,EQ-04242,flaring,Diesel,2523.34,gal,2024,4
Activité E&P,AST,MLN,OF,Equipment-4243,EQ-04243,flaring,Propane,1628.92,gal,2023,9
Activité E&P,AST,ISG,GF,Equipment-4244,EQ-04244,combustion,Propane,1048.76,gal,2022,11
Activité E&P,DP,OHT,GF,Equipment-4245,EQ-04245,drilling,,9058.36,,2022,8
Activité E&P,AST,GTFT,GF,Equipment-4246,EQ-04246,flaring,Diesel,7268.45,gal,2023,2
Activité E&P,DP,RNS,GF,Equipment-4247,EQ-04247,combustion,Fuel Gas,7743.84,gal,2024,9
Activité E&P,DP,HBK,GF,Equipment-4248,EQ-04248,drilling,,3273.62,,2023,2
Activité E&P,DP,RNS,GF,Equipment-4249,EQ-04249,fugitive,,1350.94,,2025,5
Activité E&P,DP,STAH,OF,Equipment-4250,EQ-04250,fugitive,,718.27,,2022,8
Activité RPC,RAF,RA1A,Raffinerie,Equipment-4251,EQ-04251,flaring,,9443.46,,2023,2
Activité E&P,DP,ADR,OF,Equipment-4252,EQ-04252,venting,,6888.41,,2024,3
Activité LQS,LSH,GL1Z,GNL,Equipment-4253,EQ-04253,combustion,,2702.73,,2022,2
Activité E&P,AST,INA,GF,Equipment-4254,EQ-04254,flaring,Diesel,4211.45,gal,2023,4
Activité E&P,AST,GTIM,GF,Equipment-4255,EQ-04255,combustion,Propane,5027.21,gal,2022,9
Activité E&P,AST,GTG,GF,Equipment-4256,EQ-04256,fugitive,,4937.16,,2024,10
Activité E&P,AST,BRS,OF,Equipment-4257,EQ-04257,drilling,,6576.58,,2023,3
Activité E&P,DP,HBK,GF,Equipment-4258,EQ-04258,fugitive,,2161.34,,2025,1
Activité LQS,LSH,GP1Z,GPL,Equipment-4259,EQ-04259,combustion,,5837.11,,2025,7
Activité RPC,PEC,CP1Z,Pétrochimie,Equipment-4260,EQ-04260,drilling,,2772.56,,2024,1
Activité RPC,PEC,CP1Z,Pétrochimie,Equipment-4261,EQ-04261,flaring,Natural Gas,3885.56,scf,2022,10
Activité RPC,PEC,CPEK,Pétrochimie,Equipment-4262,EQ-04262,flaring,Natural Gas,1932.47,scf,2024,3
Activité E&P,AST,GTG,GF,Equipment-4263,EQ-04263,fugitive,,8007.02,,2024,6
Activité E&P,AST,REGGANE,GF,Equipment-4264,EQ-04264,drilling,,922.23,,2022,3
Activité E&P,AST,HBR,OF,Equipment-4265,EQ-04265,combustion,,1741.94,,2024,2
Activité E&P,AST,INA,GF,Equipment-4266,EQ-04266,combustion,Fuel Gas,6740.47,gal,2024,11
Activité E&P,AST,GSS,OF,Equipment-4267,EQ-04267,drilling,,8646.2,,2024,8
Activité E&P,DP,GTL,GF,Equipment-4268,EQ-04268,combustion,Fuel Gas,3683.3,gal,2025,7
Activité E&P,AST,INA,GF,Equipment-4269,EQ-04269,drilling,,8431.79,,2022,5
Activité E&P,DP,ADR,OF,Equipment-4270,EQ-04270,combustion,Diesel,3514.81,gal,2025,2
Activité E&P,AST,BRS,OF,Equipment-4271,EQ-04271,venting,,8214.16,,2022,3
Activité RPC,RAF,RA1A,Raffinerie,Equipment-4272,EQ-04272,fugitive,,5100.62,,2024,1
Activité E&P,DP,STAH,OF,Equipment-4273,EQ-04273,flaring,Propane,2181.5,gal,2023,1
Activité RPC,RAF,RA1K,Raffinerie,Equipment-4274,EQ-04274,flaring,Diesel,5639.06,gal,2024,11
Activité E&P,DP,OHT,GF,Equipment-4275,EQ-04275,combustion,Fuel Gas,6172.62,gal,2023,6
Activité E&P,DP,HBK,GF,Equipment-4276,EQ-04276,fugitive,,6276.79,,2023,8
Activité LQS,LSH,GP2Z,GPL,Equipment-4277,EQ-04277,fugitive,,3842.23,,2024,1
Activité E&P,DP,OHT,GF,Equipment-4278,EQ-04278,combustion,Fuel Gas,8310.68,gal,2023,5
Activité E&P,AST,GSS,OF,Equipment-4279,EQ-04279,flaring,Propane,5779.38,gal,2024,12
Activité E&P,AST,GTIM,GF,Equipment-4280,EQ-04280,venting,,2762.51,,2023,1
Activité E&P,AST,GSS,OF,Equipment-4281,EQ-04281,venting,,2751.16,,2023,5
Activité E&P,DP,HBK,GF,Equipment-4282,EQ-04282,fugitive,,252.55,,2022,12
Activité E&P,AST,ISG,GF,Equipment-4283,EQ-04283,fugitive,,8608.11,,2024,6
Activité E&P,AST,BMS,OF,Equipment-4284,EQ-04284,drilling,,2810.38,,2023,7
Activité E&P,DP,RNS,GF,Equipment-4285,EQ-04285,flaring,Fuel Gas,9971.94,gal,2022,4
Activité E&P,AST,GTFT,GF,Equipment-4286,EQ-04286,fugitive,,8851.56,,2023,10
Activité E&P,AST,GB,OF,Equipment-4287,EQ-04287,flaring,Diesel,6475.23,gal,2023,1
Activité E&P,DP,HRM,GF,Equipment-4288,EQ-04288,combustion,Diesel,833.26,gal,2023,11
Activité E&P,DP,HBK,GF,Equipment-4289,EQ-04289,flaring,Natural Gas,9530.43,scf,2024,5
Activité E&P,DP,OHT,GF,Equipment-4290,EQ-04290,flaring,Natural Gas,8077.4,scf,2023,5
Activité LQS,LSH,GL2Z,GNL,Equipment-4291,EQ-04291,combustion,Natural Gas,8787.91,scf,2023,2
Activité E&P,DP,OHT,GF,Equipment-4292,EQ-04292,combustion,Diesel,953.99,gal,2025,3
Activité E&P,DP,HRM,GF,Equipment-4293,EQ-04293,drilling,,4505.46,,2024,2
Activité E&P,AST,RKF,OF,Equipment-4294,EQ-04294,fugitive,,7729.89,,2024,6
Activité E&P,AST,INA,GF,Equipment-4295,EQ-04295,drilling,,2476.13,,2024,4
Activité E&P,DP,RNS,GF,Equipment-4296,EQ-04296,flaring,Propane,3710.78,gal,2024,5
Activité E&P,AST,GSS,OF,Equipment-4297,EQ-04297,venting,,3157.09,,2023,12
Activité E&P,DP,TFT,GF,Equipment-4298,EQ-04298,flaring,,7898.31,,2024,11
Activité E&P,AST,RKF,OF,Equipment-4299,EQ-04299,drilling,,5132.18,,2025,8
Activité E&P,AST,HBR,OF,Equipment-4300,EQ-04300,drilling,,9798.91,,2024,11
Activité E&P,DP,GTL,GF,Equipment-4301,EQ-04301,fugitive,,7815.73,,2025,10
Activité E&P,DP,HMD,OF,Equipment-4302,EQ-04302,fugitive,,8055.29,,2022,2
Activité E&P,AST,RKF,OF,Equipment-4303,EQ-04303,combustion,Fuel Gas,3077.76,gal,2022,5
Activité E&P,DP,HRM,GF,Equipment-4304,EQ-04304,drilling,,4946.31,,2025,3
Activité E&P,AST,OURHOUD,OF,Equipment-4305,EQ-04305,drilling,,3466.04,,2023,11
Activité E&P,AST,GTG,GF,Equipment-4306,EQ-04306,flaring,Diesel,627.98,gal,2023,1
Activité E&P,AST,GTFT,GF,Equipment-4307,EQ-04307,fugitive,,6435.66,,2022,9
Activité RPC,PEC,CP1Z,Pétrochimie,Equipment-4308,EQ-04308,fugitive,,9529.8,,2025,12
Activité E&P,AST,GTG,GF,Equipment-4309,EQ-04309,drilling,,3183.58,,2022,1
Activité E&P,DP,STAH,OF,Equipment-4310,EQ-04310,fugitive,,1956.76,,2024,11
Activité E&P,AST,MLN,OF,Equipment-4311,EQ-04311,flaring,Natural Gas,2346.08,scf,2022,10
Activité E&P,AST,GTFT,GF,Equipment-4312,EQ-04312,fugitive,,5644.79,,2024,6
Activité E&P,DP,RNS,GF,Equipment-4313,EQ-04313,drilling,,7426.11,,2025,7
Activité RPC,RAF,RA1Z,Raffinerie,Equipment-4314,EQ-04314,flaring,Natural Gas,1534.59,scf,2025,3
Activité E&P,AST,HBR,OF,Equipment-4315,EQ-04315,venting,,9456.46,,2022,8
Activité RPC,PEC,CP1Z,Pétrochimie,Equipment-4316,EQ-04316,fugitive,,3220.58,,2025,8
Activité E&P,AST,INA,GF,Equipment-4317,EQ-04317,drilling,,1422.98,,2023,6
Activité E&P,AST,GTFT,GF,Equipment-4318,EQ-04318,fugitive,,781.28,,2022,12
Activité RPC,PEC,CPEK,Pétrochimie,Equipment-4319,EQ-04319,drilling,,833.73,,2023,6
Activité E&P,DP,ADR,OF,Equipment-4320,EQ-04320,flaring,,9402.84,,2022,5
Activité E&P,DP,OHT,GF,Equipment-4321,EQ-04321,venting,,7535.77,,2025,4
Activité RPC,RAF,RA1A,Raffinerie,Equipment-4322,EQ-04322,fugitive,,3444.06,,2024,4
Activité E&P,AST,OURHOUD,OF,Equipment-4323,EQ-04323,flaring,Diesel,6509.44,gal,2024,9
Activité RPC,RAF,RA1K,Raffinerie,Equipment-4324,EQ-04324,combustion,Fuel Gas,8106.77,gal,2023,8
Activité RPC,RAF,RA1K,Raffinerie,Equipment-4325,EQ-04325,venting,,4516.01,,2022,9
Activité E&P,DP,ADR,OF,Equipment-4326,EQ-04326,flaring,Propane,3524.75,gal,2025,10
Activité E&P,DP,GTL,GF,Equipment-4327,EQ-04327,fugitive,,4344.02,,2025,7
Activité E&P,DP,HBK,GF,Equipment-4328,EQ-04328,combustion,Diesel,4124.57,gal,2024,11
Activité E&P,DP,HMD,OF,Equipment-4329,EQ-04329,venting,,3769.53,,2022,4
Activité E&P,AST,SH-FCP MLE,GF,Equipment-4330,EQ-04330,fugitive,,8488.16,,2024,10
Activité E&P,AST,REGGANE,GF,Equipment-4331,EQ-04331,flaring,Natural Gas,7917.8,scf,2024,2
Activité E&P,AST,BMS,OF,Equipment-4332,EQ-04332,combustion,Diesel,7685.9,gal,2023,12
Activité RPC,PEC,CP1Z,Pétrochimie,Equipment-4333,EQ-04333,combustion,,5022.73,,2023,11
Activité E&P,DP,HRM,GF,Equipment-4334,EQ-04334,fugitive,,1364.82,,2024,4
Activité E&P,DP,ADR,OF,Equipment-4335,EQ-04335,combustion,,8851.64,,2024,6
Activité E&P,AST,GTIM,GF,Equipment-4336,EQ-04336,combustion,Diesel,1851.72,gal,2024,12
Activité E&P,AST,GTFT,GF,Equipment-4337,EQ-04337,flaring,Propane,3964.94,gal,2025,3
Activité RPC,RAF,RA1A,Raffinerie,Equipment-4338,EQ-04338,flaring,Diesel,1084.31,gal,2022,6
Activité RPC,RAF,RA1Z,Raffinerie,Equipment-4339,EQ-04339,fugitive,,2916.51,,2022,8
Activité LQS,LSH,GL1K,GNL,Equipment-4340,EQ-04340,flaring,Propane,9578.35,gal,2023,1
Activité E&P,AST,GB,OF,Equipment-4341,EQ-04341,venting,,5742.11,,2023,10
Activité E&P,AST,SH-FCP MLE,GF,Equipment-4342,EQ-04342,combustion,Natural Gas,8331.46,scf,2024,9
Activité E&P,AST,HBR,OF,Equipment-4343,EQ-04343,fugitive,,5636.69,,2025,7
Activité E&P,AST,GTIM,GF,Equipment-4344,EQ-04344,combustion,Fuel Gas,5811.97,gal,2025,10
Activité RPC,RAF,RA1K,Raffinerie,Equipment-4345,EQ-04345,drilling,,3237.51,,2024,8
Activité E&P,DP,INAS,GF,Equipment-4346,EQ-04346,fugitive,,773.74,,2024,8
Activité E&P,AST,GB,OF,Equipment-4347,EQ-04347,fugitive,,575.62,,2025,8
Activité RPC,PEC,CP1Z,Pétrochimie,Equipment-4348,EQ-04348,venting,,4171.6,,2025,10
Activité LQS,LSH,GL3Z,GNL,Equipment-4349,EQ-04349,venting,,5104.01,,2022,2
Activité E&P,DP,RNS,GF,Equipment-4350,EQ-04350,venting,,7142.99,,2024,2
Activité E&P,AST,REGGANE,GF,Equipment-4351,EQ-04351,combustion,Diesel,9558.09,gal,2025,1
Activité LQS,LSH,GP2Z,GPL,Equipment-4352,EQ-04352,venting,,1897.7,,2022,6
Activité E&P,AST,RKF,OF,Equipment-4353,EQ-04353,flaring,Diesel,2809.18,gal,2022,5
Activité E&P,AST,OURHOUD,OF,Equipment-4354,EQ-04354,combustion,Diesel,9995.12,gal,2022,12
Activité E&P,DP,ADR,OF,Equipment-4355,EQ-04355,fugitive,,6035.59,,2022,7
Activité LQS,LSH,GL1Z,GNL,Equipment-4356,EQ-04356,drilling,,4001.76,,2025,2
Activité E&P,AST,GTG,GF,Equipment-4357,EQ-04357,fugitive,,884.37,,2023,9
Activité E&P,AST,GSS,OF,Equipment-4358,EQ-04358,fugitive,,8427.06,,2023,4
Activité E&P,AST,GSS,OF,Equipment-4359,EQ-04359,venting,,3730.63,,2023,2
Activité LQS,LSH,GL1K,GNL,Equipment-4360,EQ-04360,venting,,1631.52,,2023,10
Activité E&P,DP,STAH,OF,Equipment-4361,EQ-04361,venting,,345.0,,2024,1
Activité E&P,AST,G SH-ENI,OF,Equipment-4362,EQ-04362,fugitive,,2892.47,,2023,8
Activité LQS,LSH,GP2Z,GPL,Equipment-4363,EQ-04363,combustion,Natural Gas,1215.25,scf,2025,8
Activité RPC,RAF,RA1G,Raffinerie,Equipment-4364,EQ-04364,venting,,6730.89,,2025,10
Activité E&P,AST,GB,OF,Equipment-4365,EQ-04365,fugitive,,3310.01,,2022,3
Activité RPC,PEC,CP1Z,Pétrochimie,Equipment-4366,EQ-04366,venting,,5970.49,,2023,8
Activité E&P,DP,HMD,OF,Equipment-4367,EQ-04367,drilling,,7987.52,,2023,1
Activité E&P,AST,GB,OF,Equipment-4368,EQ-04368,drilling,,436.81,,2023,2
Activité LQS,LSH,GL2Z,GNL,Equipment-4369,EQ-04369,fugitive,,9219.49,,2024,11
Activité RPC,RAF,RA1K,Raffinerie,Equipment-4370,EQ-04370,flaring,Propane,3838.83,gal,2023,9
Activité RPC,RAF,RA1A,Raffinerie,Equipment-4371,EQ-04371,fugitive,,4920.23,,2022,3
Activité RPC,PEC,CP1Z,Pétrochimie,Equipment-4372,EQ-04372,venting,,8652.32,,2023,12
Activité E&P,AST,ISG,GF,Equipment-4373,EQ-04373,venting,,3120.56,,2025,10
Activité RPC,PEC,CP1Z,Pétrochimie,Equipment-4374,EQ-04374,venting,,2629.82,,2022,6
Activité LQS,LSH,GP2Z,GPL,Equipment-4375,EQ-04375,drilling,,3742.61,,2022,4
Activité RPC,RAF,RA1K,Raffinerie,Equipment-4376,EQ-04376,flaring,Fuel Gas,395.48,gal,2025,12
Activité E&P,AST,GSS,OF,Equipment-4377,EQ-04377,flaring,,2106.9,,2022,8
Activité LQS,LSH,GL3Z,GNL,Equipment-4378,EQ-04378,venting,,5603.98,,2022,6
Activité E&P,DP,ADR,OF,Equipment-4379,EQ-04379,drilling,,2233.99,,2022,2
Activité E&P,AST,RKF,OF,Equipment-4380,EQ-04380,combustion,,790.69,,2025,10
Activité RPC,RAF,RA1A,Raffinerie,Equipment-4381,EQ-04381,combustion,Fuel Gas,7794.8,gal,2024,6
Activité E&P,AST,GTG,GF,Equipment-4382,EQ-04382,flaring,Fuel Gas,2728.36,gal,2023,8
Activité E&P,AST,BMS,OF,Equipment-4383,EQ-04383,drilling,,7818.85,,2022,5
Activité E&P,AST,REGGANE,GF,Equipment-4384,EQ-04384,fugitive,,3813.41,,2022,12
Activité E&P,AST,GB,OF,Equipment-4385,EQ-04385,venting,,3823.7,,2024,3
Activité E&P,AST,G SH-ENI,OF,Equipment-4386,EQ-04386,venting,,8271.5,,2022,5
Activité E&P,AST,HBR,OF,Equipment-4387,EQ-04387,fugitive,,9945.38,,2024,4
Activité E&P,DP,ADR,OF,Equipment-4388,EQ-04388,combustion,Fuel Gas,4742.59,gal,2025,7
Activité E&P,AST,BMS,OF,Equipment-4389,EQ-04389,drilling,,8302.56,,2025,3
Activité RPC,RAF,RA1A,Raffinerie,Equipment-4390,EQ-04390,combustion,Natural Gas,6167.35,scf,2022,2
Activité E&P,DP,STAH,OF,Equipment-4391,EQ-04391,venting,,8512.98,,2025,2
Activité RPC,RAF,RA1A,Raffinerie,Equipment-4392,EQ-04392,fugitive,,9539.22,,2024,9
Activité RPC,PEC,CP1Z,Pétrochimie,Equipment-4393,EQ-04393,venting,,3986.74,,2022,6
Activité E&P,DP,TFT,GF,Equipment-4394,EQ-04394,venting,,9243.25,,2025,6
Activité E&P,AST,OURHOUD,OF,Equipment-4395,EQ-04395,venting,,8607.5,,2022,7
Activité RPC,RAF,RA1Z,Raffinerie,Equipment-4396,EQ-04396,venting,,6867.65,,2024,5
Activité E&P,AST,G SH-ENI,OF,Equipment-4397,EQ-04397,drilling,,8492.0,,2023,2
Activité E&P,AST,HBR,OF,Equipment-4398,EQ-04398,fugitive,,4708.89,,2022,8
Activité E&P,AST,REGGANE,GF,Equipment-4399,EQ-04399,venting,,3122.69,,2024,10
Activité E&P,AST,MLN,OF,Equipment-4400,EQ-04400,flaring,Natural Gas,8549.33,scf,2023,8
Activité RPC,RAF,RA1Z,Raffinerie,Equipment-4401,EQ-04401,flaring,Fuel Gas,4022.67,gal,2025,2
Activité E&P,AST,GTIM,GF,Equipment-4402,EQ-04402,drilling,,3322.49,,2024,1
Activité LQS,LSH,GL1Z,GNL,Equipment-4403,EQ-04403,venting,,4945.03,,2024,5
Activité E&P,AST,RKF,OF,Equipment-4404,EQ-04404,drilling,,9160.51,,2022,5
Activité E&P,DP,RNS,GF,Equipment-4405,EQ-04405,drilling,,1887.72,,2023,9
Activité E&P,AST,REGGANE,GF,Equipment-4406,EQ-04406,venting,,2104.19,,2025,8
Activité RPC,RAF,RA1K,Raffinerie,Equipment-4407,EQ-04407,fugitive,,6330.69,,2023,7
Activité RPC,PEC,CP1Z,Pétrochimie,Equipment-4408,EQ-04408,drilling,,7683.63,,2023,2
Activité E&P,AST,OURHOUD,OF,Equipment-4409,EQ-04409,flaring,Natural Gas,5919.66,scf,2025,5
Activité E&P,DP,HRM,GF,Equipment-4410,EQ-04410,drilling,,6631.73,,2024,7
Activité LQS,LSH,GP1Z,GPL,Equipment-4411,EQ-04411,combustion,Propane,1583.48,gal,2023,1
Activité E&P,AST,ISG,GF,Equipment-4412,EQ-04412,drilling,,619.02,,2025,1
Activité E&P,DP,RNS,GF,Equipment-4413,EQ-04413,flaring,Diesel,6028.72,gal,2024,7
Activité E&P,AST,RKF,OF,Equipment-4414,EQ-04414,flaring,Natural Gas,409.69,scf,2025,8
Activité LQS,LSH,GL1Z,GNL,Equipment-4415,EQ-04415,drilling,,8141.98,,2025,11
Activité E&P,AST,GB,OF,Equipment-4416,EQ-04416,venting,,4409.62,,2022,10
Activité E&P,DP,HBK,GF,Equipment-4417,EQ-04417,combustion,Fuel Gas,7083.0,gal,2024,3
Activité E&P,DP,HBK,GF,Equipment-4418,EQ-04418,venting,,170.66,,2022,6
Activité RPC,RAF,RA1Z,Raffinerie,Equipment-4419,EQ-04419,venting,,7488.22,,2025,2
Activité E&P,DP,HMD,OF,Equipment-4420,EQ-04420,flaring,Natural Gas,9738.01,scf,2022,2
Activité E&P,AST,GB,OF,Equipment-4421,EQ-04421,drilling,,9113.06,,2022,12
Activité LQS,LSH,GL2Z,GNL,Equipment-4422,EQ-04422,fugitive,,4654.45,,2022,2
Activité RPC,PEC,CPEK,Pétrochimie,Equipment-4423,EQ-04423,drilling,,1274.28,,2022,1
Activité E&P,AST,GTFT,GF,Equipment-4424,EQ-04424,venting,,7402.07,,2024,12
Activité LQS,LSH,GP1Z,GPL,Equipment-4425,EQ-04425,flaring,,6946.69,,2025,6
Activité RPC,PEC,CP1Z,Pétrochimie,Equipment-4426,EQ-04426,combustion,Propane,9786.7,gal,2022,2
Activité E&P,AST,REGGANE,GF,Equipment-4427,EQ-04427,venting,,9723.42,,2025,5
Activité E&P,DP,HMD,OF,Equipment-4428,EQ-04428,flaring,Fuel Gas,2234.75,gal,2024,7
Activité E&P,AST,OURHOUD,OF,Equipment-4429,EQ-04429,flaring,,5226.38,,2024,7
Activité E&P,DP,HRM,GF,Equipment-4430,EQ-04430,flaring,Fuel Gas,9371.49,gal,2022,10
Activité RPC,RAF,RA1A,Raffinerie,Equipment-4431,EQ-04431,flaring,Natural Gas,6788.0,scf,2022,10
Activité E&P,DP,HRM,GF,Equipment-4432,EQ-04432,fugitive,,8639.67,,2023,6
Activité E&P,DP,TFT,GF,Equipment-4433,EQ-04433,drilling,,8679.71,,2023,5
Activité E&P,DP,RNS,GF,Equipment-4434,EQ-04434,venting,,545.73,,2023,7
Activité RPC,PEC,CP1Z,Pétrochimie,Equipment-4435,EQ-04435,venting,,1224.09,,2023,2
Activité E&P,AST,GTIM,GF,Equipment-4436,EQ-04436,flaring,Propane,7267.29,gal,2023,1
Activité E&P,AST,BRS,OF,Equipment-4437,EQ-04437,fugitive,,1173.56,,2025,10
Activité LQS,LSH,GL3Z,GNL,Equipment-4438,EQ-04438,drilling,,4060.56,,2022,2
Activité E&P,AST,GB,OF,Equipment-4439,EQ-04439,combustion,Diesel,6131.07,gal,2024,4
Activité E&P,AST,SH-FCP MLE,GF,Equipment-4440,EQ-04440,combustion,Fuel Gas,9990.24,gal,2024,1
Activité LQS,LSH,GL3Z,GNL,Equipment-4441,EQ-04441,fugitive,,3624.05,,2024,7
Activité LQS,LSH,GL2Z,GNL,Equipment-4442,EQ-04442,drilling,,6375.14,,2022,3
Activité E&P,AST,G SH-ENI,OF,Equipment-4443,EQ-04443,flaring,Natural Gas,4484.43,scf,2024,4
Activité E&P,AST,BMS,OF,Equipment-4444,EQ-04444,flaring,Fuel Gas,7221.3,gal,2022,9
Activité E&P,AST,GTIM,GF,Equipment-4445,EQ-04445,fugitive,,6756.56,,2023,10
Activité LQS,LSH,GP2Z,GPL,Equipment-4446,EQ-04446,venting,,5997.35,,2025,11
Activité E&P,DP,GTL,GF,Equipment-4447,EQ-04447,fugitive,,7582.33,,2023,9
Activité E&P,AST,MLN,OF,Equipment-4448,EQ-04448,combustion,Propane,6092.14,gal,2025,3
Activité RPC,RAF,RA1Z,Raffinerie,Equipment-4449,EQ-04449,drilling,,8953.49,,2022,8
Activité E&P,AST,OURHOUD,OF,Equipment-4450,EQ-04450,combustion,Natural Gas,3046.19,scf,2023,6
Activité E&P,AST,GTFT,GF,Equipment-4451,EQ-04451,flaring,Diesel,8658.0,gal,2022,5
Activité E&P,DP,STAH,OF,Equipment-4452,EQ-04452,venting,,4726.71,,2025,1
Activité E&P,DP,HRM,GF,Equipment-4453,EQ-04453,drilling,,8278.8,,2023,6
Activité E&P,AST,G SH-ENI,OF,Equipment-4454,EQ-04454,venting,,4591.72,,2023,11
Activité E&P,AST,BMS,OF,Equipment-4455,EQ-04455,flaring,Diesel,16.67,gal,2023,3
Activité LQS,LSH,GL3Z,GNL,Equipment-4456,EQ-04456,fugitive,,7772.62,,2024,9
Activité E&P,AST,BRS,OF,Equipment-4457,EQ-04457,flaring,Diesel,9905.04,gal,2022,1
Activité E&P,DP,OHT,GF,Equipment-4458,EQ-04458,flaring,Fuel Gas,3520.38,gal,2024,3
Activité E&P,DP,HBK,GF,Equipment-4459,EQ-04459,drilling,,7081.4,,2025,11
Activité E&P,AST,GTFT,GF,Equipment-4460,EQ-04460,fugitive,,1280.73,,2025,10
Activité E&P,AST,BMS,OF,Equipment-4461,EQ-04461,fugitive,,5008.5,,2022,1
Activité E&P,AST,OURHOUD,OF,Equipment-4462,EQ-04462,venting,,1154.81,,2022,5
Activité E&P,AST,MLN,OF,Equipment-4463,EQ-04463,venting,,4226.26,,2025,6
Activité E&P,AST,HBR,OF,Equipment-4464,EQ-04464,combustion,Propane,4613.33,gal,2025,6
Activité E&P,DP,OHT,GF,Equipment-4465,EQ-04465,drilling,,6519.32,,2022,3
Activité LQS,LSH,GP2Z,GPL,Equipment-4466,EQ-04466,flaring,Natural Gas,7791.68,scf,2023,3
Activité E&P,AST,BMS,OF,Equipment-4467,EQ-04467,drilling,,5767.71,,2023,10
Activité E&P,DP,RNS,GF,Equipment-4468,EQ-04468,flaring,,808.92,,2025,4
Activité RPC,RAF,RA1A,Raffinerie,Equipment-4469,EQ-04469,fugitive,,144.41,,2025,9
Activité E&P,AST,MLN,OF,Equipment-4470,EQ-04470,combustion,Propane,1873.49,gal,2024,4
Activité E&P,AST,HBR,OF,Equipment-4471,EQ-04471,drilling,,3284.93,,2023,2
Activité E&P,AST,GB,OF,Equipment-4472,EQ-04472,flaring,Fuel Gas,5385.95,gal,2023,11
Activité LQS,LSH,GL1K,GNL,Equipment-4473,EQ-04473,fugitive,,9614.85,,2022,10
Activité LQS,LSH,GP2Z,GPL,Equipment-4474,EQ-04474,fugitive,,7327.99,,2023,5
Activité E&P,AST,GTIM,GF,Equipment-4475,EQ-04475,drilling,,5167.89,,2022,5
Activité E&P,DP,HMD,OF,Equipment-4476,EQ-04476,combustion,Diesel,7350.91,gal,2024,10
Activité E&P,AST,GTG,GF,Equipment-4477,EQ-04477,fugitive,,6012.46,,2025,6
Activité E&P,AST,BRS,OF,Equipment-4478,EQ-04478,drilling,,6353.73,,2022,2
Activité E&P,AST,GB,OF,Equipment-4479,EQ-04479,fugitive,,1675.18,,2024,9
Activité E&P,AST,SH-FCP MLE,GF,Equipment-4480,EQ-04480,venting,,9868.63,,2024,7
Activité E&P,DP,INAS,GF,Equipment-4481,EQ-04481,venting,,7546.15,,2025,11
Activité RPC,RAF,RA1Z,Raffinerie,Equipment-4482,EQ-04482,combustion,Propane,9443.32,gal,2022,1
Activité RPC,RAF,RA1G,Raffinerie,Equipment-4483,EQ-04483,fugitive,,8880.93,,2022,12
Activité RPC,PEC,CPEK,Pétrochimie,Equipment-4484,EQ-04484,fugitive,,2105.6,,2025,11
Activité E&P,AST,RKF,OF,Equipment-4485,EQ-04485,venting,,714.8,,2025,6
Activité LQS,LSH,GL1K,GNL,Equipment-4486,EQ-04486,venting,,5135.12,,2025,12
Activité E&P,AST,REGGANE,GF,Equipment-4487,EQ-04487,venting,,9482.07,,2022,10
Activité E&P,AST,HBR,OF,Equipment-4488,EQ-04488,combustion,Propane,7504.79,gal,2024,1
Activité E&P,AST,RKF,OF,Equipment-4489,EQ-04489,combustion,Fuel Gas,345.09,gal,2025,1
Activité E&P,AST,INA,GF,Equipment-4490,EQ-04490,combustion,Diesel,5373.1,gal,2025,3
Activité E&P,AST,GTIM,GF,Equipment-4491,EQ-04491,venting,,7985.61,,2023,5
Activité RPC,PEC,CPEK,Pétrochimie,Equipment-4492,EQ-04492,flaring,,3055.92,,2022,9
Activité E&P,DP,GTL,GF,Equipment-4493,EQ-04493,combustion,Diesel,5258.44,gal,2022,12
Activité E&P,AST,HBR,OF,Equipment-4494,EQ-04494,fugitive,,2843.63,,2023,9
Activité E&P,DP,ADR,OF,Equipment-4495,EQ-04495,fugitive,,9849.45,,2023,5
Activité LQS,LSH,GL2Z,GNL,Equipment-4496,EQ-04496,combustion,,6961.7,,2022,8
Activité E&P,DP,ADR,OF,Equipment-4497,EQ-04497,fugitive,,1154.55,,2023,8
Activité LQS,LSH,GL1Z,GNL,Equipment-4498,EQ-04498,drilling,,7205.87,,2022,10
Activité E&P,DP,STAH,OF,Equipment-4499,EQ-04499,combustion,Fuel Gas,9450.92,gal,2025,4
Activité E&P,AST,INA,GF,Equipment-4500,EQ-04500,drilling,,2095.26,,2024,9
Activité LQS,LSH,GP2Z,GPL,Equipment-4501,EQ-04501,drilling,,5517.12,,2022,6
Activité E&P,AST,ISG,GF,Equipment-4502,EQ-04502,venting,,7860.94,,2024,1
Activité E&P,AST,BRS,OF,Equipment-4503,EQ-04503,venting,,9868.51,,2025,2
Activité LQS,LSH,GL3Z,GNL,Equipment-4504,EQ-04504,flaring,Fuel Gas,9562.46,gal,2023,5
Activité RPC,PEC,CPEK,Pétrochimie,Equipment-4505,EQ-04505,flaring,,82.78,,2023,8
Activité RPC,RAF,RA1G,Raffinerie,Equipment-4506,EQ-04506,flaring,Natural Gas,296.03,scf,2024,8
Activité RPC,PEC,CPEK,Pétrochimie,Equipment-4507,EQ-04507,combustion,Propane,3541.88,gal,2022,3
Activité E&P,DP,REB,OF,Equipment-4508,EQ-04508,drilling,,1449.75,,2024,11
Activité E&P,AST,RKF,OF,Equipment-4509,EQ-04509,drilling,,2511.56,,2022,12
Activité E&P,AST,INA,GF,Equipment-4510,EQ-04510,fugitive,,7872.0,,2025,7
Activité LQS,LSH,GL2Z,GNL,Equipment-4511,EQ-04511,fugitive,,8360.04,,2025,3
Activité E&P,AST,HBR,OF,Equipment-4512,EQ-04512,drilling,,5843.71,,2023,6
Activité E&P,AST,BMS,OF,Equipment-4513,EQ-04513,venting,,8260.58,,2024,6
Activité RPC,RAF,RA1G,Raffinerie,Equipment-4514,EQ-04514,venting,,7324.75,,2025,8
Activité LQS,LSH,GL3Z,GNL,Equipment-4515,EQ-04515,combustion,Natural Gas,3088.89,scf,2023,11
Activité E&P,AST,GB,OF,Equipment-4516,EQ-04516,fugitive,,2323.0,,2024,2
Activité E&P,DP,GTL,GF,Equipment-4517,EQ-04517,fugitive,,5212.99,,2024,1
Activité E&P,DP,HMD,OF,Equipment-4518,EQ-04518,combustion,Natural Gas,7222.88,scf,2025,11
Activité E&P,AST,OURHOUD,OF,Equipment-4519,EQ-04519,venting,,562.82,,2023,1
Activité E&P,DP,HMD,OF,Equipment-4520,EQ-04520,combustion,Fuel Gas,8725.47,gal,2022,8
Activité RPC,RAF,RA1G,Raffinerie,Equipment-4521,EQ-04521,flaring,Natural Gas,4003.93,scf,2023,10
Activité E&P,AST,G SH-ENI,OF,Equipment-4522,EQ-04522,drilling,,2373.8,,2023,4
Activité E&P,AST,INA,GF,Equipment-4523,EQ-04523,venting,,3319.02,,2024,6
Activité E&P,AST,MLN,OF,Equipment-4524,EQ-04524,fugitive,,3708.74,,2022,4
Activité E&P,DP,TFT,GF,Equipment-4525,EQ-04525,fugitive,,6021.3,,2025,11
Activité LQS,LSH,GL2Z,GNL,Equipment-4526,EQ-04526,flaring,Natural Gas,3657.74,scf,2022,12
Activité E&P,AST,GB,OF,Equipment-4527,EQ-04527,drilling,,7802.28,,2022,10
Activité E&P,AST,GB,OF,Equipment-4528,EQ-04528,combustion,,718.55,,2023,7
Activité RPC,RAF,RA1Z,Raffinerie,Equipment-4529,EQ-04529,flaring,Diesel,404.92,gal,2025,10
Activité E&P,DP,GTL,GF,Equipment-4530,EQ-04530,drilling,,3110.71,,2022,11
Activité E&P,AST,OURHOUD,OF,Equipment-4531,EQ-04531,drilling,,5351.42,,2023,12
Activité E&P,AST,BRS,OF,Equipment-4532,EQ-04532,combustion,Natural Gas,9663.52,scf,2024,5
Activité LQS,LSH,GP1Z,GPL,Equipment-4533,EQ-04533,venting,,8569.03,,2022,9
Activité E&P,AST,G SH-ENI,OF,Equipment-4534,EQ-04534,combustion,Diesel,3401.05,gal,2022,8
Activité RPC,RAF,RA1Z,Raffinerie,Equipment-4535,EQ-04535,fugitive,,2865.8,,2025,8
Activité E&P,AST,GSS,OF,Equipment-4536,EQ-04536,fugitive,,3184.66,,2022,7
Activité E&P,AST,GB,OF,Equipment-4537,EQ-04537,venting,,2544.59,,2022,4
Activité RPC,RAF,RA1K,Raffinerie,Equipment-4538,EQ-04538,drilling,,7456.52,,2023,12
Activité RPC,RAF,RA1G,Raffinerie,Equipment-4539,EQ-04539,flaring,Propane,1614.86,gal,2024,5
Activité E&P,DP,OHT,GF,Equipment-4540,EQ-04540,venting,,4141.72,,2025,2
Activité E&P,DP,REB,OF,Equipment-4541,EQ-04541,venting,,7064.79,,2025,12
Activité E&P,AST,SH-FCP MLE,GF,Equipment-4542,EQ-04542,combustion,Propane,248.27,gal,2025,5
Activité RPC,RAF,RA1A,Raffinerie,Equipment-4543,EQ-04543,flaring,,8920.29,,2025,4
Activité E&P,AST,GB,OF,Equipment-4544,EQ-04544,drilling,,5813.49,,2025,5
Activité RPC,RAF,RA1Z,Raffinerie,Equipment-4545,EQ-04545,combustion,,4918.92,,2024,1
Activité E&P,AST,MLN,OF,Equipment-4546,EQ-04546,fugitive,,2058.69,,2025,10
Activité E&P,AST,BMS,OF,Equipment-4547,EQ-04547,combustion,Diesel,2932.19,gal,2025,12
Activité E&P,DP,GTL,GF,Equipment-4548,EQ-04548,flaring,Fuel Gas,722.95,gal,2023,12
Activité E&P,DP,OHT,GF,Equipment-4549,EQ-04549,flaring,,2338.47,,2024,12
Activité E&P,AST,MLN,OF,Equipment-4550,EQ-04550,venting,,1853.38,,2022,10
Activité E&P,AST,GTFT,GF,Equipment-4551,EQ-04551,flaring,Natural Gas,1029.74,scf,2025,3
Activité E&P,AST,MLN,OF,Equipment-4552,EQ-04552,combustion,Propane,5035.4,gal,2025,11
Activité E&P,AST,HBR,OF,Equipment-4553,EQ-04553,drilling,,3017.3,,2024,3
Activité E&P,DP,TFT,GF,Equipment-4554,EQ-04554,flaring,Natural Gas,6441.33,scf,2023,4
Activité E&P,DP,GTL,GF,Equipment-4555,EQ-04555,combustion,Natural Gas,647.31,scf,2023,4
Activité E&P,DP,HBK,GF,Equipment-4556,EQ-04556,combustion,Diesel,3689.83,gal,2024,10
Activité E&P,AST,GSS,OF,Equipment-4557,EQ-04557,fugitive,,8525.86,,2025,5
Activité E&P,AST,GTG,GF,Equipment-4558,EQ-04558,venting,,3753.4,,2025,1
Activité RPC,RAF,RA1G,Raffinerie,Equipment-4559,EQ-04559,flaring,Diesel,3566.96,gal,2025,5
Activité E&P,AST,GTFT,GF,Equipment-4560,EQ-04560,flaring,Propane,4141.47,gal,2025,7
Activité E&P,DP,GTL,GF,Equipment-4561,EQ-04561,combustion,Natural Gas,5237.96,scf,2025,4
Activité E&P,AST,RKF,OF,Equipment-4562,EQ-04562,combustion,Natural Gas,8493.15,scf,2022,3
Activité E&P,AST,OURHOUD,OF,Equipment-4563,EQ-04563,venting,,6118.33,,2023,7
Activité E&P,DP,HBK,GF,Equipment-4564,EQ-04564,fugitive,,8540.64,,2022,3
Activité RPC,RAF,RA1K,Raffinerie,Equipment-4565,EQ-04565,venting,,2003.4,,2023,3
Activité E&P,AST,GTIM,GF,Equipment-4566,EQ-04566,combustion,Fuel Gas,1931.04,gal,2024,10
Activité E&P,AST,OURHOUD,OF,Equipment-4567,EQ-04567,venting,,9426.97,,2025,1
Activité LQS,LSH,GL1K,GNL,Equipment-4568,EQ-04568,fugitive,,342.27,,2025,10
Activité E&P,DP,ADR,OF,Equipment-4569,EQ-04569,flaring,,2354.31,,2025,6
Activité E&P,AST,GTFT,GF,Equipment-4570,EQ-04570,fugitive,,3824.75,,2025,10
Activité E&P,AST,INA,GF,Equipment-4571,EQ-04571,drilling,,9531.14,,2023,5
Activité RPC,PEC,CP1Z,Pétrochimie,Equipment-4572,EQ-04572,fugitive,,8303.62,,2025,8
Activité LQS,LSH,GP1Z,GPL,Equipment-4573,EQ-04573,venting,,6764.97,,2023,9
Activité RPC,RAF,RA1A,Raffinerie,Equipment-4574,EQ-04574,venting,,2768.08,,2025,3
Activité RPC,RAF,RA1Z,Raffinerie,Equipment-4575,EQ-04575,fugitive,,1328.13,,2024,1
Activité E&P,DP,REB,OF,Equipment-4576,EQ-04576,fugitive,,8313.4,,2023,10
Activité E&P,AST,ISG,GF,Equipment-4577,EQ-04577,venting,,8984.6,,2024,7
Activité E&P,AST,INA,GF,Equipment-4578,EQ-04578,flaring,Natural Gas,2440.61,scf,2025,9
Activité RPC,RAF,RA1A,Raffinerie,Equipment-4579,EQ-04579,drilling,,4050.23,,2022,11
Activité E&P,DP,REB,OF,Equipment-4580,EQ-04580,venting,,2135.35,,2022,2
Activité E&P,AST,GTIM,GF,Equipment-4581,EQ-04581,combustion,Diesel,673.34,gal,2025,12
Activité LQS,LSH,GL3Z,GNL,Equipment-4582,EQ-04582,combustion,,7242.83,,2025,12
Activité E&P,DP,HMD,OF,Equipment-4583,EQ-04583,drilling,,6599.06,,2024,5
Activité E&P,AST,REGGANE,GF,Equipment-4584,EQ-04584,venting,,5298.55,,2024,1
Activité E&P,DP,ADR,OF,Equipment-4585,EQ-04585,fugitive,,3280.37,,2024,3
Activité E&P,DP,ADR,OF,Equipment-4586,EQ-04586,combustion,Propane,8793.99,gal,2022,11
Activité E&P,AST,INA,GF,Equipment-4587,EQ-04587,combustion,Natural Gas,7827.57,scf,2022,1
Activité E&P,AST,GTG,GF,Equipment-4588,EQ-04588,venting,,7899.72,,2024,6
Activité E&P,AST,GTIM,GF,Equipment-4589,EQ-04589,fugitive,,9650.58,,2023,7
Activité E&P,AST,HBR,OF,Equipment-4590,EQ-04590,venting,,4994.07,,2023,11
Activité E&P,AST,G SH-ENI,OF,Equipment-4591,EQ-04591,combustion,,443.45,,2024,8
Activité E&P,DP,HMD,OF,Equipment-4592,EQ-04592,flaring,Propane,5263.54,gal,2025,9
Activité LQS,LSH,GL3Z,GNL,Equipment-4593,EQ-04593,flaring,Natural Gas,9079.63,scf,2023,8
Activité E&P,DP,HBK,GF,Equipment-4594,EQ-04594,drilling,,5403.49,,2022,8
Activité LQS,LSH,GL2Z,GNL,Equipment-4595,EQ-04595,drilling,,9785.59,,2023,3
Activité E&P,DP,HRM,GF,Equipment-4596,EQ-04596,venting,,9592.29,,2023,7
Activité RPC,RAF,RA1A,Raffinerie,Equipment-4597,EQ-04597,drilling,,4232.19,,2025,9
Activité E&P,AST,BMS,OF,Equipment-4598,EQ-04598,venting,,3586.23,,2024,11
Activité E&P,DP,STAH,OF,Equipment-4599,EQ-04599,flaring,Fuel Gas,1376.47,gal,2024,7
Activité E&P,AST,OURHOUD,OF,Equipment-4600,EQ-04600,combustion,Fuel Gas,5561.01,gal,2022,3
Activité RPC,RAF,RA1A,Raffinerie,Equipment-4601,EQ-04601,fugitive,,585.21,,2025,2
Activité E&P,DP,HMD,OF,Equipment-4602,EQ-04602,fugitive,,3262.78,,2025,8
Activité E&P,AST,GTIM,GF,Equipment-4603,EQ-04603,fugitive,,3798.76,,2023,1
Activité E&P,AST,BMS,OF,Equipment-4604,EQ-04604,fugitive,,1317.35,,2024,9
Activité RPC,PEC,CPEK,Pétrochimie,Equipment-4605,EQ-04605,fugitive,,4225.77,,2024,2
Activité LQS,LSH,GP2Z,GPL,Equipment-4606,EQ-04606,fugitive,,4528.91,,2023,9
Activité LQS,LSH,GL1Z,GNL,Equipment-4607,EQ-04607,flaring,Propane,2509.3,gal,2025,2
Activité RPC,RAF,RA1Z,Raffinerie,Equipment-4608,EQ-04608,combustion,Propane,843.28,gal,2024,6
Activité LQS,LSH,GL2Z,GNL,Equipment-4609,EQ-04609,venting,,5516.81,,2022,3
Activité E&P,AST,GSS,OF,Equipment-4610,EQ-04610,fugitive,,5908.8,,2025,6
Activité E&P,AST,GTIM,GF,Equipment-4611,EQ-04611,fugitive,,116.92,,2023,6
Activité E&P,DP,ADR,OF,Equipment-4612,EQ-04612,drilling,,1861.35,,2023,7
Activité LQS,LSH,GL1K,GNL,Equipment-4613,EQ-04613,combustion,Fuel Gas,3793.43,gal,2022,12
Activité E&P,DP,HMD,OF,Equipment-4614,EQ-04614,fugitive,,6261.03,,2022,3
Activité LQS,LSH,GL3Z,GNL,Equipment-4615,EQ-04615,drilling,,9183.41,,2025,12
Activité RPC,RAF,RA1G,Raffinerie,Equipment-4616,EQ-04616,drilling,,2307.02,,2025,9
Activité E&P,DP,REB,OF,Equipment-4617,EQ-04617,fugitive,,4370.1,,2023,11
Activité E&P,AST,SH-FCP MLE,GF,Equipment-4618,EQ-04618,venting,,975.53,,2022,10
Activité E&P,DP,HRM,GF,Equipment-4619,EQ-04619,venting,,5963.83,,2025,1
Activité E&P,AST,OURHOUD,OF,Equipment-4620,EQ-04620,drilling,,5762.7,,2022,5
Activité RPC,RAF,RA1A,Raffinerie,Equipment-4621,EQ-04621,drilling,,480.32,,2022,3
Activité RPC,RAF,RA1K,Raffinerie,Equipment-4622,EQ-04622,flaring,,1753.14,,2025,8
Activité LQS,LSH,GP1Z,GPL,Equipment-4623,EQ-04623,fugitive,,8912.69,,2023,4
Activité E&P,DP,HMD,OF,Equipment-4624,EQ-04624,fugitive,,1136.57,,2025,12
Activité E&P,AST,ISG,GF,Equipment-4625,EQ-04625,flaring,Natural Gas,5076.05,scf,2022,11
Activité RPC,RAF,RA1A,Raffinerie,Equipment-4626,EQ-04626,fugitive,,934.57,,2024,10
Activité E&P,AST,GTG,GF,Equipment-4627,EQ-04627,fugitive,,8826.24,,2022,7
Activité E&P,DP,RNS,GF,Equipment-4628,EQ-04628,fugitive,,9027.37,,2022,2
Activité RPC,RAF,RA1Z,Raffinerie,Equipment-4629,EQ-04629,venting,,7209.37,,2022,1
Activité E&P,AST,REGGANE,GF,Equipment-4630,EQ-04630,drilling,,4080.54,,2023,11
Activité E&P,DP,INAS,GF,Equipment-4631,EQ-04631,venting,,5047.63,,2024,10
Activité E&P,AST,HBR,OF,Equipment-4632,EQ-04632,drilling,,2895.56,,2022,11
Activité E&P,DP,HRM,GF,Equipment-4633,EQ-04633,fugitive,,2317.25,,2023,4
Activité E&P,AST,GB,OF,Equipment-4634,EQ-04634,combustion,Diesel,9573.02,gal,2022,7
Activité LQS,LSH,GL1K,GNL,Equipment-4635,EQ-04635,flaring,Natural Gas,6176.94,scf,2023,9
Activité E&P,AST,GTIM,GF,Equipment-4636,EQ-04636,drilling,,3700.66,,2023,9
Activité RPC,RAF,RA1G,Raffinerie,Equipment-4637,EQ-04637,drilling,,3284.9,,2025,7
Activité E&P,DP,INAS,GF,Equipment-4638,EQ-04638,fugitive,,5714.97,,2023,7
Activité E&P,AST,G SH-ENI,OF,Equipment-4639,EQ-04639,drilling,,4569.39,,2022,2
Activité E&P,AST,RKF,OF,Equipment-4640,EQ-04640,flaring,Fuel Gas,2400.6,gal,2025,1
Activité E&P,AST,OURHOUD,OF,Equipment-4641,EQ-04641,drilling,,4690.69,,2023,12
Activité E&P,DP,ADR,OF,Equipment-4642,EQ-04642,drilling,,2631.85,,2024,5
Activité E&P,AST,HBR,OF,Equipment-4643,EQ-04643,flaring,,5913.22,,2024,4
Activité E&P,AST,GB,OF,Equipment-4644,EQ-04644,combustion,Fuel Gas,911.22,gal,2024,12
Activité RPC,RAF,RA1G,Raffinerie,Equipment-4645,EQ-04645,drilling,,3962.47,,2022,4
Activité E&P,DP,STAH,OF,Equipment-4646,EQ-04646,fugitive,,9942.82,,2022,5
Activité RPC,PEC,CPEK,Pétrochimie,Equipment-4647,EQ-04647,fugitive,,2810.61,,2022,5
Activité E&P,AST,HBR,OF,Equipment-4648,EQ-04648,drilling,,9318.71,,2023,2
Activité LQS,LSH,GL3Z,GNL,Equipment-4649,EQ-04649,flaring,,6096.49,,2024,12
Activité E&P,AST,ISG,GF,Equipment-4650,EQ-04650,venting,,8441.09,,2025,7
Activité LQS,LSH,GP1Z,GPL,Equipment-4651,EQ-04651,drilling,,5573.68,,2022,2
Activité E&P,AST,ISG,GF,Equipment-4652,EQ-04652,venting,,7103.55,,2024,4
Activité RPC,RAF,RA1G,Raffinerie,Equipment-4653,EQ-04653,flaring,Propane,2732.73,gal,2023,10
Activité RPC,RAF,RA1K,Raffinerie,Equipment-4654,EQ-04654,flaring,Fuel Gas,3288.41,gal,2025,4
Activité E&P,DP,ADR,OF,Equipment-4655,EQ-04655,flaring,Natural Gas,9449.23,scf,2025,2
Activité RPC,PEC,CP1Z,Pétrochimie,Equipment-4656,EQ-04656,combustion,Propane,1445.66,gal,2024,1
Activité E&P,DP,HRM,GF,Equipment-4657,EQ-04657,fugitive,,5533.97,,2024,5
Activité E&P,DP,HRM,GF,Equipment-4658,EQ-04658,flaring,,9314.31,,2025,11
Activité E&P,AST,MLN,OF,Equipment-4659,EQ-04659,combustion,Propane,9454.46,gal,2023,12
Activité E&P,AST,INA,GF,Equipment-4660,EQ-04660,drilling,,4769.22,,2025,1
Activité E&P,AST,REGGANE,GF,Equipment-4661,EQ-04661,flaring,Diesel,1791.3,gal,2023,4
Activité LQS,LSH,GL1Z,GNL,Equipment-4662,EQ-04662,fugitive,,6246.69,,2023,12
Activité E&P,AST,GTIM,GF,Equipment-4663,EQ-04663,drilling,,5012.15,,2024,8
Activité LQS,LSH,GP2Z,GPL,Equipment-4664,EQ-04664,venting,,349.4,,2023,4
Activité LQS,LSH,GL3Z,GNL,Equipment-4665,EQ-04665,flaring,Fuel Gas,356.44,gal,2024,4
Activité E&P,AST,GB,OF,Equipment-4666,EQ-04666,flaring,Natural Gas,8837.86,scf,2025,11
Activité E&P,AST,MLN,OF,Equipment-4667,EQ-04667,combustion,,4187.28,,2023,3
Activité E&P,AST,MLN,OF,Equipment-4668,EQ-04668,drilling,,7294.61,,2025,7
Activité E&P,DP,REB,OF,Equipment-4669,EQ-04669,drilling,,2767.12,,2024,3
Activité E&P,AST,MLN,OF,Equipment-4670,EQ-04670,flaring,Diesel,862.8,gal,2024,7
Activité E&P,AST,MLN,OF,Equipment-4671,EQ-04671,venting,,6687.3,,2024,11
Activité E&P,AST,ISG,GF,Equipment-4672,EQ-04672,flaring,Fuel Gas,2838.68,gal,2022,2
Activité E&P,AST,HBR,OF,Equipment-4673,EQ-04673,fugitive,,7129.85,,2022,10
Activité RPC,PEC,CP1Z,Pétrochimie,Equipment-4674,EQ-04674,flaring,Diesel,5189.65,gal,2022,1
Activité RPC,RAF,RA1K,Raffinerie,Equipment-4675,EQ-04675,combustion,Fuel Gas,3000.48,gal,2022,3
Activité E&P,DP,OHT,GF,Equipment-4676,EQ-04676,venting,,9808.88,,2024,11
Activité E&P,DP,REB,OF,Equipment-4677,EQ-04677,flaring,Fuel Gas,887.21,gal,2022,6
Activité LQS,LSH,GL2Z,GNL,Equipment-4678,EQ-04678,venting,,1035.88,,2025,5
Activité E&P,AST,HBR,OF,Equipment-4679,EQ-04679,flaring,Fuel Gas,7939.5,gal,2025,3
Activité E&P,AST,INA,GF,Equipment-4680,EQ-04680,combustion,,5208.46,,2022,7
Activité E&P,AST,BMS,OF,Equipment-4681,EQ-04681,flaring,Fuel Gas,3497.36,gal,2022,7
Activité E&P,DP,HMD,OF,Equipment-4682,EQ-04682,fugitive,,9877.31,,2024,6
Activité LQS,LSH,GP1Z,GPL,Equipment-4683,EQ-04683,flaring,Natural Gas,5030.66,scf,2023,11
Activité E&P,AST,GB,OF,Equipment-4684,EQ-04684,combustion,Propane,8697.06,gal,2025,2
Activité E&P,AST,GTIM,GF,Equipment-4685,EQ-04685,fugitive,,9499.84,,2023,9
Activité E&P,AST,INA,GF,Equipment-4686,EQ-04686,flaring,Fuel Gas,8229.1,gal,2024,5
Activité E&P,AST,INA,GF,Equipment-4687,EQ-04687,fugitive,,2245.27,,2025,1
Activité E&P,DP,REB,OF,Equipment-4688,EQ-04688,combustion,,5128.67,,2024,11
Activité E&P,DP,GTL,GF,Equipment-4689,EQ-04689,venting,,1255.64,,2022,1
Activité E&P,AST,GTFT,GF,Equipment-4690,EQ-04690,drilling,,8168.16,,2025,12
Activité RPC,PEC,CPEK,Pétrochimie,Equipment-4691,EQ-04691,venting,,9428.98,,2024,2
Activité RPC,RAF,RA1A,Raffinerie,Equipment-4692,EQ-04692,drilling,,5203.13,,2023,1
Activité E&P,AST,ISG,GF,Equipment-4693,EQ-04693,venting,,1025.39,,2022,2
Activité E&P,DP,INAS,GF,Equipment-4694,EQ-04694,drilling,,2351.35,,2024,11
Activité E&P,AST,GTG,GF,Equipment-4695,EQ-04695,flaring,Propane,3367.35,gal,2022,9
Activité E&P,AST,G SH-ENI,OF,Equipment-4696,EQ-04696,venting,,2614.52,,2025,12
Activité E&P,AST,BRS,OF,Equipment-4697,EQ-04697,venting,,4172.41,,2025,5
Activité E&P,AST,OURHOUD,OF,Equipment-4698,EQ-04698,fugitive,,2148.89,,2025,8
Activité LQS,LSH,GL1K,GNL,Equipment-4699,EQ-04699,flaring,Fuel Gas,2155.25,gal,2022,5
Activité E&P,AST,REGGANE,GF,Equipment-4700,EQ-04700,combustion,Fuel Gas,8542.62,gal,2023,8
Activité E&P,AST,SH-FCP MLE,GF,Equipment-4701,EQ-04701,combustion,Fuel Gas,2669.16,gal,2024,1
Activité E&P,AST,INA,GF,Equipment-4702,EQ-04702,flaring,,2194.88,,2022,8
Activité RPC,RAF,RA1K,Raffinerie,Equipment-4703,EQ-04703,venting,,1611.54,,2022,10
Activité E&P,DP,HRM,GF,Equipment-4704,EQ-04704,flaring,Fuel Gas,8683.03,gal,2022,10
Activité LQS,LSH,GP2Z,GPL,Equipment-4705,EQ-04705,combustion,,7146.18,,2025,10
Activité LQS,LSH,GP1Z,GPL,Equipment-4706,EQ-04706,flaring,,1480.56,,2023,3
Activité E&P,DP,INAS,GF,Equipment-4707,EQ-04707,fugitive,,3130.46,,2024,2
Activité E&P,DP,INAS,GF,Equipment-4708,EQ-04708,fugitive,,2596.5,,2024,3
Activité E&P,AST,GSS,OF,Equipment-4709,EQ-04709,flaring,,1617.4,,2023,2
Activité E&P,AST,ISG,GF,Equipment-4710,EQ-04710,drilling,,3454.35,,2025,10
Activité RPC,PEC,CPEK,Pétrochimie,Equipment-4711,EQ-04711,drilling,,4429.37,,2023,3
Activité E&P,AST,MLN,OF,Equipment-4712,EQ-04712,venting,,1092.58,,2024,1
Activité RPC,PEC,CP1Z,Pétrochimie,Equipment-4713,EQ-04713,venting,,2566.44,,2022,1
Activité E&P,DP,ADR,OF,Equipment-4714,EQ-04714,venting,,4358.67,,2024,4
Activité E&P,DP,HMD,OF,Equipment-4715,EQ-04715,combustion,,1590.67,,2023,4
Activité E&P,AST,GB,OF,Equipment-4716,EQ-04716,flaring,Fuel Gas,7705.86,gal,2023,5
Activité RPC,RAF,RA1Z,Raffinerie,Equipment-4717,EQ-04717,venting,,1435.5,,2022,1
Activité E&P,DP,HBK,GF,Equipment-4718,EQ-04718,venting,,5596.42,,2025,2
Activité E&P,AST,OURHOUD,OF,Equipment-4719,EQ-04719,venting,,1821.09,,2025,11
Activité E&P,DP,TFT,GF,Equipment-4720,EQ-04720,combustion,Natural Gas,1266.35,scf,2025,6
Activité E&P,AST,GTIM,GF,Equipment-4721,EQ-04721,drilling,,996.61,,2023,9
Activité E&P,DP,REB,OF,Equipment-4722,EQ-04722,fugitive,,887.32,,2023,2
Activité RPC,RAF,RA1Z,Raffinerie,Equipment-4723,EQ-04723,flaring,Propane,9407.46,gal,2025,12
Activité E&P,DP,GTL,GF,Equipment-4724,EQ-04724,flaring,Propane,9114.35,gal,2025,11
Activité RPC,RAF,RA1Z,Raffinerie,Equipment-4725,EQ-04725,drilling,,3461.61,,2024,1
Activité E&P,DP,RNS,GF,Equipment-4726,EQ-04726,combustion,Natural Gas,9056.15,scf,2024,11
Activité RPC,RAF,RA1A,Raffinerie,Equipment-4727,EQ-04727,venting,,6037.38,,2024,10
Activité E&P,DP,HMD,OF,Equipment-4728,EQ-04728,drilling,,2186.65,,2024,3
Activité E&P,AST,BRS,OF,Equipment-4729,EQ-04729,fugitive,,7358.04,,2022,12
Activité E&P,AST,BRS,OF,Equipment-4730,EQ-04730,drilling,,8909.79,,2023,4
Activité E&P,DP,RNS,GF,Equipment-4731,EQ-04731,drilling,,8927.22,,2024,8
Activité E&P,DP,HMD,OF,Equipment-4732,EQ-04732,drilling,,5859.3,,2024,3
Activité E&P,AST,OURHOUD,OF,Equipment-4733,EQ-04733,flaring,,5305.36,,2022,9
Activité LQS,LSH,GL2Z,GNL,Equipment-4734,EQ-04734,drilling,,7134.79,,2022,10
Activité E&P,DP,OHT,GF,Equipment-4735,EQ-04735,flaring,,561.14,,2022,5
Activité E&P,AST,HBR,OF,Equipment-4736,EQ-04736,drilling,,9734.91,,2022,12
Activité LQS,LSH,GL3Z,GNL,Equipment-4737,EQ-04737,flaring,,4854.41,,2024,11
Activité RPC,RAF,RA1A,Raffinerie,Equipment-4738,EQ-04738,combustion,,8255.81,,2023,2
Activité E&P,AST,RKF,OF,Equipment-4739,EQ-04739,drilling,,7514.32,,2023,5
Activité E&P,DP,HRM,GF,Equipment-4740,EQ-04740,fugitive,,284.18,,2023,10
Activité E&P,DP,INAS,GF,Equipment-4741,EQ-04741,flaring,,1419.62,,2023,2
Activité E&P,DP,INAS,GF,Equipment-4742,EQ-04742,fugitive,,4443.94,,2024,8
Activité E&P,AST,GSS,OF,Equipment-4743,EQ-04743,combustion,Propane,4112.09,gal,2024,6
Activité E&P,DP,ADR,OF,Equipment-4744,EQ-04744,fugitive,,1937.57,,2023,7
Activité E&P,AST,ISG,GF,Equipment-4745,EQ-04745,drilling,,7638.41,,2024,8
Activité E&P,DP,HBK,GF,Equipment-4746,EQ-04746,fugitive,,1764.42,,2024,3
Activité RPC,RAF,RA1Z,Raffinerie,Equipment-4747,EQ-04747,fugitive,,1586.12,,2024,3
Activité LQS,LSH,GP1Z,GPL,Equipment-4748,EQ-04748,venting,,7843.57,,2024,2
Activité E&P,AST,SH-FCP MLE,GF,Equipment-4749,EQ-04749,fugitive,,8443.11,,2025,11
Activité E&P,DP,RNS,GF,Equipment-4750,EQ-04750,drilling,,4246.03,,2022,10
Activité LQS,LSH,GP1Z,GPL,Equipment-4751,EQ-04751,flaring,Natural Gas,7510.75,scf,2023,2
Activité E&P,AST,GSS,OF,Equipment-4752,EQ-04752,drilling,,6714.16,,2024,1
Activité RPC,RAF,RA1G,Raffinerie,Equipment-4753,EQ-04753,combustion,Natural Gas,4070.63,scf,2023,8
Activité LQS,LSH,GL2Z,GNL,Equipment-4754,EQ-04754,drilling,,5082.05,,2022,2
Activité LQS,LSH,GL3Z,GNL,Equipment-4755,EQ-04755,combustion,Natural Gas,9884.12,scf,2022,8
Activité E&P,AST,GB,OF,Equipment-4756,EQ-04756,fugitive,,2413.4,,2025,7
Activité E&P,DP,OHT,GF,Equipment-4757,EQ-04757,drilling,,183.77,,2024,6
Activité RPC,RAF,RA1Z,Raffinerie,Equipment-4758,EQ-04758,drilling,,4468.3,,2022,4
Activité E&P,DP,HRM,GF,Equipment-4759,EQ-04759,drilling,,7199.14,,2024,6
Activité E&P,AST,OURHOUD,OF,Equipment-4760,EQ-04760,drilling,,4087.08,,2025,6
Activité E&P,AST,ISG,GF,Equipment-4761,EQ-04761,drilling,,5479.87,,2023,12
Activité LQS,LSH,GL2Z,GNL,Equipment-4762,EQ-04762,flaring,Diesel,4843.18,gal,2025,7
Activité E&P,AST,REGGANE,GF,Equipment-4763,EQ-04763,venting,,8730.59,,2025,8
Activité E&P,DP,STAH,OF,Equipment-4764,EQ-04764,venting,,668.8,,2024,12
Activité E&P,DP,GTL,GF,Equipment-4765,EQ-04765,combustion,,7544.44,,2023,9
Activité E&P,DP,GTL,GF,Equipment-4766,EQ-04766,drilling,,4436.31,,2025,5
Activité LQS,LSH,GL3Z,GNL,Equipment-4767,EQ-04767,drilling,,3420.08,,2022,7
Activité E&P,AST,HBR,OF,Equipment-4768,EQ-04768,drilling,,1029.79,,2025,9
Activité LQS,LSH,GP1Z,GPL,Equipment-4769,EQ-04769,combustion,,5858.31,,2023,6
Activité E&P,AST,MLN,OF,Equipment-4770,EQ-04770,venting,,4932.67,,2022,4
Activité E&P,AST,MLN,OF,Equipment-4771,EQ-04771,fugitive,,1724.95,,2022,6
Activité LQS,LSH,GL3Z,GNL,Equipment-4772,EQ-04772,fugitive,,9197.19,,2023,2
Activité E&P,DP,HMD,OF,Equipment-4773,EQ-04773,combustion,Diesel,9925.0,gal,2025,10
Activité E&P,AST,GTG,GF,Equipment-4774,EQ-04774,fugitive,,5833.61,,2024,3
Activité E&P,AST,HBR,OF,Equipment-4775,EQ-04775,flaring,Fuel Gas,4415.0,gal,2023,12
Activité E&P,AST,INA,GF,Equipment-4776,EQ-04776,venting,,1546.41,,2022,7
Activité E&P,AST,GTFT,GF,Equipment-4777,EQ-04777,fugitive,,2692.17,,2022,10
Activité E&P,DP,TFT,GF,Equipment-4778,EQ-04778,venting,,5140.39,,2022,12
Activité RPC,PEC,CP1Z,Pétrochimie,Equipment-4779,EQ-04779,flaring,Natural Gas,8461.0,scf,2023,10
Activité RPC,RAF,RA1K,Raffinerie,Equipment-4780,EQ-04780,fugitive,,9054.27,,2022,8
Activité E&P,AST,INA,GF,Equipment-4781,EQ-04781,drilling,,6697.08,,2023,3
Activité LQS,LSH,GL1K,GNL,Equipment-4782,EQ-04782,combustion,,6672.73,,2023,11
Activité E&P,AST,G SH-ENI,OF,Equipment-4783,EQ-04783,flaring,Propane,598.52,gal,2022,7
Activité RPC,PEC,CP1Z,Pétrochimie,Equipment-4784,EQ-04784,flaring,Natural Gas,8635.84,scf,2022,1
Activité LQS,LSH,GL1K,GNL,Equipment-4785,EQ-04785,flaring,Fuel Gas,4865.99,gal,2022,7
Activité E&P,DP,ADR,OF,Equipment-4786,EQ-04786,venting,,6095.4,,2024,2
Activité RPC,RAF,RA1K,Raffinerie,Equipment-4787,EQ-04787,drilling,,9669.82,,2025,1
Activité E&P,AST,GB,OF,Equipment-4788,EQ-04788,flaring,Natural Gas,6134.1,scf,2024,4
Activité E&P,DP,OHT,GF,Equipment-4789,EQ-04789,drilling,,609.53,,2023,5
Activité E&P,AST,ISG,GF,Equipment-4790,EQ-04790,flaring,Natural Gas,357.52,scf,2024,1
Activité E&P,AST,GTG,GF,Equipment-4791,EQ-04791,venting,,2772.03,,2024,4
Activité RPC,RAF,RA1K,Raffinerie,Equipment-4792,EQ-04792,drilling,,8629.95,,2023,10
Activité E&P,AST,GB,OF,Equipment-4793,EQ-04793,combustion,Fuel Gas,5844.9,gal,2025,11
Activité RPC,RAF,RA1A,Raffinerie,Equipment-4794,EQ-04794,fugitive,,7188.14,,2023,7
Activité RPC,PEC,CPEK,Pétrochimie,Equipment-4795,EQ-04795,drilling,,3879.4,,2023,4
Activité LQS,LSH,GL2Z,GNL,Equipment-4796,EQ-04796,fugitive,,2897.36,,2022,6
Activité E&P,AST,SH-FCP MLE,GF,Equipment-4797,EQ-04797,flaring,Natural Gas,6917.06,scf,2023,4
Activité E&P,AST,GTG,GF,Equipment-4798,EQ-04798,venting,,9782.06,,2025,4
Activité RPC,PEC,CPEK,Pétrochimie,Equipment-4799,EQ-04799,venting,,3885.97,,2025,3
Activité E&P,DP,STAH,OF,Equipment-4800,EQ-04800,flaring,,4191.01,,2023,10
Activité E&P,AST,GTIM,GF,Equipment-4801,EQ-04801,fugitive,,2525.05,,2022,12
Activité E&P,AST,RKF,OF,Equipment-4802,EQ-04802,drilling,,7148.72,,2025,9
Activité E&P,AST,MLN,OF,Equipment-4803,EQ-04803,flaring,,836.34,,2022,8
Activité E&P,AST,REGGANE,GF,Equipment-4804,EQ-04804,venting,,9455.04,,2024,1
Activité RPC,RAF,RA1Z,Raffinerie,Equipment-4805,EQ-04805,fugitive,,8823.11,,2022,1
Activité E&P,DP,STAH,OF,Equipment-4806,EQ-04806,flaring,Propane,6007.78,gal,2023,6
Activité LQS,LSH,GP2Z,GPL,Equipment-4807,EQ-04807,combustion,Propane,5087.33,gal,2023,8
Activité E&P,AST,GSS,OF,Equipment-4808,EQ-04808,drilling,,589.61,,2024,4
Activité E&P,DP,HMD,OF,Equipment-4809,EQ-04809,combustion,Propane,9903.99,gal,2024,12
Activité E&P,AST,GB,OF,Equipment-4810,EQ-04810,combustion,Diesel,6386.58,gal,2023,4
Activité RPC,PEC,CPEK,Pétrochimie,Equipment-4811,EQ-04811,fugitive,,3607.75,,2022,5
Activité E&P,AST,REGGANE,GF,Equipment-4812,EQ-04812,fugitive,,7508.44,,2024,2
Activité E&P,AST,GTG,GF,Equipment-4813,EQ-04813,fugitive,,3521.85,,2025,10
Activité RPC,RAF,RA1Z,Raffinerie,Equipment-4814,EQ-04814,venting,,2171.23,,2025,4
Activité E&P,DP,HMD,OF,Equipment-4815,EQ-04815,fugitive,,7117.75,,2022,2
Activité E&P,AST,GSS,OF,Equipment-4816,EQ-04816,fugitive,,7804.01,,2022,9
Activité E&P,DP,HRM,GF,Equipment-4817,EQ-04817,fugitive,,3875.79,,2023,4
Activité LQS,LSH,GL3Z,GNL,Equipment-4818,EQ-04818,drilling,,8383.01,,2023,2
Activité E&P,AST,REGGANE,GF,Equipment-4819,EQ-04819,combustion,,9560.24,,2022,11
Activité E&P,AST,GSS,OF,Equipment-4820,EQ-04820,flaring,Propane,5060.99,gal,2022,8
Activité E&P,AST,INA,GF,Equipment-4821,EQ-04821,combustion,Diesel,7745.92,gal,2025,9
Activité E&P,AST,BMS,OF,Equipment-4822,EQ-04822,venting,,6613.49,,2023,10
Activité E&P,AST,BRS,OF,Equipment-4823,EQ-04823,flaring,,2132.21,,2023,3
Activité RPC,PEC,CPEK,Pétrochimie,Equipment-4824,EQ-04824,venting,,9006.39,,2023,7
Activité E&P,AST,GB,OF,Equipment-4825,EQ-04825,combustion,Propane,5171.57,gal,2025,4
Activité E&P,DP,INAS,GF,Equipment-4826,EQ-04826,drilling,,7940.96,,2024,4
Activité E&P,DP,REB,OF,Equipment-4827,EQ-04827,drilling,,5167.87,,2024,3
Activité E&P,DP,REB,OF,Equipment-4828,EQ-04828,flaring,,1173.01,,2025,8
Activité RPC,RAF,RA1K,Raffinerie,Equipment-4829,EQ-04829,drilling,,7770.78,,2025,7
Activité LQS,LSH,GL3Z,GNL,Equipment-4830,EQ-04830,fugitive,,3805.41,,2025,3
Activité E&P,AST,BMS,OF,Equipment-4831,EQ-04831,drilling,,8895.23,,2023,5
Activité E&P,AST,OURHOUD,OF,Equipment-4832,EQ-04832,drilling,,2738.13,,2023,7
Activité RPC,RAF,RA1Z,Raffinerie,Equipment-4833,EQ-04833,flaring,Natural Gas,4441.32,scf,2024,7
Activité LQS,LSH,GL1K,GNL,Equipment-4834,EQ-04834,venting,,2136.74,,2023,1
Activité RPC,RAF,RA1Z,Raffinerie,Equipment-4835,EQ-04835,combustion,Propane,789.79,gal,2024,7
Activité RPC,PEC,CP1Z,Pétrochimie,Equipment-4836,EQ-04836,fugitive,,7851.34,,2023,11
Activité E&P,DP,RNS,GF,Equipment-4837,EQ-04837,combustion,Fuel Gas,4447.05,gal,2025,7
Activité E&P,AST,GTIM,GF,Equipment-4838,EQ-04838,venting,,9650.71,,2024,9
Activité RPC,RAF,RA1G,Raffinerie,Equipment-4839,EQ-04839,fugitive,,5267.75,,2022,6
Activité LQS,LSH,GP1Z,GPL,Equipment-4840,EQ-04840,combustion,Natural Gas,5873.27,scf,2025,8
Activité E&P,DP,INAS,GF,Equipment-4841,EQ-04841,venting,,1250.7,,2022,1
Activité E&P,DP,GTL,GF,Equipment-4842,EQ-04842,flaring,Natural Gas,5437.49,scf,2022,8
Activité E&P,DP,RNS,GF,Equipment-4843,EQ-04843,venting,,469.57,,2024,8
Activité LQS,LSH,GL3Z,GNL,Equipment-4844,EQ-04844,flaring,Propane,3949.64,gal,2022,4
Activité E&P,AST,SH-FCP MLE,GF,Equipment-4845,EQ-04845,drilling,,6285.79,,2024,8
Activité E&P,AST,OURHOUD,OF,Equipment-4846,EQ-04846,drilling,,7215.36,,2024,3
Activité E&P,DP,HRM,GF,Equipment-4847,EQ-04847,combustion,Diesel,9235.56,gal,2022,10
Activité E&P,DP,STAH,OF,Equipment-4848,EQ-04848,combustion,Fuel Gas,8630.64,gal,2025,1
Activité E&P,AST,INA,GF,Equipment-4849,EQ-04849,venting,,1095.25,,2023,4
Activité RPC,RAF,RA1K,Raffinerie,Equipment-4850,EQ-04850,drilling,,4990.19,,2024,6
Activité E&P,AST,G SH-ENI,OF,Equipment-4851,EQ-04851,drilling,,4843.6,,2024,4
Activité E&P,AST,HBR,OF,Equipment-4852,EQ-04852,combustion,,5104.84,,2025,7
Activité E&P,AST,INA,GF,Equipment-4853,EQ-04853,venting,,5182.72,,2024,4
Activité E&P,DP,TFT,GF,Equipment-4854,EQ-04854,drilling,,3937.04,,2022,1
Activité E&P,AST,GTIM,GF,Equipment-4855,EQ-04855,fugitive,,3706.74,,2023,3
Activité RPC,RAF,RA1G,Raffinerie,Equipment-4856,EQ-04856,combustion,Propane,1933.26,gal,2024,2
Activité E&P,AST,GTG,GF,Equipment-4857,EQ-04857,flaring,Natural Gas,9444.08,scf,2023,7
Activité E&P,AST,BMS,OF,Equipment-4858,EQ-04858,drilling,,4953.34,,2024,11
Activité RPC,RAF,RA1Z,Raffinerie,Equipment-4859,EQ-04859,drilling,,9230.69,,2024,4
Activité E&P,DP,STAH,OF,Equipment-4860,EQ-04860,fugitive,,494.55,,2023,5
Activité E&P,AST,MLN,OF,Equipment-4861,EQ-04861,fugitive,,4583.58,,2023,9
Activité LQS,LSH,GP1Z,GPL,Equipment-4862,EQ-04862,drilling,,1071.37,,2023,11
Activité E&P,DP,HMD,OF,Equipment-4863,EQ-04863,flaring,Fuel Gas,35.56,gal,2023,12
Activité E&P,AST,GSS,OF,Equipment-4864,EQ-04864,venting,,1739.99,,2022,7
Activité E&P,AST,GB,OF,Equipment-4865,EQ-04865,flaring,,1920.82,,2025,12
Activité E&P,AST,INA,GF,Equipment-4866,EQ-04866,drilling,,5315.44,,2024,3
Activité E&P,AST,REGGANE,GF,Equipment-4867,EQ-04867,flaring,Propane,2266.65,gal,2023,11
Activité E&P,AST,GTFT,GF,Equipment-4868,EQ-04868,combustion,Fuel Gas,4793.23,gal,2022,5
Activité LQS,LSH,GP1Z,GPL,Equipment-4869,EQ-04869,drilling,,1197.7,,2025,11
Activité E&P,DP,ADR,OF,Equipment-4870,EQ-04870,flaring,,2665.03,,2023,10
Activité LQS,LSH,GL1Z,GNL,Equipment-4871,EQ-04871,fugitive,,4268.04,,2023,2
Activité LQS,LSH,GL3Z,GNL,Equipment-4872,EQ-04872,fugitive,,5676.41,,2025,2
Activité E&P,AST,GTFT,GF,Equipment-4873,EQ-04873,drilling,,4629.04,,2023,2
Activité E&P,AST,RKF,OF,Equipment-4874,EQ-04874,combustion,Diesel,6155.05,gal,2022,12
Activité E&P,AST,G SH-ENI,OF,Equipment-4875,EQ-04875,flaring,Natural Gas,3756.38,scf,2024,6
Activité E&P,AST,GTFT,GF,Equipment-4876,EQ-04876,drilling,,5790.53,,2022,6
Activité E&P,AST,GTG,GF,Equipment-4877,EQ-04877,venting,,9401.96,,2023,11
Activité E&P,DP,REB,OF,Equipment-4878,EQ-04878,flaring,,5769.65,,2022,3
Activité RPC,PEC,CP1Z,Pétrochimie,Equipment-4879,EQ-04879,flaring,Propane,3326.67,gal,2022,10
Activité E&P,DP,TFT,GF,Equipment-4880,EQ-04880,combustion,Diesel,212.95,gal,2022,6
Activité E&P,AST,MLN,OF,Equipment-4881,EQ-04881,combustion,Diesel,3280.44,gal,2023,1
Activité E&P,AST,SH-FCP MLE,GF,Equipment-4882,EQ-04882,drilling,,1015.9,,2023,2
Activité LQS,LSH,GL1Z,GNL,Equipment-4883,EQ-04883,combustion,Fuel Gas,1040.16,gal,2023,2
Activité E&P,DP,REB,OF,Equipment-4884,EQ-04884,drilling,,8966.81,,2024,6
Activité E&P,AST,GTG,GF,Equipment-4885,EQ-04885,fugitive,,6415.38,,2024,10
Activité LQS,LSH,GL3Z,GNL,Equipment-4886,EQ-04886,fugitive,,4864.75,,2025,4
Activité LQS,LSH,GL1K,GNL,Equipment-4887,EQ-04887,flaring,Diesel,3035.26,gal,2025,5
Activité E&P,AST,GTG,GF,Equipment-4888,EQ-04888,venting,,878.54,,2023,12
Activité LQS,LSH,GL3Z,GNL,Equipment-4889,EQ-04889,combustion,Propane,527.2,gal,2023,1
Activité E&P,AST,RKF,OF,Equipment-4890,EQ-04890,drilling,,6351.28,,2025,1
Activité E&P,AST,BMS,OF,Equipment-4891,EQ-04891,drilling,,3953.4,,2025,9
Activité E&P,AST,G SH-ENI,OF,Equipment-4892,EQ-04892,combustion,Natural Gas,9086.42,scf,2024,12
Activité E&P,AST,HBR,OF,Equipment-4893,EQ-04893,combustion,Fuel Gas,6039.8,gal,2023,9
Activité E&P,AST,ISG,GF,Equipment-4894,EQ-04894,flaring,Diesel,6826.12,gal,2022,10
Activité E&P,DP,HMD,OF,Equipment-4895,EQ-04895,fugitive,,8702.58,,2024,10
Activité E&P,DP,OHT,GF,Equipment-4896,EQ-04896,venting,,2725.29,,2025,7
Activité E&P,AST,GTFT,GF,Equipment-4897,EQ-04897,combustion,,4848.18,,2023,5
Activité RPC,RAF,RA1G,Raffinerie,Equipment-4898,EQ-04898,drilling,,468.44,,2024,7
Activité E&P,AST,GTFT,GF,Equipment-4899,EQ-04899,venting,,4352.41,,2023,12
Activité RPC,RAF,RA1K,Raffinerie,Equipment-4900,EQ-04900,fugitive,,1244.32,,2022,8
Activité E&P,DP,REB,OF,Equipment-4901,EQ-04901,drilling,,3653.1,,2024,11
Activité RPC,RAF,RA1A,Raffinerie,Equipment-4902,EQ-04902,flaring,Propane,7242.65,gal,2023,11
Activité E&P,AST,INA,GF,Equipment-4903,EQ-04903,drilling,,5025.52,,2023,8
Activité E&P,DP,HBK,GF,Equipment-4904,EQ-04904,flaring,Propane,5761.82,gal,2024,11
Activité E&P,AST,GSS,OF,Equipment-4905,EQ-04905,drilling,,4251.52,,2023,7
Activité RPC,RAF,RA1Z,Raffinerie,Equipment-4906,EQ-04906,drilling,,7899.92,,2024,10
Activité RPC,RAF,RA1Z,Raffinerie,Equipment-4907,EQ-04907,flaring,Natural Gas,6294.03,scf,2023,6
Activité E&P,AST,OURHOUD,OF,Equipment-4908,EQ-04908,flaring,Fuel Gas,991.68,gal,2023,6
Activité E&P,AST,GTFT,GF,Equipment-4909,EQ-04909,fugitive,,1924.78,,2022,4
Activité LQS,LSH,GP1Z,GPL,Equipment-4910,EQ-04910,venting,,1990.38,,2022,10
Activité E&P,AST,SH-FCP MLE,GF,Equipment-4911,EQ-04911,flaring,Natural Gas,9130.01,scf,2023,3
Activité E&P,AST,GSS,OF,Equipment-4912,EQ-04912,combustion,Natural Gas,732.11,scf,2025,5
Activité E&P,DP,GTL,GF,Equipment-4913,EQ-04913,fugitive,,1575.03,,2023,8
Activité RPC,RAF,RA1K,Raffinerie,Equipment-4914,EQ-04914,fugitive,,6241.71,,2024,2
Activité LQS,LSH,GP2Z,GPL,Equipment-4915,EQ-04915,flaring,Propane,1526.29,gal,2024,2
Activité E&P,AST,G SH-ENI,OF,Equipment-4916,EQ-04916,combustion,,5402.63,,2022,7
Activité RPC,PEC,CPEK,Pétrochimie,Equipment-4917,EQ-04917,venting,,3318.09,,2024,12
Activité E&P,DP,HRM,GF,Equipment-4918,EQ-04918,venting,,7598.64,,2025,12
Activité E&P,AST,HBR,OF,Equipment-4919,EQ-04919,combustion,Fuel Gas,455.76,gal,2024,6
Activité E&P,DP,REB,OF,Equipment-4920,EQ-04920,drilling,,1330.95,,2024,2
Activité RPC,PEC,CPEK,Pétrochimie,Equipment-4921,EQ-04921,drilling,,2908.33,,2025,6
Activité E&P,DP,OHT,GF,Equipment-4922,EQ-04922,flaring,Diesel,6817.08,gal,2023,6
Activité E&P,DP,GTL,GF,Equipment-4923,EQ-04923,fugitive,,7649.37,,2024,12
Activité E&P,AST,GSS,OF,Equipment-4924,EQ-04924,drilling,,1892.35,,2023,4
Activité E&P,AST,BRS,OF,Equipment-4925,EQ-04925,venting,,8018.27,,2023,7
Activité E&P,DP,RNS,GF,Equipment-4926,EQ-04926,fugitive,,1914.52,,2024,3
Activité LQS,LSH,GL1K,GNL,Equipment-4927,EQ-04927,venting,,1902.32,,2023,7
Activité E&P,AST,SH-FCP MLE,GF,Equipment-4928,EQ-04928,fugitive,,2720.81,,2023,1
Activité E&P,AST,GTFT,GF,Equipment-4929,EQ-04929,flaring,Natural Gas,6573.63,scf,2024,2
Activité E&P,AST,GTG,GF,Equipment-4930,EQ-04930,drilling,,2622.67,,2022,9
Activité RPC,RAF,RA1K,Raffinerie,Equipment-4931,EQ-04931,fugitive,,4533.04,,2022,8
Activité E&P,AST,BMS,OF,Equipment-4932,EQ-04932,fugitive,,5372.59,,2025,1
Activité E&P,AST,GSS,OF,Equipment-4933,EQ-04933,fugitive,,7249.74,,2025,1
Activité E&P,DP,HBK,GF,Equipment-4934,EQ-04934,flaring,Diesel,2722.0,gal,2025,9
Activité E&P,AST,G SH-ENI,OF,Equipment-4935,EQ-04935,drilling,,9073.71,,2022,9
Activité RPC,RAF,RA1A,Raffinerie,Equipment-4936,EQ-04936,fugitive,,2718.61,,2022,11
Activité E&P,AST,G SH-ENI,OF,Equipment-4937,EQ-04937,fugitive,,3783.15,,2022,3
Activité E&P,DP,STAH,OF,Equipment-4938,EQ-04938,combustion,Natural Gas,297.58,scf,2024,6
Activité E&P,AST,HBR,OF,Equipment-4939,EQ-04939,combustion,Natural Gas,5688.41,scf,2022,8
Activité E&P,DP,RNS,GF,Equipment-4940,EQ-04940,flaring,Propane,1989.45,gal,2025,6
Activité E&P,DP,INAS,GF,Equipment-4941,EQ-04941,combustion,Propane,4851.59,gal,2024,4
Activité E&P,AST,RKF,OF,Equipment-4942,EQ-04942,combustion,Fuel Gas,4909.01,gal,2025,8
Activité RPC,RAF,RA1A,Raffinerie,Equipment-4943,EQ-04943,combustion,Propane,901.93,gal,2023,1
Activité E&P,DP,GTL,GF,Equipment-4944,EQ-04944,combustion,Natural Gas,1220.92,scf,2022,11
Activité E&P,AST,ISG,GF,Equipment-4945,EQ-04945,fugitive,,6396.87,,2024,9
Activité E&P,AST,GSS,OF,Equipment-4946,EQ-04946,flaring,Diesel,7605.52,gal,2023,8
Activité RPC,PEC,CP1Z,Pétrochimie,Equipment-4947,EQ-04947,flaring,Diesel,4098.67,gal,2023,11
Activité E&P,AST,BMS,OF,Equipment-4948,EQ-04948,combustion,Diesel,1365.51,gal,2022,9
Activité RPC,RAF,RA1G,Raffinerie,Equipment-4949,EQ-04949,venting,,6097.64,,2022,1
Activité E&P,AST,OURHOUD,OF,Equipment-4950,EQ-04950,flaring,Propane,7809.89,gal,2023,11
Activité E&P,AST,GTIM,GF,Equipment-4951,EQ-04951,fugitive,,7589.1,,2023,5
Activité E&P,AST,RKF,OF,Equipment-4952,EQ-04952,venting,,5704.08,,2025,8
Activité RPC,RAF,RA1G,Raffinerie,Equipment-4953,EQ-04953,fugitive,,6080.37,,2023,12
Activité E&P,DP,OHT,GF,Equipment-4954,EQ-04954,combustion,Fuel Gas,2652.97,gal,2024,11
Activité RPC,RAF,RA1G,Raffinerie,Equipment-4955,EQ-04955,drilling,,664.71,,2023,10
Activité LQS,LSH,GP1Z,GPL,Equipment-4956,EQ-04956,fugitive,,2661.03,,2025,4
Activité LQS,LSH,GP1Z,GPL,Equipment-4957,EQ-04957,fugitive,,1403.25,,2023,3
Activité E&P,AST,GB,OF,Equipment-4958,EQ-04958,flaring,Fuel Gas,4399.66,gal,2025,4
Activité E&P,AST,BRS,OF,Equipment-4959,EQ-04959,flaring,Propane,2400.74,gal,2025,5
Activité E&P,AST,SH-FCP MLE,GF,Equipment-4960,EQ-04960,fugitive,,4323.98,,2022,11
Activité E&P,DP,HRM,GF,Equipment-4961,EQ-04961,drilling,,7545.74,,2023,8
Activité E&P,AST,INA,GF,Equipment-4962,EQ-04962,flaring,Diesel,3956.22,gal,2024,5
Activité E&P,AST,GTIM,GF,Equipment-4963,EQ-04963,venting,,7099.89,,2022,8
Activité E&P,AST,GTG,GF,Equipment-4964,EQ-04964,venting,,6333.84,,2025,6
Activité LQS,LSH,GL2Z,GNL,Equipment-4965,EQ-04965,fugitive,,1431.49,,2023,12
Activité LQS,LSH,GL1K,GNL,Equipment-4966,EQ-04966,combustion,Natural Gas,5465.1,scf,2025,12
Activité E&P,AST,BRS,OF,Equipment-4967,EQ-04967,fugitive,,6629.91,,2024,10
Activité E&P,AST,MLN,OF,Equipment-4968,EQ-04968,drilling,,6912.71,,2022,3
Activité E&P,AST,BMS,OF,Equipment-4969,EQ-04969,drilling,,166.76,,2022,3
Activité E&P,AST,GTFT,GF,Equipment-4970,EQ-04970,fugitive,,7739.78,,2023,4
Activité RPC,RAF,RA1A,Raffinerie,Equipment-4971,EQ-04971,combustion,Diesel,5373.73,gal,2025,11
Activité RPC,PEC,CP1Z,Pétrochimie,Equipment-4972,EQ-04972,fugitive,,4299.2,,2023,5
Activité E&P,AST,INA,GF,Equipment-4973,EQ-04973,drilling,,7049.81,,2022,5
Activité E&P,DP,OHT,GF,Equipment-4974,EQ-04974,combustion,Diesel,4443.69,gal,2022,6
Activité LQS,LSH,GL1K,GNL,Equipment-4975,EQ-04975,combustion,Propane,6857.8,gal,2024,12
Activité E&P,AST,G SH-ENI,OF,Equipment-4976,EQ-04976,flaring,Diesel,1718.38,gal,2022,9
Activité LQS,LSH,GL1K,GNL,Equipment-4977,EQ-04977,combustion,Fuel Gas,4853.06,gal,2022,3
Activité E&P,DP,STAH,OF,Equipment-4978,EQ-04978,venting,,5346.95,,2022,8
Activité LQS,LSH,GL1K,GNL,Equipment-4979,EQ-04979,combustion,Diesel,2319.69,gal,2023,1
Activité E&P,DP,TFT,GF,Equipment-4980,EQ-04980,combustion,Natural Gas,1467.25,scf,2023,1
Activité RPC,PEC,CPEK,Pétrochimie,Equipment-4981,EQ-04981,drilling,,8925.8,,2025,1
Activité E&P,DP,GTL,GF,Equipment-4982,EQ-04982,drilling,,6075.23,,2022,4
Activité E&P,AST,GTG,GF,Equipment-4983,EQ-04983,drilling,,6661.3,,2023,9
Activité E&P,AST,GTIM,GF,Equipment-4984,EQ-04984,flaring,,6262.96,,2022,8
Activité E&P,AST,GB,OF,Equipment-4985,EQ-04985,combustion,Natural Gas,7230.08,scf,2023,3
Activité E&P,AST,GTIM,GF,Equipment-4986,EQ-04986,combustion,Fuel Gas,9012.26,gal,2023,11
Activité E&P,AST,RKF,OF,Equipment-4987,EQ-04987,venting,,1932.61,,2022,9
Activité E&P,AST,GTG,GF,Equipment-4988,EQ-04988,combustion,Natural Gas,2647.6,scf,2025,3
Activité LQS,LSH,GP2Z,GPL,Equipment-4989,EQ-04989,drilling,,2360.75,,2025,2
Activité E&P,AST,REGGANE,GF,Equipment-4990,EQ-04990,flaring,Natural Gas,957.85,scf,2022,10
Activité LQS,LSH,GL3Z,GNL,Equipment-4991,EQ-04991,fugitive,,5578.02,,2025,12
Activité E&P,AST,OURHOUD,OF,Equipment-4992,EQ-04992,fugitive,,6854.63,,2022,11
Activité E&P,AST,HBR,OF,Equipment-4993,EQ-04993,venting,,5196.81,,2024,4
Activité E&P,AST,OURHOUD,OF,Equipment-4994,EQ-04994,fugitive,,1852.14,,2022,10
Activité E&P,DP,HMD,OF,Equipment-4995,EQ-04995,venting,,6693.49,,2022,8
Activité E&P,AST,SH-FCP MLE,GF,Equipment-4996,EQ-04996,flaring,Fuel Gas,5304.32,gal,2024,12
Activité E&P,DP,HMD,OF,Equipment-4997,EQ-04997,combustion,,3010.29,,2023,8
Activité E&P,AST,BRS,OF,Equipment-4998,EQ-04998,drilling,,5009.14,,2023,3
Activité E&P,DP,HBK,GF,Equipment-4999,EQ-04999,combustion,,5565.09,,2024,8
Activité E&P,AST,BRS,OF,Equipment-5000,EQ-05000,fugitive,,7169.04,,2024,9
Activité E&P,AST,INA,GF,Equipment-5001,EQ-05001,fugitive,,4106.76,,2023,8
Activité LQS,LSH,GP1Z,GPL,Equipment-5002,EQ-05002,fugitive,,6016.33,,2024,9
Activité E&P,DP,HMD,OF,Equipment-5003,EQ-05003,drilling,,5349.94,,2025,11
Activité RPC,RAF,RA1G,Raffinerie,Equipment-5004,EQ-05004,venting,,1716.48,,2025,10
Activité E&P,AST,SH-FCP MLE,GF,Equipment-5005,EQ-05005,combustion,Propane,1032.74,gal,2023,5
Activité E&P,DP,STAH,OF,Equipment-5006,EQ-05006,drilling,,9827.16,,2022,11
Activité E&P,DP,STAH,OF,Equipment-5007,EQ-05007,venting,,8362.76,,2022,11
Activité E&P,DP,RNS,GF,Equipment-5008,EQ-05008,venting,,4630.18,,2025,2
Activité LQS,LSH,GL1Z,GNL,Equipment-5009,EQ-05009,combustion,Natural Gas,1157.49,scf,2022,9
Activité E&P,DP,ADR,OF,Equipment-5010,EQ-05010,drilling,,2857.42,,2025,7
Activité E&P,AST,INA,GF,Equipment-5011,EQ-05011,venting,,7031.28,,2022,9
Activité E&P,AST,BMS,OF,Equipment-5012,EQ-05012,combustion,Propane,8674.22,gal,2025,11
Activité E&P,DP,REB,OF,Equipment-5013,EQ-05013,combustion,Propane,176.8,gal,2024,9
Activité E&P,AST,REGGANE,GF,Equipment-5014,EQ-05014,flaring,,1597.57,,2024,8
Activité E&P,DP,ADR,OF,Equipment-5015,EQ-05015,drilling,,1502.09,,2023,2
Activité RPC,RAF,RA1G,Raffinerie,Equipment-5016,EQ-05016,combustion,Natural Gas,9216.27,scf,2024,8
Activité RPC,PEC,CP1Z,Pétrochimie,Equipment-5017,EQ-05017,combustion,Fuel Gas,9503.85,gal,2022,5
Activité E&P,AST,SH-FCP MLE,GF,Equipment-5018,EQ-05018,fugitive,,6749.14,,2023,3
Activité LQS,LSH,GP1Z,GPL,Equipment-5019,EQ-05019,venting,,4102.9,,2022,8
Activité LQS,LSH,GL1Z,GNL,Equipment-5020,EQ-05020,drilling,,9182.57,,2022,3
Activité E&P,DP,STAH,OF,Equipment-5021,EQ-05021,venting,,2934.06,,2023,9
Activité E&P,DP,HRM,GF,Equipment-5022,EQ-05022,fugitive,,7155.73,,2025,7
Activité E&P,AST,SH-FCP MLE,GF,Equipment-5023,EQ-05023,drilling,,8750.54,,2023,8
Activité E&P,AST,INA,GF,Equipment-5024,EQ-05024,flaring,,1991.8,,2022,5
Activité E&P,AST,GB,OF,Equipment-5025,EQ-05025,flaring,,4281.07,,2023,6
Activité E&P,AST,BMS,OF,Equipment-5026,EQ-05026,combustion,Natural Gas,7385.4,scf,2023,9
Activité LQS,LSH,GP2Z,GPL,Equipment-5027,EQ-05027,venting,,6923.92,,2024,7
Activité E&P,DP,TFT,GF,Equipment-5028,EQ-05028,drilling,,2777.13,,2022,1
Activité E&P,DP,RNS,GF,Equipment-5029,EQ-05029,flaring,,4656.09,,2025,12
Activité E&P,DP,REB,OF,Equipment-5030,EQ-05030,venting,,2132.38,,2022,3
Activité E&P,AST,SH-FCP MLE,GF,Equipment-5031,EQ-05031,combustion,Propane,6074.41,gal,2022,5
Activité LQS,LSH,GL3Z,GNL,Equipment-5032,EQ-05032,venting,,8201.84,,2025,4
Activité E&P,DP,STAH,OF,Equipment-5033,EQ-05033,fugitive,,4255.19,,2022,11
Activité E&P,AST,BMS,OF,Equipment-5034,EQ-05034,venting,,1668.86,,2022,5
Activité E&P,AST,RKF,OF,Equipment-5035,EQ-05035,fugitive,,3950.86,,2024,3
Activité E&P,AST,REGGANE,GF,Equipment-5036,EQ-05036,combustion,Fuel Gas,5353.55,gal,2025,5
Activité E&P,DP,HMD,OF,Equipment-5037,EQ-05037,combustion,Diesel,714.07,gal,2023,9
Activité E&P,DP,STAH,OF,Equipment-5038,EQ-05038,drilling,,4783.88,,2022,10
Activité E&P,DP,ADR,OF,Equipment-5039,EQ-05039,combustion,Fuel Gas,9660.54,gal,2024,11
Activité E&P,DP,HMD,OF,Equipment-5040,EQ-05040,flaring,Diesel,4048.92,gal,2022,4
Activité E&P,AST,GTIM,GF,Equipment-5041,EQ-05041,flaring,Diesel,3491.51,gal,2023,8
Activité E&P,AST,GSS,OF,Equipment-5042,EQ-05042,combustion,Natural Gas,3548.98,scf,2022,3
Activité E&P,AST,MLN,OF,Equipment-5043,EQ-05043,flaring,Fuel Gas,6833.28,gal,2022,5
Activité E&P,DP,RNS,GF,Equipment-5044,EQ-05044,flaring,,1203.97,,2025,8
Activité LQS,LSH,GL3Z,GNL,Equipment-5045,EQ-05045,drilling,,6273.47,,2022,1
Activité LQS,LSH,GP1Z,GPL,Equipment-5046,EQ-05046,venting,,3809.03,,2023,3
Activité E&P,DP,RNS,GF,Equipment-5047,EQ-05047,drilling,,8811.79,,2024,6
Activité E&P,DP,ADR,OF,Equipment-5048,EQ-05048,venting,,3117.66,,2022,8
Activité LQS,LSH,GL3Z,GNL,Equipment-5049,EQ-05049,flaring,Diesel,1082.15,gal,2024,1
Activité E&P,DP,REB,OF,Equipment-5050,EQ-05050,combustion,Propane,5587.98,gal,2025,12
Activité E&P,DP,HRM,GF,Equipment-5051,EQ-05051,fugitive,,4782.55,,2022,9
Activité E&P,DP,RNS,GF,Equipment-5052,EQ-05052,flaring,Natural Gas,6218.22,scf,2024,2
Activité RPC,PEC,CPEK,Pétrochimie,Equipment-5053,EQ-05053,fugitive,,586.27,,2024,6
Activité E&P,DP,HMD,OF,Equipment-5054,EQ-05054,drilling,,7955.19,,2022,4
Activité E&P,DP,TFT,GF,Equipment-5055,EQ-05055,venting,,2248.61,,2023,3
Activité E&P,AST,MLN,OF,Equipment-5056,EQ-05056,flaring,Propane,8440.42,gal,2023,5
Activité E&P,AST,MLN,OF,Equipment-5057,EQ-05057,venting,,7056.86,,2024,8
Activité E&P,DP,HMD,OF,Equipment-5058,EQ-05058,combustion,Natural Gas,7258.19,scf,2022,1
Activité RPC,RAF,RA1Z,Raffinerie,Equipment-5059,EQ-05059,venting,,7909.51,,2023,1
Activité LQS,LSH,GL1K,GNL,Equipment-5060,EQ-05060,combustion,Propane,8475.35,gal,2025,6
Activité LQS,LSH,GL1K,GNL,Equipment-5061,EQ-05061,combustion,Propane,4086.59,gal,2023,4
Activité LQS,LSH,GL1Z,GNL,Equipment-5062,EQ-05062,drilling,,7654.49,,2023,8
Activité E&P,AST,ISG,GF,Equipment-5063,EQ-05063,drilling,,2529.24,,2024,4
Activité E&P,DP,STAH,OF,Equipment-5064,EQ-05064,flaring,Propane,1456.42,gal,2024,10
Activité E&P,AST,GTIM,GF,Equipment-5065,EQ-05065,drilling,,8668.31,,2025,7
Activité RPC,RAF,RA1A,Raffinerie,Equipment-5066,EQ-05066,flaring,,3066.1,,2025,5
Activité E&P,DP,HMD,OF,Equipment-5067,EQ-05067,venting,,5729.03,,2022,3
Activité RPC,RAF,RA1Z,Raffinerie,Equipment-5068,EQ-05068,fugitive,,4368.0,,2022,8
Activité RPC,RAF,RA1A,Raffinerie,Equipment-5069,EQ-05069,fugitive,,9855.0,,2022,12
Activité E&P,AST,GTG,GF,Equipment-5070,EQ-05070,flaring,Fuel Gas,9233.87,gal,2022,9
Activité E&P,DP,INAS,GF,Equipment-5071,EQ-05071,fugitive,,2574.7,,2022,10
Activité E&P,DP,ADR,OF,Equipment-5072,EQ-05072,drilling,,2785.64,,2023,6
Activité E&P,AST,BMS,OF,Equipment-5073,EQ-05073,combustion,Diesel,371.62,gal,2024,2
Activité E&P,AST,RKF,OF,Equipment-5074,EQ-05074,flaring,,7911.66,,2023,4
Activité E&P,AST,INA,GF,Equipment-5075,EQ-05075,fugitive,,1384.9,,2024,8
Activité E&P,DP,REB,OF,Equipment-5076,EQ-05076,venting,,9322.7,,2025,2
Activité RPC,PEC,CPEK,Pétrochimie,Equipment-5077,EQ-05077,combustion,Propane,7844.58,gal,2023,3
Activité E&P,AST,OURHOUD,OF,Equipment-5078,EQ-05078,flaring,Diesel,6418.44,gal,2024,1
Activité E&P,DP,OHT,GF,Equipment-5079,EQ-05079,flaring,,4547.65,,2024,3
Activité E&P,AST,GTFT,GF,Equipment-5080,EQ-05080,combustion,,5532.39,,2024,4
Activité LQS,LSH,GL3Z,GNL,Equipment-5081,EQ-05081,venting,,4291.33,,2022,3
Activité E&P,DP,STAH,OF,Equipment-5082,EQ-05082,combustion,Fuel Gas,2157.38,gal,2024,2
Activité E&P,DP,REB,OF,Equipment-5083,EQ-05083,venting,,963.11,,2023,6
Activité E&P,DP,RNS,GF,Equipment-5084,EQ-05084,drilling,,2521.55,,2024,11
Activité E&P,DP,RNS,GF,Equipment-5085,EQ-05085,fugitive,,4924.87,,2024,9
Activité E&P,DP,STAH,OF,Equipment-5086,EQ-05086,combustion,Diesel,4448.03,gal,2023,3
Activité E&P,AST,REGGANE,GF,Equipment-5087,EQ-05087,flaring,Propane,5937.23,gal,2025,8
Activité LQS,LSH,GP2Z,GPL,Equipment-5088,EQ-05088,drilling,,6281.71,,2023,3
Activité E&P,DP,GTL,GF,Equipment-5089,EQ-05089,flaring,Fuel Gas,7782.33,gal,2025,7
Activité E&P,AST,HBR,OF,Equipment-5090,EQ-05090,combustion,Propane,6173.67,gal,2023,6
Activité RPC,RAF,RA1K,Raffinerie,Equipment-5091,EQ-05091,fugitive,,7091.36,,2022,6
Activité E&P,AST,SH-FCP MLE,GF,Equipment-5092,EQ-05092,fugitive,,311.76,,2022,8
Activité E&P,AST,RKF,OF,Equipment-5093,EQ-05093,drilling,,5742.26,,2022,10
Activité E&P,AST,OURHOUD,OF,Equipment-5094,EQ-05094,venting,,6893.9,,2022,3
Activité RPC,PEC,CPEK,Pétrochimie,Equipment-5095,EQ-05095,fugitive,,2267.99,,2022,8
Activité RPC,RAF,RA1A,Raffinerie,Equipment-5096,EQ-05096,combustion,Natural Gas,6860.93,scf,2022,1
Activité E&P,DP,OHT,GF,Equipment-5097,EQ-05097,drilling,,3594.81,,2022,6
Activité E&P,AST,REGGANE,GF,Equipment-5098,EQ-05098,fugitive,,6744.08,,2023,2
Activité E&P,AST,OURHOUD,OF,Equipment-5099,EQ-05099,flaring,,4596.86,,2023,3
Activité E&P,AST,ISG,GF,Equipment-5100,EQ-05100,venting,,239.69,,2023,4
Activité E&P,AST,BRS,OF,Equipment-5101,EQ-05101,fugitive,,8963.45,,2022,6
Activité RPC,RAF,RA1G,Raffinerie,Equipment-5102,EQ-05102,fugitive,,2540.28,,2025,12
Activité LQS,LSH,GL2Z,GNL,Equipment-5103,EQ-05103,flaring,,399.16,,2023,1
Activité E&P,DP,HRM,GF,Equipment-5104,EQ-05104,combustion,,7205.35,,2024,8
Activité LQS,LSH,GL1K,GNL,Equipment-5105,EQ-05105,combustion,,2398.93,,2022,3
Activité E&P,AST,BRS,OF,Equipment-5106,EQ-05106,venting,,2043.51,,2025,6
Activité E&P,DP,HRM,GF,Equipment-5107,EQ-05107,flaring,Propane,9902.68,gal,2024,12
Activité E&P,DP,STAH,OF,Equipment-5108,EQ-05108,flaring,Diesel,6704.63,gal,2025,10
Activité E&P,AST,OURHOUD,OF,Equipment-5109,EQ-05109,drilling,,9548.52,,2023,3
Activité E&P,DP,TFT,GF,Equipment-5110,EQ-05110,combustion,Natural Gas,4791.22,scf,2025,5
Activité E&P,AST,ISG,GF,Equipment-5111,EQ-05111,drilling,,3815.14,,2023,12
Activité E&P,AST,ISG,GF,Equipment-5112,EQ-05112,venting,,7651.94,,2024,3
Activité LQS,LSH,GL3Z,GNL,Equipment-5113,EQ-05113,drilling,,2772.61,,2024,3
Activité E&P,DP,TFT,GF,Equipment-5114,EQ-05114,combustion,,7645.19,,2023,9
Activité E&P,AST,BMS,OF,Equipment-5115,EQ-05115,drilling,,2951.78,,2022,1
Activité LQS,LSH,GP2Z,GPL,Equipment-5116,EQ-05116,drilling,,4318.91,,2024,12
Activité E&P,AST,REGGANE,GF,Equipment-5117,EQ-05117,flaring,,5028.04,,2022,3
Activité E&P,AST,SH-FCP MLE,GF,Equipment-5118,EQ-05118,fugitive,,8940.05,,2024,6
Activité E&P,AST,BMS,OF,Equipment-5119,EQ-05119,flaring,Natural Gas,4877.33,scf,2023,1
Activité RPC,RAF,RA1K,Raffinerie,Equipment-5120,EQ-05120,fugitive,,6867.16,,2025,3
Activité E&P,DP,STAH,OF,Equipment-5121,EQ-05121,fugitive,,1059.41,,2024,9
Activité RPC,RAF,RA1K,Raffinerie,Equipment-5122,EQ-05122,venting,,4853.68,,2023,7
Activité LQS,LSH,GP2Z,GPL,Equipment-5123,EQ-05123,drilling,,2913.45,,2024,11
Activité E&P,AST,BRS,OF,Equipment-5124,EQ-05124,drilling,,7755.03,,2023,4
Activité E&P,DP,OHT,GF,Equipment-5125,EQ-05125,flaring,,761.76,,2025,12
Activité RPC,RAF,RA1A,Raffinerie,Equipment-5126,EQ-05126,combustion,,1862.06,,2025,8
Activité LQS,LSH,GL2Z,GNL,Equipment-5127,EQ-05127,flaring,Diesel,232.76,gal,2022,1
Activité RPC,RAF,RA1A,Raffinerie,Equipment-5128,EQ-05128,combustion,,5401.49,,2022,5
Activité E&P,AST,MLN,OF,Equipment-5129,EQ-05129,fugitive,,2914.26,,2024,9
Activité E&P,AST,GB,OF,Equipment-5130,EQ-05130,combustion,Diesel,962.0,gal,2024,11
Activité E&P,AST,GTG,GF,Equipment-5131,EQ-05131,flaring,Natural Gas,1749.71,scf,2023,10
Activité RPC,RAF,RA1Z,Raffinerie,Equipment-5132,EQ-05132,drilling,,9666.14,,2024,6
Activité E&P,DP,ADR,OF,Equipment-5133,EQ-05133,flaring,,1081.13,,2023,10
Activité LQS,LSH,GP2Z,GPL,Equipment-5134,EQ-05134,fugitive,,2680.35,,2023,9
Activité E&P,DP,HMD,OF,Equipment-5135,EQ-05135,venting,,1880.96,,2022,2
Activité E&P,DP,TFT,GF,Equipment-5136,EQ-05136,fugitive,,886.76,,2023,12
Activité LQS,LSH,GL1K,GNL,Equipment-5137,EQ-05137,fugitive,,6101.43,,2023,9
Activité LQS,LSH,GP2Z,GPL,Equipment-5138,EQ-05138,combustion,,9992.33,,2022,7
Activité LQS,LSH,GL1Z,GNL,Equipment-5139,EQ-05139,flaring,,9101.35,,2023,1
Activité E&P,AST,INA,GF,Equipment-5140,EQ-05140,venting,,7271.93,,2022,12
Activité E&P,DP,OHT,GF,Equipment-5141,EQ-05141,drilling,,822.53,,2025,8
Activité E&P,AST,SH-FCP MLE,GF,Equipment-5142,EQ-05142,combustion,Propane,1247.76,gal,2024,12
Activité E&P,DP,STAH,OF,Equipment-5143,EQ-05143,combustion,,8287.72,,2022,7
Activité E&P,DP,TFT,GF,Equipment-5144,EQ-05144,fugitive,,3897.6,,2024,11
Activité E&P,AST,RKF,OF,Equipment-5145,EQ-05145,fugitive,,9616.7,,2024,6
Activité E&P,DP,GTL,GF,Equipment-5146,EQ-05146,combustion,Diesel,4995.78,gal,2024,1
Activité RPC,PEC,CP1Z,Pétrochimie,Equipment-5147,EQ-05147,combustion,,9866.51,,2022,2
Activité E&P,AST,HBR,OF,Equipment-5148,EQ-05148,venting,,2233.01,,2023,3
Activité E&P,AST,INA,GF,Equipment-5149,EQ-05149,combustion,Natural Gas,8611.19,scf,2023,9
Activité E&P,AST,BMS,OF,Equipment-5150,EQ-05150,venting,,1526.99,,2022,9
Activité LQS,LSH,GP1Z,GPL,Equipment-5151,EQ-05151,combustion,,7070.83,,2025,3
Activité RPC,RAF,RA1Z,Raffinerie,Equipment-5152,EQ-05152,flaring,Propane,6157.54,gal,2024,2
Activité LQS,LSH,GL1K,GNL,Equipment-5153,EQ-05153,fugitive,,506.18,,2025,1
Activité E&P,AST,GTFT,GF,Equipment-5154,EQ-05154,combustion,,9470.24,,2024,12
Activité RPC,RAF,RA1G,Raffinerie,Equipment-5155,EQ-05155,fugitive,,3411.42,,2023,7
Activité E&P,AST,GTG,GF,Equipment-5156,EQ-05156,fugitive,,8505.93,,2023,11
Activité E&P,AST,G SH-ENI,OF,Equipment-5157,EQ-05157,drilling,,2166.39,,2023,10
Activité RPC,PEC,CP1Z,Pétrochimie,Equipment-5158,EQ-05158,venting,,4731.25,,2023,2
Activité E&P,AST,GTIM,GF,Equipment-5159,EQ-05159,venting,,6569.31,,2024,8
Activité E&P,AST,G SH-ENI,OF,Equipment-5160,EQ-05160,drilling,,2996.06,,2022,6
Activité E&P,DP,HRM,GF,Equipment-5161,EQ-05161,drilling,,4537.53,,2022,1
Activité E&P,DP,HMD,OF,Equipment-5162,EQ-05162,fugitive,,2790.52,,2023,1
Activité E&P,DP,OHT,GF,Equipment-5163,EQ-05163,flaring,Fuel Gas,9692.1,gal,2022,7
Activité RPC,RAF,RA1G,Raffinerie,Equipment-5164,EQ-05164,venting,,8873.91,,2025,12
Activité E&P,DP,ADR,OF,Equipment-5165,EQ-05165,flaring,Diesel,8842.15,gal,2024,7
Activité E&P,AST,REGGANE,GF,Equipment-5166,EQ-05166,combustion,Propane,2948.16,gal,2023,6
Activité E&P,AST,RKF,OF,Equipment-5167,EQ-05167,flaring,Fuel Gas,8321.52,gal,2024,10
Activité E&P,AST,REGGANE,GF,Equipment-5168,EQ-05168,drilling,,1630.64,,2025,9
Activité RPC,RAF,RA1A,Raffinerie,Equipment-5169,EQ-05169,combustion,,4676.74,,2025,2
Activité E&P,DP,GTL,GF,Equipment-5170,EQ-05170,fugitive,,7861.16,,2023,11
Activité E&P,DP,GTL,GF,Equipment-5171,EQ-05171,venting,,6874.18,,2023,12
Activité RPC,RAF,RA1K,Raffinerie,Equipment-5172,EQ-05172,fugitive,,8925.65,,2022,11
Activité E&P,AST,RKF,OF,Equipment-5173,EQ-05173,venting,,2015.3,,2025,11
Activité RPC,PEC,CP1Z,Pétrochimie,Equipment-5174,EQ-05174,venting,,3378.45,,2025,11
Activité LQS,LSH,GL1Z,GNL,Equipment-5175,EQ-05175,venting,,9077.2,,2022,12
Activité E&P,AST,HBR,OF,Equipment-5176,EQ-05176,venting,,6595.7,,2024,3
Activité E&P,AST,BMS,OF,Equipment-5177,EQ-05177,drilling,,7651.9,,2025,4
Activité LQS,LSH,GL1K,GNL,Equipment-5178,EQ-05178,fugitive,,4310.72,,2025,1
Activité E&P,AST,HBR,OF,Equipment-5179,EQ-05179,combustion,Natural Gas,9388.5,scf,2022,11
Activité E&P,AST,ISG,GF,Equipment-5180,EQ-05180,fugitive,,4938.05,,2025,3
Activité RPC,PEC,CP1Z,Pétrochimie,Equipment-5181,EQ-05181,drilling,,1946.53,,2024,8
Activité RPC,RAF,RA1A,Raffinerie,Equipment-5182,EQ-05182,combustion,Propane,3667.76,gal,2025,10
Activité RPC,RAF,RA1Z,Raffinerie,Equipment-5183,EQ-05183,flaring,Fuel Gas,8390.64,gal,2023,6
Activité E&P,DP,INAS,GF,Equipment-5184,EQ-05184,venting,,9111.44,,2023,12
Activité LQS,LSH,GP1Z,GPL,Equipment-5185,EQ-05185,fugitive,,8770.33,,2023,7
Activité RPC,RAF,RA1A,Raffinerie,Equipment-5186,EQ-05186,combustion,Diesel,4697.92,gal,2022,12
Activité E&P,AST,GTIM,GF,Equipment-5187,EQ-05187,flaring,Fuel Gas,1769.67,gal,2022,5
Activité LQS,LSH,GL2Z,GNL,Equipment-5188,EQ-05188,flaring,Natural Gas,6095.6,scf,2025,7
Activité E&P,AST,SH-FCP MLE,GF,Equipment-5189,EQ-05189,venting,,1450.91,,2023,2
Activité E&P,AST,GSS,OF,Equipment-5190,EQ-05190,combustion,Diesel,7862.24,gal,2022,6
Activité RPC,PEC,CPEK,Pétrochimie,Equipment-5191,EQ-05191,drilling,,7654.04,,2023,12
Activité E&P,AST,INA,GF,Equipment-5192,EQ-05192,fugitive,,8732.8,,2022,12
Activité RPC,RAF,RA1G,Raffinerie,Equipment-5193,EQ-05193,fugitive,,1822.69,,2024,3
Activité E&P,AST,RKF,OF,Equipment-5194,EQ-05194,fugitive,,5913.04,,2024,1
Activité E&P,DP,HMD,OF,Equipment-5195,EQ-05195,fugitive,,5679.67,,2023,10
Activité E&P,AST,MLN,OF,Equipment-5196,EQ-05196,fugitive,,9581.57,,2023,3
Activité E&P,AST,REGGANE,GF,Equipment-5197,EQ-05197,combustion,Fuel Gas,2624.62,gal,2023,7
Activité E&P,AST,GTG,GF,Equipment-5198,EQ-05198,drilling,,5258.94,,2023,1
Activité LQS,LSH,GL1Z,GNL,Equipment-5199,EQ-05199,flaring,Fuel Gas,1942.65,gal,2022,9
Activité E&P,DP,HBK,GF,Equipment-5200,EQ-05200,drilling,,8950.52,,2022,6
Activité E&P,AST,RKF,OF,Equipment-5201,EQ-05201,fugitive,,2131.24,,2023,1
Activité E&P,AST,RKF,OF,Equipment-5202,EQ-05202,drilling,,6867.27,,2024,4
Activité E&P,AST,GB,OF,Equipment-5203,EQ-05203,combustion,,7720.91,,2025,8
Activité E&P,DP,HMD,OF,Equipment-5204,EQ-05204,venting,,7604.14,,2024,9
Activité E&P,AST,INA,GF,Equipment-5205,EQ-05205,venting,,2562.35,,2024,7
Activité LQS,LSH,GL1K,GNL,Equipment-5206,EQ-05206,flaring,Fuel Gas,7978.96,gal,2023,3
Activité E&P,DP,OHT,GF,Equipment-5207,EQ-05207,fugitive,,3489.05,,2025,6
Activité RPC,PEC,CPEK,Pétrochimie,Equipment-5208,EQ-05208,venting,,4801.53,,2022,12
Activité E&P,AST,BRS,OF,Equipment-5209,EQ-05209,venting,,4336.77,,2024,9
Activité LQS,LSH,GL1K,GNL,Equipment-5210,EQ-05210,fugitive,,6875.71,,2025,12
Activité E&P,AST,GTIM,GF,Equipment-5211,EQ-05211,flaring,Natural Gas,8962.59,scf,2025,6
Activité E&P,AST,G SH-ENI,OF,Equipment-5212,EQ-05212,fugitive,,4301.86,,2024,10
Activité E&P,AST,REGGANE,GF,Equipment-5213,EQ-05213,combustion,Natural Gas,9485.52,scf,2025,8
Activité RPC,PEC,CP1Z,Pétrochimie,Equipment-5214,EQ-05214,combustion,Natural Gas,5668.9,scf,2025,3
Activité LQS,LSH,GL3Z,GNL,Equipment-5215,EQ-05215,fugitive,,9915.53,,2023,5
Activité LQS,LSH,GL1K,GNL,Equipment-5216,EQ-05216,flaring,Natural Gas,5517.37,scf,2025,8
Activité E&P,DP,RNS,GF,Equipment-5217,EQ-05217,flaring,Diesel,7822.2,gal,2022,3
Activité E&P,AST,BMS,OF,Equipment-5218,EQ-05218,drilling,,1959.64,,2025,3
Activité LQS,LSH,GL3Z,GNL,Equipment-5219,EQ-05219,fugitive,,2377.53,,2023,5
Activité E&P,AST,GB,OF,Equipment-5220,EQ-05220,drilling,,9489.3,,2024,7
Activité LQS,LSH,GP1Z,GPL,Equipment-5221,EQ-05221,flaring,Propane,4554.54,gal,2024,2
Activité E&P,DP,TFT,GF,Equipment-5222,EQ-05222,venting,,1527.6,,2022,5
Activité E&P,DP,ADR,OF,Equipment-5223,EQ-05223,flaring,Fuel Gas,7582.75,gal,2025,2
Activité RPC,PEC,CP1Z,Pétrochimie,Equipment-5224,EQ-05224,combustion,Natural Gas,1688.26,scf,2024,7
Activité E&P,AST,GTIM,GF,Equipment-5225,EQ-05225,venting,,3863.41,,2023,5
Activité LQS,LSH,GL1K,GNL,Equipment-5226,EQ-05226,venting,,7357.15,,2022,1
Activité RPC,RAF,RA1G,Raffinerie,Equipment-5227,EQ-05227,fugitive,,643.6,,2023,6
Activité E&P,AST,INA,GF,Equipment-5228,EQ-05228,fugitive,,3310.94,,2024,4
Activité E&P,AST,GTG,GF,Equipment-5229,EQ-05229,fugitive,,4990.15,,2023,12
Activité E&P,DP,REB,OF,Equipment-5230,EQ-05230,fugitive,,2893.85,,2023,11
Activité LQS,LSH,GP2Z,GPL,Equipment-5231,EQ-05231,drilling,,2207.1,,2024,12
Activité E&P,AST,BRS,OF,Equipment-5232,EQ-05232,combustion,,5067.03,,2023,12
Activité E&P,DP,HMD,OF,Equipment-5233,EQ-05233,flaring,Diesel,9399.74,gal,2024,7
Activité E&P,DP,REB,OF,Equipment-5234,EQ-05234,fugitive,,1067.47,,2024,11
Activité E&P,DP,RNS,GF,Equipment-5235,EQ-05235,flaring,,1260.12,,2022,5
Activité E&P,AST,GTFT,GF,Equipment-5236,EQ-05236,flaring,Natural Gas,9756.35,scf,2024,6
Activité E&P,DP,TFT,GF,Equipment-5237,EQ-05237,flaring,Natural Gas,2562.16,scf,2024,11
Activité LQS,LSH,GL1K,GNL,Equipment-5238,EQ-05238,fugitive,,8869.59,,2024,5
Activité E&P,DP,HRM,GF,Equipment-5239,EQ-05239,combustion,Fuel Gas,5573.78,gal,2024,4
Activité RPC,RAF,RA1A,Raffinerie,Equipment-5240,EQ-05240,venting,,1160.35,,2023,11
Activité LQS,LSH,GL3Z,GNL,Equipment-5241,EQ-05241,drilling,,4269.74,,2024,7
Activité E&P,AST,OURHOUD,OF,Equipment-5242,EQ-05242,venting,,7541.96,,2023,12
Activité E&P,DP,TFT,GF,Equipment-5243,EQ-05243,venting,,8292.54,,2022,12
Activité E&P,DP,HMD,OF,Equipment-5244,EQ-05244,flaring,Diesel,4447.47,gal,2022,4
Activité RPC,PEC,CPEK,Pétrochimie,Equipment-5245,EQ-05245,combustion,,9672.11,,2025,1
Activité E&P,AST,REGGANE,GF,Equipment-5246,EQ-05246,venting,,6598.63,,2022,8
Activité E&P,AST,G SH-ENI,OF,Equipment-5247,EQ-05247,flaring,Propane,3489.03,gal,2023,3
Activité E&P,AST,MLN,OF,Equipment-5248,EQ-05248,flaring,,2193.17,,2024,9
Activité E&P,AST,GSS,OF,Equipment-5249,EQ-05249,fugitive,,3875.68,,2024,1
Activité E&P,AST,OURHOUD,OF,Equipment-5250,EQ-05250,flaring,,4101.84,,2024,3
Activité E&P,DP,ADR,OF,Equipment-5251,EQ-05251,venting,,6472.64,,2025,1
Activité RPC,PEC,CP1Z,Pétrochimie,Equipment-5252,EQ-05252,flaring,Fuel Gas,1890.24,gal,2024,12
Activité E&P,DP,ADR,OF,Equipment-5253,EQ-05253,venting,,3417.95,,2022,3
Activité E&P,DP,STAH,OF,Equipment-5254,EQ-05254,fugitive,,1264.98,,2024,2
Activité E&P,AST,SH-FCP MLE,GF,Equipment-5255,EQ-05255,drilling,,6878.29,,2022,2
Activité E&P,AST,RKF,OF,Equipment-5256,EQ-05256,drilling,,3516.41,,2022,10
Activité E&P,DP,HRM,GF,Equipment-5257,EQ-05257,fugitive,,2729.1,,2022,1
Activité E&P,AST,GTIM,GF,Equipment-5258,EQ-05258,combustion,Natural Gas,6360.68,scf,2025,4
Activité E&P,DP,REB,OF,Equipment-5259,EQ-05259,flaring,Diesel,7714.67,gal,2024,1
Activité RPC,RAF,RA1G,Raffinerie,Equipment-5260,EQ-05260,fugitive,,439.47,,2023,5
Activité RPC,RAF,RA1G,Raffinerie,Equipment-5261,EQ-05261,venting,,1482.45,,2025,5
Activité RPC,RAF,RA1A,Raffinerie,Equipment-5262,EQ-05262,drilling,,3329.79,,2024,12
Activité E&P,AST,BRS,OF,Equipment-5263,EQ-05263,venting,,5792.29,,2023,9
Activité LQS,LSH,GP2Z,GPL,Equipment-5264,EQ-05264,drilling,,6542.94,,2025,6
Activité E&P,DP,HRM,GF,Equipment-5265,EQ-05265,flaring,,8002.53,,2025,5
Activité E&P,AST,GTFT,GF,Equipment-5266,EQ-05266,flaring,Diesel,7022.03,gal,2024,8
Activité LQS,LSH,GP1Z,GPL,Equipment-5267,EQ-05267,venting,,5889.84,,2025,6
Activité LQS,LSH,GL1K,GNL,Equipment-5268,EQ-05268,drilling,,6147.4,,2024,10
Activité E&P,AST,BMS,OF,Equipment-5269,EQ-05269,venting,,5663.81,,2024,12
Activité E&P,AST,OURHOUD,OF,Equipment-5270,EQ-05270,fugitive,,4213.79,,2022,6
Activité E&P,AST,BRS,OF,Equipment-5271,EQ-05271,fugitive,,266.35,,2025,8
Activité RPC,RAF,RA1Z,Raffinerie,Equipment-5272,EQ-05272,combustion,Natural Gas,3375.41,scf,2024,8
Activité RPC,RAF,RA1Z,Raffinerie,Equipment-5273,EQ-05273,flaring,,8712.32,,2024,2
Activité LQS,LSH,GL1K,GNL,Equipment-5274,EQ-05274,flaring,Diesel,5826.72,gal,2024,2
Activité E&P,AST,GTFT,GF,Equipment-5275,EQ-05275,drilling,,9924.4,,2023,8
Activité RPC,RAF,RA1G,Raffinerie,Equipment-5276,EQ-05276,flaring,Propane,1703.54,gal,2024,6
Activité E&P,DP,HRM,GF,Equipment-5277,EQ-05277,fugitive,,2243.63,,2025,12
Activité E&P,DP,RNS,GF,Equipment-5278,EQ-05278,drilling,,219.03,,2025,1
Activité E&P,DP,STAH,OF,Equipment-5279,EQ-05279,fugitive,,5936.21,,2022,6
Activité E&P,DP,OHT,GF,Equipment-5280,EQ-05280,fugitive,,8045.32,,2025,6
Activité E&P,DP,RNS,GF,Equipment-5281,EQ-05281,flaring,Natural Gas,1680.72,scf,2025,1
Activité E&P,AST,G SH-ENI,OF,Equipment-5282,EQ-05282,venting,,141.92,,2023,10
Activité E&P,AST,OURHOUD,OF,Equipment-5283,EQ-05283,drilling,,6370.94,,2023,4
Activité E&P,AST,GTG,GF,Equipment-5284,EQ-05284,venting,,8991.28,,2022,2
Activité E&P,AST,GSS,OF,Equipment-5285,EQ-05285,fugitive,,4097.28,,2024,8
Activité E&P,DP,INAS,GF,Equipment-5286,EQ-05286,venting,,8399.96,,2024,7
Activité RPC,RAF,RA1Z,Raffinerie,Equipment-5287,EQ-05287,combustion,Fuel Gas,2500.87,gal,2022,12
Activité E&P,AST,OURHOUD,OF,Equipment-5288,EQ-05288,fugitive,,1190.73,,2025,8
Activité E&P,AST,INA,GF,Equipment-5289,EQ-05289,drilling,,2833.66,,2024,1
Activité E&P,AST,REGGANE,GF,Equipment-5290,EQ-05290,combustion,,6073.14,,2023,4
Activité E&P,AST,BMS,OF,Equipment-5291,EQ-05291,fugitive,,8277.97,,2025,6
Activité RPC,PEC,CP1Z,Pétrochimie,Equipment-5292,EQ-05292,fugitive,,8391.15,,2024,12
Activité E&P,DP,TFT,GF,Equipment-5293,EQ-05293,venting,,4373.11,,2023,7
Activité LQS,LSH,GP2Z,GPL,Equipment-5294,EQ-05294,flaring,,9742.38,,2024,6
Activité E&P,DP,HRM,GF,Equipment-5295,EQ-05295,combustion,Diesel,5910.03,gal,2025,1
Activité RPC,RAF,RA1Z,Raffinerie,Equipment-5296,EQ-05296,flaring,Propane,1855.9,gal,2023,3
Activité E&P,DP,HRM,GF,Equipment-5297,EQ-05297,venting,,8169.2,,2022,7
Activité E&P,AST,HBR,OF,Equipment-5298,EQ-05298,venting,,3109.76,,2023,9
Activité LQS,LSH,GP2Z,GPL,Equipment-5299,EQ-05299,fugitive,,2172.08,,2022,12
Activité LQS,LSH,GL1K,GNL,Equipment-5300,EQ-05300,fugitive,,5197.2,,2022,1
Activité E&P,AST,BMS,OF,Equipment-5301,EQ-05301,combustion,Diesel,7127.26,gal,2024,9
Activité RPC,RAF,RA1A,Raffinerie,Equipment-5302,EQ-05302,fugitive,,6101.77,,2025,4
Activité E&P,AST,HBR,OF,Equipment-5303,EQ-05303,venting,,1796.87,,2023,8
Activité LQS,LSH,GP1Z,GPL,Equipment-5304,EQ-05304,flaring,Natural Gas,4594.4,scf,2024,10
Activité E&P,DP,ADR,OF,Equipment-5305,EQ-05305,fugitive,,557.42,,2024,2
Activité E&P,AST,SH-FCP MLE,GF,Equipment-5306,EQ-05306,venting,,9491.56,,2023,9
Activité E&P,DP,HBK,GF,Equipment-5307,EQ-05307,combustion,Propane,2353.96,gal,2023,9
Activité RPC,PEC,CP1Z,Pétrochimie,Equipment-5308,EQ-05308,combustion,Fuel Gas,7171.21,gal,2023,4
Activité E&P,DP,GTL,GF,Equipment-5309,EQ-05309,flaring,Fuel Gas,9745.99,gal,2024,11
Activité RPC,RAF,RA1G,Raffinerie,Equipment-5310,EQ-05310,fugitive,,6704.59,,2022,9
Activité E&P,AST,ISG,GF,Equipment-5311,EQ-05311,flaring,Natural Gas,1129.82,scf,2025,5
Activité E&P,AST,GTFT,GF,Equipment-5312,EQ-05312,fugitive,,2086.97,,2022,12
Activité LQS,LSH,GL2Z,GNL,Equipment-5313,EQ-05313,combustion,Diesel,86.39,gal,2023,4
Activité E&P,DP,HRM,GF,Equipment-5314,EQ-05314,venting,,4840.41,,2025,7
Activité E&P,AST,G SH-ENI,OF,Equipment-5315,EQ-05315,combustion,Diesel,175.0,gal,2024,9
Activité LQS,LSH,GP1Z,GPL,Equipment-5316,EQ-05316,fugitive,,971.03,,2023,9
Activité E&P,AST,BMS,OF,Equipment-5317,EQ-05317,combustion,Diesel,1094.32,gal,2022,9
Activité E&P,AST,G SH-ENI,OF,Equipment-5318,EQ-05318,drilling,,1593.71,,2023,2
Activité E&P,AST,REGGANE,GF,Equipment-5319,EQ-05319,drilling,,5093.77,,2024,5
Activité E&P,AST,MLN,OF,Equipment-5320,EQ-05320,fugitive,,5911.15,,2022,3
Activité E&P,DP,HBK,GF,Equipment-5321,EQ-05321,fugitive,,9904.7,,2022,7
Activité E&P,DP,STAH,OF,Equipment-5322,EQ-05322,fugitive,,9239.34,,2024,10
Activité LQS,LSH,GL1Z,GNL,Equipment-5323,EQ-05323,flaring,Fuel Gas,3492.63,gal,2024,3
Activité E&P,AST,INA,GF,Equipment-5324,EQ-05324,fugitive,,30.83,,2024,10
Activité E&P,DP,OHT,GF,Equipment-5325,EQ-05325,venting,,6252.61,,2023,7
Activité E&P,DP,GTL,GF,Equipment-5326,EQ-05326,fugitive,,2620.02,,2024,1
Activité E&P,AST,BRS,OF,Equipment-5327,EQ-05327,fugitive,,3053.87,,2022,8
Activité E&P,AST,GTFT,GF,Equipment-5328,EQ-05328,venting,,5926.02,,2023,6
Activité E&P,AST,SH-FCP MLE,GF,Equipment-5329,EQ-05329,flaring,Diesel,1852.61,gal,2022,7
Activité E&P,DP,HRM,GF,Equipment-5330,EQ-05330,combustion,Propane,9135.75,gal,2022,7
Activité E&P,DP,REB,OF,Equipment-5331,EQ-05331,drilling,,3476.25,,2022,2
Activité LQS,LSH,GL1K,GNL,Equipment-5332,EQ-05332,fugitive,,6803.14,,2023,10
Activité LQS,LSH,GP1Z,GPL,Equipment-5333,EQ-05333,fugitive,,6355.1,,2025,9
Activité E&P,AST,MLN,OF,Equipment-5334,EQ-05334,fugitive,,1663.67,,2022,6
Activité E&P,DP,HMD,OF,Equipment-5335,EQ-05335,combustion,Diesel,8455.09,gal,2022,9
Activité E&P,AST,HBR,OF,Equipment-5336,EQ-05336,flaring,Natural Gas,8850.78,scf,2022,4
Activité E&P,AST,REGGANE,GF,Equipment-5337,EQ-05337,venting,,9998.89,,2023,4
Activité E&P,AST,GTIM,GF,Equipment-5338,EQ-05338,fugitive,,1848.65,,2022,3
Activité E&P,AST,HBR,OF,Equipment-5339,EQ-05339,fugitive,,6471.39,,2025,2
Activité LQS,LSH,GL2Z,GNL,Equipment-5340,EQ-05340,combustion,,165.27,,2022,5
Activité E&P,AST,ISG,GF,Equipment-5341,EQ-05341,flaring,Diesel,432.76,gal,2022,3
Activité RPC,PEC,CPEK,Pétrochimie,Equipment-5342,EQ-05342,flaring,,7640.17,,2022,4
Activité LQS,LSH,GP2Z,GPL,Equipment-5343,EQ-05343,combustion,Propane,5841.47,gal,2023,8
Activité E&P,AST,GTIM,GF,Equipment-5344,EQ-05344,fugitive,,4705.56,,2025,6
Activité LQS,LSH,GL1K,GNL,Equipment-5345,EQ-05345,combustion,,6191.97,,2024,1
Activité LQS,LSH,GP2Z,GPL,Equipment-5346,EQ-05346,flaring,Natural Gas,4630.45,scf,2024,9
Activité E&P,AST,GTFT,GF,Equipment-5347,EQ-05347,drilling,,8361.65,,2022,4
Activité E&P,AST,G SH-ENI,OF,Equipment-5348,EQ-05348,flaring,Diesel,3024.04,gal,2022,9
Activité E&P,AST,GTIM,GF,Equipment-5349,EQ-05349,combustion,Fuel Gas,8416.25,gal,2025,11
Activité E&P,DP,INAS,GF,Equipment-5350,EQ-05350,flaring,Propane,7508.13,gal,2025,2
Activité E&P,AST,HBR,OF,Equipment-5351,EQ-05351,venting,,6375.73,,2025,6
Activité E&P,AST,BRS,OF,Equipment-5352,EQ-05352,venting,,8885.65,,2023,5
Activité E&P,DP,HMD,OF,Equipment-5353,EQ-05353,fugitive,,666.0,,2023,10
Activité E&P,DP,OHT,GF,Equipment-5354,EQ-05354,flaring,Diesel,8661.56,gal,2025,5
Activité LQS,LSH,GL1K,GNL,Equipment-5355,EQ-05355,venting,,8526.07,,2024,1
Activité RPC,RAF,RA1K,Raffinerie,Equipment-5356,EQ-05356,drilling,,1124.16,,2025,7
Activité E&P,AST,REGGANE,GF,Equipment-5357,EQ-05357,combustion,Diesel,2251.98,gal,2023,9
Activité E&P,AST,GSS,OF,Equipment-5358,EQ-05358,drilling,,368.07,,2023,12
Activité RPC,PEC,CPEK,Pétrochimie,Equipment-5359,EQ-05359,fugitive,,152.72,,2025,10
Activité RPC,RAF,RA1A,Raffinerie,Equipment-5360,EQ-05360,drilling,,1216.02,,2025,8
Activité RPC,RAF,RA1A,Raffinerie,Equipment-5361,EQ-05361,flaring,Propane,630.03,gal,2023,12
Activité E&P,DP,STAH,OF,Equipment-5362,EQ-05362,venting,,7013.18,,2023,7
Activité E&P,AST,GTG,GF,Equipment-5363,EQ-05363,flaring,Propane,6798.33,gal,2023,5
Activité E&P,DP,STAH,OF,Equipment-5364,EQ-05364,venting,,8699.28,,2022,11
Activité E&P,DP,STAH,OF,Equipment-5365,EQ-05365,fugitive,,6314.56,,2025,9
Activité RPC,PEC,CP1Z,Pétrochimie,Equipment-5366,EQ-05366,combustion,Natural Gas,4846.99,scf,2025,4
Activité LQS,LSH,GP1Z,GPL,Equipment-5367,EQ-05367,combustion,Fuel Gas,6360.77,gal,2022,12
Activité LQS,LSH,GL1K,GNL,Equipment-5368,EQ-05368,fugitive,,3188.81,,2023,12
Activité RPC,RAF,RA1Z,Raffinerie,Equipment-5369,EQ-05369,venting,,2636.98,,2022,4
Activité E&P,AST,RKF,OF,Equipment-5370,EQ-05370,venting,,5071.06,,2023,7
Activité E&P,AST,BMS,OF,Equipment-5371,EQ-05371,flaring,Diesel,9752.52,gal,2022,3
Activité E&P,DP,STAH,OF,Equipment-5372,EQ-05372,combustion,Fuel Gas,1280.44,gal,2025,6
Activité E&P,AST,REGGANE,GF,Equipment-5373,EQ-05373,venting,,1755.08,,2022,1
Activité E&P,DP,INAS,GF,Equipment-5374,EQ-05374,drilling,,1027.32,,2025,2
Activité E&P,DP,OHT,GF,Equipment-5375,EQ-05375,drilling,,4259.22,,2024,3
Activité E&P,AST,GTIM,GF,Equipment-5376,EQ-05376,flaring,Diesel,8149.85,gal,2023,12
Activité E&P,DP,TFT,GF,Equipment-5377,EQ-05377,flaring,Propane,931.85,gal,2024,1
Activité E&P,DP,INAS,GF,Equipment-5378,EQ-05378,combustion,,4746.1,,2024,4
Activité E&P,DP,GTL,GF,Equipment-5379,EQ-05379,venting,,6591.65,,2025,2
Activité E&P,DP,HRM,GF,Equipment-5380,EQ-05380,flaring,Natural Gas,1902.46,scf,2025,2
Activité E&P,AST,ISG,GF,Equipment-5381,EQ-05381,drilling,,9538.95,,2025,8
Activité E&P,AST,GTFT,GF,Equipment-5382,EQ-05382,combustion,Diesel,643.24,gal,2024,5
Activité E&P,AST,GB,OF,Equipment-5383,EQ-05383,combustion,Propane,8145.66,gal,2025,3
Activité RPC,RAF,RA1A,Raffinerie,Equipment-5384,EQ-05384,fugitive,,2313.45,,2025,7
Activité RPC,RAF,RA1G,Raffinerie,Equipment-5385,EQ-05385,flaring,Fuel Gas,2958.37,gal,2025,10
Activité E&P,DP,HBK,GF,Equipment-5386,EQ-05386,fugitive,,8942.17,,2023,7
Activité E&P,DP,OHT,GF,Equipment-5387,EQ-05387,venting,,4138.68,,2022,2
Activité E&P,AST,G SH-ENI,OF,Equipment-5388,EQ-05388,fugitive,,4143.02,,2022,1
Activité E&P,DP,REB,OF,Equipment-5389,EQ-05389,combustion,Natural Gas,3355.02,scf,2022,10
Activité RPC,RAF,RA1G,Raffinerie,Equipment-5390,EQ-05390,fugitive,,7579.28,,2025,3
Activité LQS,LSH,GP1Z,GPL,Equipment-5391,EQ-05391,drilling,,916.15,,2025,8
Activité E&P,DP,TFT,GF,Equipment-5392,EQ-05392,drilling,,598.12,,2023,11
Activité RPC,PEC,CP1Z,Pétrochimie,Equipment-5393,EQ-05393,venting,,9487.75,,2023,8
Activité E&P,AST,INA,GF,Equipment-5394,EQ-05394,combustion,Propane,6341.81,gal,2023,3
Activité E&P,AST,RKF,OF,Equipment-5395,EQ-05395,venting,,6632.25,,2025,6
Activité E&P,AST,MLN,OF,Equipment-5396,EQ-05396,drilling,,383.05,,2024,12
Activité E&P,DP,OHT,GF,Equipment-5397,EQ-05397,fugitive,,1304.34,,2023,5
Activité E&P,AST,RKF,OF,Equipment-5398,EQ-05398,venting,,4024.83,,2024,11
Activité E&P,DP,INAS,GF,Equipment-5399,EQ-05399,combustion,Diesel,46.6,gal,2023,11
Activité E&P,AST,GB,OF,Equipment-5400,EQ-05400,fugitive,,8210.96,,2023,1
Activité E&P,AST,OURHOUD,OF,Equipment-5401,EQ-05401,combustion,,5596.95,,2022,3
Activité E&P,DP,ADR,OF,Equipment-5402,EQ-05402,combustion,Fuel Gas,3877.91,gal,2022,10
Activité E&P,AST,REGGANE,GF,Equipment-5403,EQ-05403,flaring,Fuel Gas,4728.11,gal,2025,12
Activité E&P,DP,OHT,GF,Equipment-5404,EQ-05404,fugitive,,156.2,,2022,10
Activité LQS,LSH,GP2Z,GPL,Equipment-5405,EQ-05405,flaring,Natural Gas,3811.56,scf,2024,10
Activité E&P,AST,GTIM,GF,Equipment-5406,EQ-05406,flaring,Propane,9352.19,gal,2023,3
Activité E&P,AST,BRS,OF,Equipment-5407,EQ-05407,flaring,Natural Gas,7651.64,scf,2022,2
Activité E&P,AST,GTFT,GF,Equipment-5408,EQ-05408,fugitive,,3864.95,,2023,3
Activité E&P,AST,GTIM,GF,Equipment-5409,EQ-05409,flaring,Fuel Gas,4734.74,gal,2024,10
Activité E&P,AST,BMS,OF,Equipment-5410,EQ-05410,flaring,Natural Gas,4159.16,scf,2023,9
Activité E&P,DP,TFT,GF,Equipment-5411,EQ-05411,flaring,Diesel,3614.75,gal,2024,1
Activité E&P,AST,SH-FCP MLE,GF,Equipment-5412,EQ-05412,combustion,,383.18,,2024,6
Activité E&P,AST,GB,OF,Equipment-5413,EQ-05413,flaring,Fuel Gas,6820.21,gal,2023,3
Activité E&P,AST,ISG,GF,Equipment-5414,EQ-05414,fugitive,,7745.07,,2025,11
Activité E&P,DP,HRM,GF,Equipment-5415,EQ-05415,fugitive,,9893.36,,2022,3
Activité E&P,DP,GTL,GF,Equipment-5416,EQ-05416,drilling,,9834.11,,2024,11
Activité E&P,AST,MLN,OF,Equipment-5417,EQ-05417,venting,,2035.45,,2024,11
Activité RPC,RAF,RA1G,Raffinerie,Equipment-5418,EQ-05418,combustion,,3237.57,,2023,2
Activité E&P,DP,TFT,GF,Equipment-5419,EQ-05419,venting,,7197.23,,2024,5
Activité E&P,DP,HRM,GF,Equipment-5420,EQ-05420,fugitive,,6619.55,,2022,8
Activité E&P,AST,GTIM,GF,Equipment-5421,EQ-05421,combustion,Diesel,6708.46,gal,2025,8
Activité LQS,LSH,GL1Z,GNL,Equipment-5422,EQ-05422,fugitive,,7516.93,,2025,1
Activité E&P,AST,INA,GF,Equipment-5423,EQ-05423,venting,,8527.64,,2023,2
Activité RPC,RAF,RA1Z,Raffinerie,Equipment-5424,EQ-05424,flaring,Fuel Gas,489.32,gal,2022,4
Activité E&P,AST,ISG,GF,Equipment-5425,EQ-05425,combustion,,831.77,,2022,12
Activité E&P,DP,STAH,OF,Equipment-5426,EQ-05426,fugitive,,4957.58,,2023,7
Activité E&P,DP,STAH,OF,Equipment-5427,EQ-05427,drilling,,6292.84,,2024,11
Activité RPC,RAF,RA1K,Raffinerie,Equipment-5428,EQ-05428,combustion,Fuel Gas,7429.28,gal,2024,12
Activité E&P,AST,SH-FCP MLE,GF,Equipment-5429,EQ-05429,venting,,9601.72,,2025,11
Activité E&P,AST,SH-FCP MLE,GF,Equipment-5430,EQ-05430,venting,,535.65,,2022,3
Activité E&P,AST,SH-FCP MLE,GF,Equipment-5431,EQ-05431,venting,,9259.99,,2024,1
Activité LQS,LSH,GP2Z,GPL,Equipment-5432,EQ-05432,fugitive,,8425.35,,2025,9
Activité E&P,AST,GSS,OF,Equipment-5433,EQ-05433,venting,,6983.34,,2024,1
Activité E&P,AST,BRS,OF,Equipment-5434,EQ-05434,drilling,,3104.74,,2024,4
Activité LQS,LSH,GL1K,GNL,Equipment-5435,EQ-05435,combustion,Natural Gas,9978.2,scf,2023,8
Activité RPC,RAF,RA1K,Raffinerie,Equipment-5436,EQ-05436,flaring,Natural Gas,7881.3,scf,2023,6
Activité E&P,DP,ADR,OF,Equipment-5437,EQ-05437,venting,,8325.76,,2022,12
Activité E&P,AST,RKF,OF,Equipment-5438,EQ-05438,drilling,,9050.17,,2024,4
Activité E&P,DP,HRM,GF,Equipment-5439,EQ-05439,drilling,,7829.08,,2025,2
Activité LQS,LSH,GP1Z,GPL,Equipment-5440,EQ-05440,flaring,Propane,6422.42,gal,2023,4
Activité E&P,AST,OURHOUD,OF,Equipment-5441,EQ-05441,flaring,Fuel Gas,8781.99,gal,2023,11
Activité LQS,LSH,GL3Z,GNL,Equipment-5442,EQ-05442,fugitive,,9055.37,,2024,5
Activité LQS,LSH,GP1Z,GPL,Equipment-5443,EQ-05443,combustion,Diesel,988.61,gal,2024,9
Activité LQS,LSH,GL1K,GNL,Equipment-5444,EQ-05444,fugitive,,1697.02,,2024,1
Activité E&P,AST,HBR,OF,Equipment-5445,EQ-05445,venting,,3235.15,,2024,6
Activité E&P,AST,HBR,OF,Equipment-5446,EQ-05446,venting,,6155.94,,2025,11
Activité E&P,AST,ISG,GF,Equipment-5447,EQ-05447,drilling,,906.15,,2023,10
Activité E&P,AST,GTIM,GF,Equipment-5448,EQ-05448,venting,,9910.05,,2025,5
Activité RPC,RAF,RA1Z,Raffinerie,Equipment-5449,EQ-05449,drilling,,8419.02,,2022,6
Activité E&P,DP,OHT,GF,Equipment-5450,EQ-05450,drilling,,7104.46,,2022,7
Activité E&P,AST,GB,OF,Equipment-5451,EQ-05451,drilling,,9468.0,,2025,2
Activité E&P,AST,GSS,OF,Equipment-5452,EQ-05452,fugitive,,8418.49,,2022,10
Activité RPC,RAF,RA1Z,Raffinerie,Equipment-5453,EQ-05453,combustion,Fuel Gas,890.4,gal,2025,6
Activité LQS,LSH,GL1Z,GNL,Equipment-5454,EQ-05454,drilling,,7262.49,,2022,3
Activité E&P,DP,HRM,GF,Equipment-5455,EQ-05455,venting,,9164.33,,2022,11
Activité E&P,DP,HBK,GF,Equipment-5456,EQ-05456,fugitive,,7388.65,,2023,1
Activité E&P,DP,HMD,OF,Equipment-5457,EQ-05457,flaring,Propane,8959.9,gal,2024,10
Activité E&P,AST,ISG,GF,Equipment-5458,EQ-05458,fugitive,,2631.86,,2024,8
Activité E&P,DP,STAH,OF,Equipment-5459,EQ-05459,flaring,Natural Gas,333.53,scf,2024,12
Activité LQS,LSH,GL3Z,GNL,Equipment-5460,EQ-05460,flaring,,4216.46,,2024,8
Activité E&P,AST,RKF,OF,Equipment-5461,EQ-05461,fugitive,,4704.61,,2025,8
Activité RPC,RAF,RA1G,Raffinerie,Equipment-5462,EQ-05462,flaring,Propane,7312.58,gal,2022,1
Activité E&P,AST,ISG,GF,Equipment-5463,EQ-05463,fugitive,,4752.13,,2025,3
Activité E&P,DP,HMD,OF,Equipment-5464,EQ-05464,flaring,,5067.64,,2024,10
Activité E&P,AST,SH-FCP MLE,GF,Equipment-5465,EQ-05465,drilling,,2920.79,,2023,10
Activité E&P,DP,TFT,GF,Equipment-5466,EQ-05466,venting,,4634.94,,2023,8
Activité E&P,AST,ISG,GF,Equipment-5467,EQ-05467,combustion,Fuel Gas,852.83,gal,2024,2
Activité RPC,RAF,RA1K,Raffinerie,Equipment-5468,EQ-05468,flaring,,9650.19,,2024,2
Activité RPC,RAF,RA1K,Raffinerie,Equipment-5469,EQ-05469,combustion,Natural Gas,9480.56,scf,2022,5
Activité LQS,LSH,GL3Z,GNL,Equipment-5470,EQ-05470,fugitive,,2506.14,,2024,5
Activité E&P,DP,INAS,GF,Equipment-5471,EQ-05471,fugitive,,6264.74,,2023,7
Activité LQS,LSH,GL1K,GNL,Equipment-5472,EQ-05472,venting,,8699.99,,2025,10
Activité RPC,PEC,CP1Z,Pétrochimie,Equipment-5473,EQ-05473,drilling,,7756.18,,2025,1
Activité E&P,DP,STAH,OF,Equipment-5474,EQ-05474,drilling,,4009.64,,2023,12
Activité E&P,DP,STAH,OF,Equipment-5475,EQ-05475,venting,,6229.41,,2023,10
Activité E&P,AST,RKF,OF,Equipment-5476,EQ-05476,flaring,Fuel Gas,6894.24,gal,2023,3
Activité E&P,AST,GSS,OF,Equipment-5477,EQ-05477,venting,,3140.3,,2024,10
Activité E&P,AST,G SH-ENI,OF,Equipment-5478,EQ-05478,venting,,8141.87,,2022,8
Activité E&P,DP,HRM,GF,Equipment-5479,EQ-05479,venting,,3923.02,,2025,12
Activité LQS,LSH,GP1Z,GPL,Equipment-5480,EQ-05480,combustion,Propane,2405.45,gal,2022,11
Activité RPC,RAF,RA1G,Raffinerie,Equipment-5481,EQ-05481,combustion,Fuel Gas,9685.45,gal,2025,5
Activité E&P,AST,HBR,OF,Equipment-5482,EQ-05482,combustion,Fuel Gas,1800.05,gal,2024,1
Activité E&P,AST,MLN,OF,Equipment-5483,EQ-05483,drilling,,503.11,,2025,3
Activité E&P,DP,HBK,GF,Equipment-5484,EQ-05484,venting,,1505.67,,2023,6
Activité E&P,AST,GB,OF,Equipment-5485,EQ-05485,drilling,,8531.69,,2023,9
Activité E&P,AST,REGGANE,GF,Equipment-5486,EQ-05486,fugitive,,2197.68,,2024,1
Activité E&P,AST,G SH-ENI,OF,Equipment-5487,EQ-05487,combustion,Fuel Gas,8540.86,gal,2022,9
Activité E&P,AST,BMS,OF,Equipment-5488,EQ-05488,fugitive,,9548.51,,2023,6
Activité E&P,DP,RNS,GF,Equipment-5489,EQ-05489,flaring,Diesel,2760.72,gal,2025,4
Activité E&P,DP,GTL,GF,Equipment-5490,EQ-05490,drilling,,7729.88,,2022,3
Activité E&P,DP,TFT,GF,Equipment-5491,EQ-05491,drilling,,8625.23,,2024,5
Activité E&P,AST,BRS,OF,Equipment-5492,EQ-05492,drilling,,5682.74,,2023,2
Activité E&P,DP,RNS,GF,Equipment-5493,EQ-05493,combustion,Natural Gas,3843.68,scf,2022,1
Activité E&P,AST,G SH-ENI,OF,Equipment-5494,EQ-05494,fugitive,,1636.03,,2022,11
Activité E&P,AST,GTG,GF,Equipment-5495,EQ-05495,venting,,9804.26,,2023,7
Activité LQS,LSH,GP2Z,GPL,Equipment-5496,EQ-05496,venting,,9469.6,,2024,1
Activité E&P,AST,SH-FCP MLE,GF,Equipment-5497,EQ-05497,venting,,3399.67,,2024,12
Activité E&P,AST,GSS,OF,Equipment-5498,EQ-05498,flaring,Natural Gas,7034.83,scf,2023,6
Activité LQS,LSH,GL3Z,GNL,Equipment-5499,EQ-05499,drilling,,4811.74,,2023,12
Activité LQS,LSH,GL2Z,GNL,Equipment-5500,EQ-05500,venting,,1164.34,,2024,5
Activité E&P,DP,GTL,GF,Equipment-5501,EQ-05501,venting,,5231.99,,2024,3
Activité LQS,LSH,GP1Z,GPL,Equipment-5502,EQ-05502,combustion,Propane,4211.24,gal,2024,2
Activité LQS,LSH,GL1K,GNL,Equipment-5503,EQ-05503,fugitive,,7269.77,,2022,8
Activité E&P,AST,OURHOUD,OF,Equipment-5504,EQ-05504,combustion,Propane,1465.24,gal,2024,4
Activité RPC,RAF,RA1G,Raffinerie,Equipment-5505,EQ-05505,combustion,Natural Gas,7172.5,scf,2023,4
Activité LQS,LSH,GL3Z,GNL,Equipment-5506,EQ-05506,combustion,Propane,5590.9,gal,2025,9
Activité E&P,DP,ADR,OF,Equipment-5507,EQ-05507,flaring,,7042.47,,2024,1
Activité E&P,DP,ADR,OF,Equipment-5508,EQ-05508,combustion,Propane,9306.99,gal,2022,1
Activité E&P,DP,HMD,OF,Equipment-5509,EQ-05509,drilling,,8746.91,,2023,12
Activité E&P,DP,REB,OF,Equipment-5510,EQ-05510,flaring,Natural Gas,4111.22,scf,2024,4
Activité E&P,DP,RNS,GF,Equipment-5511,EQ-05511,flaring,Propane,2951.49,gal,2024,1
Activité E&P,DP,INAS,GF,Equipment-5512,EQ-05512,combustion,Diesel,803.32,gal,2025,6
Activité RPC,RAF,RA1G,Raffinerie,Equipment-5513,EQ-05513,drilling,,8333.27,,2022,2
Activité LQS,LSH,GL2Z,GNL,Equipment-5514,EQ-05514,fugitive,,432.86,,2024,6
Activité E&P,AST,GTIM,GF,Equipment-5515,EQ-05515,flaring,Fuel Gas,2145.07,gal,2022,11
Activité RPC,RAF,RA1G,Raffinerie,Equipment-5516,EQ-05516,fugitive,,9692.05,,2025,12
Activité E&P,AST,GSS,OF,Equipment-5517,EQ-05517,flaring,Diesel,905.95,gal,2025,5
Activité E&P,AST,MLN,OF,Equipment-5518,EQ-05518,fugitive,,2722.11,,2022,12
Activité RPC,RAF,RA1Z,Raffinerie,Equipment-5519,EQ-05519,flaring,,3191.51,,2022,12
Activité E&P,DP,HMD,OF,Equipment-5520,EQ-05520,combustion,Fuel Gas,7500.58,gal,2022,8
Activité LQS,LSH,GL1K,GNL,Equipment-5521,EQ-05521,flaring,Fuel Gas,9921.46,gal,2023,7
Activité RPC,RAF,RA1A,Raffinerie,Equipment-5522,EQ-05522,venting,,8634.35,,2022,1
Activité E&P,AST,BRS,OF,Equipment-5523,EQ-05523,drilling,,4019.36,,2023,1
Activité E&P,DP,HBK,GF,Equipment-5524,EQ-05524,flaring,Natural Gas,1178.1,scf,2024,11
Activité E&P,AST,MLN,OF,Equipment-5525,EQ-05525,fugitive,,8158.37,,2024,7
Activité RPC,RAF,RA1A,Raffinerie,Equipment-5526,EQ-05526,drilling,,887.85,,2022,11
Activité LQS,LSH,GP2Z,GPL,Equipment-5527,EQ-05527,combustion,Natural Gas,5678.87,scf,2025,7
Activité E&P,AST,GSS,OF,Equipment-5528,EQ-05528,combustion,Natural Gas,5445.41,scf,2022,12
Activité RPC,RAF,RA1A,Raffinerie,Equipment-5529,EQ-05529,flaring,Diesel,410.43,gal,2023,7
Activité E&P,DP,HRM,GF,Equipment-5530,EQ-05530,drilling,,9202.35,,2025,7
Activité E&P,DP,OHT,GF,Equipment-5531,EQ-05531,combustion,Fuel Gas,4171.07,gal,2022,9
Activité RPC,RAF,RA1Z,Raffinerie,Equipment-5532,EQ-05532,fugitive,,6751.45,,2023,5
Activité E&P,AST,GTFT,GF,Equipment-5533,EQ-05533,fugitive,,4142.76,,2025,12
Activité RPC,PEC,CP1Z,Pétrochimie,Equipment-5534,EQ-05534,combustion,,643.38,,2023,2
Activité E&P,AST,INA,GF,Equipment-5535,EQ-05535,combustion,Fuel Gas,5084.89,gal,2024,3
Activité E&P,DP,TFT,GF,Equipment-5536,EQ-05536,fugitive,,4965.61,,2023,6
Activité RPC,PEC,CP1Z,Pétrochimie,Equipment-5537,EQ-05537,drilling,,8121.94,,2022,10
Activité E&P,DP,HMD,OF,Equipment-5538,EQ-05538,drilling,,7398.61,,2024,1
Activité E&P,AST,GTFT,GF,Equipment-5539,EQ-05539,flaring,Fuel Gas,366.76,gal,2023,12
Activité RPC,RAF,RA1K,Raffinerie,Equipment-5540,EQ-05540,drilling,,3169.57,,2023,11
Activité E&P,DP,STAH,OF,Equipment-5541,EQ-05541,venting,,2486.96,,2023,1
Activité RPC,PEC,CP1Z,Pétrochimie,Equipment-5542,EQ-05542,combustion,Natural Gas,8864.04,scf,2025,3
Activité E&P,AST,SH-FCP MLE,GF,Equipment-5543,EQ-05543,venting,,7336.64,,2023,6
Activité E&P,AST,INA,GF,Equipment-5544,EQ-05544,combustion,Propane,7749.98,gal,2022,1
Activité E&P,AST,GTFT,GF,Equipment-5545,EQ-05545,drilling,,9858.84,,2022,6
Activité E&P,AST,MLN,OF,Equipment-5546,EQ-05546,combustion,Natural Gas,2752.84,scf,2025,9
Activité E&P,AST,ISG,GF,Equipment-5547,EQ-05547,fugitive,,1874.97,,2023,12
Activité E&P,AST,INA,GF,Equipment-5548,EQ-05548,fugitive,,1840.79,,2022,7
Activité E&P,DP,INAS,GF,Equipment-5549,EQ-05549,fugitive,,420.98,,2023,12
Activité E&P,AST,INA,GF,Equipment-5550,EQ-05550,fugitive,,6929.24,,2022,10
Activité E&P,AST,HBR,OF,Equipment-5551,EQ-05551,flaring,Natural Gas,3421.95,scf,2023,4
Activité E&P,DP,HBK,GF,Equipment-5552,EQ-05552,drilling,,884.73,,2023,6
Activité E&P,AST,GTIM,GF,Equipment-5553,EQ-05553,venting,,2871.77,,2024,4
Activité LQS,LSH,GL1K,GNL,Equipment-5554,EQ-05554,fugitive,,4628.83,,2024,7
Activité E&P,DP,TFT,GF,Equipment-5555,EQ-05555,flaring,,2970.45,,2022,3
Activité LQS,LSH,GL1K,GNL,Equipment-5556,EQ-05556,venting,,6824.65,,2025,10
Activité LQS,LSH,GL3Z,GNL,Equipment-5557,EQ-05557,combustion,Propane,1474.5,gal,2022,6
Activité E&P,AST,SH-FCP MLE,GF,Equipment-5558,EQ-05558,fugitive,,4878.51,,2022,6
Activité E&P,DP,HRM,GF,Equipment-5559,EQ-05559,fugitive,,6248.16,,2023,8
Activité E&P,AST,GSS,OF,Equipment-5560,EQ-05560,drilling,,5009.64,,2022,8
Activité E&P,AST,HBR,OF,Equipment-5561,EQ-05561,venting,,6346.02,,2022,10
Activité E&P,AST,ISG,GF,Equipment-5562,EQ-05562,venting,,5614.22,,2022,1
Activité E&P,DP,TFT,GF,Equipment-5563,EQ-05563,venting,,7907.04,,2024,4
Activité RPC,RAF,RA1Z,Raffinerie,Equipment-5564,EQ-05564,venting,,3395.61,,2025,9
Activité E&P,AST,SH-FCP MLE,GF,Equipment-5565,EQ-05565,flaring,Fuel Gas,6180.47,gal,2025,9
Activité E&P,DP,HRM,GF,Equipment-5566,EQ-05566,flaring,,6152.43,,2023,6
Activité E&P,DP,INAS,GF,Equipment-5567,EQ-05567,venting,,1682.67,,2022,1
Activité E&P,AST,GTFT,GF,Equipment-5568,EQ-05568,flaring,Natural Gas,8850.06,scf,2025,3
Activité E&P,AST,RKF,OF,Equipment-5569,EQ-05569,fugitive,,6227.29,,2023,6
Activité E&P,DP,REB,OF,Equipment-5570,EQ-05570,combustion,Natural Gas,3764.71,scf,2024,9
Activité E&P,AST,BMS,OF,Equipment-5571,EQ-05571,flaring,Natural Gas,8584.49,scf,2023,4
Activité E&P,AST,MLN,OF,Equipment-5572,EQ-05572,flaring,Fuel Gas,3986.16,gal,2022,12
Activité E&P,DP,INAS,GF,Equipment-5573,EQ-05573,combustion,Fuel Gas,8219.98,gal,2023,1
Activité E&P,DP,STAH,OF,Equipment-5574,EQ-05574,combustion,,6696.8,,2024,6
Activité RPC,RAF,RA1K,Raffinerie,Equipment-5575,EQ-05575,combustion,Diesel,6137.0,gal,2024,1
Activité RPC,RAF,RA1K,Raffinerie,Equipment-5576,EQ-05576,fugitive,,1798.94,,2024,11
Activité LQS,LSH,GL2Z,GNL,Equipment-5577,EQ-05577,venting,,9359.76,,2023,8
Activité E&P,DP,STAH,OF,Equipment-5578,EQ-05578,combustion,Fuel Gas,4623.42,gal,2024,3
Activité E&P,DP,INAS,GF,Equipment-5579,EQ-05579,flaring,Diesel,8829.95,gal,2023,9
Activité E&P,DP,HRM,GF,Equipment-5580,EQ-05580,drilling,,6526.03,,2022,10
Activité E&P,DP,INAS,GF,Equipment-5581,EQ-05581,drilling,,7017.47,,2022,5
Activité E&P,AST,BMS,OF,Equipment-5582,EQ-05582,combustion,Diesel,6721.29,gal,2023,11
Activité LQS,LSH,GP2Z,GPL,Equipment-5583,EQ-05583,combustion,Propane,3506.09,gal,2024,11
Activité E&P,AST,GSS,OF,Equipment-5584,EQ-05584,venting,,9221.98,,2025,10
Activité RPC,RAF,RA1K,Raffinerie,Equipment-5585,EQ-05585,combustion,Diesel,3118.78,gal,2024,6
Activité LQS,LSH,GL3Z,GNL,Equipment-5586,EQ-05586,flaring,Diesel,6899.86,gal,2024,6
Activité E&P,AST,HBR,OF,Equipment-5587,EQ-05587,venting,,700.99,,2023,7
Activité RPC,PEC,CP1Z,Pétrochimie,Equipment-5588,EQ-05588,combustion,Propane,353.01,gal,2022,9
Activité E&P,AST,MLN,OF,Equipment-5589,EQ-05589,drilling,,9768.96,,2025,12
Activité E&P,AST,REGGANE,GF,Equipment-5590,EQ-05590,combustion,Propane,6130.16,gal,2024,9
Activité E&P,DP,RNS,GF,Equipment-5591,EQ-05591,venting,,4050.27,,2022,4
Activité E&P,AST,SH-FCP MLE,GF,Equipment-5592,EQ-05592,venting,,2180.0,,2022,6
Activité E&P,AST,OURHOUD,OF,Equipment-5593,EQ-05593,venting,,3901.93,,2025,1
Activité LQS,LSH,GP1Z,GPL,Equipment-5594,EQ-05594,drilling,,3367.02,,2024,1
Activité LQS,LSH,GL1K,GNL,Equipment-5595,EQ-05595,combustion,Diesel,5663.18,gal,2022,6
Activité E&P,DP,TFT,GF,Equipment-5596,EQ-05596,fugitive,,7562.53,,2023,11
Activité RPC,RAF,RA1A,Raffinerie,Equipment-5597,EQ-05597,flaring,Propane,3270.16,gal,2024,12
Activité E&P,DP,ADR,OF,Equipment-5598,EQ-05598,fugitive,,5788.52,,2025,1
Activité E&P,AST,INA,GF,Equipment-5599,EQ-05599,venting,,3085.97,,2024,1
Activité E&P,AST,BMS,OF,Equipment-5600,EQ-05600,drilling,,4303.9,,2025,2
Activité E&P,AST,REGGANE,GF,Equipment-5601,EQ-05601,fugitive,,7922.6,,2023,7
Activité E&P,AST,REGGANE,GF,Equipment-5602,EQ-05602,flaring,Natural Gas,8779.33,scf,2025,1
Activité E&P,AST,BMS,OF,Equipment-5603,EQ-05603,fugitive,,9427.83,,2023,12
Activité E&P,DP,HBK,GF,Equipment-5604,EQ-05604,drilling,,4929.04,,2025,4
Activité RPC,PEC,CPEK,Pétrochimie,Equipment-5605,EQ-05605,drilling,,3706.18,,2025,11
Activité LQS,LSH,GL3Z,GNL,Equipment-5606,EQ-05606,fugitive,,3379.64,,2025,11
Activité E&P,DP,HRM,GF,Equipment-5607,EQ-05607,combustion,Propane,1651.04,gal,2025,1
Activité E&P,AST,G SH-ENI,OF,Equipment-5608,EQ-05608,drilling,,893.4,,2024,11
Activité E&P,DP,RNS,GF,Equipment-5609,EQ-05609,flaring,Natural Gas,6651.55,scf,2023,11
Activité E&P,DP,TFT,GF,Equipment-5610,EQ-05610,venting,,8029.69,,2022,8
Activité E&P,DP,STAH,OF,Equipment-5611,EQ-05611,combustion,Propane,9372.29,gal,2025,5
Activité E&P,DP,HMD,OF,Equipment-5612,EQ-05612,venting,,2964.93,,2023,11
Activité E&P,AST,BRS,OF,Equipment-5613,EQ-05613,drilling,,8522.4,,2023,5
Activité E&P,AST,REGGANE,GF,Equipment-5614,EQ-05614,flaring,,2655.74,,2025,5
Activité E&P,DP,TFT,GF,Equipment-5615,EQ-05615,venting,,3933.54,,2024,8
Activité LQS,LSH,GL3Z,GNL,Equipment-5616,EQ-05616,drilling,,8707.94,,2022,1
Activité E&P,DP,TFT,GF,Equipment-5617,EQ-05617,fugitive,,4184.96,,2025,1
Activité RPC,RAF,RA1Z,Raffinerie,Equipment-5618,EQ-05618,combustion,Diesel,3412.88,gal,2024,3
Activité E&P,DP,HRM,GF,Equipment-5619,EQ-05619,drilling,,2484.4,,2024,6
Activité E&P,AST,GTG,GF,Equipment-5620,EQ-05620,fugitive,,9600.15,,2025,1
Activité RPC,RAF,RA1Z,Raffinerie,Equipment-5621,EQ-05621,combustion,Diesel,1645.54,gal,2023,11
Activité E&P,AST,REGGANE,GF,Equipment-5622,EQ-05622,combustion,Propane,8317.79,gal,2023,2
Activité E&P,AST,G SH-ENI,OF,Equipment-5623,EQ-05623,flaring,Propane,4263.83,gal,2024,7
Activité E&P,AST,GSS,OF,Equipment-5624,EQ-05624,venting,,3792.58,,2025,6
Activité E&P,AST,BRS,OF,Equipment-5625,EQ-05625,combustion,Natural Gas,6116.59,scf,2022,2
Activité E&P,AST,RKF,OF,Equipment-5626,EQ-05626,combustion,Propane,868.6,gal,2023,10
Activité E&P,AST,GSS,OF,Equipment-5627,EQ-05627,drilling,,8643.27,,2024,2
Activité E&P,AST,BRS,OF,Equipment-5628,EQ-05628,fugitive,,573.87,,2023,8
Activité LQS,LSH,GP2Z,GPL,Equipment-5629,EQ-05629,combustion,Propane,5902.31,gal,2022,4
Activité E&P,DP,STAH,OF,Equipment-5630,EQ-05630,combustion,Diesel,7149.8,gal,2024,6
Activité E&P,AST,BMS,OF,Equipment-5631,EQ-05631,drilling,,3280.06,,2022,11
Activité E&P,DP,OHT,GF,Equipment-5632,EQ-05632,venting,,7280.32,,2024,11
Activité RPC,PEC,CPEK,Pétrochimie,Equipment-5633,EQ-05633,drilling,,698.25,,2024,8
Activité RPC,RAF,RA1K,Raffinerie,Equipment-5634,EQ-05634,combustion,Fuel Gas,8840.89,gal,2024,4
Activité E&P,AST,GSS,OF,Equipment-5635,EQ-05635,combustion,,3802.79,,2025,5
Activité E&P,DP,TFT,GF,Equipment-5636,EQ-05636,fugitive,,1693.8,,2024,6
Activité E&P,AST,REGGANE,GF,Equipment-5637,EQ-05637,fugitive,,683.27,,2024,7
Activité E&P,AST,GB,OF,Equipment-5638,EQ-05638,fugitive,,9732.99,,2025,10
Activité RPC,RAF,RA1G,Raffinerie,Equipment-5639,EQ-05639,venting,,8187.83,,2025,2
Activité E&P,AST,HBR,OF,Equipment-5640,EQ-05640,fugitive,,3754.85,,2024,10
Activité E&P,AST,OURHOUD,OF,Equipment-5641,EQ-05641,flaring,,5154.07,,2022,11
Activité E&P,AST,GTFT,GF,Equipment-5642,EQ-05642,combustion,Diesel,5264.87,gal,2024,5
Activité E&P,DP,ADR,OF,Equipment-5643,EQ-05643,drilling,,4854.99,,2023,7
Activité LQS,LSH,GL1Z,GNL,Equipment-5644,EQ-05644,drilling,,332.26,,2023,3
Activité E&P,DP,OHT,GF,Equipment-5645,EQ-05645,fugitive,,9285.64,,2025,6
Activité E&P,DP,TFT,GF,Equipment-5646,EQ-05646,drilling,,5774.6,,2025,7
Activité E&P,AST,SH-FCP MLE,GF,Equipment-5647,EQ-05647,fugitive,,6493.61,,2023,8
Activité E&P,DP,HMD,OF,Equipment-5648,EQ-05648,combustion,Natural Gas,2583.69,scf,2023,2
Activité E&P,AST,GTFT,GF,Equipment-5649,EQ-05649,fugitive,,3351.43,,2023,4
Activité E&P,DP,HMD,OF,Equipment-5650,EQ-05650,combustion,Fuel Gas,7091.09,gal,2023,11
Activité LQS,LSH,GL1Z,GNL,Equipment-5651,EQ-05651,fugitive,,872.62,,2022,4
Activité E&P,AST,MLN,OF,Equipment-5652,EQ-05652,drilling,,6171.94,,2025,6
Activité LQS,LSH,GL1Z,GNL,Equipment-5653,EQ-05653,flaring,Diesel,5487.55,gal,2024,3
Activité E&P,DP,RNS,GF,Equipment-5654,EQ-05654,combustion,,7493.12,,2025,12
Activité E&P,AST,G SH-ENI,OF,Equipment-5655,EQ-05655,fugitive,,7189.7,,2025,6
Activité E&P,AST,MLN,OF,Equipment-5656,EQ-05656,drilling,,8492.45,,2024,6
Activité E&P,DP,OHT,GF,Equipment-5657,EQ-05657,venting,,9473.52,,2022,10
Activité E&P,AST,GTIM,GF,Equipment-5658,EQ-05658,venting,,7449.83,,2024,2
Activité E&P,AST,GTIM,GF,Equipment-5659,EQ-05659,venting,,6936.33,,2023,10
Activité E&P,DP,HMD,OF,Equipment-5660,EQ-05660,venting,,2865.06,,2022,4
Activité E&P,AST,MLN,OF,Equipment-5661,EQ-05661,drilling,,1795.13,,2024,9
Activité RPC,RAF,RA1Z,Raffinerie,Equipment-5662,EQ-05662,fugitive,,2246.27,,2025,6
Activité LQS,LSH,GL2Z,GNL,Equipment-5663,EQ-05663,flaring,Diesel,9359.59,gal,2023,11
Activité LQS,LSH,GP1Z,GPL,Equipment-5664,EQ-05664,flaring,Natural Gas,5853.5,scf,2024,10
Activité E&P,AST,BRS,OF,Equipment-5665,EQ-05665,combustion,Diesel,1431.81,gal,2023,2
Activité LQS,LSH,GL3Z,GNL,Equipment-5666,EQ-05666,drilling,,1253.26,,2022,6
Activité E&P,DP,TFT,GF,Equipment-5667,EQ-05667,venting,,237.41,,2024,4
Activité RPC,PEC,CP1Z,Pétrochimie,Equipment-5668,EQ-05668,flaring,Propane,8388.87,gal,2024,1
Activité E&P,AST,RKF,OF,Equipment-5669,EQ-05669,drilling,,7910.18,,2025,6
Activité E&P,DP,STAH,OF,Equipment-5670,EQ-05670,fugitive,,1526.68,,2025,5
Activité E&P,DP,HRM,GF,Equipment-5671,EQ-05671,fugitive,,752.26,,2022,10
Activité E&P,AST,MLN,OF,Equipment-5672,EQ-05672,venting,,5298.23,,2025,3
Activité RPC,RAF,RA1G,Raffinerie,Equipment-5673,EQ-05673,drilling,,2743.72,,2025,10
Activité E&P,AST,INA,GF,Equipment-5674,EQ-05674,drilling,,2975.48,,2022,7
Activité E&P,AST,RKF,OF,Equipment-5675,EQ-05675,drilling,,9964.66,,2024,9
Activité E&P,DP,GTL,GF,Equipment-5676,EQ-05676,flaring,Propane,1684.95,gal,2022,7
Activité LQS,LSH,GL3Z,GNL,Equipment-5677,EQ-05677,fugitive,,1115.96,,2024,11
Activité E&P,DP,REB,OF,Equipment-5678,EQ-05678,fugitive,,1700.52,,2023,2
Activité RPC,RAF,RA1K,Raffinerie,Equipment-5679,EQ-05679,fugitive,,9396.83,,2022,9
Activité E&P,DP,INAS,GF,Equipment-5680,EQ-05680,drilling,,8817.42,,2023,4
Activité E&P,DP,RNS,GF,Equipment-5681,EQ-05681,drilling,,3388.11,,2022,12
Activité LQS,LSH,GL2Z,GNL,Equipment-5682,EQ-05682,combustion,Diesel,770.12,gal,2024,12
Activité E&P,DP,OHT,GF,Equipment-5683,EQ-05683,flaring,Fuel Gas,3347.33,gal,2025,6
Activité RPC,PEC,CPEK,Pétrochimie,Equipment-5684,EQ-05684,combustion,Fuel Gas,533.17,gal,2024,3
Activité LQS,LSH,GL1K,GNL,Equipment-5685,EQ-05685,venting,,930.64,,2024,1
Activité E&P,DP,HMD,OF,Equipment-5686,EQ-05686,combustion,Natural Gas,6729.74,scf,2023,3
Activité E&P,AST,BRS,OF,Equipment-5687,EQ-05687,flaring,Natural Gas,1240.01,scf,2025,1
Activité LQS,LSH,GP2Z,GPL,Equipment-5688,EQ-05688,combustion,,3565.12,,2025,1
Activité RPC,PEC,CP1Z,Pétrochimie,Equipment-5689,EQ-05689,drilling,,3384.65,,2025,10
Activité E&P,AST,OURHOUD,OF,Equipment-5690,EQ-05690,flaring,Propane,1579.26,gal,2022,2
Activité RPC,PEC,CPEK,Pétrochimie,Equipment-5691,EQ-05691,venting,,5312.68,,2022,2
Activité E&P,AST,REGGANE,GF,Equipment-5692,EQ-05692,combustion,Diesel,4616.62,gal,2025,7
Activité E&P,AST,OURHOUD,OF,Equipment-5693,EQ-05693,drilling,,9283.76,,2024,5
Activité E&P,AST,OURHOUD,OF,Equipment-5694,EQ-05694,fugitive,,7318.96,,2025,11
Activité E&P,AST,GTIM,GF,Equipment-5695,EQ-05695,flaring,Natural Gas,3345.53,scf,2024,12
Activité E&P,AST,REGGANE,GF,Equipment-5696,EQ-05696,flaring,Fuel Gas,9848.85,gal,2024,11
Activité LQS,LSH,GL3Z,GNL,Equipment-5697,EQ-05697,combustion,Diesel,7979.89,gal,2022,11
Activité E&P,AST,GB,OF,Equipment-5698,EQ-05698,combustion,Fuel Gas,7372.76,gal,2024,4
Activité E&P,DP,HBK,GF,Equipment-5699,EQ-05699,fugitive,,5357.55,,2025,8
Activité E&P,DP,HMD,OF,Equipment-5700,EQ-05700,drilling,,4509.53,,2025,8
Activité E&P,DP,HMD,OF,Equipment-5701,EQ-05701,combustion,Natural Gas,3665.74,scf,2024,4
Activité E&P,AST,GTG,GF,Equipment-5702,EQ-05702,fugitive,,4189.18,,2024,5
Activité RPC,RAF,RA1K,Raffinerie,Equipment-5703,EQ-05703,fugitive,,1607.25,,2024,8
Activité RPC,RAF,RA1Z,Raffinerie,Equipment-5704,EQ-05704,combustion,Propane,8949.02,gal,2022,7
Activité LQS,LSH,GL1Z,GNL,Equipment-5705,EQ-05705,drilling,,7852.05,,2022,4
Activité E&P,DP,STAH,OF,Equipment-5706,EQ-05706,combustion,Propane,7942.44,gal,2023,11
Activité E&P,AST,SH-FCP MLE,GF,Equipment-5707,EQ-05707,combustion,Natural Gas,3852.06,scf,2024,2
Activité E&P,DP,OHT,GF,Equipment-5708,EQ-05708,venting,,9977.64,,2024,6
Activité E&P,AST,MLN,OF,Equipment-5709,EQ-05709,drilling,,2510.7,,2025,4
Activité E&P,AST,ISG,GF,Equipment-5710,EQ-05710,venting,,1060.98,,2024,5
Activité E&P,AST,MLN,OF,Equipment-5711,EQ-05711,drilling,,914.61,,2023,11
Activité E&P,DP,STAH,OF,Equipment-5712,EQ-05712,combustion,,892.41,,2022,2
Activité LQS,LSH,GP1Z,GPL,Equipment-5713,EQ-05713,combustion,Natural Gas,4459.32,scf,2025,11
Activité E&P,DP,OHT,GF,Equipment-5714,EQ-05714,drilling,,8827.85,,2024,4
Activité LQS,LSH,GL1K,GNL,Equipment-5715,EQ-05715,venting,,9230.66,,2025,12
Activité E&P,AST,GSS,OF,Equipment-5716,EQ-05716,combustion,Fuel Gas,7319.15,gal,2023,6
Activité E&P,AST,SH-FCP MLE,GF,Equipment-5717,EQ-05717,drilling,,9000.23,,2024,12
Activité RPC,PEC,CPEK,Pétrochimie,Equipment-5718,EQ-05718,venting,,9121.63,,2022,2
Activité E&P,AST,GSS,OF,Equipment-5719,EQ-05719,drilling,,3626.0,,2023,9
Activité E&P,AST,GSS,OF,Equipment-5720,EQ-05720,combustion,Natural Gas,7351.4,scf,2022,5
Activité E&P,DP,OHT,GF,Equipment-5721,EQ-05721,combustion,Fuel Gas,5911.57,gal,2022,1
Activité RPC,RAF,RA1G,Raffinerie,Equipment-5722,EQ-05722,venting,,828.66,,2023,3
Activité E&P,AST,GSS,OF,Equipment-5723,EQ-05723,combustion,Natural Gas,8706.22,scf,2024,10
Activité RPC,RAF,RA1Z,Raffinerie,Equipment-5724,EQ-05724,flaring,,8949.39,,2025,4
Activité E&P,AST,HBR,OF,Equipment-5725,EQ-05725,combustion,,6883.16,,2024,5
Activité E&P,AST,GTFT,GF,Equipment-5726,EQ-05726,flaring,Diesel,5544.77,gal,2022,3
Activité E&P,AST,OURHOUD,OF,Equipment-5727,EQ-05727,fugitive,,8442.76,,2022,5
Activité RPC,PEC,CP1Z,Pétrochimie,Equipment-5728,EQ-05728,flaring,Diesel,6533.43,gal,2024,8
Activité E&P,AST,GTFT,GF,Equipment-5729,EQ-05729,flaring,Diesel,3208.69,gal,2024,7
Activité E&P,DP,OHT,GF,Equipment-5730,EQ-05730,venting,,3578.72,,2023,7
Activité E&P,AST,MLN,OF,Equipment-5731,EQ-05731,venting,,9033.01,,2022,10
Activité E&P,AST,SH-FCP MLE,GF,Equipment-5732,EQ-05732,drilling,,6661.86,,2025,6
Activité E&P,DP,REB,OF,Equipment-5733,EQ-05733,drilling,,458.47,,2023,8
Activité E&P,AST,GTG,GF,Equipment-5734,EQ-05734,combustion,,2134.53,,2022,1
Activité E&P,AST,BRS,OF,Equipment-5735,EQ-05735,flaring,,6898.5,,2022,3
Activité E&P,AST,MLN,OF,Equipment-5736,EQ-05736,venting,,888.69,,2025,3
Activité RPC,PEC,CPEK,Pétrochimie,Equipment-5737,EQ-05737,venting,,1345.27,,2024,6
Activité RPC,PEC,CP1Z,Pétrochimie,Equipment-5738,EQ-05738,fugitive,,7568.49,,2022,9
Activité LQS,LSH,GL1K,GNL,Equipment-5739,EQ-05739,combustion,Propane,3826.08,gal,2022,5
Activité E&P,DP,GTL,GF,Equipment-5740,EQ-05740,venting,,1400.37,,2025,11
Activité E&P,AST,BMS,OF,Equipment-5741,EQ-05741,flaring,Fuel Gas,6585.19,gal,2025,8
Activité E&P,DP,HBK,GF,Equipment-5742,EQ-05742,venting,,6371.09,,2023,8
Activité E&P,AST,GB,OF,Equipment-5743,EQ-05743,venting,,4281.72,,2022,12
Activité E&P,DP,HRM,GF,Equipment-5744,EQ-05744,combustion,Fuel Gas,2613.11,gal,2025,4
Activité E&P,DP,RNS,GF,Equipment-5745,EQ-05745,venting,,8703.15,,2022,11
Activité E&P,AST,BRS,OF,Equipment-5746,EQ-05746,fugitive,,5756.06,,2024,5
Activité E&P,DP,ADR,OF,Equipment-5747,EQ-05747,fugitive,,3572.1,,2022,11
Activité E&P,DP,OHT,GF,Equipment-5748,EQ-05748,venting,,5951.6,,2025,5
Activité E&P,AST,GTFT,GF,Equipment-5749,EQ-05749,drilling,,3530.09,,2024,5
Activité RPC,RAF,RA1G,Raffinerie,Equipment-5750,EQ-05750,drilling,,1268.86,,2025,2
Activité E&P,DP,INAS,GF,Equipment-5751,EQ-05751,combustion,,7657.73,,2022,3
Activité LQS,LSH,GL1K,GNL,Equipment-5752,EQ-05752,venting,,8089.9,,2023,3
Activité E&P,DP,STAH,OF,Equipment-5753,EQ-05753,fugitive,,4897.89,,2023,5
Activité E&P,DP,TFT,GF,Equipment-5754,EQ-05754,fugitive,,3152.33,,2022,2
Activité RPC,RAF,RA1K,Raffinerie,Equipment-5755,EQ-05755,drilling,,3454.37,,2023,10
Activité E&P,DP,GTL,GF,Equipment-5756,EQ-05756,fugitive,,2014.13,,2025,5
Activité E&P,AST,HBR,OF,Equipment-5757,EQ-05757,combustion,Natural Gas,3558.06,scf,2025,7
Activité E&P,DP,TFT,GF,Equipment-5758,EQ-05758,drilling,,2397.11,,2025,10
Activité LQS,LSH,GP2Z,GPL,Equipment-5759,EQ-05759,flaring,,1713.76,,2024,1
Activité E&P,AST,HBR,OF,Equipment-5760,EQ-05760,drilling,,9801.61,,2022,9
Activité E&P,DP,GTL,GF,Equipment-5761,EQ-05761,venting,,7614.93,,2024,11
Activité RPC,RAF,RA1Z,Raffinerie,Equipment-5762,EQ-05762,fugitive,,9424.57,,2024,7
Activité E&P,DP,INAS,GF,Equipment-5763,EQ-05763,combustion,Propane,2182.06,gal,2022,10
Activité E&P,AST,BMS,OF,Equipment-5764,EQ-05764,venting,,2522.47,,2022,2
Activité E&P,DP,TFT,GF,Equipment-5765,EQ-05765,flaring,Natural Gas,6733.58,scf,2022,3
Activité E&P,DP,OHT,GF,Equipment-5766,EQ-05766,venting,,5973.08,,2024,6
Activité LQS,LSH,GP2Z,GPL,Equipment-5767,EQ-05767,combustion,Propane,486.91,gal,2025,11
Activité LQS,LSH,GP2Z,GPL,Equipment-5768,EQ-05768,drilling,,2700.03,,2025,2
Activité E&P,AST,REGGANE,GF,Equipment-5769,EQ-05769,combustion,Natural Gas,2888.54,scf,2022,3
Activité E&P,AST,GB,OF,Equipment-5770,EQ-05770,drilling,,2044.7,,2023,1
Activité E&P,DP,HRM,GF,Equipment-5771,EQ-05771,fugitive,,9753.27,,2024,4
Activité E&P,AST,SH-FCP MLE,GF,Equipment-5772,EQ-05772,drilling,,3516.57,,2024,6
Activité E&P,DP,HRM,GF,Equipment-5773,EQ-05773,flaring,Diesel,287.6,gal,2022,10
Activité RPC,RAF,RA1A,Raffinerie,Equipment-5774,EQ-05774,combustion,,4284.78,,2024,9
Activité E&P,DP,REB,OF,Equipment-5775,EQ-05775,flaring,,7318.01,,2023,3
Activité E&P,AST,INA,GF,Equipment-5776,EQ-05776,drilling,,8434.33,,2023,10
Activité E&P,AST,ISG,GF,Equipment-5777,EQ-05777,drilling,,8908.76,,2025,12
Activité RPC,RAF,RA1G,Raffinerie,Equipment-5778,EQ-05778,venting,,3762.28,,2024,12
Activité RPC,RAF,RA1Z,Raffinerie,Equipment-5779,EQ-05779,venting,,1660.78,,2022,8
Activité E&P,DP,TFT,GF,Equipment-5780,EQ-05780,combustion,Natural Gas,3191.63,scf,2024,8
Activité E&P,AST,GTG,GF,Equipment-5781,EQ-05781,drilling,,85.78,,2023,12
Activité E&P,AST,REGGANE,GF,Equipment-5782,EQ-05782,fugitive,,8937.74,,2023,5
Activité E&P,AST,BRS,OF,Equipment-5783,EQ-05783,combustion,Diesel,445.13,gal,2024,12
Activité RPC,RAF,RA1K,Raffinerie,Equipment-5784,EQ-05784,combustion,Natural Gas,891.53,scf,2022,12
Activité E&P,AST,REGGANE,GF,Equipment-5785,EQ-05785,drilling,,337.92,,2024,4
Activité LQS,LSH,GP2Z,GPL,Equipment-5786,EQ-05786,combustion,Fuel Gas,7850.93,gal,2025,10
Activité LQS,LSH,GL2Z,GNL,Equipment-5787,EQ-05787,combustion,,5016.27,,2022,3
Activité LQS,LSH,GL1Z,GNL,Equipment-5788,EQ-05788,fugitive,,951.58,,2025,6
Activité E&P,AST,GTIM,GF,Equipment-5789,EQ-05789,drilling,,1153.39,,2022,11
Activité RPC,PEC,CPEK,Pétrochimie,Equipment-5790,EQ-05790,drilling,,7253.24,,2024,10
Activité RPC,RAF,RA1G,Raffinerie,Equipment-5791,EQ-05791,fugitive,,9064.6,,2025,11
Activité LQS,LSH,GL1K,GNL,Equipment-5792,EQ-05792,venting,,8480.8,,2022,11
Activité E&P,DP,TFT,GF,Equipment-5793,EQ-05793,combustion,,1804.29,,2022,1
Activité E&P,DP,REB,OF,Equipment-5794,EQ-05794,combustion,Natural Gas,5646.5,scf,2022,1
Activité LQS,LSH,GP2Z,GPL,Equipment-5795,EQ-05795,flaring,Propane,2553.1,gal,2022,12
Activité E&P,DP,HRM,GF,Equipment-5796,EQ-05796,drilling,,2376.86,,2022,7
Activité E&P,DP,RNS,GF,Equipment-5797,EQ-05797,fugitive,,585.69,,2024,5
Activité LQS,LSH,GP1Z,GPL,Equipment-5798,EQ-05798,flaring,Fuel Gas,2365.31,gal,2024,5
Activité E&P,DP,INAS,GF,Equipment-5799,EQ-05799,combustion,,9862.07,,2023,6
Activité E&P,AST,SH-FCP MLE,GF,Equipment-5800,EQ-05800,flaring,Natural Gas,8517.88,scf,2025,6
Activité RPC,RAF,RA1A,Raffinerie,Equipment-5801,EQ-05801,drilling,,6590.34,,2024,5
Activité E&P,AST,GTFT,GF,Equipment-5802,EQ-05802,fugitive,,9874.98,,2023,4
Activité E&P,AST,GTG,GF,Equipment-5803,EQ-05803,drilling,,256.3,,2024,10
Activité E&P,AST,BMS,OF,Equipment-5804,EQ-05804,flaring,,6239.95,,2022,12
Activité E&P,AST,BRS,OF,Equipment-5805,EQ-05805,combustion,Diesel,9525.26,gal,2024,4
Activité E&P,DP,OHT,GF,Equipment-5806,EQ-05806,flaring,Diesel,250.56,gal,2025,2
Activité LQS,LSH,GL2Z,GNL,Equipment-5807,EQ-05807,flaring,Diesel,4239.13,gal,2023,1
Activité RPC,RAF,RA1A,Raffinerie,Equipment-5808,EQ-05808,drilling,,6647.4,,2022,10
Activité E&P,AST,GTIM,GF,Equipment-5809,EQ-05809,venting,,5302.58,,2022,6
Activité E&P,AST,GTG,GF,Equipment-5810,EQ-05810,drilling,,6961.1,,2024,4
Activité E&P,AST,GTIM,GF,Equipment-5811,EQ-05811,venting,,4565.58,,2022,6
Activité E&P,DP,HRM,GF,Equipment-5812,EQ-05812,combustion,Diesel,4810.0,gal,2024,10
Activité E&P,AST,INA,GF,Equipment-5813,EQ-05813,fugitive,,6634.14,,2025,1
Activité E&P,AST,MLN,OF,Equipment-5814,EQ-05814,fugitive,,3806.51,,2024,1
Activité E&P,DP,HMD,OF,Equipment-5815,EQ-05815,venting,,2139.63,,2024,6
Activité LQS,LSH,GP2Z,GPL,Equipment-5816,EQ-05816,fugitive,,8948.06,,2022,7
Activité RPC,RAF,RA1G,Raffinerie,Equipment-5817,EQ-05817,fugitive,,8108.07,,2025,10
Activité E&P,DP,GTL,GF,Equipment-5818,EQ-05818,fugitive,,9151.45,,2023,1
Activité E&P,DP,ADR,OF,Equipment-5819,EQ-05819,drilling,,4205.81,,2024,2
Activité E&P,AST,SH-FCP MLE,GF,Equipment-5820,EQ-05820,flaring,Diesel,7156.84,gal,2022,2
Activité E&P,DP,TFT,GF,Equipment-5821,EQ-05821,combustion,Fuel Gas,1537.68,gal,2024,12
Activité E&P,AST,REGGANE,GF,Equipment-5822,EQ-05822,combustion,,1784.4,,2024,8
Activité E&P,AST,SH-FCP MLE,GF,Equipment-5823,EQ-05823,drilling,,8411.44,,2024,5
Activité E&P,DP,REB,OF,Equipment-5824,EQ-05824,venting,,4649.25,,2022,12
Activité E&P,AST,BMS,OF,Equipment-5825,EQ-05825,fugitive,,7328.89,,2024,5
Activité E&P,AST,GTFT,GF,Equipment-5826,EQ-05826,combustion,Natural Gas,4643.78,scf,2025,12
Activité E&P,DP,REB,OF,Equipment-5827,EQ-05827,drilling,,7248.75,,2023,2
Activité E&P,DP,REB,OF,Equipment-5828,EQ-05828,flaring,,1924.2,,2023,7
Activité E&P,AST,GSS,OF,Equipment-5829,EQ-05829,combustion,Propane,5336.75,gal,2024,1
Activité RPC,RAF,RA1A,Raffinerie,Equipment-5830,EQ-05830,flaring,Diesel,6649.83,gal,2023,9
Activité E&P,AST,GTIM,GF,Equipment-5831,EQ-05831,combustion,Fuel Gas,4950.31,gal,2023,11
Activité LQS,LSH,GL2Z,GNL,Equipment-5832,EQ-05832,drilling,,2545.49,,2023,11
Activité LQS,LSH,GL1Z,GNL,Equipment-5833,EQ-05833,combustion,Natural Gas,9647.28,scf,2025,11
Activité LQS,LSH,GP1Z,GPL,Equipment-5834,EQ-05834,combustion,Fuel Gas,3747.19,gal,2024,4
Activité RPC,RAF,RA1Z,Raffinerie,Equipment-5835,EQ-05835,venting,,1267.05,,2022,8
Activité E&P,AST,GSS,OF,Equipment-5836,EQ-05836,venting,,8578.17,,2023,2
Activité LQS,LSH,GP1Z,GPL,Equipment-5837,EQ-05837,flaring,Fuel Gas,7710.96,gal,2024,8
Activité E&P,AST,HBR,OF,Equipment-5838,EQ-05838,flaring,,3862.93,,2022,5
Activité E&P,DP,HMD,OF,Equipment-5839,EQ-05839,fugitive,,7057.85,,2024,2
Activité E&P,AST,BRS,OF,Equipment-5840,EQ-05840,combustion,Diesel,2051.77,gal,2022,7
Activité E&P,DP,HRM,GF,Equipment-5841,EQ-05841,combustion,Diesel,495.31,gal,2023,5
Activité E&P,DP,TFT,GF,Equipment-5842,EQ-05842,flaring,,3947.05,,2025,8
Activité E&P,AST,GTFT,GF,Equipment-5843,EQ-05843,combustion,Fuel Gas,5560.47,gal,2022,11
Activité E&P,AST,INA,GF,Equipment-5844,EQ-05844,combustion,Natural Gas,4070.18,scf,2022,2
Activité E&P,AST,GTFT,GF,Equipment-5845,EQ-05845,fugitive,,9965.91,,2023,1
Activité RPC,PEC,CP1Z,Pétrochimie,Equipment-5846,EQ-05846,drilling,,4183.56,,2024,9
Activité E&P,DP,TFT,GF,Equipment-5847,EQ-05847,drilling,,5291.33,,2023,11
Activité E&P,DP,ADR,OF,Equipment-5848,EQ-05848,fugitive,,7602.5,,2022,1
Activité RPC,RAF,RA1K,Raffinerie,Equipment-5849,EQ-05849,venting,,2770.16,,2022,12
Activité RPC,RAF,RA1Z,Raffinerie,Equipment-5850,EQ-05850,combustion,Natural Gas,766.92,scf,2024,11
Activité RPC,PEC,CPEK,Pétrochimie,Equipment-5851,EQ-05851,combustion,Diesel,1843.89,gal,2022,11
Activité E&P,AST,HBR,OF,Equipment-5852,EQ-05852,flaring,Diesel,1667.89,gal,2023,3
Activité E&P,DP,OHT,GF,Equipment-5853,EQ-05853,fugitive,,9823.46,,2025,9
Activité E&P,DP,STAH,OF,Equipment-5854,EQ-05854,venting,,5119.54,,2024,5
Activité RPC,RAF,RA1K,Raffinerie,Equipment-5855,EQ-05855,flaring,Fuel Gas,6289.31,gal,2022,4
Activité E&P,AST,RKF,OF,Equipment-5856,EQ-05856,combustion,Propane,8144.76,gal,2025,9
Activité E&P,AST,SH-FCP MLE,GF,Equipment-5857,EQ-05857,flaring,Propane,5450.72,gal,2024,7
Activité E&P,AST,GTIM,GF,Equipment-5858,EQ-05858,fugitive,,4577.06,,2025,3
Activité LQS,LSH,GL1Z,GNL,Equipment-5859,EQ-05859,drilling,,6081.53,,2022,3
Activité E&P,DP,HRM,GF,Equipment-5860,EQ-05860,flaring,Diesel,7248.36,gal,2025,6
Activité LQS,LSH,GL1K,GNL,Equipment-5861,EQ-05861,drilling,,4269.32,,2022,11
Activité LQS,LSH,GL3Z,GNL,Equipment-5862,EQ-05862,flaring,Diesel,1742.03,gal,2024,9
Activité LQS,LSH,GP1Z,GPL,Equipment-5863,EQ-05863,drilling,,3840.31,,2024,5
Activité LQS,LSH,GL1Z,GNL,Equipment-5864,EQ-05864,fugitive,,6733.04,,2023,10
Activité LQS,LSH,GL1Z,GNL,Equipment-5865,EQ-05865,drilling,,2747.51,,2023,3
Activité E&P,AST,GSS,OF,Equipment-5866,EQ-05866,flaring,Fuel Gas,9452.9,gal,2025,1
Activité E&P,DP,HRM,GF,Equipment-5867,EQ-05867,venting,,4860.06,,2024,4
Activité RPC,RAF,RA1Z,Raffinerie,Equipment-5868,EQ-05868,combustion,,1487.81,,2022,11
Activité RPC,RAF,RA1K,Raffinerie,Equipment-5869,EQ-05869,combustion,Fuel Gas,5440.01,gal,2023,7
Activité E&P,AST,SH-FCP MLE,GF,Equipment-5870,EQ-05870,combustion,Fuel Gas,1154.29,gal,2023,9
Activité E&P,AST,GTG,GF,Equipment-5871,EQ-05871,flaring,Diesel,826.56,gal,2022,11
Activité LQS,LSH,GL2Z,GNL,Equipment-5872,EQ-05872,fugitive,,3744.64,,2022,1
Activité RPC,RAF,RA1A,Raffinerie,Equipment-5873,EQ-05873,fugitive,,6043.14,,2024,9
Activité RPC,PEC,CPEK,Pétrochimie,Equipment-5874,EQ-05874,flaring,Diesel,9938.36,gal,2023,8
Activité E&P,DP,INAS,GF,Equipment-5875,EQ-05875,flaring,Diesel,9993.7,gal,2025,11
Activité E&P,DP,ADR,OF,Equipment-5876,EQ-05876,flaring,Diesel,7702.07,gal,2023,8
Activité LQS,LSH,GP2Z,GPL,Equipment-5877,EQ-05877,flaring,Propane,8919.91,gal,2025,1
Activité E&P,DP,HMD,OF,Equipment-5878,EQ-05878,fugitive,,8931.72,,2024,5
Activité E&P,AST,GSS,OF,Equipment-5879,EQ-05879,flaring,Natural Gas,4205.91,scf,2023,9
Activité E&P,AST,GB,OF,Equipment-5880,EQ-05880,drilling,,3944.44,,2024,12
Activité E&P,AST,G SH-ENI,OF,Equipment-5881,EQ-05881,drilling,,5207.1,,2023,11
Activité E&P,AST,REGGANE,GF,Equipment-5882,EQ-05882,fugitive,,9972.97,,2025,4
Activité E&P,DP,REB,OF,Equipment-5883,EQ-05883,flaring,Propane,5037.18,gal,2025,4
Activité LQS,LSH,GL1Z,GNL,Equipment-5884,EQ-05884,combustion,Diesel,4587.24,gal,2022,2
Activité LQS,LSH,GL1K,GNL,Equipment-5885,EQ-05885,venting,,3952.59,,2023,2
Activité E&P,DP,ADR,OF,Equipment-5886,EQ-05886,venting,,697.26,,2025,6
Activité E&P,AST,GB,OF,Equipment-5887,EQ-05887,flaring,Natural Gas,8478.61,scf,2024,12
Activité LQS,LSH,GL1K,GNL,Equipment-5888,EQ-05888,combustion,Natural Gas,274.69,scf,2024,11
Activité E&P,DP,ADR,OF,Equipment-5889,EQ-05889,drilling,,4727.59,,2024,5
Activité E&P,AST,INA,GF,Equipment-5890,EQ-05890,combustion,Diesel,3166.75,gal,2025,9
Activité E&P,DP,HBK,GF,Equipment-5891,EQ-05891,fugitive,,3221.7,,2025,2
Activité E&P,DP,ADR,OF,Equipment-5892,EQ-05892,fugitive,,9153.15,,2025,9
Activité E&P,AST,GTFT,GF,Equipment-5893,EQ-05893,fugitive,,8664.61,,2025,5
Activité E&P,DP,HBK,GF,Equipment-5894,EQ-05894,fugitive,,8013.38,,2023,4
Activité E&P,AST,BRS,OF,Equipment-5895,EQ-05895,combustion,Natural Gas,812.55,scf,2024,5
Activité LQS,LSH,GL1K,GNL,Equipment-5896,EQ-05896,fugitive,,7862.68,,2024,2
Activité E&P,AST,HBR,OF,Equipment-5897,EQ-05897,fugitive,,8179.47,,2025,1
Activité E&P,DP,RNS,GF,Equipment-5898,EQ-05898,drilling,,417.01,,2022,10
Activité E&P,AST,RKF,OF,Equipment-5899,EQ-05899,flaring,Diesel,8335.89,gal,2024,2
Activité LQS,LSH,GL1K,GNL,Equipment-5900,EQ-05900,fugitive,,8440.96,,2023,12
Activité RPC,RAF,RA1G,Raffinerie,Equipment-5901,EQ-05901,fugitive,,687.05,,2025,4
Activité LQS,LSH,GL1K,GNL,Equipment-5902,EQ-05902,venting,,1137.3,,2024,3
Activité E&P,AST,REGGANE,GF,Equipment-5903,EQ-05903,combustion,Propane,9746.52,gal,2023,4
Activité E&P,AST,ISG,GF,Equipment-5904,EQ-05904,venting,,8581.03,,2024,4
Activité E&P,DP,STAH,OF,Equipment-5905,EQ-05905,venting,,2986.45,,2025,9
Activité RPC,RAF,RA1G,Raffinerie,Equipment-5906,EQ-05906,venting,,170.16,,2022,3
Activité E&P,DP,REB,OF,Equipment-5907,EQ-05907,flaring,Propane,658.13,gal,2025,6
Activité RPC,PEC,CP1Z,Pétrochimie,Equipment-5908,EQ-05908,flaring,Natural Gas,2678.82,scf,2023,2
Activité E&P,AST,GTFT,GF,Equipment-5909,EQ-05909,combustion,Propane,7487.45,gal,2025,9
Activité LQS,LSH,GL2Z,GNL,Equipment-5910,EQ-05910,drilling,,2869.99,,2025,2
Activité E&P,AST,RKF,OF,Equipment-5911,EQ-05911,combustion,Diesel,49.33,gal,2023,7
Activité RPC,RAF,RA1K,Raffinerie,Equipment-5912,EQ-05912,flaring,Diesel,5814.41,gal,2024,3
Activité RPC,PEC,CPEK,Pétrochimie,Equipment-5913,EQ-05913,fugitive,,5569.04,,2023,6
Activité E&P,AST,RKF,OF,Equipment-5914,EQ-05914,flaring,Propane,9448.72,gal,2025,4
Activité RPC,RAF,RA1K,Raffinerie,Equipment-5915,EQ-05915,fugitive,,9595.77,,2023,3
Activité E&P,AST,G SH-ENI,OF,Equipment-5916,EQ-05916,flaring,,4584.48,,2023,1
Activité E&P,DP,HRM,GF,Equipment-5917,EQ-05917,fugitive,,4158.49,,2023,2
Activité LQS,LSH,GP2Z,GPL,Equipment-5918,EQ-05918,fugitive,,1633.22,,2022,10
Activité E&P,AST,HBR,OF,Equipment-5919,EQ-05919,combustion,Fuel Gas,8720.82,gal,2024,9
Activité E&P,AST,RKF,OF,Equipment-5920,EQ-05920,combustion,Diesel,6610.49,gal,2025,10
Activité E&P,AST,RKF,OF,Equipment-5921,EQ-05921,flaring,Propane,9485.6,gal,2024,1
Activité E&P,AST,GB,OF,Equipment-5922,EQ-05922,drilling,,1280.96,,2024,4
Activité RPC,RAF,RA1K,Raffinerie,Equipment-5923,EQ-05923,combustion,,9700.35,,2024,5
Activité E&P,AST,GTFT,GF,Equipment-5924,EQ-05924,drilling,,2802.2,,2025,10
Activité E&P,AST,REGGANE,GF,Equipment-5925,EQ-05925,drilling,,6303.37,,2023,7
Activité LQS,LSH,GP2Z,GPL,Equipment-5926,EQ-05926,drilling,,7280.96,,2024,5
Activité E&P,AST,GTFT,GF,Equipment-5927,EQ-05927,fugitive,,478.89,,2023,9
Activité E&P,DP,RNS,GF,Equipment-5928,EQ-05928,flaring,Diesel,2822.49,gal,2024,10
Activité E&P,AST,GTFT,GF,Equipment-5929,EQ-05929,combustion,Fuel Gas,7478.15,gal,2022,5
Activité E&P,AST,INA,GF,Equipment-5930,EQ-05930,combustion,Fuel Gas,8043.87,gal,2022,3
Activité E&P,DP,RNS,GF,Equipment-5931,EQ-05931,drilling,,1188.62,,2022,5
Activité LQS,LSH,GL1Z,GNL,Equipment-5932,EQ-05932,combustion,,9822.02,,2023,12
Activité E&P,DP,HRM,GF,Equipment-5933,EQ-05933,combustion,,6532.21,,2022,7
Activité RPC,PEC,CP1Z,Pétrochimie,Equipment-5934,EQ-05934,fugitive,,8038.35,,2022,3
Activité E&P,AST,OURHOUD,OF,Equipment-5935,EQ-05935,combustion,Natural Gas,9610.96,scf,2025,2
Activité E&P,AST,RKF,OF,Equipment-5936,EQ-05936,drilling,,2830.97,,2024,5
Activité E&P,DP,STAH,OF,Equipment-5937,EQ-05937,combustion,Natural Gas,2608.44,scf,2025,11
Activité E&P,AST,G SH-ENI,OF,Equipment-5938,EQ-05938,drilling,,6433.63,,2024,3
Activité LQS,LSH,GL3Z,GNL,Equipment-5939,EQ-05939,drilling,,5912.78,,2024,10
Activité E&P,DP,GTL,GF,Equipment-5940,EQ-05940,venting,,520.24,,2024,12
Activité E&P,DP,OHT,GF,Equipment-5941,EQ-05941,drilling,,3167.68,,2025,1
Activité E&P,DP,OHT,GF,Equipment-5942,EQ-05942,combustion,Natural Gas,3014.08,scf,2024,5
Activité E&P,AST,ISG,GF,Equipment-5943,EQ-05943,drilling,,9581.55,,2022,11
Activité E&P,AST,GTG,GF,Equipment-5944,EQ-05944,fugitive,,9523.6,,2022,11
Activité E&P,DP,TFT,GF,Equipment-5945,EQ-05945,drilling,,3517.18,,2022,4
Activité E&P,DP,HMD,OF,Equipment-5946,EQ-05946,flaring,Propane,6961.16,gal,2022,7
Activité E&P,AST,INA,GF,Equipment-5947,EQ-05947,combustion,Natural Gas,5160.05,scf,2025,12
Activité RPC,RAF,RA1A,Raffinerie,Equipment-5948,EQ-05948,combustion,Fuel Gas,2961.75,gal,2022,8
Activité RPC,RAF,RA1G,Raffinerie,Equipment-5949,EQ-05949,combustion,Diesel,144.98,gal,2024,7
Activité E&P,DP,OHT,GF,Equipment-5950,EQ-05950,drilling,,9234.36,,2024,9
Activité E&P,DP,HRM,GF,Equipment-5951,EQ-05951,venting,,291.04,,2025,8
Activité E&P,AST,GSS,OF,Equipment-5952,EQ-05952,flaring,Propane,2743.97,gal,2023,10
Activité E&P,DP,TFT,GF,Equipment-5953,EQ-05953,combustion,Propane,6073.1,gal,2022,11
Activité E&P,AST,GSS,OF,Equipment-5954,EQ-05954,combustion,,552.34,,2022,4
Activité E&P,DP,ADR,OF,Equipment-5955,EQ-05955,drilling,,5614.68,,2025,8
Activité LQS,LSH,GL1Z,GNL,Equipment-5956,EQ-05956,flaring,Diesel,1617.76,gal,2024,11
Activité E&P,AST,SH-FCP MLE,GF,Equipment-5957,EQ-05957,venting,,3800.09,,2022,3
Activité E&P,AST,OURHOUD,OF,Equipment-5958,EQ-05958,drilling,,7486.68,,2024,12
Activité E&P,AST,SH-FCP MLE,GF,Equipment-5959,EQ-05959,combustion,Propane,611.27,gal,2025,3
Activité E&P,AST,GTIM,GF,Equipment-5960,EQ-05960,flaring,Propane,1619.87,gal,2024,5
Activité E&P,DP,HRM,GF,Equipment-5961,EQ-05961,drilling,,1983.04,,2022,8
Activité E&P,AST,INA,GF,Equipment-5962,EQ-05962,venting,,7750.12,,2025,4
Activité RPC,PEC,CPEK,Pétrochimie,Equipment-5963,EQ-05963,venting,,7243.66,,2022,9
Activité E&P,DP,STAH,OF,Equipment-5964,EQ-05964,flaring,Propane,6495.4,gal,2024,7
Activité E&P,AST,G SH-ENI,OF,Equipment-5965,EQ-05965,flaring,Fuel Gas,1188.28,gal,2023,5
Activité E&P,AST,GTIM,GF,Equipment-5966,EQ-05966,venting,,409.2,,2024,6
Activité E&P,DP,GTL,GF,Equipment-5967,EQ-05967,drilling,,6185.07,,2024,4
Activité E&P,AST,HBR,OF,Equipment-5968,EQ-05968,drilling,,2885.22,,2024,10
Activité E&P,AST,BMS,OF,Equipment-5969,EQ-05969,combustion,Fuel Gas,3280.67,gal,2024,10
Activité E&P,DP,TFT,GF,Equipment-5970,EQ-05970,venting,,9199.81,,2023,4
Activité E&P,AST,G SH-ENI,OF,Equipment-5971,EQ-05971,drilling,,6091.7,,2023,9
Activité E&P,AST,OURHOUD,OF,Equipment-5972,EQ-05972,drilling,,2440.44,,2022,9
Activité E&P,AST,GTG,GF,Equipment-5973,EQ-05973,fugitive,,8144.49,,2023,5
Activité LQS,LSH,GP2Z,GPL,Equipment-5974,EQ-05974,venting,,5871.12,,2022,8
Activité RPC,PEC,CP1Z,Pétrochimie,Equipment-5975,EQ-05975,drilling,,6803.79,,2024,1
Activité LQS,LSH,GL3Z,GNL,Equipment-5976,EQ-05976,drilling,,6548.79,,2023,5
Activité E&P,AST,G SH-ENI,OF,Equipment-5977,EQ-05977,drilling,,7335.06,,2024,1
Activité RPC,RAF,RA1A,Raffinerie,Equipment-5978,EQ-05978,flaring,,4749.86,,2022,12
Activité LQS,LSH,GL3Z,GNL,Equipment-5979,EQ-05979,drilling,,2045.67,,2024,3
Activité LQS,LSH,GP2Z,GPL,Equipment-5980,EQ-05980,flaring,Diesel,6858.48,gal,2024,6
Activité E&P,AST,BMS,OF,Equipment-5981,EQ-05981,flaring,Propane,7649.72,gal,2022,3
Activité E&P,DP,HMD,OF,Equipment-5982,EQ-05982,combustion,Natural Gas,1005.35,scf,2022,6
Activité E&P,AST,GTIM,GF,Equipment-5983,EQ-05983,drilling,,2717.54,,2024,2
Activité E&P,DP,INAS,GF,Equipment-5984,EQ-05984,flaring,,6538.08,,2022,4
Activité RPC,RAF,RA1Z,Raffinerie,Equipment-5985,EQ-05985,drilling,,5603.4,,2022,7
Activité E&P,AST,RKF,OF,Equipment-5986,EQ-05986,drilling,,413.69,,2022,1
Activité E&P,DP,STAH,OF,Equipment-5987,EQ-05987,venting,,5774.08,,2025,1
Activité E&P,AST,INA,GF,Equipment-5988,EQ-05988,venting,,8517.74,,2022,10
Activité E&P,AST,BRS,OF,Equipment-5989,EQ-05989,drilling,,4068.42,,2025,5
Activité RPC,RAF,RA1G,Raffinerie,Equipment-5990,EQ-05990,drilling,,7568.95,,2025,12
Activité E&P,AST,OURHOUD,OF,Equipment-5991,EQ-05991,drilling,,2464.06,,2023,8
Activité LQS,LSH,GL1K,GNL,Equipment-5992,EQ-05992,fugitive,,7514.96,,2025,12
Activité E&P,AST,SH-FCP MLE,GF,Equipment-5993,EQ-05993,fugitive,,6965.42,,2022,7
Activité LQS,LSH,GL3Z,GNL,Equipment-5994,EQ-05994,drilling,,1321.89,,2022,4
Activité E&P,DP,OHT,GF,Equipment-5995,EQ-05995,drilling,,9063.09,,2022,7
Activité E&P,DP,RNS,GF,Equipment-5996,EQ-05996,fugitive,,8505.09,,2024,12
Activité E&P,AST,GB,OF,Equipment-5997,EQ-05997,drilling,,1178.23,,2024,6
Activité E&P,DP,OHT,GF,Equipment-5998,EQ-05998,drilling,,3584.52,,2022,6
Activité E&P,AST,OURHOUD,OF,Equipment-5999,EQ-05999,combustion,,7233.16,,2023,3
Activité LQS,LSH,GL1K,GNL,Equipment-6000,EQ-06000,drilling,,1524.48,,2024,1
Activité E&P,AST,GTIM,GF,Equipment-6001,EQ-06001,combustion,Propane,2974.28,gal,2022,1
Activité E&P,DP,ADR,OF,Equipment-6002,EQ-06002,combustion,Fuel Gas,2730.06,gal,2024,12
Activité E&P,DP,HMD,OF,Equipment-6003,EQ-06003,venting,,852.44,,2025,6
Activité E&P,DP,HMD,OF,Equipment-6004,EQ-06004,drilling,,7537.08,,2024,7
Activité E&P,DP,INAS,GF,Equipment-6005,EQ-06005,venting,,6756.99,,2024,2
Activité LQS,LSH,GL1K,GNL,Equipment-6006,EQ-06006,fugitive,,3080.57,,2025,3
Activité LQS,LSH,GL2Z,GNL,Equipment-6007,EQ-06007,flaring,Natural Gas,9639.4,scf,2023,6
Activité LQS,LSH,GP2Z,GPL,Equipment-6008,EQ-06008,drilling,,2061.24,,2023,10
Activité RPC,PEC,CPEK,Pétrochimie,Equipment-6009,EQ-06009,flaring,Fuel Gas,9158.16,gal,2025,5
Activité E&P,DP,HBK,GF,Equipment-6010,EQ-06010,flaring,Propane,9950.66,gal,2023,8
Activité E&P,DP,OHT,GF,Equipment-6011,EQ-06011,drilling,,4014.36,,2022,6
Activité RPC,RAF,RA1Z,Raffinerie,Equipment-6012,EQ-06012,drilling,,3818.55,,2025,2
Activité LQS,LSH,GP2Z,GPL,Equipment-6013,EQ-06013,venting,,1682.88,,2022,12
Activité E&P,DP,REB,OF,Equipment-6014,EQ-06014,venting,,4661.62,,2022,5
Activité E&P,DP,GTL,GF,Equipment-6015,EQ-06015,flaring,Fuel Gas,117.95,gal,2023,12
Activité E&P,AST,OURHOUD,OF,Equipment-6016,EQ-06016,drilling,,5122.34,,2023,11
Activité E&P,AST,OURHOUD,OF,Equipment-6017,EQ-06017,venting,,2944.12,,2025,10
Activité RPC,RAF,RA1G,Raffinerie,Equipment-6018,EQ-06018,drilling,,5720.16,,2024,1
Activité E&P,DP,OHT,GF,Equipment-6019,EQ-06019,fugitive,,8463.48,,2025,6
Activité E&P,DP,RNS,GF,Equipment-6020,EQ-06020,drilling,,1347.73,,2024,3
Activité E&P,AST,OURHOUD,OF,Equipment-6021,EQ-06021,drilling,,6277.31,,2024,12
Activité E&P,AST,MLN,OF,Equipment-6022,EQ-06022,venting,,5209.56,,2025,3
Activité E&P,AST,BMS,OF,Equipment-6023,EQ-06023,drilling,,6095.46,,2025,12
Activité E&P,AST,BRS,OF,Equipment-6024,EQ-06024,venting,,1512.54,,2025,10
Activité RPC,RAF,RA1Z,Raffinerie,Equipment-6025,EQ-06025,flaring,,4256.07,,2024,8
Activité E&P,AST,BMS,OF,Equipment-6026,EQ-06026,drilling,,9980.0,,2022,12
Activité E&P,DP,STAH,OF,Equipment-6027,EQ-06027,flaring,,9879.61,,2023,5
Activité RPC,RAF,RA1Z,Raffinerie,Equipment-6028,EQ-06028,fugitive,,9852.31,,2022,11
Activité E&P,AST,BRS,OF,Equipment-6029,EQ-06029,flaring,Diesel,1339.23,gal,2022,7
Activité LQS,LSH,GL3Z,GNL,Equipment-6030,EQ-06030,venting,,3266.52,,2023,3
Activité E&P,DP,ADR,OF,Equipment-6031,EQ-06031,combustion,Propane,7146.13,gal,2023,1
Activité LQS,LSH,GL3Z,GNL,Equipment-6032,EQ-06032,venting,,4300.96,,2023,3
Activité LQS,LSH,GL1K,GNL,Equipment-6033,EQ-06033,flaring,Propane,2234.07,gal,2022,10
Activité LQS,LSH,GL2Z,GNL,Equipment-6034,EQ-06034,flaring,Natural Gas,8640.71,scf,2024,7
Activité RPC,RAF,RA1A,Raffinerie,Equipment-6035,EQ-06035,drilling,,7986.83,,2022,8
Activité E&P,DP,TFT,GF,Equipment-6036,EQ-06036,fugitive,,184.7,,2025,11
Activité RPC,RAF,RA1K,Raffinerie,Equipment-6037,EQ-06037,drilling,,5196.22,,2022,2
Activité E&P,DP,RNS,GF,Equipment-6038,EQ-06038,venting,,9774.61,,2022,2
Activité E&P,AST,GSS,OF,Equipment-6039,EQ-06039,flaring,Diesel,4530.65,gal,2022,10
Activité E&P,AST,SH-FCP MLE,GF,Equipment-6040,EQ-06040,venting,,5754.61,,2025,5
Activité LQS,LSH,GL1K,GNL,Equipment-6041,EQ-06041,drilling,,3987.53,,2025,5
Activité RPC,RAF,RA1Z,Raffinerie,Equipment-6042,EQ-06042,drilling,,4557.38,,2024,9
Activité E&P,DP,STAH,OF,Equipment-6043,EQ-06043,combustion,,4435.07,,2025,7
Activité RPC,RAF,RA1G,Raffinerie,Equipment-6044,EQ-06044,combustion,Fuel Gas,6029.15,gal,2024,2
Activité E&P,DP,GTL,GF,Equipment-6045,EQ-06045,drilling,,950.74,,2022,5
Activité LQS,LSH,GL1Z,GNL,Equipment-6046,EQ-06046,venting,,7984.09,,2023,10
Activité E&P,AST,GSS,OF,Equipment-6047,EQ-06047,venting,,9660.01,,2023,9
Activité RPC,RAF,RA1Z,Raffinerie,Equipment-6048,EQ-06048,venting,,7996.66,,2024,9
Activité LQS,LSH,GL1Z,GNL,Equipment-6049,EQ-06049,flaring,Fuel Gas,3181.6,gal,2024,11
Activité LQS,LSH,GP2Z,GPL,Equipment-6050,EQ-06050,drilling,,7469.05,,2023,4
Activité LQS,LSH,GP2Z,GPL,Equipment-6051,EQ-06051,venting,,6564.13,,2025,8
Activité E&P,DP,ADR,OF,Equipment-6052,EQ-06052,drilling,,2459.75,,2022,12
Activité E&P,AST,HBR,OF,Equipment-6053,EQ-06053,combustion,Propane,8884.08,gal,2024,2
Activité E&P,AST,BRS,OF,Equipment-6054,EQ-06054,drilling,,7804.38,,2023,1
Activité E&P,AST,MLN,OF,Equipment-6055,EQ-06055,combustion,Natural Gas,6890.08,scf,2023,2
Activité E&P,AST,MLN,OF,Equipment-6056,EQ-06056,fugitive,,4615.24,,2023,5
Activité RPC,RAF,RA1G,Raffinerie,Equipment-6057,EQ-06057,drilling,,2129.2,,2022,9
Activité E&P,AST,RKF,OF,Equipment-6058,EQ-06058,combustion,Propane,3204.26,gal,2022,10
Activité RPC,RAF,RA1A,Raffinerie,Equipment-6059,EQ-06059,combustion,Natural Gas,1691.56,scf,2025,12
Activité E&P,AST,BMS,OF,Equipment-6060,EQ-06060,fugitive,,1743.42,,2025,5
Activité E&P,AST,G SH-ENI,OF,Equipment-6061,EQ-06061,flaring,Diesel,880.59,gal,2022,5
Activité LQS,LSH,GL1Z,GNL,Equipment-6062,EQ-06062,flaring,Propane,1201.83,gal,2024,4
Activité E&P,AST,REGGANE,GF,Equipment-6063,EQ-06063,flaring,Natural Gas,6664.69,scf,2023,3
Activité E&P,AST,OURHOUD,OF,Equipment-6064,EQ-06064,flaring,Fuel Gas,1166.89,gal,2024,6
Activité E&P,AST,BRS,OF,Equipment-6065,EQ-06065,flaring,Natural Gas,2476.76,scf,2025,1
Activité LQS,LSH,GP1Z,GPL,Equipment-6066,EQ-06066,drilling,,8974.83,,2024,3
Activité LQS,LSH,GL1K,GNL,Equipment-6067,EQ-06067,venting,,2604.17,,2024,6
Activité LQS,LSH,GL2Z,GNL,Equipment-6068,EQ-06068,fugitive,,5126.46,,2023,2
Activité E&P,AST,GB,OF,Equipment-6069,EQ-06069,venting,,5374.76,,2024,11
Activité LQS,LSH,GL1Z,GNL,Equipment-6070,EQ-06070,fugitive,,420.7,,2022,10
Activité E&P,AST,RKF,OF,Equipment-6071,EQ-06071,drilling,,2896.13,,2022,10
Activité E&P,AST,HBR,OF,Equipment-6072,EQ-06072,flaring,Diesel,8547.76,gal,2022,1
Activité E&P,DP,HRM,GF,Equipment-6073,EQ-06073,drilling,,535.05,,2023,12
Activité LQS,LSH,GL1K,GNL,Equipment-6074,EQ-06074,fugitive,,6663.55,,2024,8
Activité LQS,LSH,GP1Z,GPL,Equipment-6075,EQ-06075,fugitive,,8243.13,,2022,11
Activité RPC,RAF,RA1A,Raffinerie,Equipment-6076,EQ-06076,drilling,,2531.76,,2025,2
Activité LQS,LSH,GL3Z,GNL,Equipment-6077,EQ-06077,combustion,Propane,8190.41,gal,2024,1
Activité E&P,AST,GB,OF,Equipment-6078,EQ-06078,venting,,5620.16,,2025,4
Activité E&P,AST,G SH-ENI,OF,Equipment-6079,EQ-06079,fugitive,,5928.71,,2023,4
Activité E&P,AST,HBR,OF,Equipment-6080,EQ-06080,drilling,,987.43,,2024,10
Activité E&P,AST,GTFT,GF,Equipment-6081,EQ-06081,drilling,,1358.97,,2024,2
Activité E&P,DP,REB,OF,Equipment-6082,EQ-06082,venting,,5390.49,,2022,3
Activité E&P,AST,G SH-ENI,OF,Equipment-6083,EQ-06083,fugitive,,4669.05,,2025,5
Activité E&P,AST,MLN,OF,Equipment-6084,EQ-06084,fugitive,,5595.97,,2025,2
Activité E&P,AST,INA,GF,Equipment-6085,EQ-06085,drilling,,2828.13,,2022,9
Activité E&P,AST,REGGANE,GF,Equipment-6086,EQ-06086,venting,,217.34,,2023,3
Activité RPC,RAF,RA1A,Raffinerie,Equipment-6087,EQ-06087,fugitive,,7050.21,,2024,1
Activité E&P,DP,HMD,OF,Equipment-6088,EQ-06088,drilling,,9352.87,,2023,5
Activité E&P,DP,INAS,GF,Equipment-6089,EQ-06089,combustion,Diesel,3115.26,gal,2025,5
Activité RPC,RAF,RA1K,Raffinerie,Equipment-6090,EQ-06090,venting,,4904.28,,2023,4
Activité LQS,LSH,GL1Z,GNL,Equipment-6091,EQ-06091,fugitive,,8244.59,,2023,6
Activité RPC,RAF,RA1Z,Raffinerie,Equipment-6092,EQ-06092,venting,,4272.23,,2024,11
Activité E&P,AST,ISG,GF,Equipment-6093,EQ-06093,drilling,,2750.59,,2023,6
Activité RPC,RAF,RA1G,Raffinerie,Equipment-6094,EQ-06094,combustion,Natural Gas,549.43,scf,2022,7
Activité E&P,DP,OHT,GF,Equipment-6095,EQ-06095,flaring,Natural Gas,3355.63,scf,2025,4
Activité E&P,DP,GTL,GF,Equipment-6096,EQ-06096,combustion,Diesel,6803.04,gal,2025,7
Activité E&P,DP,OHT,GF,Equipment-6097,EQ-06097,drilling,,8145.59,,2024,12
Activité E&P,DP,INAS,GF,Equipment-6098,EQ-06098,flaring,Diesel,4240.56,gal,2023,10
Activité E&P,AST,BRS,OF,Equipment-6099,EQ-06099,flaring,,5026.63,,2023,2
Activité RPC,RAF,RA1Z,Raffinerie,Equipment-6100,EQ-06100,fugitive,,5106.87,,2022,1
Activité E&P,AST,SH-FCP MLE,GF,Equipment-6101,EQ-06101,flaring,Fuel Gas,2735.03,gal,2023,2
Activité E&P,AST,GTG,GF,Equipment-6102,EQ-06102,fugitive,,3319.08,,2024,12
Activité E&P,AST,ISG,GF,Equipment-6103,EQ-06103,drilling,,3175.82,,2025,2
Activité E&P,AST,HBR,OF,Equipment-6104,EQ-06104,combustion,,4362.66,,2024,9
Activité LQS,LSH,GL1K,GNL,Equipment-6105,EQ-06105,drilling,,5684.04,,2025,5
Activité LQS,LSH,GP2Z,GPL,Equipment-6106,EQ-06106,flaring,Fuel Gas,3903.08,gal,2024,12
Activité E&P,AST,MLN,OF,Equipment-6107,EQ-06107,fugitive,,3230.27,,2024,9
Activité E&P,AST,OURHOUD,OF,Equipment-6108,EQ-06108,fugitive,,5391.29,,2025,9
Activité E&P,DP,HMD,OF,Equipment-6109,EQ-06109,venting,,7365.39,,2023,4
Activité E&P,AST,GB,OF,Equipment-6110,EQ-06110,flaring,Natural Gas,2645.63,scf,2023,7
Activité LQS,LSH,GL2Z,GNL,Equipment-6111,EQ-06111,fugitive,,654.84,,2025,6
Activité RPC,RAF,RA1K,Raffinerie,Equipment-6112,EQ-06112,fugitive,,6566.83,,2024,6
Activité E&P,DP,ADR,OF,Equipment-6113,EQ-06113,venting,,9999.32,,2024,5
Activité E&P,DP,TFT,GF,Equipment-6114,EQ-06114,fugitive,,8996.77,,2025,9
Activité LQS,LSH,GL2Z,GNL,Equipment-6115,EQ-06115,fugitive,,7118.24,,2025,9
Activité E&P,DP,HRM,GF,Equipment-6116,EQ-06116,fugitive,,7435.7,,2024,10
Activité RPC,RAF,RA1A,Raffinerie,Equipment-6117,EQ-06117,venting,,5271.7,,2023,9
Activité E&P,AST,GTG,GF,Equipment-6118,EQ-06118,combustion,Natural Gas,3158.62,scf,2023,2
Activité E&P,DP,INAS,GF,Equipment-6119,EQ-06119,venting,,7327.35,,2022,6
Activité E&P,DP,HMD,OF,Equipment-6120,EQ-06120,venting,,9511.23,,2023,5
Activité E&P,AST,GB,OF,Equipment-6121,EQ-06121,drilling,,5519.21,,2023,6
Activité RPC,RAF,RA1Z,Raffinerie,Equipment-6122,EQ-06122,flaring,Fuel Gas,8990.27,gal,2022,7
Activité E&P,AST,ISG,GF,Equipment-6123,EQ-06123,flaring,Propane,2149.82,gal,2023,10
Activité LQS,LSH,GP2Z,GPL,Equipment-6124,EQ-06124,fugitive,,960.58,,2025,8
Activité LQS,LSH,GL1Z,GNL,Equipment-6125,EQ-06125,drilling,,2498.16,,2022,8
Activité E&P,AST,G SH-ENI,OF,Equipment-6126,EQ-06126,flaring,Natural Gas,2782.41,scf,2023,5
Activité E&P,DP,INAS,GF,Equipment-6127,EQ-06127,fugitive,,7147.47,,2024,10
Activité E&P,AST,RKF,OF,Equipment-6128,EQ-06128,drilling,,3921.31,,2024,12
Activité E&P,AST,G SH-ENI,OF,Equipment-6129,EQ-06129,flaring,Natural Gas,7449.97,scf,2023,10
Activité E&P,AST,GTFT,GF,Equipment-6130,EQ-06130,combustion,,3458.27,,2024,11
Activité RPC,RAF,RA1K,Raffinerie,Equipment-6131,EQ-06131,drilling,,8341.64,,2024,6
Activité E&P,DP,REB,OF,Equipment-6132,EQ-06132,flaring,Propane,8154.29,gal,2023,7
Activité E&P,AST,MLN,OF,Equipment-6133,EQ-06133,venting,,5512.44,,2023,5
Activité LQS,LSH,GL2Z,GNL,Equipment-6134,EQ-06134,combustion,Natural Gas,1097.46,scf,2024,4
Activité E&P,AST,ISG,GF,Equipment-6135,EQ-06135,drilling,,3055.03,,2024,2
Activité E&P,AST,G SH-ENI,OF,Equipment-6136,EQ-06136,fugitive,,700.94,,2022,7
Activité LQS,LSH,GL3Z,GNL,Equipment-6137,EQ-06137,combustion,Natural Gas,9577.41,scf,2024,4
Activité E&P,DP,HBK,GF,Equipment-6138,EQ-06138,drilling,,2156.96,,2025,12
Activité E&P,DP,INAS,GF,Equipment-6139,EQ-06139,combustion,Diesel,4292.17,gal,2022,2
Activité E&P,AST,G SH-ENI,OF,Equipment-6140,EQ-06140,combustion,Propane,4836.92,gal,2024,11
Activité E&P,AST,OURHOUD,OF,Equipment-6141,EQ-06141,combustion,,4638.75,,2025,6
Activité E&P,AST,RKF,OF,Equipment-6142,EQ-06142,fugitive,,4416.27,,2023,9
Activité E&P,DP,GTL,GF,Equipment-6143,EQ-06143,combustion,Diesel,6800.13,gal,2025,3
Activité E&P,AST,GTIM,GF,Equipment-6144,EQ-06144,combustion,Propane,6276.13,gal,2022,10
Activité E&P,DP,OHT,GF,Equipment-6145,EQ-06145,fugitive,,4056.68,,2024,7
Activité RPC,RAF,RA1G,Raffinerie,Equipment-6146,EQ-06146,drilling,,865.75,,2024,8
Activité LQS,LSH,GP2Z,GPL,Equipment-6147,EQ-06147,flaring,Natural Gas,4219.89,scf,2023,11
Activité E&P,AST,G SH-ENI,OF,Equipment-6148,EQ-06148,flaring,Fuel Gas,5903.82,gal,2023,5
Activité E&P,DP,INAS,GF,Equipment-6149,EQ-06149,venting,,1114.59,,2024,2
Activité E&P,AST,GSS,OF,Equipment-6150,EQ-06150,venting,,8332.02,,2023,1
Activité E&P,DP,HRM,GF,Equipment-6151,EQ-06151,drilling,,6714.65,,2025,1
Activité LQS,LSH,GP1Z,GPL,Equipment-6152,EQ-06152,flaring,Fuel Gas,4747.02,gal,2022,1
Activité RPC,PEC,CPEK,Pétrochimie,Equipment-6153,EQ-06153,flaring,Propane,4641.49,gal,2024,8
Activité E&P,AST,BMS,OF,Equipment-6154,EQ-06154,combustion,,6414.68,,2024,9
Activité LQS,LSH,GL3Z,GNL,Equipment-6155,EQ-06155,combustion,Propane,1695.87,gal,2022,11
Activité E&P,DP,ADR,OF,Equipment-6156,EQ-06156,venting,,7694.31,,2023,1
Activité E&P,DP,INAS,GF,Equipment-6157,EQ-06157,fugitive,,5112.54,,2024,7
Activité E&P,DP,HMD,OF,Equipment-6158,EQ-06158,combustion,Natural Gas,2037.13,scf,2024,9
Activité E&P,AST,INA,GF,Equipment-6159,EQ-06159,venting,,5175.96,,2023,7
Activité LQS,LSH,GP2Z,GPL,Equipment-6160,EQ-06160,combustion,Propane,3730.33,gal,2024,8
Activité E&P,AST,HBR,OF,Equipment-6161,EQ-06161,combustion,,9183.2,,2023,11
Activité LQS,LSH,GP1Z,GPL,Equipment-6162,EQ-06162,drilling,,9917.02,,2022,4
Activité E&P,DP,ADR,OF,Equipment-6163,EQ-06163,fugitive,,3790.86,,2024,5
Activité LQS,LSH,GP1Z,GPL,Equipment-6164,EQ-06164,drilling,,2769.06,,2025,11
Activité E&P,AST,HBR,OF,Equipment-6165,EQ-06165,drilling,,9721.59,,2023,6
Activité E&P,AST,REGGANE,GF,Equipment-6166,EQ-06166,drilling,,788.28,,2025,10
Activité LQS,LSH,GL2Z,GNL,Equipment-6167,EQ-06167,flaring,Natural Gas,3392.37,scf,2022,1
Activité RPC,RAF,RA1A,Raffinerie,Equipment-6168,EQ-06168,venting,,7577.26,,2025,6
Activité E&P,DP,HMD,OF,Equipment-6169,EQ-06169,venting,,9750.55,,2023,11
Activité LQS,LSH,GP2Z,GPL,Equipment-6170,EQ-06170,flaring,Natural Gas,3507.9,scf,2024,4
Activité RPC,PEC,CP1Z,Pétrochimie,Equipment-6171,EQ-06171,flaring,Fuel Gas,1087.22,gal,2024,10
Activité E&P,AST,G SH-ENI,OF,Equipment-6172,EQ-06172,drilling,,8860.12,,2025,7
Activité E&P,AST,MLN,OF,Equipment-6173,EQ-06173,venting,,8930.04,,2022,2
Activité LQS,LSH,GP2Z,GPL,Equipment-6174,EQ-06174,flaring,Propane,798.94,gal,2023,12
Activité E&P,AST,ISG,GF,Equipment-6175,EQ-06175,fugitive,,1034.98,,2023,6
Activité E&P,DP,HMD,OF,Equipment-6176,EQ-06176,drilling,,957.95,,2024,10
Activité E&P,AST,BRS,OF,Equipment-6177,EQ-06177,drilling,,4021.6,,2024,2
Activité E&P,AST,GTG,GF,Equipment-6178,EQ-06178,flaring,Propane,7754.18,gal,2023,9
Activité RPC,RAF,RA1A,Raffinerie,Equipment-6179,EQ-06179,venting,,2721.86,,2024,6
Activité E&P,AST,OURHOUD,OF,Equipment-6180,EQ-06180,flaring,,2501.47,,2022,2
Activité RPC,RAF,RA1K,Raffinerie,Equipment-6181,EQ-06181,venting,,5575.55,,2023,11
Activité E&P,AST,INA,GF,Equipment-6182,EQ-06182,fugitive,,320.94,,2025,9
Activité E&P,DP,STAH,OF,Equipment-6183,EQ-06183,combustion,Fuel Gas,3275.96,gal,2025,4
Activité E&P,AST,ISG,GF,Equipment-6184,EQ-06184,venting,,1531.44,,2025,4
Activité E&P,DP,INAS,GF,Equipment-6185,EQ-06185,combustion,Fuel Gas,7123.58,gal,2024,6
Activité E&P,AST,OURHOUD,OF,Equipment-6186,EQ-06186,venting,,495.57,,2025,6
Activité LQS,LSH,GP1Z,GPL,Equipment-6187,EQ-06187,combustion,Natural Gas,4449.03,scf,2025,5
Activité E&P,DP,REB,OF,Equipment-6188,EQ-06188,combustion,Diesel,3335.2,gal,2022,7
Activité E&P,AST,SH-FCP MLE,GF,Equipment-6189,EQ-06189,venting,,5290.61,,2022,5
Activité E&P,AST,REGGANE,GF,Equipment-6190,EQ-06190,fugitive,,2500.89,,2022,6
Activité E&P,AST,BRS,OF,Equipment-6191,EQ-06191,combustion,Propane,4747.14,gal,2024,12
Activité E&P,AST,RKF,OF,Equipment-6192,EQ-06192,drilling,,9291.42,,2024,1
Activité E&P,AST,GTIM,GF,Equipment-6193,EQ-06193,flaring,Diesel,635.75,gal,2022,11
Activité RPC,RAF,RA1G,Raffinerie,Equipment-6194,EQ-06194,venting,,5453.7,,2022,11
Activité LQS,LSH,GL1Z,GNL,Equipment-6195,EQ-06195,drilling,,8247.19,,2025,3
Activité E&P,DP,RNS,GF,Equipment-6196,EQ-06196,fugitive,,7950.04,,2025,5
Activité RPC,RAF,RA1G,Raffinerie,Equipment-6197,EQ-06197,fugitive,,7812.62,,2024,2
Activité E&P,AST,GTIM,GF,Equipment-6198,EQ-06198,flaring,,1479.5,,2024,5
Activité LQS,LSH,GL2Z,GNL,Equipment-6199,EQ-06199,fugitive,,8288.19,,2023,6
Activité E&P,AST,GB,OF,Equipment-6200,EQ-06200,flaring,Propane,6677.23,gal,2024,10
Activité E&P,AST,INA,GF,Equipment-6201,EQ-06201,venting,,5425.05,,2025,5
Activité E&P,AST,MLN,OF,Equipment-6202,EQ-06202,drilling,,9101.98,,2024,4
Activité LQS,LSH,GL1K,GNL,Equipment-6203,EQ-06203,fugitive,,5873.66,,2025,6
Activité E&P,DP,REB,OF,Equipment-6204,EQ-06204,fugitive,,6360.51,,2022,2
Activité LQS,LSH,GL1Z,GNL,Equipment-6205,EQ-06205,flaring,Fuel Gas,3845.59,gal,2022,2
Activité RPC,PEC,CPEK,Pétrochimie,Equipment-6206,EQ-06206,venting,,3561.58,,2023,2
Activité RPC,RAF,RA1K,Raffinerie,Equipment-6207,EQ-06207,drilling,,3204.43,,2023,3
Activité E&P,AST,MLN,OF,Equipment-6208,EQ-06208,combustion,,4169.52,,2023,10
Activité E&P,DP,INAS,GF,Equipment-6209,EQ-06209,fugitive,,4555.19,,2022,1
Activité LQS,LSH,GL2Z,GNL,Equipment-6210,EQ-06210,fugitive,,5059.39,,2024,9
Activité E&P,DP,HRM,GF,Equipment-6211,EQ-06211,venting,,9505.79,,2025,3
Activité RPC,RAF,RA1K,Raffinerie,Equipment-6212,EQ-06212,fugitive,,6035.02,,2023,6
Activité E&P,AST,RKF,OF,Equipment-6213,EQ-06213,drilling,,715.69,,2022,12
Activité E&P,AST,GTIM,GF,Equipment-6214,EQ-06214,combustion,Diesel,6769.72,gal,2022,7
Activité E&P,DP,RNS,GF,Equipment-6215,EQ-06215,venting,,9770.81,,2023,7
Activité E&P,DP,RNS,GF,Equipment-6216,EQ-06216,flaring,Fuel Gas,1547.9,gal,2024,1
Activité LQS,LSH,GL1Z,GNL,Equipment-6217,EQ-06217,flaring,Natural Gas,3722.55,scf,2023,9
Activité E&P,AST,HBR,OF,Equipment-6218,EQ-06218,combustion,Propane,2790.09,gal,2025,5
Activité E&P,DP,GTL,GF,Equipment-6219,EQ-06219,combustion,Fuel Gas,655.09,gal,2022,8
Activité LQS,LSH,GP2Z,GPL,Equipment-6220,EQ-06220,drilling,,1077.75,,2025,12
Activité E&P,DP,INAS,GF,Equipment-6221,EQ-06221,flaring,,1676.89,,2025,3
Activité E&P,DP,TFT,GF,Equipment-6222,EQ-06222,venting,,9355.27,,2024,10
Activité RPC,RAF,RA1G,Raffinerie,Equipment-6223,EQ-06223,combustion,Natural Gas,9568.99,scf,2023,11
Activité RPC,RAF,RA1Z,Raffinerie,Equipment-6224,EQ-06224,flaring,Diesel,9060.44,gal,2024,2
Activité E&P,AST,OURHOUD,OF,Equipment-6225,EQ-06225,fugitive,,7695.0,,2024,10
Activité RPC,PEC,CPEK,Pétrochimie,Equipment-6226,EQ-06226,drilling,,2992.12,,2023,2
Activité E&P,AST,OURHOUD,OF,Equipment-6227,EQ-06227,flaring,Diesel,3306.22,gal,2023,2
Activité LQS,LSH,GL1K,GNL,Equipment-6228,EQ-06228,flaring,,4716.97,,2023,8
Activité E&P,AST,HBR,OF,Equipment-6229,EQ-06229,venting,,974.01,,2022,12
Activité RPC,PEC,CPEK,Pétrochimie,Equipment-6230,EQ-06230,fugitive,,6696.25,,2023,12
Activité E&P,DP,ADR,OF,Equipment-6231,EQ-06231,venting,,4613.91,,2025,8
Activité E&P,AST,HBR,OF,Equipment-6232,EQ-06232,fugitive,,6542.79,,2024,3
Activité E&P,AST,REGGANE,GF,Equipment-6233,EQ-06233,fugitive,,108.49,,2023,4
Activité E&P,AST,BRS,OF,Equipment-6234,EQ-06234,fugitive,,8116.31,,2025,10
Activité RPC,RAF,RA1K,Raffinerie,Equipment-6235,EQ-06235,venting,,5912.12,,2023,6
Activité E&P,AST,G SH-ENI,OF,Equipment-6236,EQ-06236,combustion,Diesel,5396.18,gal,2025,1
Activité E&P,DP,HMD,OF,Equipment-6237,EQ-06237,venting,,7422.33,,2025,10
Activité E&P,AST,BRS,OF,Equipment-6238,EQ-06238,drilling,,8723.38,,2023,3
Activité E&P,AST,SH-FCP MLE,GF,Equipment-6239,EQ-06239,combustion,,8099.97,,2025,12
Activité E&P,AST,BMS,OF,Equipment-6240,EQ-06240,drilling,,814.94,,2022,3
Activité RPC,PEC,CP1Z,Pétrochimie,Equipment-6241,EQ-06241,flaring,Fuel Gas,1973.58,gal,2023,12
Activité RPC,PEC,CPEK,Pétrochimie,Equipment-6242,EQ-06242,drilling,,8689.03,,2025,6
Activité E&P,DP,TFT,GF,Equipment-6243,EQ-06243,drilling,,9557.76,,2022,12
Activité E&P,DP,HRM,GF,Equipment-6244,EQ-06244,combustion,,6126.61,,2024,12
Activité E&P,DP,HMD,OF,Equipment-6245,EQ-06245,fugitive,,6333.62,,2024,12
Activité LQS,LSH,GL3Z,GNL,Equipment-6246,EQ-06246,drilling,,1590.45,,2024,6
Activité RPC,PEC,CP1Z,Pétrochimie,Equipment-6247,EQ-06247,drilling,,245.18,,2025,6
Activité LQS,LSH,GP1Z,GPL,Equipment-6248,EQ-06248,combustion,Fuel Gas,726.44,gal,2023,12
Activité E&P,AST,GSS,OF,Equipment-6249,EQ-06249,fugitive,,1729.32,,2024,6
Activité E&P,AST,RKF,OF,Equipment-6250,EQ-06250,flaring,Propane,9176.95,gal,2025,11
Activité E&P,AST,SH-FCP MLE,GF,Equipment-6251,EQ-06251,combustion,Diesel,2504.64,gal,2025,4
Activité E&P,AST,OURHOUD,OF,Equipment-6252,EQ-06252,venting,,4137.02,,2022,9
Activité E&P,AST,GTG,GF,Equipment-6253,EQ-06253,drilling,,6690.37,,2025,6
Activité E&P,AST,HBR,OF,Equipment-6254,EQ-06254,venting,,6458.63,,2024,8
Activité E&P,AST,RKF,OF,Equipment-6255,EQ-06255,combustion,Propane,9110.22,gal,2024,1
Activité E&P,AST,MLN,OF,Equipment-6256,EQ-06256,fugitive,,6514.13,,2022,8
Activité E&P,AST,GTIM,GF,Equipment-6257,EQ-06257,drilling,,7194.38,,2023,10
Activité RPC,RAF,RA1Z,Raffinerie,Equipment-6258,EQ-06258,flaring,Fuel Gas,635.95,gal,2025,8
Activité E&P,DP,RNS,GF,Equipment-6259,EQ-06259,fugitive,,9521.96,,2023,10
Activité E&P,AST,GTG,GF,Equipment-6260,EQ-06260,fugitive,,3234.81,,2024,8
Activité RPC,PEC,CP1Z,Pétrochimie,Equipment-6261,EQ-06261,fugitive,,7977.31,,2025,8
Activité LQS,LSH,GP2Z,GPL,Equipment-6262,EQ-06262,venting,,2315.02,,2023,8
Activité LQS,LSH,GL3Z,GNL,Equipment-6263,EQ-06263,venting,,7074.09,,2024,5
Activité LQS,LSH,GL1K,GNL,Equipment-6264,EQ-06264,fugitive,,591.74,,2024,3
Activité RPC,PEC,CPEK,Pétrochimie,Equipment-6265,EQ-06265,drilling,,2397.05,,2025,3
Activité E&P,DP,GTL,GF,Equipment-6266,EQ-06266,flaring,Natural Gas,5767.54,scf,2022,6
Activité E&P,AST,REGGANE,GF,Equipment-6267,EQ-06267,flaring,,5869.01,,2023,8
Activité E&P,AST,INA,GF,Equipment-6268,EQ-06268,fugitive,,3906.81,,2023,1
Activité RPC,RAF,RA1G,Raffinerie,Equipment-6269,EQ-06269,venting,,2923.59,,2024,6
Activité E&P,AST,MLN,OF,Equipment-6270,EQ-06270,drilling,,1201.12,,2025,2
Activité LQS,LSH,GP1Z,GPL,Equipment-6271,EQ-06271,combustion,Natural Gas,4837.56,scf,2022,4
Activité E&P,DP,RNS,GF,Equipment-6272,EQ-06272,combustion,Natural Gas,8733.0,scf,2022,2
Activité E&P,AST,BRS,OF,Equipment-6273,EQ-06273,fugitive,,4725.61,,2022,5
Activité E&P,AST,ISG,GF,Equipment-6274,EQ-06274,fugitive,,3631.89,,2023,1
Activité E&P,DP,RNS,GF,Equipment-6275,EQ-06275,venting,,3333.95,,2024,10
Activité LQS,LSH,GL3Z,GNL,Equipment-6276,EQ-06276,drilling,,1093.7,,2024,11
Activité LQS,LSH,GL2Z,GNL,Equipment-6277,EQ-06277,fugitive,,8579.89,,2024,9
Activité LQS,LSH,GP2Z,GPL,Equipment-6278,EQ-06278,venting,,3134.82,,2025,7
Activité E&P,DP,INAS,GF,Equipment-6279,EQ-06279,fugitive,,6328.86,,2024,10
Activité E&P,AST,GTG,GF,Equipment-6280,EQ-06280,venting,,7493.18,,2023,9
Activité E&P,AST,INA,GF,Equipment-6281,EQ-06281,venting,,824.45,,2024,6
Activité LQS,LSH,GL2Z,GNL,Equipment-6282,EQ-06282,venting,,2517.47,,2025,7
Activité E&P,DP,OHT,GF,Equipment-6283,EQ-06283,fugitive,,4313.7,,2023,11
Activité LQS,LSH,GL3Z,GNL,Equipment-6284,EQ-06284,venting,,6956.9,,2024,4
Activité RPC,RAF,RA1A,Raffinerie,Equipment-6285,EQ-06285,combustion,Natural Gas,9931.4,scf,2023,3
Activité E&P,AST,REGGANE,GF,Equipment-6286,EQ-06286,combustion,Propane,5836.09,gal,2023,7
Activité LQS,LSH,GP2Z,GPL,Equipment-6287,EQ-06287,combustion,Fuel Gas,6191.27,gal,2025,12
Activité E&P,AST,REGGANE,GF,Equipment-6288,EQ-06288,combustion,Propane,9027.66,gal,2023,11
Activité RPC,RAF,RA1Z,Raffinerie,Equipment-6289,EQ-06289,flaring,Diesel,8219.29,gal,2024,5
Activité E&P,AST,HBR,OF,Equipment-6290,EQ-06290,combustion,Diesel,7130.94,gal,2022,5
Activité LQS,LSH,GL1Z,GNL,Equipment-6291,EQ-06291,flaring,Natural Gas,7207.37,scf,2025,12
Activité E&P,DP,REB,OF,Equipment-6292,EQ-06292,venting,,8291.59,,2025,2
Activité E&P,DP,GTL,GF,Equipment-6293,EQ-06293,fugitive,,3296.01,,2024,4
Activité E&P,AST,BMS,OF,Equipment-6294,EQ-06294,drilling,,9834.52,,2025,11
Activité LQS,LSH,GL2Z,GNL,Equipment-6295,EQ-06295,flaring,Fuel Gas,7451.97,gal,2022,5
Activité E&P,AST,RKF,OF,Equipment-6296,EQ-06296,flaring,,1167.82,,2022,9
Activité E&P,AST,INA,GF,Equipment-6297,EQ-06297,venting,,3289.32,,2022,6
Activité E&P,AST,BRS,OF,Equipment-6298,EQ-06298,flaring,Diesel,9467.08,gal,2025,5
Activité E&P,DP,INAS,GF,Equipment-6299,EQ-06299,combustion,,7449.23,,2024,4
Activité RPC,PEC,CP1Z,Pétrochimie,Equipment-6300,EQ-06300,flaring,Fuel Gas,5837.25,gal,2022,9
Activité E&P,AST,GSS,OF,Equipment-6301,EQ-06301,flaring,Fuel Gas,425.64,gal,2022,3
Activité E&P,DP,ADR,OF,Equipment-6302,EQ-06302,drilling,,28.82,,2022,6
Activité LQS,LSH,GP1Z,GPL,Equipment-6303,EQ-06303,fugitive,,9320.26,,2023,6
Activité E&P,AST,ISG,GF,Equipment-6304,EQ-06304,drilling,,1576.39,,2023,10
Activité E&P,AST,GSS,OF,Equipment-6305,EQ-06305,drilling,,3629.82,,2025,4
Activité LQS,LSH,GL1Z,GNL,Equipment-6306,EQ-06306,venting,,8949.98,,2022,11
Activité LQS,LSH,GP1Z,GPL,Equipment-6307,EQ-06307,combustion,Diesel,8307.83,gal,2022,8
Activité E&P,DP,ADR,OF,Equipment-6308,EQ-06308,combustion,,5401.59,,2024,11
Activité RPC,RAF,RA1K,Raffinerie,Equipment-6309,EQ-06309,fugitive,,9589.62,,2022,12
Activité E&P,DP,TFT,GF,Equipment-6310,EQ-06310,drilling,,1064.42,,2024,5
Activité E&P,DP,GTL,GF,Equipment-6311,EQ-06311,combustion,,4919.97,,2024,5
Activité E&P,AST,REGGANE,GF,Equipment-6312,EQ-06312,flaring,Diesel,538.34,gal,2023,9
Activité RPC,RAF,RA1A,Raffinerie,Equipment-6313,EQ-06313,combustion,Natural Gas,4927.58,scf,2025,4
Activité E&P,DP,GTL,GF,Equipment-6314,EQ-06314,fugitive,,8655.99,,2024,4
Activité LQS,LSH,GL3Z,GNL,Equipment-6315,EQ-06315,combustion,Propane,228.26,gal,2022,7
Activité E&P,AST,GTIM,GF,Equipment-6316,EQ-06316,drilling,,6815.82,,2024,6
Activité RPC,RAF,RA1K,Raffinerie,Equipment-6317,EQ-06317,venting,,9944.74,,2024,4
Activité LQS,LSH,GP1Z,GPL,Equipment-6318,EQ-06318,combustion,Natural Gas,2341.62,scf,2022,10
Activité E&P,AST,REGGANE,GF,Equipment-6319,EQ-06319,venting,,1480.21,,2023,8
Activité E&P,AST,INA,GF,Equipment-6320,EQ-06320,flaring,,7099.65,,2023,2
Activité RPC,PEC,CP1Z,Pétrochimie,Equipment-6321,EQ-06321,combustion,Natural Gas,5600.6,scf,2024,3
Activité E&P,DP,ADR,OF,Equipment-6322,EQ-06322,drilling,,6616.34,,2023,7
Activité E&P,DP,HRM,GF,Equipment-6323,EQ-06323,flaring,Fuel Gas,6567.15,gal,2024,5
Activité E&P,DP,TFT,GF,Equipment-6324,EQ-06324,flaring,Diesel,1971.1,gal,2025,4
Activité LQS,LSH,GP1Z,GPL,Equipment-6325,EQ-06325,drilling,,1828.48,,2025,1
Activité E&P,DP,TFT,GF,Equipment-6326,EQ-06326,flaring,Diesel,9204.2,gal,2025,3
Activité E&P,DP,RNS,GF,Equipment-6327,EQ-06327,flaring,Natural Gas,8965.3,scf,2023,12
Activité LQS,LSH,GL1K,GNL,Equipment-6328,EQ-06328,combustion,Fuel Gas,7454.99,gal,2025,1
Activité E&P,DP,OHT,GF,Equipment-6329,EQ-06329,fugitive,,1522.81,,2025,3
Activité E&P,DP,TFT,GF,Equipment-6330,EQ-06330,fugitive,,1597.06,,2022,11
Activité E&P,DP,GTL,GF,Equipment-6331,EQ-06331,flaring,Diesel,9703.13,gal,2025,12
Activité E&P,DP,HBK,GF,Equipment-6332,EQ-06332,combustion,Natural Gas,899.89,scf,2022,10
Activité E&P,AST,GB,OF,Equipment-6333,EQ-06333,flaring,Natural Gas,2102.03,scf,2023,2
Activité E&P,AST,RKF,OF,Equipment-6334,EQ-06334,flaring,,7910.28,,2025,8
Activité E&P,AST,OURHOUD,OF,Equipment-6335,EQ-06335,combustion,Diesel,80.86,gal,2025,11
Activité E&P,DP,HBK,GF,Equipment-6336,EQ-06336,combustion,Diesel,1816.13,gal,2023,9
Activité E&P,AST,GTG,GF,Equipment-6337,EQ-06337,combustion,Natural Gas,8381.03,scf,2023,10
Activité E&P,AST,BRS,OF,Equipment-6338,EQ-06338,combustion,Fuel Gas,3569.86,gal,2025,9
Activité E&P,AST,GSS,OF,Equipment-6339,EQ-06339,venting,,5172.8,,2025,4
Activité E&P,DP,REB,OF,Equipment-6340,EQ-06340,combustion,Propane,4955.45,gal,2025,7
Activité E&P,AST,RKF,OF,Equipment-6341,EQ-06341,venting,,796.56,,2023,5
Activité E&P,AST,SH-FCP MLE,GF,Equipment-6342,EQ-06342,flaring,Natural Gas,3949.12,scf,2022,10
Activité LQS,LSH,GL3Z,GNL,Equipment-6343,EQ-06343,drilling,,6556.45,,2022,11
Activité E&P,AST,HBR,OF,Equipment-6344,EQ-06344,combustion,,5922.49,,2024,9
Activité E&P,AST,HBR,OF,Equipment-6345,EQ-06345,venting,,3983.38,,2024,12
Activité LQS,LSH,GP1Z,GPL,Equipment-6346,EQ-06346,venting,,3882.76,,2023,4
Activité E&P,AST,MLN,OF,Equipment-6347,EQ-06347,venting,,5122.42,,2025,11
Activité E&P,AST,GB,OF,Equipment-6348,EQ-06348,flaring,,8232.09,,2023,8
Activité E&P,AST,SH-FCP MLE,GF,Equipment-6349,EQ-06349,flaring,Natural Gas,1681.67,scf,2024,3
Activité E&P,DP,OHT,GF,Equipment-6350,EQ-06350,drilling,,951.48,,2023,9
Activité E&P,DP,HBK,GF,Equipment-6351,EQ-06351,fugitive,,79.22,,2022,10
Activité E&P,AST,INA,GF,Equipment-6352,EQ-06352,fugitive,,1677.84,,2024,6
Activité E&P,AST,GTIM,GF,Equipment-6353,EQ-06353,flaring,,8803.54,,2025,4
Activité E&P,DP,HRM,GF,Equipment-6354,EQ-06354,combustion,Diesel,3954.39,gal,2025,12
Activité LQS,LSH,GL2Z,GNL,Equipment-6355,EQ-06355,venting,,4604.49,,2023,8
Activité LQS,LSH,GL2Z,GNL,Equipment-6356,EQ-06356,drilling,,6164.1,,2023,9
Activité RPC,PEC,CPEK,Pétrochimie,Equipment-6357,EQ-06357,fugitive,,819.16,,2023,4
Activité E&P,DP,HMD,OF,Equipment-6358,EQ-06358,venting,,8906.41,,2022,12
Activité LQS,LSH,GP1Z,GPL,Equipment-6359,EQ-06359,drilling,,1389.3,,2022,1
Activité LQS,LSH,GL2Z,GNL,Equipment-6360,EQ-06360,fugitive,,6979.18,,2023,2
Activité E&P,AST,BMS,OF,Equipment-6361,EQ-06361,flaring,Diesel,7463.99,gal,2025,6
Activité E&P,AST,ISG,GF,Equipment-6362,EQ-06362,drilling,,2073.39,,2022,2
Activité E&P,DP,REB,OF,Equipment-6363,EQ-06363,combustion,Natural Gas,7956.7,scf,2025,11
Activité E&P,AST,BRS,OF,Equipment-6364,EQ-06364,combustion,Fuel Gas,2593.8,gal,2023,11
Activité E&P,AST,MLN,OF,Equipment-6365,EQ-06365,combustion,Natural Gas,7891.64,scf,2024,6
Activité E&P,DP,REB,OF,Equipment-6366,EQ-06366,flaring,Propane,8412.46,gal,2022,9
Activité E&P,AST,GB,OF,Equipment-6367,EQ-06367,drilling,,9585.04,,2025,2
Activité LQS,LSH,GP2Z,GPL,Equipment-6368,EQ-06368,fugitive,,7663.65,,2024,1
Activité LQS,LSH,GL2Z,GNL,Equipment-6369,EQ-06369,combustion,,2733.63,,2022,9
Activité E&P,DP,TFT,GF,Equipment-6370,EQ-06370,fugitive,,7304.82,,2023,1
Activité E&P,DP,HRM,GF,Equipment-6371,EQ-06371,venting,,5549.92,,2024,11
Activité E&P,DP,OHT,GF,Equipment-6372,EQ-06372,drilling,,6572.68,,2024,8
Activité E&P,AST,OURHOUD,OF,Equipment-6373,EQ-06373,venting,,7142.06,,2023,7
Activité RPC,RAF,RA1K,Raffinerie,Equipment-6374,EQ-06374,flaring,Diesel,8583.75,gal,2025,9
Activité RPC,RAF,RA1G,Raffinerie,Equipment-6375,EQ-06375,fugitive,,7122.47,,2023,5
Activité E&P,DP,HRM,GF,Equipment-6376,EQ-06376,combustion,,1693.93,,2025,11
Activité LQS,LSH,GP1Z,GPL,Equipment-6377,EQ-06377,flaring,Propane,5744.87,gal,2024,12
Activité E&P,DP,TFT,GF,Equipment-6378,EQ-06378,venting,,4026.49,,2024,9
Activité E&P,AST,G SH-ENI,OF,Equipment-6379,EQ-06379,flaring,,8971.58,,2022,2
Activité E&P,DP,INAS,GF,Equipment-6380,EQ-06380,drilling,,9140.26,,2022,9
Activité E&P,AST,G SH-ENI,OF,Equipment-6381,EQ-06381,venting,,9024.39,,2022,10
Activité RPC,PEC,CP1Z,Pétrochimie,Equipment-6382,EQ-06382,flaring,Diesel,257.61,gal,2023,4
Activité E&P,AST,HBR,OF,Equipment-6383,EQ-06383,venting,,5208.66,,2024,9
Activité E&P,DP,HRM,GF,Equipment-6384,EQ-06384,drilling,,2429.85,,2022,10
Activité E&P,DP,ADR,OF,Equipment-6385,EQ-06385,drilling,,2899.28,,2022,2
Activité RPC,PEC,CP1Z,Pétrochimie,Equipment-6386,EQ-06386,fugitive,,4116.92,,2022,3
Activité RPC,RAF,RA1G,Raffinerie,Equipment-6387,EQ-06387,drilling,,6924.5,,2025,1
Activité LQS,LSH,GL1Z,GNL,Equipment-6388,EQ-06388,combustion,,9803.38,,2024,12
Activité E&P,AST,BRS,OF,Equipment-6389,EQ-06389,flaring,Diesel,2462.9,gal,2025,8
Activité E&P,DP,OHT,GF,Equipment-6390,EQ-06390,drilling,,2402.17,,2024,1
Activité LQS,LSH,GP2Z,GPL,Equipment-6391,EQ-06391,flaring,,7589.21,,2023,10
Activité E&P,AST,REGGANE,GF,Equipment-6392,EQ-06392,combustion,Natural Gas,5576.42,scf,2025,11
Activité RPC,RAF,RA1K,Raffinerie,Equipment-6393,EQ-06393,flaring,,626.89,,2022,1
Activité E&P,DP,STAH,OF,Equipment-6394,EQ-06394,venting,,8525.31,,2024,11
Activité E&P,AST,G SH-ENI,OF,Equipment-6395,EQ-06395,combustion,Diesel,2960.12,gal,2023,4
Activité E&P,AST,GB,OF,Equipment-6396,EQ-06396,combustion,Natural Gas,9688.55,scf,2024,1
Activité E&P,DP,STAH,OF,Equipment-6397,EQ-06397,combustion,Diesel,551.92,gal,2022,12
Activité E&P,DP,STAH,OF,Equipment-6398,EQ-06398,venting,,5842.3,,2022,11
Activité E&P,DP,INAS,GF,Equipment-6399,EQ-06399,drilling,,3468.76,,2023,10
Activité E&P,DP,HMD,OF,Equipment-6400,EQ-06400,flaring,Propane,5892.02,gal,2025,8
Activité LQS,LSH,GL1K,GNL,Equipment-6401,EQ-06401,fugitive,,5200.88,,2024,3
Activité E&P,AST,GTG,GF,Equipment-6402,EQ-06402,fugitive,,3333.58,,2025,7
Activité E&P,AST,REGGANE,GF,Equipment-6403,EQ-06403,fugitive,,8239.39,,2025,11
Activité LQS,LSH,GL1K,GNL,Equipment-6404,EQ-06404,drilling,,3113.08,,2023,2
Activité RPC,RAF,RA1K,Raffinerie,Equipment-6405,EQ-06405,fugitive,,9399.66,,2025,10
Activité E&P,AST,HBR,OF,Equipment-6406,EQ-06406,flaring,Natural Gas,3832.18,scf,2025,8
Activité E&P,AST,GTFT,GF,Equipment-6407,EQ-06407,venting,,6452.42,,2024,2
Activité E&P,AST,BRS,OF,Equipment-6408,EQ-06408,combustion,,1823.21,,2023,5
Activité E&P,DP,INAS,GF,Equipment-6409,EQ-06409,combustion,Propane,6817.09,gal,2025,5
Activité E&P,AST,ISG,GF,Equipment-6410,EQ-06410,flaring,Propane,8587.73,gal,2023,1
Activité E&P,DP,RNS,GF,Equipment-6411,EQ-06411,venting,,920.59,,2022,1
Activité E&P,DP,STAH,OF,Equipment-6412,EQ-06412,venting,,6317.35,,2025,9
Activité E&P,AST,GTG,GF,Equipment-6413,EQ-06413,fugitive,,3534.56,,2023,8
Activité LQS,LSH,GL1K,GNL,Equipment-6414,EQ-06414,drilling,,2028.37,,2024,1
Activité RPC,PEC,CP1Z,Pétrochimie,Equipment-6415,EQ-06415,venting,,1523.05,,2022,9
Activité RPC,RAF,RA1Z,Raffinerie,Equipment-6416,EQ-06416,drilling,,9043.68,,2022,10
Activité E&P,DP,ADR,OF,Equipment-6417,EQ-06417,combustion,Diesel,3988.59,gal,2023,1
Activité E&P,AST,REGGANE,GF,Equipment-6418,EQ-06418,venting,,1897.73,,2024,6
Activité E&P,DP,HRM,GF,Equipment-6419,EQ-06419,flaring,Fuel Gas,1249.15,gal,2023,4
Activité E&P,AST,ISG,GF,Equipment-6420,EQ-06420,flaring,,7542.07,,2025,4
Activité E&P,DP,HRM,GF,Equipment-6421,EQ-06421,flaring,Diesel,7428.22,gal,2024,11
Activité RPC,RAF,RA1A,Raffinerie,Equipment-6422,EQ-06422,combustion,Diesel,5842.01,gal,2023,5
Activité E&P,AST,ISG,GF,Equipment-6423,EQ-06423,fugitive,,4879.07,,2025,5
Activité E&P,AST,HBR,OF,Equipment-6424,EQ-06424,fugitive,,7921.03,,2024,12
Activité RPC,PEC,CPEK,Pétrochimie,Equipment-6425,EQ-06425,venting,,2922.96,,2022,1
Activité E&P,AST,GSS,OF,Equipment-6426,EQ-06426,flaring,Natural Gas,8339.33,scf,2022,3
Activité E&P,DP,HMD,OF,Equipment-6427,EQ-06427,venting,,4133.37,,2024,7
Activité RPC,RAF,RA1Z,Raffinerie,Equipment-6428,EQ-06428,combustion,Propane,790.3,gal,2025,11
Activité LQS,LSH,GP1Z,GPL,Equipment-6429,EQ-06429,combustion,Diesel,1289.94,gal,2022,6
Activité E&P,DP,OHT,GF,Equipment-6430,EQ-06430,combustion,Propane,1381.23,gal,2025,2
Activité E&P,AST,BRS,OF,Equipment-6431,EQ-06431,combustion,,8606.68,,2023,2
Activité E&P,AST,RKF,OF,Equipment-6432,EQ-06432,flaring,Propane,5961.65,gal,2022,7
Activité E&P,DP,RNS,GF,Equipment-6433,EQ-06433,combustion,,1090.8,,2022,7
Activité E&P,AST,GB,OF,Equipment-6434,EQ-06434,venting,,2424.8,,2025,1
Activité RPC,PEC,CPEK,Pétrochimie,Equipment-6435,EQ-06435,drilling,,9108.35,,2025,6
Activité E&P,AST,SH-FCP MLE,GF,Equipment-6436,EQ-06436,drilling,,1723.9,,2025,4
Activité E&P,DP,HRM,GF,Equipment-6437,EQ-06437,combustion,Fuel Gas,7719.62,gal,2023,5
Activité RPC,PEC,CP1Z,Pétrochimie,Equipment-6438,EQ-06438,venting,,3144.93,,2024,2
Activité E&P,AST,GSS,OF,Equipment-6439,EQ-06439,venting,,3210.79,,2022,7
Activité E&P,AST,GB,OF,Equipment-6440,EQ-06440,venting,,5575.27,,2023,3
Activité E&P,DP,STAH,OF,Equipment-6441,EQ-06441,fugitive,,5491.29,,2023,12
Activité E&P,AST,GSS,OF,Equipment-6442,EQ-06442,venting,,1072.95,,2022,5
Activité E&P,AST,GTFT,GF,Equipment-6443,EQ-06443,drilling,,842.21,,2025,6
Activité E&P,DP,HBK,GF,Equipment-6444,EQ-06444,combustion,,9084.98,,2025,4
Activité E&P,AST,GTIM,GF,Equipment-6445,EQ-06445,flaring,Fuel Gas,7965.33,gal,2023,12
Activité E&P,AST,BMS,OF,Equipment-6446,EQ-06446,combustion,Fuel Gas,597.46,gal,2023,11
Activité E&P,AST,GB,OF,Equipment-6447,EQ-06447,flaring,Diesel,7494.86,gal,2023,5
Activité E&P,DP,REB,OF,Equipment-6448,EQ-06448,drilling,,8993.65,,2023,2
Activité E&P,AST,BRS,OF,Equipment-6449,EQ-06449,drilling,,8930.33,,2023,5
Activité RPC,RAF,RA1G,Raffinerie,Equipment-6450,EQ-06450,venting,,352.03,,2022,1
Activité LQS,LSH,GL1Z,GNL,Equipment-6451,EQ-06451,flaring,Propane,2001.21,gal,2022,1
Activité RPC,RAF,RA1K,Raffinerie,Equipment-6452,EQ-06452,combustion,Natural Gas,8617.63,scf,2022,6
Activité E&P,AST,SH-FCP MLE,GF,Equipment-6453,EQ-06453,drilling,,5120.72,,2023,9
Activité LQS,LSH,GL1K,GNL,Equipment-6454,EQ-06454,drilling,,8712.63,,2024,7
Activité RPC,RAF,RA1G,Raffinerie,Equipment-6455,EQ-06455,drilling,,7199.29,,2024,1
Activité E&P,AST,GTG,GF,Equipment-6456,EQ-06456,venting,,3201.38,,2023,11
Activité E&P,DP,ADR,OF,Equipment-6457,EQ-06457,flaring,Propane,9513.39,gal,2024,9
Activité LQS,LSH,GL1Z,GNL,Equipment-6458,EQ-06458,combustion,,9105.21,,2023,8
Activité E&P,DP,ADR,OF,Equipment-6459,EQ-06459,flaring,Diesel,6075.76,gal,2023,6
Activité E&P,DP,HRM,GF,Equipment-6460,EQ-06460,fugitive,,2369.9,,2023,6
Activité E&P,AST,MLN,OF,Equipment-6461,EQ-06461,fugitive,,7883.96,,2024,10
Activité RPC,PEC,CP1Z,Pétrochimie,Equipment-6462,EQ-06462,combustion,Fuel Gas,1796.82,gal,2023,3
Activité E&P,DP,RNS,GF,Equipment-6463,EQ-06463,drilling,,8322.96,,2024,6
Activité E&P,AST,OURHOUD,OF,Equipment-6464,EQ-06464,fugitive,,6946.44,,2025,12
Activité E&P,AST,REGGANE,GF,Equipment-6465,EQ-06465,drilling,,7218.58,,2025,5
Activité E&P,AST,GB,OF,Equipment-6466,EQ-06466,venting,,9347.55,,2024,9
Activité E&P,DP,OHT,GF,Equipment-6467,EQ-06467,drilling,,5740.29,,2023,1
Activité RPC,RAF,RA1K,Raffinerie,Equipment-6468,EQ-06468,flaring,,8711.6,,2024,1
Activité E&P,DP,HRM,GF,Equipment-6469,EQ-06469,drilling,,21.78,,2024,1
Activité RPC,PEC,CP1Z,Pétrochimie,Equipment-6470,EQ-06470,fugitive,,9847.35,,2022,6
Activité E&P,AST,BMS,OF,Equipment-6471,EQ-06471,drilling,,6598.72,,2024,8
Activité E&P,DP,HMD,OF,Equipment-6472,EQ-06472,venting,,1960.61,,2023,10
Activité E&P,DP,REB,OF,Equipment-6473,EQ-06473,fugitive,,1810.67,,2025,6
Activité E&P,DP,TFT,GF,Equipment-6474,EQ-06474,combustion,Propane,2603.94,gal,2024,3
Activité E&P,AST,OURHOUD,OF,Equipment-6475,EQ-06475,fugitive,,467.41,,2025,12
Activité RPC,RAF,RA1A,Raffinerie,Equipment-6476,EQ-06476,flaring,,7728.48,,2022,2
Activité RPC,RAF,RA1Z,Raffinerie,Equipment-6477,EQ-06477,flaring,Natural Gas,6537.39,scf,2024,8
Activité E&P,DP,HRM,GF,Equipment-6478,EQ-06478,fugitive,,7435.36,,2025,2
Activité E&P,AST,ISG,GF,Equipment-6479,EQ-06479,drilling,,3108.03,,2024,2
Activité E&P,DP,GTL,GF,Equipment-6480,EQ-06480,venting,,3147.2,,2025,7
Activité E&P,DP,OHT,GF,Equipment-6481,EQ-06481,combustion,,329.46,,2025,3
Activité E&P,DP,STAH,OF,Equipment-6482,EQ-06482,venting,,4858.78,,2023,12
Activité LQS,LSH,GL2Z,GNL,Equipment-6483,EQ-06483,drilling,,2088.47,,2024,11
Activité RPC,RAF,RA1A,Raffinerie,Equipment-6484,EQ-06484,drilling,,6938.09,,2022,1
Activité RPC,RAF,RA1Z,Raffinerie,Equipment-6485,EQ-06485,combustion,Natural Gas,571.16,scf,2022,2
Activité E&P,DP,GTL,GF,Equipment-6486,EQ-06486,drilling,,9722.62,,2024,6
Activité RPC,PEC,CPEK,Pétrochimie,Equipment-6487,EQ-06487,drilling,,7423.33,,2022,3
Activité E&P,AST,GSS,OF,Equipment-6488,EQ-06488,flaring,Natural Gas,8317.34,scf,2022,4
Activité RPC,PEC,CP1Z,Pétrochimie,Equipment-6489,EQ-06489,venting,,1712.92,,2024,2
Activité LQS,LSH,GL2Z,GNL,Equipment-6490,EQ-06490,fugitive,,8718.62,,2022,7
Activité E&P,AST,ISG,GF,Equipment-6491,EQ-06491,drilling,,9568.56,,2024,6
Activité E&P,DP,GTL,GF,Equipment-6492,EQ-06492,drilling,,4179.78,,2024,7
Activité E&P,DP,REB,OF,Equipment-6493,EQ-06493,drilling,,4951.75,,2023,9
Activité E&P,DP,RNS,GF,Equipment-6494,EQ-06494,combustion,Fuel Gas,3428.0,gal,2023,9
Activité RPC,RAF,RA1K,Raffinerie,Equipment-6495,EQ-06495,flaring,Natural Gas,8255.39,scf,2024,1
Activité E&P,AST,GTG,GF,Equipment-6496,EQ-06496,flaring,Natural Gas,1395.82,scf,2022,12
Activité E&P,DP,TFT,GF,Equipment-6497,EQ-06497,drilling,,1480.79,,2024,7
Activité E&P,DP,OHT,GF,Equipment-6498,EQ-06498,drilling,,4074.84,,2022,4
Activité E&P,AST,MLN,OF,Equipment-6499,EQ-06499,venting,,2933.25,,2024,11
Activité RPC,PEC,CPEK,Pétrochimie,Equipment-6500,EQ-06500,venting,,3495.59,,2024,8
Activité E&P,AST,OURHOUD,OF,Equipment-6501,EQ-06501,drilling,,6198.58,,2023,5
Activité RPC,RAF,RA1K,Raffinerie,Equipment-6502,EQ-06502,flaring,Diesel,2743.34,gal,2023,11
Activité E&P,DP,ADR,OF,Equipment-6503,EQ-06503,combustion,Diesel,3125.63,gal,2022,3
Activité LQS,LSH,GL1Z,GNL,Equipment-6504,EQ-06504,drilling,,7213.96,,2022,7
Activité RPC,RAF,RA1A,Raffinerie,Equipment-6505,EQ-06505,fugitive,,5305.59,,2024,12
Activité E&P,AST,BRS,OF,Equipment-6506,EQ-06506,fugitive,,5279.15,,2022,10
Activité E&P,AST,SH-FCP MLE,GF,Equipment-6507,EQ-06507,flaring,,3171.83,,2025,11
Activité LQS,LSH,GL1K,GNL,Equipment-6508,EQ-06508,drilling,,984.89,,2025,9
Activité E&P,DP,HBK,GF,Equipment-6509,EQ-06509,drilling,,8956.73,,2022,7
Activité E&P,AST,HBR,OF,Equipment-6510,EQ-06510,fugitive,,2830.06,,2023,7
Activité E&P,DP,STAH,OF,Equipment-6511,EQ-06511,combustion,Diesel,3062.12,gal,2022,2
Activité E&P,AST,BRS,OF,Equipment-6512,EQ-06512,drilling,,8016.5,,2025,7
Activité E&P,AST,OURHOUD,OF,Equipment-6513,EQ-06513,drilling,,5338.96,,2024,8
Activité LQS,LSH,GL1K,GNL,Equipment-6514,EQ-06514,fugitive,,5396.99,,2025,4
Activité E&P,DP,INAS,GF,Equipment-6515,EQ-06515,fugitive,,842.26,,2025,1
Activité E&P,AST,INA,GF,Equipment-6516,EQ-06516,venting,,7969.78,,2024,12
Activité RPC,PEC,CP1Z,Pétrochimie,Equipment-6517,EQ-06517,drilling,,9530.79,,2024,9
Activité E&P,AST,HBR,OF,Equipment-6518,EQ-06518,venting,,954.84,,2022,4
Activité RPC,PEC,CP1Z,Pétrochimie,Equipment-6519,EQ-06519,combustion,Fuel Gas,913.89,gal,2024,5
Activité E&P,AST,RKF,OF,Equipment-6520,EQ-06520,venting,,8794.43,,2025,4
Activité E&P,AST,INA,GF,Equipment-6521,EQ-06521,drilling,,4264.15,,2022,6
Activité E&P,AST,RKF,OF,Equipment-6522,EQ-06522,drilling,,8338.72,,2024,8
Activité LQS,LSH,GL1K,GNL,Equipment-6523,EQ-06523,fugitive,,5406.61,,2023,4
Activité E&P,AST,GTIM,GF,Equipment-6524,EQ-06524,flaring,Fuel Gas,5486.02,gal,2025,7
Activité E&P,AST,GTIM,GF,Equipment-6525,EQ-06525,venting,,7163.23,,2023,9
Activité LQS,LSH,GP2Z,GPL,Equipment-6526,EQ-06526,combustion,,9544.52,,2025,2
Activité E&P,AST,GTFT,GF,Equipment-6527,EQ-06527,flaring,,3434.0,,2024,4
Activité RPC,RAF,RA1G,Raffinerie,Equipment-6528,EQ-06528,drilling,,9274.08,,2024,2
Activité E&P,DP,OHT,GF,Equipment-6529,EQ-06529,flaring,Fuel Gas,2674.69,gal,2022,6
Activité LQS,LSH,GL1K,GNL,Equipment-6530,EQ-06530,fugitive,,7944.12,,2025,10
Activité E&P,DP,HMD,OF,Equipment-6531,EQ-06531,venting,,7858.63,,2025,1
Activité E&P,AST,ISG,GF,Equipment-6532,EQ-06532,drilling,,1036.11,,2022,2
Activité E&P,AST,REGGANE,GF,Equipment-6533,EQ-06533,flaring,Natural Gas,4094.48,scf,2025,11
Activité E&P,AST,GTG,GF,Equipment-6534,EQ-06534,flaring,Natural Gas,4650.62,scf,2022,4
Activité LQS,LSH,GL1Z,GNL,Equipment-6535,EQ-06535,combustion,,6515.19,,2022,9
Activité E&P,DP,HRM,GF,Equipment-6536,EQ-06536,venting,,7808.73,,2024,5
Activité E&P,AST,GSS,OF,Equipment-6537,EQ-06537,venting,,4324.69,,2024,3
Activité E&P,DP,ADR,OF,Equipment-6538,EQ-06538,fugitive,,9560.99,,2022,1
Activité E&P,AST,GSS,OF,Equipment-6539,EQ-06539,flaring,Diesel,5377.45,gal,2023,9
Activité LQS,LSH,GL2Z,GNL,Equipment-6540,EQ-06540,combustion,Propane,7445.05,gal,2023,4
Activité LQS,LSH,GL3Z,GNL,Equipment-6541,EQ-06541,combustion,Propane,139.19,gal,2023,9
Activité E&P,DP,REB,OF,Equipment-6542,EQ-06542,combustion,Propane,1721.35,gal,2025,6
Activité E&P,AST,REGGANE,GF,Equipment-6543,EQ-06543,flaring,Natural Gas,6668.3,scf,2025,4
Activité RPC,RAF,RA1K,Raffinerie,Equipment-6544,EQ-06544,flaring,Diesel,2008.6,gal,2025,11
Activité E&P,DP,TFT,GF,Equipment-6545,EQ-06545,combustion,Fuel Gas,9073.82,gal,2023,8
Activité LQS,LSH,GL3Z,GNL,Equipment-6546,EQ-06546,flaring,Natural Gas,3288.66,scf,2023,7
Activité E&P,DP,TFT,GF,Equipment-6547,EQ-06547,venting,,1500.3,,2023,5
Activité RPC,RAF,RA1Z,Raffinerie,Equipment-6548,EQ-06548,flaring,Natural Gas,3177.09,scf,2025,10
Activité LQS,LSH,GL2Z,GNL,Equipment-6549,EQ-06549,combustion,Propane,2809.22,gal,2023,10
Activité E&P,DP,RNS,GF,Equipment-6550,EQ-06550,venting,,6464.22,,2025,1
Activité LQS,LSH,GL1Z,GNL,Equipment-6551,EQ-06551,venting,,1995.05,,2024,9
Activité E&P,DP,STAH,OF,Equipment-6552,EQ-06552,flaring,Fuel Gas,7317.88,gal,2022,12
Activité RPC,RAF,RA1Z,Raffinerie,Equipment-6553,EQ-06553,flaring,,7678.6,,2024,5
Activité E&P,AST,RKF,OF,Equipment-6554,EQ-06554,drilling,,8555.05,,2023,8
Activité E&P,AST,HBR,OF,Equipment-6555,EQ-06555,combustion,Natural Gas,3274.3,scf,2024,1
Activité RPC,RAF,RA1Z,Raffinerie,Equipment-6556,EQ-06556,venting,,6119.26,,2025,11
Activité LQS,LSH,GL2Z,GNL,Equipment-6557,EQ-06557,fugitive,,8342.83,,2025,6
Activité E&P,AST,GTG,GF,Equipment-6558,EQ-06558,drilling,,3331.45,,2023,1
Activité E&P,DP,HRM,GF,Equipment-6559,EQ-06559,flaring,Fuel Gas,6310.01,gal,2023,3
Activité E&P,DP,HRM,GF,Equipment-6560,EQ-06560,drilling,,5801.36,,2023,4
Activité E&P,AST,BMS,OF,Equipment-6561,EQ-06561,venting,,7149.61,,2024,5
Activité E&P,AST,MLN,OF,Equipment-6562,EQ-06562,combustion,Propane,4384.64,gal,2022,1
Activité E&P,AST,RKF,OF,Equipment-6563,EQ-06563,venting,,5829.8,,2023,12
Activité E&P,AST,SH-FCP MLE,GF,Equipment-6564,EQ-06564,venting,,2144.21,,2023,3
Activité E&P,AST,SH-FCP MLE,GF,Equipment-6565,EQ-06565,drilling,,9586.68,,2022,2
Activité RPC,PEC,CP1Z,Pétrochimie,Equipment-6566,EQ-06566,combustion,Fuel Gas,747.91,gal,2023,5
Activité E&P,DP,ADR,OF,Equipment-6567,EQ-06567,fugitive,,8986.32,,2024,5
Activité LQS,LSH,GP1Z,GPL,Equipment-6568,EQ-06568,flaring,Natural Gas,2464.46,scf,2024,8
Activité E&P,DP,HBK,GF,Equipment-6569,EQ-06569,flaring,Propane,6163.76,gal,2025,4
Activité E&P,DP,HMD,OF,Equipment-6570,EQ-06570,fugitive,,4020.91,,2024,2
Activité E&P,AST,BMS,OF,Equipment-6571,EQ-06571,venting,,3833.0,,2024,2
Activité E&P,AST,INA,GF,Equipment-6572,EQ-06572,fugitive,,6623.25,,2025,9
Activité E&P,AST,GTFT,GF,Equipment-6573,EQ-06573,fugitive,,6447.05,,2022,8
Activité LQS,LSH,GL1K,GNL,Equipment-6574,EQ-06574,combustion,Diesel,1522.96,gal,2022,11
Activité RPC,RAF,RA1G,Raffinerie,Equipment-6575,EQ-06575,drilling,,6585.72,,2024,10
Activité LQS,LSH,GP2Z,GPL,Equipment-6576,EQ-06576,drilling,,9225.99,,2025,10
Activité E&P,DP,RNS,GF,Equipment-6577,EQ-06577,venting,,6348.47,,2022,5
Activité RPC,RAF,RA1K,Raffinerie,Equipment-6578,EQ-06578,drilling,,6614.32,,2025,11
Activité E&P,DP,REB,OF,Equipment-6579,EQ-06579,flaring,Natural Gas,2560.61,scf,2023,12
Activité E&P,AST,OURHOUD,OF,Equipment-6580,EQ-06580,drilling,,3637.49,,2023,10
Activité E&P,DP,HMD,OF,Equipment-6581,EQ-06581,flaring,Fuel Gas,4456.14,gal,2022,2
Activité RPC,RAF,RA1K,Raffinerie,Equipment-6582,EQ-06582,venting,,2309.73,,2024,10
Activité RPC,PEC,CPEK,Pétrochimie,Equipment-6583,EQ-06583,flaring,Diesel,9624.61,gal,2022,7
Activité E&P,DP,GTL,GF,Equipment-6584,EQ-06584,venting,,9229.15,,2023,6
Activité RPC,RAF,RA1A,Raffinerie,Equipment-6585,EQ-06585,drilling,,6148.72,,2023,12
Activité LQS,LSH,GP1Z,GPL,Equipment-6586,EQ-06586,drilling,,7583.19,,2025,2
Activité E&P,AST,HBR,OF,Equipment-6587,EQ-06587,drilling,,2370.39,,2022,4
Activité E&P,DP,REB,OF,Equipment-6588,EQ-06588,drilling,,882.74,,2022,10
Activité E&P,AST,MLN,OF,Equipment-6589,EQ-06589,drilling,,158.63,,2024,2
Activité E&P,DP,TFT,GF,Equipment-6590,EQ-06590,combustion,Propane,7092.28,gal,2022,7
Activité RPC,RAF,RA1G,Raffinerie,Equipment-6591,EQ-06591,fugitive,,4740.93,,2023,4
Activité E&P,AST,GTG,GF,Equipment-6592,EQ-06592,venting,,3669.3,,2024,4
Activité E&P,AST,MLN,OF,Equipment-6593,EQ-06593,combustion,Propane,8963.61,gal,2025,8
Activité E&P,DP,HRM,GF,Equipment-6594,EQ-06594,combustion,Natural Gas,7368.49,scf,2022,10
Activité E&P,AST,ISG,GF,Equipment-6595,EQ-06595,drilling,,9723.83,,2024,3
Activité RPC,RAF,RA1A,Raffinerie,Equipment-6596,EQ-06596,flaring,,97.14,,2023,8
Activité RPC,RAF,RA1G,Raffinerie,Equipment-6597,EQ-06597,combustion,Diesel,7955.54,gal,2024,5
Activité RPC,RAF,RA1A,Raffinerie,Equipment-6598,EQ-06598,drilling,,8173.45,,2024,9
Activité E&P,AST,GB,OF,Equipment-6599,EQ-06599,fugitive,,6692.42,,2022,1
Activité RPC,RAF,RA1Z,Raffinerie,Equipment-6600,EQ-06600,drilling,,489.54,,2023,6
Activité E&P,AST,INA,GF,Equipment-6601,EQ-06601,combustion,,5444.55,,2022,6
Activité E&P,DP,GTL,GF,Equipment-6602,EQ-06602,combustion,Diesel,3187.55,gal,2025,5
Activité E&P,AST,GB,OF,Equipment-6603,EQ-06603,combustion,Natural Gas,3523.04,scf,2025,5
Activité E&P,AST,OURHOUD,OF,Equipment-6604,EQ-06604,combustion,Diesel,651.76,gal,2023,10
Activité E&P,AST,GSS,OF,Equipment-6605,EQ-06605,fugitive,,659.51,,2025,12
Activité E&P,DP,RNS,GF,Equipment-6606,EQ-06606,venting,,491.19,,2023,5
Activité E&P,AST,INA,GF,Equipment-6607,EQ-06607,combustion,Natural Gas,8824.56,scf,2022,11
Activité E&P,AST,GTG,GF,Equipment-6608,EQ-06608,flaring,Natural Gas,8308.47,scf,2022,6
Activité E&P,AST,GTG,GF,Equipment-6609,EQ-06609,venting,,2293.47,,2025,11
Activité E&P,AST,G SH-ENI,OF,Equipment-6610,EQ-06610,flaring,Fuel Gas,7782.37,gal,2024,7
Activité E&P,AST,G SH-ENI,OF,Equipment-6611,EQ-06611,drilling,,6090.62,,2022,12
Activité E&P,DP,RNS,GF,Equipment-6612,EQ-06612,flaring,Natural Gas,3220.26,scf,2024,4
Activité LQS,LSH,GP2Z,GPL,Equipment-6613,EQ-06613,fugitive,,3887.53,,2025,3
Activité E&P,DP,STAH,OF,Equipment-6614,EQ-06614,flaring,Fuel Gas,3921.12,gal,2025,1
Activité LQS,LSH,GL2Z,GNL,Equipment-6615,EQ-06615,combustion,,6987.25,,2022,8
Activité E&P,AST,GTG,GF,Equipment-6616,EQ-06616,fugitive,,3299.27,,2024,3
Activité E&P,AST,REGGANE,GF,Equipment-6617,EQ-06617,flaring,Natural Gas,6137.41,scf,2023,12
Activité E&P,AST,MLN,OF,Equipment-6618,EQ-06618,venting,,1254.02,,2023,6
Activité RPC,RAF,RA1G,Raffinerie,Equipment-6619,EQ-06619,flaring,Diesel,5881.41,gal,2025,11
Activité E&P,AST,GTG,GF,Equipment-6620,EQ-06620,venting,,5133.87,,2023,11
Activité E&P,AST,GTFT,GF,Equipment-6621,EQ-06621,flaring,Natural Gas,1659.51,scf,2022,1
Activité LQS,LSH,GL1K,GNL,Equipment-6622,EQ-06622,flaring,Propane,2685.72,gal,2025,10
Activité LQS,LSH,GL3Z,GNL,Equipment-6623,EQ-06623,fugitive,,2631.0,,2023,10
Activité LQS,LSH,GP1Z,GPL,Equipment-6624,EQ-06624,combustion,Diesel,5259.23,gal,2023,12
Activité E&P,AST,REGGANE,GF,Equipment-6625,EQ-06625,fugitive,,7879.27,,2023,2
Activité E&P,DP,HMD,OF,Equipment-6626,EQ-06626,combustion,,9686.58,,2024,7
Activité LQS,LSH,GL2Z,GNL,Equipment-6627,EQ-06627,flaring,Diesel,4906.62,gal,2025,2
Activité E&P,DP,HMD,OF,Equipment-6628,EQ-06628,combustion,Diesel,8130.13,gal,2022,3
Activité RPC,PEC,CPEK,Pétrochimie,Equipment-6629,EQ-06629,combustion,Diesel,7567.82,gal,2024,3
Activité E&P,AST,GTG,GF,Equipment-6630,EQ-06630,fugitive,,6421.44,,2022,3
Activité LQS,LSH,GL1Z,GNL,Equipment-6631,EQ-06631,fugitive,,6121.5,,2025,4
Activité E&P,DP,GTL,GF,Equipment-6632,EQ-06632,venting,,5482.01,,2023,6
Activité E&P,AST,GTG,GF,Equipment-6633,EQ-06633,venting,,360.42,,2022,3
Activité E&P,AST,SH-FCP MLE,GF,Equipment-6634,EQ-06634,flaring,Fuel Gas,9387.43,gal,2023,1
Activité E&P,DP,REB,OF,Equipment-6635,EQ-06635,fugitive,,111.38,,2024,12
Activité RPC,PEC,CP1Z,Pétrochimie,Equipment-6636,EQ-06636,drilling,,4080.28,,2022,2
Activité LQS,LSH,GL1K,GNL,Equipment-6637,EQ-06637,venting,,2625.76,,2022,12
Activité E&P,AST,OURHOUD,OF,Equipment-6638,EQ-06638,venting,,861.67,,2025,12
Activité RPC,PEC,CP1Z,Pétrochimie,Equipment-6639,EQ-06639,venting,,916.6,,2023,2
Activité E&P,DP,INAS,GF,Equipment-6640,EQ-06640,fugitive,,5562.62,,2023,3
Activité LQS,LSH,GL1Z,GNL,Equipment-6641,EQ-06641,fugitive,,6171.2,,2025,3
Activité LQS,LSH,GP1Z,GPL,Equipment-6642,EQ-06642,combustion,Propane,8073.71,gal,2022,1
Activité E&P,DP,HBK,GF,Equipment-6643,EQ-06643,flaring,Fuel Gas,6121.94,gal,2024,6
Activité E&P,DP,REB,OF,Equipment-6644,EQ-06644,fugitive,,5562.62,,2023,10
Activité LQS,LSH,GP2Z,GPL,Equipment-6645,EQ-06645,combustion,Fuel Gas,5503.36,gal,2022,9
Activité E&P,AST,SH-FCP MLE,GF,Equipment-6646,EQ-06646,combustion,Diesel,8192.11,gal,2022,12
Activité RPC,RAF,RA1Z,Raffinerie,Equipment-6647,EQ-06647,venting,,3054.55,,2024,5
Activité E&P,AST,ISG,GF,Equipment-6648,EQ-06648,fugitive,,1779.96,,2023,8
Activité E&P,AST,REGGANE,GF,Equipment-6649,EQ-06649,flaring,,335.59,,2022,3
Activité E&P,DP,HMD,OF,Equipment-6650,EQ-06650,flaring,Propane,9131.77,gal,2022,3
Activité E&P,AST,GTG,GF,Equipment-6651,EQ-06651,drilling,,690.01,,2023,3
Activité LQS,LSH,GL2Z,GNL,Equipment-6652,EQ-06652,drilling,,2731.69,,2025,10
Activité E&P,AST,ISG,GF,Equipment-6653,EQ-06653,flaring,Natural Gas,9781.95,scf,2023,2
Activité RPC,RAF,RA1A,Raffinerie,Equipment-6654,EQ-06654,combustion,Fuel Gas,9860.75,gal,2023,8
Activité LQS,LSH,GL3Z,GNL,Equipment-6655,EQ-06655,venting,,1093.97,,2022,12
Activité RPC,PEC,CP1Z,Pétrochimie,Equipment-6656,EQ-06656,fugitive,,912.84,,2023,1
Activité E&P,AST,ISG,GF,Equipment-6657,EQ-06657,drilling,,4437.24,,2022,7
Activité LQS,LSH,GP1Z,GPL,Equipment-6658,EQ-06658,combustion,Natural Gas,8787.16,scf,2024,6
Activité E&P,AST,BRS,OF,Equipment-6659,EQ-06659,venting,,8024.16,,2025,5
Activité E&P,AST,G SH-ENI,OF,Equipment-6660,EQ-06660,fugitive,,1212.36,,2022,3
Activité E&P,AST,GTFT,GF,Equipment-6661,EQ-06661,fugitive,,2223.25,,2023,11
Activité RPC,PEC,CPEK,Pétrochimie,Equipment-6662,EQ-06662,combustion,,4027.63,,2023,6
Activité E&P,DP,REB,OF,Equipment-6663,EQ-06663,fugitive,,8744.92,,2023,6
Activité E&P,DP,OHT,GF,Equipment-6664,EQ-06664,flaring,Fuel Gas,4720.24,gal,2023,2
Activité E&P,DP,GTL,GF,Equipment-6665,EQ-06665,venting,,9056.84,,2022,8
Activité E&P,DP,INAS,GF,Equipment-6666,EQ-06666,flaring,Diesel,4552.22,gal,2024,11
Activité E&P,AST,RKF,OF,Equipment-6667,EQ-06667,venting,,6268.56,,2025,1
Activité E&P,AST,ISG,GF,Equipment-6668,EQ-06668,venting,,8484.46,,2024,5
Activité E&P,AST,RKF,OF,Equipment-6669,EQ-06669,fugitive,,7457.69,,2023,12
Activité RPC,RAF,RA1G,Raffinerie,Equipment-6670,EQ-06670,fugitive,,1533.21,,2023,11
Activité E&P,DP,HBK,GF,Equipment-6671,EQ-06671,venting,,346.77,,2023,9
Activité RPC,RAF,RA1K,Raffinerie,Equipment-6672,EQ-06672,combustion,Natural Gas,999.61,scf,2025,2
Activité E&P,DP,INAS,GF,Equipment-6673,EQ-06673,venting,,8629.31,,2025,2
Activité E&P,AST,RKF,OF,Equipment-6674,EQ-06674,fugitive,,2389.46,,2025,12
Activité E&P,AST,GSS,OF,Equipment-6675,EQ-06675,fugitive,,340.13,,2023,11
Activité LQS,LSH,GP2Z,GPL,Equipment-6676,EQ-06676,combustion,Natural Gas,4846.03,scf,2025,7
Activité E&P,AST,MLN,OF,Equipment-6677,EQ-06677,flaring,Propane,5212.73,gal,2025,4
Activité E&P,AST,G SH-ENI,OF,Equipment-6678,EQ-06678,fugitive,,4184.19,,2022,1
Activité E&P,AST,HBR,OF,Equipment-6679,EQ-06679,drilling,,5810.94,,2022,12
Activité E&P,AST,HBR,OF,Equipment-6680,EQ-06680,flaring,,6921.57,,2022,1
Activité LQS,LSH,GP1Z,GPL,Equipment-6681,EQ-06681,flaring,,5541.98,,2022,4
Activité E&P,AST,INA,GF,Equipment-6682,EQ-06682,drilling,,6627.51,,2023,2
Activité E&P,AST,GSS,OF,Equipment-6683,EQ-06683,fugitive,,9247.36,,2025,5
Activité E&P,AST,G SH-ENI,OF,Equipment-6684,EQ-06684,venting,,431.09,,2023,8
Activité RPC,RAF,RA1G,Raffinerie,Equipment-6685,EQ-06685,fugitive,,8324.85,,2025,8
Activité E&P,DP,INAS,GF,Equipment-6686,EQ-06686,combustion,Propane,6644.84,gal,2025,1
Activité LQS,LSH,GL1K,GNL,Equipment-6687,EQ-06687,drilling,,3100.23,,2023,8
Activité E&P,DP,RNS,GF,Equipment-6688,EQ-06688,drilling,,6112.72,,2024,12
Activité E&P,AST,INA,GF,Equipment-6689,EQ-06689,venting,,5298.47,,2024,2
Activité E&P,AST,HBR,OF,Equipment-6690,EQ-06690,fugitive,,2617.1,,2025,3
Activité E&P,DP,HRM,GF,Equipment-6691,EQ-06691,combustion,,6993.92,,2025,8
Activité RPC,PEC,CP1Z,Pétrochimie,Equipment-6692,EQ-06692,drilling,,7734.34,,2022,11
Activité LQS,LSH,GL3Z,GNL,Equipment-6693,EQ-06693,drilling,,372.29,,2025,6
Activité E&P,DP,GTL,GF,Equipment-6694,EQ-06694,combustion,Fuel Gas,3979.61,gal,2024,2
Activité RPC,PEC,CP1Z,Pétrochimie,Equipment-6695,EQ-06695,venting,,6340.45,,2022,10
Activité E&P,AST,GSS,OF,Equipment-6696,EQ-06696,combustion,,1704.51,,2023,12
Activité E&P,DP,ADR,OF,Equipment-6697,EQ-06697,fugitive,,8394.98,,2023,12
Activité RPC,PEC,CPEK,Pétrochimie,Equipment-6698,EQ-06698,combustion,Natural Gas,1360.2,scf,2024,4
Activité E&P,AST,GTIM,GF,Equipment-6699,EQ-06699,fugitive,,2899.3,,2025,8
Activité LQS,LSH,GP2Z,GPL,Equipment-6700,EQ-06700,flaring,Natural Gas,193.0,scf,2023,1
Activité E&P,DP,GTL,GF,Equipment-6701,EQ-06701,combustion,Diesel,6616.6,gal,2023,2
Activité E&P,AST,GTG,GF,Equipment-6702,EQ-06702,venting,,8516.1,,2023,9
Activité LQS,LSH,GP2Z,GPL,Equipment-6703,EQ-06703,fugitive,,8910.16,,2025,1
Activité E&P,AST,RKF,OF,Equipment-6704,EQ-06704,drilling,,6640.15,,2025,9
Activité E&P,DP,RNS,GF,Equipment-6705,EQ-06705,flaring,,9943.25,,2025,1
Activité E&P,DP,HBK,GF,Equipment-6706,EQ-06706,combustion,Fuel Gas,8781.74,gal,2023,10
Activité E&P,DP,RNS,GF,Equipment-6707,EQ-06707,combustion,Diesel,7440.29,gal,2025,12
Activité LQS,LSH,GP1Z,GPL,Equipment-6708,EQ-06708,combustion,Fuel Gas,1465.34,gal,2023,12
Activité E&P,DP,REB,OF,Equipment-6709,EQ-06709,fugitive,,2827.05,,2025,1
Activité E&P,AST,INA,GF,Equipment-6710,EQ-06710,fugitive,,1539.99,,2023,1
Activité E&P,AST,SH-FCP MLE,GF,Equipment-6711,EQ-06711,drilling,,3433.5,,2022,8
Activité E&P,DP,ADR,OF,Equipment-6712,EQ-06712,flaring,Diesel,8501.06,gal,2022,2
Activité E&P,DP,RNS,GF,Equipment-6713,EQ-06713,fugitive,,507.81,,2024,1
Activité RPC,RAF,RA1G,Raffinerie,Equipment-6714,EQ-06714,combustion,Fuel Gas,5757.63,gal,2023,1
Activité E&P,AST,GSS,OF,Equipment-6715,EQ-06715,fugitive,,6816.86,,2025,1
Activité LQS,LSH,GL3Z,GNL,Equipment-6716,EQ-06716,flaring,Natural Gas,5390.53,scf,2025,5
Activité E&P,AST,GB,OF,Equipment-6717,EQ-06717,fugitive,,6343.07,,2023,1
Activité RPC,PEC,CPEK,Pétrochimie,Equipment-6718,EQ-06718,combustion,Natural Gas,5379.07,scf,2023,2
Activité E&P,AST,RKF,OF,Equipment-6719,EQ-06719,drilling,,61.06,,2022,11
Activité LQS,LSH,GL2Z,GNL,Equipment-6720,EQ-06720,drilling,,4119.25,,2025,7
Activité E&P,DP,REB,OF,Equipment-6721,EQ-06721,combustion,Fuel Gas,4244.48,gal,2023,9
Activité E&P,AST,INA,GF,Equipment-6722,EQ-06722,fugitive,,247.39,,2025,1
Activité E&P,AST,GB,OF,Equipment-6723,EQ-06723,venting,,6816.62,,2022,1
Activité E&P,DP,OHT,GF,Equipment-6724,EQ-06724,fugitive,,7903.62,,2023,8
Activité E&P,AST,OURHOUD,OF,Equipment-6725,EQ-06725,fugitive,,1879.3,,2025,10
Activité LQS,LSH,GL1Z,GNL,Equipment-6726,EQ-06726,combustion,Diesel,8694.53,gal,2025,4
Activité E&P,AST,ISG,GF,Equipment-6727,EQ-06727,fugitive,,2640.31,,2023,2
Activité E&P,AST,G SH-ENI,OF,Equipment-6728,EQ-06728,fugitive,,3319.85,,2023,1
Activité E&P,DP,ADR,OF,Equipment-6729,EQ-06729,combustion,Propane,5697.88,gal,2025,11
Activité E&P,DP,HMD,OF,Equipment-6730,EQ-06730,venting,,60.3,,2025,9
Activité E&P,AST,GB,OF,Equipment-6731,EQ-06731,fugitive,,9697.23,,2022,8
Activité LQS,LSH,GL2Z,GNL,Equipment-6732,EQ-06732,combustion,Propane,9172.77,gal,2023,8
Activité RPC,RAF,RA1G,Raffinerie,Equipment-6733,EQ-06733,drilling,,5601.42,,2025,6
Activité E&P,DP,HRM,GF,Equipment-6734,EQ-06734,combustion,,8639.84,,2023,3
Activité E&P,AST,BRS,OF,Equipment-6735,EQ-06735,drilling,,2267.81,,2022,5
Activité E&P,AST,ISG,GF,Equipment-6736,EQ-06736,drilling,,7239.93,,2022,2
Activité E&P,AST,GTG,GF,Equipment-6737,EQ-06737,combustion,Diesel,6465.55,gal,2024,1
Activité E&P,DP,GTL,GF,Equipment-6738,EQ-06738,drilling,,5321.26,,2023,3
Activité E&P,AST,GTG,GF,Equipment-6739,EQ-06739,drilling,,9284.65,,2024,9
Activité E&P,DP,HBK,GF,Equipment-6740,EQ-06740,drilling,,341.19,,2024,12
Activité E&P,DP,HBK,GF,Equipment-6741,EQ-06741,fugitive,,8640.47,,2024,5
Activité E&P,AST,BRS,OF,Equipment-6742,EQ-06742,flaring,Diesel,2766.55,gal,2024,7
Activité LQS,LSH,GL1Z,GNL,Equipment-6743,EQ-06743,venting,,3002.3,,2024,11
Activité E&P,DP,HMD,OF,Equipment-6744,EQ-06744,combustion,Natural Gas,4059.65,scf,2022,5
Activité LQS,LSH,GL1K,GNL,Equipment-6745,EQ-06745,drilling,,2351.45,,2025,6
Activité E&P,DP,STAH,OF,Equipment-6746,EQ-06746,combustion,Fuel Gas,89.7,gal,2024,7
Activité RPC,RAF,RA1A,Raffinerie,Equipment-6747,EQ-06747,drilling,,551.51,,2024,1
Activité RPC,RAF,RA1G,Raffinerie,Equipment-6748,EQ-06748,combustion,,2071.19,,2022,1
Activité E&P,DP,HRM,GF,Equipment-6749,EQ-06749,drilling,,7280.69,,2022,3
Activité E&P,DP,HBK,GF,Equipment-6750,EQ-06750,drilling,,1731.15,,2022,7
Activité E&P,DP,HMD,OF,Equipment-6751,EQ-06751,fugitive,,8455.06,,2022,5
Activité RPC,RAF,RA1Z,Raffinerie,Equipment-6752,EQ-06752,combustion,Natural Gas,7047.37,scf,2023,1
Activité E&P,DP,INAS,GF,Equipment-6753,EQ-06753,drilling,,211.32,,2022,6
Activité E&P,AST,G SH-ENI,OF,Equipment-6754,EQ-06754,combustion,Natural Gas,1835.05,scf,2022,5
Activité E&P,AST,BRS,OF,Equipment-6755,EQ-06755,fugitive,,3354.72,,2023,3
Activité E&P,AST,GTIM,GF,Equipment-6756,EQ-06756,fugitive,,9634.23,,2024,11
Activité E&P,DP,INAS,GF,Equipment-6757,EQ-06757,fugitive,,9445.3,,2024,10
Activité LQS,LSH,GL1Z,GNL,Equipment-6758,EQ-06758,drilling,,8184.84,,2025,5
Activité E&P,DP,HRM,GF,Equipment-6759,EQ-06759,venting,,5906.06,,2023,1
Activité E&P,AST,INA,GF,Equipment-6760,EQ-06760,flaring,Propane,388.16,gal,2025,8
Activité E&P,AST,SH-FCP MLE,GF,Equipment-6761,EQ-06761,combustion,Natural Gas,7370.38,scf,2022,9
Activité E&P,DP,HRM,GF,Equipment-6762,EQ-06762,flaring,Natural Gas,145.74,scf,2024,2
Activité E&P,AST,INA,GF,Equipment-6763,EQ-06763,drilling,,1220.06,,2025,9
Activité E&P,AST,GTG,GF,Equipment-6764,EQ-06764,fugitive,,8326.04,,2024,10
Activité RPC,RAF,RA1K,Raffinerie,Equipment-6765,EQ-06765,venting,,6968.74,,2024,3
Activité E&P,DP,HRM,GF,Equipment-6766,EQ-06766,flaring,Propane,4933.44,gal,2024,12
Activité LQS,LSH,GL3Z,GNL,Equipment-6767,EQ-06767,drilling,,5296.69,,2025,12
Activité E&P,AST,OURHOUD,OF,Equipment-6768,EQ-06768,drilling,,6236.55,,2023,11
Activité E&P,DP,TFT,GF,Equipment-6769,EQ-06769,venting,,995.45,,2023,9
Activité RPC,RAF,RA1K,Raffinerie,Equipment-6770,EQ-06770,fugitive,,6662.55,,2022,7
Activité RPC,PEC,CP1Z,Pétrochimie,Equipment-6771,EQ-06771,combustion,Fuel Gas,4547.24,gal,2025,1
Activité E&P,DP,HRM,GF,Equipment-6772,EQ-06772,fugitive,,2116.71,,2022,12
Activité E&P,DP,ADR,OF,Equipment-6773,EQ-06773,drilling,,2365.02,,2022,11
Activité E&P,DP,INAS,GF,Equipment-6774,EQ-06774,combustion,Fuel Gas,4234.76,gal,2024,3
Activité RPC,RAF,RA1A,Raffinerie,Equipment-6775,EQ-06775,flaring,Diesel,2257.14,gal,2025,12
Activité RPC,RAF,RA1K,Raffinerie,Equipment-6776,EQ-06776,flaring,Natural Gas,9654.05,scf,2023,7
Activité E&P,AST,REGGANE,GF,Equipment-6777,EQ-06777,fugitive,,9737.47,,2024,12
Activité E&P,DP,STAH,OF,Equipment-6778,EQ-06778,fugitive,,8443.05,,2025,8
Activité RPC,RAF,RA1K,Raffinerie,Equipment-6779,EQ-06779,flaring,,8674.08,,2022,9
Activité E&P,DP,HBK,GF,Equipment-6780,EQ-06780,drilling,,5965.75,,2025,6
Activité E&P,AST,GSS,OF,Equipment-6781,EQ-06781,drilling,,2392.36,,2023,5
Activité RPC,RAF,RA1K,Raffinerie,Equipment-6782,EQ-06782,fugitive,,2752.02,,2024,4
Activité E&P,DP,RNS,GF,Equipment-6783,EQ-06783,combustion,Fuel Gas,4355.6,gal,2024,11
Activité E&P,AST,REGGANE,GF,Equipment-6784,EQ-06784,flaring,Propane,388.01,gal,2025,3
Activité RPC,RAF,RA1Z,Raffinerie,Equipment-6785,EQ-06785,drilling,,2990.24,,2024,4
Activité RPC,RAF,RA1G,Raffinerie,Equipment-6786,EQ-06786,combustion,Fuel Gas,4025.16,gal,2025,8
Activité E&P,AST,GB,OF,Equipment-6787,EQ-06787,combustion,Diesel,8123.26,gal,2024,9
Activité LQS,LSH,GL3Z,GNL,Equipment-6788,EQ-06788,combustion,Fuel Gas,6235.3,gal,2022,3
Activité LQS,LSH,GP2Z,GPL,Equipment-6789,EQ-06789,combustion,Propane,2282.31,gal,2024,2
Activité E&P,AST,RKF,OF,Equipment-6790,EQ-06790,flaring,Diesel,7625.04,gal,2025,7
Activité E&P,AST,MLN,OF,Equipment-6791,EQ-06791,drilling,,1624.72,,2024,4
Activité E&P,AST,GSS,OF,Equipment-6792,EQ-06792,fugitive,,4449.43,,2025,9
Activité LQS,LSH,GL1Z,GNL,Equipment-6793,EQ-06793,venting,,910.94,,2025,4
Activité E&P,AST,HBR,OF,Equipment-6794,EQ-06794,flaring,Fuel Gas,2961.85,gal,2022,6
Activité E&P,AST,BMS,OF,Equipment-6795,EQ-06795,drilling,,302.01,,2025,3
Activité E&P,AST,REGGANE,GF,Equipment-6796,EQ-06796,flaring,Natural Gas,7273.32,scf,2025,7
Activité E&P,DP,HMD,OF,Equipment-6797,EQ-06797,flaring,Fuel Gas,4645.72,gal,2025,11
Activité E&P,DP,HBK,GF,Equipment-6798,EQ-06798,drilling,,8506.95,,2024,3
Activité E&P,AST,HBR,OF,Equipment-6799,EQ-06799,fugitive,,9635.7,,2024,7
Activité LQS,LSH,GL2Z,GNL,Equipment-6800,EQ-06800,fugitive,,8338.0,,2025,12
Activité E&P,DP,GTL,GF,Equipment-6801,EQ-06801,drilling,,4155.74,,2022,11
Activité E&P,DP,INAS,GF,Equipment-6802,EQ-06802,flaring,Fuel Gas,2413.22,gal,2022,3
Activité E&P,AST,SH-FCP MLE,GF,Equipment-6803,EQ-06803,flaring,Natural Gas,5180.83,scf,2025,2
Activité E&P,AST,BRS,OF,Equipment-6804,EQ-06804,drilling,,7912.13,,2024,1
Activité E&P,AST,GTIM,GF,Equipment-6805,EQ-06805,venting,,1725.74,,2025,6
Activité E&P,DP,RNS,GF,Equipment-6806,EQ-06806,combustion,Fuel Gas,80.78,gal,2022,10
Activité LQS,LSH,GL1K,GNL,Equipment-6807,EQ-06807,drilling,,9486.73,,2023,5
Activité E&P,AST,MLN,OF,Equipment-6808,EQ-06808,venting,,2559.35,,2024,5
Activité E&P,AST,GTG,GF,Equipment-6809,EQ-06809,drilling,,2747.33,,2022,10
Activité E&P,AST,OURHOUD,OF,Equipment-6810,EQ-06810,venting,,9849.92,,2025,10
Activité E&P,DP,ADR,OF,Equipment-6811,EQ-06811,venting,,7435.44,,2022,11
Activité E&P,AST,MLN,OF,Equipment-6812,EQ-06812,combustion,Natural Gas,5409.64,scf,2025,4
Activité E&P,DP,ADR,OF,Equipment-6813,EQ-06813,flaring,Propane,3638.36,gal,2025,5
Activité E&P,AST,GTFT,GF,Equipment-6814,EQ-06814,flaring,Fuel Gas,9260.07,gal,2024,12
Activité RPC,RAF,RA1G,Raffinerie,Equipment-6815,EQ-06815,flaring,,619.59,,2023,9
Activité E&P,AST,G SH-ENI,OF,Equipment-6816,EQ-06816,fugitive,,8069.31,,2024,6
Activité E&P,AST,OURHOUD,OF,Equipment-6817,EQ-06817,drilling,,2812.82,,2022,12
Activité E&P,DP,HMD,OF,Equipment-6818,EQ-06818,venting,,1175.68,,2025,3
Activité E&P,AST,REGGANE,GF,Equipment-6819,EQ-06819,combustion,Fuel Gas,9826.86,gal,2023,5
Activité LQS,LSH,GL1K,GNL,Equipment-6820,EQ-06820,venting,,5431.97,,2022,9
Activité E&P,AST,BMS,OF,Equipment-6821,EQ-06821,venting,,7550.98,,2022,8
Activité E&P,AST,GTG,GF,Equipment-6822,EQ-06822,venting,,3277.46,,2022,3
Activité E&P,DP,GTL,GF,Equipment-6823,EQ-06823,drilling,,7498.54,,2024,11
Activité E&P,AST,GSS,OF,Equipment-6824,EQ-06824,fugitive,,5321.73,,2022,8
Activité E&P,AST,GSS,OF,Equipment-6825,EQ-06825,flaring,Diesel,50.67,gal,2024,12
Activité LQS,LSH,GL1Z,GNL,Equipment-6826,EQ-06826,flaring,Diesel,3865.52,gal,2022,3
Activité E&P,AST,SH-FCP MLE,GF,Equipment-6827,EQ-06827,combustion,Propane,5260.32,gal,2023,4
Activité E&P,AST,INA,GF,Equipment-6828,EQ-06828,venting,,7045.57,,2023,3
Activité RPC,PEC,CP1Z,Pétrochimie,Equipment-6829,EQ-06829,combustion,Propane,529.03,gal,2022,7
Activité E&P,DP,REB,OF,Equipment-6830,EQ-06830,fugitive,,9222.04,,2025,10
Activité E&P,DP,HRM,GF,Equipment-6831,EQ-06831,combustion,Propane,9994.87,gal,2022,3
Activité E&P,AST,BMS,OF,Equipment-6832,EQ-06832,fugitive,,4891.75,,2023,8
Activité E&P,AST,BRS,OF,Equipment-6833,EQ-06833,combustion,Propane,2419.27,gal,2023,9
Activité E&P,AST,SH-FCP MLE,GF,Equipment-6834,EQ-06834,combustion,Natural Gas,7513.97,scf,2022,4
Activité RPC,RAF,RA1A,Raffinerie,Equipment-6835,EQ-06835,combustion,Diesel,8040.37,gal,2025,7
Activité RPC,RAF,RA1G,Raffinerie,Equipment-6836,EQ-06836,combustion,Propane,5641.7,gal,2025,3
Activité RPC,RAF,RA1A,Raffinerie,Equipment-6837,EQ-06837,drilling,,4010.09,,2024,12
Activité E&P,DP,STAH,OF,Equipment-6838,EQ-06838,flaring,Natural Gas,7402.56,scf,2023,2
Activité E&P,DP,RNS,GF,Equipment-6839,EQ-06839,venting,,4964.67,,2022,11
Activité LQS,LSH,GL3Z,GNL,Equipment-6840,EQ-06840,fugitive,,3745.72,,2023,1
Activité E&P,AST,RKF,OF,Equipment-6841,EQ-06841,fugitive,,2835.52,,2022,8
Activité LQS,LSH,GL3Z,GNL,Equipment-6842,EQ-06842,venting,,8104.22,,2023,4
Activité RPC,RAF,RA1G,Raffinerie,Equipment-6843,EQ-06843,combustion,Natural Gas,5124.09,scf,2023,4
Activité E&P,DP,HMD,OF,Equipment-6844,EQ-06844,combustion,Propane,957.2,gal,2025,7
Activité RPC,RAF,RA1Z,Raffinerie,Equipment-6845,EQ-06845,venting,,5599.23,,2022,7
Activité E&P,AST,ISG,GF,Equipment-6846,EQ-06846,combustion,Propane,7590.96,gal,2024,3
Activité RPC,RAF,RA1A,Raffinerie,Equipment-6847,EQ-06847,flaring,Propane,7873.04,gal,2024,6
Activité E&P,AST,BMS,OF,Equipment-6848,EQ-06848,venting,,5447.31,,2023,9
Activité E&P,AST,OURHOUD,OF,Equipment-6849,EQ-06849,fugitive,,6488.65,,2024,4
Activité E&P,AST,G SH-ENI,OF,Equipment-6850,EQ-06850,combustion,Natural Gas,745.04,scf,2023,4
Activité E&P,AST,HBR,OF,Equipment-6851,EQ-06851,fugitive,,5216.08,,2022,5
Activité LQS,LSH,GL1Z,GNL,Equipment-6852,EQ-06852,flaring,Fuel Gas,4160.36,gal,2024,3
Activité E&P,AST,GSS,OF,Equipment-6853,EQ-06853,fugitive,,1277.06,,2023,6
Activité E&P,DP,REB,OF,Equipment-6854,EQ-06854,combustion,Natural Gas,5157.67,scf,2024,7
Activité LQS,LSH,GL3Z,GNL,Equipment-6855,EQ-06855,flaring,Diesel,9840.64,gal,2025,12
Activité RPC,RAF,RA1K,Raffinerie,Equipment-6856,EQ-06856,combustion,Fuel Gas,676.28,gal,2024,9
Activité RPC,RAF,RA1K,Raffinerie,Equipment-6857,EQ-06857,drilling,,1836.63,,2024,9
Activité E&P,DP,RNS,GF,Equipment-6858,EQ-06858,fugitive,,2053.55,,2025,9
Activité RPC,RAF,RA1A,Raffinerie,Equipment-6859,EQ-06859,fugitive,,5387.85,,2024,8
Activité RPC,PEC,CP1Z,Pétrochimie,Equipment-6860,EQ-06860,drilling,,79.53,,2025,9
Activité E&P,AST,OURHOUD,OF,Equipment-6861,EQ-06861,venting,,7109.62,,2023,1
Activité E&P,AST,GTG,GF,Equipment-6862,EQ-06862,venting,,1692.81,,2025,1
Activité E&P,DP,HRM,GF,Equipment-6863,EQ-06863,venting,,1120.46,,2023,11
Activité E&P,DP,HBK,GF,Equipment-6864,EQ-06864,flaring,Diesel,4867.83,gal,2024,4
Activité RPC,RAF,RA1G,Raffinerie,Equipment-6865,EQ-06865,flaring,Propane,3505.31,gal,2022,5
Activité E&P,AST,G SH-ENI,OF,Equipment-6866,EQ-06866,venting,,4121.54,,2024,10
Activité E&P,AST,MLN,OF,Equipment-6867,EQ-06867,venting,,882.48,,2025,10
Activité E&P,AST,ISG,GF,Equipment-6868,EQ-06868,drilling,,4348.01,,2022,10
Activité E&P,AST,GB,OF,Equipment-6869,EQ-06869,combustion,,6577.08,,2022,11
Activité RPC,PEC,CP1Z,Pétrochimie,Equipment-6870,EQ-06870,drilling,,7165.82,,2025,3
Activité E&P,DP,OHT,GF,Equipment-6871,EQ-06871,drilling,,3081.26,,2025,2
Activité LQS,LSH,GL1Z,GNL,Equipment-6872,EQ-06872,venting,,4720.78,,2022,1
Activité E&P,DP,OHT,GF,Equipment-6873,EQ-06873,fugitive,,139.84,,2024,5
Activité E&P,AST,GB,OF,Equipment-6874,EQ-06874,drilling,,9160.0,,2024,9
Activité E&P,AST,BMS,OF,Equipment-6875,EQ-06875,venting,,6734.84,,2023,1
Activité RPC,RAF,RA1G,Raffinerie,Equipment-6876,EQ-06876,venting,,807.17,,2025,10
Activité E&P,AST,BMS,OF,Equipment-6877,EQ-06877,flaring,Propane,2910.65,gal,2023,5
Activité RPC,PEC,CPEK,Pétrochimie,Equipment-6878,EQ-06878,drilling,,8520.09,,2023,5
Activité E&P,AST,SH-FCP MLE,GF,Equipment-6879,EQ-06879,drilling,,4117.66,,2023,9
Activité RPC,RAF,RA1Z,Raffinerie,Equipment-6880,EQ-06880,fugitive,,5773.48,,2022,12
Activité RPC,RAF,RA1G,Raffinerie,Equipment-6881,EQ-06881,flaring,Fuel Gas,8317.22,gal,2022,11
Activité E&P,AST,G SH-ENI,OF,Equipment-6882,EQ-06882,fugitive,,2645.57,,2023,3
Activité E&P,DP,OHT,GF,Equipment-6883,EQ-06883,combustion,Diesel,1781.05,gal,2023,3
Activité E&P,AST,MLN,OF,Equipment-6884,EQ-06884,combustion,Natural Gas,1353.16,scf,2023,5
Activité E&P,DP,ADR,OF,Equipment-6885,EQ-06885,combustion,Propane,6159.87,gal,2025,5
Activité E&P,DP,INAS,GF,Equipment-6886,EQ-06886,drilling,,6066.9,,2023,9
Activité E&P,DP,RNS,GF,Equipment-6887,EQ-06887,venting,,468.7,,2023,3
Activité E&P,DP,ADR,OF,Equipment-6888,EQ-06888,combustion,Diesel,5229.25,gal,2022,7
Activité LQS,LSH,GL1Z,GNL,Equipment-6889,EQ-06889,flaring,,9622.27,,2022,7
Activité E&P,DP,STAH,OF,Equipment-6890,EQ-06890,combustion,Diesel,5106.95,gal,2024,1
Activité RPC,RAF,RA1K,Raffinerie,Equipment-6891,EQ-06891,venting,,8385.79,,2023,3
Activité RPC,PEC,CPEK,Pétrochimie,Equipment-6892,EQ-06892,venting,,9915.8,,2023,1
Activité E&P,DP,HRM,GF,Equipment-6893,EQ-06893,combustion,,8668.3,,2023,12
Activité E&P,DP,ADR,OF,Equipment-6894,EQ-06894,venting,,2165.81,,2023,10
Activité E&P,DP,HRM,GF,Equipment-6895,EQ-06895,fugitive,,1395.79,,2024,7
Activité E&P,DP,HMD,OF,Equipment-6896,EQ-06896,venting,,6103.4,,2023,5
Activité E&P,AST,RKF,OF,Equipment-6897,EQ-06897,venting,,6153.62,,2023,3
Activité RPC,RAF,RA1A,Raffinerie,Equipment-6898,EQ-06898,combustion,Propane,5765.19,gal,2025,12
Activité E&P,DP,HRM,GF,Equipment-6899,EQ-06899,combustion,Natural Gas,4823.26,scf,2025,3
Activité E&P,DP,REB,OF,Equipment-6900,EQ-06900,drilling,,7376.96,,2025,7
Activité E&P,AST,RKF,OF,Equipment-6901,EQ-06901,fugitive,,7581.1,,2023,5
Activité E&P,AST,RKF,OF,Equipment-6902,EQ-06902,fugitive,,5079.94,,2023,8
Activité E&P,DP,HMD,OF,Equipment-6903,EQ-06903,fugitive,,7630.71,,2022,1
Activité E&P,AST,GB,OF,Equipment-6904,EQ-06904,venting,,9309.84,,2023,11
Activité LQS,LSH,GL3Z,GNL,Equipment-6905,EQ-06905,venting,,5226.93,,2023,6
Activité E&P,AST,INA,GF,Equipment-6906,EQ-06906,combustion,,3342.79,,2024,10
Activité E&P,DP,REB,OF,Equipment-6907,EQ-06907,combustion,Propane,7998.9,gal,2025,6
Activité E&P,AST,BRS,OF,Equipment-6908,EQ-06908,combustion,Natural Gas,2177.23,scf,2025,10
Activité E&P,DP,HMD,OF,Equipment-6909,EQ-06909,flaring,Fuel Gas,977.76,gal,2022,8
Activité E&P,DP,GTL,GF,Equipment-6910,EQ-06910,drilling,,9896.29,,2024,11
Activité LQS,LSH,GP1Z,GPL,Equipment-6911,EQ-06911,venting,,7644.96,,2024,1
Activité E&P,AST,OURHOUD,OF,Equipment-6912,EQ-06912,fugitive,,235.52,,2023,6
Activité E&P,AST,GB,OF,Equipment-6913,EQ-06913,venting,,2105.87,,2023,12
Activité E&P,DP,INAS,GF,Equipment-6914,EQ-06914,combustion,Diesel,73.78,gal,2025,5
Activité E&P,DP,ADR,OF,Equipment-6915,EQ-06915,drilling,,1330.6,,2023,6
Activité LQS,LSH,GL1Z,GNL,Equipment-6916,EQ-06916,fugitive,,2172.77,,2024,1
Activité RPC,RAF,RA1A,Raffinerie,Equipment-6917,EQ-06917,combustion,Diesel,354.03,gal,2025,12
Activité LQS,LSH,GP1Z,GPL,Equipment-6918,EQ-06918,venting,,5610.03,,2023,9
Activité E&P,AST,REGGANE,GF,Equipment-6919,EQ-06919,combustion,Natural Gas,9041.77,scf,2022,6
Activité E&P,AST,GTG,GF,Equipment-6920,EQ-06920,flaring,Propane,37.02,gal,2024,6
Activité LQS,LSH,GL1K,GNL,Equipment-6921,EQ-06921,venting,,3282.6,,2024,5
Activité LQS,LSH,GP1Z,GPL,Equipment-6922,EQ-06922,flaring,Diesel,62.64,gal,2022,7
Activité E&P,DP,HRM,GF,Equipment-6923,EQ-06923,combustion,,7573.21,,2022,12
Activité E&P,AST,SH-FCP MLE,GF,Equipment-6924,EQ-06924,flaring,Fuel Gas,6740.74,gal,2025,2
Activité E&P,AST,BMS,OF,Equipment-6925,EQ-06925,fugitive,,685.98,,2023,4
Activité E&P,AST,GTIM,GF,Equipment-6926,EQ-06926,combustion,Fuel Gas,196.45,gal,2023,9
Activité E&P,DP,HMD,OF,Equipment-6927,EQ-06927,venting,,6887.7,,2024,10
Activité E&P,AST,GTG,GF,Equipment-6928,EQ-06928,fugitive,,8001.46,,2024,9
Activité LQS,LSH,GL2Z,GNL,Equipment-6929,EQ-06929,drilling,,7471.35,,2023,3
Activité E&P,AST,HBR,OF,Equipment-6930,EQ-06930,combustion,Fuel Gas,4617.33,gal,2023,1
Activité LQS,LSH,GP1Z,GPL,Equipment-6931,EQ-06931,drilling,,8305.56,,2025,9
Activité E&P,AST,MLN,OF,Equipment-6932,EQ-06932,flaring,Propane,2295.69,gal,2022,1
Activité E&P,AST,HBR,OF,Equipment-6933,EQ-06933,flaring,Fuel Gas,8868.82,gal,2023,9
Activité LQS,LSH,GL2Z,GNL,Equipment-6934,EQ-06934,venting,,7987.69,,2023,2
Activité E&P,DP,HRM,GF,Equipment-6935,EQ-06935,fugitive,,6701.76,,2024,1
Activité E&P,AST,BRS,OF,Equipment-6936,EQ-06936,fugitive,,1723.97,,2023,3
Activité E&P,AST,OURHOUD,OF,Equipment-6937,EQ-06937,venting,,5073.97,,2022,10
Activité E&P,DP,STAH,OF,Equipment-6938,EQ-06938,drilling,,1913.51,,2023,4
Activité E&P,AST,GTIM,GF,Equipment-6939,EQ-06939,fugitive,,2482.32,,2025,7
Activité E&P,AST,MLN,OF,Equipment-6940,EQ-06940,flaring,Natural Gas,6617.3,scf,2022,12
Activité E&P,AST,GTG,GF,Equipment-6941,EQ-06941,combustion,Propane,2928.55,gal,2023,10
Activité E&P,AST,GB,OF,Equipment-6942,EQ-06942,drilling,,3971.69,,2022,9
Activité LQS,LSH,GL2Z,GNL,Equipment-6943,EQ-06943,fugitive,,4341.18,,2024,3
Activité E&P,AST,HBR,OF,Equipment-6944,EQ-06944,drilling,,1742.26,,2024,5
Activité E&P,DP,HBK,GF,Equipment-6945,EQ-06945,drilling,,5562.57,,2024,10
Activité E&P,DP,INAS,GF,Equipment-6946,EQ-06946,combustion,,5681.7,,2022,9
Activité E&P,AST,MLN,OF,Equipment-6947,EQ-06947,fugitive,,9036.26,,2023,12
Activité E&P,DP,ADR,OF,Equipment-6948,EQ-06948,flaring,,8563.44,,2025,5
Activité LQS,LSH,GP2Z,GPL,Equipment-6949,EQ-06949,drilling,,5511.44,,2025,9
Activité RPC,RAF,RA1K,Raffinerie,Equipment-6950,EQ-06950,combustion,Diesel,453.9,gal,2023,9
Activité E&P,AST,GTFT,GF,Equipment-6951,EQ-06951,venting,,2098.65,,2025,2
Activité RPC,PEC,CP1Z,Pétrochimie,Equipment-6952,EQ-06952,fugitive,,8966.1,,2022,8
Activité E&P,AST,GTG,GF,Equipment-6953,EQ-06953,flaring,Fuel Gas,1108.44,gal,2022,12
Activité E&P,AST,INA,GF,Equipment-6954,EQ-06954,fugitive,,8371.0,,2023,6
Activité E&P,AST,GTFT,GF,Equipment-6955,EQ-06955,combustion,,5517.23,,2023,10
Activité E&P,AST,GTG,GF,Equipment-6956,EQ-06956,drilling,,7869.16,,2022,1
Activité E&P,DP,STAH,OF,Equipment-6957,EQ-06957,drilling,,7504.87,,2022,10
Activité E&P,AST,BMS,OF,Equipment-6958,EQ-06958,drilling,,383.21,,2024,6
Activité LQS,LSH,GL1K,GNL,Equipment-6959,EQ-06959,fugitive,,8813.08,,2024,6
Activité LQS,LSH,GL2Z,GNL,Equipment-6960,EQ-06960,flaring,Diesel,5845.86,gal,2025,8
Activité E&P,DP,STAH,OF,Equipment-6961,EQ-06961,flaring,Natural Gas,7489.54,scf,2025,9
Activité E&P,AST,RKF,OF,Equipment-6962,EQ-06962,venting,,3820.97,,2022,3
Activité E&P,DP,REB,OF,Equipment-6963,EQ-06963,flaring,Propane,2421.13,gal,2023,1
Activité RPC,PEC,CPEK,Pétrochimie,Equipment-6964,EQ-06964,combustion,Diesel,1594.67,gal,2023,9
Activité E&P,AST,BRS,OF,Equipment-6965,EQ-06965,combustion,Fuel Gas,7516.37,gal,2024,11
Activité E&P,DP,HRM,GF,Equipment-6966,EQ-06966,combustion,Fuel Gas,4808.41,gal,2024,7
Activité E&P,AST,GSS,OF,Equipment-6967,EQ-06967,flaring,Fuel Gas,983.8,gal,2025,10
Activité LQS,LSH,GL1Z,GNL,Equipment-6968,EQ-06968,drilling,,3946.82,,2024,12
Activité E&P,AST,SH-FCP MLE,GF,Equipment-6969,EQ-06969,fugitive,,1673.2,,2022,8
Activité E&P,AST,REGGANE,GF,Equipment-6970,EQ-06970,venting,,3556.31,,2022,12
Activité E&P,AST,GSS,OF,Equipment-6971,EQ-06971,drilling,,8550.35,,2025,1
Activité E&P,AST,BRS,OF,Equipment-6972,EQ-06972,venting,,8249.56,,2023,11
Activité E&P,AST,SH-FCP MLE,GF,Equipment-6973,EQ-06973,flaring,Propane,572.43,gal,2022,4
Activité E&P,AST,GTIM,GF,Equipment-6974,EQ-06974,flaring,Fuel Gas,495.89,gal,2022,11
Activité E&P,DP,HMD,OF,Equipment-6975,EQ-06975,fugitive,,2425.54,,2025,8
Activité E&P,AST,INA,GF,Equipment-6976,EQ-06976,venting,,2022.51,,2024,4
Activité E&P,DP,RNS,GF,Equipment-6977,EQ-06977,drilling,,5551.34,,2025,3
Activité E&P,AST,GTG,GF,Equipment-6978,EQ-06978,venting,,881.23,,2025,1
Activité RPC,RAF,RA1Z,Raffinerie,Equipment-6979,EQ-06979,flaring,Fuel Gas,1830.08,gal,2023,11
Activité E&P,DP,HBK,GF,Equipment-6980,EQ-06980,combustion,Diesel,6945.57,gal,2022,4
Activité E&P,AST,SH-FCP MLE,GF,Equipment-6981,EQ-06981,drilling,,3473.23,,2024,6
Activité E&P,DP,HBK,GF,Equipment-6982,EQ-06982,combustion,Diesel,9552.08,gal,2022,2
Activité LQS,LSH,GL3Z,GNL,Equipment-6983,EQ-06983,fugitive,,1715.39,,2023,11
Activité E&P,AST,RKF,OF,Equipment-6984,EQ-06984,combustion,Fuel Gas,2165.5,gal,2022,12
Activité E&P,AST,SH-FCP MLE,GF,Equipment-6985,EQ-06985,drilling,,1191.25,,2025,12
Activité RPC,RAF,RA1K,Raffinerie,Equipment-6986,EQ-06986,drilling,,3706.92,,2023,6
Activité E&P,AST,GTFT,GF,Equipment-6987,EQ-06987,venting,,7389.2,,2025,5
Activité LQS,LSH,GL1Z,GNL,Equipment-6988,EQ-06988,flaring,,6121.19,,2024,1
Activité E&P,DP,INAS,GF,Equipment-6989,EQ-06989,flaring,Natural Gas,594.86,scf,2025,7
Activité E&P,DP,HBK,GF,Equipment-6990,EQ-06990,combustion,Natural Gas,1701.14,scf,2025,3
Activité RPC,RAF,RA1K,Raffinerie,Equipment-6991,EQ-06991,flaring,Fuel Gas,5576.8,gal,2022,11
Activité E&P,AST,G SH-ENI,OF,Equipment-6992,EQ-06992,flaring,Propane,9807.2,gal,2025,9
Activité E&P,AST,ISG,GF,Equipment-6993,EQ-06993,drilling,,4480.13,,2024,9
Activité RPC,RAF,RA1A,Raffinerie,Equipment-6994,EQ-06994,combustion,Natural Gas,5206.82,scf,2022,7
Activité E&P,DP,GTL,GF,Equipment-6995,EQ-06995,fugitive,,9009.63,,2025,12
Activité LQS,LSH,GP2Z,GPL,Equipment-6996,EQ-06996,venting,,7391.09,,2024,8
Activité RPC,PEC,CPEK,Pétrochimie,Equipment-6997,EQ-06997,fugitive,,4043.8,,2024,5
Activité E&P,AST,BMS,OF,Equipment-6998,EQ-06998,venting,,4000.69,,2025,9
Activité E&P,DP,HBK,GF,Equipment-6999,EQ-06999,venting,,8631.01,,2022,1
Activité E&P,AST,G SH-ENI,OF,Equipment-7000,EQ-07000,combustion,,5430.22,,2022,12
Activité E&P,DP,HRM,GF,Equipment-7001,EQ-07001,drilling,,5163.54,,2024,7
Activité E&P,AST,ISG,GF,Equipment-7002,EQ-07002,venting,,6058.88,,2025,4
Activité E&P,DP,HMD,OF,Equipment-7003,EQ-07003,venting,,2811.37,,2023,1
Activité E&P,AST,BMS,OF,Equipment-7004,EQ-07004,combustion,,6888.62,,2023,6
Activité E&P,DP,REB,OF,Equipment-7005,EQ-07005,combustion,Natural Gas,7459.56,scf,2022,5
Activité E&P,AST,G SH-ENI,OF,Equipment-7006,EQ-07006,flaring,,3736.84,,2022,9
Activité E&P,DP,HBK,GF,Equipment-7007,EQ-07007,flaring,Natural Gas,3855.32,scf,2024,5
Activité LQS,LSH,GL1K,GNL,Equipment-7008,EQ-07008,combustion,Propane,2694.58,gal,2024,8
Activité E&P,AST,HBR,OF,Equipment-7009,EQ-07009,venting,,7821.22,,2023,7
Activité E&P,DP,OHT,GF,Equipment-7010,EQ-07010,fugitive,,8386.81,,2025,8
Activité E&P,AST,HBR,OF,Equipment-7011,EQ-07011,venting,,5342.72,,2023,10
Activité E&P,AST,REGGANE,GF,Equipment-7012,EQ-07012,venting,,5768.93,,2022,3
Activité E&P,AST,GTIM,GF,Equipment-7013,EQ-07013,flaring,Fuel Gas,7167.0,gal,2023,7
Activité E&P,DP,STAH,OF,Equipment-7014,EQ-07014,fugitive,,9311.41,,2025,10
Activité E&P,AST,BRS,OF,Equipment-7015,EQ-07015,drilling,,6141.01,,2024,12
Activité LQS,LSH,GL2Z,GNL,Equipment-7016,EQ-07016,flaring,Fuel Gas,6979.18,gal,2023,7
Activité E&P,AST,GSS,OF,Equipment-7017,EQ-07017,combustion,,2671.83,,2024,5
Activité E&P,AST,REGGANE,GF,Equipment-7018,EQ-07018,drilling,,8282.87,,2023,9
Activité LQS,LSH,GL3Z,GNL,Equipment-7019,EQ-07019,flaring,Diesel,399.18,gal,2025,12
Activité E&P,AST,REGGANE,GF,Equipment-7020,EQ-07020,combustion,,9020.26,,2022,8
Activité E&P,DP,OHT,GF,Equipment-7021,EQ-07021,combustion,Diesel,839.77,gal,2024,4
Activité LQS,LSH,GL1K,GNL,Equipment-7022,EQ-07022,fugitive,,5481.2,,2025,6
Activité RPC,RAF,RA1K,Raffinerie,Equipment-7023,EQ-07023,venting,,2434.25,,2022,8
Activité E&P,AST,G SH-ENI,OF,Equipment-7024,EQ-07024,fugitive,,4226.44,,2025,1
Activité LQS,LSH,GL1K,GNL,Equipment-7025,EQ-07025,fugitive,,2514.57,,2022,5
Activité E&P,AST,SH-FCP MLE,GF,Equipment-7026,EQ-07026,fugitive,,9910.14,,2023,7
Activité RPC,PEC,CPEK,Pétrochimie,Equipment-7027,EQ-07027,drilling,,9015.7,,2023,3
Activité E&P,AST,INA,GF,Equipment-7028,EQ-07028,combustion,,6387.35,,2025,9
Activité E&P,AST,RKF,OF,Equipment-7029,EQ-07029,fugitive,,3595.27,,2024,2
Activité E&P,AST,SH-FCP MLE,GF,Equipment-7030,EQ-07030,drilling,,2140.19,,2025,5
Activité RPC,RAF,RA1A,Raffinerie,Equipment-7031,EQ-07031,venting,,8089.59,,2025,1
Activité E&P,DP,OHT,GF,Equipment-7032,EQ-07032,drilling,,9354.28,,2024,1
Activité E&P,AST,MLN,OF,Equipment-7033,EQ-07033,drilling,,6647.8,,2023,2
Activité LQS,LSH,GP1Z,GPL,Equipment-7034,EQ-07034,drilling,,9514.59,,2024,3
Activité LQS,LSH,GP1Z,GPL,Equipment-7035,EQ-07035,flaring,Fuel Gas,5907.4,gal,2022,10
Activité E&P,AST,BRS,OF,Equipment-7036,EQ-07036,combustion,Diesel,5523.06,gal,2025,5
Activité E&P,AST,BRS,OF,Equipment-7037,EQ-07037,fugitive,,7048.0,,2023,2
Activité RPC,RAF,RA1A,Raffinerie,Equipment-7038,EQ-07038,flaring,Propane,6033.77,gal,2024,12
Activité E&P,DP,HRM,GF,Equipment-7039,EQ-07039,fugitive,,2665.14,,2025,8
Activité RPC,RAF,RA1Z,Raffinerie,Equipment-7040,EQ-07040,flaring,,6129.81,,2025,1
Activité LQS,LSH,GL3Z,GNL,Equipment-7041,EQ-07041,flaring,Fuel Gas,7829.55,gal,2025,4
Activité E&P,AST,OURHOUD,OF,Equipment-7042,EQ-07042,flaring,Fuel Gas,8185.17,gal,2023,4
Activité E&P,DP,REB,OF,Equipment-7043,EQ-07043,flaring,Diesel,3389.87,gal,2024,11
Activité RPC,RAF,RA1Z,Raffinerie,Equipment-7044,EQ-07044,combustion,Propane,2023.89,gal,2024,7
Activité RPC,PEC,CPEK,Pétrochimie,Equipment-7045,EQ-07045,combustion,Natural Gas,9974.92,scf,2024,3
Activité E&P,AST,GTIM,GF,Equipment-7046,EQ-07046,fugitive,,3630.5,,2025,4
Activité RPC,RAF,RA1K,Raffinerie,Equipment-7047,EQ-07047,drilling,,6064.09,,2022,4
Activité LQS,LSH,GP1Z,GPL,Equipment-7048,EQ-07048,venting,,9281.23,,2022,6
Activité E&P,AST,GB,OF,Equipment-7049,EQ-07049,fugitive,,7790.89,,2023,1
Activité E&P,DP,GTL,GF,Equipment-7050,EQ-07050,fugitive,,5089.94,,2023,1
Activité E&P,AST,RKF,OF,Equipment-7051,EQ-07051,fugitive,,8152.05,,2024,12
Activité LQS,LSH,GL1K,GNL,Equipment-7052,EQ-07052,flaring,,765.67,,2022,6
Activité E&P,DP,HRM,GF,Equipment-7053,EQ-07053,drilling,,7902.77,,2024,6
Activité E&P,DP,INAS,GF,Equipment-7054,EQ-07054,drilling,,6133.47,,2023,9
Activité E&P,AST,MLN,OF,Equipment-7055,EQ-07055,venting,,6023.61,,2022,6
Activité E&P,DP,RNS,GF,Equipment-7056,EQ-07056,combustion,Propane,6024.61,gal,2023,9
Activité RPC,RAF,RA1K,Raffinerie,Equipment-7057,EQ-07057,fugitive,,4580.25,,2024,5
Activité E&P,DP,TFT,GF,Equipment-7058,EQ-07058,combustion,Natural Gas,4396.95,scf,2025,6
Activité E&P,AST,GTIM,GF,Equipment-7059,EQ-07059,fugitive,,6118.06,,2023,12
Activité LQS,LSH,GL1Z,GNL,Equipment-7060,EQ-07060,fugitive,,2516.61,,2024,9
Activité E&P,DP,TFT,GF,Equipment-7061,EQ-07061,fugitive,,6369.2,,2022,11
Activité E&P,AST,RKF,OF,Equipment-7062,EQ-07062,drilling,,6938.22,,2022,7
Activité E&P,DP,HMD,OF,Equipment-7063,EQ-07063,drilling,,3403.86,,2022,7
Activité E&P,DP,ADR,OF,Equipment-7064,EQ-07064,combustion,,4610.15,,2025,2
Activité RPC,PEC,CP1Z,Pétrochimie,Equipment-7065,EQ-07065,venting,,9401.69,,2025,9
Activité E&P,AST,SH-FCP MLE,GF,Equipment-7066,EQ-07066,flaring,Fuel Gas,4717.45,gal,2024,4
Activité E&P,AST,G SH-ENI,OF,Equipment-7067,EQ-07067,fugitive,,6451.63,,2023,9
Activité E&P,AST,REGGANE,GF,Equipment-7068,EQ-07068,combustion,Diesel,4580.53,gal,2023,10
Activité E&P,DP,STAH,OF,Equipment-7069,EQ-07069,flaring,Natural Gas,2553.67,scf,2024,3
Activité E&P,AST,RKF,OF,Equipment-7070,EQ-07070,drilling,,5475.45,,2024,5
Activité LQS,LSH,GL1Z,GNL,Equipment-7071,EQ-07071,fugitive,,5002.54,,2025,9
Activité E&P,AST,BRS,OF,Equipment-7072,EQ-07072,fugitive,,6786.06,,2023,11
Activité E&P,DP,INAS,GF,Equipment-7073,EQ-07073,combustion,Fuel Gas,4351.56,gal,2022,9
Activité E&P,AST,BMS,OF,Equipment-7074,EQ-07074,drilling,,6660.15,,2024,3
Activité E&P,AST,MLN,OF,Equipment-7075,EQ-07075,combustion,Diesel,5520.89,gal,2024,3
Activité LQS,LSH,GL2Z,GNL,Equipment-7076,EQ-07076,venting,,3658.73,,2022,10
Activité LQS,LSH,GL1Z,GNL,Equipment-7077,EQ-07077,fugitive,,2665.26,,2022,12
Activité E&P,DP,STAH,OF,Equipment-7078,EQ-07078,drilling,,5050.15,,2024,6
Activité RPC,RAF,RA1K,Raffinerie,Equipment-7079,EQ-07079,venting,,4734.03,,2024,5
Activité RPC,PEC,CPEK,Pétrochimie,Equipment-7080,EQ-07080,drilling,,132.72,,2025,5
Activité RPC,PEC,CP1Z,Pétrochimie,Equipment-7081,EQ-07081,flaring,Diesel,1190.86,gal,2025,2
Activité E&P,AST,INA,GF,Equipment-7082,EQ-07082,flaring,Diesel,2080.65,gal,2025,6
Activité E&P,AST,BRS,OF,Equipment-7083,EQ-07083,venting,,1125.2,,2023,10
Activité E&P,AST,SH-FCP MLE,GF,Equipment-7084,EQ-07084,venting,,7806.08,,2023,6
Activité E&P,AST,REGGANE,GF,Equipment-7085,EQ-07085,flaring,Fuel Gas,2013.03,gal,2025,2
Activité LQS,LSH,GP1Z,GPL,Equipment-7086,EQ-07086,drilling,,1462.02,,2022,1
Activité E&P,AST,HBR,OF,Equipment-7087,EQ-07087,combustion,Fuel Gas,819.9,gal,2022,12
Activité LQS,LSH,GP1Z,GPL,Equipment-7088,EQ-07088,venting,,7006.7,,2023,5
Activité E&P,DP,RNS,GF,Equipment-7089,EQ-07089,flaring,Natural Gas,5022.87,scf,2023,4
Activité E&P,DP,INAS,GF,Equipment-7090,EQ-07090,fugitive,,2065.0,,2025,6
Activité RPC,RAF,RA1K,Raffinerie,Equipment-7091,EQ-07091,fugitive,,4962.42,,2022,6
Activité RPC,PEC,CP1Z,Pétrochimie,Equipment-7092,EQ-07092,fugitive,,3386.37,,2024,12
Activité E&P,DP,HMD,OF,Equipment-7093,EQ-07093,drilling,,5660.78,,2024,6
Activité E&P,AST,ISG,GF,Equipment-7094,EQ-07094,flaring,Propane,3464.04,gal,2022,12
Activité E&P,AST,GTIM,GF,Equipment-7095,EQ-07095,fugitive,,8556.68,,2025,10
Activité RPC,PEC,CP1Z,Pétrochimie,Equipment-7096,EQ-07096,flaring,Fuel Gas,2481.1,gal,2023,1
Activité RPC,PEC,CPEK,Pétrochimie,Equipment-7097,EQ-07097,venting,,8057.9,,2022,2
Activité E&P,DP,INAS,GF,Equipment-7098,EQ-07098,drilling,,9112.91,,2025,6
Activité E&P,AST,REGGANE,GF,Equipment-7099,EQ-07099,flaring,Diesel,1129.83,gal,2023,5
Activité E&P,AST,GSS,OF,Equipment-7100,EQ-07100,venting,,9821.54,,2025,11
Activité E&P,AST,GB,OF,Equipment-7101,EQ-07101,combustion,Fuel Gas,419.61,gal,2024,4
Activité RPC,PEC,CPEK,Pétrochimie,Equipment-7102,EQ-07102,flaring,,2187.31,,2024,9
Activité E&P,AST,HBR,OF,Equipment-7103,EQ-07103,combustion,Diesel,9277.75,gal,2025,5
Activité E&P,AST,RKF,OF,Equipment-7104,EQ-07104,fugitive,,1990.18,,2024,3
Activité E&P,AST,SH-FCP MLE,GF,Equipment-7105,EQ-07105,drilling,,9494.39,,2024,5
Activité E&P,AST,INA,GF,Equipment-7106,EQ-07106,combustion,,7405.73,,2025,5
Activité E&P,DP,STAH,OF,Equipment-7107,EQ-07107,venting,,2925.14,,2025,6
Activité E&P,AST,INA,GF,Equipment-7108,EQ-07108,flaring,Diesel,2533.61,gal,2025,9
Activité E&P,DP,STAH,OF,Equipment-7109,EQ-07109,flaring,Propane,2994.66,gal,2025,6
Activité RPC,RAF,RA1K,Raffinerie,Equipment-7110,EQ-07110,flaring,Natural Gas,6205.84,scf,2023,6
Activité E&P,AST,OURHOUD,OF,Equipment-7111,EQ-07111,combustion,Natural Gas,7847.94,scf,2022,6
Activité E&P,DP,REB,OF,Equipment-7112,EQ-07112,combustion,Fuel Gas,3450.74,gal,2022,9
Activité RPC,RAF,RA1K,Raffinerie,Equipment-7113,EQ-07113,fugitive,,6848.47,,2023,1
Activité LQS,LSH,GL3Z,GNL,Equipment-7114,EQ-07114,flaring,Fuel Gas,8387.68,gal,2022,6
Activité E&P,AST,BMS,OF,Equipment-7115,EQ-07115,drilling,,552.56,,2023,4
Activité LQS,LSH,GL2Z,GNL,Equipment-7116,EQ-07116,fugitive,,4022.5,,2022,5
Activité RPC,PEC,CPEK,Pétrochimie,Equipment-7117,EQ-07117,flaring,Diesel,1690.47,gal,2022,7
Activité E&P,AST,RKF,OF,Equipment-7118,EQ-07118,drilling,,1018.89,,2024,12
Activité E&P,DP,TFT,GF,Equipment-7119,EQ-07119,drilling,,8912.63,,2023,12
Activité E&P,DP,HRM,GF,Equipment-7120,EQ-07120,combustion,Diesel,6542.38,gal,2022,4
Activité E&P,DP,STAH,OF,Equipment-7121,EQ-07121,flaring,Fuel Gas,9624.28,gal,2025,5
Activité RPC,RAF,RA1K,Raffinerie,Equipment-7122,EQ-07122,combustion,Fuel Gas,718.13,gal,2022,10
Activité E&P,AST,BRS,OF,Equipment-7123,EQ-07123,flaring,Propane,1059.15,gal,2024,5
Activité LQS,LSH,GL1K,GNL,Equipment-7124,EQ-07124,fugitive,,3456.39,,2022,8
Activité LQS,LSH,GL3Z,GNL,Equipment-7125,EQ-07125,combustion,Diesel,6924.23,gal,2025,7
Activité E&P,DP,HRM,GF,Equipment-7126,EQ-07126,drilling,,6817.88,,2024,4
Activité RPC,PEC,CP1Z,Pétrochimie,Equipment-7127,EQ-07127,flaring,Diesel,9949.68,gal,2025,2
Activité E&P,AST,INA,GF,Equipment-7128,EQ-07128,fugitive,,8525.98,,2022,8
Activité E&P,AST,GTFT,GF,Equipment-7129,EQ-07129,fugitive,,1032.19,,2022,10
Activité E&P,DP,INAS,GF,Equipment-7130,EQ-07130,fugitive,,6735.21,,2025,3
Activité LQS,LSH,GP2Z,GPL,Equipment-7131,EQ-07131,venting,,3723.89,,2025,8
Activité E&P,AST,GTFT,GF,Equipment-7132,EQ-07132,flaring,Propane,2907.11,gal,2024,4
Activité E&P,DP,INAS,GF,Equipment-7133,EQ-07133,flaring,Diesel,2952.76,gal,2024,11
Activité E&P,DP,OHT,GF,Equipment-7134,EQ-07134,venting,,5284.37,,2022,11
Activité E&P,AST,ISG,GF,Equipment-7135,EQ-07135,drilling,,2769.86,,2024,1
Activité LQS,LSH,GL2Z,GNL,Equipment-7136,EQ-07136,combustion,,2066.38,,2022,1
Activité E&P,AST,REGGANE,GF,Equipment-7137,EQ-07137,fugitive,,7524.44,,2022,12
Activité E&P,AST,BRS,OF,Equipment-7138,EQ-07138,combustion,,7661.99,,2024,2
Activité E&P,AST,SH-FCP MLE,GF,Equipment-7139,EQ-07139,drilling,,4628.82,,2023,10
Activité RPC,RAF,RA1A,Raffinerie,Equipment-7140,EQ-07140,drilling,,4954.91,,2023,1
Activité E&P,AST,INA,GF,Equipment-7141,EQ-07141,flaring,Diesel,3632.98,gal,2022,11
Activité E&P,DP,STAH,OF,Equipment-7142,EQ-07142,venting,,6618.96,,2023,12
Activité E&P,AST,RKF,OF,Equipment-7143,EQ-07143,combustion,Fuel Gas,4731.19,gal,2022,8
Activité RPC,RAF,RA1Z,Raffinerie,Equipment-7144,EQ-07144,flaring,Natural Gas,1194.3,scf,2024,4
Activité E&P,DP,HBK,GF,Equipment-7145,EQ-07145,flaring,,8276.95,,2025,11
Activité E&P,DP,RNS,GF,Equipment-7146,EQ-07146,drilling,,3069.26,,2024,9
Activité E&P,DP,HMD,OF,Equipment-7147,EQ-07147,fugitive,,9152.13,,2024,3
Activité E&P,AST,MLN,OF,Equipment-7148,EQ-07148,venting,,6166.04,,2022,8
Activité E&P,DP,HMD,OF,Equipment-7149,EQ-07149,venting,,6888.38,,2024,5
Activité E&P,AST,GTFT,GF,Equipment-7150,EQ-07150,combustion,Propane,3508.99,gal,2022,5
Activité LQS,LSH,GP2Z,GPL,Equipment-7151,EQ-07151,combustion,,9965.99,,2025,3
Activité E&P,AST,OURHOUD,OF,Equipment-7152,EQ-07152,combustion,Diesel,7167.07,gal,2022,8
Activité E&P,DP,REB,OF,Equipment-7153,EQ-07153,venting,,3089.57,,2023,6
Activité E&P,DP,OHT,GF,Equipment-7154,EQ-07154,venting,,3244.95,,2024,10
Activité E&P,DP,HMD,OF,Equipment-7155,EQ-07155,combustion,,4587.77,,2023,11
Activité E&P,AST,OURHOUD,OF,Equipment-7156,EQ-07156,fugitive,,9881.27,,2024,4
Activité E&P,AST,BMS,OF,Equipment-7157,EQ-07157,combustion,,5347.34,,2024,6
Activité E&P,AST,ISG,GF,Equipment-7158,EQ-07158,fugitive,,5316.36,,2024,6
Activité RPC,PEC,CPEK,Pétrochimie,Equipment-7159,EQ-07159,drilling,,9184.52,,2022,5
Activité E&P,DP,HRM,GF,Equipment-7160,EQ-07160,flaring,Natural Gas,994.85,scf,2023,4
Activité RPC,RAF,RA1G,Raffinerie,Equipment-7161,EQ-07161,combustion,Natural Gas,1005.66,scf,2025,8
Activité E&P,AST,INA,GF,Equipment-7162,EQ-07162,drilling,,1836.15,,2024,2
Activité E&P,AST,MLN,OF,Equipment-7163,EQ-07163,flaring,,3363.74,,2025,11
Activité E&P,AST,G SH-ENI,OF,Equipment-7164,EQ-07164,flaring,Natural Gas,3566.44,scf,2024,9
Activité E&P,AST,GTG,GF,Equipment-7165,EQ-07165,drilling,,5775.55,,2024,9
Activité LQS,LSH,GL1Z,GNL,Equipment-7166,EQ-07166,fugitive,,8565.38,,2024,6
Activité E&P,AST,MLN,OF,Equipment-7167,EQ-07167,flaring,,9654.59,,2025,11
Activité E&P,DP,ADR,OF,Equipment-7168,EQ-07168,drilling,,508.67,,2025,1
Activité E&P,DP,HRM,GF,Equipment-7169,EQ-07169,fugitive,,5112.87,,2024,1
Activité E&P,AST,ISG,GF,Equipment-7170,EQ-07170,venting,,2828.05,,2023,8
Activité E&P,AST,REGGANE,GF,Equipment-7171,EQ-07171,venting,,9688.86,,2025,3
Activité E&P,AST,REGGANE,GF,Equipment-7172,EQ-07172,venting,,3131.65,,2025,3
Activité LQS,LSH,GP1Z,GPL,Equipment-7173,EQ-07173,venting,,8609.36,,2023,4
Activité RPC,RAF,RA1Z,Raffinerie,Equipment-7174,EQ-07174,combustion,Diesel,3748.29,gal,2024,6
Activité E&P,AST,RKF,OF,Equipment-7175,EQ-07175,combustion,Propane,9045.54,gal,2022,9
Activité LQS,LSH,GL3Z,GNL,Equipment-7176,EQ-07176,drilling,,2422.15,,2022,7
Activité E&P,DP,ADR,OF,Equipment-7177,EQ-07177,flaring,Propane,6779.97,gal,2025,1
Activité E&P,DP,HMD,OF,Equipment-7178,EQ-07178,fugitive,,4005.39,,2024,5
Activité E&P,AST,MLN,OF,Equipment-7179,EQ-07179,drilling,,7569.59,,2024,8
Activité RPC,PEC,CP1Z,Pétrochimie,Equipment-7180,EQ-07180,flaring,Propane,3512.9,gal,2024,7
Activité LQS,LSH,GP1Z,GPL,Equipment-7181,EQ-07181,flaring,Fuel Gas,1557.12,gal,2023,9
Activité LQS,LSH,GL2Z,GNL,Equipment-7182,EQ-07182,combustion,Propane,1277.13,gal,2024,7
Activité E&P,AST,INA,GF,Equipment-7183,EQ-07183,flaring,Fuel Gas,5842.77,gal,2022,1
Activité LQS,LSH,GL2Z,GNL,Equipment-7184,EQ-07184,fugitive,,7192.68,,2024,11
Activité RPC,RAF,RA1G,Raffinerie,Equipment-7185,EQ-07185,drilling,,2625.42,,2024,6
Activité E&P,DP,STAH,OF,Equipment-7186,EQ-07186,venting,,6104.36,,2025,6
Activité E&P,AST,REGGANE,GF,Equipment-7187,EQ-07187,venting,,1146.03,,2024,11
Activité E&P,AST,GSS,OF,Equipment-7188,EQ-07188,flaring,Propane,3553.23,gal,2022,6
Activité RPC,RAF,RA1K,Raffinerie,Equipment-7189,EQ-07189,combustion,Diesel,1248.43,gal,2022,12
Activité E&P,DP,INAS,GF,Equipment-7190,EQ-07190,combustion,,7401.24,,2025,4
Activité E&P,AST,GSS,OF,Equipment-7191,EQ-07191,combustion,Propane,884.3,gal,2025,8
Activité LQS,LSH,GP1Z,GPL,Equipment-7192,EQ-07192,combustion,Fuel Gas,5886.81,gal,2023,11
Activité E&P,DP,GTL,GF,Equipment-7193,EQ-07193,venting,,2547.1,,2023,8
Activité E&P,DP,HRM,GF,Equipment-7194,EQ-07194,fugitive,,3650.76,,2022,3
Activité E&P,AST,REGGANE,GF,Equipment-7195,EQ-07195,fugitive,,9132.17,,2025,11
Activité E&P,DP,GTL,GF,Equipment-7196,EQ-07196,drilling,,4662.11,,2022,1
Activité E&P,DP,GTL,GF,Equipment-7197,EQ-07197,venting,,4070.46,,2024,3
Activité E&P,DP,HBK,GF,Equipment-7198,EQ-07198,venting,,9522.91,,2025,2
Activité RPC,RAF,RA1Z,Raffinerie,Equipment-7199,EQ-07199,flaring,Diesel,2115.01,gal,2025,4
Activité RPC,RAF,RA1G,Raffinerie,Equipment-7200,EQ-07200,combustion,Propane,954.93,gal,2023,3
Activité E&P,AST,HBR,OF,Equipment-7201,EQ-07201,flaring,Diesel,9979.36,gal,2024,1
Activité LQS,LSH,GP2Z,GPL,Equipment-7202,EQ-07202,flaring,Fuel Gas,2235.26,gal,2024,10
Activité E&P,AST,GSS,OF,Equipment-7203,EQ-07203,combustion,Diesel,6264.19,gal,2025,3
Activité E&P,AST,GSS,OF,Equipment-7204,EQ-07204,combustion,Diesel,9489.5,gal,2025,11
Activité E&P,AST,SH-FCP MLE,GF,Equipment-7205,EQ-07205,fugitive,,3782.74,,2022,6
Activité LQS,LSH,GL2Z,GNL,Equipment-7206,EQ-07206,combustion,Natural Gas,7271.26,scf,2023,7
Activité E&P,DP,HBK,GF,Equipment-7207,EQ-07207,flaring,Fuel Gas,1237.01,gal,2025,11
Activité RPC,RAF,RA1Z,Raffinerie,Equipment-7208,EQ-07208,venting,,9673.01,,2022,12
Activité E&P,AST,GTFT,GF,Equipment-7209,EQ-07209,drilling,,8943.29,,2023,2
Activité E&P,AST,GB,OF,Equipment-7210,EQ-07210,drilling,,6436.84,,2024,6
Activité E&P,AST,BMS,OF,Equipment-7211,EQ-07211,fugitive,,6774.37,,2023,6
Activité LQS,LSH,GP2Z,GPL,Equipment-7212,EQ-07212,drilling,,4733.98,,2023,11
Activité E&P,DP,HRM,GF,Equipment-7213,EQ-07213,flaring,Fuel Gas,4771.44,gal,2023,4
Activité LQS,LSH,GP1Z,GPL,Equipment-7214,EQ-07214,fugitive,,8085.12,,2025,4
Activité E&P,DP,HRM,GF,Equipment-7215,EQ-07215,flaring,Propane,9683.56,gal,2024,11
Activité RPC,PEC,CPEK,Pétrochimie,Equipment-7216,EQ-07216,flaring,Diesel,3926.59,gal,2025,1
Activité E&P,AST,MLN,OF,Equipment-7217,EQ-07217,flaring,Natural Gas,477.74,scf,2024,7
Activité RPC,RAF,RA1K,Raffinerie,Equipment-7218,EQ-07218,combustion,Fuel Gas,1376.75,gal,2025,2
Activité E&P,AST,ISG,GF,Equipment-7219,EQ-07219,venting,,6469.05,,2022,1
Activité E&P,AST,GTIM,GF,Equipment-7220,EQ-07220,drilling,,1681.6,,2025,8
Activité E&P,AST,RKF,OF,Equipment-7221,EQ-07221,venting,,1159.31,,2022,1
Activité E&P,DP,REB,OF,Equipment-7222,EQ-07222,combustion,Fuel Gas,5864.97,gal,2024,2
Activité E&P,DP,RNS,GF,Equipment-7223,EQ-07223,fugitive,,365.42,,2024,9
Activité LQS,LSH,GP2Z,GPL,Equipment-7224,EQ-07224,drilling,,8775.86,,2023,7
Activité LQS,LSH,GP2Z,GPL,Equipment-7225,EQ-07225,fugitive,,3639.84,,2025,2
Activité LQS,LSH,GL1Z,GNL,Equipment-7226,EQ-07226,flaring,Fuel Gas,8364.14,gal,2022,10
Activité E&P,AST,ISG,GF,Equipment-7227,EQ-07227,combustion,Natural Gas,9601.84,scf,2024,2
Activité E&P,AST,BRS,OF,Equipment-7228,EQ-07228,combustion,,1585.85,,2025,5
Activité E&P,DP,HMD,OF,Equipment-7229,EQ-07229,drilling,,9858.11,,2022,4
Activité E&P,DP,STAH,OF,Equipment-7230,EQ-07230,combustion,,5708.3,,2025,5
Activité E&P,DP,REB,OF,Equipment-7231,EQ-07231,fugitive,,1752.03,,2023,8
Activité E&P,DP,INAS,GF,Equipment-7232,EQ-07232,venting,,1460.9,,2025,5
Activité LQS,LSH,GL3Z,GNL,Equipment-7233,EQ-07233,drilling,,9244.12,,2023,10
Activité E&P,AST,GB,OF,Equipment-7234,EQ-07234,fugitive,,5886.38,,2022,11
Activité E&P,DP,STAH,OF,Equipment-7235,EQ-07235,fugitive,,8846.33,,2024,8
Activité E&P,DP,RNS,GF,Equipment-7236,EQ-07236,venting,,1201.3,,2025,11
Activité LQS,LSH,GP1Z,GPL,Equipment-7237,EQ-07237,drilling,,3183.36,,2023,5
Activité LQS,LSH,GL3Z,GNL,Equipment-7238,EQ-07238,combustion,,6770.74,,2025,4
Activité E&P,AST,INA,GF,Equipment-7239,EQ-07239,flaring,Propane,2069.1,gal,2022,12
Activité LQS,LSH,GL1Z,GNL,Equipment-7240,EQ-07240,combustion,Propane,4224.04,gal,2025,12
Activité LQS,LSH,GP1Z,GPL,Equipment-7241,EQ-07241,drilling,,8871.34,,2024,11
Activité E&P,AST,OURHOUD,OF,Equipment-7242,EQ-07242,venting,,3444.39,,2022,4
Activité E&P,DP,RNS,GF,Equipment-7243,EQ-07243,fugitive,,9155.6,,2024,8
Activité LQS,LSH,GL1K,GNL,Equipment-7244,EQ-07244,flaring,Diesel,508.89,gal,2023,5
Activité E&P,DP,HRM,GF,Equipment-7245,EQ-07245,venting,,8000.41,,2022,10
Activité E&P,AST,G SH-ENI,OF,Equipment-7246,EQ-07246,combustion,Diesel,4058.64,gal,2023,10
Activité E&P,AST,BRS,OF,Equipment-7247,EQ-07247,combustion,Propane,7973.62,gal,2022,12
Activité E&P,DP,REB,OF,Equipment-7248,EQ-07248,combustion,Fuel Gas,6623.07,gal,2023,3
Activité E&P,AST,INA,GF,Equipment-7249,EQ-07249,combustion,Diesel,890.24,gal,2023,7
Activité E&P,AST,BRS,OF,Equipment-7250,EQ-07250,drilling,,8872.92,,2025,2
Activité LQS,LSH,GL1K,GNL,Equipment-7251,EQ-07251,drilling,,7273.91,,2022,6
Activité E&P,DP,REB,OF,Equipment-7252,EQ-07252,combustion,Propane,1049.5,gal,2025,2
Activité LQS,LSH,GL2Z,GNL,Equipment-7253,EQ-07253,drilling,,1096.92,,2022,12
Activité RPC,RAF,RA1G,Raffinerie,Equipment-7254,EQ-07254,flaring,Propane,9723.96,gal,2022,2
Activité E&P,DP,GTL,GF,Equipment-7255,EQ-07255,fugitive,,392.87,,2023,1
Activité E&P,DP,TFT,GF,Equipment-7256,EQ-07256,drilling,,2929.96,,2024,4
Activité E&P,DP,INAS,GF,Equipment-7257,EQ-07257,fugitive,,9132.04,,2023,8
Activité E&P,AST,BMS,OF,Equipment-7258,EQ-07258,fugitive,,6923.85,,2025,6
Activité E&P,AST,GB,OF,Equipment-7259,EQ-07259,venting,,3541.45,,2025,11
Activité LQS,LSH,GP1Z,GPL,Equipment-7260,EQ-07260,fugitive,,7041.52,,2024,12
Activité E&P,AST,GB,OF,Equipment-7261,EQ-07261,combustion,Natural Gas,8880.44,scf,2023,3
Activité E&P,AST,MLN,OF,Equipment-7262,EQ-07262,fugitive,,3993.77,,2023,7
Activité E&P,DP,STAH,OF,Equipment-7263,EQ-07263,fugitive,,2721.67,,2024,7
Activité RPC,RAF,RA1K,Raffinerie,Equipment-7264,EQ-07264,flaring,Diesel,2333.19,gal,2022,10
Activité RPC,RAF,RA1A,Raffinerie,Equipment-7265,EQ-07265,combustion,Fuel Gas,9681.41,gal,2022,12
Activité E&P,AST,MLN,OF,Equipment-7266,EQ-07266,fugitive,,2664.13,,2023,2
Activité E&P,DP,OHT,GF,Equipment-7267,EQ-07267,fugitive,,7570.81,,2022,12
Activité E&P,AST,BRS,OF,Equipment-7268,EQ-07268,combustion,Diesel,5702.92,gal,2024,8
Activité E&P,AST,INA,GF,Equipment-7269,EQ-07269,fugitive,,9064.91,,2025,2
Activité E&P,AST,REGGANE,GF,Equipment-7270,EQ-07270,combustion,,6545.49,,2023,9
Activité E&P,AST,GSS,OF,Equipment-7271,EQ-07271,combustion,,2571.5,,2022,11
Activité E&P,AST,OURHOUD,OF,Equipment-7272,EQ-07272,flaring,Fuel Gas,6795.11,gal,2022,4
Activité E&P,AST,GB,OF,Equipment-7273,EQ-07273,venting,,3123.81,,2022,1
Activité E&P,DP,OHT,GF,Equipment-7274,EQ-07274,combustion,Propane,356.1,gal,2022,5
Activité E&P,DP,TFT,GF,Equipment-7275,EQ-07275,flaring,Natural Gas,4950.33,scf,2024,10
Activité E&P,DP,HBK,GF,Equipment-7276,EQ-07276,combustion,,7477.69,,2023,3
Activité E&P,AST,HBR,OF,Equipment-7277,EQ-07277,venting,,766.87,,2025,1
Activité E&P,DP,RNS,GF,Equipment-7278,EQ-07278,venting,,1043.45,,2022,5
Activité LQS,LSH,GL3Z,GNL,Equipment-7279,EQ-07279,venting,,5262.1,,2024,5
Activité RPC,RAF,RA1K,Raffinerie,Equipment-7280,EQ-07280,drilling,,8897.63,,2023,6
Activité LQS,LSH,GP1Z,GPL,Equipment-7281,EQ-07281,combustion,,8223.89,,2023,9
Activité E&P,AST,REGGANE,GF,Equipment-7282,EQ-07282,venting,,1591.56,,2023,10
Activité LQS,LSH,GL3Z,GNL,Equipment-7283,EQ-07283,combustion,Diesel,2671.68,gal,2023,9
Activité E&P,DP,OHT,GF,Equipment-7284,EQ-07284,fugitive,,9286.19,,2025,7
Activité RPC,PEC,CP1Z,Pétrochimie,Equipment-7285,EQ-07285,flaring,Diesel,6741.48,gal,2024,4
Activité E&P,AST,MLN,OF,Equipment-7286,EQ-07286,flaring,Natural Gas,8985.61,scf,2024,6
Activité E&P,AST,ISG,GF,Equipment-7287,EQ-07287,drilling,,8814.47,,2024,9
Activité E&P,DP,GTL,GF,Equipment-7288,EQ-07288,drilling,,7868.09,,2024,1
Activité LQS,LSH,GL2Z,GNL,Equipment-7289,EQ-07289,fugitive,,9311.68,,2023,8
Activité E&P,DP,GTL,GF,Equipment-7290,EQ-07290,venting,,9778.89,,2025,1
Activité RPC,PEC,CP1Z,Pétrochimie,Equipment-7291,EQ-07291,venting,,382.61,,2025,12
Activité LQS,LSH,GL1K,GNL,Equipment-7292,EQ-07292,drilling,,2373.92,,2022,11
Activité RPC,RAF,RA1A,Raffinerie,Equipment-7293,EQ-07293,combustion,Fuel Gas,1789.36,gal,2023,10
Activité LQS,LSH,GP1Z,GPL,Equipment-7294,EQ-07294,venting,,2602.62,,2025,2
Activité E&P,AST,RKF,OF,Equipment-7295,EQ-07295,combustion,Propane,1960.74,gal,2022,3
Activité E&P,AST,ISG,GF,Equipment-7296,EQ-07296,combustion,Fuel Gas,9272.86,gal,2023,10
Activité E&P,DP,HMD,OF,Equipment-7297,EQ-07297,drilling,,2400.65,,2023,12
Activité E&P,AST,INA,GF,Equipment-7298,EQ-07298,drilling,,9273.34,,2025,2
Activité E&P,AST,SH-FCP MLE,GF,Equipment-7299,EQ-07299,flaring,,3878.35,,2025,11
Activité E&P,AST,BMS,OF,Equipment-7300,EQ-07300,flaring,,720.35,,2023,4
Activité E&P,AST,RKF,OF,Equipment-7301,EQ-07301,combustion,Fuel Gas,2256.99,gal,2025,4
Activité E&P,AST,ISG,GF,Equipment-7302,EQ-07302,drilling,,7626.71,,2022,12
Activité E&P,DP,HRM,GF,Equipment-7303,EQ-07303,venting,,4720.59,,2022,4
Activité LQS,LSH,GP2Z,GPL,Equipment-7304,EQ-07304,venting,,1486.9,,2023,6
Activité E&P,DP,STAH,OF,Equipment-7305,EQ-07305,drilling,,5818.37,,2023,6
Activité E&P,DP,HMD,OF,Equipment-7306,EQ-07306,drilling,,3716.34,,2023,1
Activité E&P,AST,BMS,OF,Equipment-7307,EQ-07307,flaring,,8815.97,,2023,11
Activité RPC,RAF,RA1A,Raffinerie,Equipment-7308,EQ-07308,fugitive,,9263.6,,2024,11
Activité E&P,DP,TFT,GF,Equipment-7309,EQ-07309,combustion,Diesel,7218.75,gal,2025,12
Activité E&P,AST,REGGANE,GF,Equipment-7310,EQ-07310,flaring,Diesel,1234.86,gal,2023,4
Activité E&P,AST,GTIM,GF,Equipment-7311,EQ-07311,flaring,,1591.67,,2022,8
Activité RPC,RAF,RA1A,Raffinerie,Equipment-7312,EQ-07312,flaring,Diesel,1627.97,gal,2023,11
Activité E&P,DP,INAS,GF,Equipment-7313,EQ-07313,combustion,Diesel,5588.18,gal,2022,11
Activité E&P,AST,REGGANE,GF,Equipment-7314,EQ-07314,flaring,Fuel Gas,7759.67,gal,2025,12
Activité E&P,DP,OHT,GF,Equipment-7315,EQ-07315,venting,,7206.41,,2022,4
Activité RPC,PEC,CP1Z,Pétrochimie,Equipment-7316,EQ-07316,drilling,,2320.24,,2025,6
Activité E&P,AST,GB,OF,Equipment-7317,EQ-07317,drilling,,1344.34,,2022,12
Activité RPC,PEC,CP1Z,Pétrochimie,Equipment-7318,EQ-07318,combustion,Propane,1764.39,gal,2023,4
Activité RPC,PEC,CP1Z,Pétrochimie,Equipment-7319,EQ-07319,flaring,Natural Gas,2099.31,scf,2024,7
Activité LQS,LSH,GL1K,GNL,Equipment-7320,EQ-07320,venting,,6330.55,,2023,5
Activité E&P,AST,BRS,OF,Equipment-7321,EQ-07321,venting,,4699.63,,2023,7
Activité E&P,DP,STAH,OF,Equipment-7322,EQ-07322,flaring,Natural Gas,9909.23,scf,2025,1
Activité E&P,DP,INAS,GF,Equipment-7323,EQ-07323,venting,,1785.01,,2022,8
Activité E&P,AST,REGGANE,GF,Equipment-7324,EQ-07324,combustion,Diesel,9783.48,gal,2022,8
Activité RPC,RAF,RA1A,Raffinerie,Equipment-7325,EQ-07325,venting,,122.4,,2024,8
Activité RPC,PEC,CPEK,Pétrochimie,Equipment-7326,EQ-07326,combustion,Natural Gas,2634.02,scf,2022,12
Activité E&P,AST,GTFT,GF,Equipment-7327,EQ-07327,combustion,Natural Gas,2596.32,scf,2023,4
Activité E&P,DP,OHT,GF,Equipment-7328,EQ-07328,fugitive,,4469.14,,2023,2
Activité E&P,DP,GTL,GF,Equipment-7329,EQ-07329,combustion,Natural Gas,6135.57,scf,2025,5
Activité E&P,AST,GB,OF,Equipment-7330,EQ-07330,fugitive,,4644.29,,2025,1
Activité LQS,LSH,GL1K,GNL,Equipment-7331,EQ-07331,combustion,Diesel,1062.37,gal,2022,3
Activité E&P,DP,OHT,GF,Equipment-7332,EQ-07332,venting,,5916.24,,2022,3
Activité E&P,DP,OHT,GF,Equipment-7333,EQ-07333,venting,,8097.89,,2024,7
Activité LQS,LSH,GP2Z,GPL,Equipment-7334,EQ-07334,fugitive,,3545.19,,2023,10
Activité E&P,AST,GSS,OF,Equipment-7335,EQ-07335,venting,,125.86,,2023,3
Activité E&P,AST,BMS,OF,Equipment-7336,EQ-07336,venting,,715.1,,2024,8
Activité E&P,DP,REB,OF,Equipment-7337,EQ-07337,drilling,,5858.96,,2022,8
Activité E&P,AST,GTG,GF,Equipment-7338,EQ-07338,combustion,Propane,7127.76,gal,2025,7
Activité RPC,RAF,RA1K,Raffinerie,Equipment-7339,EQ-07339,venting,,5787.61,,2023,3
Activité E&P,AST,OURHOUD,OF,Equipment-7340,EQ-07340,combustion,Natural Gas,126.32,scf,2025,9
Activité RPC,RAF,RA1K,Raffinerie,Equipment-7341,EQ-07341,drilling,,7174.76,,2024,7
Activité E&P,AST,MLN,OF,Equipment-7342,EQ-07342,venting,,8634.98,,2025,9
Activité E&P,AST,GTG,GF,Equipment-7343,EQ-07343,fugitive,,2526.88,,2023,1
Activité LQS,LSH,GL1K,GNL,Equipment-7344,EQ-07344,combustion,,4979.58,,2025,2
Activité LQS,LSH,GL1Z,GNL,Equipment-7345,EQ-07345,fugitive,,2029.32,,2025,7
Activité E&P,DP,GTL,GF,Equipment-7346,EQ-07346,fugitive,,506.79,,2024,10
Activité E&P,DP,GTL,GF,Equipment-7347,EQ-07347,venting,,8746.74,,2025,10
Activité RPC,RAF,RA1G,Raffinerie,Equipment-7348,EQ-07348,venting,,9630.48,,2024,12
Activité E&P,DP,HMD,OF,Equipment-7349,EQ-07349,combustion,,3495.25,,2023,1
Activité RPC,PEC,CP1Z,Pétrochimie,Equipment-7350,EQ-07350,flaring,Natural Gas,6155.07,scf,2025,4
Activité E&P,AST,REGGANE,GF,Equipment-7351,EQ-07351,drilling,,2118.77,,2022,6
Activité E&P,DP,REB,OF,Equipment-7352,EQ-07352,flaring,Propane,8226.86,gal,2025,2
Activité E&P,AST,INA,GF,Equipment-7353,EQ-07353,combustion,Diesel,1119.33,gal,2022,10
Activité E&P,AST,BMS,OF,Equipment-7354,EQ-07354,combustion,Propane,3892.84,gal,2022,12
Activité RPC,PEC,CPEK,Pétrochimie,Equipment-7355,EQ-07355,venting,,7530.04,,2022,12
Activité E&P,AST,BRS,OF,Equipment-7356,EQ-07356,drilling,,9605.78,,2024,8
Activité E&P,AST,HBR,OF,Equipment-7357,EQ-07357,flaring,,1964.68,,2023,8
Activité E&P,AST,SH-FCP MLE,GF,Equipment-7358,EQ-07358,combustion,Natural Gas,262.15,scf,2024,9
Activité RPC,RAF,RA1A,Raffinerie,Equipment-7359,EQ-07359,venting,,5239.93,,2022,5
Activité E&P,AST,BMS,OF,Equipment-7360,EQ-07360,flaring,Diesel,516.88,gal,2025,9
Activité E&P,AST,GTIM,GF,Equipment-7361,EQ-07361,drilling,,6810.44,,2024,4
Activité LQS,LSH,GL1Z,GNL,Equipment-7362,EQ-07362,combustion,Propane,5435.02,gal,2022,8
Activité E&P,AST,G SH-ENI,OF,Equipment-7363,EQ-07363,drilling,,4464.99,,2025,7
Activité E&P,AST,ISG,GF,Equipment-7364,EQ-07364,drilling,,877.26,,2024,5
Activité E&P,DP,HMD,OF,Equipment-7365,EQ-07365,flaring,Diesel,9359.1,gal,2023,10
Activité E&P,DP,TFT,GF,Equipment-7366,EQ-07366,fugitive,,9436.21,,2023,6
Activité E&P,DP,INAS,GF,Equipment-7367,EQ-07367,combustion,Propane,4600.3,gal,2023,5
Activité E&P,AST,GTG,GF,Equipment-7368,EQ-07368,drilling,,9355.44,,2022,11
Activité E&P,DP,TFT,GF,Equipment-7369,EQ-07369,drilling,,8068.07,,2023,4
Activité E&P,AST,INA,GF,Equipment-7370,EQ-07370,fugitive,,725.11,,2025,1
Activité RPC,RAF,RA1A,Raffinerie,Equipment-7371,EQ-07371,venting,,5296.16,,2025,8
Activité LQS,LSH,GL2Z,GNL,Equipment-7372,EQ-07372,combustion,Fuel Gas,2822.77,gal,2025,2
Activité E&P,AST,GB,OF,Equipment-7373,EQ-07373,flaring,Propane,8654.91,gal,2022,11
Activité E&P,AST,BRS,OF,Equipment-7374,EQ-07374,flaring,Diesel,5546.53,gal,2023,6
Activité E&P,AST,BRS,OF,Equipment-7375,EQ-07375,flaring,Diesel,4173.86,gal,2025,10
Activité E&P,AST,GTG,GF,Equipment-7376,EQ-07376,venting,,9304.49,,2025,9
Activité E&P,DP,STAH,OF,Equipment-7377,EQ-07377,drilling,,697.0,,2025,8
Activité E&P,DP,TFT,GF,Equipment-7378,EQ-07378,drilling,,5484.8,,2025,2
Activité E&P,AST,GTFT,GF,Equipment-7379,EQ-07379,drilling,,9053.97,,2024,9
Activité LQS,LSH,GL2Z,GNL,Equipment-7380,EQ-07380,venting,,8274.87,,2023,8
Activité LQS,LSH,GL1Z,GNL,Equipment-7381,EQ-07381,flaring,,4198.06,,2022,11
Activité E&P,AST,INA,GF,Equipment-7382,EQ-07382,venting,,592.94,,2023,1
Activité E&P,AST,BRS,OF,Equipment-7383,EQ-07383,venting,,2415.88,,2025,5
Activité E&P,AST,G SH-ENI,OF,Equipment-7384,EQ-07384,drilling,,9463.2,,2023,3
Activité E&P,AST,BMS,OF,Equipment-7385,EQ-07385,venting,,6229.25,,2023,10
Activité LQS,LSH,GL3Z,GNL,Equipment-7386,EQ-07386,venting,,9393.57,,2025,4
Activité RPC,PEC,CPEK,Pétrochimie,Equipment-7387,EQ-07387,fugitive,,3734.61,,2022,7
Activité E&P,AST,GSS,OF,Equipment-7388,EQ-07388,combustion,Fuel Gas,5352.81,gal,2024,3
Activité LQS,LSH,GL3Z,GNL,Equipment-7389,EQ-07389,venting,,8997.43,,2024,12
Activité RPC,PEC,CPEK,Pétrochimie,Equipment-7390,EQ-07390,venting,,7524.38,,2025,12
Activité E&P,AST,HBR,OF,Equipment-7391,EQ-07391,drilling,,9522.59,,2025,3
Activité E&P,AST,BRS,OF,Equipment-7392,EQ-07392,fugitive,,2109.14,,2023,12
Activité E&P,AST,REGGANE,GF,Equipment-7393,EQ-07393,fugitive,,4746.41,,2022,3
Activité RPC,RAF,RA1K,Raffinerie,Equipment-7394,EQ-07394,fugitive,,4087.28,,2023,12
Activité E&P,AST,HBR,OF,Equipment-7395,EQ-07395,flaring,Natural Gas,8793.31,scf,2025,4
Activité E&P,AST,OURHOUD,OF,Equipment-7396,EQ-07396,venting,,4831.67,,2024,1
Activité E&P,AST,HBR,OF,Equipment-7397,EQ-07397,flaring,Fuel Gas,7170.39,gal,2025,2
Activité E&P,DP,REB,OF,Equipment-7398,EQ-07398,venting,,5401.83,,2025,4
Activité RPC,RAF,RA1A,Raffinerie,Equipment-7399,EQ-07399,fugitive,,7631.07,,2022,6
Activité E&P,AST,SH-FCP MLE,GF,Equipment-7400,EQ-07400,flaring,Propane,8414.08,gal,2022,7
Activité E&P,AST,REGGANE,GF,Equipment-7401,EQ-07401,drilling,,7308.02,,2024,1
Activité E&P,AST,BRS,OF,Equipment-7402,EQ-07402,combustion,Fuel Gas,3250.02,gal,2022,7
Activité LQS,LSH,GL1K,GNL,Equipment-7403,EQ-07403,venting,,6878.08,,2023,8
Activité E&P,AST,RKF,OF,Equipment-7404,EQ-07404,combustion,Fuel Gas,7269.7,gal,2024,12
Activité E&P,AST,BRS,OF,Equipment-7405,EQ-07405,combustion,,7478.45,,2024,10
Activité E&P,DP,HBK,GF,Equipment-7406,EQ-07406,drilling,,168.2,,2024,6
Activité E&P,AST,GB,OF,Equipment-7407,EQ-07407,venting,,3985.75,,2025,2
Activité E&P,AST,G SH-ENI,OF,Equipment-7408,EQ-07408,drilling,,2238.61,,2024,12
Activité E&P,DP,GTL,GF,Equipment-7409,EQ-07409,drilling,,2578.1,,2024,7
Activité E&P,DP,HBK,GF,Equipment-7410,EQ-07410,flaring,,8677.31,,2022,12
Activité E&P,AST,GTG,GF,Equipment-7411,EQ-07411,drilling,,892.49,,2023,7
Activité E&P,AST,G SH-ENI,OF,Equipment-7412,EQ-07412,flaring,Natural Gas,2464.12,scf,2024,5
Activité E&P,DP,HBK,GF,Equipment-7413,EQ-07413,combustion,Diesel,3349.36,gal,2022,11
Activité E&P,AST,GSS,OF,Equipment-7414,EQ-07414,venting,,9470.65,,2024,7
Activité E&P,AST,BMS,OF,Equipment-7415,EQ-07415,combustion,Propane,4130.58,gal,2025,9
Activité E&P,AST,GTIM,GF,Equipment-7416,EQ-07416,fugitive,,4213.52,,2023,7
Activité RPC,RAF,RA1K,Raffinerie,Equipment-7417,EQ-07417,flaring,,3106.43,,2024,7
Activité E&P,AST,G SH-ENI,OF,Equipment-7418,EQ-07418,flaring,,2064.98,,2024,6
Activité E&P,DP,HMD,OF,Equipment-7419,EQ-07419,drilling,,6171.22,,2025,8
Activité E&P,AST,ISG,GF,Equipment-7420,EQ-07420,flaring,Diesel,436.14,gal,2023,8
Activité E&P,DP,HBK,GF,Equipment-7421,EQ-07421,drilling,,6942.31,,2025,2
Activité RPC,PEC,CPEK,Pétrochimie,Equipment-7422,EQ-07422,flaring,Diesel,5692.54,gal,2022,5
Activité E&P,DP,OHT,GF,Equipment-7423,EQ-07423,fugitive,,2916.97,,2023,8
Activité E&P,AST,SH-FCP MLE,GF,Equipment-7424,EQ-07424,drilling,,4161.99,,2024,12
Activité RPC,RAF,RA1K,Raffinerie,Equipment-7425,EQ-07425,fugitive,,4517.33,,2022,11
Activité E&P,AST,OURHOUD,OF,Equipment-7426,EQ-07426,combustion,Natural Gas,9242.59,scf,2022,7
Activité E&P,DP,OHT,GF,Equipment-7427,EQ-07427,drilling,,1068.06,,2025,9
Activité LQS,LSH,GL1K,GNL,Equipment-7428,EQ-07428,fugitive,,1602.22,,2025,4
Activité RPC,RAF,RA1K,Raffinerie,Equipment-7429,EQ-07429,venting,,7876.0,,2025,4
Activité E&P,DP,RNS,GF,Equipment-7430,EQ-07430,combustion,Natural Gas,7831.94,scf,2022,10
Activité E&P,DP,STAH,OF,Equipment-7431,EQ-07431,drilling,,2270.84,,2022,8
Activité E&P,AST,G SH-ENI,OF,Equipment-7432,EQ-07432,drilling,,5466.5,,2024,8
Activité E&P,DP,HMD,OF,Equipment-7433,EQ-07433,venting,,5432.96,,2023,1
Activité E&P,AST,G SH-ENI,OF,Equipment-7434,EQ-07434,flaring,Natural Gas,746.86,scf,2022,5
Activité E&P,DP,STAH,OF,Equipment-7435,EQ-07435,drilling,,4547.86,,2024,2
Activité E&P,AST,GSS,OF,Equipment-7436,EQ-07436,venting,,2627.06,,2025,11
Activité RPC,RAF,RA1A,Raffinerie,Equipment-7437,EQ-07437,fugitive,,6061.4,,2024,10
Activité E&P,AST,REGGANE,GF,Equipment-7438,EQ-07438,venting,,1133.38,,2024,5
Activité E&P,AST,GTG,GF,Equipment-7439,EQ-07439,venting,,1221.28,,2022,10
Activité RPC,RAF,RA1K,Raffinerie,Equipment-7440,EQ-07440,drilling,,855.89,,2022,2
Activité E&P,DP,RNS,GF,Equipment-7441,EQ-07441,fugitive,,2059.82,,2025,2
Activité E&P,AST,RKF,OF,Equipment-7442,EQ-07442,venting,,3779.55,,2023,9
Activité E&P,AST,RKF,OF,Equipment-7443,EQ-07443,drilling,,7766.79,,2024,4
Activité E&P,AST,BRS,OF,Equipment-7444,EQ-07444,combustion,Propane,8002.46,gal,2022,7
Activité E&P,AST,ISG,GF,Equipment-7445,EQ-07445,fugitive,,3842.36,,2023,1
Activité E&P,AST,GTIM,GF,Equipment-7446,EQ-07446,combustion,,9041.55,,2022,2
Activité LQS,LSH,GL2Z,GNL,Equipment-7447,EQ-07447,venting,,3569.04,,2024,7
Activité RPC,RAF,RA1G,Raffinerie,Equipment-7448,EQ-07448,venting,,5307.77,,2023,9
Activité E&P,AST,BRS,OF,Equipment-7449,EQ-07449,combustion,Fuel Gas,6986.17,gal,2022,11
Activité E&P,AST,G SH-ENI,OF,Equipment-7450,EQ-07450,venting,,8400.96,,2024,10
Activité E&P,DP,HBK,GF,Equipment-7451,EQ-07451,venting,,9807.47,,2022,1
Activité LQS,LSH,GL1Z,GNL,Equipment-7452,EQ-07452,combustion,Diesel,5527.49,gal,2022,8
Activité E&P,DP,TFT,GF,Equipment-7453,EQ-07453,venting,,8213.46,,2023,5
Activité LQS,LSH,GL3Z,GNL,Equipment-7454,EQ-07454,flaring,Natural Gas,5677.38,scf,2024,2
Activité LQS,LSH,GL3Z,GNL,Equipment-7455,EQ-07455,venting,,6689.78,,2022,12
Activité LQS,LSH,GP1Z,GPL,Equipment-7456,EQ-07456,venting,,6385.15,,2022,10
Activité RPC,RAF,RA1K,Raffinerie,Equipment-7457,EQ-07457,drilling,,6839.91,,2023,5
Activité RPC,RAF,RA1K,Raffinerie,Equipment-7458,EQ-07458,venting,,8561.76,,2025,4
Activité E&P,DP,RNS,GF,Equipment-7459,EQ-07459,fugitive,,2859.18,,2025,2
Activité E&P,DP,INAS,GF,Equipment-7460,EQ-07460,drilling,,8653.45,,2024,6
Activité E&P,AST,ISG,GF,Equipment-7461,EQ-07461,flaring,Natural Gas,7145.24,scf,2022,3
Activité E&P,AST,BRS,OF,Equipment-7462,EQ-07462,fugitive,,8460.17,,2025,9
Activité LQS,LSH,GL1K,GNL,Equipment-7463,EQ-07463,drilling,,1402.53,,2025,10
Activité LQS,LSH,GL1Z,GNL,Equipment-7464,EQ-07464,drilling,,5400.22,,2023,2
Activité E&P,AST,GB,OF,Equipment-7465,EQ-07465,combustion,Diesel,1955.55,gal,2025,12
Activité LQS,LSH,GL1Z,GNL,Equipment-7466,EQ-07466,combustion,Fuel Gas,7135.1,gal,2022,9
Activité E&P,AST,BMS,OF,Equipment-7467,EQ-07467,combustion,Propane,53.35,gal,2025,9
Activité E&P,AST,G SH-ENI,OF,Equipment-7468,EQ-07468,flaring,Fuel Gas,9774.98,gal,2022,5
Activité LQS,LSH,GP1Z,GPL,Equipment-7469,EQ-07469,fugitive,,4480.47,,2023,10
Activité E&P,AST,MLN,OF,Equipment-7470,EQ-07470,venting,,9907.05,,2025,10
Activité E&P,DP,TFT,GF,Equipment-7471,EQ-07471,venting,,2458.14,,2023,11
Activité RPC,RAF,RA1A,Raffinerie,Equipment-7472,EQ-07472,drilling,,1177.93,,2025,5
Activité RPC,RAF,RA1A,Raffinerie,Equipment-7473,EQ-07473,fugitive,,3642.52,,2023,5
Activité E&P,AST,OURHOUD,OF,Equipment-7474,EQ-07474,flaring,,318.51,,2025,3
Activité RPC,RAF,RA1Z,Raffinerie,Equipment-7475,EQ-07475,combustion,Natural Gas,8676.48,scf,2024,7
Activité LQS,LSH,GL1K,GNL,Equipment-7476,EQ-07476,fugitive,,260.39,,2024,6
Activité LQS,LSH,GL3Z,GNL,Equipment-7477,EQ-07477,combustion,,9250.09,,2023,5
Activité E&P,AST,GSS,OF,Equipment-7478,EQ-07478,drilling,,7210.47,,2025,11
Activité E&P,AST,G SH-ENI,OF,Equipment-7479,EQ-07479,combustion,Propane,9732.11,gal,2024,10
Activité E&P,AST,BRS,OF,Equipment-7480,EQ-07480,flaring,Diesel,373.68,gal,2024,5
Activité E&P,AST,BMS,OF,Equipment-7481,EQ-07481,flaring,Natural Gas,6620.79,scf,2023,10
Activité E&P,DP,RNS,GF,Equipment-7482,EQ-07482,drilling,,2599.21,,2022,7
Activité LQS,LSH,GL1Z,GNL,Equipment-7483,EQ-07483,venting,,4496.57,,2024,10
Activité RPC,RAF,RA1Z,Raffinerie,Equipment-7484,EQ-07484,flaring,Natural Gas,9789.03,scf,2023,1
Activité LQS,LSH,GP2Z,GPL,Equipment-7485,EQ-07485,flaring,,6034.76,,2022,1
Activité E&P,DP,ADR,OF,Equipment-7486,EQ-07486,combustion,Propane,9333.81,gal,2024,9
Activité E&P,DP,HMD,OF,Equipment-7487,EQ-07487,drilling,,9464.83,,2025,3
Activité E&P,AST,REGGANE,GF,Equipment-7488,EQ-07488,venting,,6478.58,,2023,10
Activité RPC,RAF,RA1Z,Raffinerie,Equipment-7489,EQ-07489,fugitive,,9899.71,,2023,7
Activité E&P,AST,BMS,OF,Equipment-7490,EQ-07490,fugitive,,6950.88,,2025,8
Activité E&P,AST,BMS,OF,Equipment-7491,EQ-07491,flaring,Propane,9476.47,gal,2023,7
Activité E&P,DP,RNS,GF,Equipment-7492,EQ-07492,combustion,Fuel Gas,7074.65,gal,2024,11
Activité E&P,AST,BMS,OF,Equipment-7493,EQ-07493,drilling,,9772.42,,2022,11
Activité E&P,AST,GB,OF,Equipment-7494,EQ-07494,flaring,Natural Gas,2259.13,scf,2025,9
Activité E&P,DP,ADR,OF,Equipment-7495,EQ-07495,combustion,Natural Gas,5394.14,scf,2023,3
Activité E&P,DP,INAS,GF,Equipment-7496,EQ-07496,venting,,4329.27,,2022,12
Activité LQS,LSH,GL1Z,GNL,Equipment-7497,EQ-07497,drilling,,8299.71,,2024,1
Activité E&P,AST,BRS,OF,Equipment-7498,EQ-07498,fugitive,,6015.1,,2024,3
Activité E&P,AST,GTFT,GF,Equipment-7499,EQ-07499,flaring,Propane,9897.11,gal,2023,5
Activité E&P,DP,ADR,OF,Equipment-7500,EQ-07500,fugitive,,5114.24,,2025,8
Activité E&P,AST,RKF,OF,Equipment-7501,EQ-07501,fugitive,,2891.12,,2024,7
Activité E&P,DP,INAS,GF,Equipment-7502,EQ-07502,combustion,Fuel Gas,5718.52,gal,2024,6
Activité LQS,LSH,GL3Z,GNL,Equipment-7503,EQ-07503,venting,,7246.46,,2025,5
Activité LQS,LSH,GL2Z,GNL,Equipment-7504,EQ-07504,flaring,Natural Gas,927.46,scf,2022,5
Activité E&P,DP,HRM,GF,Equipment-7505,EQ-07505,drilling,,286.21,,2025,7
Activité E&P,AST,GTG,GF,Equipment-7506,EQ-07506,flaring,Natural Gas,3949.04,scf,2023,8
Activité E&P,AST,GTFT,GF,Equipment-7507,EQ-07507,combustion,,860.05,,2025,8
Activité RPC,PEC,CPEK,Pétrochimie,Equipment-7508,EQ-07508,venting,,5538.52,,2022,5
Activité E&P,DP,INAS,GF,Equipment-7509,EQ-07509,flaring,Diesel,7988.84,gal,2022,12
Activité LQS,LSH,GL2Z,GNL,Equipment-7510,EQ-07510,flaring,Propane,5505.56,gal,2025,11
Activité E&P,DP,RNS,GF,Equipment-7511,EQ-07511,flaring,,5363.01,,2025,4
Activité RPC,RAF,RA1A,Raffinerie,Equipment-7512,EQ-07512,flaring,Natural Gas,5457.94,scf,2023,6
Activité E&P,DP,RNS,GF,Equipment-7513,EQ-07513,combustion,Fuel Gas,2336.02,gal,2025,3
Activité E&P,DP,OHT,GF,Equipment-7514,EQ-07514,combustion,Natural Gas,5193.54,scf,2024,2
Activité LQS,LSH,GP2Z,GPL,Equipment-7515,EQ-07515,fugitive,,9566.49,,2023,6
Activité LQS,LSH,GP1Z,GPL,Equipment-7516,EQ-07516,flaring,Natural Gas,7473.84,scf,2024,10
Activité E&P,AST,GTIM,GF,Equipment-7517,EQ-07517,venting,,401.81,,2024,10
Activité E&P,DP,RNS,GF,Equipment-7518,EQ-07518,fugitive,,3677.42,,2024,4
Activité E&P,AST,GTG,GF,Equipment-7519,EQ-07519,combustion,,6307.44,,2022,9
Activité E&P,DP,ADR,OF,Equipment-7520,EQ-07520,drilling,,5584.87,,2025,6
Activité E&P,AST,GSS,OF,Equipment-7521,EQ-07521,flaring,,5703.35,,2022,2
Activité LQS,LSH,GL1Z,GNL,Equipment-7522,EQ-07522,venting,,6985.08,,2025,4
Activité E&P,AST,GTIM,GF,Equipment-7523,EQ-07523,drilling,,2546.28,,2025,12
Activité LQS,LSH,GP1Z,GPL,Equipment-7524,EQ-07524,combustion,Propane,9273.76,gal,2024,5
Activité E&P,DP,RNS,GF,Equipment-7525,EQ-07525,fugitive,,3177.33,,2024,1
Activité E&P,DP,HBK,GF,Equipment-7526,EQ-07526,fugitive,,2679.43,,2023,5
Activité E&P,AST,ISG,GF,Equipment-7527,EQ-07527,fugitive,,6809.09,,2023,10
Activité LQS,LSH,GP1Z,GPL,Equipment-7528,EQ-07528,venting,,5962.13,,2023,12
Activité E&P,AST,GTG,GF,Equipment-7529,EQ-07529,drilling,,6214.43,,2022,2
Activité RPC,RAF,RA1Z,Raffinerie,Equipment-7530,EQ-07530,combustion,,3957.79,,2024,4
Activité E&P,DP,HMD,OF,Equipment-7531,EQ-07531,flaring,,1253.55,,2025,6
Activité E&P,DP,GTL,GF,Equipment-7532,EQ-07532,drilling,,8793.43,,2022,4
Activité E&P,DP,REB,OF,Equipment-7533,EQ-07533,flaring,Natural Gas,982.22,scf,2024,9
Activité E&P,AST,GSS,OF,Equipment-7534,EQ-07534,venting,,6611.14,,2024,5
Activité E&P,AST,MLN,OF,Equipment-7535,EQ-07535,combustion,,2711.36,,2022,7
Activité LQS,LSH,GL1Z,GNL,Equipment-7536,EQ-07536,flaring,Fuel Gas,6285.93,gal,2023,6
Activité E&P,AST,SH-FCP MLE,GF,Equipment-7537,EQ-07537,drilling,,9290.01,,2025,1
Activité E&P,AST,GTFT,GF,Equipment-7538,EQ-07538,flaring,,4243.78,,2023,6
Activité RPC,RAF,RA1K,Raffinerie,Equipment-7539,EQ-07539,drilling,,5581.81,,2023,9
Activité E&P,DP,HMD,OF,Equipment-7540,EQ-07540,combustion,Fuel Gas,8569.55,gal,2025,1
Activité E&P,DP,HBK,GF,Equipment-7541,EQ-07541,flaring,Diesel,9786.46,gal,2022,5
Activité E&P,DP,RNS,GF,Equipment-7542,EQ-07542,flaring,Natural Gas,2722.49,scf,2022,4
Activité RPC,RAF,RA1A,Raffinerie,Equipment-7543,EQ-07543,drilling,,490.14,,2024,6
Activité E&P,AST,BRS,OF,Equipment-7544,EQ-07544,fugitive,,6998.47,,2023,5
Activité E&P,DP,INAS,GF,Equipment-7545,EQ-07545,combustion,Diesel,7983.72,gal,2024,12
Activité E&P,AST,GTIM,GF,Equipment-7546,EQ-07546,combustion,Diesel,6614.88,gal,2022,10
Activité E&P,AST,BMS,OF,Equipment-7547,EQ-07547,fugitive,,4950.86,,2024,4
Activité E&P,DP,OHT,GF,Equipment-7548,EQ-07548,drilling,,9598.59,,2025,7
Activité E&P,AST,BRS,OF,Equipment-7549,EQ-07549,venting,,4517.93,,2025,2
Activité E&P,DP,GTL,GF,Equipment-7550,EQ-07550,venting,,2062.31,,2022,7
Activité E&P,AST,RKF,OF,Equipment-7551,EQ-07551,fugitive,,7472.29,,2024,3
Activité E&P,AST,GSS,OF,Equipment-7552,EQ-07552,drilling,,1263.71,,2023,2
Activité E&P,DP,HRM,GF,Equipment-7553,EQ-07553,combustion,Fuel Gas,8242.91,gal,2022,9
Activité E&P,AST,OURHOUD,OF,Equipment-7554,EQ-07554,flaring,Diesel,2974.3,gal,2022,8
Activité LQS,LSH,GL1Z,GNL,Equipment-7555,EQ-07555,flaring,Fuel Gas,2373.33,gal,2025,10
Activité E&P,AST,REGGANE,GF,Equipment-7556,EQ-07556,drilling,,3865.29,,2022,12
Activité E&P,AST,MLN,OF,Equipment-7557,EQ-07557,drilling,,5785.5,,2022,10
Activité E&P,AST,BMS,OF,Equipment-7558,EQ-07558,combustion,Fuel Gas,2660.09,gal,2025,11
Activité RPC,RAF,RA1K,Raffinerie,Equipment-7559,EQ-07559,drilling,,8642.15,,2025,4
Activité RPC,RAF,RA1A,Raffinerie,Equipment-7560,EQ-07560,venting,,9302.15,,2024,11
Activité LQS,LSH,GP1Z,GPL,Equipment-7561,EQ-07561,venting,,9581.74,,2024,12
Activité E&P,AST,GTFT,GF,Equipment-7562,EQ-07562,fugitive,,8805.06,,2023,8
Activité E&P,DP,GTL,GF,Equipment-7563,EQ-07563,flaring,Natural Gas,1821.0,scf,2022,12
Activité LQS,LSH,GL1Z,GNL,Equipment-7564,EQ-07564,flaring,Fuel Gas,9182.85,gal,2025,3
Activité LQS,LSH,GP2Z,GPL,Equipment-7565,EQ-07565,combustion,,1084.97,,2024,5
Activité E&P,DP,HBK,GF,Equipment-7566,EQ-07566,drilling,,2639.98,,2023,11
Activité E&P,AST,GTIM,GF,Equipment-7567,EQ-07567,flaring,Propane,9721.4,gal,2024,10
Activité E&P,AST,BRS,OF,Equipment-7568,EQ-07568,venting,,3965.48,,2025,1
Activité E&P,AST,SH-FCP MLE,GF,Equipment-7569,EQ-07569,venting,,5863.85,,2022,3
Activité E&P,AST,GTIM,GF,Equipment-7570,EQ-07570,venting,,226.46,,2022,7
Activité E&P,DP,INAS,GF,Equipment-7571,EQ-07571,flaring,Propane,2651.92,gal,2023,7
Activité E&P,DP,INAS,GF,Equipment-7572,EQ-07572,drilling,,5487.4,,2025,6
Activité E&P,DP,OHT,GF,Equipment-7573,EQ-07573,drilling,,3140.32,,2024,11
Activité RPC,RAF,RA1Z,Raffinerie,Equipment-7574,EQ-07574,combustion,Propane,9136.19,gal,2023,10
Activité E&P,DP,RNS,GF,Equipment-7575,EQ-07575,flaring,,9168.6,,2025,1
Activité E&P,AST,SH-FCP MLE,GF,Equipment-7576,EQ-07576,fugitive,,2722.01,,2022,12
Activité E&P,DP,HBK,GF,Equipment-7577,EQ-07577,flaring,Diesel,6756.24,gal,2025,1
Activité E&P,AST,REGGANE,GF,Equipment-7578,EQ-07578,fugitive,,1632.15,,2024,10
Activité E&P,DP,REB,OF,Equipment-7579,EQ-07579,drilling,,4922.3,,2025,10
Activité E&P,AST,GSS,OF,Equipment-7580,EQ-07580,flaring,Diesel,8613.5,gal,2022,6
Activité E&P,AST,HBR,OF,Equipment-7581,EQ-07581,drilling,,3564.4,,2023,2
Activité E&P,DP,TFT,GF,Equipment-7582,EQ-07582,venting,,7843.5,,2024,3
Activité LQS,LSH,GL1Z,GNL,Equipment-7583,EQ-07583,drilling,,274.43,,2024,2
Activité LQS,LSH,GL2Z,GNL,Equipment-7584,EQ-07584,venting,,8546.85,,2024,10
Activité E&P,DP,HMD,OF,Equipment-7585,EQ-07585,flaring,,223.83,,2022,9
Activité E&P,AST,ISG,GF,Equipment-7586,EQ-07586,venting,,3564.58,,2024,12
Activité E&P,DP,TFT,GF,Equipment-7587,EQ-07587,flaring,Fuel Gas,2287.09,gal,2023,10
Activité LQS,LSH,GL2Z,GNL,Equipment-7588,EQ-07588,flaring,Propane,2401.84,gal,2024,4
Activité RPC,PEC,CPEK,Pétrochimie,Equipment-7589,EQ-07589,venting,,6045.29,,2023,4
Activité E&P,AST,GSS,OF,Equipment-7590,EQ-07590,combustion,Diesel,4938.06,gal,2023,8
Activité E&P,DP,HBK,GF,Equipment-7591,EQ-07591,combustion,Fuel Gas,9244.09,gal,2024,5
Activité E&P,DP,REB,OF,Equipment-7592,EQ-07592,combustion,Natural Gas,5045.73,scf,2024,11
Activité E&P,DP,HRM,GF,Equipment-7593,EQ-07593,combustion,,106.91,,2023,3
Activité RPC,RAF,RA1Z,Raffinerie,Equipment-7594,EQ-07594,combustion,,8361.29,,2023,8
Activité E&P,DP,INAS,GF,Equipment-7595,EQ-07595,combustion,Propane,3354.25,gal,2024,7
Activité E&P,DP,GTL,GF,Equipment-7596,EQ-07596,venting,,8166.34,,2023,4
Activité E&P,DP,HRM,GF,Equipment-7597,EQ-07597,venting,,1152.54,,2023,11
Activité E&P,AST,GTFT,GF,Equipment-7598,EQ-07598,venting,,7728.84,,2024,3
Activité RPC,RAF,RA1K,Raffinerie,Equipment-7599,EQ-07599,drilling,,5103.33,,2023,5
Activité E&P,AST,REGGANE,GF,Equipment-7600,EQ-07600,venting,,8382.8,,2022,10
Activité E&P,DP,HBK,GF,Equipment-7601,EQ-07601,flaring,Fuel Gas,9436.6,gal,2022,5
Activité E&P,DP,HBK,GF,Equipment-7602,EQ-07602,drilling,,5101.77,,2024,7
Activité LQS,LSH,GP1Z,GPL,Equipment-7603,EQ-07603,venting,,3726.57,,2025,11
Activité E&P,DP,GTL,GF,Equipment-7604,EQ-07604,venting,,5959.91,,2022,10
Activité E&P,DP,HBK,GF,Equipment-7605,EQ-07605,flaring,,3625.37,,2023,8
Activité LQS,LSH,GL2Z,GNL,Equipment-7606,EQ-07606,drilling,,7095.01,,2023,1
Activité LQS,LSH,GL1Z,GNL,Equipment-7607,EQ-07607,combustion,,2642.57,,2024,10
Activité E&P,DP,REB,OF,Equipment-7608,EQ-07608,fugitive,,6488.59,,2024,11
Activité E&P,AST,ISG,GF,Equipment-7609,EQ-07609,venting,,3342.02,,2025,9
Activité LQS,LSH,GP2Z,GPL,Equipment-7610,EQ-07610,flaring,,1696.51,,2025,7
Activité E&P,AST,OURHOUD,OF,Equipment-7611,EQ-07611,flaring,,4574.7,,2025,5
Activité E&P,DP,HBK,GF,Equipment-7612,EQ-07612,flaring,Fuel Gas,6572.17,gal,2024,10
Activité E&P,DP,ADR,OF,Equipment-7613,EQ-07613,flaring,Fuel Gas,2739.58,gal,2024,12
Activité E&P,AST,INA,GF,Equipment-7614,EQ-07614,drilling,,4410.68,,2022,2
Activité E&P,AST,ISG,GF,Equipment-7615,EQ-07615,combustion,Natural Gas,1587.36,scf,2025,1
Activité E&P,DP,HBK,GF,Equipment-7616,EQ-07616,drilling,,4964.05,,2025,5
Activité LQS,LSH,GL2Z,GNL,Equipment-7617,EQ-07617,drilling,,4513.38,,2024,2
Activité LQS,LSH,GL1Z,GNL,Equipment-7618,EQ-07618,drilling,,1446.38,,2022,10
Activité E&P,DP,RNS,GF,Equipment-7619,EQ-07619,flaring,Fuel Gas,7326.21,gal,2023,10
Activité E&P,AST,G SH-ENI,OF,Equipment-7620,EQ-07620,fugitive,,1715.94,,2022,9
Activité E&P,DP,RNS,GF,Equipment-7621,EQ-07621,combustion,Natural Gas,7251.5,scf,2024,4
Activité E&P,AST,GB,OF,Equipment-7622,EQ-07622,fugitive,,5769.37,,2023,5
Activité E&P,AST,REGGANE,GF,Equipment-7623,EQ-07623,fugitive,,4272.67,,2023,5
Activité E&P,AST,GTIM,GF,Equipment-7624,EQ-07624,fugitive,,2814.5,,2023,2
Activité LQS,LSH,GL1K,GNL,Equipment-7625,EQ-07625,fugitive,,686.09,,2025,5
Activité E&P,AST,OURHOUD,OF,Equipment-7626,EQ-07626,fugitive,,2095.99,,2023,9
Activité E&P,AST,GSS,OF,Equipment-7627,EQ-07627,combustion,,7727.53,,2022,10
Activité RPC,RAF,RA1K,Raffinerie,Equipment-7628,EQ-07628,drilling,,9209.05,,2023,11
Activité E&P,DP,STAH,OF,Equipment-7629,EQ-07629,venting,,6317.12,,2024,3
Activité LQS,LSH,GL1K,GNL,Equipment-7630,EQ-07630,drilling,,8424.47,,2022,9
Activité E&P,DP,HBK,GF,Equipment-7631,EQ-07631,venting,,3038.23,,2022,6
Activité E&P,DP,RNS,GF,Equipment-7632,EQ-07632,fugitive,,239.97,,2023,7
Activité E&P,DP,STAH,OF,Equipment-7633,EQ-07633,venting,,8338.42,,2022,10
Activité E&P,AST,ISG,GF,Equipment-7634,EQ-07634,flaring,,4354.39,,2022,2
Activité E&P,AST,REGGANE,GF,Equipment-7635,EQ-07635,venting,,3451.92,,2024,12
Activité E&P,DP,OHT,GF,Equipment-7636,EQ-07636,fugitive,,4925.58,,2024,3
Activité RPC,RAF,RA1G,Raffinerie,Equipment-7637,EQ-07637,venting,,4953.29,,2023,8
Activité RPC,PEC,CP1Z,Pétrochimie,Equipment-7638,EQ-07638,drilling,,7699.1,,2025,3
Activité RPC,RAF,RA1Z,Raffinerie,Equipment-7639,EQ-07639,drilling,,229.89,,2022,4
Activité E&P,AST,ISG,GF,Equipment-7640,EQ-07640,flaring,Diesel,5591.93,gal,2025,12
Activité E&P,AST,HBR,OF,Equipment-7641,EQ-07641,venting,,783.7,,2024,5
Activité RPC,RAF,RA1A,Raffinerie,Equipment-7642,EQ-07642,flaring,Propane,8384.92,gal,2023,4
Activité RPC,PEC,CP1Z,Pétrochimie,Equipment-7643,EQ-07643,flaring,Propane,4236.48,gal,2024,7
Activité E&P,DP,INAS,GF,Equipment-7644,EQ-07644,flaring,Diesel,7064.95,gal,2025,4
Activité E&P,AST,ISG,GF,Equipment-7645,EQ-07645,venting,,1396.95,,2024,11
Activité RPC,RAF,RA1K,Raffinerie,Equipment-7646,EQ-07646,drilling,,5796.63,,2022,3
Activité E&P,AST,SH-FCP MLE,GF,Equipment-7647,EQ-07647,combustion,Fuel Gas,3833.7,gal,2024,5
Activité E&P,AST,REGGANE,GF,Equipment-7648,EQ-07648,fugitive,,2311.12,,2025,5
Activité E&P,AST,HBR,OF,Equipment-7649,EQ-07649,combustion,Fuel Gas,8051.62,gal,2025,6
Activité E&P,AST,G SH-ENI,OF,Equipment-7650,EQ-07650,combustion,Fuel Gas,2767.21,gal,2022,1
Activité RPC,PEC,CPEK,Pétrochimie,Equipment-7651,EQ-07651,fugitive,,5937.41,,2022,4
Activité E&P,AST,BRS,OF,Equipment-7652,EQ-07652,fugitive,,8117.34,,2022,12
Activité RPC,RAF,RA1G,Raffinerie,Equipment-7653,EQ-07653,venting,,5986.9,,2024,3
Activité E&P,AST,SH-FCP MLE,GF,Equipment-7654,EQ-07654,drilling,,872.34,,2022,3
Activité E&P,DP,ADR,OF,Equipment-7655,EQ-07655,flaring,Natural Gas,6992.05,scf,2023,7
Activité LQS,LSH,GL1K,GNL,Equipment-7656,EQ-07656,fugitive,,8623.69,,2023,8
Activité E&P,AST,BMS,OF,Equipment-7657,EQ-07657,venting,,435.78,,2023,2
Activité E&P,DP,ADR,OF,Equipment-7658,EQ-07658,venting,,9268.56,,2025,4
Activité E&P,AST,BRS,OF,Equipment-7659,EQ-07659,fugitive,,8339.21,,2022,3
Activité LQS,LSH,GL3Z,GNL,Equipment-7660,EQ-07660,fugitive,,5408.59,,2025,11
Activité E&P,AST,BMS,OF,Equipment-7661,EQ-07661,combustion,Fuel Gas,1745.97,gal,2022,9
Activité E&P,DP,INAS,GF,Equipment-7662,EQ-07662,flaring,Fuel Gas,9881.17,gal,2023,6
Activité E&P,DP,STAH,OF,Equipment-7663,EQ-07663,combustion,,7937.44,,2025,1
Activité LQS,LSH,GL2Z,GNL,Equipment-7664,EQ-07664,drilling,,9115.71,,2023,10
Activité E&P,DP,GTL,GF,Equipment-7665,EQ-07665,flaring,Fuel Gas,1929.47,gal,2023,4
Activité RPC,PEC,CP1Z,Pétrochimie,Equipment-7666,EQ-07666,venting,,3985.94,,2025,2
Activité E&P,AST,GTFT,GF,Equipment-7667,EQ-07667,combustion,,1273.23,,2022,4
Activité E&P,AST,SH-FCP MLE,GF,Equipment-7668,EQ-07668,venting,,3200.36,,2024,5
Activité E&P,AST,GB,OF,Equipment-7669,EQ-07669,combustion,,9478.06,,2024,4
Activité E&P,AST,BRS,OF,Equipment-7670,EQ-07670,fugitive,,6830.83,,2022,12
Activité E&P,AST,SH-FCP MLE,GF,Equipment-7671,EQ-07671,fugitive,,7266.92,,2023,8
Activité E&P,AST,HBR,OF,Equipment-7672,EQ-07672,drilling,,1422.78,,2025,4
Activité E&P,DP,INAS,GF,Equipment-7673,EQ-07673,drilling,,2715.64,,2024,12
Activité E&P,DP,TFT,GF,Equipment-7674,EQ-07674,drilling,,2397.61,,2022,10
Activité E&P,DP,STAH,OF,Equipment-7675,EQ-07675,drilling,,5729.95,,2025,1
Activité E&P,DP,OHT,GF,Equipment-7676,EQ-07676,combustion,Natural Gas,2649.44,scf,2022,1
Activité E&P,AST,BMS,OF,Equipment-7677,EQ-07677,combustion,Diesel,1698.78,gal,2024,10
Activité E&P,AST,REGGANE,GF,Equipment-7678,EQ-07678,venting,,4607.25,,2023,5
Activité E&P,DP,GTL,GF,Equipment-7679,EQ-07679,combustion,Diesel,1660.03,gal,2023,8
Activité RPC,RAF,RA1G,Raffinerie,Equipment-7680,EQ-07680,fugitive,,1906.6,,2025,10
Activité E&P,AST,BMS,OF,Equipment-7681,EQ-07681,fugitive,,4549.43,,2024,1
Activité LQS,LSH,GL1K,GNL,Equipment-7682,EQ-07682,combustion,,7144.46,,2022,12
Activité LQS,LSH,GP1Z,GPL,Equipment-7683,EQ-07683,combustion,Fuel Gas,1849.41,gal,2024,9
Activité E&P,AST,BMS,OF,Equipment-7684,EQ-07684,fugitive,,6901.16,,2023,9
Activité LQS,LSH,GP2Z,GPL,Equipment-7685,EQ-07685,venting,,9378.19,,2023,12
Activité E&P,DP,INAS,GF,Equipment-7686,EQ-07686,flaring,Diesel,3054.86,gal,2023,4
Activité LQS,LSH,GL3Z,GNL,Equipment-7687,EQ-07687,venting,,1123.3,,2025,8
Activité E&P,DP,REB,OF,Equipment-7688,EQ-07688,fugitive,,6656.28,,2022,7
Activité E&P,DP,STAH,OF,Equipment-7689,EQ-07689,drilling,,5746.08,,2023,6
Activité LQS,LSH,GL1K,GNL,Equipment-7690,EQ-07690,fugitive,,6793.68,,2022,10
Activité E&P,AST,ISG,GF,Equipment-7691,EQ-07691,drilling,,2167.16,,2022,6
Activité E&P,AST,GSS,OF,Equipment-7692,EQ-07692,combustion,Propane,3028.15,gal,2025,5
Activité E&P,AST,SH-FCP MLE,GF,Equipment-7693,EQ-07693,venting,,9146.53,,2023,3
Activité E&P,DP,OHT,GF,Equipment-7694,EQ-07694,drilling,,471.87,,2022,4
Activité E&P,AST,GTFT,GF,Equipment-7695,EQ-07695,drilling,,9009.06,,2024,5
Activité E&P,AST,INA,GF,Equipment-7696,EQ-07696,venting,,8834.36,,2023,5
Activité LQS,LSH,GL1Z,GNL,Equipment-7697,EQ-07697,combustion,Diesel,7554.71,gal,2024,4
Activité RPC,PEC,CP1Z,Pétrochimie,Equipment-7698,EQ-07698,flaring,Fuel Gas,4316.32,gal,2025,2
Activité RPC,RAF,RA1Z,Raffinerie,Equipment-7699,EQ-07699,drilling,,8941.57,,2023,5
Activité E&P,DP,HMD,OF,Equipment-7700,EQ-07700,venting,,7279.63,,2022,10
Activité E&P,DP,TFT,GF,Equipment-7701,EQ-07701,flaring,Natural Gas,3604.15,scf,2022,11
Activité LQS,LSH,GL1Z,GNL,Equipment-7702,EQ-07702,venting,,992.89,,2024,11
Activité E&P,AST,REGGANE,GF,Equipment-7703,EQ-07703,flaring,,3166.04,,2024,9
Activité RPC,RAF,RA1G,Raffinerie,Equipment-7704,EQ-07704,drilling,,3106.74,,2023,7
Activité LQS,LSH,GL3Z,GNL,Equipment-7705,EQ-07705,fugitive,,210.41,,2024,6
Activité E&P,AST,ISG,GF,Equipment-7706,EQ-07706,fugitive,,529.72,,2025,9
Activité E&P,AST,GTG,GF,Equipment-7707,EQ-07707,venting,,7464.03,,2025,12
Activité E&P,AST,RKF,OF,Equipment-7708,EQ-07708,drilling,,7528.69,,2025,4
Activité E&P,DP,GTL,GF,Equipment-7709,EQ-07709,combustion,Propane,7365.85,gal,2025,8
Activité E&P,DP,OHT,GF,Equipment-7710,EQ-07710,drilling,,1666.19,,2022,3
Activité LQS,LSH,GL2Z,GNL,Equipment-7711,EQ-07711,venting,,3439.51,,2023,10
Activité E&P,DP,HRM,GF,Equipment-7712,EQ-07712,drilling,,361.08,,2025,4
Activité RPC,RAF,RA1G,Raffinerie,Equipment-7713,EQ-07713,combustion,Diesel,6778.16,gal,2022,10
Activité E&P,AST,GTFT,GF,Equipment-7714,EQ-07714,fugitive,,6761.89,,2024,3
Activité E&P,DP,ADR,OF,Equipment-7715,EQ-07715,fugitive,,9898.3,,2023,10
Activité LQS,LSH,GL2Z,GNL,Equipment-7716,EQ-07716,flaring,,5567.0,,2022,6
Activité E&P,AST,HBR,OF,Equipment-7717,EQ-07717,venting,,8447.21,,2022,11
Activité E&P,AST,INA,GF,Equipment-7718,EQ-07718,drilling,,3098.68,,2023,1
Activité E&P,DP,ADR,OF,Equipment-7719,EQ-07719,venting,,2331.41,,2024,4
Activité LQS,LSH,GP2Z,GPL,Equipment-7720,EQ-07720,venting,,8550.75,,2022,3
Activité E&P,DP,OHT,GF,Equipment-7721,EQ-07721,drilling,,1037.17,,2025,5
Activité RPC,RAF,RA1Z,Raffinerie,Equipment-7722,EQ-07722,venting,,2492.26,,2022,8
Activité E&P,DP,HRM,GF,Equipment-7723,EQ-07723,drilling,,1344.99,,2024,12
Activité RPC,RAF,RA1K,Raffinerie,Equipment-7724,EQ-07724,flaring,Fuel Gas,8732.94,gal,2024,6
Activité RPC,RAF,RA1K,Raffinerie,Equipment-7725,EQ-07725,venting,,7394.6,,2024,10
Activité E&P,DP,GTL,GF,Equipment-7726,EQ-07726,flaring,Propane,3627.07,gal,2024,2
Activité E&P,DP,HRM,GF,Equipment-7727,EQ-07727,combustion,Fuel Gas,7571.42,gal,2023,10
Activité E&P,AST,SH-FCP MLE,GF,Equipment-7728,EQ-07728,venting,,944.66,,2022,8
Activité RPC,RAF,RA1K,Raffinerie,Equipment-7729,EQ-07729,flaring,Natural Gas,7886.28,scf,2024,12
Activité RPC,RAF,RA1K,Raffinerie,Equipment-7730,EQ-07730,venting,,5602.79,,2024,4
Activité E&P,AST,GTFT,GF,Equipment-7731,EQ-07731,flaring,Diesel,2020.88,gal,2024,3
Activité E&P,AST,RKF,OF,Equipment-7732,EQ-07732,drilling,,4483.55,,2024,11
Activité E&P,DP,GTL,GF,Equipment-7733,EQ-07733,fugitive,,2619.58,,2025,4
Activité E&P,DP,RNS,GF,Equipment-7734,EQ-07734,drilling,,732.31,,2022,12
Activité E&P,AST,BRS,OF,Equipment-7735,EQ-07735,flaring,,148.01,,2025,4
Activité E&P,AST,GTFT,GF,Equipment-7736,EQ-07736,venting,,6765.86,,2022,11
Activité E&P,AST,MLN,OF,Equipment-7737,EQ-07737,flaring,Fuel Gas,7911.22,gal,2023,8
Activité E&P,AST,GSS,OF,Equipment-7738,EQ-07738,flaring,,5743.65,,2025,7
Activité E&P,DP,RNS,GF,Equipment-7739,EQ-07739,combustion,,3894.68,,2022,6
Activité RPC,RAF,RA1G,Raffinerie,Equipment-7740,EQ-07740,combustion,Natural Gas,72.35,scf,2024,7
Activité LQS,LSH,GL3Z,GNL,Equipment-7741,EQ-07741,flaring,Fuel Gas,3830.85,gal,2025,4
Activité RPC,RAF,RA1Z,Raffinerie,Equipment-7742,EQ-07742,combustion,,1736.23,,2025,8
Activité E&P,AST,HBR,OF,Equipment-7743,EQ-07743,venting,,4674.05,,2022,1
Activité E&P,AST,ISG,GF,Equipment-7744,EQ-07744,venting,,4696.25,,2022,7
Activité E&P,AST,GTFT,GF,Equipment-7745,EQ-07745,fugitive,,9006.72,,2022,10
Activité E&P,AST,ISG,GF,Equipment-7746,EQ-07746,drilling,,3121.92,,2023,12
Activité E&P,DP,TFT,GF,Equipment-7747,EQ-07747,venting,,4782.64,,2022,12
Activité E&P,AST,INA,GF,Equipment-7748,EQ-07748,venting,,510.96,,2023,1
Activité E&P,AST,OURHOUD,OF,Equipment-7749,EQ-07749,fugitive,,1228.42,,2023,4
Activité E&P,DP,HBK,GF,Equipment-7750,EQ-07750,drilling,,7348.88,,2023,4
Activité E&P,AST,REGGANE,GF,Equipment-7751,EQ-07751,flaring,,4990.96,,2023,4
Activité E&P,AST,GTIM,GF,Equipment-7752,EQ-07752,combustion,Natural Gas,4318.3,scf,2025,1
Activité LQS,LSH,GL1Z,GNL,Equipment-7753,EQ-07753,combustion,Fuel Gas,4194.81,gal,2024,5
Activité E&P,DP,ADR,OF,Equipment-7754,EQ-07754,flaring,Fuel Gas,473.36,gal,2025,11
Activité RPC,PEC,CP1Z,Pétrochimie,Equipment-7755,EQ-07755,venting,,9852.73,,2025,6
Activité E&P,DP,RNS,GF,Equipment-7756,EQ-07756,flaring,Diesel,2855.76,gal,2024,12
Activité E&P,AST,REGGANE,GF,Equipment-7757,EQ-07757,flaring,Propane,5516.49,gal,2025,6
Activité LQS,LSH,GL1K,GNL,Equipment-7758,EQ-07758,flaring,,7735.83,,2025,12
Activité E&P,AST,ISG,GF,Equipment-7759,EQ-07759,drilling,,4489.28,,2023,7
Activité RPC,RAF,RA1A,Raffinerie,Equipment-7760,EQ-07760,fugitive,,8067.59,,2022,4
Activité E&P,DP,GTL,GF,Equipment-7761,EQ-07761,venting,,4359.71,,2022,11
Activité E&P,DP,REB,OF,Equipment-7762,EQ-07762,venting,,9719.6,,2022,8
Activité E&P,DP,STAH,OF,Equipment-7763,EQ-07763,fugitive,,8459.41,,2023,7
Activité E&P,AST,BRS,OF,Equipment-7764,EQ-07764,fugitive,,2573.42,,2022,6
Activité LQS,LSH,GL1K,GNL,Equipment-7765,EQ-07765,drilling,,5522.34,,2024,8
Activité RPC,RAF,RA1G,Raffinerie,Equipment-7766,EQ-07766,combustion,Propane,3213.25,gal,2022,5
Activité LQS,LSH,GL1K,GNL,Equipment-7767,EQ-07767,fugitive,,7122.08,,2023,2
Activité E&P,DP,HRM,GF,Equipment-7768,EQ-07768,venting,,5313.48,,2025,4
Activité E&P,DP,INAS,GF,Equipment-7769,EQ-07769,drilling,,8375.83,,2023,1
Activité E&P,DP,REB,OF,Equipment-7770,EQ-07770,fugitive,,8787.47,,2023,4
Activité LQS,LSH,GL3Z,GNL,Equipment-7771,EQ-07771,fugitive,,9111.09,,2024,1
Activité RPC,RAF,RA1K,Raffinerie,Equipment-7772,EQ-07772,venting,,9103.9,,2022,9
Activité RPC,PEC,CPEK,Pétrochimie,Equipment-7773,EQ-07773,fugitive,,7152.88,,2022,2
Activité RPC,RAF,RA1A,Raffinerie,Equipment-7774,EQ-07774,drilling,,1102.89,,2024,10
Activité RPC,RAF,RA1Z,Raffinerie,Equipment-7775,EQ-07775,drilling,,2143.92,,2023,4
Activité E&P,DP,HMD,OF,Equipment-7776,EQ-07776,drilling,,9501.85,,2022,1
Activité E&P,AST,MLN,OF,Equipment-7777,EQ-07777,combustion,Fuel Gas,2057.92,gal,2024,10
Activité LQS,LSH,GL1Z,GNL,Equipment-7778,EQ-07778,drilling,,1428.04,,2022,2
Activité E&P,DP,OHT,GF,Equipment-7779,EQ-07779,fugitive,,7516.08,,2024,1
Activité LQS,LSH,GL1Z,GNL,Equipment-7780,EQ-07780,combustion,,4056.23,,2022,11
Activité E&P,DP,RNS,GF,Equipment-7781,EQ-07781,venting,,7302.4,,2023,7
Activité E&P,AST,REGGANE,GF,Equipment-7782,EQ-07782,flaring,,2987.25,,2023,5
Activité E&P,DP,STAH,OF,Equipment-7783,EQ-07783,drilling,,1969.33,,2023,11
Activité E&P,AST,MLN,OF,Equipment-7784,EQ-07784,venting,,8092.38,,2025,1
Activité RPC,PEC,CPEK,Pétrochimie,Equipment-7785,EQ-07785,drilling,,2707.17,,2025,6
Activité LQS,LSH,GP2Z,GPL,Equipment-7786,EQ-07786,fugitive,,4534.13,,2024,6
Activité E&P,AST,GB,OF,Equipment-7787,EQ-07787,flaring,Diesel,5231.77,gal,2024,7
Activité RPC,PEC,CPEK,Pétrochimie,Equipment-7788,EQ-07788,combustion,,3273.96,,2023,5
Activité E&P,DP,HBK,GF,Equipment-7789,EQ-07789,combustion,,6950.24,,2023,2
Activité RPC,PEC,CP1Z,Pétrochimie,Equipment-7790,EQ-07790,drilling,,6916.77,,2022,2
Activité E&P,AST,GB,OF,Equipment-7791,EQ-07791,drilling,,1386.1,,2023,4
Activité E&P,AST,INA,GF,Equipment-7792,EQ-07792,drilling,,5968.44,,2023,12
Activité RPC,RAF,RA1G,Raffinerie,Equipment-7793,EQ-07793,venting,,6403.47,,2023,6
Activité E&P,AST,GTG,GF,Equipment-7794,EQ-07794,venting,,567.99,,2022,1
Activité E&P,DP,HBK,GF,Equipment-7795,EQ-07795,combustion,Propane,5255.19,gal,2023,1
Activité E&P,DP,HMD,OF,Equipment-7796,EQ-07796,flaring,Natural Gas,7282.51,scf,2024,3
Activité RPC,PEC,CPEK,Pétrochimie,Equipment-7797,EQ-07797,fugitive,,9786.05,,2024,8
Activité E&P,DP,INAS,GF,Equipment-7798,EQ-07798,fugitive,,7360.18,,2022,7
Activité E&P,AST,G SH-ENI,OF,Equipment-7799,EQ-07799,combustion,Fuel Gas,1415.42,gal,2023,7
Activité E&P,DP,GTL,GF,Equipment-7800,EQ-07800,fugitive,,4718.52,,2022,4
Activité E&P,AST,HBR,OF,Equipment-7801,EQ-07801,combustion,,9800.35,,2022,10
Activité E&P,DP,STAH,OF,Equipment-7802,EQ-07802,drilling,,7916.66,,2025,2
Activité LQS,LSH,GL2Z,GNL,Equipment-7803,EQ-07803,drilling,,8069.35,,2022,7
Activité LQS,LSH,GL1Z,GNL,Equipment-7804,EQ-07804,drilling,,4404.43,,2022,12
Activité E&P,AST,REGGANE,GF,Equipment-7805,EQ-07805,flaring,Diesel,324.31,gal,2023,12
Activité E&P,AST,GTG,GF,Equipment-7806,EQ-07806,fugitive,,9965.07,,2025,1
Activité RPC,RAF,RA1A,Raffinerie,Equipment-7807,EQ-07807,drilling,,1537.18,,2022,4
Activité E&P,AST,MLN,OF,Equipment-7808,EQ-07808,drilling,,4937.84,,2023,9
Activité E&P,AST,RKF,OF,Equipment-7809,EQ-07809,fugitive,,5191.49,,2025,3
Activité E&P,AST,BMS,OF,Equipment-7810,EQ-07810,fugitive,,9885.25,,2025,11
Activité E&P,AST,GSS,OF,Equipment-7811,EQ-07811,combustion,Propane,5113.57,gal,2023,4
Activité E&P,DP,HMD,OF,Equipment-7812,EQ-07812,flaring,Fuel Gas,6099.02,gal,2025,3
Activité E&P,AST,ISG,GF,Equipment-7813,EQ-07813,drilling,,7078.03,,2023,2
Activité E&P,DP,OHT,GF,Equipment-7814,EQ-07814,venting,,9346.69,,2023,11
Activité E&P,AST,ISG,GF,Equipment-7815,EQ-07815,fugitive,,533.41,,2024,3
Activité RPC,RAF,RA1A,Raffinerie,Equipment-7816,EQ-07816,drilling,,5765.08,,2022,11
Activité LQS,LSH,GP1Z,GPL,Equipment-7817,EQ-07817,venting,,2398.82,,2022,4
Activité RPC,PEC,CPEK,Pétrochimie,Equipment-7818,EQ-07818,flaring,Fuel Gas,7680.89,gal,2023,4
Activité E&P,AST,ISG,GF,Equipment-7819,EQ-07819,drilling,,7224.8,,2022,8
Activité E&P,AST,SH-FCP MLE,GF,Equipment-7820,EQ-07820,combustion,Propane,369.41,gal,2022,2
Activité RPC,RAF,RA1A,Raffinerie,Equipment-7821,EQ-07821,flaring,Natural Gas,7730.67,scf,2023,4
Activité LQS,LSH,GL1K,GNL,Equipment-7822,EQ-07822,combustion,Natural Gas,3450.64,scf,2024,2
Activité E&P,AST,GTG,GF,Equipment-7823,EQ-07823,drilling,,488.78,,2024,1
Activité E&P,AST,ISG,GF,Equipment-7824,EQ-07824,venting,,219.18,,2025,9
Activité E&P,DP,TFT,GF,Equipment-7825,EQ-07825,venting,,5305.77,,2025,12
Activité E&P,DP,INAS,GF,Equipment-7826,EQ-07826,fugitive,,5838.58,,2023,10
Activité E&P,AST,GSS,OF,Equipment-7827,EQ-07827,combustion,Natural Gas,1575.63,scf,2023,12
Activité E&P,AST,GB,OF,Equipment-7828,EQ-07828,fugitive,,9051.15,,2024,4
Activité E&P,DP,ADR,OF,Equipment-7829,EQ-07829,fugitive,,188.33,,2025,1
Activité E&P,AST,GTG,GF,Equipment-7830,EQ-07830,drilling,,7881.01,,2024,12
Activité E&P,DP,HBK,GF,Equipment-7831,EQ-07831,venting,,8746.9,,2024,4
Activité RPC,RAF,RA1Z,Raffinerie,Equipment-7832,EQ-07832,drilling,,9399.21,,2023,9
Activité LQS,LSH,GL1Z,GNL,Equipment-7833,EQ-07833,fugitive,,8946.57,,2024,1
Activité E&P,AST,G SH-ENI,OF,Equipment-7834,EQ-07834,combustion,Natural Gas,7456.23,scf,2022,3
Activité E&P,AST,BMS,OF,Equipment-7835,EQ-07835,flaring,,8457.56,,2025,1
Activité E&P,AST,GTIM,GF,Equipment-7836,EQ-07836,drilling,,2720.35,,2022,9
Activité LQS,LSH,GL1Z,GNL,Equipment-7837,EQ-07837,venting,,3184.41,,2022,7
Activité E&P,DP,ADR,OF,Equipment-7838,EQ-07838,drilling,,4501.77,,2025,1
Activité RPC,RAF,RA1Z,Raffinerie,Equipment-7839,EQ-07839,flaring,Natural Gas,8511.14,scf,2023,10
Activité E&P,DP,TFT,GF,Equipment-7840,EQ-07840,flaring,Natural Gas,6053.32,scf,2025,1
Activité E&P,AST,OURHOUD,OF,Equipment-7841,EQ-07841,venting,,8151.94,,2023,6
Activité RPC,RAF,RA1K,Raffinerie,Equipment-7842,EQ-07842,combustion,Natural Gas,1418.94,scf,2022,3
Activité E&P,DP,GTL,GF,Equipment-7843,EQ-07843,venting,,4815.58,,2023,3
Activité E&P,DP,HRM,GF,Equipment-7844,EQ-07844,fugitive,,8973.56,,2025,9
Activité RPC,RAF,RA1Z,Raffinerie,Equipment-7845,EQ-07845,venting,,8656.23,,2025,6
Activité E&P,DP,ADR,OF,Equipment-7846,EQ-07846,venting,,1817.05,,2023,6
Activité E&P,DP,HBK,GF,Equipment-7847,EQ-07847,flaring,,4990.41,,2022,1
Activité LQS,LSH,GL1Z,GNL,Equipment-7848,EQ-07848,venting,,7076.78,,2023,1
Activité E&P,AST,SH-FCP MLE,GF,Equipment-7849,EQ-07849,flaring,,5662.33,,2022,5
Activité LQS,LSH,GL1Z,GNL,Equipment-7850,EQ-07850,flaring,Natural Gas,7116.96,scf,2023,4
Activité RPC,RAF,RA1A,Raffinerie,Equipment-7851,EQ-07851,venting,,2533.14,,2023,12
Activité E&P,AST,INA,GF,Equipment-7852,EQ-07852,venting,,365.35,,2024,9
Activité E&P,AST,HBR,OF,Equipment-7853,EQ-07853,drilling,,8035.95,,2022,12
Activité E&P,AST,G SH-ENI,OF,Equipment-7854,EQ-07854,combustion,,2529.53,,2024,12
Activité E&P,AST,REGGANE,GF,Equipment-7855,EQ-07855,fugitive,,4962.62,,2022,9
Activité RPC,RAF,RA1A,Raffinerie,Equipment-7856,EQ-07856,flaring,,2916.5,,2025,1
Activité E&P,AST,GTIM,GF,Equipment-7857,EQ-07857,fugitive,,4159.33,,2022,7
Activité RPC,RAF,RA1Z,Raffinerie,Equipment-7858,EQ-07858,flaring,Propane,7225.5,gal,2025,3
Activité RPC,PEC,CPEK,Pétrochimie,Equipment-7859,EQ-07859,drilling,,8643.27,,2022,7
Activité E&P,AST,SH-FCP MLE,GF,Equipment-7860,EQ-07860,venting,,3122.17,,2025,12
Activité E&P,DP,HBK,GF,Equipment-7861,EQ-07861,fugitive,,6891.33,,2022,1
Activité E&P,DP,HMD,OF,Equipment-7862,EQ-07862,drilling,,4712.24,,2023,5
Activité E&P,AST,RKF,OF,Equipment-7863,EQ-07863,drilling,,6780.0,,2022,10
Activité E&P,AST,HBR,OF,Equipment-7864,EQ-07864,flaring,Diesel,4635.29,gal,2024,4
Activité E&P,AST,GTFT,GF,Equipment-7865,EQ-07865,combustion,Fuel Gas,7768.28,gal,2025,6
Activité E&P,AST,OURHOUD,OF,Equipment-7866,EQ-07866,venting,,7378.96,,2024,3
Activité E&P,DP,OHT,GF,Equipment-7867,EQ-07867,venting,,700.85,,2025,6
Activité E&P,AST,OURHOUD,OF,Equipment-7868,EQ-07868,flaring,Propane,479.66,gal,2023,5
Activité E&P,AST,GTG,GF,Equipment-7869,EQ-07869,venting,,9869.4,,2025,9
Activité LQS,LSH,GL2Z,GNL,Equipment-7870,EQ-07870,fugitive,,6049.06,,2024,2
Activité E&P,DP,TFT,GF,Equipment-7871,EQ-07871,flaring,,6011.08,,2025,7
Activité E&P,DP,HBK,GF,Equipment-7872,EQ-07872,combustion,Fuel Gas,7665.9,gal,2023,4
Activité E&P,DP,TFT,GF,Equipment-7873,EQ-07873,combustion,Natural Gas,5476.67,scf,2022,5
Activité E&P,AST,RKF,OF,Equipment-7874,EQ-07874,fugitive,,2148.01,,2023,8
Activité E&P,AST,GTIM,GF,Equipment-7875,EQ-07875,combustion,Natural Gas,849.05,scf,2023,2
Activité E&P,DP,OHT,GF,Equipment-7876,EQ-07876,fugitive,,2332.07,,2022,5
Activité E&P,DP,GTL,GF,Equipment-7877,EQ-07877,venting,,9005.08,,2024,6
Activité E&P,AST,G SH-ENI,OF,Equipment-7878,EQ-07878,drilling,,2233.23,,2022,9
Activité RPC,PEC,CP1Z,Pétrochimie,Equipment-7879,EQ-07879,flaring,Diesel,4192.04,gal,2023,5
Activité E&P,DP,STAH,OF,Equipment-7880,EQ-07880,venting,,396.75,,2022,9
Activité E&P,AST,REGGANE,GF,Equipment-7881,EQ-07881,flaring,Propane,5346.19,gal,2024,3
Activité RPC,RAF,RA1A,Raffinerie,Equipment-7882,EQ-07882,combustion,,1153.74,,2025,7
Activité E&P,AST,GB,OF,Equipment-7883,EQ-07883,venting,,9185.25,,2022,7
Activité RPC,PEC,CPEK,Pétrochimie,Equipment-7884,EQ-07884,drilling,,8747.35,,2023,5
Activité E&P,DP,REB,OF,Equipment-7885,EQ-07885,fugitive,,10.6,,2024,8
Activité E&P,DP,TFT,GF,Equipment-7886,EQ-07886,venting,,8650.95,,2025,10
Activité RPC,PEC,CP1Z,Pétrochimie,Equipment-7887,EQ-07887,drilling,,517.21,,2022,7
Activité E&P,AST,GTIM,GF,Equipment-7888,EQ-07888,fugitive,,1710.31,,2023,1
Activité E&P,AST,G SH-ENI,OF,Equipment-7889,EQ-07889,fugitive,,4729.38,,2024,1
Activité RPC,RAF,RA1G,Raffinerie,Equipment-7890,EQ-07890,combustion,Natural Gas,2677.45,scf,2022,2
Activité LQS,LSH,GL2Z,GNL,Equipment-7891,EQ-07891,drilling,,1635.0,,2022,4
Activité RPC,RAF,RA1G,Raffinerie,Equipment-7892,EQ-07892,drilling,,7266.19,,2023,3
Activité LQS,LSH,GL1K,GNL,Equipment-7893,EQ-07893,combustion,Diesel,7369.64,gal,2024,9
Activité E&P,DP,OHT,GF,Equipment-7894,EQ-07894,fugitive,,2972.92,,2023,4
Activité RPC,RAF,RA1A,Raffinerie,Equipment-7895,EQ-07895,drilling,,8539.35,,2023,11
Activité E&P,DP,HMD,OF,Equipment-7896,EQ-07896,flaring,Diesel,4238.37,gal,2023,5
Activité E&P,AST,GSS,OF,Equipment-7897,EQ-07897,venting,,8767.38,,2025,4
Activité LQS,LSH,GL3Z,GNL,Equipment-7898,EQ-07898,flaring,Propane,2233.83,gal,2025,4
Activité LQS,LSH,GL1Z,GNL,Equipment-7899,EQ-07899,flaring,Fuel Gas,8078.57,gal,2022,9
Activité RPC,RAF,RA1K,Raffinerie,Equipment-7900,EQ-07900,combustion,,5761.09,,2022,11
Activité E&P,AST,GTIM,GF,Equipment-7901,EQ-07901,flaring,Natural Gas,5765.95,scf,2022,2
Activité E&P,AST,RKF,OF,Equipment-7902,EQ-07902,flaring,,1681.0,,2024,1
Activité E&P,AST,GTFT,GF,Equipment-7903,EQ-07903,venting,,2561.82,,2022,9
Activité RPC,RAF,RA1A,Raffinerie,Equipment-7904,EQ-07904,flaring,Diesel,9900.87,gal,2025,5
Activité E&P,DP,TFT,GF,Equipment-7905,EQ-07905,fugitive,,3185.3,,2022,10
Activité E&P,AST,ISG,GF,Equipment-7906,EQ-07906,drilling,,8767.43,,2023,7
Activité LQS,LSH,GL1K,GNL,Equipment-7907,EQ-07907,venting,,8664.76,,2023,2
Activité E&P,DP,GTL,GF,Equipment-7908,EQ-07908,fugitive,,4591.13,,2023,6
Activité LQS,LSH,GL3Z,GNL,Equipment-7909,EQ-07909,fugitive,,5904.56,,2023,8
Activité E&P,DP,REB,OF,Equipment-7910,EQ-07910,fugitive,,4481.41,,2025,6
Activité E&P,DP,STAH,OF,Equipment-7911,EQ-07911,venting,,6643.04,,2022,4
Activité LQS,LSH,GL2Z,GNL,Equipment-7912,EQ-07912,venting,,8733.95,,2024,8
Activité RPC,RAF,RA1G,Raffinerie,Equipment-7913,EQ-07913,flaring,,3957.88,,2025,6
Activité E&P,AST,REGGANE,GF,Equipment-7914,EQ-07914,flaring,Natural Gas,1058.85,scf,2023,10
Activité RPC,RAF,RA1K,Raffinerie,Equipment-7915,EQ-07915,flaring,Diesel,8288.29,gal,2022,10
Activité E&P,AST,BRS,OF,Equipment-7916,EQ-07916,fugitive,,7976.61,,2023,6
Activité E&P,AST,OURHOUD,OF,Equipment-7917,EQ-07917,fugitive,,1649.01,,2025,12
Activité E&P,AST,GTFT,GF,Equipment-7918,EQ-07918,fugitive,,4715.43,,2023,6
Activité RPC,RAF,RA1A,Raffinerie,Equipment-7919,EQ-07919,flaring,,5250.4,,2025,6
Activité E&P,AST,BMS,OF,Equipment-7920,EQ-07920,venting,,4358.39,,2025,11
Activité E&P,AST,BMS,OF,Equipment-7921,EQ-07921,venting,,4418.16,,2023,8
Activité E&P,AST,GB,OF,Equipment-7922,EQ-07922,fugitive,,7586.51,,2023,12
Activité E&P,AST,ISG,GF,Equipment-7923,EQ-07923,venting,,7078.73,,2024,4
Activité RPC,RAF,RA1A,Raffinerie,Equipment-7924,EQ-07924,flaring,Propane,9815.53,gal,2023,7
Activité E&P,DP,REB,OF,Equipment-7925,EQ-07925,flaring,Natural Gas,7630.45,scf,2022,10
Activité LQS,LSH,GL2Z,GNL,Equipment-7926,EQ-07926,combustion,,7556.24,,2025,8
Activité E&P,DP,TFT,GF,Equipment-7927,EQ-07927,combustion,Fuel Gas,5019.65,gal,2025,9
Activité E&P,AST,OURHOUD,OF,Equipment-7928,EQ-07928,flaring,Fuel Gas,3109.09,gal,2024,12
Activité E&P,AST,SH-FCP MLE,GF,Equipment-7929,EQ-07929,venting,,3305.3,,2022,9
Activité E&P,DP,TFT,GF,Equipment-7930,EQ-07930,drilling,,3429.24,,2022,2
Activité E&P,AST,BRS,OF,Equipment-7931,EQ-07931,flaring,Fuel Gas,9541.9,gal,2022,2
Activité LQS,LSH,GL2Z,GNL,Equipment-7932,EQ-07932,flaring,,1998.23,,2023,10
Activité LQS,LSH,GL3Z,GNL,Equipment-7933,EQ-07933,fugitive,,3023.73,,2024,8
Activité E&P,AST,OURHOUD,OF,Equipment-7934,EQ-07934,venting,,973.18,,2023,8
Activité LQS,LSH,GP2Z,GPL,Equipment-7935,EQ-07935,venting,,3101.71,,2024,5
Activité E&P,AST,GTIM,GF,Equipment-7936,EQ-07936,fugitive,,220.36,,2022,2
Activité RPC,RAF,RA1Z,Raffinerie,Equipment-7937,EQ-07937,flaring,Diesel,7531.24,gal,2023,2
Activité E&P,DP,HBK,GF,Equipment-7938,EQ-07938,drilling,,2626.23,,2022,9
Activité E&P,DP,REB,OF,Equipment-7939,EQ-07939,venting,,4413.18,,2025,5
Activité E&P,DP,ADR,OF,Equipment-7940,EQ-07940,venting,,623.52,,2022,6
Activité RPC,PEC,CPEK,Pétrochimie,Equipment-7941,EQ-07941,flaring,,3039.04,,2022,10
Activité E&P,AST,SH-FCP MLE,GF,Equipment-7942,EQ-07942,venting,,739.94,,2025,6
Activité E&P,AST,SH-FCP MLE,GF,Equipment-7943,EQ-07943,combustion,Natural Gas,2690.33,scf,2023,4
Activité E&P,AST,MLN,OF,Equipment-7944,EQ-07944,venting,,8214.53,,2023,1
Activité E&P,AST,GTG,GF,Equipment-7945,EQ-07945,drilling,,8356.4,,2024,10
Activité E&P,AST,GSS,OF,Equipment-7946,EQ-07946,drilling,,443.03,,2024,6
Activité E&P,DP,HMD,OF,Equipment-7947,EQ-07947,drilling,,2030.68,,2023,8
Activité E&P,DP,OHT,GF,Equipment-7948,EQ-07948,combustion,Diesel,187.81,gal,2025,4
Activité E&P,AST,OURHOUD,OF,Equipment-7949,EQ-07949,fugitive,,9963.94,,2022,3
Activité E&P,DP,HBK,GF,Equipment-7950,EQ-07950,flaring,Fuel Gas,6391.51,gal,2024,9
Activité E&P,AST,GTIM,GF,Equipment-7951,EQ-07951,drilling,,4914.22,,2024,12
Activité LQS,LSH,GL2Z,GNL,Equipment-7952,EQ-07952,flaring,Natural Gas,1906.18,scf,2024,11
Activité E&P,AST,OURHOUD,OF,Equipment-7953,EQ-07953,venting,,7110.71,,2023,2
Activité E&P,DP,INAS,GF,Equipment-7954,EQ-07954,flaring,Propane,7891.27,gal,2022,11
Activité E&P,DP,HBK,GF,Equipment-7955,EQ-07955,flaring,Propane,1589.06,gal,2025,11
Activité LQS,LSH,GL2Z,GNL,Equipment-7956,EQ-07956,combustion,Fuel Gas,5763.17,gal,2025,8
Activité E&P,AST,GTG,GF,Equipment-7957,EQ-07957,combustion,Natural Gas,9495.28,scf,2024,4
Activité LQS,LSH,GP1Z,GPL,Equipment-7958,EQ-07958,drilling,,7772.67,,2025,7
Activité RPC,RAF,RA1G,Raffinerie,Equipment-7959,EQ-07959,flaring,,1034.93,,2025,2
Activité E&P,AST,GTIM,GF,Equipment-7960,EQ-07960,fugitive,,214.53,,2022,8
Activité E&P,DP,TFT,GF,Equipment-7961,EQ-07961,fugitive,,2322.13,,2022,9
Activité E&P,DP,ADR,OF,Equipment-7962,EQ-07962,combustion,Propane,8699.85,gal,2024,4
Activité E&P,DP,ADR,OF,Equipment-7963,EQ-07963,venting,,9432.44,,2025,6
Activité E&P,DP,RNS,GF,Equipment-7964,EQ-07964,combustion,Fuel Gas,8497.55,gal,2025,3
Activité E&P,DP,RNS,GF,Equipment-7965,EQ-07965,fugitive,,3001.43,,2022,5
Activité E&P,DP,HMD,OF,Equipment-7966,EQ-07966,flaring,Fuel Gas,8420.01,gal,2023,6
Activité RPC,RAF,RA1G,Raffinerie,Equipment-7967,EQ-07967,drilling,,551.99,,2025,7
Activité E&P,AST,GB,OF,Equipment-7968,EQ-07968,combustion,,314.41,,2024,12
Activité E&P,AST,GTIM,GF,Equipment-7969,EQ-07969,drilling,,6045.15,,2023,9
Activité RPC,RAF,RA1G,Raffinerie,Equipment-7970,EQ-07970,venting,,1063.66,,2022,2
Activité E&P,DP,INAS,GF,Equipment-7971,EQ-07971,venting,,2119.94,,2025,5
Activité E&P,AST,GTFT,GF,Equipment-7972,EQ-07972,venting,,8146.62,,2022,7
Activité E&P,DP,OHT,GF,Equipment-7973,EQ-07973,drilling,,1990.81,,2024,1
Activité E&P,DP,OHT,GF,Equipment-7974,EQ-07974,drilling,,8146.99,,2024,2
Activité E&P,DP,TFT,GF,Equipment-7975,EQ-07975,flaring,Fuel Gas,4861.43,gal,2024,2
Activité E&P,AST,GSS,OF,Equipment-7976,EQ-07976,drilling,,2993.63,,2023,11
Activité LQS,LSH,GL1Z,GNL,Equipment-7977,EQ-07977,venting,,7850.78,,2023,2
Activité E&P,AST,SH-FCP MLE,GF,Equipment-7978,EQ-07978,drilling,,8735.48,,2022,8
Activité RPC,PEC,CPEK,Pétrochimie,Equipment-7979,EQ-07979,flaring,,3495.89,,2023,9
Activité RPC,RAF,RA1G,Raffinerie,Equipment-7980,EQ-07980,flaring,Propane,2194.99,gal,2024,5
Activité E&P,DP,OHT,GF,Equipment-7981,EQ-07981,flaring,Fuel Gas,7334.83,gal,2023,4
Activité E&P,AST,MLN,OF,Equipment-7982,EQ-07982,combustion,,4631.96,,2023,6
Activité E&P,AST,MLN,OF,Equipment-7983,EQ-07983,fugitive,,2939.2,,2023,6
Activité E&P,AST,INA,GF,Equipment-7984,EQ-07984,combustion,Propane,1842.35,gal,2022,4
Activité E&P,AST,MLN,OF,Equipment-7985,EQ-07985,venting,,4317.33,,2022,3
Activité E&P,DP,INAS,GF,Equipment-7986,EQ-07986,fugitive,,7571.23,,2024,11
Activité E&P,AST,GTG,GF,Equipment-7987,EQ-07987,combustion,Fuel Gas,5200.16,gal,2022,1
Activité E&P,AST,HBR,OF,Equipment-7988,EQ-07988,venting,,2702.92,,2023,12
Activité E&P,AST,REGGANE,GF,Equipment-7989,EQ-07989,drilling,,987.67,,2024,2
Activité E&P,AST,SH-FCP MLE,GF,Equipment-7990,EQ-07990,combustion,Fuel Gas,782.68,gal,2025,8
Activité RPC,RAF,RA1A,Raffinerie,Equipment-7991,EQ-07991,drilling,,741.62,,2022,7
Activité LQS,LSH,GL2Z,GNL,Equipment-7992,EQ-07992,fugitive,,4496.62,,2025,8
Activité RPC,RAF,RA1A,Raffinerie,Equipment-7993,EQ-07993,flaring,Propane,7145.51,gal,2024,1
Activité E&P,DP,HBK,GF,Equipment-7994,EQ-07994,flaring,Propane,2280.76,gal,2025,2
Activité E&P,DP,REB,OF,Equipment-7995,EQ-07995,venting,,4682.45,,2025,5
Activité RPC,RAF,RA1Z,Raffinerie,Equipment-7996,EQ-07996,venting,,7926.12,,2023,10
Activité E&P,AST,INA,GF,Equipment-7997,EQ-07997,fugitive,,5814.72,,2022,9
Activité E&P,AST,SH-FCP MLE,GF,Equipment-7998,EQ-07998,fugitive,,3099.47,,2024,11
Activité RPC,RAF,RA1G,Raffinerie,Equipment-7999,EQ-07999,venting,,4493.74,,2024,4
Activité E&P,DP,GTL,GF,Equipment-8000,EQ-08000,venting,,4562.91,,2022,4
Activité RPC,RAF,RA1A,Raffinerie,Equipment-8001,EQ-08001,fugitive,,9502.31,,2025,8
Activité E&P,AST,ISG,GF,Equipment-8002,EQ-08002,combustion,Diesel,3649.0,gal,2024,10
Activité E&P,AST,MLN,OF,Equipment-8003,EQ-08003,venting,,8392.96,,2025,9
Activité RPC,RAF,RA1Z,Raffinerie,Equipment-8004,EQ-08004,drilling,,9600.28,,2023,11
Activité E&P,AST,GTIM,GF,Equipment-8005,EQ-08005,fugitive,,3601.01,,2025,2
Activité RPC,RAF,RA1A,Raffinerie,Equipment-8006,EQ-08006,drilling,,1558.39,,2022,8
Activité RPC,RAF,RA1K,Raffinerie,Equipment-8007,EQ-08007,venting,,5651.97,,2025,6
Activité E&P,AST,GTG,GF,Equipment-8008,EQ-08008,venting,,8622.51,,2025,2
Activité E&P,AST,BRS,OF,Equipment-8009,EQ-08009,fugitive,,2597.15,,2024,7
Activité E&P,AST,BMS,OF,Equipment-8010,EQ-08010,flaring,Natural Gas,9877.36,scf,2025,6
Activité LQS,LSH,GL1K,GNL,Equipment-8011,EQ-08011,combustion,Propane,6350.11,gal,2022,12
Activité E&P,AST,SH-FCP MLE,GF,Equipment-8012,EQ-08012,drilling,,3077.33,,2023,3
Activité E&P,AST,HBR,OF,Equipment-8013,EQ-08013,flaring,Diesel,7806.1,gal,2024,11
Activité RPC,RAF,RA1A,Raffinerie,Equipment-8014,EQ-08014,fugitive,,6817.15,,2023,3
Activité E&P,AST,GSS,OF,Equipment-8015,EQ-08015,fugitive,,1714.79,,2023,1
Activité LQS,LSH,GL2Z,GNL,Equipment-8016,EQ-08016,venting,,6434.15,,2025,12
Activité RPC,RAF,RA1K,Raffinerie,Equipment-8017,EQ-08017,drilling,,3046.77,,2025,11
Activité E&P,AST,HBR,OF,Equipment-8018,EQ-08018,flaring,Diesel,6152.73,gal,2023,5
Activité RPC,RAF,RA1G,Raffinerie,Equipment-8019,EQ-08019,drilling,,8682.35,,2022,12
Activité LQS,LSH,GP2Z,GPL,Equipment-8020,EQ-08020,venting,,9593.09,,2023,12
Activité E&P,DP,ADR,OF,Equipment-8021,EQ-08021,drilling,,9962.77,,2024,1
Activité LQS,LSH,GP1Z,GPL,Equipment-8022,EQ-08022,venting,,2201.91,,2023,11
Activité E&P,DP,HMD,OF,Equipment-8023,EQ-08023,drilling,,6718.73,,2025,3
Activité E&P,AST,BMS,OF,Equipment-8024,EQ-08024,fugitive,,5443.76,,2022,8
Activité E&P,AST,RKF,OF,Equipment-8025,EQ-08025,combustion,Diesel,8630.56,gal,2023,8
Activité E&P,AST,GSS,OF,Equipment-8026,EQ-08026,venting,,6137.45,,2022,1
Activité E&P,AST,HBR,OF,Equipment-8027,EQ-08027,drilling,,5171.86,,2024,10
Activité RPC,PEC,CPEK,Pétrochimie,Equipment-8028,EQ-08028,venting,,8577.44,,2022,10
Activité E&P,AST,ISG,GF,Equipment-8029,EQ-08029,venting,,5163.94,,2023,10
Activité E&P,AST,ISG,GF,Equipment-8030,EQ-08030,fugitive,,9653.51,,2025,1
Activité E&P,AST,REGGANE,GF,Equipment-8031,EQ-08031,drilling,,1304.13,,2023,11
Activité E&P,DP,OHT,GF,Equipment-8032,EQ-08032,flaring,Diesel,6329.08,gal,2023,9
Activité E&P,AST,GTFT,GF,Equipment-8033,EQ-08033,fugitive,,4172.65,,2023,3
Activité RPC,PEC,CPEK,Pétrochimie,Equipment-8034,EQ-08034,fugitive,,9894.55,,2022,7
Activité E&P,DP,STAH,OF,Equipment-8035,EQ-08035,fugitive,,582.88,,2025,4
Activité RPC,PEC,CP1Z,Pétrochimie,Equipment-8036,EQ-08036,venting,,7924.79,,2025,2
Activité E&P,DP,GTL,GF,Equipment-8037,EQ-08037,venting,,5821.11,,2022,2
Activité LQS,LSH,GL1Z,GNL,Equipment-8038,EQ-08038,combustion,,9440.87,,2022,4
Activité E&P,DP,ADR,OF,Equipment-8039,EQ-08039,venting,,2534.16,,2022,7
Activité RPC,RAF,RA1Z,Raffinerie,Equipment-8040,EQ-08040,venting,,7519.54,,2023,9
Activité LQS,LSH,GP2Z,GPL,Equipment-8041,EQ-08041,flaring,,6085.27,,2023,2
Activité RPC,RAF,RA1Z,Raffinerie,Equipment-8042,EQ-08042,fugitive,,4701.07,,2022,11
Activité E&P,AST,GB,OF,Equipment-8043,EQ-08043,combustion,Natural Gas,8145.14,scf,2022,4
Activité E&P,AST,GTIM,GF,Equipment-8044,EQ-08044,combustion,Natural Gas,4347.96,scf,2025,8
Activité E&P,AST,GTFT,GF,Equipment-8045,EQ-08045,fugitive,,770.93,,2023,1
Activité E&P,AST,GTG,GF,Equipment-8046,EQ-08046,drilling,,1877.45,,2025,12
Activité E&P,DP,STAH,OF,Equipment-8047,EQ-08047,combustion,Propane,3421.21,gal,2024,5
Activité RPC,RAF,RA1G,Raffinerie,Equipment-8048,EQ-08048,combustion,Diesel,6115.6,gal,2023,8
Activité RPC,RAF,RA1A,Raffinerie,Equipment-8049,EQ-08049,fugitive,,2881.39,,2022,7
Activité E&P,AST,BMS,OF,Equipment-8050,EQ-08050,drilling,,6111.05,,2022,11
Activité LQS,LSH,GP1Z,GPL,Equipment-8051,EQ-08051,venting,,634.19,,2023,4
Activité RPC,RAF,RA1K,Raffinerie,Equipment-8052,EQ-08052,flaring,Fuel Gas,9943.43,gal,2025,5
Activité RPC,RAF,RA1K,Raffinerie,Equipment-8053,EQ-08053,flaring,Natural Gas,6224.13,scf,2025,1
Activité E&P,AST,GTIM,GF,Equipment-8054,EQ-08054,flaring,Fuel Gas,5269.53,gal,2023,7
Activité LQS,LSH,GL1K,GNL,Equipment-8055,EQ-08055,fugitive,,2382.08,,2023,5
Activité LQS,LSH,GL1K,GNL,Equipment-8056,EQ-08056,fugitive,,317.13,,2022,11
Activité RPC,RAF,RA1Z,Raffinerie,Equipment-8057,EQ-08057,fugitive,,9850.39,,2024,7
Activité E&P,AST,MLN,OF,Equipment-8058,EQ-08058,venting,,2974.56,,2023,5
Activité E&P,DP,REB,OF,Equipment-8059,EQ-08059,drilling,,1582.29,,2022,9
Activité RPC,RAF,RA1Z,Raffinerie,Equipment-8060,EQ-08060,fugitive,,9917.13,,2025,2
Activité E&P,DP,GTL,GF,Equipment-8061,EQ-08061,drilling,,4954.24,,2023,12
Activité E&P,DP,STAH,OF,Equipment-8062,EQ-08062,fugitive,,2369.37,,2025,5
Activité E&P,DP,REB,OF,Equipment-8063,EQ-08063,flaring,Diesel,7095.36,gal,2024,11
Activité E&P,DP,INAS,GF,Equipment-8064,EQ-08064,combustion,,7098.04,,2024,1
Activité E&P,DP,INAS,GF,Equipment-8065,EQ-08065,fugitive,,7313.86,,2025,4
Activité E&P,DP,HBK,GF,Equipment-8066,EQ-08066,drilling,,2503.16,,2023,3
Activité E&P,AST,G SH-ENI,OF,Equipment-8067,EQ-08067,venting,,2445.12,,2025,8
Activité E&P,AST,RKF,OF,Equipment-8068,EQ-08068,flaring,Fuel Gas,1873.8,gal,2023,11
Activité E&P,DP,REB,OF,Equipment-8069,EQ-08069,venting,,2160.53,,2022,6
Activité LQS,LSH,GL1Z,GNL,Equipment-8070,EQ-08070,venting,,1453.87,,2024,8
Activité E&P,AST,GSS,OF,Equipment-8071,EQ-08071,drilling,,1557.82,,2022,9
Activité LQS,LSH,GL1K,GNL,Equipment-8072,EQ-08072,combustion,Natural Gas,1981.99,scf,2022,6
Activité E&P,DP,GTL,GF,Equipment-8073,EQ-08073,drilling,,5605.98,,2024,5
Activité RPC,RAF,RA1Z,Raffinerie,Equipment-8074,EQ-08074,flaring,Propane,5821.83,gal,2022,4
Activité RPC,RAF,RA1A,Raffinerie,Equipment-8075,EQ-08075,combustion,Natural Gas,6652.53,scf,2025,11
Activité E&P,DP,GTL,GF,Equipment-8076,EQ-08076,venting,,5652.64,,2023,4
Activité RPC,RAF,RA1Z,Raffinerie,Equipment-8077,EQ-08077,fugitive,,2182.89,,2025,12
Activité E&P,DP,TFT,GF,Equipment-8078,EQ-08078,venting,,8809.37,,2023,10
Activité E&P,AST,BRS,OF,Equipment-8079,EQ-08079,drilling,,6261.13,,2022,11
Activité RPC,RAF,RA1A,Raffinerie,Equipment-8080,EQ-08080,drilling,,6256.43,,2025,7
Activité E&P,AST,ISG,GF,Equipment-8081,EQ-08081,flaring,Fuel Gas,3834.19,gal,2023,3
Activité E&P,DP,RNS,GF,Equipment-8082,EQ-08082,venting,,8049.29,,2023,10
Activité E&P,AST,BMS,OF,Equipment-8083,EQ-08083,flaring,Fuel Gas,1727.32,gal,2022,12
Activité LQS,LSH,GP2Z,GPL,Equipment-8084,EQ-08084,drilling,,9584.52,,2024,2
Activité E&P,AST,ISG,GF,Equipment-8085,EQ-08085,drilling,,4947.24,,2022,9
Activité E&P,DP,RNS,GF,Equipment-8086,EQ-08086,drilling,,8949.76,,2025,5
Activité RPC,RAF,RA1A,Raffinerie,Equipment-8087,EQ-08087,venting,,9354.22,,2025,2
Activité E&P,DP,RNS,GF,Equipment-8088,EQ-08088,combustion,Natural Gas,3209.28,scf,2022,8
Activité E&P,AST,GTIM,GF,Equipment-8089,EQ-08089,flaring,Natural Gas,8681.69,scf,2025,8
Activité E&P,DP,HMD,OF,Equipment-8090,EQ-08090,combustion,Diesel,5950.64,gal,2023,1
Activité LQS,LSH,GP2Z,GPL,Equipment-8091,EQ-08091,flaring,Diesel,7825.69,gal,2023,10
Activité E&P,DP,HMD,OF,Equipment-8092,EQ-08092,venting,,1963.22,,2022,1
Activité LQS,LSH,GL1K,GNL,Equipment-8093,EQ-08093,venting,,8049.08,,2023,12
Activité E&P,DP,TFT,GF,Equipment-8094,EQ-08094,flaring,Propane,8895.32,gal,2025,2
Activité E&P,DP,HBK,GF,Equipment-8095,EQ-08095,flaring,,9804.33,,2024,1
Activité E&P,DP,HMD,OF,Equipment-8096,EQ-08096,combustion,Natural Gas,6205.51,scf,2023,12
Activité LQS,LSH,GL1K,GNL,Equipment-8097,EQ-08097,combustion,,9297.96,,2023,1
Activité E&P,AST,MLN,OF,Equipment-8098,EQ-08098,combustion,Natural Gas,5498.17,scf,2022,1
Activité E&P,DP,RNS,GF,Equipment-8099,EQ-08099,venting,,8199.93,,2022,8
Activité E&P,DP,STAH,OF,Equipment-8100,EQ-08100,flaring,Fuel Gas,9711.74,gal,2023,6
Activité E&P,DP,HBK,GF,Equipment-8101,EQ-08101,fugitive,,3582.94,,2025,9
Activité E&P,DP,GTL,GF,Equipment-8102,EQ-08102,combustion,Propane,7642.11,gal,2024,4
Activité E&P,AST,GB,OF,Equipment-8103,EQ-08103,fugitive,,8668.65,,2023,10
Activité E&P,AST,REGGANE,GF,Equipment-8104,EQ-08104,fugitive,,4784.84,,2023,12
Activité E&P,AST,MLN,OF,Equipment-8105,EQ-08105,flaring,,3783.23,,2023,2
Activité RPC,PEC,CP1Z,Pétrochimie,Equipment-8106,EQ-08106,combustion,Natural Gas,9112.41,scf,2024,8
Activité RPC,RAF,RA1A,Raffinerie,Equipment-8107,EQ-08107,venting,,7098.18,,2023,11
Activité E&P,AST,GSS,OF,Equipment-8108,EQ-08108,flaring,,9543.6,,2024,5
Activité E&P,DP,TFT,GF,Equipment-8109,EQ-08109,drilling,,1152.8,,2023,8
Activité LQS,LSH,GP2Z,GPL,Equipment-8110,EQ-08110,combustion,Natural Gas,9761.88,scf,2024,6
Activité E&P,DP,STAH,OF,Equipment-8111,EQ-08111,venting,,92.29,,2022,6
Activité E&P,DP,INAS,GF,Equipment-8112,EQ-08112,fugitive,,9379.93,,2025,11
Activité E&P,AST,GB,OF,Equipment-8113,EQ-08113,flaring,,7300.9,,2025,2
Activité E&P,DP,INAS,GF,Equipment-8114,EQ-08114,flaring,,5241.4,,2024,4
Activité E&P,DP,HRM,GF,Equipment-8115,EQ-08115,combustion,,4420.22,,2023,5
Activité E&P,AST,HBR,OF,Equipment-8116,EQ-08116,flaring,Natural Gas,2523.16,scf,2023,8
Activité E&P,AST,SH-FCP MLE,GF,Equipment-8117,EQ-08117,flaring,Fuel Gas,5654.76,gal,2025,2
Activité E&P,AST,MLN,OF,Equipment-8118,EQ-08118,flaring,Diesel,992.66,gal,2022,9
Activité E&P,AST,BRS,OF,Equipment-8119,EQ-08119,flaring,Propane,7169.42,gal,2024,10
Activité E&P,AST,GTG,GF,Equipment-8120,EQ-08120,drilling,,9781.39,,2025,5
Activité E&P,DP,INAS,GF,Equipment-8121,EQ-08121,venting,,36.81,,2025,6
Activité E&P,AST,HBR,OF,Equipment-8122,EQ-08122,venting,,8571.95,,2024,1
Activité E&P,DP,RNS,GF,Equipment-8123,EQ-08123,drilling,,5506.34,,2024,3
Activité E&P,DP,HBK,GF,Equipment-8124,EQ-08124,fugitive,,7560.34,,2025,5
Activité E&P,AST,INA,GF,Equipment-8125,EQ-08125,fugitive,,2917.45,,2024,4
Activité E&P,DP,HRM,GF,Equipment-8126,EQ-08126,venting,,9082.86,,2022,2
Activité E&P,DP,HBK,GF,Equipment-8127,EQ-08127,combustion,Fuel Gas,5275.52,gal,2023,9
Activité E&P,AST,BRS,OF,Equipment-8128,EQ-08128,combustion,,9806.18,,2024,7
Activité E&P,AST,ISG,GF,Equipment-8129,EQ-08129,flaring,,8005.03,,2024,6
Activité E&P,DP,HRM,GF,Equipment-8130,EQ-08130,fugitive,,6479.55,,2023,9
Activité E&P,AST,BRS,OF,Equipment-8131,EQ-08131,combustion,Natural Gas,6890.44,scf,2025,4
Activité E&P,AST,SH-FCP MLE,GF,Equipment-8132,EQ-08132,combustion,Natural Gas,5911.77,scf,2024,6
Activité LQS,LSH,GL1Z,GNL,Equipment-8133,EQ-08133,combustion,Diesel,6244.89,gal,2024,6
Activité E&P,AST,MLN,OF,Equipment-8134,EQ-08134,flaring,Fuel Gas,9235.24,gal,2022,4
Activité E&P,AST,G SH-ENI,OF,Equipment-8135,EQ-08135,combustion,Diesel,7324.46,gal,2024,5
Activité E&P,AST,GSS,OF,Equipment-8136,EQ-08136,fugitive,,6786.06,,2023,4
Activité E&P,AST,GTIM,GF,Equipment-8137,EQ-08137,flaring,,311.2,,2025,8
Activité E&P,AST,GB,OF,Equipment-8138,EQ-08138,fugitive,,4212.41,,2022,8
Activité RPC,PEC,CP1Z,Pétrochimie,Equipment-8139,EQ-08139,fugitive,,2545.78,,2022,7
Activité E&P,DP,INAS,GF,Equipment-8140,EQ-08140,flaring,Propane,3350.73,gal,2024,7
Activité E&P,AST,RKF,OF,Equipment-8141,EQ-08141,venting,,1659.09,,2022,12
Activité RPC,RAF,RA1G,Raffinerie,Equipment-8142,EQ-08142,flaring,,1671.18,,2023,7
Activité E&P,AST,GTFT,GF,Equipment-8143,EQ-08143,venting,,252.54,,2023,1
Activité RPC,RAF,RA1K,Raffinerie,Equipment-8144,EQ-08144,combustion,Propane,2534.83,gal,2022,11
Activité RPC,PEC,CPEK,Pétrochimie,Equipment-8145,EQ-08145,fugitive,,4257.33,,2024,11
Activité RPC,RAF,RA1K,Raffinerie,Equipment-8146,EQ-08146,combustion,Fuel Gas,7713.98,gal,2024,2
Activité RPC,PEC,CPEK,Pétrochimie,Equipment-8147,EQ-08147,flaring,Fuel Gas,952.94,gal,2023,3
Activité E&P,DP,INAS,GF,Equipment-8148,EQ-08148,fugitive,,6673.24,,2022,6
Activité LQS,LSH,GP2Z,GPL,Equipment-8149,EQ-08149,venting,,7673.24,,2024,2
Activité E&P,DP,GTL,GF,Equipment-8150,EQ-08150,fugitive,,1725.45,,2022,4
Activité E&P,AST,REGGANE,GF,Equipment-8151,EQ-08151,drilling,,9534.87,,2025,12
Activité LQS,LSH,GP2Z,GPL,Equipment-8152,EQ-08152,flaring,Propane,1327.64,gal,2025,3
Activité E&P,AST,INA,GF,Equipment-8153,EQ-08153,flaring,Fuel Gas,1244.43,gal,2025,9
Activité E&P,DP,OHT,GF,Equipment-8154,EQ-08154,drilling,,7174.09,,2023,6
Activité E&P,DP,STAH,OF,Equipment-8155,EQ-08155,flaring,Diesel,9291.52,gal,2025,9
Activité RPC,PEC,CPEK,Pétrochimie,Equipment-8156,EQ-08156,fugitive,,7093.59,,2022,6
Activité RPC,PEC,CPEK,Pétrochimie,Equipment-8157,EQ-08157,fugitive,,7632.57,,2023,10
Activité LQS,LSH,GL2Z,GNL,Equipment-8158,EQ-08158,combustion,Fuel Gas,2112.14,gal,2025,10
Activité LQS,LSH,GL2Z,GNL,Equipment-8159,EQ-08159,fugitive,,5522.38,,2023,3
Activité E&P,DP,HRM,GF,Equipment-8160,EQ-08160,drilling,,8786.25,,2025,4
Activité E&P,AST,BRS,OF,Equipment-8161,EQ-08161,fugitive,,5637.72,,2023,9
Activité LQS,LSH,GL3Z,GNL,Equipment-8162,EQ-08162,fugitive,,7995.07,,2024,10
Activité E&P,AST,HBR,OF,Equipment-8163,EQ-08163,fugitive,,1786.66,,2025,9
Activité RPC,RAF,RA1G,Raffinerie,Equipment-8164,EQ-08164,flaring,Natural Gas,5006.17,scf,2022,10
Activité E&P,AST,BMS,OF,Equipment-8165,EQ-08165,fugitive,,142.15,,2022,10
Activité E&P,AST,BRS,OF,Equipment-8166,EQ-08166,flaring,Fuel Gas,8704.83,gal,2023,3
Activité E&P,AST,BRS,OF,Equipment-8167,EQ-08167,combustion,Natural Gas,4380.94,scf,2024,7
Activité LQS,LSH,GP2Z,GPL,Equipment-8168,EQ-08168,venting,,1324.07,,2023,2
Activité E&P,AST,GTIM,GF,Equipment-8169,EQ-08169,flaring,Propane,5200.47,gal,2022,7
Activité E&P,AST,REGGANE,GF,Equipment-8170,EQ-08170,fugitive,,6751.67,,2024,10
Activité LQS,LSH,GP1Z,GPL,Equipment-8171,EQ-08171,combustion,Diesel,7172.02,gal,2024,6
Activité E&P,DP,ADR,OF,Equipment-8172,EQ-08172,drilling,,3037.1,,2022,3
Activité E&P,AST,INA,GF,Equipment-8173,EQ-08173,flaring,Propane,7576.77,gal,2025,3
Activité E&P,AST,GTG,GF,Equipment-8174,EQ-08174,fugitive,,9044.07,,2025,10
Activité E&P,DP,TFT,GF,Equipment-8175,EQ-08175,drilling,,1562.85,,2023,10
Activité E&P,AST,BMS,OF,Equipment-8176,EQ-08176,flaring,Propane,3177.22,gal,2022,12
Activité E&P,DP,ADR,OF,Equipment-8177,EQ-08177,combustion,Natural Gas,8203.35,scf,2022,8
Activité E&P,AST,GTFT,GF,Equipment-8178,EQ-08178,flaring,Diesel,3839.73,gal,2024,12
Activité E&P,AST,GTG,GF,Equipment-8179,EQ-08179,flaring,Diesel,6567.19,gal,2024,11
Activité E&P,AST,HBR,OF,Equipment-8180,EQ-08180,flaring,,3015.68,,2022,3
Activité E&P,AST,GTIM,GF,Equipment-8181,EQ-08181,fugitive,,9647.57,,2022,8
Activité E&P,AST,MLN,OF,Equipment-8182,EQ-08182,venting,,2268.9,,2025,9
Activité E&P,DP,INAS,GF,Equipment-8183,EQ-08183,venting,,7031.02,,2024,5
Activité E&P,AST,OURHOUD,OF,Equipment-8184,EQ-08184,fugitive,,5971.41,,2023,3
Activité E&P,DP,OHT,GF,Equipment-8185,EQ-08185,venting,,3582.37,,2022,11
Activité E&P,DP,ADR,OF,Equipment-8186,EQ-08186,flaring,,8707.14,,2023,7
Activité E&P,DP,GTL,GF,Equipment-8187,EQ-08187,flaring,,5558.35,,2025,10
Activité E&P,AST,ISG,GF,Equipment-8188,EQ-08188,drilling,,2272.22,,2022,10
Activité E&P,DP,GTL,GF,Equipment-8189,EQ-08189,venting,,1948.94,,2023,7
Activité E&P,AST,GSS,OF,Equipment-8190,EQ-08190,venting,,4944.88,,2022,5
Activité E&P,AST,INA,GF,Equipment-8191,EQ-08191,flaring,Natural Gas,756.48,scf,2024,8
Activité E&P,AST,SH-FCP MLE,GF,Equipment-8192,EQ-08192,flaring,,9538.41,,2024,11
Activité RPC,PEC,CPEK,Pétrochimie,Equipment-8193,EQ-08193,venting,,7312.04,,2023,6
Activité RPC,RAF,RA1K,Raffinerie,Equipment-8194,EQ-08194,drilling,,6878.8,,2023,5
Activité E&P,AST,GTFT,GF,Equipment-8195,EQ-08195,venting,,5914.78,,2025,4
Activité E&P,DP,STAH,OF,Equipment-8196,EQ-08196,fugitive,,3978.01,,2024,1
Activité E&P,AST,OURHOUD,OF,Equipment-8197,EQ-08197,venting,,7916.48,,2024,5
Activité E&P,AST,OURHOUD,OF,Equipment-8198,EQ-08198,fugitive,,5054.38,,2024,8
Activité E&P,DP,HBK,GF,Equipment-8199,EQ-08199,fugitive,,1226.19,,2024,4
Activité E&P,AST,MLN,OF,Equipment-8200,EQ-08200,fugitive,,4675.36,,2025,2
Activité RPC,RAF,RA1A,Raffinerie,Equipment-8201,EQ-08201,venting,,6582.65,,2022,6
Activité LQS,LSH,GP1Z,GPL,Equipment-8202,EQ-08202,venting,,1793.98,,2025,12
Activité E&P,DP,INAS,GF,Equipment-8203,EQ-08203,flaring,Propane,6703.0,gal,2023,6
Activité E&P,DP,RNS,GF,Equipment-8204,EQ-08204,flaring,,5248.88,,2025,3
Activité LQS,LSH,GP1Z,GPL,Equipment-8205,EQ-08205,combustion,Fuel Gas,296.8,gal,2024,4
Activité RPC,PEC,CPEK,Pétrochimie,Equipment-8206,EQ-08206,fugitive,,5725.01,,2024,5
Activité RPC,RAF,RA1K,Raffinerie,Equipment-8207,EQ-08207,fugitive,,3365.82,,2024,10
Activité E&P,AST,GTFT,GF,Equipment-8208,EQ-08208,flaring,Natural Gas,63.35,scf,2022,7
Activité RPC,RAF,RA1K,Raffinerie,Equipment-8209,EQ-08209,drilling,,6797.45,,2024,3
Activité RPC,RAF,RA1G,Raffinerie,Equipment-8210,EQ-08210,venting,,2027.99,,2023,3
Activité LQS,LSH,GP1Z,GPL,Equipment-8211,EQ-08211,venting,,1843.93,,2023,8
Activité E&P,AST,OURHOUD,OF,Equipment-8212,EQ-08212,combustion,Natural Gas,4750.64,scf,2024,1
Activité E&P,AST,G SH-ENI,OF,Equipment-8213,EQ-08213,venting,,2352.39,,2025,2
Activité LQS,LSH,GP1Z,GPL,Equipment-8214,EQ-08214,venting,,7073.65,,2023,3
Activité E&P,AST,REGGANE,GF,Equipment-8215,EQ-08215,venting,,6882.55,,2023,2
Activité RPC,RAF,RA1G,Raffinerie,Equipment-8216,EQ-08216,fugitive,,169.05,,2025,4
Activité RPC,RAF,RA1A,Raffinerie,Equipment-8217,EQ-08217,drilling,,955.84,,2023,12
Activité LQS,LSH,GL2Z,GNL,Equipment-8218,EQ-08218,combustion,Propane,5282.58,gal,2024,7
Activité E&P,AST,INA,GF,Equipment-8219,EQ-08219,venting,,5710.13,,2023,10
Activité LQS,LSH,GL2Z,GNL,Equipment-8220,EQ-08220,flaring,Diesel,2294.82,gal,2025,5
Activité RPC,PEC,CPEK,Pétrochimie,Equipment-8221,EQ-08221,venting,,8524.91,,2022,8
Activité E&P,DP,ADR,OF,Equipment-8222,EQ-08222,combustion,Diesel,2419.56,gal,2025,12
Activité E&P,AST,GTFT,GF,Equipment-8223,EQ-08223,combustion,Fuel Gas,8078.01,gal,2022,4
Activité E&P,AST,REGGANE,GF,Equipment-8224,EQ-08224,fugitive,,2290.47,,2022,1
Activité E&P,AST,SH-FCP MLE,GF,Equipment-8225,EQ-08225,flaring,Propane,5514.99,gal,2022,10
Activité E&P,AST,OURHOUD,OF,Equipment-8226,EQ-08226,venting,,572.61,,2022,3
Activité E&P,AST,SH-FCP MLE,GF,Equipment-8227,EQ-08227,flaring,Fuel Gas,971.43,gal,2022,2
Activité E&P,AST,GB,OF,Equipment-8228,EQ-08228,combustion,Diesel,5396.59,gal,2023,5
Activité RPC,RAF,RA1A,Raffinerie,Equipment-8229,EQ-08229,drilling,,1451.85,,2024,1
Activité E&P,AST,MLN,OF,Equipment-8230,EQ-08230,venting,,9022.49,,2025,2
Activité LQS,LSH,GL1K,GNL,Equipment-8231,EQ-08231,venting,,88.44,,2023,9
Activité E&P,DP,HMD,OF,Equipment-8232,EQ-08232,flaring,,4282.11,,2025,8
Activité E&P,AST,ISG,GF,Equipment-8233,EQ-08233,drilling,,7921.15,,2023,1
Activité LQS,LSH,GP1Z,GPL,Equipment-8234,EQ-08234,flaring,Diesel,6289.37,gal,2022,1
Activité E&P,AST,ISG,GF,Equipment-8235,EQ-08235,flaring,,666.12,,2024,7
Activité E&P,AST,G SH-ENI,OF,Equipment-8236,EQ-08236,fugitive,,6621.52,,2023,4
Activité E&P,DP,INAS,GF,Equipment-8237,EQ-08237,combustion,Diesel,8990.71,gal,2025,6
Activité E&P,DP,HMD,OF,Equipment-8238,EQ-08238,combustion,Propane,6864.63,gal,2024,12
Activité E&P,DP,HMD,OF,Equipment-8239,EQ-08239,combustion,Propane,5135.99,gal,2025,12
Activité E&P,AST,BRS,OF,Equipment-8240,EQ-08240,combustion,,8833.87,,2023,1
Activité E&P,AST,BRS,OF,Equipment-8241,EQ-08241,flaring,Fuel Gas,1089.31,gal,2023,10
Activité LQS,LSH,GL2Z,GNL,Equipment-8242,EQ-08242,flaring,Natural Gas,490.62,scf,2022,2
Activité E&P,DP,INAS,GF,Equipment-8243,EQ-08243,drilling,,7500.33,,2023,4
Activité E&P,DP,INAS,GF,Equipment-8244,EQ-08244,drilling,,9663.16,,2024,10
Activité E&P,DP,TFT,GF,Equipment-8245,EQ-08245,combustion,Natural Gas,421.05,scf,2025,2
Activité LQS,LSH,GL1Z,GNL,Equipment-8246,EQ-08246,flaring,Fuel Gas,8048.8,gal,2025,9
Activité E&P,DP,OHT,GF,Equipment-8247,EQ-08247,flaring,Propane,5110.79,gal,2025,8
Activité LQS,LSH,GL1K,GNL,Equipment-8248,EQ-08248,drilling,,9475.99,,2025,1
Activité LQS,LSH,GL1Z,GNL,Equipment-8249,EQ-08249,venting,,3284.66,,2022,6
Activité RPC,PEC,CPEK,Pétrochimie,Equipment-8250,EQ-08250,flaring,Natural Gas,935.85,scf,2023,10
Activité RPC,RAF,RA1G,Raffinerie,Equipment-8251,EQ-08251,fugitive,,3847.42,,2022,3
Activité E&P,AST,GSS,OF,Equipment-8252,EQ-08252,flaring,Diesel,6275.99,gal,2023,2
Activité E&P,DP,HBK,GF,Equipment-8253,EQ-08253,venting,,8433.48,,2024,6
Activité E&P,AST,GTIM,GF,Equipment-8254,EQ-08254,drilling,,5076.26,,2024,11
Activité E&P,DP,GTL,GF,Equipment-8255,EQ-08255,combustion,Diesel,5925.58,gal,2023,3
Activité E&P,AST,BRS,OF,Equipment-8256,EQ-08256,venting,,4351.9,,2023,3
Activité E&P,AST,GSS,OF,Equipment-8257,EQ-08257,drilling,,4036.75,,2022,8
Activité RPC,RAF,RA1K,Raffinerie,Equipment-8258,EQ-08258,fugitive,,3221.9,,2025,7
Activité E&P,AST,OURHOUD,OF,Equipment-8259,EQ-08259,venting,,3540.31,,2023,4
Activité E&P,DP,REB,OF,Equipment-8260,EQ-08260,drilling,,966.92,,2023,9
Activité RPC,RAF,RA1Z,Raffinerie,Equipment-8261,EQ-08261,drilling,,483.0,,2022,12
Activité E&P,AST,GTIM,GF,Equipment-8262,EQ-08262,fugitive,,5066.76,,2024,8
Activité E&P,DP,HBK,GF,Equipment-8263,EQ-08263,fugitive,,9938.59,,2022,8
Activité RPC,PEC,CPEK,Pétrochimie,Equipment-8264,EQ-08264,fugitive,,3614.72,,2022,8
Activité E&P,AST,BRS,OF,Equipment-8265,EQ-08265,venting,,7716.93,,2024,4
Activité E&P,AST,INA,GF,Equipment-8266,EQ-08266,combustion,Diesel,3246.55,gal,2025,12
Activité E&P,AST,GB,OF,Equipment-8267,EQ-08267,venting,,1364.09,,2023,7
Activité E&P,AST,SH-FCP MLE,GF,Equipment-8268,EQ-08268,flaring,,5187.77,,2024,10
Activité E&P,AST,OURHOUD,OF,Equipment-8269,EQ-08269,fugitive,,950.0,,2025,3
Activité E&P,AST,GTG,GF,Equipment-8270,EQ-08270,flaring,Propane,5875.88,gal,2025,11
Activité E&P,DP,GTL,GF,Equipment-8271,EQ-08271,fugitive,,2480.61,,2023,5
Activité RPC,RAF,RA1G,Raffinerie,Equipment-8272,EQ-08272,fugitive,,9023.35,,2024,5
Activité LQS,LSH,GL1Z,GNL,Equipment-8273,EQ-08273,drilling,,8479.63,,2023,3
Activité E&P,AST,INA,GF,Equipment-8274,EQ-08274,drilling,,5032.02,,2022,12
Activité RPC,RAF,RA1A,Raffinerie,Equipment-8275,EQ-08275,combustion,Natural Gas,5187.52,scf,2023,12
Activité E&P,DP,REB,OF,Equipment-8276,EQ-08276,combustion,Propane,6145.54,gal,2025,11
Activité E&P,AST,OURHOUD,OF,Equipment-8277,EQ-08277,venting,,2615.61,,2022,2
Activité E&P,DP,HRM,GF,Equipment-8278,EQ-08278,flaring,Natural Gas,4022.6,scf,2024,3
Activité RPC,RAF,RA1G,Raffinerie,Equipment-8279,EQ-08279,combustion,Diesel,4442.21,gal,2022,6
Activité E&P,DP,STAH,OF,Equipment-8280,EQ-08280,fugitive,,4035.96,,2024,5
Activité E&P,AST,BRS,OF,Equipment-8281,EQ-08281,drilling,,3194.24,,2023,9
Activité E&P,DP,TFT,GF,Equipment-8282,EQ-08282,drilling,,7946.71,,2023,3
Activité E&P,DP,GTL,GF,Equipment-8283,EQ-08283,fugitive,,4396.26,,2022,9
Activité LQS,LSH,GL2Z,GNL,Equipment-8284,EQ-08284,fugitive,,2490.26,,2024,7
Activité E&P,DP,HBK,GF,Equipment-8285,EQ-08285,flaring,Propane,2515.47,gal,2022,1
Activité LQS,LSH,GL3Z,GNL,Equipment-8286,EQ-08286,fugitive,,6256.03,,2025,4
Activité LQS,LSH,GP1Z,GPL,Equipment-8287,EQ-08287,fugitive,,9815.28,,2025,3
Activité LQS,LSH,GL3Z,GNL,Equipment-8288,EQ-08288,venting,,9737.38,,2022,10
Activité LQS,LSH,GL1K,GNL,Equipment-8289,EQ-08289,flaring,,3843.94,,2023,12
Activité E&P,AST,INA,GF,Equipment-8290,EQ-08290,venting,,5583.44,,2025,12
Activité LQS,LSH,GL1K,GNL,Equipment-8291,EQ-08291,fugitive,,8248.12,,2024,7
Activité RPC,PEC,CP1Z,Pétrochimie,Equipment-8292,EQ-08292,flaring,Natural Gas,8550.03,scf,2025,11
Activité E&P,AST,GTFT,GF,Equipment-8293,EQ-08293,flaring,Propane,3882.82,gal,2023,6
Activité RPC,PEC,CPEK,Pétrochimie,Equipment-8294,EQ-08294,venting,,2046.68,,2023,5
Activité E&P,AST,HBR,OF,Equipment-8295,EQ-08295,flaring,Natural Gas,1941.2,scf,2024,9
Activité E&P,AST,GSS,OF,Equipment-8296,EQ-08296,venting,,7896.44,,2023,10
Activité E&P,AST,INA,GF,Equipment-8297,EQ-08297,drilling,,3774.55,,2024,3
Activité RPC,PEC,CP1Z,Pétrochimie,Equipment-8298,EQ-08298,drilling,,9924.82,,2022,7
Activité E&P,AST,GTG,GF,Equipment-8299,EQ-08299,combustion,Propane,6710.9,gal,2024,6
Activité LQS,LSH,GL1Z,GNL,Equipment-8300,EQ-08300,drilling,,4668.96,,2024,9
Activité E&P,DP,GTL,GF,Equipment-8301,EQ-08301,fugitive,,6521.49,,2025,5
Activité LQS,LSH,GP1Z,GPL,Equipment-8302,EQ-08302,drilling,,9893.6,,2022,4
Activité E&P,AST,SH-FCP MLE,GF,Equipment-8303,EQ-08303,drilling,,3119.5,,2022,5
Activité E&P,AST,GTG,GF,Equipment-8304,EQ-08304,combustion,,5160.81,,2025,7
Activité RPC,RAF,RA1G,Raffinerie,Equipment-8305,EQ-08305,fugitive,,7795.82,,2023,1
Activité E&P,DP,OHT,GF,Equipment-8306,EQ-08306,combustion,Diesel,2716.74,gal,2023,10
Activité LQS,LSH,GL3Z,GNL,Equipment-8307,EQ-08307,venting,,6731.88,,2023,9
Activité E&P,AST,SH-FCP MLE,GF,Equipment-8308,EQ-08308,venting,,4105.75,,2025,4
Activité LQS,LSH,GP1Z,GPL,Equipment-8309,EQ-08309,fugitive,,4628.74,,2024,1
Activité E&P,DP,INAS,GF,Equipment-8310,EQ-08310,flaring,Propane,4621.32,gal,2024,2
Activité E&P,DP,GTL,GF,Equipment-8311,EQ-08311,combustion,Diesel,6798.11,gal,2022,9
Activité LQS,LSH,GL1K,GNL,Equipment-8312,EQ-08312,combustion,Propane,4436.57,gal,2023,3
Activité RPC,PEC,CPEK,Pétrochimie,Equipment-8313,EQ-08313,fugitive,,4080.81,,2024,6
Activité RPC,RAF,RA1G,Raffinerie,Equipment-8314,EQ-08314,drilling,,3364.28,,2024,8
Activité E&P,AST,ISG,GF,Equipment-8315,EQ-08315,flaring,Diesel,9481.97,gal,2023,9
Activité E&P,DP,GTL,GF,Equipment-8316,EQ-08316,venting,,4650.12,,2025,5
Activité RPC,RAF,RA1K,Raffinerie,Equipment-8317,EQ-08317,venting,,2058.69,,2024,5
Activité E&P,DP,HBK,GF,Equipment-8318,EQ-08318,fugitive,,3382.11,,2024,4
Activité RPC,RAF,RA1Z,Raffinerie,Equipment-8319,EQ-08319,venting,,3139.23,,2025,10
Activité LQS,LSH,GP2Z,GPL,Equipment-8320,EQ-08320,fugitive,,8797.12,,2025,9
Activité RPC,RAF,RA1A,Raffinerie,Equipment-8321,EQ-08321,combustion,Propane,352.71,gal,2022,7
Activité E&P,AST,MLN,OF,Equipment-8322,EQ-08322,fugitive,,8900.16,,2022,4
Activité E&P,DP,HBK,GF,Equipment-8323,EQ-08323,flaring,Propane,4199.58,gal,2022,6
Activité LQS,LSH,GP2Z,GPL,Equipment-8324,EQ-08324,venting,,7125.79,,2024,8
Activité E&P,AST,GTFT,GF,Equipment-8325,EQ-08325,combustion,Natural Gas,9225.22,scf,2023,11
Activité E&P,AST,OURHOUD,OF,Equipment-8326,EQ-08326,fugitive,,7872.83,,2024,3
Activité E&P,AST,OURHOUD,OF,Equipment-8327,EQ-08327,venting,,1499.99,,2024,12
Activité LQS,LSH,GL1Z,GNL,Equipment-8328,EQ-08328,fugitive,,2909.58,,2024,11
Activité LQS,LSH,GL1Z,GNL,Equipment-8329,EQ-08329,combustion,Diesel,529.31,gal,2025,8
Activité RPC,RAF,RA1K,Raffinerie,Equipment-8330,EQ-08330,drilling,,4735.62,,2023,2
Activité E&P,AST,GTFT,GF,Equipment-8331,EQ-08331,flaring,Natural Gas,4357.77,scf,2025,3
Activité RPC,PEC,CP1Z,Pétrochimie,Equipment-8332,EQ-08332,drilling,,5178.37,,2024,11
Activité LQS,LSH,GP1Z,GPL,Equipment-8333,EQ-08333,drilling,,7295.77,,2025,11
Activité E&P,DP,GTL,GF,Equipment-8334,EQ-08334,venting,,9026.88,,2022,8
Activité E&P,DP,HBK,GF,Equipment-8335,EQ-08335,fugitive,,7791.78,,2024,2
Activité E&P,DP,HBK,GF,Equipment-8336,EQ-08336,combustion,Propane,9163.64,gal,2023,12
Activité E&P,AST,HBR,OF,Equipment-8337,EQ-08337,venting,,1347.08,,2022,11
Activité E&P,AST,GTIM,GF,Equipment-8338,EQ-08338,drilling,,3756.8,,2025,7
Activité RPC,RAF,RA1G,Raffinerie,Equipment-8339,EQ-08339,fugitive,,4141.22,,2024,11
Activité E&P,AST,GSS,OF,Equipment-8340,EQ-08340,drilling,,2519.74,,2023,10
Activité E&P,AST,BMS,OF,Equipment-8341,EQ-08341,drilling,,7732.91,,2022,2
Activité E&P,DP,TFT,GF,Equipment-8342,EQ-08342,combustion,Propane,4291.09,gal,2025,12
Activité E&P,AST,MLN,OF,Equipment-8343,EQ-08343,venting,,9211.96,,2025,2
Activité E&P,DP,GTL,GF,Equipment-8344,EQ-08344,fugitive,,9419.18,,2025,5
Activité LQS,LSH,GP2Z,GPL,Equipment-8345,EQ-08345,flaring,Natural Gas,8102.7,scf,2024,10
Activité RPC,PEC,CPEK,Pétrochimie,Equipment-8346,EQ-08346,drilling,,5774.0,,2025,8
Activité E&P,DP,RNS,GF,Equipment-8347,EQ-08347,venting,,5101.7,,2022,4
Activité E&P,DP,TFT,GF,Equipment-8348,EQ-08348,fugitive,,7027.21,,2022,11
Activité E&P,DP,OHT,GF,Equipment-8349,EQ-08349,venting,,6027.12,,2022,9
Activité E&P,DP,HBK,GF,Equipment-8350,EQ-08350,combustion,Diesel,2488.68,gal,2023,10
Activité LQS,LSH,GL1Z,GNL,Equipment-8351,EQ-08351,fugitive,,4875.44,,2023,2
Activité E&P,DP,TFT,GF,Equipment-8352,EQ-08352,combustion,Fuel Gas,3999.56,gal,2024,11
Activité E&P,AST,HBR,OF,Equipment-8353,EQ-08353,combustion,Natural Gas,9905.46,scf,2025,9
Activité E&P,AST,GTIM,GF,Equipment-8354,EQ-08354,drilling,,1034.44,,2025,6
Activité LQS,LSH,GP1Z,GPL,Equipment-8355,EQ-08355,flaring,,9573.57,,2025,2
Activité RPC,RAF,RA1G,Raffinerie,Equipment-8356,EQ-08356,drilling,,1974.62,,2025,9
Activité RPC,RAF,RA1A,Raffinerie,Equipment-8357,EQ-08357,combustion,Propane,4838.77,gal,2022,4
Activité LQS,LSH,GL3Z,GNL,Equipment-8358,EQ-08358,venting,,9974.54,,2025,8
Activité E&P,AST,OURHOUD,OF,Equipment-8359,EQ-08359,drilling,,1388.05,,2023,9
Activité E&P,AST,GTIM,GF,Equipment-8360,EQ-08360,combustion,Fuel Gas,4982.33,gal,2025,1
Activité E&P,DP,OHT,GF,Equipment-8361,EQ-08361,fugitive,,2818.25,,2024,2
Activité RPC,PEC,CPEK,Pétrochimie,Equipment-8362,EQ-08362,venting,,4789.64,,2023,10
Activité E&P,AST,ISG,GF,Equipment-8363,EQ-08363,fugitive,,3259.31,,2023,11
Activité RPC,RAF,RA1A,Raffinerie,Equipment-8364,EQ-08364,fugitive,,4341.61,,2022,3
Activité E&P,AST,RKF,OF,Equipment-8365,EQ-08365,combustion,Propane,5548.24,gal,2025,11
Activité E&P,AST,OURHOUD,OF,Equipment-8366,EQ-08366,fugitive,,6308.83,,2023,7
Activité E&P,AST,OURHOUD,OF,Equipment-8367,EQ-08367,fugitive,,6257.42,,2025,4
Activité E&P,AST,SH-FCP MLE,GF,Equipment-8368,EQ-08368,fugitive,,6832.9,,2023,5
Activité E&P,AST,G SH-ENI,OF,Equipment-8369,EQ-08369,flaring,Fuel Gas,5716.25,gal,2025,9
Activité E&P,AST,G SH-ENI,OF,Equipment-8370,EQ-08370,drilling,,5291.88,,2022,2
Activité E&P,DP,TFT,GF,Equipment-8371,EQ-08371,fugitive,,91.36,,2025,12
Activité RPC,RAF,RA1Z,Raffinerie,Equipment-8372,EQ-08372,fugitive,,8359.71,,2025,3
Activité E&P,AST,GTG,GF,Equipment-8373,EQ-08373,combustion,Diesel,735.73,gal,2025,5
Activité RPC,RAF,RA1G,Raffinerie,Equipment-8374,EQ-08374,combustion,Fuel Gas,6491.55,gal,2023,3
Activité LQS,LSH,GL2Z,GNL,Equipment-8375,EQ-08375,venting,,3619.43,,2025,10
Activité LQS,LSH,GL1K,GNL,Equipment-8376,EQ-08376,venting,,1907.5,,2025,11
Activité LQS,LSH,GP1Z,GPL,Equipment-8377,EQ-08377,flaring,Natural Gas,3317.17,scf,2025,9
Activité E&P,AST,BRS,OF,Equipment-8378,EQ-08378,venting,,3298.12,,2024,2
Activité RPC,RAF,RA1K,Raffinerie,Equipment-8379,EQ-08379,venting,,7072.2,,2022,2
Activité E&P,DP,OHT,GF,Equipment-8380,EQ-08380,drilling,,9222.43,,2023,1
Activité E&P,AST,MLN,OF,Equipment-8381,EQ-08381,flaring,Propane,3379.06,gal,2023,4
Activité E&P,AST,GTFT,GF,Equipment-8382,EQ-08382,fugitive,,4124.32,,2024,2
Activité E&P,AST,MLN,OF,Equipment-8383,EQ-08383,venting,,4503.82,,2024,4
Activité E&P,AST,HBR,OF,Equipment-8384,EQ-08384,flaring,Natural Gas,4311.98,scf,2022,2
Activité E&P,DP,STAH,OF,Equipment-8385,EQ-08385,drilling,,2916.4,,2025,2
Activité E&P,AST,BRS,OF,Equipment-8386,EQ-08386,venting,,6756.5,,2023,8
Activité E&P,AST,MLN,OF,Equipment-8387,EQ-08387,combustion,Fuel Gas,7409.48,gal,2025,2
Activité E&P,DP,HBK,GF,Equipment-8388,EQ-08388,flaring,Propane,9868.04,gal,2023,9
Activité E&P,AST,SH-FCP MLE,GF,Equipment-8389,EQ-08389,fugitive,,5803.29,,2023,1
Activité E&P,AST,REGGANE,GF,Equipment-8390,EQ-08390,flaring,Fuel Gas,2071.63,gal,2025,11
Activité RPC,RAF,RA1K,Raffinerie,Equipment-8391,EQ-08391,drilling,,4098.79,,2022,4
Activité RPC,RAF,RA1Z,Raffinerie,Equipment-8392,EQ-08392,flaring,,8242.41,,2024,6
Activité LQS,LSH,GL1Z,GNL,Equipment-8393,EQ-08393,fugitive,,5777.78,,2022,4
Activité LQS,LSH,GL3Z,GNL,Equipment-8394,EQ-08394,combustion,Diesel,2627.84,gal,2024,10
Activité LQS,LSH,GL2Z,GNL,Equipment-8395,EQ-08395,drilling,,997.18,,2025,11
Activité E&P,AST,GTIM,GF,Equipment-8396,EQ-08396,combustion,Propane,3395.99,gal,2022,9
Activité E&P,AST,SH-FCP MLE,GF,Equipment-8397,EQ-08397,combustion,,8875.7,,2024,1
Activité E&P,DP,OHT,GF,Equipment-8398,EQ-08398,venting,,2777.81,,2024,9
Activité RPC,PEC,CP1Z,Pétrochimie,Equipment-8399,EQ-08399,combustion,,833.75,,2023,5
Activité E&P,AST,BMS,OF,Equipment-8400,EQ-08400,fugitive,,2870.65,,2023,12
Activité E&P,AST,BMS,OF,Equipment-8401,EQ-08401,fugitive,,1147.5,,2025,8
Activité LQS,LSH,GP2Z,GPL,Equipment-8402,EQ-08402,fugitive,,3834.46,,2025,5
Activité E&P,AST,RKF,OF,Equipment-8403,EQ-08403,flaring,Propane,5725.05,gal,2023,10
Activité E&P,DP,RNS,GF,Equipment-8404,EQ-08404,flaring,Diesel,8260.37,gal,2024,9
Activité LQS,LSH,GL2Z,GNL,Equipment-8405,EQ-08405,combustion,Fuel Gas,4276.92,gal,2023,8
Activité E&P,AST,ISG,GF,Equipment-8406,EQ-08406,fugitive,,7326.76,,2022,9
Activité E&P,AST,REGGANE,GF,Equipment-8407,EQ-08407,combustion,Fuel Gas,1056.01,gal,2025,9
Activité E&P,AST,MLN,OF,Equipment-8408,EQ-08408,venting,,1010.91,,2024,8
Activité E&P,DP,HBK,GF,Equipment-8409,EQ-08409,venting,,5960.65,,2022,7
Activité E&P,DP,GTL,GF,Equipment-8410,EQ-08410,drilling,,6526.23,,2024,1
Activité E&P,AST,GTFT,GF,Equipment-8411,EQ-08411,fugitive,,9145.82,,2024,3
Activité E&P,AST,G SH-ENI,OF,Equipment-8412,EQ-08412,combustion,Diesel,7626.63,gal,2025,8
Activité E&P,AST,INA,GF,Equipment-8413,EQ-08413,drilling,,641.78,,2025,4
Activité E&P,DP,REB,OF,Equipment-8414,EQ-08414,drilling,,9919.54,,2022,1
Activité E&P,AST,BRS,OF,Equipment-8415,EQ-08415,flaring,Natural Gas,7726.9,scf,2022,2
Activité LQS,LSH,GP1Z,GPL,Equipment-8416,EQ-08416,drilling,,4617.74,,2024,5
Activité E&P,AST,RKF,OF,Equipment-8417,EQ-08417,fugitive,,5505.31,,2023,9
Activité E&P,DP,OHT,GF,Equipment-8418,EQ-08418,venting,,7842.23,,2022,6
Activité E&P,AST,GTIM,GF,Equipment-8419,EQ-08419,flaring,Fuel Gas,7690.68,gal,2025,8
Activité RPC,RAF,RA1K,Raffinerie,Equipment-8420,EQ-08420,combustion,Diesel,8732.9,gal,2024,7
Activité RPC,RAF,RA1K,Raffinerie,Equipment-8421,EQ-08421,drilling,,1853.51,,2023,7
Activité E&P,AST,BRS,OF,Equipment-8422,EQ-08422,flaring,Diesel,1065.22,gal,2025,4
Activité E&P,DP,GTL,GF,Equipment-8423,EQ-08423,drilling,,4840.16,,2025,6
Activité E&P,AST,BRS,OF,Equipment-8424,EQ-08424,combustion,Natural Gas,7138.7,scf,2024,10
Activité E&P,AST,GTG,GF,Equipment-8425,EQ-08425,venting,,7724.37,,2025,6
Activité E&P,AST,RKF,OF,Equipment-8426,EQ-08426,drilling,,2633.13,,2024,8
Activité E&P,DP,STAH,OF,Equipment-8427,EQ-08427,fugitive,,6206.96,,2024,1
Activité E&P,AST,OURHOUD,OF,Equipment-8428,EQ-08428,fugitive,,3282.56,,2024,6
Activité E&P,AST,OURHOUD,OF,Equipment-8429,EQ-08429,fugitive,,4118.84,,2025,7
Activité E&P,DP,OHT,GF,Equipment-8430,EQ-08430,flaring,Natural Gas,9385.61,scf,2025,9
Activité LQS,LSH,GL1Z,GNL,Equipment-8431,EQ-08431,combustion,Propane,1261.27,gal,2025,7
Activité E&P,DP,REB,OF,Equipment-8432,EQ-08432,drilling,,2166.73,,2023,10
Activité E&P,AST,SH-FCP MLE,GF,Equipment-8433,EQ-08433,fugitive,,9186.91,,2022,11
Activité E&P,AST,GTG,GF,Equipment-8434,EQ-08434,combustion,Natural Gas,8983.97,scf,2023,6
Activité RPC,PEC,CPEK,Pétrochimie,Equipment-8435,EQ-08435,combustion,Natural Gas,7378.11,scf,2025,7
Activité E&P,DP,GTL,GF,Equipment-8436,EQ-08436,venting,,78.02,,2023,7
Activité E&P,DP,OHT,GF,Equipment-8437,EQ-08437,drilling,,4050.73,,2023,1
Activité RPC,PEC,CPEK,Pétrochimie,Equipment-8438,EQ-08438,combustion,Diesel,8763.31,gal,2023,1
Activité E&P,AST,MLN,OF,Equipment-8439,EQ-08439,combustion,Diesel,5220.65,gal,2022,5
Activité E&P,AST,SH-FCP MLE,GF,Equipment-8440,EQ-08440,combustion,Diesel,5987.57,gal,2024,4
Activité E&P,AST,RKF,OF,Equipment-8441,EQ-08441,fugitive,,4544.25,,2023,11
Activité E&P,AST,GTG,GF,Equipment-8442,EQ-08442,combustion,Diesel,425.96,gal,2025,9
Activité E&P,AST,GTIM,GF,Equipment-8443,EQ-08443,combustion,Natural Gas,9550.66,scf,2024,1
Activité RPC,RAF,RA1G,Raffinerie,Equipment-8444,EQ-08444,flaring,,3717.08,,2023,2
Activité LQS,LSH,GL2Z,GNL,Equipment-8445,EQ-08445,flaring,Diesel,6059.31,gal,2025,8
Activité RPC,RAF,RA1G,Raffinerie,Equipment-8446,EQ-08446,fugitive,,4087.44,,2022,5
Activité E&P,AST,REGGANE,GF,Equipment-8447,EQ-08447,flaring,Natural Gas,1198.9,scf,2024,7
Activité E&P,AST,BRS,OF,Equipment-8448,EQ-08448,flaring,Fuel Gas,3581.39,gal,2024,4
Activité E&P,AST,ISG,GF,Equipment-8449,EQ-08449,venting,,8229.92,,2024,3
Activité E&P,AST,G SH-ENI,OF,Equipment-8450,EQ-08450,drilling,,5063.46,,2024,11
Activité E&P,AST,MLN,OF,Equipment-8451,EQ-08451,venting,,4878.24,,2022,12
Activité LQS,LSH,GL1K,GNL,Equipment-8452,EQ-08452,venting,,4122.81,,2024,1
Activité LQS,LSH,GP2Z,GPL,Equipment-8453,EQ-08453,fugitive,,853.39,,2022,1
Activité E&P,DP,TFT,GF,Equipment-8454,EQ-08454,drilling,,4724.95,,2023,1
Activité E&P,AST,OURHOUD,OF,Equipment-8455,EQ-08455,venting,,175.59,,2022,2
Activité RPC,RAF,RA1G,Raffinerie,Equipment-8456,EQ-08456,venting,,8293.62,,2025,8
Activité E&P,AST,ISG,GF,Equipment-8457,EQ-08457,combustion,Fuel Gas,7591.39,gal,2023,1
Activité RPC,RAF,RA1K,Raffinerie,Equipment-8458,EQ-08458,flaring,Natural Gas,6037.27,scf,2023,4
Activité E&P,AST,BMS,OF,Equipment-8459,EQ-08459,flaring,,5720.79,,2025,1
Activité E&P,AST,G SH-ENI,OF,Equipment-8460,EQ-08460,drilling,,9400.52,,2023,3
Activité E&P,AST,GB,OF,Equipment-8461,EQ-08461,combustion,Diesel,7306.0,gal,2022,10
Activité RPC,RAF,RA1G,Raffinerie,Equipment-8462,EQ-08462,venting,,7245.88,,2024,2
Activité E&P,DP,TFT,GF,Equipment-8463,EQ-08463,flaring,Natural Gas,9475.49,scf,2023,4
Activité LQS,LSH,GL2Z,GNL,Equipment-8464,EQ-08464,fugitive,,2021.74,,2025,7
Activité E&P,DP,RNS,GF,Equipment-8465,EQ-08465,drilling,,3043.65,,2022,4
Activité E&P,DP,OHT,GF,Equipment-8466,EQ-08466,venting,,3332.79,,2022,3
Activité E&P,AST,MLN,OF,Equipment-8467,EQ-08467,fugitive,,777.89,,2022,6
Activité E&P,AST,OURHOUD,OF,Equipment-8468,EQ-08468,fugitive,,5940.71,,2022,1
Activité E&P,DP,INAS,GF,Equipment-8469,EQ-08469,drilling,,223.01,,2025,4
Activité E&P,DP,HMD,OF,Equipment-8470,EQ-08470,venting,,8927.55,,2023,9
Activité E&P,AST,OURHOUD,OF,Equipment-8471,EQ-08471,flaring,Propane,6834.47,gal,2025,9
Activité LQS,LSH,GL1Z,GNL,Equipment-8472,EQ-08472,combustion,Fuel Gas,2443.67,gal,2023,9
Activité E&P,AST,BMS,OF,Equipment-8473,EQ-08473,venting,,6550.88,,2023,4
Activité RPC,PEC,CP1Z,Pétrochimie,Equipment-8474,EQ-08474,drilling,,5160.05,,2024,4
Activité E&P,AST,BMS,OF,Equipment-8475,EQ-08475,flaring,Propane,6190.74,gal,2024,3
Activité E&P,DP,STAH,OF,Equipment-8476,EQ-08476,flaring,Diesel,3678.84,gal,2025,11
Activité E&P,DP,ADR,OF,Equipment-8477,EQ-08477,flaring,Propane,9130.05,gal,2022,6
Activité E&P,AST,MLN,OF,Equipment-8478,EQ-08478,fugitive,,1605.66,,2025,10
Activité LQS,LSH,GL2Z,GNL,Equipment-8479,EQ-08479,fugitive,,9278.51,,2025,7
Activité LQS,LSH,GL2Z,GNL,Equipment-8480,EQ-08480,combustion,,4048.81,,2024,5
Activité LQS,LSH,GP1Z,GPL,Equipment-8481,EQ-08481,flaring,Propane,3416.13,gal,2023,12
Activité LQS,LSH,GL2Z,GNL,Equipment-8482,EQ-08482,combustion,,3980.56,,2022,7
Activité E&P,DP,STAH,OF,Equipment-8483,EQ-08483,flaring,,5908.21,,2022,5
Activité E&P,AST,ISG,GF,Equipment-8484,EQ-08484,flaring,Natural Gas,9602.3,scf,2024,7
Activité E&P,AST,GB,OF,Equipment-8485,EQ-08485,venting,,301.39,,2024,8
Activité E&P,AST,HBR,OF,Equipment-8486,EQ-08486,fugitive,,95.93,,2023,10
Activité LQS,LSH,GL1Z,GNL,Equipment-8487,EQ-08487,venting,,5023.4,,2025,4
Activité LQS,LSH,GP2Z,GPL,Equipment-8488,EQ-08488,venting,,1557.85,,2023,1
Activité E&P,DP,GTL,GF,Equipment-8489,EQ-08489,drilling,,5582.04,,2023,12
Activité RPC,PEC,CP1Z,Pétrochimie,Equipment-8490,EQ-08490,flaring,,8033.03,,2023,5
Activité RPC,RAF,RA1Z,Raffinerie,Equipment-8491,EQ-08491,combustion,Fuel Gas,6316.5,gal,2023,8
Activité E&P,AST,MLN,OF,Equipment-8492,EQ-08492,drilling,,4975.77,,2025,11
Activité RPC,PEC,CPEK,Pétrochimie,Equipment-8493,EQ-08493,fugitive,,3078.77,,2025,7
Activité E&P,DP,STAH,OF,Equipment-8494,EQ-08494,fugitive,,4535.18,,2024,4
Activité E&P,DP,OHT,GF,Equipment-8495,EQ-08495,fugitive,,6420.61,,2024,11
Activité RPC,PEC,CPEK,Pétrochimie,Equipment-8496,EQ-08496,combustion,Diesel,6420.84,gal,2024,4
Activité E&P,AST,ISG,GF,Equipment-8497,EQ-08497,venting,,8732.93,,2025,2
Activité E&P,AST,GTG,GF,Equipment-8498,EQ-08498,venting,,3823.6,,2025,1
Activité RPC,RAF,RA1G,Raffinerie,Equipment-8499,EQ-08499,venting,,4777.12,,2024,10
Activité RPC,RAF,RA1G,Raffinerie,Equipment-8500,EQ-08500,flaring,Propane,6663.24,gal,2022,1
Activité E&P,AST,GTG,GF,Equipment-8501,EQ-08501,venting,,9736.84,,2022,7
Activité RPC,RAF,RA1K,Raffinerie,Equipment-8502,EQ-08502,fugitive,,7783.62,,2025,6
Activité E&P,DP,ADR,OF,Equipment-8503,EQ-08503,drilling,,7880.08,,2024,9
Activité E&P,AST,GTFT,GF,Equipment-8504,EQ-08504,combustion,Natural Gas,7913.38,scf,2024,10
Activité E&P,AST,GTIM,GF,Equipment-8505,EQ-08505,combustion,Natural Gas,5473.63,scf,2025,12
Activité RPC,RAF,RA1A,Raffinerie,Equipment-8506,EQ-08506,drilling,,3613.93,,2025,10
Activité E&P,AST,ISG,GF,Equipment-8507,EQ-08507,combustion,Natural Gas,33.64,scf,2024,10
Activité LQS,LSH,GL1K,GNL,Equipment-8508,EQ-08508,combustion,Propane,6910.92,gal,2025,9
Activité RPC,RAF,RA1K,Raffinerie,Equipment-8509,EQ-08509,flaring,Natural Gas,6310.89,scf,2022,7
Activité LQS,LSH,GL1Z,GNL,Equipment-8510,EQ-08510,combustion,Fuel Gas,4044.19,gal,2025,11
Activité RPC,RAF,RA1K,Raffinerie,Equipment-8511,EQ-08511,drilling,,7468.61,,2022,1
Activité LQS,LSH,GP1Z,GPL,Equipment-8512,EQ-08512,drilling,,5782.04,,2022,11
Activité RPC,RAF,RA1K,Raffinerie,Equipment-8513,EQ-08513,flaring,Propane,2093.75,gal,2024,4
Activité E&P,DP,HRM,GF,Equipment-8514,EQ-08514,venting,,2048.29,,2025,7
Activité E&P,AST,BMS,OF,Equipment-8515,EQ-08515,drilling,,6229.68,,2023,11
Activité E&P,AST,OURHOUD,OF,Equipment-8516,EQ-08516,flaring,Fuel Gas,3888.08,gal,2024,2
Activité E&P,AST,G SH-ENI,OF,Equipment-8517,EQ-08517,venting,,1532.86,,2023,5
Activité LQS,LSH,GP2Z,GPL,Equipment-8518,EQ-08518,flaring,Diesel,1917.15,gal,2024,12
Activité E&P,AST,BRS,OF,Equipment-8519,EQ-08519,venting,,451.29,,2025,6
Activité E&P,AST,RKF,OF,Equipment-8520,EQ-08520,fugitive,,1480.81,,2025,2
Activité E&P,AST,BMS,OF,Equipment-8521,EQ-08521,drilling,,1197.0,,2025,8
Activité E&P,AST,BMS,OF,Equipment-8522,EQ-08522,flaring,Fuel Gas,5186.08,gal,2023,1
Activité RPC,RAF,RA1G,Raffinerie,Equipment-8523,EQ-08523,flaring,Natural Gas,22.35,scf,2025,12
Activité E&P,DP,REB,OF,Equipment-8524,EQ-08524,venting,,3295.65,,2025,2
Activité E&P,DP,STAH,OF,Equipment-8525,EQ-08525,flaring,Diesel,2884.15,gal,2023,9
Activité E&P,DP,OHT,GF,Equipment-8526,EQ-08526,combustion,Natural Gas,3912.81,scf,2024,11
Activité E&P,DP,REB,OF,Equipment-8527,EQ-08527,combustion,Diesel,2304.54,gal,2025,9
Activité E&P,DP,TFT,GF,Equipment-8528,EQ-08528,flaring,Propane,1852.87,gal,2023,8
Activité E&P,DP,INAS,GF,Equipment-8529,EQ-08529,combustion,Fuel Gas,451.13,gal,2025,8
Activité E&P,AST,GTFT,GF,Equipment-8530,EQ-08530,venting,,8388.59,,2024,4
Activité E&P,AST,REGGANE,GF,Equipment-8531,EQ-08531,venting,,1559.25,,2025,2
Activité E&P,AST,GTG,GF,Equipment-8532,EQ-08532,fugitive,,6166.5,,2023,2
Activité E&P,AST,G SH-ENI,OF,Equipment-8533,EQ-08533,fugitive,,8743.42,,2025,10
Activité RPC,RAF,RA1Z,Raffinerie,Equipment-8534,EQ-08534,combustion,Propane,5297.19,gal,2023,1
Activité E&P,DP,REB,OF,Equipment-8535,EQ-08535,fugitive,,7746.12,,2025,4
Activité E&P,DP,GTL,GF,Equipment-8536,EQ-08536,venting,,7096.51,,2025,12
Activité LQS,LSH,GL2Z,GNL,Equipment-8537,EQ-08537,fugitive,,1669.96,,2022,2
Activité RPC,PEC,CPEK,Pétrochimie,Equipment-8538,EQ-08538,fugitive,,8704.0,,2022,11
Activité E&P,AST,GSS,OF,Equipment-8539,EQ-08539,fugitive,,5581.11,,2025,11
Activité E&P,AST,MLN,OF,Equipment-8540,EQ-08540,venting,,202.77,,2024,2
Activité LQS,LSH,GP2Z,GPL,Equipment-8541,EQ-08541,fugitive,,4460.16,,2023,4
Activité RPC,RAF,RA1Z,Raffinerie,Equipment-8542,EQ-08542,venting,,8120.11,,2023,7
Activité E&P,AST,GTG,GF,Equipment-8543,EQ-08543,fugitive,,6322.95,,2023,6
Activité E&P,AST,RKF,OF,Equipment-8544,EQ-08544,venting,,2528.92,,2024,12
Activité E&P,AST,BRS,OF,Equipment-8545,EQ-08545,fugitive,,6630.93,,2023,8
Activité RPC,RAF,RA1K,Raffinerie,Equipment-8546,EQ-08546,drilling,,7390.4,,2024,9
Activité E&P,AST,RKF,OF,Equipment-8547,EQ-08547,flaring,Natural Gas,2672.87,scf,2024,1
Activité E&P,AST,HBR,OF,Equipment-8548,EQ-08548,drilling,,5115.1,,2024,9
Activité E&P,AST,OURHOUD,OF,Equipment-8549,EQ-08549,fugitive,,5162.56,,2023,6
Activité RPC,PEC,CP1Z,Pétrochimie,Equipment-8550,EQ-08550,drilling,,2526.38,,2025,3
Activité E&P,DP,ADR,OF,Equipment-8551,EQ-08551,venting,,2261.28,,2022,9
Activité E&P,DP,HRM,GF,Equipment-8552,EQ-08552,fugitive,,6949.58,,2023,6
Activité E&P,AST,GTFT,GF,Equipment-8553,EQ-08553,drilling,,2038.48,,2024,12
Activité LQS,LSH,GP2Z,GPL,Equipment-8554,EQ-08554,fugitive,,1598.95,,2022,1
Activité E&P,AST,HBR,OF,Equipment-8555,EQ-08555,combustion,Diesel,9599.59,gal,2025,5
Activité E&P,DP,OHT,GF,Equipment-8556,EQ-08556,fugitive,,8841.22,,2023,1
Activité E&P,AST,GTFT,GF,Equipment-8557,EQ-08557,combustion,Propane,4766.78,gal,2025,11
Activité E&P,DP,INAS,GF,Equipment-8558,EQ-08558,venting,,8747.33,,2023,1
Activité RPC,PEC,CP1Z,Pétrochimie,Equipment-8559,EQ-08559,drilling,,7567.94,,2022,12
Activité RPC,RAF,RA1Z,Raffinerie,Equipment-8560,EQ-08560,fugitive,,5776.75,,2025,9
Activité LQS,LSH,GL2Z,GNL,Equipment-8561,EQ-08561,venting,,5091.87,,2022,10
Activité LQS,LSH,GL3Z,GNL,Equipment-8562,EQ-08562,flaring,Diesel,2102.76,gal,2022,1
Activité RPC,PEC,CPEK,Pétrochimie,Equipment-8563,EQ-08563,drilling,,2565.05,,2025,2
Activité E&P,AST,HBR,OF,Equipment-8564,EQ-08564,drilling,,6665.9,,2022,1
Activité E&P,AST,GSS,OF,Equipment-8565,EQ-08565,venting,,825.14,,2025,11
Activité LQS,LSH,GP2Z,GPL,Equipment-8566,EQ-08566,fugitive,,7605.14,,2025,12
Activité E&P,DP,RNS,GF,Equipment-8567,EQ-08567,flaring,Diesel,5256.22,gal,2023,2
Activité E&P,DP,STAH,OF,Equipment-8568,EQ-08568,flaring,Natural Gas,3643.55,scf,2025,2
Activité E&P,DP,OHT,GF,Equipment-8569,EQ-08569,drilling,,8179.52,,2024,1
Activité E&P,AST,BRS,OF,Equipment-8570,EQ-08570,venting,,2281.62,,2024,8
Activité LQS,LSH,GL1Z,GNL,Equipment-8571,EQ-08571,flaring,Diesel,3451.83,gal,2025,2
Activité E&P,DP,HRM,GF,Equipment-8572,EQ-08572,combustion,Fuel Gas,7018.19,gal,2023,7
Activité RPC,PEC,CP1Z,Pétrochimie,Equipment-8573,EQ-08573,venting,,6435.31,,2022,12
Activité LQS,LSH,GL3Z,GNL,Equipment-8574,EQ-08574,fugitive,,128.93,,2024,11
Activité E&P,AST,SH-FCP MLE,GF,Equipment-8575,EQ-08575,venting,,5523.34,,2023,2
Activité RPC,RAF,RA1Z,Raffinerie,Equipment-8576,EQ-08576,flaring,Diesel,7561.94,gal,2022,12
Activité E&P,DP,OHT,GF,Equipment-8577,EQ-08577,flaring,Diesel,6477.99,gal,2024,8
Activité E&P,DP,INAS,GF,Equipment-8578,EQ-08578,drilling,,4106.75,,2022,7
Activité E&P,AST,GTIM,GF,Equipment-8579,EQ-08579,drilling,,8715.42,,2024,1
Activité E&P,DP,STAH,OF,Equipment-8580,EQ-08580,drilling,,8130.17,,2025,9
Activité E&P,DP,REB,OF,Equipment-8581,EQ-08581,drilling,,1955.05,,2023,5
Activité E&P,AST,G SH-ENI,OF,Equipment-8582,EQ-08582,flaring,Natural Gas,4481.6,scf,2024,12
Activité E&P,DP,REB,OF,Equipment-8583,EQ-08583,flaring,,483.85,,2022,10
Activité RPC,RAF,RA1Z,Raffinerie,Equipment-8584,EQ-08584,drilling,,5907.54,,2024,1
Activité E&P,DP,HBK,GF,Equipment-8585,EQ-08585,combustion,Propane,9672.17,gal,2022,9
Activité E&P,DP,RNS,GF,Equipment-8586,EQ-08586,flaring,Propane,5349.2,gal,2023,7
Activité E&P,DP,INAS,GF,Equipment-8587,EQ-08587,fugitive,,78.04,,2022,1
Activité E&P,AST,ISG,GF,Equipment-8588,EQ-08588,flaring,Propane,5449.58,gal,2024,7
Activité E&P,AST,INA,GF,Equipment-8589,EQ-08589,venting,,7880.0,,2023,5
Activité LQS,LSH,GL3Z,GNL,Equipment-8590,EQ-08590,drilling,,8860.77,,2023,11
Activité LQS,LSH,GL1Z,GNL,Equipment-8591,EQ-08591,flaring,,5559.84,,2023,10
Activité LQS,LSH,GP2Z,GPL,Equipment-8592,EQ-08592,drilling,,2426.2,,2024,10
Activité E&P,DP,HBK,GF,Equipment-8593,EQ-08593,venting,,704.06,,2023,6
Activité E&P,AST,MLN,OF,Equipment-8594,EQ-08594,flaring,Natural Gas,3105.9,scf,2025,6
Activité RPC,RAF,RA1A,Raffinerie,Equipment-8595,EQ-08595,venting,,1872.06,,2025,2
Activité E&P,AST,BMS,OF,Equipment-8596,EQ-08596,flaring,,870.33,,2022,9
Activité E&P,DP,TFT,GF,Equipment-8597,EQ-08597,fugitive,,8919.26,,2025,9
Activité LQS,LSH,GL3Z,GNL,Equipment-8598,EQ-08598,flaring,Fuel Gas,2334.64,gal,2024,12
Activité E&P,DP,HMD,OF,Equipment-8599,EQ-08599,venting,,4491.53,,2025,12
Activité E&P,DP,ADR,OF,Equipment-8600,EQ-08600,venting,,6113.16,,2023,4
Activité E&P,AST,GTIM,GF,Equipment-8601,EQ-08601,fugitive,,5005.91,,2024,5
Activité RPC,RAF,RA1K,Raffinerie,Equipment-8602,EQ-08602,flaring,Natural Gas,6013.6,scf,2022,9
Activité E&P,AST,HBR,OF,Equipment-8603,EQ-08603,venting,,2016.84,,2022,7
Activité RPC,RAF,RA1G,Raffinerie,Equipment-8604,EQ-08604,fugitive,,5937.75,,2024,1
Activité E&P,AST,OURHOUD,OF,Equipment-8605,EQ-08605,drilling,,9763.29,,2025,12
Activité E&P,DP,REB,OF,Equipment-8606,EQ-08606,fugitive,,1461.96,,2023,1
Activité E&P,DP,RNS,GF,Equipment-8607,EQ-08607,flaring,Fuel Gas,38.08,gal,2022,11
Activité LQS,LSH,GL1Z,GNL,Equipment-8608,EQ-08608,drilling,,9435.18,,2025,12
Activité RPC,RAF,RA1K,Raffinerie,Equipment-8609,EQ-08609,fugitive,,1771.36,,2024,9
Activité LQS,LSH,GP1Z,GPL,Equipment-8610,EQ-08610,combustion,Diesel,6020.9,gal,2022,9
Activité E&P,DP,TFT,GF,Equipment-8611,EQ-08611,drilling,,4842.68,,2022,4
Activité E&P,DP,REB,OF,Equipment-8612,EQ-08612,combustion,Diesel,5987.39,gal,2022,12
Activité LQS,LSH,GL1Z,GNL,Equipment-8613,EQ-08613,fugitive,,462.6,,2024,4
Activité E&P,AST,G SH-ENI,OF,Equipment-8614,EQ-08614,flaring,Natural Gas,8533.13,scf,2023,9
Activité E&P,AST,INA,GF,Equipment-8615,EQ-08615,drilling,,330.73,,2024,6
Activité E&P,DP,REB,OF,Equipment-8616,EQ-08616,fugitive,,8609.31,,2023,12
Activité E&P,DP,ADR,OF,Equipment-8617,EQ-08617,venting,,1236.06,,2022,1
Activité E&P,AST,BRS,OF,Equipment-8618,EQ-08618,combustion,Propane,4148.3,gal,2023,8
Activité LQS,LSH,GP1Z,GPL,Equipment-8619,EQ-08619,fugitive,,1749.61,,2023,12
Activité E&P,AST,GTFT,GF,Equipment-8620,EQ-08620,venting,,6005.04,,2022,3
Activité LQS,LSH,GL1K,GNL,Equipment-8621,EQ-08621,flaring,Diesel,7286.21,gal,2022,3
Activité RPC,RAF,RA1Z,Raffinerie,Equipment-8622,EQ-08622,venting,,4196.56,,2025,10
Activité E&P,AST,GSS,OF,Equipment-8623,EQ-08623,drilling,,4462.94,,2022,1
Activité E&P,AST,REGGANE,GF,Equipment-8624,EQ-08624,drilling,,1152.1,,2025,12
Activité E&P,AST,GSS,OF,Equipment-8625,EQ-08625,venting,,3813.67,,2024,10
Activité E&P,DP,HMD,OF,Equipment-8626,EQ-08626,drilling,,3984.59,,2025,4
Activité E&P,AST,SH-FCP MLE,GF,Equipment-8627,EQ-08627,venting,,3456.85,,2025,8
Activité RPC,PEC,CP1Z,Pétrochimie,Equipment-8628,EQ-08628,fugitive,,1746.77,,2023,6
Activité E&P,AST,ISG,GF,Equipment-8629,EQ-08629,drilling,,4090.99,,2024,9
Activité E&P,AST,OURHOUD,OF,Equipment-8630,EQ-08630,flaring,Propane,66.35,gal,2022,9
Activité E&P,DP,TFT,GF,Equipment-8631,EQ-08631,fugitive,,4141.92,,2023,8
Activité E&P,AST,REGGANE,GF,Equipment-8632,EQ-08632,flaring,Propane,8819.3,gal,2023,6
Activité LQS,LSH,GL1Z,GNL,Equipment-8633,EQ-08633,venting,,2123.94,,2023,8
Activité E&P,DP,ADR,OF,Equipment-8634,EQ-08634,combustion,Propane,4969.25,gal,2022,5
Activité E&P,AST,INA,GF,Equipment-8635,EQ-08635,flaring,Diesel,6785.29,gal,2024,9
Activité E&P,DP,ADR,OF,Equipment-8636,EQ-08636,combustion,Natural Gas,5817.45,scf,2024,3
Activité E&P,AST,REGGANE,GF,Equipment-8637,EQ-08637,drilling,,3664.66,,2025,5
Activité E&P,AST,G SH-ENI,OF,Equipment-8638,EQ-08638,venting,,8706.51,,2025,9
Activité E&P,AST,GTIM,GF,Equipment-8639,EQ-08639,flaring,Fuel Gas,4556.91,gal,2024,7
Activité E&P,AST,MLN,OF,Equipment-8640,EQ-08640,combustion,Propane,70.72,gal,2023,10
Activité E&P,AST,BMS,OF,Equipment-8641,EQ-08641,combustion,,6612.27,,2025,7
Activité E&P,AST,HBR,OF,Equipment-8642,EQ-08642,drilling,,6201.69,,2024,5
Activité E&P,AST,REGGANE,GF,Equipment-8643,EQ-08643,combustion,Diesel,8333.34,gal,2023,11
Activité LQS,LSH,GL1Z,GNL,Equipment-8644,EQ-08644,fugitive,,1802.17,,2024,11
Activité E&P,AST,GTFT,GF,Equipment-8645,EQ-08645,fugitive,,2194.66,,2024,8
Activité E&P,DP,TFT,GF,Equipment-8646,EQ-08646,fugitive,,5018.98,,2023,8
Activité LQS,LSH,GL1Z,GNL,Equipment-8647,EQ-08647,fugitive,,3395.88,,2022,1
Activité RPC,RAF,RA1Z,Raffinerie,Equipment-8648,EQ-08648,drilling,,4382.31,,2024,7
Activité LQS,LSH,GL1K,GNL,Equipment-8649,EQ-08649,flaring,Propane,753.85,gal,2023,11
Activité E&P,AST,GB,OF,Equipment-8650,EQ-08650,fugitive,,7076.96,,2022,2
Activité E&P,AST,BRS,OF,Equipment-8651,EQ-08651,venting,,252.18,,2022,3
Activité E&P,DP,HRM,GF,Equipment-8652,EQ-08652,combustion,Natural Gas,7488.64,scf,2022,4
Activité E&P,AST,GTG,GF,Equipment-8653,EQ-08653,drilling,,9275.92,,2023,12
Activité RPC,RAF,RA1Z,Raffinerie,Equipment-8654,EQ-08654,fugitive,,2607.53,,2023,12
Activité RPC,RAF,RA1Z,Raffinerie,Equipment-8655,EQ-08655,flaring,Fuel Gas,3599.18,gal,2024,9
Activité E&P,AST,SH-FCP MLE,GF,Equipment-8656,EQ-08656,venting,,8665.15,,2022,6
Activité E&P,AST,INA,GF,Equipment-8657,EQ-08657,fugitive,,8346.91,,2024,1
Activité E&P,AST,ISG,GF,Equipment-8658,EQ-08658,combustion,Propane,7428.47,gal,2023,11
Activité E&P,AST,GTIM,GF,Equipment-8659,EQ-08659,combustion,Fuel Gas,8317.15,gal,2025,2
Activité E&P,AST,SH-FCP MLE,GF,Equipment-8660,EQ-08660,flaring,,5672.55,,2024,12
Activité E&P,AST,RKF,OF,Equipment-8661,EQ-08661,combustion,Fuel Gas,8384.37,gal,2023,12
Activité E&P,AST,BMS,OF,Equipment-8662,EQ-08662,drilling,,9552.14,,2024,7
Activité E&P,DP,ADR,OF,Equipment-8663,EQ-08663,venting,,3562.84,,2025,8
Activité E&P,DP,ADR,OF,Equipment-8664,EQ-08664,venting,,8370.55,,2025,11
Activité E&P,AST,HBR,OF,Equipment-8665,EQ-08665,drilling,,427.31,,2024,12
Activité E&P,AST,RKF,OF,Equipment-8666,EQ-08666,combustion,Natural Gas,8928.49,scf,2022,4
Activité E&P,DP,ADR,OF,Equipment-8667,EQ-08667,fugitive,,3571.7,,2025,11
Activité E&P,AST,GTIM,GF,Equipment-8668,EQ-08668,combustion,Natural Gas,3122.64,scf,2023,3
Activité E&P,AST,ISG,GF,Equipment-8669,EQ-08669,drilling,,5566.69,,2023,9
Activité E&P,AST,GTG,GF,Equipment-8670,EQ-08670,combustion,Fuel Gas,1592.8,gal,2022,3
Activité E&P,AST,MLN,OF,Equipment-8671,EQ-08671,fugitive,,6109.38,,2024,10
Activité E&P,DP,ADR,OF,Equipment-8672,EQ-08672,drilling,,5286.31,,2024,10
Activité E&P,AST,BRS,OF,Equipment-8673,EQ-08673,drilling,,9996.4,,2025,11
Activité E&P,DP,HRM,GF,Equipment-8674,EQ-08674,fugitive,,1568.98,,2022,4
Activité E&P,DP,GTL,GF,Equipment-8675,EQ-08675,flaring,,243.68,,2025,9
Activité E&P,AST,BRS,OF,Equipment-8676,EQ-08676,venting,,4885.39,,2025,6
Activité E&P,DP,HRM,GF,Equipment-8677,EQ-08677,flaring,Natural Gas,2579.84,scf,2022,8
Activité E&P,DP,ADR,OF,Equipment-8678,EQ-08678,flaring,,2368.06,,2024,9
Activité E&P,AST,INA,GF,Equipment-8679,EQ-08679,venting,,2568.15,,2024,6
Activité E&P,DP,HRM,GF,Equipment-8680,EQ-08680,combustion,,559.99,,2025,7
Activité E&P,DP,HMD,OF,Equipment-8681,EQ-08681,flaring,Diesel,7583.32,gal,2024,3
Activité LQS,LSH,GP2Z,GPL,Equipment-8682,EQ-08682,combustion,Diesel,6594.58,gal,2023,3
Activité RPC,RAF,RA1K,Raffinerie,Equipment-8683,EQ-08683,fugitive,,7616.06,,2024,7
Activité E&P,AST,OURHOUD,OF,Equipment-8684,EQ-08684,combustion,Fuel Gas,7017.64,gal,2022,11
Activité E&P,AST,HBR,OF,Equipment-8685,EQ-08685,fugitive,,5895.45,,2024,3
Activité E&P,DP,ADR,OF,Equipment-8686,EQ-08686,combustion,Propane,2116.55,gal,2024,1
Activité RPC,PEC,CP1Z,Pétrochimie,Equipment-8687,EQ-08687,venting,,7783.73,,2023,11
Activité E&P,AST,MLN,OF,Equipment-8688,EQ-08688,flaring,Fuel Gas,5136.56,gal,2022,7
Activité LQS,LSH,GL3Z,GNL,Equipment-8689,EQ-08689,venting,,5044.4,,2024,5
Activité LQS,LSH,GL2Z,GNL,Equipment-8690,EQ-08690,venting,,1198.34,,2023,8
Activité E&P,AST,HBR,OF,Equipment-8691,EQ-08691,combustion,Fuel Gas,5658.85,gal,2023,5
Activité E&P,DP,STAH,OF,Equipment-8692,EQ-08692,drilling,,7891.06,,2024,6
Activité E&P,AST,REGGANE,GF,Equipment-8693,EQ-08693,combustion,Natural Gas,2348.57,scf,2025,8
Activité E&P,AST,GTG,GF,Equipment-8694,EQ-08694,venting,,8126.05,,2022,7
Activité LQS,LSH,GL1K,GNL,Equipment-8695,EQ-08695,combustion,Fuel Gas,1348.08,gal,2025,4
Activité E&P,DP,INAS,GF,Equipment-8696,EQ-08696,flaring,,3876.26,,2022,9
Activité RPC,RAF,RA1G,Raffinerie,Equipment-8697,EQ-08697,flaring,Natural Gas,2798.45,scf,2022,8
Activité E&P,DP,STAH,OF,Equipment-8698,EQ-08698,drilling,,5279.71,,2023,3
Activité E&P,AST,SH-FCP MLE,GF,Equipment-8699,EQ-08699,combustion,Propane,3473.4,gal,2024,3
Activité E&P,AST,INA,GF,Equipment-8700,EQ-08700,flaring,Natural Gas,2960.83,scf,2022,8
Activité E&P,AST,GTIM,GF,Equipment-8701,EQ-08701,venting,,4969.06,,2024,9
Activité RPC,RAF,RA1A,Raffinerie,Equipment-8702,EQ-08702,combustion,Fuel Gas,7817.95,gal,2023,3
Activité LQS,LSH,GL1Z,GNL,Equipment-8703,EQ-08703,flaring,Diesel,8700.82,gal,2024,2
Activité RPC,PEC,CPEK,Pétrochimie,Equipment-8704,EQ-08704,fugitive,,8775.04,,2023,4
Activité LQS,LSH,GL2Z,GNL,Equipment-8705,EQ-08705,fugitive,,5406.91,,2025,4
Activité E&P,AST,GSS,OF,Equipment-8706,EQ-08706,combustion,Fuel Gas,5149.54,gal,2025,3
Activité E&P,AST,GTIM,GF,Equipment-8707,EQ-08707,flaring,Diesel,8697.49,gal,2022,4
Activité E&P,AST,GB,OF,Equipment-8708,EQ-08708,combustion,Diesel,9947.85,gal,2025,1
Activité E&P,DP,HBK,GF,Equipment-8709,EQ-08709,drilling,,6881.36,,2024,1
Activité RPC,RAF,RA1G,Raffinerie,Equipment-8710,EQ-08710,combustion,,5378.8,,2024,6
Activité E&P,DP,INAS,GF,Equipment-8711,EQ-08711,flaring,,5361.05,,2022,9
Activité E&P,AST,INA,GF,Equipment-8712,EQ-08712,venting,,5991.22,,2024,8
Activité E&P,AST,HBR,OF,Equipment-8713,EQ-08713,venting,,2744.3,,2025,12
Activité E&P,AST,G SH-ENI,OF,Equipment-8714,EQ-08714,flaring,Fuel Gas,3168.04,gal,2022,7
Activité RPC,RAF,RA1A,Raffinerie,Equipment-8715,EQ-08715,venting,,987.53,,2024,7
Activité E&P,AST,OURHOUD,OF,Equipment-8716,EQ-08716,drilling,,5672.96,,2022,7
Activité E&P,AST,MLN,OF,Equipment-8717,EQ-08717,venting,,7868.49,,2024,10
Activité LQS,LSH,GL1K,GNL,Equipment-8718,EQ-08718,combustion,,4267.09,,2025,1
Activité E&P,AST,GTFT,GF,Equipment-8719,EQ-08719,fugitive,,6381.69,,2024,6
Activité LQS,LSH,GP2Z,GPL,Equipment-8720,EQ-08720,combustion,Natural Gas,2548.32,scf,2024,9
Activité LQS,LSH,GP2Z,GPL,Equipment-8721,EQ-08721,fugitive,,9766.05,,2022,4
Activité E&P,DP,HBK,GF,Equipment-8722,EQ-08722,venting,,3069.07,,2022,6
Activité E&P,AST,MLN,OF,Equipment-8723,EQ-08723,drilling,,5311.27,,2023,8
Activité E&P,AST,BRS,OF,Equipment-8724,EQ-08724,drilling,,7262.42,,2025,12
Activité E&P,AST,REGGANE,GF,Equipment-8725,EQ-08725,venting,,1168.39,,2025,2
Activité E&P,AST,OURHOUD,OF,Equipment-8726,EQ-08726,venting,,6912.01,,2025,6
Activité E&P,AST,GTG,GF,Equipment-8727,EQ-08727,flaring,Fuel Gas,2993.18,gal,2023,7
Activité LQS,LSH,GL1K,GNL,Equipment-8728,EQ-08728,combustion,Diesel,503.84,gal,2025,6
Activité E&P,DP,REB,OF,Equipment-8729,EQ-08729,flaring,Propane,3021.73,gal,2022,10
Activité E&P,AST,BRS,OF,Equipment-8730,EQ-08730,fugitive,,4182.36,,2025,6
Activité RPC,RAF,RA1Z,Raffinerie,Equipment-8731,EQ-08731,fugitive,,5453.77,,2022,11
Activité RPC,RAF,RA1K,Raffinerie,Equipment-8732,EQ-08732,combustion,Fuel Gas,3653.77,gal,2024,4
Activité E&P,AST,BRS,OF,Equipment-8733,EQ-08733,combustion,Natural Gas,1335.39,scf,2024,3
Activité RPC,RAF,RA1A,Raffinerie,Equipment-8734,EQ-08734,fugitive,,593.62,,2022,12
Activité RPC,PEC,CPEK,Pétrochimie,Equipment-8735,EQ-08735,venting,,1404.91,,2024,3
Activité E&P,AST,GTG,GF,Equipment-8736,EQ-08736,flaring,Diesel,5541.82,gal,2025,3
Activité LQS,LSH,GL1K,GNL,Equipment-8737,EQ-08737,venting,,7828.03,,2022,10
Activité E&P,AST,G SH-ENI,OF,Equipment-8738,EQ-08738,drilling,,2671.77,,2025,8
Activité LQS,LSH,GL1K,GNL,Equipment-8739,EQ-08739,combustion,Propane,8839.23,gal,2022,4
Activité E&P,AST,ISG,GF,Equipment-8740,EQ-08740,flaring,Diesel,7518.84,gal,2023,10
Activité LQS,LSH,GP1Z,GPL,Equipment-8741,EQ-08741,combustion,Fuel Gas,7127.46,gal,2023,9
Activité E&P,AST,ISG,GF,Equipment-8742,EQ-08742,combustion,Diesel,6417.61,gal,2022,7
Activité E&P,DP,TFT,GF,Equipment-8743,EQ-08743,combustion,Diesel,489.9,gal,2025,6
Activité E&P,DP,HBK,GF,Equipment-8744,EQ-08744,fugitive,,7117.5,,2024,8
Activité E&P,AST,GB,OF,Equipment-8745,EQ-08745,fugitive,,2243.81,,2022,4
Activité LQS,LSH,GL1K,GNL,Equipment-8746,EQ-08746,combustion,,8454.12,,2024,12
Activité E&P,AST,ISG,GF,Equipment-8747,EQ-08747,venting,,4371.72,,2024,3
Activité E&P,DP,ADR,OF,Equipment-8748,EQ-08748,flaring,Fuel Gas,8914.43,gal,2025,9
Activité E&P,AST,HBR,OF,Equipment-8749,EQ-08749,fugitive,,3479.76,,2022,12
Activité E&P,DP,HBK,GF,Equipment-8750,EQ-08750,venting,,5701.26,,2025,10
Activité E&P,AST,BMS,OF,Equipment-8751,EQ-08751,fugitive,,3591.15,,2025,11
Activité LQS,LSH,GL3Z,GNL,Equipment-8752,EQ-08752,combustion,Diesel,3656.75,gal,2025,11
Activité E&P,AST,RKF,OF,Equipment-8753,EQ-08753,drilling,,7661.34,,2024,2
Activité E&P,DP,TFT,GF,Equipment-8754,EQ-08754,drilling,,3378.02,,2022,6
Activité E&P,AST,GTG,GF,Equipment-8755,EQ-08755,fugitive,,2964.49,,2023,1
Activité LQS,LSH,GL1Z,GNL,Equipment-8756,EQ-08756,venting,,4900.88,,2022,11
Activité E&P,AST,OURHOUD,OF,Equipment-8757,EQ-08757,flaring,Propane,1315.06,gal,2025,11
Activité E&P,AST,ISG,GF,Equipment-8758,EQ-08758,drilling,,7730.29,,2024,10
Activité LQS,LSH,GP2Z,GPL,Equipment-8759,EQ-08759,venting,,3335.16,,2025,4
Activité RPC,PEC,CPEK,Pétrochimie,Equipment-8760,EQ-08760,flaring,,7051.49,,2022,1
Activité E&P,AST,REGGANE,GF,Equipment-8761,EQ-08761,venting,,418.34,,2022,5
Activité LQS,LSH,GL3Z,GNL,Equipment-8762,EQ-08762,drilling,,7510.91,,2022,6
Activité E&P,DP,HMD,OF,Equipment-8763,EQ-08763,flaring,Propane,585.14,gal,2025,10
Activité RPC,RAF,RA1G,Raffinerie,Equipment-8764,EQ-08764,drilling,,6678.86,,2025,8
Activité E&P,DP,STAH,OF,Equipment-8765,EQ-08765,venting,,4693.48,,2022,9
Activité E&P,DP,HRM,GF,Equipment-8766,EQ-08766,combustion,Diesel,13.95,gal,2023,3
Activité E&P,AST,BRS,OF,Equipment-8767,EQ-08767,fugitive,,5700.91,,2025,9
Activité E&P,DP,STAH,OF,Equipment-8768,EQ-08768,flaring,Propane,6225.2,gal,2025,1
Activité E&P,AST,INA,GF,Equipment-8769,EQ-08769,venting,,1246.07,,2023,9
Activité E&P,AST,OURHOUD,OF,Equipment-8770,EQ-08770,combustion,Diesel,5386.28,gal,2024,1
Activité E&P,DP,OHT,GF,Equipment-8771,EQ-08771,flaring,,6566.24,,2022,3
Activité E&P,DP,STAH,OF,Equipment-8772,EQ-08772,drilling,,1201.71,,2024,12
Activité LQS,LSH,GP2Z,GPL,Equipment-8773,EQ-08773,fugitive,,9803.44,,2023,2
Activité E&P,DP,REB,OF,Equipment-8774,EQ-08774,fugitive,,8096.67,,2022,4
Activité LQS,LSH,GP2Z,GPL,Equipment-8775,EQ-08775,combustion,,6233.33,,2025,1
Activité E&P,AST,GTG,GF,Equipment-8776,EQ-08776,drilling,,4615.86,,2025,9
Activité E&P,AST,SH-FCP MLE,GF,Equipment-8777,EQ-08777,flaring,Propane,9159.71,gal,2025,8
Activité RPC,RAF,RA1K,Raffinerie,Equipment-8778,EQ-08778,fugitive,,6965.39,,2022,2
Activité E&P,AST,GTIM,GF,Equipment-8779,EQ-08779,drilling,,9071.13,,2022,6
Activité RPC,PEC,CPEK,Pétrochimie,Equipment-8780,EQ-08780,venting,,7579.07,,2022,4
Activité E&P,AST,BMS,OF,Equipment-8781,EQ-08781,combustion,Fuel Gas,786.9,gal,2024,7
Activité E&P,AST,GSS,OF,Equipment-8782,EQ-08782,drilling,,2056.17,,2025,11
Activité RPC,PEC,CPEK,Pétrochimie,Equipment-8783,EQ-08783,fugitive,,2704.33,,2024,12
Activité E&P,DP,REB,OF,Equipment-8784,EQ-08784,fugitive,,5246.27,,2022,4
Activité E&P,AST,HBR,OF,Equipment-8785,EQ-08785,drilling,,1440.77,,2023,11
Activité E&P,AST,BMS,OF,Equipment-8786,EQ-08786,flaring,Natural Gas,4602.62,scf,2023,7
Activité LQS,LSH,GL2Z,GNL,Equipment-8787,EQ-08787,fugitive,,6507.57,,2024,7
Activité E&P,AST,GTIM,GF,Equipment-8788,EQ-08788,fugitive,,4207.36,,2022,8
Activité E&P,AST,ISG,GF,Equipment-8789,EQ-08789,fugitive,,1775.77,,2023,8
Activité E&P,AST,RKF,OF,Equipment-8790,EQ-08790,flaring,Diesel,5493.86,gal,2022,4
Activité E&P,DP,RNS,GF,Equipment-8791,EQ-08791,combustion,Propane,1346.6,gal,2023,11
Activité E&P,DP,GTL,GF,Equipment-8792,EQ-08792,venting,,2542.09,,2025,1
Activité E&P,AST,SH-FCP MLE,GF,Equipment-8793,EQ-08793,combustion,Natural Gas,2684.56,scf,2023,4
Activité LQS,LSH,GL2Z,GNL,Equipment-8794,EQ-08794,fugitive,,1392.17,,2024,10
Activité E&P,AST,BRS,OF,Equipment-8795,EQ-08795,combustion,Diesel,7800.79,gal,2023,6
Activité E&P,DP,STAH,OF,Equipment-8796,EQ-08796,combustion,Propane,4118.98,gal,2024,5
Activité E&P,DP,RNS,GF,Equipment-8797,EQ-08797,drilling,,2630.96,,2024,6
Activité LQS,LSH,GL1Z,GNL,Equipment-8798,EQ-08798,venting,,702.77,,2022,1
Activité E&P,DP,HBK,GF,Equipment-8799,EQ-08799,drilling,,6017.01,,2022,3
Activité E&P,AST,SH-FCP MLE,GF,Equipment-8800,EQ-08800,flaring,,7710.8,,2025,5
Activité E&P,AST,REGGANE,GF,Equipment-8801,EQ-08801,drilling,,6038.04,,2024,11
Activité E&P,AST,SH-FCP MLE,GF,Equipment-8802,EQ-08802,venting,,546.45,,2024,2
Activité LQS,LSH,GL1Z,GNL,Equipment-8803,EQ-08803,venting,,8291.32,,2025,5
Activité E&P,AST,OURHOUD,OF,Equipment-8804,EQ-08804,fugitive,,2411.01,,2024,6
Activité E&P,DP,GTL,GF,Equipment-8805,EQ-08805,venting,,9984.93,,2024,8
Activité E&P,DP,HBK,GF,Equipment-8806,EQ-08806,flaring,Propane,6209.11,gal,2024,7
Activité E&P,AST,HBR,OF,Equipment-8807,EQ-08807,venting,,292.34,,2023,1
Activité RPC,RAF,RA1Z,Raffinerie,Equipment-8808,EQ-08808,combustion,Diesel,6298.53,gal,2023,3
Activité E&P,DP,HMD,OF,Equipment-8809,EQ-08809,drilling,,8300.33,,2025,11
Activité E&P,AST,INA,GF,Equipment-8810,EQ-08810,venting,,4833.65,,2024,11
Activité E&P,AST,BMS,OF,Equipment-8811,EQ-08811,flaring,Fuel Gas,4914.62,gal,2023,4
Activité E&P,DP,HMD,OF,Equipment-8812,EQ-08812,venting,,5546.99,,2023,9
Activité RPC,RAF,RA1K,Raffinerie,Equipment-8813,EQ-08813,fugitive,,8143.56,,2024,12
Activité E&P,DP,RNS,GF,Equipment-8814,EQ-08814,fugitive,,2256.7,,2023,2
Activité E&P,AST,BRS,OF,Equipment-8815,EQ-08815,flaring,Diesel,9643.68,gal,2024,7
Activité E&P,AST,SH-FCP MLE,GF,Equipment-8816,EQ-08816,combustion,Fuel Gas,3629.91,gal,2023,8
Activité LQS,LSH,GL2Z,GNL,Equipment-8817,EQ-08817,venting,,9609.61,,2025,2
Activité E&P,AST,G SH-ENI,OF,Equipment-8818,EQ-08818,drilling,,732.9,,2025,11
Activité LQS,LSH,GL3Z,GNL,Equipment-8819,EQ-08819,fugitive,,1547.92,,2023,12
Activité E&P,AST,GTFT,GF,Equipment-8820,EQ-08820,fugitive,,8896.71,,2022,5
Activité E&P,AST,ISG,GF,Equipment-8821,EQ-08821,drilling,,3439.32,,2025,1
Activité E&P,DP,INAS,GF,Equipment-8822,EQ-08822,combustion,Fuel Gas,542.79,gal,2022,12
Activité E&P,DP,TFT,GF,Equipment-8823,EQ-08823,drilling,,7792.47,,2022,10
Activité E&P,AST,RKF,OF,Equipment-8824,EQ-08824,combustion,,8568.18,,2023,11
Activité LQS,LSH,GL3Z,GNL,Equipment-8825,EQ-08825,drilling,,8970.27,,2023,11
Activité LQS,LSH,GP1Z,GPL,Equipment-8826,EQ-08826,flaring,,7118.27,,2022,1
Activité E&P,DP,REB,OF,Equipment-8827,EQ-08827,fugitive,,1880.83,,2025,12
Activité E&P,DP,OHT,GF,Equipment-8828,EQ-08828,fugitive,,9656.72,,2023,3
Activité E&P,AST,ISG,GF,Equipment-8829,EQ-08829,flaring,Diesel,4171.97,gal,2024,2
Activité E&P,AST,OURHOUD,OF,Equipment-8830,EQ-08830,flaring,Fuel Gas,8629.12,gal,2024,3
Activité E&P,AST,GTIM,GF,Equipment-8831,EQ-08831,fugitive,,4801.61,,2022,8
Activité E&P,AST,GTFT,GF,Equipment-8832,EQ-08832,venting,,8890.4,,2022,6
Activité E&P,AST,GTFT,GF,Equipment-8833,EQ-08833,combustion,Propane,8759.37,gal,2023,6
Activité E&P,DP,HBK,GF,Equipment-8834,EQ-08834,drilling,,5273.55,,2023,5
Activité LQS,LSH,GP1Z,GPL,Equipment-8835,EQ-08835,drilling,,4780.79,,2025,3
Activité E&P,DP,OHT,GF,Equipment-8836,EQ-08836,venting,,8745.79,,2025,8
Activité E&P,DP,TFT,GF,Equipment-8837,EQ-08837,drilling,,8900.87,,2024,4
Activité E&P,DP,REB,OF,Equipment-8838,EQ-08838,drilling,,1483.65,,2025,2
Activité E&P,AST,INA,GF,Equipment-8839,EQ-08839,combustion,Propane,6983.67,gal,2025,10
Activité LQS,LSH,GP2Z,GPL,Equipment-8840,EQ-08840,combustion,Propane,7020.7,gal,2025,1
Activité E&P,AST,ISG,GF,Equipment-8841,EQ-08841,venting,,1410.53,,2025,1
Activité E&P,DP,ADR,OF,Equipment-8842,EQ-08842,flaring,Fuel Gas,6621.7,gal,2022,3
Activité LQS,LSH,GL3Z,GNL,Equipment-8843,EQ-08843,combustion,Fuel Gas,9731.68,gal,2025,7
Activité E&P,AST,ISG,GF,Equipment-8844,EQ-08844,drilling,,4215.35,,2022,7
Activité E&P,DP,OHT,GF,Equipment-8845,EQ-08845,flaring,Fuel Gas,379.83,gal,2023,3
Activité E&P,AST,HBR,OF,Equipment-8846,EQ-08846,fugitive,,3901.0,,2023,10
Activité LQS,LSH,GL3Z,GNL,Equipment-8847,EQ-08847,venting,,9759.39,,2022,2
Activité LQS,LSH,GL2Z,GNL,Equipment-8848,EQ-08848,venting,,7396.01,,2022,12
Activité E&P,AST,GSS,OF,Equipment-8849,EQ-08849,fugitive,,2770.83,,2024,4
Activité E&P,AST,REGGANE,GF,Equipment-8850,EQ-08850,fugitive,,2708.76,,2025,12
Activité E&P,AST,BMS,OF,Equipment-8851,EQ-08851,flaring,Fuel Gas,7301.59,gal,2022,7
Activité E&P,DP,INAS,GF,Equipment-8852,EQ-08852,venting,,9016.66,,2023,2
Activité E&P,AST,GTG,GF,Equipment-8853,EQ-08853,drilling,,9757.44,,2022,2
Activité E&P,DP,RNS,GF,Equipment-8854,EQ-08854,fugitive,,7495.86,,2024,12
Activité E&P,AST,HBR,OF,Equipment-8855,EQ-08855,venting,,4980.03,,2022,9
Activité E&P,AST,SH-FCP MLE,GF,Equipment-8856,EQ-08856,fugitive,,5386.06,,2024,10
Activité E&P,AST,ISG,GF,Equipment-8857,EQ-08857,fugitive,,6020.46,,2022,5
Activité E&P,DP,HBK,GF,Equipment-8858,EQ-08858,drilling,,5252.65,,2025,7
Activité E&P,DP,TFT,GF,Equipment-8859,EQ-08859,fugitive,,8895.46,,2022,10
Activité RPC,PEC,CPEK,Pétrochimie,Equipment-8860,EQ-08860,venting,,8002.2,,2025,5
Activité E&P,AST,GSS,OF,Equipment-8861,EQ-08861,venting,,5477.05,,2022,10
Activité E&P,DP,STAH,OF,Equipment-8862,EQ-08862,venting,,4651.98,,2022,10
Activité E&P,AST,GTIM,GF,Equipment-8863,EQ-08863,drilling,,4922.54,,2023,11
Activité E&P,AST,HBR,OF,Equipment-8864,EQ-08864,fugitive,,419.44,,2023,9
Activité E&P,AST,GTIM,GF,Equipment-8865,EQ-08865,combustion,Diesel,8974.31,gal,2022,9
Activité RPC,PEC,CP1Z,Pétrochimie,Equipment-8866,EQ-08866,combustion,,6405.36,,2025,6
Activité E&P,AST,INA,GF,Equipment-8867,EQ-08867,drilling,,5967.82,,2024,7
Activité RPC,RAF,RA1G,Raffinerie,Equipment-8868,EQ-08868,combustion,Fuel Gas,4169.79,gal,2023,9
Activité E&P,AST,BMS,OF,Equipment-8869,EQ-08869,combustion,Natural Gas,3129.94,scf,2023,3
Activité E&P,AST,GTIM,GF,Equipment-8870,EQ-08870,combustion,Natural Gas,7945.51,scf,2024,8
Activité E&P,AST,GTG,GF,Equipment-8871,EQ-08871,drilling,,153.49,,2023,9
Activité LQS,LSH,GL2Z,GNL,Equipment-8872,EQ-08872,flaring,Diesel,8240.0,gal,2024,1
Activité RPC,RAF,RA1A,Raffinerie,Equipment-8873,EQ-08873,fugitive,,8781.69,,2025,9
Activité E&P,AST,RKF,OF,Equipment-8874,EQ-08874,combustion,Natural Gas,378.93,scf,2023,10
Activité E&P,AST,SH-FCP MLE,GF,Equipment-8875,EQ-08875,combustion,Diesel,6938.84,gal,2025,7
Activité RPC,RAF,RA1A,Raffinerie,Equipment-8876,EQ-08876,fugitive,,2251.29,,2024,4
Activité LQS,LSH,GL1Z,GNL,Equipment-8877,EQ-08877,fugitive,,1863.29,,2024,7
Activité E&P,AST,INA,GF,Equipment-8878,EQ-08878,venting,,4666.5,,2023,12
Activité E&P,AST,GTFT,GF,Equipment-8879,EQ-08879,venting,,7150.12,,2025,9
Activité E&P,DP,HRM,GF,Equipment-8880,EQ-08880,venting,,2528.22,,2023,10
Activité E&P,AST,GB,OF,Equipment-8881,EQ-08881,flaring,Fuel Gas,4803.57,gal,2022,7
Activité LQS,LSH,GL1K,GNL,Equipment-8882,EQ-08882,drilling,,6004.49,,2022,10
Activité E&P,AST,G SH-ENI,OF,Equipment-8883,EQ-08883,drilling,,4920.04,,2025,9
Activité LQS,LSH,GP2Z,GPL,Equipment-8884,EQ-08884,fugitive,,6328.99,,2022,10
Activité LQS,LSH,GL3Z,GNL,Equipment-8885,EQ-08885,drilling,,1093.36,,2022,12
Activité E&P,AST,GB,OF,Equipment-8886,EQ-08886,drilling,,7216.19,,2024,6
Activité E&P,DP,TFT,GF,Equipment-8887,EQ-08887,fugitive,,7264.24,,2024,12
Activité E&P,AST,BMS,OF,Equipment-8888,EQ-08888,fugitive,,7339.08,,2022,1
Activité E&P,AST,GTFT,GF,Equipment-8889,EQ-08889,combustion,Natural Gas,6268.59,scf,2022,4
Activité LQS,LSH,GL2Z,GNL,Equipment-8890,EQ-08890,flaring,Propane,9599.92,gal,2022,5
Activité E&P,DP,STAH,OF,Equipment-8891,EQ-08891,combustion,Fuel Gas,4431.54,gal,2022,1
Activité E&P,DP,REB,OF,Equipment-8892,EQ-08892,drilling,,3042.66,,2022,9
Activité LQS,LSH,GL1Z,GNL,Equipment-8893,EQ-08893,combustion,Fuel Gas,6554.4,gal,2025,1
Activité RPC,RAF,RA1G,Raffinerie,Equipment-8894,EQ-08894,combustion,Diesel,1687.66,gal,2023,10
Activité LQS,LSH,GP1Z,GPL,Equipment-8895,EQ-08895,venting,,3871.88,,2024,12
Activité E&P,DP,STAH,OF,Equipment-8896,EQ-08896,drilling,,8687.12,,2023,10
Activité LQS,LSH,GL3Z,GNL,Equipment-8897,EQ-08897,flaring,,919.67,,2025,6
Activité E&P,AST,GTIM,GF,Equipment-8898,EQ-08898,fugitive,,5486.21,,2022,2
Activité E&P,AST,BRS,OF,Equipment-8899,EQ-08899,combustion,,5158.51,,2022,6
Activité LQS,LSH,GP1Z,GPL,Equipment-8900,EQ-08900,flaring,Natural Gas,4206.68,scf,2022,7
Activité E&P,AST,REGGANE,GF,Equipment-8901,EQ-08901,venting,,4355.45,,2024,6
Activité E&P,DP,HBK,GF,Equipment-8902,EQ-08902,venting,,5701.71,,2024,11
Activité E&P,DP,INAS,GF,Equipment-8903,EQ-08903,drilling,,7107.61,,2025,4
Activité E&P,AST,GTFT,GF,Equipment-8904,EQ-08904,flaring,Fuel Gas,7807.42,gal,2024,5
Activité E&P,AST,HBR,OF,Equipment-8905,EQ-08905,drilling,,1817.37,,2023,4
Activité E&P,AST,BMS,OF,Equipment-8906,EQ-08906,flaring,,3022.85,,2023,9
Activité E&P,AST,GSS,OF,Equipment-8907,EQ-08907,flaring,,7812.89,,2024,1
Activité E&P,DP,GTL,GF,Equipment-8908,EQ-08908,combustion,Fuel Gas,3681.43,gal,2025,2
Activité E&P,DP,INAS,GF,Equipment-8909,EQ-08909,fugitive,,9509.15,,2023,4
Activité RPC,RAF,RA1A,Raffinerie,Equipment-8910,EQ-08910,venting,,6900.79,,2022,5
Activité E&P,DP,GTL,GF,Equipment-8911,EQ-08911,venting,,2521.26,,2023,12
Activité E&P,DP,REB,OF,Equipment-8912,EQ-08912,flaring,Fuel Gas,7549.81,gal,2022,8
Activité RPC,RAF,RA1A,Raffinerie,Equipment-8913,EQ-08913,combustion,Diesel,201.41,gal,2023,3
Activité LQS,LSH,GL1K,GNL,Equipment-8914,EQ-08914,combustion,,2717.31,,2023,5
Activité RPC,PEC,CP1Z,Pétrochimie,Equipment-8915,EQ-08915,flaring,Diesel,728.86,gal,2023,2
Activité LQS,LSH,GL2Z,GNL,Equipment-8916,EQ-08916,fugitive,,6515.51,,2025,11
Activité LQS,LSH,GP1Z,GPL,Equipment-8917,EQ-08917,combustion,Natural Gas,8246.0,scf,2023,9
Activité LQS,LSH,GP2Z,GPL,Equipment-8918,EQ-08918,combustion,Propane,8978.29,gal,2024,7
Activité RPC,RAF,RA1Z,Raffinerie,Equipment-8919,EQ-08919,flaring,,2825.59,,2023,1
Activité E&P,DP,HMD,OF,Equipment-8920,EQ-08920,combustion,,4539.87,,2024,6
Activité RPC,RAF,RA1Z,Raffinerie,Equipment-8921,EQ-08921,venting,,7048.28,,2024,9
Activité E&P,DP,HRM,GF,Equipment-8922,EQ-08922,venting,,2929.2,,2024,11
Activité E&P,DP,TFT,GF,Equipment-8923,EQ-08923,venting,,6934.59,,2025,3
Activité RPC,PEC,CPEK,Pétrochimie,Equipment-8924,EQ-08924,flaring,Propane,6390.59,gal,2024,11
Activité RPC,PEC,CP1Z,Pétrochimie,Equipment-8925,EQ-08925,venting,,2693.71,,2025,6
Activité E&P,DP,STAH,OF,Equipment-8926,EQ-08926,fugitive,,854.87,,2024,4
Activité E&P,DP,OHT,GF,Equipment-8927,EQ-08927,flaring,Propane,1035.51,gal,2024,4
Activité E&P,AST,REGGANE,GF,Equipment-8928,EQ-08928,fugitive,,9702.16,,2024,12
Activité RPC,RAF,RA1Z,Raffinerie,Equipment-8929,EQ-08929,combustion,Propane,165.63,gal,2023,1
Activité E&P,DP,INAS,GF,Equipment-8930,EQ-08930,flaring,Diesel,8978.69,gal,2022,2
Activité E&P,DP,RNS,GF,Equipment-8931,EQ-08931,fugitive,,420.83,,2025,7
Activité E&P,DP,GTL,GF,Equipment-8932,EQ-08932,combustion,Propane,4227.25,gal,2025,1
Activité E&P,AST,SH-FCP MLE,GF,Equipment-8933,EQ-08933,combustion,Natural Gas,687.17,scf,2022,10
Activité E&P,DP,HMD,OF,Equipment-8934,EQ-08934,drilling,,8066.36,,2022,2
Activité E&P,DP,GTL,GF,Equipment-8935,EQ-08935,flaring,Propane,6045.12,gal,2023,10
Activité E&P,AST,MLN,OF,Equipment-8936,EQ-08936,flaring,Fuel Gas,8112.86,gal,2025,1
Activité E&P,AST,HBR,OF,Equipment-8937,EQ-08937,venting,,5408.6,,2022,3
Activité E&P,DP,HMD,OF,Equipment-8938,EQ-08938,flaring,Natural Gas,4395.33,scf,2022,7
Activité E&P,AST,RKF,OF,Equipment-8939,EQ-08939,flaring,Natural Gas,5602.06,scf,2025,2
Activité E&P,DP,RNS,GF,Equipment-8940,EQ-08940,venting,,1578.33,,2024,3
Activité RPC,PEC,CP1Z,Pétrochimie,Equipment-8941,EQ-08941,fugitive,,9839.67,,2023,2
Activité E&P,DP,HBK,GF,Equipment-8942,EQ-08942,combustion,Natural Gas,3063.53,scf,2025,2
Activité LQS,LSH,GL3Z,GNL,Equipment-8943,EQ-08943,drilling,,7850.94,,2025,1
Activité E&P,AST,OURHOUD,OF,Equipment-8944,EQ-08944,flaring,Fuel Gas,6730.38,gal,2024,10
Activité LQS,LSH,GP1Z,GPL,Equipment-8945,EQ-08945,drilling,,2413.79,,2023,2
Activité E&P,DP,HBK,GF,Equipment-8946,EQ-08946,venting,,5930.13,,2023,6
Activité E&P,AST,G SH-ENI,OF,Equipment-8947,EQ-08947,drilling,,8064.22,,2023,7
Activité RPC,RAF,RA1G,Raffinerie,Equipment-8948,EQ-08948,venting,,1190.93,,2022,7
Activité E&P,AST,GTIM,GF,Equipment-8949,EQ-08949,fugitive,,9182.63,,2022,10
Activité E&P,AST,GTIM,GF,Equipment-8950,EQ-08950,combustion,Diesel,7211.98,gal,2023,5
Activité E&P,AST,G SH-ENI,OF,Equipment-8951,EQ-08951,venting,,3893.48,,2023,1
Activité E&P,AST,SH-FCP MLE,GF,Equipment-8952,EQ-08952,combustion,,8738.65,,2024,1
Activité E&P,AST,ISG,GF,Equipment-8953,EQ-08953,drilling,,6635.13,,2023,7
Activité E&P,AST,GTFT,GF,Equipment-8954,EQ-08954,flaring,,3336.59,,2025,12
Activité E&P,DP,STAH,OF,Equipment-8955,EQ-08955,combustion,Diesel,6000.4,gal,2024,1
Activité E&P,AST,INA,GF,Equipment-8956,EQ-08956,combustion,Fuel Gas,8311.39,gal,2025,10
Activité E&P,DP,HRM,GF,Equipment-8957,EQ-08957,combustion,Diesel,5391.97,gal,2024,5
Activité RPC,PEC,CP1Z,Pétrochimie,Equipment-8958,EQ-08958,drilling,,5560.22,,2024,6
Activité LQS,LSH,GL2Z,GNL,Equipment-8959,EQ-08959,combustion,,2013.25,,2024,8
Activité E&P,DP,HMD,OF,Equipment-8960,EQ-08960,drilling,,4593.21,,2025,1
Activité E&P,AST,GB,OF,Equipment-8961,EQ-08961,drilling,,3503.2,,2023,9
Activité RPC,RAF,RA1A,Raffinerie,Equipment-8962,EQ-08962,combustion,Diesel,7178.95,gal,2022,4
Activité LQS,LSH,GL1K,GNL,Equipment-8963,EQ-08963,flaring,Diesel,8620.59,gal,2024,11
Activité E&P,AST,RKF,OF,Equipment-8964,EQ-08964,flaring,Diesel,7213.48,gal,2024,5
Activité E&P,DP,TFT,GF,Equipment-8965,EQ-08965,venting,,337.29,,2023,10
Activité E&P,DP,OHT,GF,Equipment-8966,EQ-08966,venting,,9759.21,,2024,5
Activité E&P,AST,MLN,OF,Equipment-8967,EQ-08967,fugitive,,9743.09,,2022,5
Activité E&P,AST,G SH-ENI,OF,Equipment-8968,EQ-08968,venting,,688.73,,2025,9
Activité E&P,AST,BRS,OF,Equipment-8969,EQ-08969,flaring,Propane,3126.36,gal,2022,11
Activité RPC,RAF,RA1K,Raffinerie,Equipment-8970,EQ-08970,venting,,8905.26,,2022,8
Activité RPC,RAF,RA1A,Raffinerie,Equipment-8971,EQ-08971,venting,,2553.38,,2023,1
Activité E&P,DP,TFT,GF,Equipment-8972,EQ-08972,combustion,Natural Gas,1519.07,scf,2025,12
Activité LQS,LSH,GL1K,GNL,Equipment-8973,EQ-08973,flaring,,6973.94,,2022,4
Activité RPC,RAF,RA1K,Raffinerie,Equipment-8974,EQ-08974,fugitive,,1796.34,,2025,7
Activité RPC,RAF,RA1G,Raffinerie,Equipment-8975,EQ-08975,fugitive,,7786.7,,2024,12
Activité E&P,AST,ISG,GF,Equipment-8976,EQ-08976,drilling,,4672.27,,2025,5
Activité RPC,RAF,RA1Z,Raffinerie,Equipment-8977,EQ-08977,fugitive,,5979.86,,2023,8
Activité E&P,DP,HRM,GF,Equipment-8978,EQ-08978,combustion,Propane,9787.46,gal,2024,12
Activité E&P,AST,GSS,OF,Equipment-8979,EQ-08979,combustion,Natural Gas,3021.45,scf,2022,3
Activité LQS,LSH,GL3Z,GNL,Equipment-8980,EQ-08980,combustion,Diesel,8426.67,gal,2025,1
Activité E&P,DP,RNS,GF,Equipment-8981,EQ-08981,combustion,Propane,8470.64,gal,2024,4
Activité LQS,LSH,GP1Z,GPL,Equipment-8982,EQ-08982,venting,,3988.79,,2023,8
Activité E&P,AST,SH-FCP MLE,GF,Equipment-8983,EQ-08983,flaring,Natural Gas,5905.08,scf,2022,9
Activité E&P,DP,HBK,GF,Equipment-8984,EQ-08984,venting,,993.04,,2022,5
Activité E&P,DP,REB,OF,Equipment-8985,EQ-08985,fugitive,,814.36,,2023,12
Activité E&P,DP,INAS,GF,Equipment-8986,EQ-08986,fugitive,,8149.45,,2024,10
Activité RPC,RAF,RA1Z,Raffinerie,Equipment-8987,EQ-08987,venting,,658.92,,2025,8
Activité E&P,DP,ADR,OF,Equipment-8988,EQ-08988,drilling,,9581.4,,2022,12
Activité E&P,AST,REGGANE,GF,Equipment-8989,EQ-08989,venting,,5319.38,,2024,1
Activité RPC,RAF,RA1G,Raffinerie,Equipment-8990,EQ-08990,flaring,Diesel,1736.39,gal,2023,8
Activité E&P,AST,OURHOUD,OF,Equipment-8991,EQ-08991,combustion,Fuel Gas,3718.26,gal,2022,11
Activité E&P,AST,MLN,OF,Equipment-8992,EQ-08992,fugitive,,8737.13,,2024,7
Activité RPC,PEC,CPEK,Pétrochimie,Equipment-8993,EQ-08993,flaring,Diesel,92.15,gal,2022,12
Activité E&P,AST,BMS,OF,Equipment-8994,EQ-08994,flaring,Fuel Gas,5820.68,gal,2022,12
Activité E&P,AST,ISG,GF,Equipment-8995,EQ-08995,venting,,3084.37,,2023,4
Activité E&P,DP,HMD,OF,Equipment-8996,EQ-08996,fugitive,,5530.51,,2023,9
Activité LQS,LSH,GP2Z,GPL,Equipment-8997,EQ-08997,fugitive,,7330.92,,2023,10
Activité RPC,RAF,RA1Z,Raffinerie,Equipment-8998,EQ-08998,fugitive,,9879.1,,2022,6
Activité E&P,AST,GSS,OF,Equipment-8999,EQ-08999,combustion,Natural Gas,7977.32,scf,2023,12
Activité E&P,AST,RKF,OF,Equipment-9000,EQ-09000,drilling,,3318.85,,2024,2
Activité E&P,AST,MLN,OF,Equipment-9001,EQ-09001,venting,,3053.06,,2025,5
Activité RPC,RAF,RA1A,Raffinerie,Equipment-9002,EQ-09002,flaring,,5800.06,,2024,12
Activité E&P,DP,HRM,GF,Equipment-9003,EQ-09003,drilling,,7880.26,,2025,1
Activité E&P,DP,GTL,GF,Equipment-9004,EQ-09004,combustion,Propane,6648.38,gal,2023,10
Activité E&P,AST,BRS,OF,Equipment-9005,EQ-09005,drilling,,338.41,,2025,9
Activité LQS,LSH,GP1Z,GPL,Equipment-9006,EQ-09006,fugitive,,3518.82,,2025,3
Activité E&P,AST,INA,GF,Equipment-9007,EQ-09007,flaring,,4933.21,,2025,12
Activité LQS,LSH,GL1K,GNL,Equipment-9008,EQ-09008,combustion,Diesel,9867.21,gal,2023,3
Activité E&P,DP,TFT,GF,Equipment-9009,EQ-09009,fugitive,,8623.38,,2024,3
Activité E&P,AST,GTFT,GF,Equipment-9010,EQ-09010,venting,,9495.32,,2023,6
Activité E&P,DP,HMD,OF,Equipment-9011,EQ-09011,flaring,Propane,1620.29,gal,2024,6
Activité LQS,LSH,GP1Z,GPL,Equipment-9012,EQ-09012,venting,,1838.78,,2023,4
Activité E&P,AST,BRS,OF,Equipment-9013,EQ-09013,flaring,Diesel,4538.44,gal,2022,6
Activité E&P,AST,BRS,OF,Equipment-9014,EQ-09014,combustion,,4043.95,,2023,3
Activité E&P,DP,REB,OF,Equipment-9015,EQ-09015,drilling,,4921.15,,2022,2
Activité E&P,AST,RKF,OF,Equipment-9016,EQ-09016,drilling,,6332.42,,2023,9
Activité E&P,DP,GTL,GF,Equipment-9017,EQ-09017,flaring,Propane,8003.79,gal,2025,5
Activité E&P,DP,HBK,GF,Equipment-9018,EQ-09018,flaring,Propane,2311.38,gal,2022,7
Activité E&P,AST,GTFT,GF,Equipment-9019,EQ-09019,venting,,7033.12,,2023,1
Activité LQS,LSH,GL1Z,GNL,Equipment-9020,EQ-09020,flaring,,7873.34,,2025,9
Activité E&P,DP,HBK,GF,Equipment-9021,EQ-09021,drilling,,8743.35,,2024,9
Activité RPC,PEC,CPEK,Pétrochimie,Equipment-9022,EQ-09022,fugitive,,2503.01,,2022,8
Activité E&P,DP,ADR,OF,Equipment-9023,EQ-09023,combustion,Diesel,595.71,gal,2023,10
Activité E&P,AST,SH-FCP MLE,GF,Equipment-9024,EQ-09024,combustion,Fuel Gas,1323.67,gal,2022,6
Activité E&P,AST,OURHOUD,OF,Equipment-9025,EQ-09025,combustion,Diesel,910.84,gal,2024,3
Activité E&P,AST,GTG,GF,Equipment-9026,EQ-09026,drilling,,6687.5,,2025,5
Activité LQS,LSH,GL1K,GNL,Equipment-9027,EQ-09027,drilling,,3349.06,,2024,9
Activité LQS,LSH,GL1Z,GNL,Equipment-9028,EQ-09028,drilling,,1516.63,,2022,12
Activité E&P,AST,REGGANE,GF,Equipment-9029,EQ-09029,venting,,8744.03,,2022,4
Activité E&P,AST,GTG,GF,Equipment-9030,EQ-09030,drilling,,3330.29,,2024,9
Activité LQS,LSH,GL3Z,GNL,Equipment-9031,EQ-09031,fugitive,,2388.03,,2022,2
Activité E&P,AST,BMS,OF,Equipment-9032,EQ-09032,fugitive,,1055.13,,2022,7
Activité E&P,AST,SH-FCP MLE,GF,Equipment-9033,EQ-09033,fugitive,,7931.44,,2023,7
Activité E&P,AST,HBR,OF,Equipment-9034,EQ-09034,venting,,9338.16,,2024,11
Activité E&P,DP,TFT,GF,Equipment-9035,EQ-09035,flaring,Diesel,1652.07,gal,2024,3
Activité E&P,DP,OHT,GF,Equipment-9036,EQ-09036,drilling,,7652.96,,2024,10
Activité LQS,LSH,GP2Z,GPL,Equipment-9037,EQ-09037,fugitive,,1345.66,,2024,12
Activité E&P,DP,OHT,GF,Equipment-9038,EQ-09038,combustion,,8423.29,,2024,5
Activité E&P,DP,HMD,OF,Equipment-9039,EQ-09039,drilling,,8542.76,,2024,10
Activité E&P,AST,GSS,OF,Equipment-9040,EQ-09040,combustion,Natural Gas,7039.68,scf,2024,10
Activité RPC,RAF,RA1K,Raffinerie,Equipment-9041,EQ-09041,drilling,,687.02,,2022,1
Activité E&P,AST,REGGANE,GF,Equipment-9042,EQ-09042,fugitive,,4007.5,,2022,8
Activité RPC,RAF,RA1K,Raffinerie,Equipment-9043,EQ-09043,combustion,Propane,1305.9,gal,2023,5
Activité E&P,DP,HMD,OF,Equipment-9044,EQ-09044,drilling,,9132.31,,2024,5
Activité LQS,LSH,GL3Z,GNL,Equipment-9045,EQ-09045,flaring,Diesel,6114.46,gal,2022,5
Activité E&P,DP,GTL,GF,Equipment-9046,EQ-09046,combustion,,8620.03,,2024,3
Activité RPC,RAF,RA1A,Raffinerie,Equipment-9047,EQ-09047,combustion,Fuel Gas,973.54,gal,2023,10
Activité E&P,AST,REGGANE,GF,Equipment-9048,EQ-09048,combustion,Natural Gas,4138.59,scf,2024,3
Activité LQS,LSH,GP1Z,GPL,Equipment-9049,EQ-09049,combustion,Natural Gas,1637.41,scf,2023,4
Activité E&P,AST,INA,GF,Equipment-9050,EQ-09050,combustion,Fuel Gas,609.24,gal,2024,9
Activité RPC,RAF,RA1K,Raffinerie,Equipment-9051,EQ-09051,venting,,4634.49,,2023,8
Activité E&P,DP,OHT,GF,Equipment-9052,EQ-09052,flaring,Fuel Gas,5076.81,gal,2022,2
Activité E&P,AST,GSS,OF,Equipment-9053,EQ-09053,venting,,1917.98,,2023,6
Activité E&P,DP,GTL,GF,Equipment-9054,EQ-09054,fugitive,,5783.14,,2022,9
Activité E&P,DP,RNS,GF,Equipment-9055,EQ-09055,flaring,,915.7,,2023,7
Activité E&P,AST,OURHOUD,OF,Equipment-9056,EQ-09056,fugitive,,471.5,,2024,1
Activité E&P,DP,HRM,GF,Equipment-9057,EQ-09057,fugitive,,6765.89,,2023,10
Activité E&P,DP,REB,OF,Equipment-9058,EQ-09058,fugitive,,5419.13,,2022,3
Activité LQS,LSH,GP1Z,GPL,Equipment-9059,EQ-09059,combustion,Diesel,9255.03,gal,2025,12
Activité E&P,AST,GSS,OF,Equipment-9060,EQ-09060,venting,,35.74,,2025,10
Activité E&P,DP,OHT,GF,Equipment-9061,EQ-09061,drilling,,6715.15,,2025,3
Activité E&P,AST,ISG,GF,Equipment-9062,EQ-09062,combustion,Natural Gas,6996.61,scf,2024,2
Activité E&P,AST,BMS,OF,Equipment-9063,EQ-09063,fugitive,,6883.61,,2025,7
Activité RPC,RAF,RA1Z,Raffinerie,Equipment-9064,EQ-09064,fugitive,,3880.51,,2024,10
Activité E&P,AST,REGGANE,GF,Equipment-9065,EQ-09065,combustion,Fuel Gas,8412.67,gal,2022,6
Activité RPC,PEC,CP1Z,Pétrochimie,Equipment-9066,EQ-09066,combustion,Diesel,8742.32,gal,2023,4
Activité E&P,AST,BMS,OF,Equipment-9067,EQ-09067,fugitive,,1005.94,,2025,6
Activité E&P,AST,ISG,GF,Equipment-9068,EQ-09068,flaring,Diesel,1004.49,gal,2025,2
Activité E&P,AST,BRS,OF,Equipment-9069,EQ-09069,combustion,Propane,2263.04,gal,2023,2
Activité E&P,AST,GTFT,GF,Equipment-9070,EQ-09070,combustion,Diesel,6949.59,gal,2023,12
Activité RPC,PEC,CPEK,Pétrochimie,Equipment-9071,EQ-09071,venting,,9772.71,,2023,1
Activité LQS,LSH,GL1Z,GNL,Equipment-9072,EQ-09072,drilling,,2498.1,,2025,7
Activité RPC,PEC,CP1Z,Pétrochimie,Equipment-9073,EQ-09073,fugitive,,6933.8,,2022,3
Activité E&P,AST,REGGANE,GF,Equipment-9074,EQ-09074,combustion,Propane,9490.49,gal,2025,6
Activité E&P,AST,G SH-ENI,OF,Equipment-9075,EQ-09075,venting,,2984.62,,2022,12
Activité E&P,AST,RKF,OF,Equipment-9076,EQ-09076,venting,,3537.99,,2024,10
Activité RPC,RAF,RA1K,Raffinerie,Equipment-9077,EQ-09077,venting,,1588.54,,2024,8
Activité E&P,DP,RNS,GF,Equipment-9078,EQ-09078,venting,,3725.57,,2022,4
Activité E&P,DP,HRM,GF,Equipment-9079,EQ-09079,venting,,1145.82,,2025,5
Activité E&P,AST,SH-FCP MLE,GF,Equipment-9080,EQ-09080,drilling,,9053.13,,2024,7
Activité RPC,RAF,RA1G,Raffinerie,Equipment-9081,EQ-09081,combustion,,7147.49,,2022,12
Activité LQS,LSH,GL1K,GNL,Equipment-9082,EQ-09082,drilling,,9313.78,,2023,5
Activité E&P,AST,REGGANE,GF,Equipment-9083,EQ-09083,fugitive,,310.88,,2022,6
Activité E&P,AST,G SH-ENI,OF,Equipment-9084,EQ-09084,drilling,,5828.96,,2024,9
Activité E&P,AST,ISG,GF,Equipment-9085,EQ-09085,flaring,,857.66,,2023,3
Activité E&P,DP,TFT,GF,Equipment-9086,EQ-09086,venting,,6510.44,,2023,8
Activité E&P,AST,GB,OF,Equipment-9087,EQ-09087,flaring,Propane,5137.64,gal,2024,6
Activité E&P,DP,GTL,GF,Equipment-9088,EQ-09088,drilling,,982.45,,2024,4
Activité RPC,PEC,CPEK,Pétrochimie,Equipment-9089,EQ-09089,flaring,Propane,3062.36,gal,2024,11
Activité E&P,AST,RKF,OF,Equipment-9090,EQ-09090,fugitive,,8262.81,,2022,6
Activité E&P,DP,TFT,GF,Equipment-9091,EQ-09091,venting,,1077.78,,2025,10
Activité E&P,DP,HRM,GF,Equipment-9092,EQ-09092,venting,,8657.98,,2023,7
Activité E&P,AST,INA,GF,Equipment-9093,EQ-09093,combustion,Diesel,3997.65,gal,2024,11
Activité RPC,PEC,CP1Z,Pétrochimie,Equipment-9094,EQ-09094,venting,,1588.14,,2022,1
Activité E&P,DP,OHT,GF,Equipment-9095,EQ-09095,combustion,Fuel Gas,5541.03,gal,2022,5
Activité E&P,AST,RKF,OF,Equipment-9096,EQ-09096,combustion,Diesel,1315.91,gal,2022,5
Activité E&P,AST,SH-FCP MLE,GF,Equipment-9097,EQ-09097,fugitive,,3018.43,,2025,2
Activité E&P,DP,REB,OF,Equipment-9098,EQ-09098,combustion,Fuel Gas,3296.74,gal,2022,4
Activité LQS,LSH,GL1Z,GNL,Equipment-9099,EQ-09099,combustion,Fuel Gas,5332.11,gal,2025,5
Activité E&P,AST,INA,GF,Equipment-9100,EQ-09100,flaring,Fuel Gas,7765.62,gal,2023,4
Activité E&P,AST,G SH-ENI,OF,Equipment-9101,EQ-09101,drilling,,718.3,,2025,12
Activité E&P,AST,GTG,GF,Equipment-9102,EQ-09102,flaring,Propane,4373.0,gal,2022,11
Activité E&P,AST,GTIM,GF,Equipment-9103,EQ-09103,flaring,Propane,1788.14,gal,2024,7
Activité E&P,DP,HRM,GF,Equipment-9104,EQ-09104,fugitive,,961.88,,2025,3
Activité LQS,LSH,GL1Z,GNL,Equipment-9105,EQ-09105,drilling,,8767.85,,2023,7
Activité E&P,AST,INA,GF,Equipment-9106,EQ-09106,drilling,,6118.68,,2023,10
Activité LQS,LSH,GL1K,GNL,Equipment-9107,EQ-09107,flaring,Propane,2763.81,gal,2025,1
Activité RPC,PEC,CP1Z,Pétrochimie,Equipment-9108,EQ-09108,fugitive,,5598.04,,2024,10
Activité E&P,DP,STAH,OF,Equipment-9109,EQ-09109,drilling,,6250.62,,2023,3
Activité LQS,LSH,GP2Z,GPL,Equipment-9110,EQ-09110,drilling,,4362.71,,2023,1
Activité RPC,RAF,RA1K,Raffinerie,Equipment-9111,EQ-09111,combustion,,3563.8,,2023,6
Activité RPC,RAF,RA1G,Raffinerie,Equipment-9112,EQ-09112,fugitive,,5997.03,,2022,3
Activité E&P,AST,INA,GF,Equipment-9113,EQ-09113,venting,,685.03,,2022,3
Activité E&P,DP,OHT,GF,Equipment-9114,EQ-09114,venting,,1228.06,,2025,12
Activité E&P,DP,REB,OF,Equipment-9115,EQ-09115,flaring,Diesel,1408.89,gal,2024,4
Activité E&P,DP,RNS,GF,Equipment-9116,EQ-09116,drilling,,2343.31,,2024,3
Activité RPC,RAF,RA1A,Raffinerie,Equipment-9117,EQ-09117,combustion,Natural Gas,1726.37,scf,2024,11
Activité E&P,DP,GTL,GF,Equipment-9118,EQ-09118,combustion,Diesel,6308.22,gal,2024,1
Activité E&P,AST,GTG,GF,Equipment-9119,EQ-09119,flaring,Propane,9192.75,gal,2025,3
Activité E&P,AST,OURHOUD,OF,Equipment-9120,EQ-09120,flaring,Propane,2914.43,gal,2025,8
Activité E&P,DP,ADR,OF,Equipment-9121,EQ-09121,drilling,,175.1,,2025,3
Activité E&P,AST,REGGANE,GF,Equipment-9122,EQ-09122,fugitive,,6523.86,,2023,6
Activité LQS,LSH,GP2Z,GPL,Equipment-9123,EQ-09123,flaring,Fuel Gas,6185.6,gal,2022,9
Activité E&P,DP,INAS,GF,Equipment-9124,EQ-09124,flaring,Fuel Gas,5619.4,gal,2023,11
Activité LQS,LSH,GL1Z,GNL,Equipment-9125,EQ-09125,flaring,Natural Gas,1032.5,scf,2024,8
Activité E&P,AST,RKF,OF,Equipment-9126,EQ-09126,drilling,,2953.54,,2022,4
Activité RPC,RAF,RA1K,Raffinerie,Equipment-9127,EQ-09127,venting,,7567.84,,2025,11
Activité LQS,LSH,GL3Z,GNL,Equipment-9128,EQ-09128,drilling,,7341.28,,2025,4
Activité RPC,RAF,RA1K,Raffinerie,Equipment-9129,EQ-09129,venting,,4269.78,,2022,12
Activité E&P,DP,HRM,GF,Equipment-9130,EQ-09130,fugitive,,2920.35,,2023,4
Activité E&P,AST,OURHOUD,OF,Equipment-9131,EQ-09131,drilling,,1883.72,,2023,9
Activité RPC,RAF,RA1Z,Raffinerie,Equipment-9132,EQ-09132,fugitive,,9864.04,,2023,3
Activité RPC,PEC,CPEK,Pétrochimie,Equipment-9133,EQ-09133,fugitive,,8736.04,,2023,3
Activité E&P,DP,STAH,OF,Equipment-9134,EQ-09134,venting,,3120.96,,2024,1
Activité LQS,LSH,GL1K,GNL,Equipment-9135,EQ-09135,fugitive,,5469.79,,2024,10
Activité E&P,AST,G SH-ENI,OF,Equipment-9136,EQ-09136,combustion,Diesel,5508.78,gal,2022,11
Activité E&P,DP,ADR,OF,Equipment-9137,EQ-09137,combustion,Diesel,9077.73,gal,2022,4
Activité LQS,LSH,GL1Z,GNL,Equipment-9138,EQ-09138,flaring,Propane,7430.2,gal,2025,7
Activité E&P,AST,RKF,OF,Equipment-9139,EQ-09139,fugitive,,7636.9,,2023,3
Activité E&P,DP,HRM,GF,Equipment-9140,EQ-09140,flaring,Diesel,1005.41,gal,2024,9
Activité E&P,DP,TFT,GF,Equipment-9141,EQ-09141,venting,,6686.05,,2023,3
Activité RPC,RAF,RA1A,Raffinerie,Equipment-9142,EQ-09142,venting,,5083.65,,2022,7
Activité RPC,PEC,CP1Z,Pétrochimie,Equipment-9143,EQ-09143,fugitive,,1567.86,,2025,6
Activité E&P,AST,RKF,OF,Equipment-9144,EQ-09144,fugitive,,2513.86,,2024,1
Activité E&P,DP,RNS,GF,Equipment-9145,EQ-09145,flaring,,7009.95,,2022,11
Activité E&P,AST,REGGANE,GF,Equipment-9146,EQ-09146,drilling,,9759.25,,2023,7
Activité E&P,AST,GTFT,GF,Equipment-9147,EQ-09147,fugitive,,63.46,,2025,9
Activité E&P,AST,GB,OF,Equipment-9148,EQ-09148,combustion,Diesel,3481.8,gal,2022,2
Activité LQS,LSH,GP1Z,GPL,Equipment-9149,EQ-09149,fugitive,,3348.78,,2024,9
Activité E&P,AST,INA,GF,Equipment-9150,EQ-09150,fugitive,,114.1,,2022,6
Activité RPC,RAF,RA1G,Raffinerie,Equipment-9151,EQ-09151,venting,,1486.54,,2023,1
Activité E&P,DP,HBK,GF,Equipment-9152,EQ-09152,fugitive,,3860.03,,2025,2
Activité E&P,AST,GTG,GF,Equipment-9153,EQ-09153,drilling,,2803.74,,2022,6
Activité E&P,DP,GTL,GF,Equipment-9154,EQ-09154,drilling,,7618.53,,2024,9
Activité E&P,DP,STAH,OF,Equipment-9155,EQ-09155,fugitive,,8095.97,,2025,12
Activité E&P,AST,GTFT,GF,Equipment-9156,EQ-09156,fugitive,,1018.0,,2025,2
Activité E&P,AST,INA,GF,Equipment-9157,EQ-09157,flaring,Fuel Gas,7875.81,gal,2024,9
Activité E&P,AST,HBR,OF,Equipment-9158,EQ-09158,flaring,Natural Gas,6527.94,scf,2023,9
Activité RPC,RAF,RA1K,Raffinerie,Equipment-9159,EQ-09159,drilling,,8232.9,,2024,9
Activité E&P,DP,HBK,GF,Equipment-9160,EQ-09160,combustion,Propane,1271.48,gal,2023,11
Activité RPC,PEC,CP1Z,Pétrochimie,Equipment-9161,EQ-09161,drilling,,6841.91,,2024,10
Activité E&P,AST,GTIM,GF,Equipment-9162,EQ-09162,fugitive,,4092.51,,2025,12
Activité RPC,PEC,CPEK,Pétrochimie,Equipment-9163,EQ-09163,fugitive,,5310.76,,2024,3
Activité E&P,DP,REB,OF,Equipment-9164,EQ-09164,drilling,,2416.88,,2025,8
Activité RPC,RAF,RA1G,Raffinerie,Equipment-9165,EQ-09165,combustion,Natural Gas,4590.18,scf,2023,7
Activité E&P,DP,GTL,GF,Equipment-9166,EQ-09166,combustion,Natural Gas,9230.15,scf,2022,9
Activité E&P,AST,GTIM,GF,Equipment-9167,EQ-09167,fugitive,,1841.82,,2023,11
Activité E&P,DP,TFT,GF,Equipment-9168,EQ-09168,flaring,Propane,2511.19,gal,2023,11
Activité E&P,DP,STAH,OF,Equipment-9169,EQ-09169,drilling,,5951.51,,2022,3
Activité E&P,AST,BRS,OF,Equipment-9170,EQ-09170,drilling,,2658.91,,2023,5
Activité E&P,DP,REB,OF,Equipment-9171,EQ-09171,fugitive,,6721.06,,2022,1
Activité E&P,AST,REGGANE,GF,Equipment-9172,EQ-09172,drilling,,5849.6,,2024,3
Activité E&P,DP,INAS,GF,Equipment-9173,EQ-09173,flaring,,2511.94,,2024,3
Activité E&P,AST,BRS,OF,Equipment-9174,EQ-09174,fugitive,,1906.34,,2022,9
Activité E&P,DP,REB,OF,Equipment-9175,EQ-09175,drilling,,6419.56,,2022,5
Activité RPC,RAF,RA1K,Raffinerie,Equipment-9176,EQ-09176,venting,,666.13,,2023,3
Activité E&P,DP,REB,OF,Equipment-9177,EQ-09177,venting,,7468.89,,2022,3
Activité LQS,LSH,GP2Z,GPL,Equipment-9178,EQ-09178,combustion,Fuel Gas,7251.3,gal,2025,5
Activité E&P,AST,GSS,OF,Equipment-9179,EQ-09179,drilling,,5284.23,,2024,9
Activité E&P,DP,TFT,GF,Equipment-9180,EQ-09180,flaring,Fuel Gas,1686.32,gal,2024,9
Activité E&P,AST,GTIM,GF,Equipment-9181,EQ-09181,flaring,,7910.47,,2022,9
Activité E&P,DP,REB,OF,Equipment-9182,EQ-09182,flaring,Diesel,2817.17,gal,2022,9
Activité E&P,DP,GTL,GF,Equipment-9183,EQ-09183,drilling,,4057.63,,2022,3
Activité E&P,AST,BRS,OF,Equipment-9184,EQ-09184,drilling,,2583.85,,2023,3
Activité E&P,DP,RNS,GF,Equipment-9185,EQ-09185,venting,,7535.24,,2025,10
Activité E&P,AST,OURHOUD,OF,Equipment-9186,EQ-09186,drilling,,5001.82,,2024,11
Activité LQS,LSH,GL2Z,GNL,Equipment-9187,EQ-09187,venting,,8400.88,,2024,11
Activité E&P,DP,TFT,GF,Equipment-9188,EQ-09188,flaring,Propane,5802.56,gal,2022,9
Activité E&P,AST,GB,OF,Equipment-9189,EQ-09189,combustion,Natural Gas,8270.35,scf,2023,5
Activité RPC,RAF,RA1K,Raffinerie,Equipment-9190,EQ-09190,venting,,1381.97,,2025,12
Activité E&P,AST,GSS,OF,Equipment-9191,EQ-09191,flaring,Natural Gas,3016.24,scf,2022,1
Activité E&P,AST,BRS,OF,Equipment-9192,EQ-09192,combustion,,6408.95,,2022,7
Activité E&P,AST,GB,OF,Equipment-9193,EQ-09193,combustion,,1498.77,,2025,10
Activité E&P,AST,REGGANE,GF,Equipment-9194,EQ-09194,flaring,,6179.54,,2022,7
Activité E&P,DP,HBK,GF,Equipment-9195,EQ-09195,fugitive,,610.06,,2024,2
Activité E&P,DP,HRM,GF,Equipment-9196,EQ-09196,combustion,Diesel,7768.85,gal,2024,10
Activité RPC,PEC,CPEK,Pétrochimie,Equipment-9197,EQ-09197,venting,,8061.71,,2022,1
Activité E&P,DP,ADR,OF,Equipment-9198,EQ-09198,venting,,25.6,,2022,5
Activité RPC,RAF,RA1A,Raffinerie,Equipment-9199,EQ-09199,drilling,,2934.91,,2025,8
Activité RPC,RAF,RA1A,Raffinerie,Equipment-9200,EQ-09200,venting,,5809.65,,2024,6
Activité E&P,AST,GB,OF,Equipment-9201,EQ-09201,flaring,,7009.71,,2023,12
Activité E&P,AST,SH-FCP MLE,GF,Equipment-9202,EQ-09202,fugitive,,7219.09,,2023,5
Activité E&P,AST,SH-FCP MLE,GF,Equipment-9203,EQ-09203,venting,,5317.34,,2024,1
Activité RPC,PEC,CP1Z,Pétrochimie,Equipment-9204,EQ-09204,flaring,Diesel,7852.72,gal,2023,4
Activité E&P,AST,GSS,OF,Equipment-9205,EQ-09205,venting,,1647.44,,2022,11
Activité E&P,AST,RKF,OF,Equipment-9206,EQ-09206,venting,,800.15,,2023,6
Activité E&P,DP,REB,OF,Equipment-9207,EQ-09207,fugitive,,9188.1,,2023,11
Activité RPC,RAF,RA1Z,Raffinerie,Equipment-9208,EQ-09208,drilling,,4779.29,,2024,7
Activité RPC,RAF,RA1G,Raffinerie,Equipment-9209,EQ-09209,flaring,Natural Gas,678.05,scf,2023,2
Activité E&P,DP,OHT,GF,Equipment-9210,EQ-09210,venting,,7314.61,,2025,7
Activité RPC,PEC,CP1Z,Pétrochimie,Equipment-9211,EQ-09211,flaring,Propane,9795.93,gal,2024,2
Activité E&P,AST,HBR,OF,Equipment-9212,EQ-09212,flaring,Natural Gas,9317.18,scf,2022,10
Activité LQS,LSH,GL2Z,GNL,Equipment-9213,EQ-09213,flaring,,6678.7,,2024,4
Activité LQS,LSH,GP1Z,GPL,Equipment-9214,EQ-09214,venting,,5822.28,,2024,4
Activité E&P,DP,REB,OF,Equipment-9215,EQ-09215,flaring,Diesel,709.97,gal,2022,7
Activité RPC,RAF,RA1A,Raffinerie,Equipment-9216,EQ-09216,drilling,,9170.28,,2023,6
Activité RPC,PEC,CPEK,Pétrochimie,Equipment-9217,EQ-09217,venting,,9193.24,,2025,5
Activité E&P,AST,BRS,OF,Equipment-9218,EQ-09218,combustion,Natural Gas,8831.59,scf,2023,10
Activité E&P,AST,GSS,OF,Equipment-9219,EQ-09219,drilling,,1202.73,,2025,9
Activité E&P,AST,ISG,GF,Equipment-9220,EQ-09220,drilling,,2442.31,,2023,5
Activité LQS,LSH,GL1Z,GNL,Equipment-9221,EQ-09221,fugitive,,6153.96,,2023,1
Activité E&P,AST,SH-FCP MLE,GF,Equipment-9222,EQ-09222,flaring,,6955.92,,2023,6
Activité RPC,PEC,CP1Z,Pétrochimie,Equipment-9223,EQ-09223,venting,,1491.43,,2022,5
Activité E&P,DP,TFT,GF,Equipment-9224,EQ-09224,fugitive,,8606.48,,2025,6
Activité RPC,PEC,CPEK,Pétrochimie,Equipment-9225,EQ-09225,combustion,,5105.17,,2023,3
Activité E&P,AST,INA,GF,Equipment-9226,EQ-09226,combustion,Diesel,3556.63,gal,2023,6
Activité RPC,RAF,RA1G,Raffinerie,Equipment-9227,EQ-09227,drilling,,7605.19,,2025,5
Activité LQS,LSH,GL2Z,GNL,Equipment-9228,EQ-09228,venting,,5198.39,,2022,2
Activité E&P,AST,BRS,OF,Equipment-9229,EQ-09229,combustion,,1224.08,,2024,8
Activité LQS,LSH,GP1Z,GPL,Equipment-9230,EQ-09230,combustion,Fuel Gas,1534.29,gal,2024,7
Activité LQS,LSH,GL1Z,GNL,Equipment-9231,EQ-09231,drilling,,7908.63,,2022,8
Activité E&P,AST,GTIM,GF,Equipment-9232,EQ-09232,venting,,38.99,,2024,2
Activité E&P,DP,REB,OF,Equipment-9233,EQ-09233,drilling,,3961.04,,2022,8
Activité E&P,DP,HBK,GF,Equipment-9234,EQ-09234,drilling,,4842.81,,2025,12
Activité RPC,RAF,RA1G,Raffinerie,Equipment-9235,EQ-09235,combustion,,7700.76,,2022,11
Activité E&P,DP,OHT,GF,Equipment-9236,EQ-09236,venting,,5295.51,,2025,2
Activité E&P,DP,HRM,GF,Equipment-9237,EQ-09237,combustion,Fuel Gas,8452.61,gal,2024,5
Activité RPC,PEC,CP1Z,Pétrochimie,Equipment-9238,EQ-09238,drilling,,8319.47,,2025,4
Activité E&P,DP,OHT,GF,Equipment-9239,EQ-09239,fugitive,,8503.51,,2023,2
Activité E&P,AST,GSS,OF,Equipment-9240,EQ-09240,venting,,1116.97,,2023,9
Activité E&P,AST,REGGANE,GF,Equipment-9241,EQ-09241,fugitive,,8308.94,,2022,11
Activité E&P,AST,BRS,OF,Equipment-9242,EQ-09242,combustion,,1938.77,,2023,1
Activité E&P,AST,HBR,OF,Equipment-9243,EQ-09243,combustion,Diesel,790.61,gal,2022,10
Activité E&P,AST,GTG,GF,Equipment-9244,EQ-09244,combustion,Natural Gas,2286.36,scf,2022,4
Activité RPC,RAF,RA1K,Raffinerie,Equipment-9245,EQ-09245,fugitive,,3908.4,,2024,10
Activité LQS,LSH,GL1K,GNL,Equipment-9246,EQ-09246,drilling,,3330.97,,2023,2
Activité E&P,AST,MLN,OF,Equipment-9247,EQ-09247,flaring,,8552.93,,2024,6
Activité LQS,LSH,GL2Z,GNL,Equipment-9248,EQ-09248,venting,,7279.46,,2025,4
Activité E&P,DP,GTL,GF,Equipment-9249,EQ-09249,fugitive,,3084.83,,2023,2
Activité E&P,DP,OHT,GF,Equipment-9250,EQ-09250,drilling,,4922.22,,2023,7
Activité E&P,AST,G SH-ENI,OF,Equipment-9251,EQ-09251,fugitive,,3069.01,,2023,4
Activité LQS,LSH,GL3Z,GNL,Equipment-9252,EQ-09252,fugitive,,8055.62,,2022,5
Activité E&P,AST,BMS,OF,Equipment-9253,EQ-09253,combustion,,7175.69,,2024,10
Activité E&P,AST,INA,GF,Equipment-9254,EQ-09254,combustion,,9402.79,,2024,8
Activité RPC,RAF,RA1G,Raffinerie,Equipment-9255,EQ-09255,combustion,Propane,9556.24,gal,2025,2
Activité E&P,DP,INAS,GF,Equipment-9256,EQ-09256,fugitive,,5096.11,,2023,10
Activité E&P,AST,G SH-ENI,OF,Equipment-9257,EQ-09257,flaring,,7457.35,,2022,4
Activité E&P,DP,HMD,OF,Equipment-9258,EQ-09258,fugitive,,1431.88,,2022,3
Activité E&P,DP,HMD,OF,Equipment-9259,EQ-09259,drilling,,9969.82,,2025,11
Activité E&P,DP,STAH,OF,Equipment-9260,EQ-09260,flaring,Fuel Gas,2666.47,gal,2025,2
Activité E&P,DP,ADR,OF,Equipment-9261,EQ-09261,fugitive,,5958.17,,2022,2
Activité E&P,DP,ADR,OF,Equipment-9262,EQ-09262,drilling,,1515.52,,2023,9
Activité E&P,AST,GTG,GF,Equipment-9263,EQ-09263,fugitive,,3105.2,,2022,2
Activité E&P,DP,RNS,GF,Equipment-9264,EQ-09264,combustion,Fuel Gas,1764.92,gal,2025,10
Activité E&P,AST,INA,GF,Equipment-9265,EQ-09265,combustion,,1078.67,,2025,11
Activité E&P,DP,REB,OF,Equipment-9266,EQ-09266,venting,,1908.93,,2023,9
Activité E&P,AST,SH-FCP MLE,GF,Equipment-9267,EQ-09267,drilling,,903.29,,2022,11
Activité E&P,DP,STAH,OF,Equipment-9268,EQ-09268,fugitive,,5613.36,,2022,1
Activité E&P,AST,GTIM,GF,Equipment-9269,EQ-09269,fugitive,,4957.36,,2022,10
Activité E&P,DP,HRM,GF,Equipment-9270,EQ-09270,venting,,8500.48,,2023,6
Activité E&P,DP,HRM,GF,Equipment-9271,EQ-09271,flaring,Propane,4437.15,gal,2024,11
Activité E&P,AST,GTG,GF,Equipment-9272,EQ-09272,fugitive,,5305.41,,2022,7
Activité E&P,AST,BRS,OF,Equipment-9273,EQ-09273,venting,,7858.47,,2024,8
Activité E&P,DP,RNS,GF,Equipment-9274,EQ-09274,venting,,3394.12,,2024,6
Activité LQS,LSH,GL1Z,GNL,Equipment-9275,EQ-09275,venting,,6808.28,,2025,5
Activité E&P,AST,GSS,OF,Equipment-9276,EQ-09276,fugitive,,5362.59,,2022,2
Activité E&P,DP,TFT,GF,Equipment-9277,EQ-09277,venting,,8445.53,,2025,6
Activité E&P,DP,INAS,GF,Equipment-9278,EQ-09278,fugitive,,6317.56,,2022,1
Activité E&P,AST,GB,OF,Equipment-9279,EQ-09279,flaring,Propane,5912.91,gal,2024,1
Activité E&P,AST,BRS,OF,Equipment-9280,EQ-09280,flaring,Diesel,4787.36,gal,2024,5
Activité LQS,LSH,GL3Z,GNL,Equipment-9281,EQ-09281,drilling,,700.51,,2025,9
Activité E&P,DP,TFT,GF,Equipment-9282,EQ-09282,drilling,,7262.49,,2025,11
Activité LQS,LSH,GP1Z,GPL,Equipment-9283,EQ-09283,flaring,,1278.68,,2025,9
Activité E&P,AST,OURHOUD,OF,Equipment-9284,EQ-09284,drilling,,3233.73,,2023,5
Activité LQS,LSH,GL1K,GNL,Equipment-9285,EQ-09285,combustion,,3228.6,,2025,7
Activité E&P,AST,INA,GF,Equipment-9286,EQ-09286,venting,,1019.87,,2022,10
Activité E&P,AST,RKF,OF,Equipment-9287,EQ-09287,combustion,Diesel,4804.82,gal,2024,4
Activité E&P,AST,INA,GF,Equipment-9288,EQ-09288,flaring,Natural Gas,5467.84,scf,2023,6
Activité E&P,DP,ADR,OF,Equipment-9289,EQ-09289,drilling,,7891.73,,2022,7
Activité LQS,LSH,GL1K,GNL,Equipment-9290,EQ-09290,fugitive,,4285.38,,2023,12
Activité E&P,DP,OHT,GF,Equipment-9291,EQ-09291,combustion,Diesel,6194.0,gal,2022,10
Activité E&P,AST,REGGANE,GF,Equipment-9292,EQ-09292,flaring,Diesel,2929.82,gal,2024,7
Activité E&P,DP,OHT,GF,Equipment-9293,EQ-09293,flaring,Diesel,3964.68,gal,2022,4
Activité E&P,AST,GTFT,GF,Equipment-9294,EQ-09294,combustion,Natural Gas,7919.4,scf,2022,3
Activité RPC,PEC,CPEK,Pétrochimie,Equipment-9295,EQ-09295,venting,,1614.05,,2022,1
Activité LQS,LSH,GL2Z,GNL,Equipment-9296,EQ-09296,venting,,4123.33,,2023,7
Activité E&P,DP,HBK,GF,Equipment-9297,EQ-09297,venting,,9280.23,,2024,6
Activité E&P,AST,GTIM,GF,Equipment-9298,EQ-09298,drilling,,8481.18,,2025,5
Activité E&P,DP,TFT,GF,Equipment-9299,EQ-09299,fugitive,,8530.51,,2025,7
Activité E&P,AST,OURHOUD,OF,Equipment-9300,EQ-09300,venting,,5042.61,,2024,12
Activité E&P,DP,OHT,GF,Equipment-9301,EQ-09301,combustion,,3675.0,,2025,1
Activité LQS,LSH,GL1K,GNL,Equipment-9302,EQ-09302,fugitive,,3382.81,,2022,11
Activité E&P,AST,GTG,GF,Equipment-9303,EQ-09303,combustion,Fuel Gas,4332.72,gal,2025,9
Activité LQS,LSH,GP2Z,GPL,Equipment-9304,EQ-09304,flaring,,2697.11,,2024,6
Activité E&P,DP,RNS,GF,Equipment-9305,EQ-09305,combustion,Propane,708.19,gal,2023,12
Activité RPC,RAF,RA1A,Raffinerie,Equipment-9306,EQ-09306,venting,,4910.55,,2025,1
Activité RPC,RAF,RA1A,Raffinerie,Equipment-9307,EQ-09307,combustion,Diesel,8075.36,gal,2023,5
Activité E&P,AST,G SH-ENI,OF,Equipment-9308,EQ-09308,venting,,7278.13,,2025,2
Activité E&P,AST,ISG,GF,Equipment-9309,EQ-09309,drilling,,3540.35,,2022,7
Activité E&P,AST,INA,GF,Equipment-9310,EQ-09310,fugitive,,9699.96,,2025,2
Activité E&P,DP,HRM,GF,Equipment-9311,EQ-09311,fugitive,,6883.74,,2024,3
Activité RPC,RAF,RA1Z,Raffinerie,Equipment-9312,EQ-09312,venting,,3832.74,,2023,7
Activité E&P,AST,INA,GF,Equipment-9313,EQ-09313,combustion,Propane,2564.51,gal,2022,10
Activité RPC,PEC,CPEK,Pétrochimie,Equipment-9314,EQ-09314,drilling,,2318.85,,2024,3
Activité E&P,DP,HMD,OF,Equipment-9315,EQ-09315,flaring,Diesel,2828.78,gal,2024,12
Activité E&P,AST,GTIM,GF,Equipment-9316,EQ-09316,fugitive,,8056.91,,2022,12
Activité E&P,AST,GSS,OF,Equipment-9317,EQ-09317,flaring,Natural Gas,1089.85,scf,2022,9
Activité E&P,DP,STAH,OF,Equipment-9318,EQ-09318,flaring,Diesel,436.93,gal,2022,9
Activité RPC,PEC,CPEK,Pétrochimie,Equipment-9319,EQ-09319,drilling,,9538.81,,2024,9
Activité E&P,DP,ADR,OF,Equipment-9320,EQ-09320,drilling,,608.11,,2023,11
Activité E&P,DP,HMD,OF,Equipment-9321,EQ-09321,drilling,,6247.83,,2024,4
Activité E&P,DP,REB,OF,Equipment-9322,EQ-09322,flaring,Propane,4100.17,gal,2023,3
Activité E&P,DP,HBK,GF,Equipment-9323,EQ-09323,flaring,,3842.4,,2024,3
Activité E&P,AST,GB,OF,Equipment-9324,EQ-09324,drilling,,651.18,,2022,10
Activité E&P,AST,HBR,OF,Equipment-9325,EQ-09325,venting,,7924.65,,2023,3
Activité LQS,LSH,GL1K,GNL,Equipment-9326,EQ-09326,flaring,Diesel,9670.56,gal,2025,7
Activité LQS,LSH,GL2Z,GNL,Equipment-9327,EQ-09327,drilling,,3688.53,,2023,4
Activité LQS,LSH,GP2Z,GPL,Equipment-9328,EQ-09328,venting,,8635.13,,2024,11
Activité E&P,AST,HBR,OF,Equipment-9329,EQ-09329,combustion,Fuel Gas,4856.07,gal,2023,4
Activité E&P,DP,INAS,GF,Equipment-9330,EQ-09330,venting,,5115.27,,2024,5
Activité E&P,DP,REB,OF,Equipment-9331,EQ-09331,flaring,Diesel,2182.62,gal,2025,11
Activité E&P,DP,ADR,OF,Equipment-9332,EQ-09332,combustion,Fuel Gas,3238.73,gal,2022,11
Activité E&P,AST,GTIM,GF,Equipment-9333,EQ-09333,combustion,Propane,4331.26,gal,2022,9
Activité E&P,DP,TFT,GF,Equipment-9334,EQ-09334,fugitive,,9915.89,,2023,8
Activité E&P,DP,HRM,GF,Equipment-9335,EQ-09335,venting,,8451.96,,2023,6
Activité E&P,AST,OURHOUD,OF,Equipment-9336,EQ-09336,combustion,Diesel,4948.52,gal,2024,5
Activité E&P,AST,SH-FCP MLE,GF,Equipment-9337,EQ-09337,fugitive,,6121.2,,2022,4
Activité E&P,DP,RNS,GF,Equipment-9338,EQ-09338,flaring,Natural Gas,1284.52,scf,2025,1
Activité E&P,DP,REB,OF,Equipment-9339,EQ-09339,flaring,Diesel,7372.62,gal,2023,4
Activité LQS,LSH,GP2Z,GPL,Equipment-9340,EQ-09340,venting,,3973.43,,2022,7
Activité RPC,RAF,RA1A,Raffinerie,Equipment-9341,EQ-09341,venting,,2721.38,,2022,6
Activité E&P,AST,BRS,OF,Equipment-9342,EQ-09342,flaring,Natural Gas,1428.22,scf,2024,7
Activité E&P,DP,ADR,OF,Equipment-9343,EQ-09343,fugitive,,2507.69,,2025,4
Activité E&P,DP,GTL,GF,Equipment-9344,EQ-09344,flaring,Natural Gas,3169.7,scf,2023,11
Activité E&P,AST,MLN,OF,Equipment-9345,EQ-09345,drilling,,3942.54,,2025,9
Activité E&P,DP,STAH,OF,Equipment-9346,EQ-09346,drilling,,8577.25,,2022,12
Activité E&P,AST,BMS,OF,Equipment-9347,EQ-09347,venting,,31.61,,2023,3
Activité E&P,DP,HRM,GF,Equipment-9348,EQ-09348,venting,,6988.9,,2024,2
Activité E&P,AST,BMS,OF,Equipment-9349,EQ-09349,drilling,,6628.76,,2024,10
Activité E&P,DP,INAS,GF,Equipment-9350,EQ-09350,drilling,,159.04,,2024,5
Activité E&P,DP,HBK,GF,Equipment-9351,EQ-09351,venting,,7020.13,,2024,9
Activité LQS,LSH,GL3Z,GNL,Equipment-9352,EQ-09352,flaring,Fuel Gas,3966.12,gal,2024,5
Activité E&P,AST,GB,OF,Equipment-9353,EQ-09353,venting,,8971.58,,2025,4
Activité LQS,LSH,GP2Z,GPL,Equipment-9354,EQ-09354,drilling,,344.77,,2024,8
Activité RPC,RAF,RA1K,Raffinerie,Equipment-9355,EQ-09355,combustion,Propane,5556.13,gal,2022,7
Activité E&P,DP,GTL,GF,Equipment-9356,EQ-09356,flaring,Diesel,6825.12,gal,2022,3
Activité LQS,LSH,GP2Z,GPL,Equipment-9357,EQ-09357,venting,,6212.38,,2023,12
Activité E&P,DP,TFT,GF,Equipment-9358,EQ-09358,venting,,1318.02,,2025,6
Activité E&P,DP,TFT,GF,Equipment-9359,EQ-09359,fugitive,,9726.07,,2022,5
Activité E&P,DP,HMD,OF,Equipment-9360,EQ-09360,flaring,Fuel Gas,8789.64,gal,2025,11
Activité E&P,AST,MLN,OF,Equipment-9361,EQ-09361,flaring,Diesel,5516.58,gal,2024,2
Activité RPC,PEC,CPEK,Pétrochimie,Equipment-9362,EQ-09362,flaring,,7641.69,,2024,1
Activité E&P,AST,GSS,OF,Equipment-9363,EQ-09363,fugitive,,9571.93,,2024,3
Activité E&P,AST,BRS,OF,Equipment-9364,EQ-09364,fugitive,,1663.59,,2023,4
Activité E&P,DP,STAH,OF,Equipment-9365,EQ-09365,flaring,Fuel Gas,2367.65,gal,2023,2
Activité E&P,AST,GTIM,GF,Equipment-9366,EQ-09366,flaring,Propane,1205.61,gal,2023,8
Activité E&P,AST,GTFT,GF,Equipment-9367,EQ-09367,venting,,8387.47,,2025,4
Activité E&P,DP,STAH,OF,Equipment-9368,EQ-09368,flaring,Propane,6282.74,gal,2023,7
Activité E&P,DP,GTL,GF,Equipment-9369,EQ-09369,combustion,Natural Gas,3836.86,scf,2025,9
Activité E&P,AST,GSS,OF,Equipment-9370,EQ-09370,flaring,,8897.88,,2025,2
Activité E&P,AST,BMS,OF,Equipment-9371,EQ-09371,venting,,1580.97,,2025,11
Activité E&P,AST,BRS,OF,Equipment-9372,EQ-09372,flaring,,3350.6,,2023,6
Activité RPC,PEC,CPEK,Pétrochimie,Equipment-9373,EQ-09373,flaring,,6901.62,,2024,8
Activité LQS,LSH,GP1Z,GPL,Equipment-9374,EQ-09374,flaring,Fuel Gas,9530.76,gal,2025,1
Activité E&P,DP,RNS,GF,Equipment-9375,EQ-09375,fugitive,,2471.24,,2024,8
Activité E&P,DP,INAS,GF,Equipment-9376,EQ-09376,fugitive,,655.67,,2025,2
Activité LQS,LSH,GL1K,GNL,Equipment-9377,EQ-09377,fugitive,,5577.18,,2025,9
Activité RPC,RAF,RA1G,Raffinerie,Equipment-9378,EQ-09378,venting,,3360.01,,2023,3
Activité RPC,RAF,RA1G,Raffinerie,Equipment-9379,EQ-09379,drilling,,2492.21,,2023,12
Activité E&P,DP,TFT,GF,Equipment-9380,EQ-09380,drilling,,5023.44,,2022,7
Activité E&P,DP,REB,OF,Equipment-9381,EQ-09381,fugitive,,7141.91,,2025,10
Activité E&P,AST,MLN,OF,Equipment-9382,EQ-09382,drilling,,8518.9,,2025,11
Activité E&P,DP,HBK,GF,Equipment-9383,EQ-09383,drilling,,6269.38,,2023,6
Activité LQS,LSH,GP2Z,GPL,Equipment-9384,EQ-09384,fugitive,,5611.44,,2022,11
Activité E&P,AST,SH-FCP MLE,GF,Equipment-9385,EQ-09385,fugitive,,8038.35,,2025,5
Activité E&P,DP,STAH,OF,Equipment-9386,EQ-09386,venting,,9018.31,,2025,5
Activité E&P,AST,GB,OF,Equipment-9387,EQ-09387,drilling,,4638.26,,2023,3
Activité E&P,AST,BMS,OF,Equipment-9388,EQ-09388,fugitive,,2418.46,,2025,4
Activité E&P,AST,RKF,OF,Equipment-9389,EQ-09389,flaring,Fuel Gas,1928.71,gal,2023,9
Activité E&P,AST,BRS,OF,Equipment-9390,EQ-09390,flaring,,1879.21,,2024,2
Activité E&P,AST,HBR,OF,Equipment-9391,EQ-09391,fugitive,,6076.78,,2024,9
Activité E&P,DP,HMD,OF,Equipment-9392,EQ-09392,venting,,9167.05,,2025,2
Activité E&P,AST,REGGANE,GF,Equipment-9393,EQ-09393,drilling,,1109.78,,2022,11
Activité RPC,PEC,CPEK,Pétrochimie,Equipment-9394,EQ-09394,drilling,,4851.78,,2024,9
Activité E&P,DP,REB,OF,Equipment-9395,EQ-09395,venting,,7979.38,,2025,6
Activité LQS,LSH,GP1Z,GPL,Equipment-9396,EQ-09396,combustion,Natural Gas,3532.88,scf,2025,5
Activité E&P,DP,REB,OF,Equipment-9397,EQ-09397,fugitive,,9100.37,,2025,7
Activité RPC,RAF,RA1Z,Raffinerie,Equipment-9398,EQ-09398,drilling,,6215.27,,2023,6
Activité E&P,AST,HBR,OF,Equipment-9399,EQ-09399,drilling,,923.41,,2023,9
Activité E&P,AST,OURHOUD,OF,Equipment-9400,EQ-09400,venting,,5119.11,,2023,2
Activité E&P,AST,INA,GF,Equipment-9401,EQ-09401,combustion,Propane,6134.52,gal,2025,7
Activité RPC,RAF,RA1Z,Raffinerie,Equipment-9402,EQ-09402,drilling,,8871.58,,2022,10
Activité E&P,DP,TFT,GF,Equipment-9403,EQ-09403,flaring,,6347.96,,2023,6
Activité LQS,LSH,GL2Z,GNL,Equipment-9404,EQ-09404,venting,,2781.95,,2023,5
Activité E&P,AST,MLN,OF,Equipment-9405,EQ-09405,drilling,,3865.07,,2022,9
Activité LQS,LSH,GL1K,GNL,Equipment-9406,EQ-09406,fugitive,,5378.45,,2025,7
Activité RPC,RAF,RA1Z,Raffinerie,Equipment-9407,EQ-09407,venting,,858.36,,2024,12
Activité LQS,LSH,GP2Z,GPL,Equipment-9408,EQ-09408,fugitive,,5497.62,,2022,2
Activité LQS,LSH,GL3Z,GNL,Equipment-9409,EQ-09409,flaring,Natural Gas,6152.68,scf,2025,6
Activité LQS,LSH,GL2Z,GNL,Equipment-9410,EQ-09410,drilling,,7416.72,,2023,10
Activité E&P,AST,SH-FCP MLE,GF,Equipment-9411,EQ-09411,combustion,Fuel Gas,6406.97,gal,2025,1
Activité E&P,AST,MLN,OF,Equipment-9412,EQ-09412,drilling,,5093.46,,2022,5
Activité E&P,AST,INA,GF,Equipment-9413,EQ-09413,fugitive,,8478.13,,2022,5
Activité E&P,DP,ADR,OF,Equipment-9414,EQ-09414,drilling,,9114.47,,2022,11
Activité E&P,DP,TFT,GF,Equipment-9415,EQ-09415,venting,,7183.29,,2023,8
Activité LQS,LSH,GL1K,GNL,Equipment-9416,EQ-09416,combustion,,7417.9,,2023,12
Activité LQS,LSH,GP1Z,GPL,Equipment-9417,EQ-09417,flaring,Natural Gas,732.02,scf,2024,6
Activité E&P,AST,REGGANE,GF,Equipment-9418,EQ-09418,venting,,983.59,,2025,3
Activité E&P,AST,G SH-ENI,OF,Equipment-9419,EQ-09419,combustion,Diesel,3350.6,gal,2025,8
Activité RPC,RAF,RA1Z,Raffinerie,Equipment-9420,EQ-09420,combustion,Natural Gas,4321.21,scf,2022,1
Activité E&P,DP,ADR,OF,Equipment-9421,EQ-09421,venting,,153.88,,2024,4
Activité E&P,AST,MLN,OF,Equipment-9422,EQ-09422,venting,,4877.83,,2022,3
Activité E&P,AST,INA,GF,Equipment-9423,EQ-09423,combustion,Diesel,2503.49,gal,2025,1
Activité RPC,RAF,RA1K,Raffinerie,Equipment-9424,EQ-09424,combustion,Natural Gas,8486.42,scf,2023,8
Activité E&P,DP,INAS,GF,Equipment-9425,EQ-09425,venting,,3484.59,,2025,5
Activité E&P,DP,REB,OF,Equipment-9426,EQ-09426,drilling,,4253.17,,2023,9
Activité E&P,AST,BMS,OF,Equipment-9427,EQ-09427,fugitive,,2354.66,,2022,1
Activité E&P,DP,GTL,GF,Equipment-9428,EQ-09428,combustion,Fuel Gas,2945.43,gal,2025,10
Activité E&P,DP,HBK,GF,Equipment-9429,EQ-09429,venting,,4902.11,,2024,4
Activité E&P,AST,GTFT,GF,Equipment-9430,EQ-09430,drilling,,1488.78,,2024,7
Activité E&P,AST,GTG,GF,Equipment-9431,EQ-09431,flaring,Natural Gas,6055.66,scf,2025,7
Activité E&P,DP,RNS,GF,Equipment-9432,EQ-09432,combustion,Propane,6995.83,gal,2025,5
Activité E&P,AST,ISG,GF,Equipment-9433,EQ-09433,combustion,Natural Gas,147.73,scf,2025,1
Activité E&P,DP,HMD,OF,Equipment-9434,EQ-09434,flaring,Natural Gas,8229.08,scf,2023,8
Activité LQS,LSH,GL1K,GNL,Equipment-9435,EQ-09435,fugitive,,5688.25,,2025,10
Activité E&P,DP,GTL,GF,Equipment-9436,EQ-09436,fugitive,,476.35,,2025,12
Activité E&P,AST,REGGANE,GF,Equipment-9437,EQ-09437,drilling,,1213.44,,2025,3
Activité E&P,AST,MLN,OF,Equipment-9438,EQ-09438,combustion,Fuel Gas,4313.68,gal,2022,1
Activité E&P,DP,OHT,GF,Equipment-9439,EQ-09439,combustion,,62.93,,2023,1
Activité E&P,DP,REB,OF,Equipment-9440,EQ-09440,flaring,Diesel,2408.24,gal,2024,2
Activité E&P,DP,STAH,OF,Equipment-9441,EQ-09441,drilling,,8127.9,,2023,6
Activité E&P,DP,REB,OF,Equipment-9442,EQ-09442,flaring,Natural Gas,868.26,scf,2022,6
Activité E&P,AST,REGGANE,GF,Equipment-9443,EQ-09443,fugitive,,8284.21,,2025,8
Activité LQS,LSH,GL1Z,GNL,Equipment-9444,EQ-09444,combustion,,8833.78,,2022,8
Activité E&P,AST,GB,OF,Equipment-9445,EQ-09445,combustion,Propane,3823.2,gal,2025,8
Activité LQS,LSH,GL1K,GNL,Equipment-9446,EQ-09446,venting,,3429.64,,2022,4
Activité LQS,LSH,GP2Z,GPL,Equipment-9447,EQ-09447,drilling,,4926.0,,2022,1
Activité LQS,LSH,GL3Z,GNL,Equipment-9448,EQ-09448,venting,,4535.41,,2025,11
Activité E&P,AST,SH-FCP MLE,GF,Equipment-9449,EQ-09449,drilling,,6421.15,,2024,12
Activité LQS,LSH,GL2Z,GNL,Equipment-9450,EQ-09450,fugitive,,6561.78,,2024,9
Activité RPC,PEC,CPEK,Pétrochimie,Equipment-9451,EQ-09451,flaring,Propane,6279.83,gal,2024,5
Activité E&P,AST,G SH-ENI,OF,Equipment-9452,EQ-09452,drilling,,6874.09,,2025,12
Activité E&P,AST,MLN,OF,Equipment-9453,EQ-09453,venting,,5750.98,,2025,1
Activité E&P,DP,ADR,OF,Equipment-9454,EQ-09454,drilling,,2841.15,,2023,10
Activité E&P,DP,RNS,GF,Equipment-9455,EQ-09455,venting,,737.24,,2022,7
Activité E&P,AST,GB,OF,Equipment-9456,EQ-09456,drilling,,1985.71,,2022,3
Activité RPC,PEC,CPEK,Pétrochimie,Equipment-9457,EQ-09457,drilling,,9186.04,,2023,1
Activité E&P,DP,GTL,GF,Equipment-9458,EQ-09458,venting,,7071.24,,2023,6
Activité RPC,PEC,CPEK,Pétrochimie,Equipment-9459,EQ-09459,combustion,Diesel,4602.99,gal,2022,4
Activité E&P,AST,GB,OF,Equipment-9460,EQ-09460,flaring,,1590.87,,2023,4
Activité RPC,RAF,RA1Z,Raffinerie,Equipment-9461,EQ-09461,venting,,6859.52,,2025,9
Activité E&P,AST,INA,GF,Equipment-9462,EQ-09462,combustion,Diesel,1775.84,gal,2022,12
Activité E&P,DP,ADR,OF,Equipment-9463,EQ-09463,venting,,4911.58,,2025,4
Activité RPC,PEC,CP1Z,Pétrochimie,Equipment-9464,EQ-09464,venting,,111.82,,2022,2
Activité E&P,AST,GTFT,GF,Equipment-9465,EQ-09465,drilling,,8021.78,,2025,11
Activité E&P,DP,REB,OF,Equipment-9466,EQ-09466,flaring,Diesel,8943.87,gal,2025,10
Activité RPC,RAF,RA1A,Raffinerie,Equipment-9467,EQ-09467,flaring,Natural Gas,6041.3,scf,2024,3
Activité E&P,AST,HBR,OF,Equipment-9468,EQ-09468,venting,,9815.57,,2023,9
Activité LQS,LSH,GP1Z,GPL,Equipment-9469,EQ-09469,drilling,,6277.07,,2023,11
Activité E&P,DP,HMD,OF,Equipment-9470,EQ-09470,drilling,,9505.01,,2025,11
Activité E&P,AST,ISG,GF,Equipment-9471,EQ-09471,combustion,Fuel Gas,2944.94,gal,2023,6
Activité LQS,LSH,GL1K,GNL,Equipment-9472,EQ-09472,fugitive,,9885.16,,2025,3
Activité E&P,AST,GTFT,GF,Equipment-9473,EQ-09473,combustion,,7158.02,,2024,2
Activité LQS,LSH,GL2Z,GNL,Equipment-9474,EQ-09474,combustion,Propane,4142.8,gal,2024,9
Activité E&P,AST,RKF,OF,Equipment-9475,EQ-09475,drilling,,7282.82,,2025,10
Activité E&P,AST,MLN,OF,Equipment-9476,EQ-09476,combustion,Fuel Gas,6861.47,gal,2022,2
Activité E&P,AST,INA,GF,Equipment-9477,EQ-09477,combustion,Propane,8203.92,gal,2024,10
Activité E&P,DP,INAS,GF,Equipment-9478,EQ-09478,combustion,Natural Gas,4826.0,scf,2022,3
Activité E&P,AST,GTG,GF,Equipment-9479,EQ-09479,combustion,Natural Gas,3116.65,scf,2025,12
Activité E&P,AST,BMS,OF,Equipment-9480,EQ-09480,fugitive,,5975.15,,2024,6
Activité E&P,AST,SH-FCP MLE,GF,Equipment-9481,EQ-09481,fugitive,,2921.49,,2025,5
Activité E&P,AST,GTG,GF,Equipment-9482,EQ-09482,flaring,,7936.5,,2023,4
Activité RPC,PEC,CPEK,Pétrochimie,Equipment-9483,EQ-09483,drilling,,2852.83,,2023,1
Activité E&P,DP,HRM,GF,Equipment-9484,EQ-09484,fugitive,,4089.08,,2022,4
Activité E&P,DP,GTL,GF,Equipment-9485,EQ-09485,drilling,,6573.99,,2025,4
Activité E&P,DP,HBK,GF,Equipment-9486,EQ-09486,fugitive,,4292.26,,2022,4
Activité RPC,PEC,CP1Z,Pétrochimie,Equipment-9487,EQ-09487,combustion,Natural Gas,8953.03,scf,2025,8
Activité E&P,AST,REGGANE,GF,Equipment-9488,EQ-09488,flaring,Diesel,3279.17,gal,2022,12
Activité E&P,DP,OHT,GF,Equipment-9489,EQ-09489,combustion,,7665.01,,2023,2
Activité LQS,LSH,GL3Z,GNL,Equipment-9490,EQ-09490,fugitive,,7255.69,,2024,12
Activité E&P,AST,OURHOUD,OF,Equipment-9491,EQ-09491,drilling,,298.39,,2023,1
Activité E&P,AST,GB,OF,Equipment-9492,EQ-09492,drilling,,2856.46,,2025,11
Activité E&P,AST,G SH-ENI,OF,Equipment-9493,EQ-09493,drilling,,1858.58,,2024,9
Activité RPC,RAF,RA1A,Raffinerie,Equipment-9494,EQ-09494,fugitive,,153.78,,2023,4
Activité RPC,PEC,CPEK,Pétrochimie,Equipment-9495,EQ-09495,flaring,,6250.78,,2023,1
Activité E&P,AST,SH-FCP MLE,GF,Equipment-9496,EQ-09496,combustion,,4513.44,,2025,9
Activité E&P,DP,TFT,GF,Equipment-9497,EQ-09497,combustion,Fuel Gas,1920.47,gal,2023,4
Activité E&P,DP,HRM,GF,Equipment-9498,EQ-09498,flaring,,2556.55,,2022,3
Activité E&P,DP,ADR,OF,Equipment-9499,EQ-09499,venting,,5265.06,,2025,1
Activité E&P,DP,ADR,OF,Equipment-9500,EQ-09500,drilling,,1272.95,,2025,10
Activité RPC,RAF,RA1K,Raffinerie,Equipment-9501,EQ-09501,drilling,,3387.48,,2025,11
Activité E&P,DP,ADR,OF,Equipment-9502,EQ-09502,combustion,Natural Gas,5013.61,scf,2023,5
Activité RPC,PEC,CP1Z,Pétrochimie,Equipment-9503,EQ-09503,venting,,9171.58,,2025,7
Activité E&P,AST,GTIM,GF,Equipment-9504,EQ-09504,venting,,9518.95,,2024,3
Activité E&P,AST,BMS,OF,Equipment-9505,EQ-09505,combustion,Natural Gas,4098.94,scf,2024,8
Activité LQS,LSH,GL1K,GNL,Equipment-9506,EQ-09506,fugitive,,9892.32,,2024,5
Activité E&P,AST,RKF,OF,Equipment-9507,EQ-09507,flaring,,7706.88,,2023,2
Activité E&P,AST,SH-FCP MLE,GF,Equipment-9508,EQ-09508,combustion,Propane,8826.24,gal,2022,6
Activité RPC,RAF,RA1Z,Raffinerie,Equipment-9509,EQ-09509,fugitive,,3693.78,,2024,12
Activité E&P,AST,BRS,OF,Equipment-9510,EQ-09510,venting,,1463.37,,2024,7
Activité E&P,AST,BMS,OF,Equipment-9511,EQ-09511,venting,,3885.9,,2024,1
Activité RPC,PEC,CPEK,Pétrochimie,Equipment-9512,EQ-09512,drilling,,8316.35,,2022,1
Activité E&P,DP,HMD,OF,Equipment-9513,EQ-09513,flaring,Fuel Gas,5758.41,gal,2022,2
Activité E&P,AST,GTG,GF,Equipment-9514,EQ-09514,drilling,,5222.74,,2022,2
Activité E&P,DP,OHT,GF,Equipment-9515,EQ-09515,drilling,,6151.06,,2023,11
Activité E&P,AST,GTFT,GF,Equipment-9516,EQ-09516,flaring,Natural Gas,6909.61,scf,2024,1
Activité E&P,AST,OURHOUD,OF,Equipment-9517,EQ-09517,venting,,7522.12,,2024,9
Activité LQS,LSH,GL1Z,GNL,Equipment-9518,EQ-09518,fugitive,,9761.23,,2024,9
Activité LQS,LSH,GP1Z,GPL,Equipment-9519,EQ-09519,flaring,Natural Gas,4648.66,scf,2022,8
Activité E&P,AST,ISG,GF,Equipment-9520,EQ-09520,venting,,3173.38,,2023,3
Activité E&P,AST,OURHOUD,OF,Equipment-9521,EQ-09521,fugitive,,4024.92,,2024,3
Activité LQS,LSH,GP2Z,GPL,Equipment-9522,EQ-09522,combustion,Diesel,2855.04,gal,2025,12
Activité E&P,DP,REB,OF,Equipment-9523,EQ-09523,drilling,,8561.85,,2023,5
Activité E&P,AST,REGGANE,GF,Equipment-9524,EQ-09524,drilling,,4833.2,,2025,1
Activité LQS,LSH,GP1Z,GPL,Equipment-9525,EQ-09525,flaring,Propane,9724.57,gal,2025,12
Activité E&P,DP,HMD,OF,Equipment-9526,EQ-09526,drilling,,8862.68,,2022,6
Activité E&P,DP,ADR,OF,Equipment-9527,EQ-09527,flaring,Propane,2004.58,gal,2022,1
Activité E&P,AST,REGGANE,GF,Equipment-9528,EQ-09528,fugitive,,3904.16,,2023,7
Activité E&P,AST,INA,GF,Equipment-9529,EQ-09529,flaring,Propane,9026.05,gal,2022,6
Activité E&P,DP,INAS,GF,Equipment-9530,EQ-09530,flaring,Fuel Gas,5374.35,gal,2024,10
Activité E&P,AST,INA,GF,Equipment-9531,EQ-09531,venting,,578.46,,2023,1
Activité E&P,AST,GTG,GF,Equipment-9532,EQ-09532,fugitive,,6155.34,,2025,2
Activité E&P,AST,G SH-ENI,OF,Equipment-9533,EQ-09533,combustion,Diesel,4241.04,gal,2023,3
Activité LQS,LSH,GL2Z,GNL,Equipment-9534,EQ-09534,drilling,,2735.54,,2025,8
Activité LQS,LSH,GP2Z,GPL,Equipment-9535,EQ-09535,drilling,,2148.83,,2023,11
Activité E&P,AST,ISG,GF,Equipment-9536,EQ-09536,combustion,Natural Gas,5059.62,scf,2024,7
Activité E&P,DP,STAH,OF,Equipment-9537,EQ-09537,drilling,,9606.35,,2022,5
Activité E&P,AST,RKF,OF,Equipment-9538,EQ-09538,flaring,Propane,6547.66,gal,2022,7
Activité RPC,RAF,RA1Z,Raffinerie,Equipment-9539,EQ-09539,venting,,8264.66,,2023,1
Activité E&P,AST,RKF,OF,Equipment-9540,EQ-09540,drilling,,7187.34,,2023,6
Activité LQS,LSH,GL1K,GNL,Equipment-9541,EQ-09541,fugitive,,5791.34,,2024,3
Activité E&P,DP,HRM,GF,Equipment-9542,EQ-09542,flaring,,3103.95,,2025,3
Activité E&P,AST,GTIM,GF,Equipment-9543,EQ-09543,combustion,Diesel,5668.66,gal,2023,11
Activité LQS,LSH,GP2Z,GPL,Equipment-9544,EQ-09544,flaring,Propane,1993.64,gal,2023,11
Activité LQS,LSH,GP2Z,GPL,Equipment-9545,EQ-09545,venting,,4660.58,,2022,9
Activité E&P,AST,OURHOUD,OF,Equipment-9546,EQ-09546,fugitive,,6270.47,,2023,2
Activité E&P,AST,GTG,GF,Equipment-9547,EQ-09547,fugitive,,9968.29,,2023,12
Activité E&P,AST,GB,OF,Equipment-9548,EQ-09548,venting,,5010.81,,2022,12
Activité LQS,LSH,GL1K,GNL,Equipment-9549,EQ-09549,drilling,,531.11,,2023,10
Activité E&P,AST,GTIM,GF,Equipment-9550,EQ-09550,flaring,Fuel Gas,3588.38,gal,2025,8
Activité LQS,LSH,GL1Z,GNL,Equipment-9551,EQ-09551,drilling,,6658.77,,2024,9
Activité E&P,DP,STAH,OF,Equipment-9552,EQ-09552,flaring,Propane,9969.37,gal,2022,1
Activité E&P,DP,GTL,GF,Equipment-9553,EQ-09553,flaring,Natural Gas,9611.2,scf,2023,9
Activité E&P,DP,HRM,GF,Equipment-9554,EQ-09554,combustion,,6304.35,,2023,8
Activité E&P,AST,BMS,OF,Equipment-9555,EQ-09555,drilling,,3558.35,,2023,5
Activité RPC,RAF,RA1A,Raffinerie,Equipment-9556,EQ-09556,drilling,,4519.29,,2025,5
Activité RPC,RAF,RA1G,Raffinerie,Equipment-9557,EQ-09557,fugitive,,6162.34,,2022,2
Activité E&P,DP,HRM,GF,Equipment-9558,EQ-09558,venting,,6665.8,,2023,7
Activité E&P,AST,BMS,OF,Equipment-9559,EQ-09559,fugitive,,485.63,,2024,5
Activité E&P,AST,BMS,OF,Equipment-9560,EQ-09560,venting,,6692.71,,2024,5
Activité E&P,DP,HRM,GF,Equipment-9561,EQ-09561,venting,,7814.56,,2025,7
Activité E&P,AST,G SH-ENI,OF,Equipment-9562,EQ-09562,drilling,,6600.49,,2025,3
Activité LQS,LSH,GL3Z,GNL,Equipment-9563,EQ-09563,venting,,9418.11,,2024,8
Activité E&P,DP,STAH,OF,Equipment-9564,EQ-09564,venting,,5207.49,,2025,10
Activité LQS,LSH,GL2Z,GNL,Equipment-9565,EQ-09565,drilling,,1394.16,,2025,8
Activité LQS,LSH,GP1Z,GPL,Equipment-9566,EQ-09566,drilling,,635.46,,2024,3
Activité E&P,DP,RNS,GF,Equipment-9567,EQ-09567,drilling,,9080.53,,2025,4
Activité E&P,DP,HMD,OF,Equipment-9568,EQ-09568,flaring,Diesel,3409.45,gal,2022,9
Activité E&P,DP,TFT,GF,Equipment-9569,EQ-09569,combustion,Diesel,3131.47,gal,2024,7
Activité E&P,AST,OURHOUD,OF,Equipment-9570,EQ-09570,fugitive,,421.27,,2025,7
Activité E&P,AST,SH-FCP MLE,GF,Equipment-9571,EQ-09571,combustion,,1798.69,,2024,7
Activité E&P,DP,INAS,GF,Equipment-9572,EQ-09572,combustion,Fuel Gas,6430.36,gal,2025,2
Activité E&P,AST,GSS,OF,Equipment-9573,EQ-09573,venting,,1418.94,,2024,7
Activité E&P,DP,RNS,GF,Equipment-9574,EQ-09574,flaring,Propane,6931.55,gal,2023,1
Activité LQS,LSH,GP2Z,GPL,Equipment-9575,EQ-09575,flaring,Natural Gas,1678.14,scf,2024,3
Activité E&P,DP,HMD,OF,Equipment-9576,EQ-09576,flaring,Natural Gas,9538.52,scf,2024,5
Activité E&P,DP,HMD,OF,Equipment-9577,EQ-09577,drilling,,9549.9,,2024,2
Activité E&P,DP,HMD,OF,Equipment-9578,EQ-09578,fugitive,,1402.99,,2025,3
Activité E&P,DP,INAS,GF,Equipment-9579,EQ-09579,combustion,Propane,775.37,gal,2022,6
Activité E&P,AST,G SH-ENI,OF,Equipment-9580,EQ-09580,flaring,,4382.17,,2024,11
Activité E&P,DP,ADR,OF,Equipment-9581,EQ-09581,fugitive,,2817.03,,2023,7
Activité E&P,AST,MLN,OF,Equipment-9582,EQ-09582,combustion,Propane,4439.42,gal,2022,8
Activité E&P,DP,INAS,GF,Equipment-9583,EQ-09583,combustion,Natural Gas,6578.22,scf,2025,3
Activité RPC,RAF,RA1A,Raffinerie,Equipment-9584,EQ-09584,combustion,Diesel,8592.56,gal,2024,2
Activité E&P,AST,INA,GF,Equipment-9585,EQ-09585,drilling,,4261.93,,2025,11
Activité LQS,LSH,GL1K,GNL,Equipment-9586,EQ-09586,fugitive,,3959.39,,2022,5
Activité LQS,LSH,GP2Z,GPL,Equipment-9587,EQ-09587,flaring,Fuel Gas,7819.92,gal,2023,12
Activité E&P,DP,ADR,OF,Equipment-9588,EQ-09588,flaring,Propane,4024.97,gal,2024,2
Activité E&P,AST,MLN,OF,Equipment-9589,EQ-09589,drilling,,4851.66,,2023,12
Activité LQS,LSH,GL1K,GNL,Equipment-9590,EQ-09590,flaring,Diesel,9796.18,gal,2022,6
Activité E&P,AST,INA,GF,Equipment-9591,EQ-09591,drilling,,1415.34,,2022,11
Activité E&P,AST,ISG,GF,Equipment-9592,EQ-09592,combustion,Natural Gas,6380.42,scf,2024,3
Activité E&P,DP,REB,OF,Equipment-9593,EQ-09593,combustion,,5858.71,,2023,1
Activité RPC,RAF,RA1Z,Raffinerie,Equipment-9594,EQ-09594,drilling,,8687.44,,2022,4
Activité E&P,DP,STAH,OF,Equipment-9595,EQ-09595,venting,,3243.39,,2023,2
Activité E&P,DP,ADR,OF,Equipment-9596,EQ-09596,combustion,Fuel Gas,5876.84,gal,2024,7
Activité E&P,AST,ISG,GF,Equipment-9597,EQ-09597,combustion,Natural Gas,7645.03,scf,2024,4
Activité LQS,LSH,GL3Z,GNL,Equipment-9598,EQ-09598,venting,,1435.41,,2023,8
Activité E&P,DP,REB,OF,Equipment-9599,EQ-09599,combustion,Propane,3382.86,gal,2025,12
Activité E&P,AST,INA,GF,Equipment-9600,EQ-09600,combustion,Fuel Gas,9601.58,gal,2025,1
Activité E&P,DP,ADR,OF,Equipment-9601,EQ-09601,drilling,,1721.59,,2025,1
Activité E&P,AST,G SH-ENI,OF,Equipment-9602,EQ-09602,combustion,,1752.73,,2024,1
Activité E&P,AST,OURHOUD,OF,Equipment-9603,EQ-09603,combustion,Fuel Gas,483.38,gal,2023,12
Activité E&P,DP,TFT,GF,Equipment-9604,EQ-09604,combustion,Diesel,7351.36,gal,2025,12
Activité RPC,RAF,RA1Z,Raffinerie,Equipment-9605,EQ-09605,venting,,1401.48,,2024,11
Activité E&P,AST,GTFT,GF,Equipment-9606,EQ-09606,fugitive,,3623.74,,2025,8
Activité LQS,LSH,GP1Z,GPL,Equipment-9607,EQ-09607,combustion,,7999.17,,2023,5
Activité E&P,AST,GTFT,GF,Equipment-9608,EQ-09608,venting,,2050.06,,2022,1
Activité RPC,RAF,RA1Z,Raffinerie,Equipment-9609,EQ-09609,drilling,,8375.14,,2024,1
Activité RPC,RAF,RA1A,Raffinerie,Equipment-9610,EQ-09610,combustion,Diesel,2308.47,gal,2023,4
Activité E&P,DP,HMD,OF,Equipment-9611,EQ-09611,combustion,Natural Gas,4349.27,scf,2023,9
Activité E&P,DP,OHT,GF,Equipment-9612,EQ-09612,fugitive,,178.09,,2024,6
Activité E&P,AST,GTIM,GF,Equipment-9613,EQ-09613,flaring,,5337.03,,2022,9
Activité E&P,AST,GSS,OF,Equipment-9614,EQ-09614,fugitive,,7710.33,,2025,5
Activité E&P,AST,OURHOUD,OF,Equipment-9615,EQ-09615,combustion,Fuel Gas,8694.82,gal,2024,7
Activité E&P,AST,SH-FCP MLE,GF,Equipment-9616,EQ-09616,drilling,,5131.04,,2022,8
Activité E&P,AST,REGGANE,GF,Equipment-9617,EQ-09617,combustion,,2030.96,,2023,6
Activité E&P,AST,REGGANE,GF,Equipment-9618,EQ-09618,venting,,8960.12,,2024,9
Activité E&P,AST,BRS,OF,Equipment-9619,EQ-09619,flaring,,2087.06,,2025,10
Activité E&P,AST,OURHOUD,OF,Equipment-9620,EQ-09620,venting,,9511.71,,2023,4
Activité E&P,DP,STAH,OF,Equipment-9621,EQ-09621,drilling,,8732.29,,2022,10
Activité E&P,DP,ADR,OF,Equipment-9622,EQ-09622,flaring,Propane,3184.03,gal,2025,11
Activité LQS,LSH,GP1Z,GPL,Equipment-9623,EQ-09623,flaring,Diesel,9081.64,gal,2024,1
Activité E&P,AST,MLN,OF,Equipment-9624,EQ-09624,flaring,Natural Gas,4698.08,scf,2023,5
Activité LQS,LSH,GL1Z,GNL,Equipment-9625,EQ-09625,combustion,Propane,2298.25,gal,2024,9
Activité E&P,AST,ISG,GF,Equipment-9626,EQ-09626,flaring,,8565.68,,2024,1
Activité E&P,DP,TFT,GF,Equipment-9627,EQ-09627,combustion,Propane,111.12,gal,2024,11
Activité RPC,PEC,CPEK,Pétrochimie,Equipment-9628,EQ-09628,drilling,,6260.94,,2023,9
Activité LQS,LSH,GL1Z,GNL,Equipment-9629,EQ-09629,flaring,Diesel,9645.26,gal,2022,6
Activité LQS,LSH,GL2Z,GNL,Equipment-9630,EQ-09630,venting,,3746.61,,2024,10
Activité E&P,DP,GTL,GF,Equipment-9631,EQ-09631,venting,,6897.7,,2023,3
Activité RPC,RAF,RA1G,Raffinerie,Equipment-9632,EQ-09632,flaring,Diesel,3214.96,gal,2025,9
Activité E&P,AST,ISG,GF,Equipment-9633,EQ-09633,flaring,Diesel,2553.37,gal,2024,3
Activité E&P,DP,STAH,OF,Equipment-9634,EQ-09634,fugitive,,2395.12,,2023,6
Activité E&P,AST,GTG,GF,Equipment-9635,EQ-09635,drilling,,46.13,,2025,3
Activité LQS,LSH,GL3Z,GNL,Equipment-9636,EQ-09636,venting,,9860.38,,2025,10
Activité LQS,LSH,GL1K,GNL,Equipment-9637,EQ-09637,combustion,Diesel,4585.08,gal,2024,3
Activité E&P,AST,BRS,OF,Equipment-9638,EQ-09638,combustion,Natural Gas,6121.9,scf,2024,12
Activité RPC,RAF,RA1Z,Raffinerie,Equipment-9639,EQ-09639,drilling,,3007.59,,2024,3
Activité E&P,AST,OURHOUD,OF,Equipment-9640,EQ-09640,combustion,Natural Gas,8500.2,scf,2022,3
Activité E&P,DP,STAH,OF,Equipment-9641,EQ-09641,venting,,6443.98,,2022,5
Activité E&P,DP,TFT,GF,Equipment-9642,EQ-09642,drilling,,4714.47,,2025,3
Activité E&P,AST,GTG,GF,Equipment-9643,EQ-09643,fugitive,,1119.56,,2025,6
Activité E&P,DP,HBK,GF,Equipment-9644,EQ-09644,flaring,Diesel,5237.19,gal,2022,9
Activité LQS,LSH,GL3Z,GNL,Equipment-9645,EQ-09645,venting,,6712.39,,2025,6
Activité E&P,AST,INA,GF,Equipment-9646,EQ-09646,flaring,,1031.15,,2024,3
Activité E&P,AST,GTFT,GF,Equipment-9647,EQ-09647,drilling,,968.7,,2023,4
Activité E&P,DP,REB,OF,Equipment-9648,EQ-09648,flaring,Natural Gas,6683.16,scf,2025,4
Activité E&P,AST,BRS,OF,Equipment-9649,EQ-09649,fugitive,,8931.65,,2022,6
Activité E&P,DP,TFT,GF,Equipment-9650,EQ-09650,fugitive,,1821.1,,2025,10
Activité E&P,DP,REB,OF,Equipment-9651,EQ-09651,flaring,Fuel Gas,902.93,gal,2025,7
Activité E&P,DP,GTL,GF,Equipment-9652,EQ-09652,flaring,Fuel Gas,8068.96,gal,2024,6
Activité E&P,AST,G SH-ENI,OF,Equipment-9653,EQ-09653,flaring,Natural Gas,3932.62,scf,2023,4
Activité RPC,RAF,RA1A,Raffinerie,Equipment-9654,EQ-09654,drilling,,774.52,,2023,3
Activité LQS,LSH,GP2Z,GPL,Equipment-9655,EQ-09655,drilling,,4635.01,,2025,2
Activité LQS,LSH,GL3Z,GNL,Equipment-9656,EQ-09656,flaring,Propane,7923.44,gal,2025,11
Activité RPC,RAF,RA1G,Raffinerie,Equipment-9657,EQ-09657,venting,,6270.05,,2022,3
Activité E&P,DP,REB,OF,Equipment-9658,EQ-09658,drilling,,2486.59,,2025,5
Activité LQS,LSH,GL1K,GNL,Equipment-9659,EQ-09659,fugitive,,7318.03,,2023,11
Activité E&P,AST,GTG,GF,Equipment-9660,EQ-09660,flaring,Natural Gas,7633.76,scf,2023,11
Activité E&P,AST,G SH-ENI,OF,Equipment-9661,EQ-09661,drilling,,656.76,,2022,11
Activité E&P,AST,ISG,GF,Equipment-9662,EQ-09662,fugitive,,7451.13,,2024,11
Activité E&P,AST,MLN,OF,Equipment-9663,EQ-09663,flaring,Natural Gas,5811.39,scf,2022,6
Activité E&P,DP,ADR,OF,Equipment-9664,EQ-09664,flaring,Propane,4295.22,gal,2025,11
Activité E&P,DP,ADR,OF,Equipment-9665,EQ-09665,fugitive,,806.24,,2025,1
Activité E&P,DP,TFT,GF,Equipment-9666,EQ-09666,drilling,,5249.86,,2022,6
Activité E&P,AST,MLN,OF,Equipment-9667,EQ-09667,combustion,,8403.58,,2024,10
Activité E&P,DP,TFT,GF,Equipment-9668,EQ-09668,drilling,,5263.15,,2023,12
Activité E&P,DP,RNS,GF,Equipment-9669,EQ-09669,venting,,5403.09,,2024,2
Activité E&P,AST,MLN,OF,Equipment-9670,EQ-09670,venting,,3315.97,,2025,8
Activité RPC,PEC,CP1Z,Pétrochimie,Equipment-9671,EQ-09671,drilling,,5674.27,,2024,2
Activité E&P,AST,SH-FCP MLE,GF,Equipment-9672,EQ-09672,combustion,Diesel,52.3,gal,2022,6
Activité RPC,PEC,CP1Z,Pétrochimie,Equipment-9673,EQ-09673,drilling,,2523.04,,2022,11
Activité E&P,DP,INAS,GF,Equipment-9674,EQ-09674,fugitive,,8544.26,,2022,2
Activité LQS,LSH,GL2Z,GNL,Equipment-9675,EQ-09675,fugitive,,8514.52,,2025,5
Activité E&P,AST,INA,GF,Equipment-9676,EQ-09676,flaring,Fuel Gas,1041.89,gal,2022,11
Activité LQS,LSH,GL2Z,GNL,Equipment-9677,EQ-09677,flaring,Diesel,5232.27,gal,2023,2
Activité E&P,DP,GTL,GF,Equipment-9678,EQ-09678,drilling,,9295.38,,2024,9
Activité E&P,AST,GTIM,GF,Equipment-9679,EQ-09679,flaring,Diesel,6501.43,gal,2024,11
Activité LQS,LSH,GL3Z,GNL,Equipment-9680,EQ-09680,fugitive,,4435.18,,2024,4
Activité RPC,RAF,RA1K,Raffinerie,Equipment-9681,EQ-09681,flaring,Fuel Gas,4834.77,gal,2024,8
Activité E&P,AST,OURHOUD,OF,Equipment-9682,EQ-09682,combustion,Diesel,2885.55,gal,2025,3
Activité LQS,LSH,GP2Z,GPL,Equipment-9683,EQ-09683,combustion,Diesel,4834.5,gal,2024,8
Activité E&P,AST,ISG,GF,Equipment-9684,EQ-09684,drilling,,7280.49,,2022,5
Activité E&P,AST,INA,GF,Equipment-9685,EQ-09685,venting,,564.88,,2022,2
Activité LQS,LSH,GL1K,GNL,Equipment-9686,EQ-09686,venting,,414.81,,2025,3
Activité E&P,AST,OURHOUD,OF,Equipment-9687,EQ-09687,venting,,5516.82,,2023,8
Activité E&P,AST,RKF,OF,Equipment-9688,EQ-09688,drilling,,8106.3,,2023,4
Activité E&P,DP,REB,OF,Equipment-9689,EQ-09689,flaring,Propane,152.11,gal,2023,9
Activité E&P,DP,ADR,OF,Equipment-9690,EQ-09690,fugitive,,9079.16,,2025,3
Activité E&P,AST,OURHOUD,OF,Equipment-9691,EQ-09691,fugitive,,4865.78,,2022,11
Activité E&P,AST,G SH-ENI,OF,Equipment-9692,EQ-09692,combustion,Natural Gas,8324.94,scf,2025,9
Activité E&P,AST,GTG,GF,Equipment-9693,EQ-09693,flaring,Propane,5501.78,gal,2023,5
Activité E&P,DP,RNS,GF,Equipment-9694,EQ-09694,fugitive,,3352.71,,2025,6
Activité LQS,LSH,GP1Z,GPL,Equipment-9695,EQ-09695,venting,,2782.47,,2023,11
Activité E&P,DP,ADR,OF,Equipment-9696,EQ-09696,fugitive,,8244.25,,2025,7
Activité RPC,RAF,RA1G,Raffinerie,Equipment-9697,EQ-09697,drilling,,4318.97,,2025,5
Activité E&P,AST,MLN,OF,Equipment-9698,EQ-09698,venting,,5886.13,,2022,7
Activité E&P,AST,BMS,OF,Equipment-9699,EQ-09699,combustion,Fuel Gas,3434.22,gal,2023,9
Activité E&P,AST,ISG,GF,Equipment-9700,EQ-09700,drilling,,2060.45,,2025,4
Activité E&P,DP,RNS,GF,Equipment-9701,EQ-09701,venting,,4697.25,,2022,9
Activité E&P,DP,OHT,GF,Equipment-9702,EQ-09702,drilling,,8081.41,,2024,1
Activité RPC,RAF,RA1K,Raffinerie,Equipment-9703,EQ-09703,combustion,Fuel Gas,5846.41,gal,2025,12
Activité LQS,LSH,GL2Z,GNL,Equipment-9704,EQ-09704,flaring,Diesel,9166.04,gal,2025,8
Activité E&P,AST,BMS,OF,Equipment-9705,EQ-09705,venting,,2929.69,,2022,4
Activité E&P,DP,HMD,OF,Equipment-9706,EQ-09706,drilling,,2683.22,,2023,7
Activité RPC,RAF,RA1G,Raffinerie,Equipment-9707,EQ-09707,fugitive,,3633.73,,2022,5
Activité E&P,AST,GB,OF,Equipment-9708,EQ-09708,venting,,1936.01,,2025,6
Activité E&P,AST,GTFT,GF,Equipment-9709,EQ-09709,flaring,,7472.51,,2023,10
Activité E&P,AST,REGGANE,GF,Equipment-9710,EQ-09710,venting,,9978.73,,2025,12
Activité E&P,AST,INA,GF,Equipment-9711,EQ-09711,combustion,Natural Gas,3124.39,scf,2024,7
Activité LQS,LSH,GL1K,GNL,Equipment-9712,EQ-09712,combustion,Propane,6626.76,gal,2023,10
Activité RPC,RAF,RA1Z,Raffinerie,Equipment-9713,EQ-09713,flaring,Natural Gas,5667.76,scf,2025,6
Activité E&P,DP,INAS,GF,Equipment-9714,EQ-09714,combustion,Fuel Gas,9039.47,gal,2023,9
Activité E&P,AST,GTIM,GF,Equipment-9715,EQ-09715,fugitive,,2226.84,,2024,5
Activité LQS,LSH,GL3Z,GNL,Equipment-9716,EQ-09716,fugitive,,4837.28,,2023,9
Activité E&P,AST,RKF,OF,Equipment-9717,EQ-09717,fugitive,,1213.1,,2024,1
Activité E&P,AST,GTG,GF,Equipment-9718,EQ-09718,venting,,6168.81,,2024,4
Activité E&P,AST,RKF,OF,Equipment-9719,EQ-09719,combustion,Propane,5769.96,gal,2024,6
Activité E&P,AST,OURHOUD,OF,Equipment-9720,EQ-09720,venting,,8868.25,,2022,7
Activité E&P,AST,HBR,OF,Equipment-9721,EQ-09721,venting,,7039.26,,2022,3
Activité LQS,LSH,GP2Z,GPL,Equipment-9722,EQ-09722,drilling,,9760.19,,2023,12
Activité LQS,LSH,GL2Z,GNL,Equipment-9723,EQ-09723,combustion,Natural Gas,2141.33,scf,2023,10
Activité E&P,AST,HBR,OF,Equipment-9724,EQ-09724,drilling,,4760.37,,2024,11
Activité E&P,AST,RKF,OF,Equipment-9725,EQ-09725,fugitive,,1445.28,,2025,12
Activité E&P,DP,ADR,OF,Equipment-9726,EQ-09726,venting,,4989.19,,2024,11
Activité E&P,AST,GTIM,GF,Equipment-9727,EQ-09727,flaring,Propane,2404.58,gal,2024,6
Activité RPC,PEC,CPEK,Pétrochimie,Equipment-9728,EQ-09728,combustion,Diesel,5099.14,gal,2022,2
Activité E&P,DP,RNS,GF,Equipment-9729,EQ-09729,venting,,9662.09,,2025,2
Activité E&P,DP,ADR,OF,Equipment-9730,EQ-09730,flaring,Fuel Gas,7623.22,gal,2025,2
Activité E&P,AST,OURHOUD,OF,Equipment-9731,EQ-09731,drilling,,6201.21,,2024,5
Activité E&P,AST,GB,OF,Equipment-9732,EQ-09732,fugitive,,5209.6,,2024,2
Activité E&P,AST,RKF,OF,Equipment-9733,EQ-09733,drilling,,2549.87,,2023,7
Activité RPC,PEC,CPEK,Pétrochimie,Equipment-9734,EQ-09734,drilling,,1030.32,,2023,10
Activité LQS,LSH,GL1K,GNL,Equipment-9735,EQ-09735,combustion,,6499.21,,2023,10
Activité RPC,PEC,CPEK,Pétrochimie,Equipment-9736,EQ-09736,venting,,8391.4,,2023,12
Activité E&P,DP,ADR,OF,Equipment-9737,EQ-09737,flaring,Natural Gas,257.1,scf,2025,5
Activité E&P,DP,HRM,GF,Equipment-9738,EQ-09738,flaring,Diesel,4586.26,gal,2023,12
Activité LQS,LSH,GP2Z,GPL,Equipment-9739,EQ-09739,venting,,9757.04,,2025,9
Activité E&P,DP,STAH,OF,Equipment-9740,EQ-09740,combustion,Natural Gas,1650.97,scf,2022,2
Activité E&P,DP,RNS,GF,Equipment-9741,EQ-09741,venting,,6999.09,,2025,11
Activité RPC,RAF,RA1G,Raffinerie,Equipment-9742,EQ-09742,fugitive,,3794.14,,2024,4
Activité E&P,DP,HRM,GF,Equipment-9743,EQ-09743,venting,,5844.62,,2024,12
Activité E&P,DP,RNS,GF,Equipment-9744,EQ-09744,venting,,9096.49,,2023,8
Activité E&P,AST,REGGANE,GF,Equipment-9745,EQ-09745,combustion,Natural Gas,5478.5,scf,2022,8
Activité LQS,LSH,GL3Z,GNL,Equipment-9746,EQ-09746,drilling,,5339.37,,2024,2
Activité RPC,RAF,RA1K,Raffinerie,Equipment-9747,EQ-09747,flaring,,733.0,,2024,6
Activité RPC,RAF,RA1G,Raffinerie,Equipment-9748,EQ-09748,venting,,3436.12,,2024,7
Activité E&P,AST,INA,GF,Equipment-9749,EQ-09749,flaring,Natural Gas,5498.21,scf,2025,3
Activité E&P,DP,HBK,GF,Equipment-9750,EQ-09750,fugitive,,9585.91,,2025,10
Activité E&P,AST,REGGANE,GF,Equipment-9751,EQ-09751,fugitive,,7227.18,,2023,6
Activité LQS,LSH,GL2Z,GNL,Equipment-9752,EQ-09752,venting,,8584.16,,2024,6
Activité LQS,LSH,GL1Z,GNL,Equipment-9753,EQ-09753,fugitive,,1540.0,,2025,6
Activité E&P,DP,INAS,GF,Equipment-9754,EQ-09754,drilling,,9126.42,,2024,5
Activité RPC,PEC,CP1Z,Pétrochimie,Equipment-9755,EQ-09755,fugitive,,7817.0,,2022,8
Activité RPC,RAF,RA1Z,Raffinerie,Equipment-9756,EQ-09756,drilling,,2478.62,,2025,11
Activité LQS,LSH,GL1K,GNL,Equipment-9757,EQ-09757,venting,,1035.88,,2022,8
Activité E&P,AST,GTIM,GF,Equipment-9758,EQ-09758,drilling,,8957.45,,2024,11
Activité LQS,LSH,GL1K,GNL,Equipment-9759,EQ-09759,flaring,Diesel,626.37,gal,2022,3
Activité E&P,DP,ADR,OF,Equipment-9760,EQ-09760,flaring,Propane,8329.24,gal,2024,12
Activité E&P,AST,ISG,GF,Equipment-9761,EQ-09761,drilling,,6361.69,,2024,3
Activité RPC,RAF,RA1G,Raffinerie,Equipment-9762,EQ-09762,venting,,6510.02,,2024,1
Activité LQS,LSH,GL2Z,GNL,Equipment-9763,EQ-09763,flaring,Diesel,3768.84,gal,2025,10
Activité E&P,DP,ADR,OF,Equipment-9764,EQ-09764,venting,,837.17,,2023,7
Activité E&P,DP,ADR,OF,Equipment-9765,EQ-09765,combustion,Fuel Gas,8844.66,gal,2023,12
Activité LQS,LSH,GL2Z,GNL,Equipment-9766,EQ-09766,venting,,7351.3,,2025,12
Activité E&P,AST,INA,GF,Equipment-9767,EQ-09767,drilling,,5743.54,,2024,4
Activité E&P,DP,OHT,GF,Equipment-9768,EQ-09768,flaring,Diesel,3462.78,gal,2023,5
Activité E&P,AST,OURHOUD,OF,Equipment-9769,EQ-09769,combustion,Natural Gas,4637.78,scf,2024,11
Activité RPC,RAF,RA1G,Raffinerie,Equipment-9770,EQ-09770,venting,,7502.73,,2025,7
Activité E&P,AST,BRS,OF,Equipment-9771,EQ-09771,venting,,6876.54,,2023,9
Activité RPC,RAF,RA1Z,Raffinerie,Equipment-9772,EQ-09772,flaring,Diesel,7013.21,gal,2023,7
Activité E&P,AST,GTFT,GF,Equipment-9773,EQ-09773,fugitive,,6331.7,,2025,11
Activité E&P,DP,HRM,GF,Equipment-9774,EQ-09774,drilling,,6947.73,,2022,11
Activité E&P,DP,HBK,GF,Equipment-9775,EQ-09775,flaring,Fuel Gas,1947.43,gal,2025,2
Activité E&P,DP,HBK,GF,Equipment-9776,EQ-09776,combustion,Diesel,4898.03,gal,2024,12
Activité E&P,AST,GB,OF,Equipment-9777,EQ-09777,fugitive,,434.67,,2025,3
Activité RPC,RAF,RA1K,Raffinerie,Equipment-9778,EQ-09778,venting,,7022.87,,2023,10
Activité E&P,AST,HBR,OF,Equipment-9779,EQ-09779,flaring,Diesel,8372.61,gal,2024,7
Activité RPC,RAF,RA1G,Raffinerie,Equipment-9780,EQ-09780,venting,,6340.2,,2024,2
Activité E&P,DP,ADR,OF,Equipment-9781,EQ-09781,combustion,Fuel Gas,8857.72,gal,2022,9
Activité E&P,DP,HRM,GF,Equipment-9782,EQ-09782,flaring,Fuel Gas,1841.6,gal,2022,1
Activité E&P,AST,GTG,GF,Equipment-9783,EQ-09783,combustion,,9267.29,,2023,4
Activité RPC,PEC,CP1Z,Pétrochimie,Equipment-9784,EQ-09784,combustion,Diesel,2076.59,gal,2022,4
Activité E&P,DP,RNS,GF,Equipment-9785,EQ-09785,drilling,,6127.73,,2023,6
Activité LQS,LSH,GP2Z,GPL,Equipment-9786,EQ-09786,fugitive,,236.09,,2024,10
Activité RPC,RAF,RA1G,Raffinerie,Equipment-9787,EQ-09787,drilling,,3272.71,,2023,7
Activité RPC,RAF,RA1Z,Raffinerie,Equipment-9788,EQ-09788,fugitive,,5136.31,,2022,12
Activité E&P,AST,BRS,OF,Equipment-9789,EQ-09789,venting,,833.5,,2023,12
Activité E&P,AST,HBR,OF,Equipment-9790,EQ-09790,flaring,Fuel Gas,2574.84,gal,2022,6
Activité E&P,AST,OURHOUD,OF,Equipment-9791,EQ-09791,combustion,Natural Gas,4862.59,scf,2023,8
Activité RPC,RAF,RA1K,Raffinerie,Equipment-9792,EQ-09792,combustion,Fuel Gas,561.35,gal,2024,9
Activité E&P,AST,MLN,OF,Equipment-9793,EQ-09793,fugitive,,7022.92,,2024,10
Activité LQS,LSH,GP1Z,GPL,Equipment-9794,EQ-09794,flaring,Diesel,230.53,gal,2024,9
Activité RPC,RAF,RA1G,Raffinerie,Equipment-9795,EQ-09795,venting,,6981.62,,2023,7
Activité E&P,AST,HBR,OF,Equipment-9796,EQ-09796,combustion,,4642.0,,2024,4
Activité E&P,AST,MLN,OF,Equipment-9797,EQ-09797,venting,,9227.3,,2023,2
Activité E&P,AST,HBR,OF,Equipment-9798,EQ-09798,flaring,Diesel,2308.24,gal,2024,11
Activité E&P,AST,GSS,OF,Equipment-9799,EQ-09799,venting,,1600.05,,2022,7
Activité E&P,AST,ISG,GF,Equipment-9800,EQ-09800,combustion,Diesel,6920.03,gal,2025,2
Activité LQS,LSH,GL1Z,GNL,Equipment-9801,EQ-09801,venting,,3107.27,,2023,9
Activité RPC,RAF,RA1A,Raffinerie,Equipment-9802,EQ-09802,flaring,Propane,5813.46,gal,2022,11
Activité RPC,RAF,RA1K,Raffinerie,Equipment-9803,EQ-09803,combustion,Natural Gas,3508.83,scf,2024,6
Activité E&P,AST,MLN,OF,Equipment-9804,EQ-09804,combustion,Fuel Gas,888.23,gal,2023,10
Activité E&P,DP,GTL,GF,Equipment-9805,EQ-09805,fugitive,,1543.6,,2023,8
Activité E&P,AST,REGGANE,GF,Equipment-9806,EQ-09806,fugitive,,299.81,,2024,5
Activité E&P,DP,RNS,GF,Equipment-9807,EQ-09807,drilling,,6007.03,,2024,3
Activité LQS,LSH,GP1Z,GPL,Equipment-9808,EQ-09808,flaring,Propane,8413.89,gal,2024,8
Activité E&P,AST,INA,GF,Equipment-9809,EQ-09809,fugitive,,4563.76,,2022,12
Activité E&P,DP,OHT,GF,Equipment-9810,EQ-09810,fugitive,,7096.81,,2022,2
Activité RPC,RAF,RA1G,Raffinerie,Equipment-9811,EQ-09811,fugitive,,7071.23,,2023,8
Activité E&P,AST,BMS,OF,Equipment-9812,EQ-09812,venting,,3316.87,,2022,3
Activité E&P,AST,GTIM,GF,Equipment-9813,EQ-09813,flaring,,9252.09,,2025,8
Activité RPC,PEC,CPEK,Pétrochimie,Equipment-9814,EQ-09814,flaring,,191.17,,2025,6
Activité E&P,DP,TFT,GF,Equipment-9815,EQ-09815,venting,,87.74,,2023,1
Activité E&P,DP,HMD,OF,Equipment-9816,EQ-09816,combustion,Natural Gas,1056.77,scf,2025,5
Activité E&P,AST,INA,GF,Equipment-9817,EQ-09817,venting,,2689.39,,2025,3
Activité E&P,DP,HBK,GF,Equipment-9818,EQ-09818,drilling,,5532.75,,2024,10
Activité E&P,AST,GB,OF,Equipment-9819,EQ-09819,venting,,9461.98,,2025,10
Activité E&P,AST,G SH-ENI,OF,Equipment-9820,EQ-09820,flaring,Fuel Gas,1999.45,gal,2023,12
Activité E&P,DP,ADR,OF,Equipment-9821,EQ-09821,flaring,Propane,4301.92,gal,2024,3
Activité E&P,DP,REB,OF,Equipment-9822,EQ-09822,flaring,,751.21,,2025,3
Activité RPC,PEC,CP1Z,Pétrochimie,Equipment-9823,EQ-09823,drilling,,2517.18,,2023,5
Activité E&P,AST,GSS,OF,Equipment-9824,EQ-09824,combustion,Fuel Gas,7786.36,gal,2022,2
Activité E&P,DP,INAS,GF,Equipment-9825,EQ-09825,combustion,Propane,7303.61,gal,2023,8
Activité LQS,LSH,GL1K,GNL,Equipment-9826,EQ-09826,drilling,,7143.36,,2023,1
Activité E&P,AST,GTIM,GF,Equipment-9827,EQ-09827,drilling,,6193.72,,2024,9
Activité E&P,DP,HBK,GF,Equipment-9828,EQ-09828,drilling,,5318.1,,2022,12
Activité E&P,DP,ADR,OF,Equipment-9829,EQ-09829,fugitive,,8888.04,,2022,2
Activité E&P,AST,REGGANE,GF,Equipment-9830,EQ-09830,drilling,,4707.53,,2022,4
Activité E&P,AST,INA,GF,Equipment-9831,EQ-09831,flaring,Fuel Gas,3855.49,gal,2024,9
Activité E&P,DP,INAS,GF,Equipment-9832,EQ-09832,flaring,Propane,8250.33,gal,2024,12
Activité E&P,AST,RKF,OF,Equipment-9833,EQ-09833,venting,,4397.04,,2022,7
Activité LQS,LSH,GL1Z,GNL,Equipment-9834,EQ-09834,combustion,Diesel,6239.83,gal,2025,11
Activité E&P,DP,GTL,GF,Equipment-9835,EQ-09835,venting,,8914.97,,2025,1
Activité E&P,DP,OHT,GF,Equipment-9836,EQ-09836,combustion,Diesel,463.68,gal,2025,10
Activité LQS,LSH,GL1K,GNL,Equipment-9837,EQ-09837,fugitive,,8605.99,,2022,7
Activité E&P,AST,INA,GF,Equipment-9838,EQ-09838,combustion,,5745.69,,2024,7
Activité E&P,AST,GTFT,GF,Equipment-9839,EQ-09839,combustion,Propane,3727.04,gal,2025,7
Activité E&P,DP,RNS,GF,Equipment-9840,EQ-09840,flaring,Natural Gas,6138.17,scf,2025,4
Activité E&P,AST,GB,OF,Equipment-9841,EQ-09841,flaring,Fuel Gas,894.16,gal,2025,12
Activité E&P,AST,G SH-ENI,OF,Equipment-9842,EQ-09842,fugitive,,7883.47,,2022,12
Activité E&P,AST,G SH-ENI,OF,Equipment-9843,EQ-09843,fugitive,,756.04,,2023,8
Activité E&P,AST,ISG,GF,Equipment-9844,EQ-09844,venting,,8714.32,,2025,9
Activité E&P,DP,STAH,OF,Equipment-9845,EQ-09845,drilling,,7368.28,,2025,5
Activité E&P,AST,ISG,GF,Equipment-9846,EQ-09846,combustion,Fuel Gas,9077.48,gal,2025,3
Activité E&P,AST,OURHOUD,OF,Equipment-9847,EQ-09847,drilling,,4168.04,,2022,5
Activité E&P,AST,ISG,GF,Equipment-9848,EQ-09848,fugitive,,8656.42,,2023,9
Activité E&P,DP,HBK,GF,Equipment-9849,EQ-09849,venting,,2577.05,,2023,3
Activité E&P,DP,STAH,OF,Equipment-9850,EQ-09850,venting,,3036.3,,2023,8
Activité E&P,DP,TFT,GF,Equipment-9851,EQ-09851,combustion,Fuel Gas,8497.54,gal,2022,3
Activité RPC,RAF,RA1K,Raffinerie,Equipment-9852,EQ-09852,fugitive,,3501.84,,2023,4
Activité RPC,RAF,RA1G,Raffinerie,Equipment-9853,EQ-09853,flaring,Fuel Gas,3337.15,gal,2022,6
Activité LQS,LSH,GL1K,GNL,Equipment-9854,EQ-09854,drilling,,8632.73,,2022,4
Activité E&P,AST,REGGANE,GF,Equipment-9855,EQ-09855,fugitive,,2276.66,,2023,4
Activité RPC,RAF,RA1Z,Raffinerie,Equipment-9856,EQ-09856,venting,,1171.13,,2024,10
Activité E&P,AST,RKF,OF,Equipment-9857,EQ-09857,flaring,Fuel Gas,9299.56,gal,2025,9
Activité RPC,RAF,RA1G,Raffinerie,Equipment-9858,EQ-09858,combustion,Propane,1114.27,gal,2025,10
Activité E&P,AST,ISG,GF,Equipment-9859,EQ-09859,drilling,,781.69,,2025,8
Activité LQS,LSH,GL1K,GNL,Equipment-9860,EQ-09860,venting,,8188.43,,2022,5
Activité LQS,LSH,GL3Z,GNL,Equipment-9861,EQ-09861,venting,,2271.8,,2025,10
Activité LQS,LSH,GL1K,GNL,Equipment-9862,EQ-09862,flaring,Fuel Gas,1518.4,gal,2025,10
Activité LQS,LSH,GP2Z,GPL,Equipment-9863,EQ-09863,venting,,9681.47,,2025,10
Activité E&P,AST,HBR,OF,Equipment-9864,EQ-09864,flaring,Propane,8812.24,gal,2024,1
Activité RPC,RAF,RA1A,Raffinerie,Equipment-9865,EQ-09865,venting,,5087.22,,2024,5
Activité RPC,RAF,RA1Z,Raffinerie,Equipment-9866,EQ-09866,fugitive,,456.84,,2025,8
Activité E&P,DP,RNS,GF,Equipment-9867,EQ-09867,venting,,8469.78,,2023,5
Activité RPC,PEC,CP1Z,Pétrochimie,Equipment-9868,EQ-09868,flaring,Fuel Gas,1882.31,gal,2022,6
Activité E&P,DP,OHT,GF,Equipment-9869,EQ-09869,venting,,4974.21,,2023,3
Activité E&P,DP,GTL,GF,Equipment-9870,EQ-09870,drilling,,7498.89,,2022,5
Activité RPC,PEC,CPEK,Pétrochimie,Equipment-9871,EQ-09871,combustion,Diesel,3435.32,gal,2023,7
Activité E&P,AST,GSS,OF,Equipment-9872,EQ-09872,drilling,,9096.67,,2022,8
Activité E&P,AST,HBR,OF,Equipment-9873,EQ-09873,venting,,4238.9,,2025,9
Activité RPC,PEC,CP1Z,Pétrochimie,Equipment-9874,EQ-09874,flaring,Fuel Gas,7440.67,gal,2022,5
Activité LQS,LSH,GL1K,GNL,Equipment-9875,EQ-09875,combustion,,7729.54,,2025,7
Activité E&P,DP,HMD,OF,Equipment-9876,EQ-09876,drilling,,5032.6,,2025,10
Activité E&P,DP,OHT,GF,Equipment-9877,EQ-09877,combustion,Diesel,156.76,gal,2022,4
Activité E&P,AST,BMS,OF,Equipment-9878,EQ-09878,fugitive,,3661.8,,2025,5
Activité LQS,LSH,GP2Z,GPL,Equipment-9879,EQ-09879,fugitive,,5322.29,,2023,11
Activité RPC,RAF,RA1K,Raffinerie,Equipment-9880,EQ-09880,flaring,Fuel Gas,6488.23,gal,2025,11
Activité RPC,PEC,CP1Z,Pétrochimie,Equipment-9881,EQ-09881,combustion,,3165.92,,2022,8
Activité LQS,LSH,GL1Z,GNL,Equipment-9882,EQ-09882,venting,,5510.0,,2023,3
Activité E&P,DP,GTL,GF,Equipment-9883,EQ-09883,fugitive,,2857.66,,2022,4
Activité E&P,AST,INA,GF,Equipment-9884,EQ-09884,venting,,7603.25,,2024,6
Activité RPC,RAF,RA1Z,Raffinerie,Equipment-9885,EQ-09885,drilling,,4101.69,,2022,8
Activité E&P,AST,OURHOUD,OF,Equipment-9886,EQ-09886,flaring,Propane,2031.74,gal,2025,8
Activité E&P,AST,GB,OF,Equipment-9887,EQ-09887,combustion,Diesel,9247.12,gal,2022,12
Activité E&P,AST,GTIM,GF,Equipment-9888,EQ-09888,fugitive,,1629.67,,2025,11
Activité LQS,LSH,GP1Z,GPL,Equipment-9889,EQ-09889,flaring,Diesel,2611.6,gal,2025,10
Activité RPC,RAF,RA1K,Raffinerie,Equipment-9890,EQ-09890,combustion,Fuel Gas,76.67,gal,2024,1
Activité RPC,PEC,CP1Z,Pétrochimie,Equipment-9891,EQ-09891,venting,,6958.35,,2022,5
Activité RPC,PEC,CP1Z,Pétrochimie,Equipment-9892,EQ-09892,drilling,,4798.49,,2025,8
Activité E&P,DP,TFT,GF,Equipment-9893,EQ-09893,drilling,,622.4,,2025,3
Activité LQS,LSH,GL1K,GNL,Equipment-9894,EQ-09894,combustion,Propane,2470.89,gal,2025,2
Activité RPC,RAF,RA1G,Raffinerie,Equipment-9895,EQ-09895,combustion,Fuel Gas,3431.61,gal,2023,8
Activité E&P,DP,HMD,OF,Equipment-9896,EQ-09896,fugitive,,7835.68,,2025,10
Activité E&P,AST,GTIM,GF,Equipment-9897,EQ-09897,fugitive,,8178.1,,2023,7
Activité E&P,AST,GB,OF,Equipment-9898,EQ-09898,drilling,,2777.28,,2023,7
Activité RPC,RAF,RA1Z,Raffinerie,Equipment-9899,EQ-09899,combustion,Fuel Gas,3670.26,gal,2022,1
Activité E&P,DP,ADR,OF,Equipment-9900,EQ-09900,drilling,,1197.2,,2024,2
Activité RPC,RAF,RA1Z,Raffinerie,Equipment-9901,EQ-09901,combustion,Fuel Gas,6765.38,gal,2024,5
Activité E&P,DP,RNS,GF,Equipment-9902,EQ-09902,combustion,,7580.63,,2022,9
Activité E&P,AST,REGGANE,GF,Equipment-9903,EQ-09903,venting,,6661.58,,2025,4
Activité RPC,RAF,RA1A,Raffinerie,Equipment-9904,EQ-09904,drilling,,1127.94,,2024,3
Activité RPC,PEC,CP1Z,Pétrochimie,Equipment-9905,EQ-09905,drilling,,1085.22,,2024,4
Activité LQS,LSH,GL1Z,GNL,Equipment-9906,EQ-09906,combustion,Propane,1489.56,gal,2024,4
Activité RPC,PEC,CPEK,Pétrochimie,Equipment-9907,EQ-09907,flaring,Fuel Gas,8992.62,gal,2022,10
Activité E&P,AST,OURHOUD,OF,Equipment-9908,EQ-09908,flaring,Diesel,1243.76,gal,2022,3
Activité LQS,LSH,GP1Z,GPL,Equipment-9909,EQ-09909,flaring,Fuel Gas,6888.02,gal,2024,12
Activité RPC,RAF,RA1K,Raffinerie,Equipment-9910,EQ-09910,combustion,Propane,7247.06,gal,2024,8
Activité E&P,AST,SH-FCP MLE,GF,Equipment-9911,EQ-09911,combustion,Natural Gas,5274.53,scf,2025,8
Activité E&P,DP,RNS,GF,Equipment-9912,EQ-09912,drilling,,3745.27,,2025,8
Activité E&P,AST,GTIM,GF,Equipment-9913,EQ-09913,venting,,3210.98,,2023,4
Activité E&P,DP,RNS,GF,Equipment-9914,EQ-09914,combustion,,3702.9,,2024,10
Activité E&P,AST,OURHOUD,OF,Equipment-9915,EQ-09915,flaring,Propane,218.62,gal,2025,12
Activité E&P,AST,GSS,OF,Equipment-9916,EQ-09916,fugitive,,4277.66,,2023,7
Activité RPC,RAF,RA1G,Raffinerie,Equipment-9917,EQ-09917,venting,,2002.14,,2023,7
Activité E&P,AST,GTIM,GF,Equipment-9918,EQ-09918,flaring,Propane,24.38,gal,2022,6
Activité LQS,LSH,GL2Z,GNL,Equipment-9919,EQ-09919,drilling,,4336.68,,2025,4
Activité E&P,AST,G SH-ENI,OF,Equipment-9920,EQ-09920,venting,,4658.16,,2024,7
Activité RPC,RAF,RA1Z,Raffinerie,Equipment-9921,EQ-09921,combustion,,4300.06,,2025,7
Activité LQS,LSH,GL1K,GNL,Equipment-9922,EQ-09922,venting,,817.35,,2023,11
Activité E&P,DP,HMD,OF,Equipment-9923,EQ-09923,drilling,,6020.28,,2022,2
Activité RPC,RAF,RA1G,Raffinerie,Equipment-9924,EQ-09924,fugitive,,1821.59,,2023,9
Activité E&P,AST,GTIM,GF,Equipment-9925,EQ-09925,drilling,,7932.96,,2024,2
Activité E&P,DP,HMD,OF,Equipment-9926,EQ-09926,combustion,Natural Gas,7472.53,scf,2023,4
Activité E&P,AST,GSS,OF,Equipment-9927,EQ-09927,fugitive,,8813.59,,2022,4
Activité E&P,AST,BRS,OF,Equipment-9928,EQ-09928,drilling,,9901.17,,2022,3
Activité E&P,AST,BMS,OF,Equipment-9929,EQ-09929,combustion,Fuel Gas,6253.91,gal,2025,3
Activité E&P,DP,STAH,OF,Equipment-9930,EQ-09930,fugitive,,8857.3,,2025,2
Activité RPC,RAF,RA1Z,Raffinerie,Equipment-9931,EQ-09931,drilling,,4663.13,,2025,9
Activité E&P,DP,OHT,GF,Equipment-9932,EQ-09932,venting,,3030.71,,2022,5
Activité LQS,LSH,GL2Z,GNL,Equipment-9933,EQ-09933,combustion,Fuel Gas,2566.66,gal,2025,6
Activité RPC,RAF,RA1K,Raffinerie,Equipment-9934,EQ-09934,flaring,Natural Gas,9253.02,scf,2022,8
Activité E&P,AST,GSS,OF,Equipment-9935,EQ-09935,venting,,6670.28,,2022,1
Activité LQS,LSH,GL2Z,GNL,Equipment-9936,EQ-09936,drilling,,2232.54,,2024,8
Activité RPC,RAF,RA1Z,Raffinerie,Equipment-9937,EQ-09937,venting,,5788.51,,2023,6
Activité E&P,AST,BMS,OF,Equipment-9938,EQ-09938,combustion,Propane,7547.6,gal,2023,9
Activité E&P,AST,GTIM,GF,Equipment-9939,EQ-09939,venting,,9188.37,,2022,12
Activité E&P,AST,GTIM,GF,Equipment-9940,EQ-09940,drilling,,3397.11,,2025,3
Activité E&P,AST,GTIM,GF,Equipment-9941,EQ-09941,flaring,Diesel,5253.2,gal,2022,10
Activité E&P,AST,SH-FCP MLE,GF,Equipment-9942,EQ-09942,drilling,,4750.18,,2023,7
Activité E&P,AST,BRS,OF,Equipment-9943,EQ-09943,drilling,,3857.76,,2022,10
Activité E&P,AST,OURHOUD,OF,Equipment-9944,EQ-09944,flaring,,2210.13,,2022,6
Activité LQS,LSH,GL1Z,GNL,Equipment-9945,EQ-09945,combustion,Diesel,8686.67,gal,2022,2
Activité RPC,RAF,RA1G,Raffinerie,Equipment-9946,EQ-09946,fugitive,,5527.66,,2025,7
Activité LQS,LSH,GL3Z,GNL,Equipment-9947,EQ-09947,drilling,,879.72,,2023,2
Activité LQS,LSH,GL1Z,GNL,Equipment-9948,EQ-09948,combustion,,5919.56,,2022,10
Activité E&P,DP,REB,OF,Equipment-9949,EQ-09949,flaring,Propane,8137.42,gal,2024,10
Activité E&P,AST,SH-FCP MLE,GF,Equipment-9950,EQ-09950,combustion,,6690.72,,2022,12
Activité LQS,LSH,GL2Z,GNL,Equipment-9951,EQ-09951,drilling,,9871.87,,2025,2
Activité LQS,LSH,GL1Z,GNL,Equipment-9952,EQ-09952,fugitive,,5308.32,,2022,2
Activité RPC,RAF,RA1A,Raffinerie,Equipment-9953,EQ-09953,combustion,Propane,5628.64,gal,2022,4
Activité E&P,AST,RKF,OF,Equipment-9954,EQ-09954,venting,,4762.51,,2022,10
Activité RPC,PEC,CPEK,Pétrochimie,Equipment-9955,EQ-09955,combustion,Fuel Gas,5707.39,gal,2025,12
Activité E&P,DP,GTL,GF,Equipment-9956,EQ-09956,drilling,,1897.34,,2023,11
Activité E&P,AST,INA,GF,Equipment-9957,EQ-09957,drilling,,5593.16,,2025,2
Activité RPC,PEC,CPEK,Pétrochimie,Equipment-9958,EQ-09958,venting,,2984.67,,2024,2
Activité E&P,AST,G SH-ENI,OF,Equipment-9959,EQ-09959,combustion,Fuel Gas,4358.35,gal,2023,9
Activité E&P,AST,GTIM,GF,Equipment-9960,EQ-09960,flaring,Propane,5112.72,gal,2024,10
Activité E&P,DP,RNS,GF,Equipment-9961,EQ-09961,venting,,2355.49,,2025,10
Activité RPC,RAF,RA1Z,Raffinerie,Equipment-9962,EQ-09962,flaring,Natural Gas,9159.1,scf,2022,11
Activité E&P,AST,BMS,OF,Equipment-9963,EQ-09963,flaring,Diesel,3190.28,gal,2022,7
Activité E&P,DP,OHT,GF,Equipment-9964,EQ-09964,fugitive,,7024.65,,2022,8
Activité LQS,LSH,GL2Z,GNL,Equipment-9965,EQ-09965,drilling,,9476.03,,2023,8
Activité E&P,AST,HBR,OF,Equipment-9966,EQ-09966,flaring,Natural Gas,7611.26,scf,2022,8
Activité E&P,AST,RKF,OF,Equipment-9967,EQ-09967,combustion,Natural Gas,4821.47,scf,2022,2
Activité E&P,DP,TFT,GF,Equipment-9968,EQ-09968,combustion,,6609.95,,2024,12
Activité RPC,RAF,RA1K,Raffinerie,Equipment-9969,EQ-09969,fugitive,,9344.98,,2024,6
Activité E&P,AST,GTFT,GF,Equipment-9970,EQ-09970,flaring,Diesel,3347.73,gal,2022,10
Activité RPC,RAF,RA1A,Raffinerie,Equipment-9971,EQ-09971,combustion,Fuel Gas,92.18,gal,2025,2
Activité E&P,AST,GB,OF,Equipment-9972,EQ-09972,venting,,1907.74,,2022,10
Activité LQS,LSH,GP2Z,GPL,Equipment-9973,EQ-09973,drilling,,37.1,,2023,3
Activité E&P,AST,RKF,OF,Equipment-9974,EQ-09974,combustion,Propane,4474.64,gal,2025,9
Activité E&P,AST,GTIM,GF,Equipment-9975,EQ-09975,venting,,2548.72,,2024,6
Activité E&P,AST,BMS,OF,Equipment-9976,EQ-09976,flaring,Diesel,1336.99,gal,2025,11
Activité LQS,LSH,GP1Z,GPL,Equipment-9977,EQ-09977,venting,,9482.28,,2024,9
Activité RPC,RAF,RA1G,Raffinerie,Equipment-9978,EQ-09978,fugitive,,9703.34,,2023,12
Activité LQS,LSH,GP2Z,GPL,Equipment-9979,EQ-09979,combustion,Natural Gas,8688.28,scf,2024,12
Activité E&P,AST,OURHOUD,OF,Equipment-9980,EQ-09980,venting,,6626.47,,2022,3
Activité LQS,LSH,GL1K,GNL,Equipment-9981,EQ-09981,drilling,,3661.03,,2022,11
Activité E&P,AST,REGGANE,GF,Equipment-9982,EQ-09982,drilling,,1817.75,,2025,9
Activité E&P,AST,GTG,GF,Equipment-9983,EQ-09983,venting,,8322.92,,2022,11
Activité E&P,AST,GB,OF,Equipment-9984,EQ-09984,fugitive,,784.99,,2022,8
Activité RPC,RAF,RA1K,Raffinerie,Equipment-9985,EQ-09985,venting,,9203.99,,2025,9
Activité E&P,AST,GTIM,GF,Equipment-9986,EQ-09986,combustion,Propane,3497.76,gal,2025,12
Activité LQS,LSH,GP1Z,GPL,Equipment-9987,EQ-09987,combustion,Natural Gas,9697.32,scf,2025,4
Activité E&P,AST,BMS,OF,Equipment-9988,EQ-09988,venting,,9403.83,,2025,12
Activité E&P,DP,ADR,OF,Equipment-9989,EQ-09989,venting,,6001.51,,2022,3
Activité E&P,AST,BRS,OF,Equipment-9990,EQ-09990,combustion,Fuel Gas,6147.89,gal,2022,7
Activité E&P,AST,INA,GF,Equipment-9991,EQ-09991,drilling,,7898.51,,2022,12
Activité E&P,DP,GTL,GF,Equipment-9992,EQ-09992,combustion,Propane,118.06,gal,2023,9
Activité E&P,DP,INAS,GF,Equipment-9993,EQ-09993,venting,,7201.72,,2022,10
Activité E&P,DP,STAH,OF,Equipment-9994,EQ-09994,fugitive,,8278.15,,2022,6
Activité E&P,DP,RNS,GF,Equipment-9995,EQ-09995,flaring,Diesel,1646.09,gal,2022,4
Activité E&P,AST,GTIM,GF,Equipment-9996,EQ-09996,venting,,206.21,,2022,7
Activité E&P,AST,OURHOUD,OF,Equipment-9997,EQ-09997,venting,,1275.02,,2025,2
Activité LQS,LSH,GP1Z,GPL,Equipment-9998,EQ-09998,combustion,Diesel,8087.74,gal,2022,4
Activité E&P,DP,REB,OF,Equipment-9999,EQ-09999,fugitive,,328.89,,2022,8
