Region,Activity,Division,Field,Year,Month,Oil Quantity,Oil Unit,Gas Quantity,Gas Unit
Hassi Messaoud,Refining,Operations,Block 2,2022,12,17272.79,bbl,114338.15,mscf
Adrar,Transportation,Logistics,Block 1,2023,11,41632.17,bbl,38640.78,mscf
Hassi R'Mel,Marketing,Drilling,Field B,2023,1,33760.85,bbl,37621.05,mscf
Adrar,Transportation,Production,Area X,2024,3,28622.93,bbl,63194.39,mscf
In Salah,Marketing,Operations,Block 2,2025,1,13978.51,bbl,147645.32,mscf
Adrar,Refining,Production,Area Y,2025,5,46974.79,bbl,24689.11,mscf
Hassi Messaoud,Transportation,Drilling,Field A,2023,3,47315.87,bbl,25813.72,mscf
Hassi Messaoud,Transportation,Logistics,Field B,2024,11,11085.66,bbl,66117.05,mscf
Hassi Messaoud,Refining,Operations,Area Y,2022,4,46381.59,bbl,194564.75,mscf
Hassi Messaoud,Refining,Drilling,Area X,2025,4,20847.16,bbl,83274.04,mscf
Hassi R'Mel,Exploration & Production,Logistics,Field B,2022,7,29298.34,bbl,89719.81,mscf
Adrar,Exploration & Production,Drilling,Area X,2023,10,20021.13,bbl,192194.78,mscf
Illizi,Transportation,Operations,Field A,2024,3,48280.01,bbl,144558.95,mscf
Hassi Messaoud,Marketing,Operations,Field A,2023,4,5634.2,bbl,133244.93,mscf
Illizi,Exploration & Production,Operations,Field B,2024,6,33733.34,bbl,197223.26,mscf
Adrar,Transportation,Drilling,Field B,2023,9,42743.59,bbl,79862.01,mscf
Berkine,Exploration & Production,Operations,Block 1,2023,6,9452.61,bbl,147012.6,mscf
Hassi R'Mel,Refining,Production,Field A,2022,2,44934.44,bbl,177900.01,mscf
Illizi,Refining,Drilling,Block 1,2022,3,11253.33,bbl,43193.09,mscf
Illizi,Transportation,Logistics,Block 1,2024,3,34322.62,bbl,164257.16,mscf
Berkine,Transportation,Logistics,Field B,2024,10,8579.82,bbl,179278.52,mscf
Adrar,Exploration & Production,Production,Area Y,2024,4,34706.49,bbl,199217.62,mscf
Rhourde Nouss,Exploration & Production,Drilling,Field A,2024,7,7727.94,bbl,70113.05,mscf
Hassi R'Mel,Refining,Production,Block 2,2022,1,2919.73,bbl,23513.01,mscf
In Salah,Marketing,Operations,Field B,2025,1,14066.12,bbl,38858.55,mscf
Adrar,Exploration & Production,Operations,Block 2,2024,6,27118.28,bbl,10884.69,mscf
Illizi,Transportation,Drilling,Block 1,2024,4,21391.91,bbl,126040.75,mscf
Rhourde Nouss,Marketing,Drilling,Block 1,2022,2,36021.85,bbl,35022.09,mscf
Hassi R'Mel,Exploration & Production,Drilling,Block 1,2023,6,17485.0,bbl,103065.85,mscf
Hassi R'Mel,Exploration & Production,Drilling,Block 2,2025,8,23914.69,bbl,97133.02,mscf
Berkine,Refining,Operations,Field A,2024,11,10105.11,bbl,24798.45,mscf
Illizi,Refining,Logistics,Field B,2024,7,11321.75,bbl,120715.28,mscf
Rhourde Nouss,Marketing,Production,Field A,2023,8,44090.05,bbl,70998.37,mscf
Hassi R'Mel,Transportation,Operations,Area X,2024,10,30038.04,bbl,109813.86,mscf
Hassi Messaoud,Exploration & Production,Production,Block 2,2022,8,19375.12,bbl,147358.18,mscf
Hassi Messaoud,Marketing,Operations,Area X,2022,4,35505.35,bbl,42527.44,mscf
Hassi R'Mel,Transportation,Production,Block 2,2022,4,25672.43,bbl,52307.41,mscf
Hassi R'Mel,Marketing,Production,Area Y,2025,6,8690.88,bbl,175222.9,mscf
Berkine,Refining,Logistics,Block 1,2024,7,1409.16,bbl,31392.37,mscf
Hassi Messaoud,Refining,Production,Area X,2022,5,30667.91,bbl,76079.89,mscf
Hassi Messaoud,Exploration & Production,Logistics,Area Y,2023,12,23767.31,bbl,173484.16,mscf
Illizi,Refining,Drilling,Block 1,2022,1,30101.32,bbl,169201.24,mscf
Hassi Messaoud,Marketing,Drilling,Block 2,2023,1,9919.3,bbl,151085.65,mscf
Illizi,Exploration & Production,Operations,Field A,2022,1,21897.73,bbl,34280.16,mscf
Adrar,Transportation,Logistics,Block 1,2022,1,34720.93,bbl,152003.55,mscf
Adrar,Refining,Operations,Area Y,2024,7,32469.45,bbl,78584.95,mscf
Illizi,Transportation,Production,Field A,2023,11,6462.84,bbl,157401.97,mscf
In Salah,Transportation,Production,Field B,2024,10,44690.6,bbl,191818.71,mscf
Rhourde Nouss,Transportation,Production,Area Y,2025,2,21370.61,bbl,24935.18,mscf
In Salah,Refining,Drilling,Block 1,2025,8,42363.85,bbl,170560.74,mscf
Adrar,Refining,Logistics,Field A,2023,9,4244.59,bbl,29006.0,mscf
Rhourde Nouss,Transportation,Logistics,Block 2,2024,10,39845.03,bbl,154758.66,mscf
Adrar,Refining,Operations,Block 1,2022,11,12171.07,bbl,17909.9,mscf
In Salah,Marketing,Operations,Area Y,2023,4,14197.51,bbl,123236.93,mscf
Hassi R'Mel,Marketing,Operations,Field A,2023,1,39010.78,bbl,106755.65,mscf
Rhourde Nouss,Refining,Operations,Area X,2025,7,39721.6,bbl,13851.76,mscf
Berkine,Exploration & Production,Operations,Block 2,2023,4,36956.89,bbl,23332.75,mscf
Hassi Messaoud,Marketing,Operations,Area X,2023,3,15542.43,bbl,144375.07,mscf
Illizi,Transportation,Operations,Field A,2024,3,38506.48,bbl,198469.29,mscf
Adrar,Exploration & Production,Logistics,Area Y,2024,9,16289.77,bbl,104027.98,mscf
Adrar,Exploration & Production,Production,Field A,2023,6,22119.32,bbl,149542.68,mscf
Rhourde Nouss,Marketing,Production,Block 1,2025,10,10026.74,bbl,127491.11,mscf
Hassi R'Mel,Transportation,Operations,Field B,2025,11,29746.74,bbl,149542.94,mscf
In Salah,Exploration & Production,Drilling,Block 2,2025,4,4566.05,bbl,47391.67,mscf
Rhourde Nouss,Transportation,Drilling,Area Y,2023,1,8198.43,bbl,170787.28,mscf
Hassi R'Mel,Exploration & Production,Logistics,Block 1,2023,1,12406.77,bbl,106020.91,mscf
Hassi R'Mel,Transportation,Logistics,Area Y,2025,10,2454.88,bbl,63553.57,mscf
In Salah,Marketing,Production,Field B,2024,11,36522.08,bbl,77426.24,mscf
Hassi R'Mel,Refining,Production,Field B,2023,9,20007.72,bbl,66277.29,mscf
Illizi,Marketing,Production,Field B,2024,9,29954.93,bbl,68440.5,mscf
Adrar,Marketing,Logistics,Field A,2025,4,8338.09,bbl,101665.55,mscf
Berkine,Refining,Drilling,Block 2,2023,4,8125.25,bbl,145392.65,mscf
Hassi Messaoud,Transportation,Logistics,Block 2,2023,1,23832.75,bbl,132562.91,mscf
Hassi R'Mel,Transportation,Operations,Field A,2025,6,35528.5,bbl,131708.19,mscf
Adrar,Exploration & Production,Production,Field B,2022,11,12094.77,bbl,52379.62,mscf
Adrar,Exploration & Production,Production,Field B,2023,2,17350.91,bbl,122105.49,mscf
Berkine,Exploration & Production,Production,Block 2,2025,11,28838.97,bbl,174758.86,mscf
Hassi R'Mel,Refining,Drilling,Area X,2025,5,32992.22,bbl,120194.92,mscf
Illizi,Transportation,Drilling,Area Y,2025,11,14812.19,bbl,22037.51,mscf
Rhourde Nouss,Refining,Drilling,Block 1,2025,5,40990.02,bbl,72465.12,mscf
Hassi Messaoud,Transportation,Operations,Block 2,2025,12,46321.96,bbl,56756.2,mscf
Illizi,Marketing,Logistics,Area Y,2024,4,41981.69,bbl,43271.15,mscf
Adrar,Exploration & Production,Logistics,Block 2,2023,3,11463.46,bbl,30797.35,mscf
Adrar,Marketing,Production,Area X,2023,2,15880.26,bbl,148573.36,mscf
Hassi R'Mel,Refining,Drilling,Field B,2023,2,38373.94,bbl,146560.38,mscf
Berkine,Exploration & Production,Operations,Field A,2022,2,14158.14,bbl,43782.46,mscf
Illizi,Refining,Operations,Block 1,2025,2,45032.73,bbl,43701.03,mscf
Illizi,Refining,Logistics,Area Y,2022,12,48445.3,bbl,183697.92,mscf
Hassi Messaoud,Marketing,Operations,Block 1,2023,3,47021.91,bbl,165026.35,mscf
Rhourde Nouss,Marketing,Production,Area X,2022,6,24297.9,bbl,97001.12,mscf
Rhourde Nouss,Transportation,Logistics,Area Y,2025,2,6306.29,bbl,157828.69,mscf
Illizi,Transportation,Operations,Block 2,2024,2,23084.83,bbl,142353.92,mscf
Hassi R'Mel,Transportation,Production,Field A,2023,6,38696.44,bbl,180327.75,mscf
Rhourde Nouss,Exploration & Production,Operations,Area X,2025,12,10755.7,bbl,117611.72,mscf
Adrar,Exploration & Production,Operations,Area Y,2024,8,38346.55,bbl,65675.12,mscf
Hassi R'Mel,Exploration & Production,Production,Area X,2023,4,13105.39,bbl,168660.8,mscf
Adrar,Marketing,Logistics,Area Y,2024,6,38752.96,bbl,37934.17,mscf
Adrar,Marketing,Drilling,Area Y,2024,10,15799.03,bbl,117743.73,mscf
Hassi R'Mel,Refining,Drilling,Block 2,2024,3,24340.94,bbl,135274.66,mscf
Illizi,Marketing,Production,Area X,2023,6,5202.3,bbl,54751.03,mscf
Rhourde Nouss,Exploration & Production,Production,Area Y,2025,11,6784.19,bbl,82135.6,mscf
Adrar,Exploration & Production,Production,Block 2,2024,6,2668.63,bbl,42098.55,mscf
In Salah,Transportation,Production,Field A,2022,3,38772.04,bbl,6253.21,mscf
Rhourde Nouss,Refining,Drilling,Area X,2022,4,20726.3,bbl,48385.24,mscf
Adrar,Exploration & Production,Drilling,Field B,2022,1,26518.4,bbl,7576.2,mscf
Illizi,Refining,Drilling,Block 2,2025,9,14947.16,bbl,98667.2,mscf
Hassi Messaoud,Transportation,Logistics,Area Y,2023,4,47970.03,bbl,172944.58,mscf
Rhourde Nouss,Transportation,Drilling,Block 1,2025,12,20946.91,bbl,124768.91,mscf
Hassi Messaoud,Refining,Production,Block 2,2025,1,35441.6,bbl,59161.99,mscf
Hassi Messaoud,Refining,Operations,Block 1,2025,10,1243.61,bbl,115248.78,mscf
Illizi,Exploration & Production,Logistics,Field A,2024,10,1526.22,bbl,176189.42,mscf
Adrar,Exploration & Production,Drilling,Field A,2024,2,37362.99,bbl,32757.19,mscf
Hassi R'Mel,Refining,Operations,Block 2,2024,7,23717.06,bbl,98625.16,mscf
Illizi,Refining,Production,Field A,2025,3,21472.2,bbl,70682.0,mscf
Hassi Messaoud,Transportation,Logistics,Area X,2024,11,10082.17,bbl,99545.41,mscf
Hassi Messaoud,Refining,Production,Field B,2024,10,5750.7,bbl,134970.08,mscf
Adrar,Exploration & Production,Logistics,Block 1,2023,12,23348.77,bbl,21420.1,mscf
Adrar,Marketing,Logistics,Block 2,2023,10,15258.26,bbl,193458.98,mscf
Berkine,Marketing,Production,Field A,2025,10,24262.77,bbl,93291.33,mscf
Adrar,Exploration & Production,Operations,Block 1,2023,12,8084.46,bbl,40640.86,mscf
Berkine,Refining,Operations,Block 1,2023,4,29899.57,bbl,12130.72,mscf
Illizi,Exploration & Production,Logistics,Field B,2024,12,6419.44,bbl,183689.58,mscf
Adrar,Transportation,Logistics,Field B,2024,4,27617.33,bbl,192403.71,mscf
Hassi R'Mel,Transportation,Drilling,Field A,2023,3,14435.27,bbl,5177.34,mscf
Rhourde Nouss,Refining,Operations,Area X,2022,9,24848.37,bbl,93918.1,mscf
Hassi R'Mel,Refining,Logistics,Area X,2025,1,49298.37,bbl,95416.45,mscf
Hassi Messaoud,Transportation,Drilling,Field A,2024,3,27874.98,bbl,119529.03,mscf
Illizi,Exploration & Production,Production,Block 2,2025,4,45454.27,bbl,99925.17,mscf
Hassi R'Mel,Marketing,Operations,Field B,2023,4,24546.03,bbl,47614.18,mscf
In Salah,Marketing,Logistics,Field B,2025,10,25641.67,bbl,49689.8,mscf
Hassi R'Mel,Marketing,Operations,Area Y,2023,5,35235.76,bbl,12236.03,mscf
Hassi R'Mel,Marketing,Production,Block 2,2022,3,32562.36,bbl,31211.39,mscf
Illizi,Marketing,Operations,Block 1,2023,2,7653.09,bbl,176037.18,mscf
Rhourde Nouss,Refining,Operations,Block 2,2023,3,29930.98,bbl,35837.03,mscf
In Salah,Exploration & Production,Production,Block 1,2023,2,38972.75,bbl,78787.06,mscf
Adrar,Refining,Logistics,Field A,2023,8,41391.76,bbl,11817.14,mscf
Berkine,Transportation,Operations,Block 2,2022,4,24587.33,bbl,33760.12,mscf
Illizi,Transportation,Production,Area Y,2025,2,22117.54,bbl,134951.92,mscf
Berkine,Marketing,Logistics,Block 2,2025,12,14504.75,bbl,77994.96,mscf
Hassi Messaoud,Transportation,Drilling,Field A,2022,5,9098.32,bbl,129632.39,mscf
Hassi Messaoud,Marketing,Logistics,Field A,2024,3,27302.89,bbl,194391.88,mscf
Hassi Messaoud,Transportation,Production,Field B,2023,1,45350.59,bbl,121806.43,mscf
Hassi R'Mel,Transportation,Production,Field B,2023,1,3679.45,bbl,75542.69,mscf
Rhourde Nouss,Transportation,Production,Area Y,2023,4,15332.17,bbl,108507.55,mscf
Berkine,Marketing,Production,Field B,2023,3,29458.05,bbl,120492.72,mscf
Berkine,Refining,Operations,Area Y,2023,4,10649.89,bbl,94265.31,mscf
In Salah,Marketing,Logistics,Field A,2022,6,15197.51,bbl,87808.51,mscf
Adrar,Transportation,Operations,Area X,2023,5,25716.4,bbl,87275.07,mscf
Adrar,Transportation,Production,Field A,2022,9,9373.12,bbl,121374.7,mscf
Hassi Messaoud,Exploration & Production,Logistics,Block 2,2024,10,4442.65,bbl,16026.25,mscf
In Salah,Marketing,Production,Field B,2025,8,22873.69,bbl,187623.07,mscf
In Salah,Transportation,Logistics,Field A,2022,1,6734.25,bbl,132330.34,mscf
Hassi Messaoud,Transportation,Logistics,Block 2,2023,1,2163.5,bbl,114972.9,mscf
Hassi R'Mel,Transportation,Drilling,Field A,2022,7,31261.15,bbl,179195.46,mscf
In Salah,Refining,Drilling,Area X,2023,9,40607.23,bbl,146571.87,mscf
In Salah,Exploration & Production,Operations,Block 1,2024,3,2132.27,bbl,70557.99,mscf
Berkine,Exploration & Production,Operations,Area Y,2023,3,14971.9,bbl,178314.13,mscf
Hassi Messaoud,Refining,Drilling,Area X,2024,8,34928.62,bbl,171906.66,mscf
Rhourde Nouss,Refining,Operations,Block 2,2023,7,41944.04,bbl,186775.69,mscf
In Salah,Refining,Logistics,Area X,2025,7,13983.33,bbl,103197.62,mscf
Rhourde Nouss,Transportation,Logistics,Block 2,2024,11,16786.12,bbl,181170.54,mscf
Adrar,Transportation,Operations,Block 2,2025,3,48029.74,bbl,62545.15,mscf
Adrar,Refining,Logistics,Area Y,2022,3,1012.77,bbl,84693.26,mscf
Hassi R'Mel,Exploration & Production,Production,Field A,2024,11,7699.17,bbl,57892.62,mscf
Illizi,Marketing,Drilling,Field A,2023,10,29349.9,bbl,65330.62,mscf
In Salah,Refining,Operations,Block 1,2024,5,49098.68,bbl,135264.05,mscf
Adrar,Refining,Drilling,Area X,2025,1,12279.27,bbl,190292.55,mscf
Adrar,Transportation,Production,Area X,2022,1,7631.44,bbl,7858.08,mscf
Hassi R'Mel,Transportation,Production,Block 1,2024,6,23588.48,bbl,25879.95,mscf
Rhourde Nouss,Marketing,Production,Area X,2024,10,19052.4,bbl,78897.71,mscf
Rhourde Nouss,Refining,Production,Block 2,2023,10,47592.77,bbl,118050.38,mscf
Berkine,Exploration & Production,Drilling,Block 1,2023,1,36229.19,bbl,28369.44,mscf
Illizi,Marketing,Production,Area Y,2022,4,30542.06,bbl,66241.76,mscf
Hassi Messaoud,Marketing,Operations,Block 2,2024,9,48101.67,bbl,160973.59,mscf
Illizi,Marketing,Drilling,Area Y,2025,4,19502.56,bbl,134374.13,mscf
Hassi Messaoud,Transportation,Production,Field A,2025,9,3249.8,bbl,186717.81,mscf
Berkine,Marketing,Drilling,Block 1,2025,11,42021.29,bbl,122084.7,mscf
Illizi,Refining,Drilling,Block 1,2024,10,6516.99,bbl,30066.69,mscf
Adrar,Transportation,Logistics,Area X,2023,10,31726.84,bbl,135486.7,mscf
Berkine,Marketing,Operations,Area Y,2022,1,39112.25,bbl,106405.69,mscf
Rhourde Nouss,Exploration & Production,Production,Area X,2023,1,4784.4,bbl,116929.58,mscf
Hassi R'Mel,Transportation,Logistics,Block 2,2024,7,46959.79,bbl,56987.19,mscf
Rhourde Nouss,Transportation,Logistics,Field B,2022,12,19541.86,bbl,113505.77,mscf
In Salah,Transportation,Operations,Area Y,2025,5,26924.39,bbl,102465.33,mscf
Illizi,Transportation,Operations,Field A,2022,12,18084.05,bbl,78360.58,mscf
Rhourde Nouss,Marketing,Logistics,Block 2,2023,12,8850.17,bbl,15592.5,mscf
In Salah,Transportation,Operations,Area Y,2025,7,8350.68,bbl,97849.19,mscf
Illizi,Marketing,Logistics,Area Y,2023,6,21079.25,bbl,98522.7,mscf
Rhourde Nouss,Transportation,Logistics,Block 2,2024,4,28440.24,bbl,96641.58,mscf
Hassi R'Mel,Refining,Drilling,Field A,2024,5,12605.88,bbl,184857.73,mscf
Illizi,Marketing,Logistics,Field A,2025,5,30347.7,bbl,177017.59,mscf
Rhourde Nouss,Transportation,Production,Block 2,2022,9,2896.86,bbl,194483.12,mscf
Hassi R'Mel,Marketing,Production,Field B,2024,5,12730.9,bbl,95540.58,mscf
In Salah,Marketing,Drilling,Field B,2023,8,1635.96,bbl,62718.78,mscf
Berkine,Refining,Production,Field B,2025,8,31269.13,bbl,146223.79,mscf
Illizi,Marketing,Drilling,Field B,2025,4,3679.43,bbl,141506.84,mscf
Rhourde Nouss,Exploration & Production,Operations,Field B,2024,5,27967.62,bbl,105177.25,mscf
Berkine,Refining,Drilling,Field A,2023,11,9803.94,bbl,98196.64,mscf
Hassi R'Mel,Marketing,Operations,Block 1,2024,5,38495.64,bbl,135508.25,mscf
Hassi R'Mel,Exploration & Production,Logistics,Field B,2022,1,5880.37,bbl,152886.36,mscf
Illizi,Transportation,Operations,Field A,2022,9,39682.04,bbl,158880.01,mscf
Hassi R'Mel,Refining,Logistics,Field B,2023,7,34614.73,bbl,142391.86,mscf
Hassi Messaoud,Marketing,Operations,Field A,2023,1,30207.6,bbl,183950.44,mscf
Hassi R'Mel,Refining,Operations,Field B,2023,7,10615.4,bbl,157755.17,mscf
Illizi,Exploration & Production,Drilling,Block 1,2025,7,12063.36,bbl,44693.25,mscf
Adrar,Refining,Drilling,Block 1,2023,2,30472.46,bbl,104414.19,mscf
Illizi,Refining,Production,Block 2,2023,6,29566.52,bbl,74340.63,mscf
Berkine,Refining,Drilling,Area Y,2023,12,25760.04,bbl,165161.73,mscf
Rhourde Nouss,Exploration & Production,Drilling,Area X,2022,10,35059.88,bbl,163723.59,mscf
In Salah,Marketing,Production,Block 1,2022,11,19248.95,bbl,121253.49,mscf
Berkine,Marketing,Operations,Field B,2022,6,22000.75,bbl,101794.34,mscf
Hassi Messaoud,Exploration & Production,Operations,Field A,2024,5,40203.8,bbl,108956.73,mscf
Adrar,Transportation,Logistics,Field B,2024,11,34919.0,bbl,104608.54,mscf
Hassi Messaoud,Transportation,Operations,Block 1,2024,6,15787.35,bbl,137235.11,mscf
Illizi,Marketing,Operations,Field B,2023,1,47378.82,bbl,134403.69,mscf
Illizi,Refining,Logistics,Block 1,2025,7,28260.3,bbl,110443.32,mscf
Hassi Messaoud,Marketing,Drilling,Area Y,2022,6,44504.73,bbl,108246.48,mscf
Hassi R'Mel,Refining,Operations,Block 2,2025,4,2122.89,bbl,169597.33,mscf
Hassi Messaoud,Refining,Logistics,Field B,2024,8,40767.09,bbl,125620.9,mscf
Illizi,Exploration & Production,Operations,Area Y,2025,12,22142.56,bbl,196079.43,mscf
Rhourde Nouss,Exploration & Production,Operations,Area X,2024,1,37864.23,bbl,103403.06,mscf
Hassi R'Mel,Transportation,Drilling,Block 1,2023,3,17464.62,bbl,150622.16,mscf
In Salah,Exploration & Production,Drilling,Block 1,2024,12,47013.48,bbl,127453.03,mscf
Berkine,Marketing,Drilling,Area X,2025,2,21194.86,bbl,58026.9,mscf
Berkine,Exploration & Production,Logistics,Block 1,2022,10,30915.69,bbl,125532.04,mscf
Hassi R'Mel,Transportation,Production,Block 2,2023,8,47921.71,bbl,32689.41,mscf
Adrar,Marketing,Drilling,Block 1,2023,5,48681.17,bbl,142073.57,mscf
Rhourde Nouss,Exploration & Production,Operations,Block 2,2022,1,9264.2,bbl,128165.15,mscf
Adrar,Marketing,Production,Field A,2024,8,2321.67,bbl,148745.55,mscf
Rhourde Nouss,Transportation,Logistics,Block 1,2023,6,41168.16,bbl,12959.4,mscf
Berkine,Transportation,Production,Field B,2023,7,26874.82,bbl,17231.55,mscf
Berkine,Exploration & Production,Production,Block 1,2024,10,8226.57,bbl,163041.18,mscf
Illizi,Marketing,Drilling,Field B,2023,10,23920.55,bbl,9319.07,mscf
Berkine,Transportation,Drilling,Area Y,2023,10,38200.26,bbl,56311.46,mscf
Illizi,Marketing,Operations,Field B,2022,11,12089.05,bbl,162805.67,mscf
Hassi Messaoud,Exploration & Production,Drilling,Field B,2025,3,5529.04,bbl,120387.37,mscf
Adrar,Transportation,Production,Block 1,2024,1,16277.01,bbl,8153.54,mscf
Hassi Messaoud,Refining,Logistics,Block 1,2022,4,1999.32,bbl,45351.52,mscf
Hassi Messaoud,Exploration & Production,Operations,Block 1,2023,6,29309.8,bbl,197404.06,mscf
Hassi Messaoud,Refining,Logistics,Area Y,2023,11,4715.39,bbl,48558.86,mscf
Adrar,Exploration & Production,Production,Block 2,2024,6,4368.18,bbl,16380.27,mscf
Illizi,Exploration & Production,Operations,Field A,2022,5,16499.7,bbl,132199.92,mscf
Illizi,Refining,Drilling,Field B,2023,11,49594.25,bbl,186004.2,mscf
In Salah,Refining,Drilling,Area X,2025,8,47187.74,bbl,46461.39,mscf
Illizi,Refining,Logistics,Block 2,2023,6,20872.06,bbl,53954.05,mscf
Illizi,Transportation,Production,Area Y,2023,1,48467.95,bbl,145537.97,mscf
In Salah,Marketing,Drilling,Area Y,2022,7,8484.83,bbl,52992.28,mscf
Rhourde Nouss,Exploration & Production,Drilling,Field B,2024,10,45844.27,bbl,75838.01,mscf
Adrar,Transportation,Production,Field B,2024,7,34550.53,bbl,165340.94,mscf
Adrar,Refining,Production,Area Y,2022,10,25046.05,bbl,56913.01,mscf
Hassi R'Mel,Transportation,Operations,Field B,2023,6,17799.53,bbl,194108.13,mscf
Rhourde Nouss,Transportation,Drilling,Field A,2022,8,16657.38,bbl,188392.82,mscf
Rhourde Nouss,Marketing,Logistics,Area X,2024,10,41909.31,bbl,65481.26,mscf
Adrar,Transportation,Drilling,Area X,2022,8,7068.33,bbl,105750.75,mscf
Hassi R'Mel,Marketing,Drilling,Block 1,2023,11,6789.31,bbl,128006.3,mscf
Adrar,Marketing,Drilling,Field A,2025,4,18972.7,bbl,115364.19,mscf
Hassi R'Mel,Transportation,Operations,Area X,2025,3,20096.98,bbl,102560.21,mscf
Illizi,Refining,Operations,Field A,2022,5,15524.34,bbl,104135.81,mscf
Adrar,Transportation,Operations,Area X,2025,9,46122.96,bbl,137707.46,mscf
Hassi Messaoud,Refining,Drilling,Area X,2023,11,23309.85,bbl,193088.84,mscf
Hassi Messaoud,Exploration & Production,Logistics,Field B,2025,12,45563.08,bbl,40547.72,mscf
Rhourde Nouss,Refining,Operations,Area Y,2024,7,1267.83,bbl,126160.55,mscf
Adrar,Refining,Drilling,Field A,2025,5,30097.24,bbl,38350.61,mscf
Berkine,Transportation,Drilling,Field B,2023,3,23833.1,bbl,120548.13,mscf
Adrar,Refining,Logistics,Block 2,2022,8,45193.37,bbl,48320.77,mscf
Illizi,Transportation,Drilling,Area Y,2025,1,39328.29,bbl,26075.95,mscf
Hassi R'Mel,Transportation,Drilling,Area Y,2024,1,35422.23,bbl,40151.39,mscf
Hassi Messaoud,Exploration & Production,Operations,Field B,2025,2,40370.37,bbl,83383.16,mscf
Rhourde Nouss,Marketing,Operations,Field A,2024,2,48410.86,bbl,189715.87,mscf
Adrar,Exploration & Production,Operations,Area X,2022,8,6835.21,bbl,92506.99,mscf
Hassi Messaoud,Refining,Drilling,Field A,2023,2,27731.26,bbl,184576.65,mscf
Hassi R'Mel,Refining,Logistics,Area Y,2025,6,41660.35,bbl,56488.12,mscf
Adrar,Marketing,Operations,Block 2,2025,3,13534.86,bbl,90604.97,mscf
Hassi R'Mel,Transportation,Drilling,Block 1,2025,12,15517.98,bbl,64622.95,mscf
Hassi R'Mel,Marketing,Logistics,Field A,2023,10,34533.52,bbl,82926.68,mscf
Rhourde Nouss,Refining,Operations,Block 2,2023,6,39566.27,bbl,187957.48,mscf
Hassi Messaoud,Marketing,Drilling,Area Y,2025,8,22171.16,bbl,22394.95,mscf
Hassi Messaoud,Exploration & Production,Operations,Block 2,2025,4,40270.9,bbl,11619.58,mscf
Hassi Messaoud,Exploration & Production,Production,Field A,2022,7,35512.94,bbl,151117.45,mscf
Hassi R'Mel,Marketing,Drilling,Block 1,2024,6,37967.77,bbl,79046.44,mscf
Rhourde Nouss,Refining,Production,Block 1,2022,4,6442.98,bbl,187184.71,mscf
In Salah,Exploration & Production,Logistics,Field A,2023,10,31367.64,bbl,33294.6,mscf
Hassi Messaoud,Marketing,Production,Block 1,2024,1,34056.24,bbl,45890.88,mscf
Berkine,Exploration & Production,Logistics,Block 1,2024,2,18975.03,bbl,152003.29,mscf
In Salah,Marketing,Operations,Area X,2023,11,20424.86,bbl,54449.69,mscf
Hassi R'Mel,Exploration & Production,Production,Block 1,2025,9,19954.13,bbl,158317.01,mscf
Rhourde Nouss,Transportation,Drilling,Block 2,2022,9,46667.14,bbl,135897.6,mscf
Rhourde Nouss,Exploration & Production,Logistics,Block 2,2025,12,29918.27,bbl,100059.11,mscf
Illizi,Exploration & Production,Drilling,Area Y,2023,2,1767.59,bbl,148361.43,mscf
Berkine,Refining,Operations,Field B,2025,1,19841.47,bbl,8238.68,mscf
Adrar,Marketing,Operations,Area X,2025,8,38868.79,bbl,25406.15,mscf
Berkine,Transportation,Production,Block 1,2022,3,10717.13,bbl,16440.35,mscf
Illizi,Refining,Production,Area X,2025,1,29553.57,bbl,102636.15,mscf
Hassi R'Mel,Transportation,Operations,Field B,2024,3,32052.73,bbl,48490.14,mscf
Rhourde Nouss,Refining,Logistics,Block 2,2024,5,22833.62,bbl,64406.75,mscf
Hassi R'Mel,Refining,Drilling,Area Y,2022,6,4239.36,bbl,193462.82,mscf
In Salah,Marketing,Logistics,Block 1,2022,11,39581.35,bbl,99541.89,mscf
Illizi,Refining,Operations,Block 1,2025,9,42769.07,bbl,103909.14,mscf
Hassi Messaoud,Marketing,Logistics,Block 1,2024,3,46206.93,bbl,141358.98,mscf
In Salah,Exploration & Production,Production,Area Y,2025,7,9297.84,bbl,151278.74,mscf
Berkine,Refining,Operations,Block 1,2025,2,34217.32,bbl,66785.71,mscf
Adrar,Refining,Operations,Block 1,2023,11,1075.48,bbl,21605.78,mscf
Adrar,Transportation,Logistics,Area X,2025,6,8894.82,bbl,171508.3,mscf
Hassi Messaoud,Marketing,Drilling,Field A,2023,9,31806.32,bbl,6309.92,mscf
Hassi R'Mel,Refining,Logistics,Area X,2023,5,23651.25,bbl,147328.23,mscf
Hassi R'Mel,Exploration & Production,Logistics,Area X,2025,11,11726.81,bbl,116565.55,mscf
Illizi,Transportation,Operations,Area X,2022,9,42271.79,bbl,11666.87,mscf
In Salah,Transportation,Production,Field A,2023,8,35431.03,bbl,100004.82,mscf
In Salah,Transportation,Logistics,Field B,2023,10,10010.65,bbl,148329.54,mscf
Berkine,Exploration & Production,Operations,Block 2,2025,8,8730.56,bbl,5357.01,mscf
In Salah,Exploration & Production,Drilling,Block 2,2025,12,33409.62,bbl,56501.95,mscf
Adrar,Transportation,Operations,Area Y,2022,8,46559.48,bbl,46860.81,mscf
Rhourde Nouss,Transportation,Logistics,Field B,2023,5,16520.09,bbl,25885.97,mscf
Rhourde Nouss,Exploration & Production,Drilling,Area X,2024,7,45770.92,bbl,23036.33,mscf
Berkine,Transportation,Operations,Block 2,2022,3,49265.62,bbl,70147.63,mscf
Hassi R'Mel,Transportation,Drilling,Field A,2025,6,15385.87,bbl,76110.13,mscf
Hassi Messaoud,Refining,Logistics,Block 1,2023,11,15160.75,bbl,57868.17,mscf
Berkine,Marketing,Logistics,Field B,2022,6,29056.3,bbl,79630.27,mscf
In Salah,Refining,Operations,Area X,2023,3,3335.13,bbl,133062.95,mscf
Rhourde Nouss,Refining,Production,Block 2,2022,2,25298.7,bbl,198953.54,mscf
Adrar,Marketing,Operations,Block 1,2025,3,12236.96,bbl,174890.48,mscf
Hassi Messaoud,Refining,Operations,Area X,2023,10,26007.24,bbl,128104.2,mscf
Hassi Messaoud,Exploration & Production,Operations,Field A,2025,10,32073.68,bbl,86355.46,mscf
In Salah,Refining,Production,Block 2,2022,2,4376.72,bbl,185523.89,mscf
In Salah,Exploration & Production,Production,Area X,2024,8,17139.22,bbl,85731.39,mscf
Adrar,Marketing,Logistics,Block 2,2023,1,25427.14,bbl,133718.31,mscf
Rhourde Nouss,Exploration & Production,Operations,Area X,2022,12,36229.8,bbl,123067.92,mscf
Berkine,Transportation,Production,Block 2,2024,4,19090.28,bbl,21252.9,mscf
Rhourde Nouss,Marketing,Operations,Block 2,2023,10,27042.26,bbl,26804.59,mscf
Hassi Messaoud,Exploration & Production,Drilling,Field B,2023,5,10502.69,bbl,164028.94,mscf
Illizi,Marketing,Logistics,Area Y,2023,3,3303.38,bbl,169179.15,mscf
Illizi,Transportation,Operations,Area X,2022,8,6682.86,bbl,46020.09,mscf
Rhourde Nouss,Marketing,Production,Area X,2025,9,39337.56,bbl,46296.85,mscf
Berkine,Transportation,Logistics,Field A,2025,2,1342.85,bbl,187431.15,mscf
Illizi,Exploration & Production,Operations,Field B,2024,5,28412.32,bbl,166191.26,mscf
Adrar,Exploration & Production,Logistics,Block 1,2023,10,14185.33,bbl,183881.22,mscf
Rhourde Nouss,Exploration & Production,Drilling,Block 1,2023,1,13471.54,bbl,182373.76,mscf
Berkine,Exploration & Production,Production,Area Y,2023,8,34302.66,bbl,109865.23,mscf
Hassi Messaoud,Exploration & Production,Drilling,Block 2,2025,11,18948.68,bbl,68695.04,mscf
Hassi R'Mel,Transportation,Logistics,Block 2,2024,10,3310.6,bbl,127569.13,mscf
Adrar,Marketing,Logistics,Field B,2025,9,42908.83,bbl,156707.36,mscf
In Salah,Marketing,Operations,Area X,2024,2,20701.97,bbl,157313.1,mscf
In Salah,Refining,Operations,Area Y,2023,9,1711.44,bbl,81759.89,mscf
Illizi,Marketing,Operations,Block 1,2022,5,5839.76,bbl,154683.1,mscf
Adrar,Refining,Production,Block 1,2024,6,11905.82,bbl,121982.03,mscf
In Salah,Refining,Operations,Block 2,2023,10,3562.5,bbl,167507.41,mscf
Adrar,Exploration & Production,Logistics,Field B,2023,4,22696.33,bbl,83365.78,mscf
Hassi Messaoud,Transportation,Operations,Field A,2022,1,35862.03,bbl,62180.23,mscf
Berkine,Transportation,Drilling,Field B,2024,11,36242.73,bbl,164008.02,mscf
Berkine,Marketing,Logistics,Field A,2025,4,26560.31,bbl,96062.83,mscf
Hassi R'Mel,Exploration & Production,Drilling,Area X,2025,12,29304.89,bbl,21433.05,mscf
Illizi,Refining,Operations,Block 1,2025,11,18266.34,bbl,25648.3,mscf
Hassi R'Mel,Marketing,Operations,Block 1,2023,3,39122.71,bbl,56705.76,mscf
In Salah,Marketing,Drilling,Block 1,2024,11,11947.24,bbl,44089.11,mscf
Rhourde Nouss,Exploration & Production,Production,Field A,2022,6,44987.64,bbl,144576.2,mscf
Hassi Messaoud,Transportation,Operations,Area Y,2025,8,8328.79,bbl,43242.14,mscf
Hassi R'Mel,Marketing,Drilling,Field A,2024,4,41010.3,bbl,18514.1,mscf
Rhourde Nouss,Transportation,Operations,Block 1,2022,3,1122.51,bbl,87287.55,mscf
Rhourde Nouss,Exploration & Production,Operations,Block 1,2022,7,24999.55,bbl,144613.39,mscf
Adrar,Exploration & Production,Operations,Area Y,2023,11,20644.57,bbl,171564.35,mscf
Hassi Messaoud,Marketing,Drilling,Area Y,2022,12,14717.45,bbl,79377.84,mscf
Illizi,Marketing,Operations,Area X,2023,1,5324.89,bbl,99296.6,mscf
Illizi,Marketing,Drilling,Block 1,2022,10,35779.82,bbl,78488.95,mscf
Berkine,Exploration & Production,Production,Area Y,2024,4,44632.1,bbl,24057.86,mscf
Rhourde Nouss,Marketing,Logistics,Area Y,2024,4,5446.47,bbl,177785.02,mscf
Rhourde Nouss,Marketing,Drilling,Field A,2022,4,35034.8,bbl,61088.03,mscf
Rhourde Nouss,Exploration & Production,Logistics,Field A,2025,11,2940.13,bbl,190144.7,mscf
Illizi,Refining,Drilling,Area X,2023,12,28708.59,bbl,47729.88,mscf
Berkine,Marketing,Logistics,Area Y,2024,12,23491.27,bbl,80507.61,mscf
Rhourde Nouss,Exploration & Production,Operations,Block 1,2022,1,17441.62,bbl,152287.6,mscf
Rhourde Nouss,Exploration & Production,Operations,Area Y,2022,12,20955.93,bbl,194924.03,mscf
Rhourde Nouss,Transportation,Operations,Block 2,2023,9,12101.21,bbl,134712.78,mscf
Illizi,Transportation,Operations,Block 1,2022,10,19101.35,bbl,13015.84,mscf
In Salah,Exploration & Production,Logistics,Area Y,2023,3,37789.01,bbl,13453.4,mscf
Hassi Messaoud,Marketing,Drilling,Area Y,2022,12,33605.82,bbl,143904.58,mscf
Hassi Messaoud,Exploration & Production,Operations,Block 2,2022,10,13967.11,bbl,43303.89,mscf
Hassi R'Mel,Exploration & Production,Logistics,Block 1,2025,3,17424.57,bbl,32845.52,mscf
Hassi Messaoud,Exploration & Production,Operations,Field A,2022,4,15030.37,bbl,28385.76,mscf
Hassi R'Mel,Refining,Drilling,Field B,2024,11,39434.98,bbl,100199.37,mscf
Rhourde Nouss,Refining,Production,Field B,2024,6,13644.11,bbl,118350.99,mscf
Illizi,Exploration & Production,Production,Field A,2025,5,36843.97,bbl,185510.52,mscf
Hassi Messaoud,Refining,Logistics,Field B,2022,10,45983.7,bbl,32567.29,mscf
Hassi R'Mel,Exploration & Production,Operations,Block 2,2023,11,31232.43,bbl,171604.19,mscf
Rhourde Nouss,Transportation,Drilling,Field A,2025,2,37705.78,bbl,161501.77,mscf
Hassi R'Mel,Marketing,Operations,Area Y,2025,6,34258.82,bbl,54790.23,mscf
Hassi R'Mel,Transportation,Operations,Field B,2025,7,41639.82,bbl,84139.58,mscf
Adrar,Refining,Operations,Block 1,2025,11,6836.79,bbl,162586.83,mscf
Hassi R'Mel,Refining,Logistics,Field A,2024,1,9577.49,bbl,29225.2,mscf
Hassi R'Mel,Refining,Drilling,Area X,2025,9,10070.29,bbl,189614.58,mscf
In Salah,Exploration & Production,Production,Area X,2025,1,43171.2,bbl,29915.99,mscf
Rhourde Nouss,Transportation,Drilling,Area Y,2023,4,17918.3,bbl,115019.46,mscf
Hassi R'Mel,Marketing,Operations,Area X,2025,12,36366.9,bbl,103994.82,mscf
In Salah,Exploration & Production,Production,Area X,2024,10,26643.72,bbl,103269.28,mscf
Hassi R'Mel,Refining,Logistics,Block 2,2024,9,26554.44,bbl,184041.29,mscf
In Salah,Refining,Operations,Field A,2022,3,33382.13,bbl,34140.36,mscf
Hassi R'Mel,Transportation,Production,Area Y,2023,2,4637.87,bbl,36267.15,mscf
Hassi Messaoud,Exploration & Production,Production,Area Y,2022,5,14314.11,bbl,38722.72,mscf
Hassi R'Mel,Refining,Drilling,Field A,2023,5,13757.46,bbl,47023.88,mscf
Hassi R'Mel,Exploration & Production,Logistics,Field A,2023,10,22132.97,bbl,171578.9,mscf
Illizi,Transportation,Production,Area Y,2022,3,15356.13,bbl,16473.13,mscf
Hassi Messaoud,Transportation,Production,Area Y,2025,5,25442.86,bbl,111168.85,mscf
Illizi,Exploration & Production,Logistics,Field B,2022,3,29933.97,bbl,187900.2,mscf
Adrar,Refining,Logistics,Area X,2025,4,18688.77,bbl,62579.27,mscf
Adrar,Refining,Operations,Area X,2022,7,47609.9,bbl,32785.82,mscf
In Salah,Refining,Logistics,Area Y,2024,12,42293.07,bbl,42509.17,mscf
Illizi,Refining,Logistics,Field B,2023,2,46114.36,bbl,147758.79,mscf
In Salah,Transportation,Logistics,Field B,2022,12,40810.38,bbl,61006.96,mscf
Hassi Messaoud,Marketing,Drilling,Area X,2022,6,26205.84,bbl,57769.92,mscf
In Salah,Marketing,Logistics,Field A,2023,7,8269.4,bbl,59019.36,mscf
Illizi,Transportation,Operations,Block 1,2024,12,33779.17,bbl,68870.31,mscf
Hassi Messaoud,Exploration & Production,Logistics,Block 2,2024,5,10013.58,bbl,149287.78,mscf
Rhourde Nouss,Refining,Operations,Field A,2024,6,33348.4,bbl,184610.53,mscf
Hassi R'Mel,Exploration & Production,Production,Field A,2023,9,7990.04,bbl,46058.94,mscf
Rhourde Nouss,Exploration & Production,Production,Field B,2023,8,27623.44,bbl,56041.09,mscf
Hassi Messaoud,Marketing,Logistics,Field A,2024,7,10113.23,bbl,125889.48,mscf
Rhourde Nouss,Transportation,Logistics,Block 1,2025,7,24997.76,bbl,188107.93,mscf
In Salah,Marketing,Operations,Block 1,2025,10,15125.02,bbl,114248.14,mscf
Hassi R'Mel,Transportation,Logistics,Field B,2025,9,25619.39,bbl,65567.71,mscf
Berkine,Exploration & Production,Drilling,Area Y,2025,6,4292.0,bbl,185359.2,mscf
Hassi R'Mel,Exploration & Production,Production,Area X,2025,2,1577.72,bbl,172498.03,mscf
Adrar,Transportation,Production,Field B,2023,6,6942.64,bbl,88114.39,mscf
Hassi R'Mel,Exploration & Production,Production,Field B,2023,7,13800.92,bbl,86386.99,mscf
Hassi Messaoud,Marketing,Logistics,Field B,2023,6,23011.18,bbl,51918.72,mscf
Illizi,Transportation,Operations,Area X,2025,11,13864.21,bbl,23499.74,mscf
Rhourde Nouss,Refining,Operations,Block 1,2025,8,1337.37,bbl,122789.82,mscf
Hassi Messaoud,Refining,Operations,Block 2,2022,3,42281.06,bbl,99432.03,mscf
Adrar,Transportation,Logistics,Block 1,2023,4,14790.69,bbl,109238.6,mscf
Illizi,Exploration & Production,Operations,Block 1,2025,2,26119.98,bbl,32438.16,mscf
Rhourde Nouss,Marketing,Logistics,Field B,2023,12,43003.46,bbl,153628.34,mscf
Adrar,Exploration & Production,Logistics,Field B,2022,7,9872.15,bbl,95828.54,mscf
Illizi,Exploration & Production,Operations,Field B,2025,6,21190.08,bbl,155370.22,mscf
Adrar,Transportation,Drilling,Area Y,2025,9,18699.47,bbl,124604.77,mscf
Berkine,Exploration & Production,Drilling,Block 1,2025,6,7405.04,bbl,81963.71,mscf
Illizi,Refining,Logistics,Field B,2023,11,25250.32,bbl,25178.37,mscf
Hassi R'Mel,Refining,Operations,Area X,2024,4,2477.84,bbl,186893.88,mscf
In Salah,Refining,Operations,Field A,2024,5,9392.09,bbl,154159.61,mscf
Hassi Messaoud,Exploration & Production,Logistics,Field B,2023,8,27269.49,bbl,115706.16,mscf
In Salah,Transportation,Production,Area Y,2024,3,34544.69,bbl,155096.73,mscf
Hassi R'Mel,Transportation,Production,Block 2,2024,7,26521.96,bbl,169011.96,mscf
Hassi R'Mel,Exploration & Production,Operations,Field B,2023,12,36116.83,bbl,23882.47,mscf
Rhourde Nouss,Transportation,Operations,Block 1,2025,11,2821.29,bbl,114115.1,mscf
Rhourde Nouss,Marketing,Drilling,Field A,2025,11,18829.78,bbl,79601.94,mscf
In Salah,Marketing,Logistics,Area X,2025,5,33076.03,bbl,112189.22,mscf
Adrar,Marketing,Operations,Area X,2022,2,42311.79,bbl,171705.09,mscf
Hassi Messaoud,Exploration & Production,Drilling,Block 2,2022,7,1833.94,bbl,176446.88,mscf
Rhourde Nouss,Exploration & Production,Drilling,Area X,2024,3,43421.43,bbl,43439.4,mscf
Illizi,Transportation,Operations,Field A,2023,2,31459.86,bbl,96850.57,mscf
Hassi Messaoud,Exploration & Production,Logistics,Area Y,2025,2,29153.46,bbl,144341.14,mscf
In Salah,Exploration & Production,Operations,Field A,2022,8,17574.33,bbl,63448.63,mscf
In Salah,Marketing,Drilling,Field B,2024,10,10496.49,bbl,42199.13,mscf
Rhourde Nouss,Transportation,Logistics,Field B,2022,6,39151.29,bbl,107239.73,mscf
Illizi,Transportation,Logistics,Block 1,2025,7,48573.77,bbl,171354.65,mscf
Hassi Messaoud,Transportation,Drilling,Block 2,2024,9,47634.71,bbl,120159.99,mscf
Hassi Messaoud,Transportation,Operations,Block 1,2023,4,13178.93,bbl,154304.06,mscf
Rhourde Nouss,Transportation,Logistics,Area Y,2023,2,20218.08,bbl,10610.33,mscf
Berkine,Transportation,Operations,Field B,2022,9,38605.68,bbl,78902.5,mscf
Berkine,Exploration & Production,Drilling,Area Y,2022,11,20412.89,bbl,40315.34,mscf
Hassi Messaoud,Transportation,Drilling,Field A,2025,4,25729.06,bbl,23628.35,mscf
Berkine,Marketing,Operations,Area X,2024,4,14266.12,bbl,58279.26,mscf
In Salah,Exploration & Production,Operations,Area Y,2023,5,16773.74,bbl,12075.43,mscf
Hassi R'Mel,Transportation,Logistics,Area X,2023,1,40150.09,bbl,19750.86,mscf
Adrar,Marketing,Production,Field B,2024,5,29921.04,bbl,27101.99,mscf
Illizi,Marketing,Production,Area X,2023,1,5942.81,bbl,160384.6,mscf
Hassi Messaoud,Marketing,Production,Field A,2025,2,45115.17,bbl,55685.35,mscf
Berkine,Exploration & Production,Production,Block 1,2023,4,41368.28,bbl,183897.02,mscf
Adrar,Refining,Drilling,Field B,2023,2,8194.39,bbl,106240.84,mscf
Illizi,Marketing,Drilling,Area X,2025,8,17623.07,bbl,29076.95,mscf
Illizi,Exploration & Production,Logistics,Field A,2022,4,16468.54,bbl,191508.0,mscf
Hassi Messaoud,Transportation,Drilling,Field A,2022,5,19072.98,bbl,145405.46,mscf
In Salah,Exploration & Production,Logistics,Block 1,2023,4,23341.95,bbl,144165.28,mscf
Hassi Messaoud,Refining,Operations,Field A,2022,11,5989.74,bbl,134654.89,mscf
Berkine,Transportation,Operations,Area Y,2024,9,12508.58,bbl,84881.52,mscf
Adrar,Exploration & Production,Production,Field A,2023,5,35458.67,bbl,169325.48,mscf
Hassi R'Mel,Refining,Drilling,Field A,2025,4,16726.84,bbl,124658.92,mscf
Berkine,Refining,Production,Area X,2025,10,39335.99,bbl,96925.86,mscf
Rhourde Nouss,Exploration & Production,Production,Area X,2025,3,5633.43,bbl,80236.21,mscf
Adrar,Exploration & Production,Operations,Area X,2024,11,26741.75,bbl,45302.13,mscf
In Salah,Transportation,Production,Block 2,2024,10,48299.29,bbl,122437.08,mscf
Rhourde Nouss,Transportation,Operations,Area Y,2023,2,24472.73,bbl,96013.64,mscf
Hassi Messaoud,Transportation,Logistics,Area X,2023,1,20263.65,bbl,196635.81,mscf
Berkine,Exploration & Production,Logistics,Area X,2023,2,5134.75,bbl,17869.55,mscf
Rhourde Nouss,Marketing,Operations,Field B,2023,1,40067.92,bbl,93215.06,mscf
In Salah,Exploration & Production,Drilling,Field A,2025,10,42854.58,bbl,55854.4,mscf
Hassi Messaoud,Transportation,Production,Field B,2023,2,41347.07,bbl,33879.25,mscf
Berkine,Transportation,Drilling,Area X,2024,12,43361.41,bbl,63892.55,mscf
In Salah,Refining,Production,Block 2,2025,10,27463.67,bbl,120897.61,mscf
In Salah,Transportation,Drilling,Block 1,2024,3,14693.42,bbl,137833.15,mscf
Hassi R'Mel,Transportation,Logistics,Block 2,2024,2,33746.69,bbl,64473.22,mscf
In Salah,Refining,Production,Block 1,2024,10,32710.22,bbl,197175.89,mscf
Berkine,Refining,Drilling,Field B,2024,12,48702.87,bbl,185123.47,mscf
In Salah,Refining,Operations,Area X,2022,12,8108.1,bbl,78556.53,mscf
In Salah,Marketing,Operations,Block 1,2024,12,27450.0,bbl,119382.7,mscf
Rhourde Nouss,Refining,Operations,Block 2,2023,2,37873.75,bbl,179064.4,mscf
Rhourde Nouss,Transportation,Production,Block 2,2023,11,7342.37,bbl,70530.22,mscf
Adrar,Exploration & Production,Logistics,Area X,2024,5,29196.26,bbl,196418.63,mscf
In Salah,Exploration & Production,Logistics,Field B,2025,9,37274.1,bbl,134259.16,mscf
Rhourde Nouss,Exploration & Production,Production,Field A,2023,1,24813.67,bbl,50512.52,mscf
Hassi Messaoud,Marketing,Logistics,Block 1,2022,9,35789.08,bbl,36281.26,mscf
Illizi,Transportation,Production,Field B,2025,5,38734.87,bbl,84836.64,mscf
Hassi Messaoud,Marketing,Drilling,Field A,2025,7,6995.1,bbl,150165.0,mscf
Berkine,Exploration & Production,Operations,Block 1,2022,5,47493.82,bbl,16453.23,mscf
Adrar,Transportation,Operations,Block 1,2022,2,23951.49,bbl,52789.09,mscf
Illizi,Marketing,Drilling,Block 2,2022,5,11618.09,bbl,193943.45,mscf
Adrar,Exploration & Production,Operations,Area Y,2025,5,14232.84,bbl,8016.12,mscf
Illizi,Refining,Operations,Block 2,2025,12,26490.96,bbl,132146.18,mscf
In Salah,Exploration & Production,Drilling,Area Y,2023,4,23173.62,bbl,26977.83,mscf
Hassi Messaoud,Refining,Logistics,Area Y,2024,12,19248.9,bbl,154970.04,mscf
Rhourde Nouss,Refining,Production,Area X,2023,8,38938.81,bbl,127629.73,mscf
Berkine,Transportation,Operations,Block 1,2023,2,28408.13,bbl,186679.04,mscf
Berkine,Exploration & Production,Operations,Block 2,2024,11,2039.95,bbl,170815.58,mscf
In Salah,Transportation,Logistics,Block 1,2025,12,21551.1,bbl,10030.07,mscf
Rhourde Nouss,Refining,Drilling,Field B,2025,12,24736.15,bbl,74878.76,mscf
Adrar,Refining,Logistics,Area Y,2022,4,38769.76,bbl,84469.04,mscf
Rhourde Nouss,Exploration & Production,Production,Area X,2023,5,36513.87,bbl,54180.06,mscf
In Salah,Exploration & Production,Logistics,Block 1,2022,1,13715.18,bbl,127802.22,mscf
In Salah,Marketing,Logistics,Area Y,2023,9,5460.07,bbl,140624.31,mscf
In Salah,Transportation,Logistics,Block 2,2023,8,25063.02,bbl,89275.75,mscf
Berkine,Transportation,Production,Field A,2022,2,28406.4,bbl,119643.21,mscf
Illizi,Marketing,Logistics,Block 2,2024,2,18559.16,bbl,63949.33,mscf
Berkine,Transportation,Drilling,Field A,2024,5,8968.11,bbl,176735.32,mscf
Hassi R'Mel,Transportation,Operations,Block 2,2025,9,7434.53,bbl,135661.61,mscf
Illizi,Exploration & Production,Production,Block 1,2023,4,42698.05,bbl,60046.48,mscf
Hassi Messaoud,Transportation,Drilling,Area X,2025,11,42826.18,bbl,100979.7,mscf
In Salah,Transportation,Logistics,Block 2,2022,8,39926.25,bbl,114075.86,mscf
Adrar,Exploration & Production,Logistics,Area Y,2022,11,28130.14,bbl,30873.36,mscf
Illizi,Exploration & Production,Production,Block 1,2022,2,30789.14,bbl,57247.43,mscf
In Salah,Exploration & Production,Logistics,Block 1,2024,6,32388.52,bbl,155359.56,mscf
Rhourde Nouss,Transportation,Production,Field A,2024,2,11610.25,bbl,172647.27,mscf
Hassi R'Mel,Refining,Logistics,Field A,2022,5,45893.16,bbl,60282.56,mscf
In Salah,Refining,Logistics,Field A,2024,1,8486.96,bbl,7034.08,mscf
Hassi R'Mel,Refining,Logistics,Area X,2025,4,33999.56,bbl,117831.36,mscf
Hassi Messaoud,Exploration & Production,Production,Area Y,2024,9,24445.05,bbl,173153.64,mscf
In Salah,Refining,Operations,Area X,2025,4,28668.25,bbl,154386.16,mscf
Berkine,Exploration & Production,Production,Block 2,2024,8,4871.68,bbl,97768.22,mscf
In Salah,Exploration & Production,Production,Area X,2022,12,14386.72,bbl,102648.44,mscf
Adrar,Marketing,Production,Area Y,2022,2,1762.57,bbl,171379.72,mscf
Rhourde Nouss,Transportation,Operations,Block 1,2025,6,34948.31,bbl,66797.12,mscf
Berkine,Refining,Logistics,Area Y,2024,4,36354.76,bbl,22338.06,mscf
Adrar,Exploration & Production,Drilling,Block 1,2024,11,13613.76,bbl,44123.03,mscf
Hassi R'Mel,Exploration & Production,Drilling,Area Y,2022,1,17136.16,bbl,98811.89,mscf
Illizi,Exploration & Production,Drilling,Field A,2024,4,16975.24,bbl,47056.52,mscf
In Salah,Transportation,Drilling,Area X,2023,3,11041.78,bbl,40690.88,mscf
Hassi Messaoud,Refining,Logistics,Area Y,2023,6,48171.66,bbl,75542.91,mscf
In Salah,Marketing,Drilling,Field A,2023,11,43230.35,bbl,39011.24,mscf
Berkine,Refining,Production,Area Y,2023,11,23422.76,bbl,98277.85,mscf
Berkine,Refining,Operations,Area X,2023,11,29285.1,bbl,136073.15,mscf
Berkine,Marketing,Logistics,Block 2,2023,10,48229.18,bbl,106284.43,mscf
Hassi R'Mel,Refining,Production,Block 2,2024,1,28343.89,bbl,185591.11,mscf
Berkine,Transportation,Production,Area X,2025,1,11105.84,bbl,147638.48,mscf
Hassi R'Mel,Exploration & Production,Drilling,Block 1,2022,2,16847.47,bbl,29155.74,mscf
Hassi Messaoud,Exploration & Production,Operations,Area Y,2025,5,17506.77,bbl,127632.68,mscf
Rhourde Nouss,Exploration & Production,Operations,Field B,2025,3,30596.47,bbl,190756.29,mscf
Adrar,Marketing,Operations,Area X,2023,4,35002.6,bbl,71735.84,mscf
In Salah,Refining,Operations,Area X,2022,4,3667.65,bbl,18913.42,mscf
In Salah,Exploration & Production,Production,Field B,2025,11,20824.72,bbl,33968.6,mscf
Hassi Messaoud,Refining,Logistics,Block 2,2022,9,33708.82,bbl,76779.27,mscf
Rhourde Nouss,Transportation,Logistics,Block 1,2022,8,7721.1,bbl,81146.97,mscf
Adrar,Refining,Logistics,Field A,2024,7,32154.28,bbl,191915.37,mscf
Hassi R'Mel,Refining,Production,Area X,2024,6,12596.7,bbl,117285.84,mscf
Illizi,Exploration & Production,Logistics,Area X,2022,8,22041.22,bbl,33448.39,mscf
Rhourde Nouss,Refining,Logistics,Field A,2025,10,3032.14,bbl,23768.36,mscf
Rhourde Nouss,Exploration & Production,Production,Area X,2023,5,40719.31,bbl,75985.59,mscf
In Salah,Transportation,Logistics,Area Y,2024,7,18523.02,bbl,141053.68,mscf
Berkine,Exploration & Production,Logistics,Area Y,2025,6,13382.26,bbl,152258.5,mscf
In Salah,Marketing,Drilling,Area X,2022,9,23817.4,bbl,118092.45,mscf
In Salah,Transportation,Operations,Field A,2022,8,46247.6,bbl,85123.35,mscf
Rhourde Nouss,Marketing,Logistics,Field B,2023,12,27021.89,bbl,194152.34,mscf
Illizi,Refining,Production,Area X,2024,9,25887.0,bbl,52215.69,mscf
Illizi,Exploration & Production,Logistics,Block 2,2022,5,49355.47,bbl,30263.72,mscf
Hassi R'Mel,Marketing,Production,Block 1,2025,10,8875.47,bbl,16913.76,mscf
In Salah,Exploration & Production,Logistics,Block 1,2024,12,39791.33,bbl,42022.93,mscf
Rhourde Nouss,Refining,Logistics,Area Y,2022,5,31511.06,bbl,117331.89,mscf
Berkine,Exploration & Production,Drilling,Field A,2022,1,21104.22,bbl,43026.69,mscf
In Salah,Transportation,Drilling,Area X,2022,6,28020.72,bbl,40182.09,mscf
Berkine,Exploration & Production,Drilling,Block 1,2025,9,36027.0,bbl,147326.33,mscf
Adrar,Marketing,Logistics,Field B,2023,4,19651.64,bbl,107370.25,mscf
Berkine,Marketing,Production,Block 1,2024,7,39861.24,bbl,26461.53,mscf
Rhourde Nouss,Marketing,Operations,Block 1,2025,5,15702.23,bbl,153481.14,mscf
In Salah,Marketing,Production,Field A,2022,4,40908.0,bbl,23047.94,mscf
Rhourde Nouss,Refining,Logistics,Field B,2023,1,21624.13,bbl,60014.86,mscf
Berkine,Marketing,Drilling,Field B,2022,6,1255.79,bbl,177858.22,mscf
Hassi Messaoud,Marketing,Operations,Block 2,2024,6,8162.53,bbl,153517.08,mscf
Hassi R'Mel,Exploration & Production,Logistics,Block 1,2022,8,19157.38,bbl,25234.92,mscf
Hassi R'Mel,Marketing,Operations,Field B,2023,9,37079.58,bbl,51285.08,mscf
Hassi R'Mel,Transportation,Production,Area X,2024,12,26988.25,bbl,153189.76,mscf
Hassi Messaoud,Marketing,Production,Block 2,2024,5,30500.1,bbl,109573.73,mscf
Illizi,Marketing,Logistics,Block 1,2023,12,43405.55,bbl,102052.73,mscf
Hassi R'Mel,Refining,Operations,Block 1,2025,11,1777.46,bbl,176785.28,mscf
In Salah,Transportation,Drilling,Block 2,2024,3,33223.59,bbl,195929.33,mscf
In Salah,Refining,Production,Area X,2023,10,23640.64,bbl,136390.06,mscf
Illizi,Marketing,Production,Block 1,2023,2,13695.2,bbl,90068.91,mscf
Adrar,Transportation,Logistics,Block 2,2022,12,42801.98,bbl,140046.02,mscf
Hassi Messaoud,Transportation,Drilling,Block 2,2022,7,20609.81,bbl,13137.66,mscf
In Salah,Marketing,Operations,Block 1,2024,10,14626.0,bbl,110780.81,mscf
Hassi Messaoud,Refining,Operations,Area X,2023,2,35860.31,bbl,167784.16,mscf
Hassi Messaoud,Exploration & Production,Drilling,Field B,2023,3,32325.74,bbl,110583.77,mscf
Hassi Messaoud,Marketing,Drilling,Field B,2024,7,37461.75,bbl,16865.14,mscf
Hassi Messaoud,Refining,Production,Field B,2024,1,9791.06,bbl,192885.21,mscf
Illizi,Marketing,Production,Field A,2022,7,23224.89,bbl,66984.76,mscf
Hassi Messaoud,Transportation,Production,Field A,2024,11,14352.24,bbl,173704.79,mscf
Adrar,Transportation,Production,Block 1,2025,8,41665.11,bbl,61042.69,mscf
Berkine,Transportation,Production,Block 2,2025,3,8448.15,bbl,81200.59,mscf
Hassi R'Mel,Refining,Production,Area Y,2022,9,33657.4,bbl,22003.65,mscf
Hassi Messaoud,Refining,Drilling,Area X,2022,3,11185.27,bbl,164460.59,mscf
Illizi,Refining,Operations,Field A,2022,11,44033.76,bbl,195180.86,mscf
Illizi,Marketing,Drilling,Block 1,2023,10,36875.92,bbl,27100.85,mscf
Berkine,Refining,Production,Block 1,2025,6,31934.94,bbl,28840.06,mscf
Hassi Messaoud,Exploration & Production,Production,Block 2,2023,11,41642.35,bbl,155854.23,mscf
Hassi Messaoud,Refining,Drilling,Block 2,2024,10,1364.5,bbl,73824.25,mscf
In Salah,Transportation,Logistics,Block 2,2024,7,3227.38,bbl,148183.85,mscf
Berkine,Exploration & Production,Operations,Field B,2022,4,2559.55,bbl,28708.18,mscf
Berkine,Refining,Operations,Block 2,2023,10,38308.93,bbl,13126.56,mscf
In Salah,Refining,Drilling,Block 2,2023,2,39569.67,bbl,111277.51,mscf
Berkine,Transportation,Production,Area X,2023,9,4807.18,bbl,195604.99,mscf
Berkine,Refining,Operations,Area X,2023,5,40927.8,bbl,10646.62,mscf
Illizi,Marketing,Logistics,Area X,2024,6,4092.42,bbl,183045.17,mscf
Adrar,Transportation,Production,Area X,2023,1,29685.87,bbl,135889.88,mscf
Hassi R'Mel,Exploration & Production,Production,Area X,2022,5,16659.13,bbl,155828.54,mscf
Hassi R'Mel,Refining,Production,Block 2,2025,2,1093.49,bbl,50720.08,mscf
Hassi R'Mel,Refining,Production,Block 2,2023,2,40865.27,bbl,128984.67,mscf
Berkine,Marketing,Drilling,Field B,2025,11,18125.88,bbl,117396.46,mscf
Rhourde Nouss,Marketing,Operations,Field B,2025,1,23057.69,bbl,121370.51,mscf
In Salah,Transportation,Logistics,Block 1,2022,8,46070.65,bbl,163425.28,mscf
Adrar,Exploration & Production,Logistics,Block 2,2024,7,44032.6,bbl,159249.66,mscf
Hassi R'Mel,Exploration & Production,Production,Field A,2025,1,6864.57,bbl,86534.34,mscf
Adrar,Marketing,Drilling,Area X,2023,5,3936.03,bbl,102970.91,mscf
Illizi,Transportation,Operations,Area Y,2023,3,46046.29,bbl,112427.33,mscf
Hassi Messaoud,Transportation,Logistics,Field A,2022,5,39657.61,bbl,149343.81,mscf
Berkine,Exploration & Production,Operations,Area Y,2022,10,40276.63,bbl,109085.81,mscf
Rhourde Nouss,Refining,Logistics,Field B,2024,12,39947.78,bbl,162897.74,mscf
Berkine,Exploration & Production,Production,Area Y,2024,10,13805.96,bbl,23033.45,mscf
Hassi R'Mel,Marketing,Operations,Field A,2024,10,18925.26,bbl,116876.32,mscf
Illizi,Marketing,Drilling,Block 2,2024,1,9480.05,bbl,151035.58,mscf
Hassi Messaoud,Transportation,Logistics,Area X,2023,12,30238.3,bbl,180807.4,mscf
Adrar,Marketing,Drilling,Block 1,2025,7,8027.16,bbl,79942.94,mscf
Hassi Messaoud,Marketing,Logistics,Field B,2023,11,8978.58,bbl,19126.31,mscf
Hassi Messaoud,Exploration & Production,Drilling,Block 2,2023,8,1152.49,bbl,45096.37,mscf
Berkine,Exploration & Production,Logistics,Area Y,2023,9,43994.29,bbl,180331.06,mscf
Hassi Messaoud,Refining,Production,Block 1,2023,3,15431.51,bbl,141640.88,mscf
Rhourde Nouss,Refining,Drilling,Block 2,2024,1,11589.8,bbl,114851.05,mscf
In Salah,Exploration & Production,Drilling,Field A,2022,10,5118.47,bbl,168139.5,mscf
In Salah,Transportation,Drilling,Field B,2022,3,41725.41,bbl,140864.7,mscf
Hassi Messaoud,Transportation,Logistics,Block 1,2023,12,23162.58,bbl,40575.66,mscf
In Salah,Transportation,Production,Area Y,2022,4,40430.87,bbl,45424.42,mscf
Adrar,Marketing,Production,Block 2,2025,4,16443.79,bbl,156349.08,mscf
Rhourde Nouss,Marketing,Operations,Field A,2025,4,1579.77,bbl,85120.47,mscf
Illizi,Transportation,Operations,Field B,2025,12,41192.77,bbl,37249.7,mscf
In Salah,Transportation,Drilling,Field B,2022,6,37112.75,bbl,175072.94,mscf
In Salah,Exploration & Production,Production,Block 1,2022,2,42364.29,bbl,20964.05,mscf
Illizi,Refining,Production,Block 1,2022,12,14700.28,bbl,123862.77,mscf
Rhourde Nouss,Transportation,Logistics,Field B,2022,5,39958.55,bbl,163420.17,mscf
Berkine,Marketing,Drilling,Area X,2024,6,25755.44,bbl,40740.12,mscf
Illizi,Marketing,Operations,Field A,2023,3,21885.28,bbl,108167.2,mscf
Berkine,Transportation,Operations,Area Y,2025,6,18678.58,bbl,13803.15,mscf
Adrar,Exploration & Production,Drilling,Area X,2023,5,32727.42,bbl,119182.97,mscf
Berkine,Marketing,Drilling,Area Y,2024,12,35869.98,bbl,180172.0,mscf
Adrar,Marketing,Production,Field B,2024,7,36754.63,bbl,199307.79,mscf
Illizi,Refining,Production,Block 1,2025,11,21741.72,bbl,72444.51,mscf
Hassi Messaoud,Marketing,Production,Area Y,2025,5,24089.86,bbl,55853.13,mscf
Hassi Messaoud,Transportation,Operations,Area X,2022,11,21062.26,bbl,21435.34,mscf
Adrar,Marketing,Production,Area Y,2022,11,14553.87,bbl,196367.59,mscf
Adrar,Refining,Operations,Field B,2024,12,21422.33,bbl,8893.22,mscf
Adrar,Marketing,Drilling,Block 1,2023,11,49469.37,bbl,20103.79,mscf
Hassi Messaoud,Marketing,Operations,Block 2,2025,11,35237.33,bbl,99231.15,mscf
Illizi,Refining,Drilling,Block 2,2022,11,26665.52,bbl,57641.27,mscf
Berkine,Refining,Operations,Area X,2023,2,5488.96,bbl,41378.91,mscf
Adrar,Transportation,Production,Area Y,2023,8,45128.13,bbl,185847.59,mscf
Berkine,Transportation,Operations,Field A,2025,11,26762.55,bbl,196756.61,mscf
In Salah,Exploration & Production,Drilling,Area X,2023,5,10392.75,bbl,172709.45,mscf
Hassi R'Mel,Marketing,Production,Field A,2022,3,5348.87,bbl,31244.73,mscf
In Salah,Exploration & Production,Operations,Block 1,2024,9,6589.4,bbl,122281.19,mscf
Rhourde Nouss,Marketing,Operations,Area Y,2023,10,29968.19,bbl,30195.83,mscf
Rhourde Nouss,Exploration & Production,Logistics,Area X,2025,2,36397.31,bbl,22691.39,mscf
Berkine,Refining,Drilling,Block 1,2023,4,21097.1,bbl,162854.08,mscf
Rhourde Nouss,Marketing,Drilling,Block 2,2025,2,17963.4,bbl,70637.48,mscf
Illizi,Exploration & Production,Production,Field A,2025,2,28947.16,bbl,179063.29,mscf
In Salah,Marketing,Operations,Area X,2024,11,4715.32,bbl,77228.95,mscf
Hassi R'Mel,Exploration & Production,Logistics,Block 2,2024,12,27541.66,bbl,126783.13,mscf
Hassi Messaoud,Transportation,Operations,Block 1,2024,2,26175.05,bbl,129183.33,mscf
Adrar,Exploration & Production,Drilling,Area X,2022,10,24668.78,bbl,115841.25,mscf
Adrar,Exploration & Production,Drilling,Block 2,2025,12,36435.61,bbl,73931.26,mscf
Hassi Messaoud,Exploration & Production,Logistics,Field B,2023,10,10724.67,bbl,28289.48,mscf
In Salah,Refining,Logistics,Area X,2022,12,29991.3,bbl,162078.82,mscf
Illizi,Marketing,Operations,Area Y,2023,4,47685.88,bbl,25122.91,mscf
In Salah,Exploration & Production,Drilling,Field A,2025,3,31018.28,bbl,45263.93,mscf
Hassi R'Mel,Marketing,Logistics,Area X,2025,3,47460.79,bbl,27685.21,mscf
Hassi R'Mel,Exploration & Production,Operations,Area X,2022,1,23764.13,bbl,188783.97,mscf
Illizi,Refining,Logistics,Field B,2022,9,20629.15,bbl,93422.95,mscf
Adrar,Refining,Logistics,Field B,2024,12,28948.79,bbl,91082.18,mscf
Illizi,Transportation,Drilling,Block 2,2025,1,13131.25,bbl,150417.08,mscf
Hassi R'Mel,Transportation,Drilling,Field A,2025,10,44285.2,bbl,177414.29,mscf
In Salah,Exploration & Production,Operations,Block 1,2023,4,21139.74,bbl,174498.19,mscf
Adrar,Refining,Production,Area Y,2025,12,48711.17,bbl,52695.87,mscf
Berkine,Exploration & Production,Drilling,Field A,2023,11,13048.34,bbl,52404.35,mscf
Hassi Messaoud,Exploration & Production,Logistics,Field A,2024,10,38380.21,bbl,19265.71,mscf
Illizi,Exploration & Production,Operations,Block 1,2023,1,14561.9,bbl,83452.45,mscf
In Salah,Refining,Operations,Area X,2025,2,33312.34,bbl,157987.44,mscf
Illizi,Transportation,Logistics,Area X,2022,1,35794.67,bbl,182510.65,mscf
Hassi R'Mel,Marketing,Operations,Block 1,2024,9,47034.77,bbl,134053.4,mscf
Illizi,Marketing,Production,Block 1,2025,12,40397.3,bbl,189836.15,mscf
Adrar,Transportation,Production,Block 2,2025,10,34881.09,bbl,122075.23,mscf
Rhourde Nouss,Refining,Operations,Block 1,2024,9,22048.47,bbl,92844.59,mscf
Adrar,Marketing,Drilling,Area X,2025,9,33176.6,bbl,8608.3,mscf
Rhourde Nouss,Exploration & Production,Drilling,Block 2,2024,8,36301.41,bbl,135593.74,mscf
In Salah,Exploration & Production,Logistics,Field A,2023,9,24588.99,bbl,70513.79,mscf
Hassi R'Mel,Refining,Logistics,Block 2,2023,3,30995.96,bbl,55568.63,mscf
Illizi,Transportation,Production,Field B,2022,12,19282.05,bbl,152750.63,mscf
Berkine,Refining,Production,Field B,2025,3,33658.13,bbl,35500.46,mscf
Berkine,Transportation,Operations,Field B,2025,11,8003.55,bbl,161087.36,mscf
Adrar,Marketing,Operations,Area X,2022,6,1158.01,bbl,44631.71,mscf
In Salah,Refining,Drilling,Area X,2025,9,38665.19,bbl,164574.42,mscf
Rhourde Nouss,Exploration & Production,Drilling,Field A,2024,11,6346.66,bbl,107824.79,mscf
Berkine,Refining,Drilling,Field A,2025,3,38801.29,bbl,177851.32,mscf
Rhourde Nouss,Marketing,Logistics,Block 2,2023,12,7023.94,bbl,147478.08,mscf
In Salah,Marketing,Logistics,Area Y,2022,10,38141.18,bbl,69586.56,mscf
Adrar,Exploration & Production,Production,Block 1,2023,7,39048.47,bbl,44945.77,mscf
Adrar,Marketing,Drilling,Area X,2024,7,1941.01,bbl,88825.95,mscf
Rhourde Nouss,Marketing,Production,Area Y,2025,8,45943.06,bbl,29287.58,mscf
Illizi,Transportation,Production,Block 1,2024,10,2315.23,bbl,34053.45,mscf
Rhourde Nouss,Refining,Production,Field A,2023,9,7075.09,bbl,18181.09,mscf
Hassi Messaoud,Marketing,Production,Field B,2022,9,25528.49,bbl,92555.71,mscf
Hassi Messaoud,Exploration & Production,Drilling,Block 2,2024,9,31931.43,bbl,105818.93,mscf
Adrar,Marketing,Operations,Block 2,2024,5,12546.97,bbl,21472.02,mscf
Illizi,Refining,Production,Area X,2024,3,30650.87,bbl,104190.45,mscf
Berkine,Exploration & Production,Production,Block 1,2025,2,40234.46,bbl,133746.73,mscf
Adrar,Transportation,Logistics,Block 1,2022,12,18872.46,bbl,35219.01,mscf
In Salah,Refining,Logistics,Block 1,2023,4,29403.27,bbl,29551.27,mscf
Adrar,Exploration & Production,Logistics,Block 2,2024,8,22155.34,bbl,5894.18,mscf
Adrar,Marketing,Production,Area Y,2023,6,32710.6,bbl,177578.65,mscf
Illizi,Exploration & Production,Drilling,Block 2,2025,10,25057.89,bbl,172713.44,mscf
Hassi R'Mel,Exploration & Production,Production,Block 2,2024,8,19539.55,bbl,173197.26,mscf
Illizi,Transportation,Production,Area X,2023,5,34030.2,bbl,114428.5,mscf
In Salah,Refining,Operations,Field B,2024,12,30652.67,bbl,69471.57,mscf
Adrar,Transportation,Logistics,Block 1,2025,9,8172.95,bbl,95783.35,mscf
Rhourde Nouss,Marketing,Drilling,Field A,2023,9,38375.1,bbl,111655.61,mscf
Hassi Messaoud,Exploration & Production,Logistics,Field A,2024,12,45433.95,bbl,37205.89,mscf
In Salah,Refining,Logistics,Area X,2023,8,14717.01,bbl,178043.57,mscf
Hassi R'Mel,Exploration & Production,Production,Area X,2022,9,1215.82,bbl,159372.99,mscf
Berkine,Marketing,Logistics,Block 1,2023,12,12536.41,bbl,17939.98,mscf
Illizi,Transportation,Production,Field A,2023,3,4932.78,bbl,129555.13,mscf
In Salah,Marketing,Logistics,Area Y,2025,6,46257.83,bbl,133030.07,mscf
Adrar,Transportation,Operations,Area X,2024,9,35846.62,bbl,192144.29,mscf
Berkine,Exploration & Production,Logistics,Field B,2023,2,42556.4,bbl,179123.33,mscf
Rhourde Nouss,Transportation,Operations,Field A,2023,10,18512.73,bbl,48076.17,mscf
Adrar,Refining,Logistics,Area Y,2023,5,29046.69,bbl,12654.31,mscf
In Salah,Exploration & Production,Drilling,Block 1,2025,10,26683.75,bbl,31583.63,mscf
Rhourde Nouss,Marketing,Drilling,Field B,2024,1,29655.68,bbl,96728.78,mscf
Hassi R'Mel,Refining,Logistics,Field B,2022,4,2227.88,bbl,180750.92,mscf
Illizi,Exploration & Production,Logistics,Area Y,2024,7,48564.58,bbl,72590.81,mscf
Berkine,Transportation,Logistics,Field B,2024,8,3223.21,bbl,14856.24,mscf
Berkine,Transportation,Operations,Field B,2023,7,19821.44,bbl,147360.95,mscf
Hassi R'Mel,Transportation,Operations,Area Y,2025,2,36390.5,bbl,181727.93,mscf
Hassi R'Mel,Transportation,Operations,Block 2,2023,8,11655.74,bbl,41664.04,mscf
Rhourde Nouss,Marketing,Production,Block 1,2023,5,35182.38,bbl,10813.6,mscf
Berkine,Refining,Drilling,Block 2,2024,9,49585.21,bbl,156504.22,mscf
Berkine,Refining,Logistics,Block 1,2025,7,46920.9,bbl,73091.47,mscf
Illizi,Transportation,Production,Area Y,2023,10,14171.32,bbl,176869.86,mscf
Adrar,Refining,Production,Block 1,2024,4,30401.67,bbl,194046.42,mscf
Hassi R'Mel,Exploration & Production,Logistics,Field B,2024,10,21209.04,bbl,184944.87,mscf
Hassi R'Mel,Refining,Drilling,Block 2,2025,10,16156.59,bbl,127405.39,mscf
Adrar,Transportation,Drilling,Field A,2022,6,35045.58,bbl,140877.29,mscf
Adrar,Transportation,Logistics,Block 1,2022,4,1872.18,bbl,17747.88,mscf
Hassi R'Mel,Transportation,Operations,Field A,2022,4,36434.39,bbl,185582.44,mscf
Berkine,Marketing,Logistics,Field B,2023,7,28221.6,bbl,108685.78,mscf
Adrar,Transportation,Drilling,Block 1,2025,2,34410.06,bbl,95134.22,mscf
Berkine,Exploration & Production,Production,Block 2,2024,1,3964.06,bbl,106791.28,mscf
Adrar,Marketing,Production,Field A,2024,11,10038.59,bbl,191112.3,mscf
Hassi Messaoud,Marketing,Production,Block 1,2022,3,34958.94,bbl,140369.02,mscf
In Salah,Exploration & Production,Operations,Area X,2025,1,11628.36,bbl,153444.51,mscf
Illizi,Refining,Drilling,Field A,2022,10,25708.42,bbl,16734.01,mscf
Adrar,Marketing,Operations,Block 2,2023,7,38180.47,bbl,108236.72,mscf
Rhourde Nouss,Refining,Logistics,Field A,2023,12,19069.65,bbl,134175.2,mscf
In Salah,Transportation,Operations,Field B,2025,12,7697.26,bbl,34813.76,mscf
In Salah,Exploration & Production,Production,Area Y,2023,3,41959.31,bbl,159442.0,mscf
Hassi R'Mel,Exploration & Production,Logistics,Field A,2022,6,42596.99,bbl,53418.09,mscf
Illizi,Marketing,Drilling,Block 1,2025,4,11742.81,bbl,111589.77,mscf
Rhourde Nouss,Refining,Production,Field A,2022,3,11524.54,bbl,148854.0,mscf
Berkine,Exploration & Production,Drilling,Area Y,2022,1,8265.96,bbl,16083.27,mscf
In Salah,Marketing,Logistics,Field A,2022,5,9937.8,bbl,169259.78,mscf
Illizi,Marketing,Logistics,Block 1,2023,6,12791.14,bbl,118617.52,mscf
Rhourde Nouss,Exploration & Production,Drilling,Field B,2022,6,20543.24,bbl,9328.24,mscf
In Salah,Refining,Logistics,Block 2,2025,2,46767.77,bbl,37329.46,mscf
In Salah,Transportation,Production,Block 2,2023,3,43646.0,bbl,131567.59,mscf
Hassi Messaoud,Refining,Operations,Field A,2023,2,33569.67,bbl,24666.51,mscf
Hassi R'Mel,Marketing,Production,Field A,2022,12,10619.38,bbl,77043.08,mscf
Hassi R'Mel,Marketing,Logistics,Block 2,2024,6,11004.97,bbl,88748.23,mscf
In Salah,Transportation,Production,Field A,2024,12,39801.6,bbl,116078.15,mscf
Berkine,Transportation,Production,Area X,2022,3,7856.87,bbl,160128.55,mscf
Hassi Messaoud,Exploration & Production,Drilling,Field B,2022,12,21357.07,bbl,8457.39,mscf
Hassi R'Mel,Transportation,Drilling,Block 2,2022,2,26515.19,bbl,40052.25,mscf
Illizi,Refining,Production,Field B,2025,8,29555.53,bbl,198599.78,mscf
Berkine,Transportation,Operations,Block 1,2024,9,43872.16,bbl,5970.66,mscf
Rhourde Nouss,Transportation,Logistics,Block 1,2025,5,43355.69,bbl,167568.92,mscf
Berkine,Refining,Production,Block 1,2022,10,39753.66,bbl,33253.89,mscf
In Salah,Marketing,Logistics,Block 1,2023,4,41193.03,bbl,42319.15,mscf
Berkine,Marketing,Production,Area X,2025,3,42939.75,bbl,159097.57,mscf
Rhourde Nouss,Marketing,Production,Field A,2023,5,25807.13,bbl,75163.74,mscf
Rhourde Nouss,Marketing,Operations,Block 2,2022,1,28034.33,bbl,146838.54,mscf
Hassi R'Mel,Marketing,Production,Field A,2022,2,4745.66,bbl,25221.12,mscf
Illizi,Refining,Operations,Block 1,2024,1,41446.57,bbl,28714.52,mscf
Berkine,Transportation,Operations,Field A,2023,7,15862.88,bbl,140651.1,mscf
Hassi R'Mel,Marketing,Logistics,Field B,2023,11,11784.84,bbl,58659.55,mscf
In Salah,Refining,Production,Block 1,2023,5,46820.82,bbl,8377.25,mscf
Illizi,Exploration & Production,Operations,Block 1,2025,2,46632.85,bbl,44271.43,mscf
Rhourde Nouss,Marketing,Drilling,Field A,2024,1,11180.07,bbl,89153.5,mscf
Hassi Messaoud,Exploration & Production,Logistics,Block 1,2022,11,48485.24,bbl,38474.36,mscf
In Salah,Refining,Operations,Area X,2023,1,14464.9,bbl,12554.61,mscf
Hassi Messaoud,Refining,Logistics,Field B,2025,2,30934.25,bbl,7045.82,mscf
Adrar,Marketing,Logistics,Block 1,2024,1,43743.24,bbl,122967.56,mscf
Illizi,Exploration & Production,Production,Area X,2024,10,4274.05,bbl,79488.04,mscf
In Salah,Marketing,Logistics,Block 1,2022,12,14374.15,bbl,168086.39,mscf
In Salah,Marketing,Operations,Area X,2025,4,28106.66,bbl,126180.61,mscf
Rhourde Nouss,Exploration & Production,Production,Block 2,2022,9,23179.48,bbl,196403.32,mscf
Hassi R'Mel,Marketing,Production,Area Y,2025,7,40364.71,bbl,50662.4,mscf
Berkine,Exploration & Production,Drilling,Area X,2025,4,44490.89,bbl,77184.48,mscf
Hassi Messaoud,Exploration & Production,Production,Area Y,2024,1,31486.95,bbl,81536.02,mscf
Illizi,Exploration & Production,Logistics,Field B,2025,2,10858.61,bbl,133731.33,mscf
Adrar,Transportation,Production,Block 1,2025,6,2710.21,bbl,188020.64,mscf
Hassi Messaoud,Exploration & Production,Operations,Block 1,2022,12,43961.82,bbl,156850.06,mscf
In Salah,Exploration & Production,Operations,Block 1,2023,2,10118.36,bbl,89314.98,mscf
Rhourde Nouss,Exploration & Production,Logistics,Field B,2022,2,12201.63,bbl,81767.35,mscf
Berkine,Refining,Operations,Block 2,2024,4,42015.79,bbl,12279.88,mscf
Hassi Messaoud,Exploration & Production,Drilling,Area X,2023,1,15196.22,bbl,16542.14,mscf
Hassi Messaoud,Marketing,Drilling,Field A,2022,1,27377.33,bbl,43494.51,mscf
In Salah,Exploration & Production,Drilling,Block 1,2022,4,34051.53,bbl,67043.62,mscf
Adrar,Exploration & Production,Production,Block 1,2025,7,45147.26,bbl,101185.06,mscf
In Salah,Exploration & Production,Logistics,Area Y,2022,1,33720.42,bbl,155579.52,mscf
Berkine,Exploration & Production,Drilling,Area X,2023,5,13473.78,bbl,28006.38,mscf
In Salah,Refining,Logistics,Area X,2022,7,8063.04,bbl,71277.1,mscf
In Salah,Marketing,Operations,Field B,2024,1,47761.87,bbl,75250.86,mscf
Illizi,Exploration & Production,Operations,Area Y,2023,6,16144.27,bbl,192703.31,mscf
Hassi R'Mel,Transportation,Production,Area Y,2022,3,22603.24,bbl,46093.49,mscf
Hassi R'Mel,Transportation,Operations,Area Y,2023,5,10762.75,bbl,11549.7,mscf
Hassi R'Mel,Refining,Production,Field B,2022,3,16006.02,bbl,80113.19,mscf
Hassi Messaoud,Refining,Logistics,Block 1,2022,8,8357.97,bbl,51376.26,mscf
Hassi R'Mel,Marketing,Logistics,Area Y,2023,2,41916.0,bbl,182895.57,mscf
Rhourde Nouss,Transportation,Production,Field B,2022,10,20775.37,bbl,46341.84,mscf
Hassi Messaoud,Marketing,Logistics,Field A,2023,9,13063.43,bbl,172250.92,mscf
Hassi R'Mel,Refining,Operations,Area Y,2024,9,38494.26,bbl,151066.13,mscf
Berkine,Transportation,Production,Block 1,2022,4,24398.96,bbl,63361.24,mscf
Adrar,Transportation,Operations,Field B,2022,4,47081.43,bbl,60830.48,mscf
Hassi R'Mel,Refining,Operations,Block 2,2025,3,14214.19,bbl,49193.93,mscf
In Salah,Refining,Production,Block 2,2022,8,13356.44,bbl,32252.25,mscf
Hassi R'Mel,Refining,Production,Field B,2025,1,12647.75,bbl,64854.66,mscf
Berkine,Exploration & Production,Drilling,Block 1,2025,7,47351.53,bbl,6202.25,mscf
Adrar,Marketing,Logistics,Field A,2023,11,39281.23,bbl,79392.96,mscf
Berkine,Transportation,Logistics,Field A,2025,1,7765.34,bbl,73099.76,mscf
Adrar,Exploration & Production,Operations,Block 1,2023,8,11908.38,bbl,122423.24,mscf
Berkine,Refining,Operations,Block 2,2023,11,31448.77,bbl,12055.15,mscf
Hassi Messaoud,Exploration & Production,Logistics,Field B,2024,2,40528.5,bbl,144782.5,mscf
Illizi,Exploration & Production,Operations,Field B,2024,12,30449.99,bbl,180797.79,mscf
In Salah,Transportation,Operations,Area Y,2022,8,43611.32,bbl,118522.87,mscf
Illizi,Transportation,Operations,Block 1,2024,9,32556.01,bbl,136559.97,mscf
In Salah,Exploration & Production,Drilling,Area X,2023,3,37326.04,bbl,173750.14,mscf
Rhourde Nouss,Marketing,Operations,Field B,2022,4,17333.12,bbl,69468.19,mscf
Berkine,Transportation,Production,Field B,2022,5,5315.26,bbl,6735.4,mscf
Adrar,Marketing,Production,Area Y,2023,11,41342.44,bbl,141824.01,mscf
Hassi R'Mel,Marketing,Operations,Field A,2023,5,36240.12,bbl,104860.35,mscf
In Salah,Refining,Production,Field A,2023,3,25408.29,bbl,30136.34,mscf
Rhourde Nouss,Marketing,Operations,Block 1,2023,7,48064.95,bbl,195189.0,mscf
Berkine,Transportation,Operations,Area Y,2023,11,42287.51,bbl,138463.73,mscf
Rhourde Nouss,Marketing,Production,Area X,2025,11,16022.43,bbl,29627.84,mscf
Illizi,Exploration & Production,Production,Area X,2025,3,21557.85,bbl,115735.42,mscf
Illizi,Refining,Logistics,Area Y,2024,8,26222.17,bbl,78316.58,mscf
Hassi Messaoud,Transportation,Drilling,Field A,2022,9,38720.58,bbl,66381.64,mscf
Rhourde Nouss,Marketing,Logistics,Block 1,2025,6,42926.5,bbl,102633.86,mscf
Hassi R'Mel,Exploration & Production,Logistics,Block 2,2022,4,48056.46,bbl,111954.19,mscf
Hassi R'Mel,Transportation,Logistics,Block 2,2024,4,12382.5,bbl,117139.98,mscf
Illizi,Exploration & Production,Operations,Area X,2022,5,23522.71,bbl,117072.77,mscf
Hassi R'Mel,Marketing,Logistics,Field B,2022,12,44359.97,bbl,69385.9,mscf
Hassi Messaoud,Transportation,Production,Block 1,2023,6,20392.72,bbl,8140.95,mscf
Adrar,Exploration & Production,Production,Area Y,2024,1,6550.91,bbl,158735.99,mscf
In Salah,Exploration & Production,Production,Block 2,2023,2,10381.6,bbl,85469.58,mscf
Berkine,Marketing,Drilling,Field A,2023,2,26231.5,bbl,158959.45,mscf
Rhourde Nouss,Refining,Drilling,Field A,2024,1,47983.06,bbl,174736.74,mscf
Berkine,Exploration & Production,Logistics,Area X,2022,7,5836.79,bbl,159289.44,mscf
In Salah,Exploration & Production,Logistics,Area Y,2025,6,25003.92,bbl,24893.68,mscf
Illizi,Exploration & Production,Production,Block 1,2023,3,7694.99,bbl,165431.46,mscf
Berkine,Refining,Drilling,Area Y,2024,1,48813.5,bbl,59747.89,mscf
In Salah,Exploration & Production,Operations,Area X,2025,10,34109.3,bbl,176718.18,mscf
Adrar,Marketing,Production,Field B,2025,8,15183.11,bbl,36858.93,mscf
In Salah,Exploration & Production,Drilling,Block 2,2023,11,32649.16,bbl,180969.17,mscf
Illizi,Refining,Production,Field A,2024,10,31658.27,bbl,80054.59,mscf
Berkine,Transportation,Production,Block 2,2023,7,32696.99,bbl,175113.71,mscf
In Salah,Marketing,Production,Area X,2022,6,33388.54,bbl,52582.28,mscf
Rhourde Nouss,Transportation,Logistics,Block 2,2024,11,19963.11,bbl,7344.03,mscf
In Salah,Exploration & Production,Production,Field B,2024,9,22727.51,bbl,30848.02,mscf
Rhourde Nouss,Transportation,Production,Field B,2025,5,36834.04,bbl,78015.34,mscf
Rhourde Nouss,Refining,Drilling,Field B,2025,2,44331.8,bbl,161793.6,mscf
Rhourde Nouss,Marketing,Production,Area Y,2022,10,27864.04,bbl,189143.22,mscf
Hassi R'Mel,Marketing,Logistics,Block 1,2022,3,45265.82,bbl,156732.67,mscf
Rhourde Nouss,Transportation,Operations,Field B,2024,11,19101.81,bbl,165010.48,mscf
Adrar,Refining,Operations,Block 1,2022,4,39732.78,bbl,96220.95,mscf
Hassi Messaoud,Marketing,Drilling,Block 1,2024,5,15745.61,bbl,97998.65,mscf
In Salah,Exploration & Production,Drilling,Block 2,2024,1,23278.65,bbl,26399.57,mscf
Hassi R'Mel,Refining,Operations,Field A,2022,12,28326.32,bbl,50240.26,mscf
Hassi Messaoud,Transportation,Logistics,Field A,2023,11,15510.4,bbl,141151.11,mscf
Hassi R'Mel,Transportation,Drilling,Field A,2024,10,16557.63,bbl,190848.42,mscf
Hassi Messaoud,Marketing,Drilling,Field A,2024,5,9862.09,bbl,49487.72,mscf
Hassi Messaoud,Refining,Operations,Area Y,2023,3,5171.7,bbl,196730.68,mscf
Hassi R'Mel,Refining,Logistics,Block 2,2022,4,27779.88,bbl,78698.53,mscf
Rhourde Nouss,Exploration & Production,Production,Block 1,2024,3,18570.69,bbl,74868.53,mscf
Hassi Messaoud,Marketing,Drilling,Block 2,2022,3,1226.21,bbl,141061.23,mscf
Illizi,Marketing,Operations,Area X,2025,9,12034.98,bbl,138667.88,mscf
In Salah,Exploration & Production,Drilling,Field A,2022,7,2069.38,bbl,124511.8,mscf
Adrar,Refining,Drilling,Block 2,2024,3,37686.22,bbl,87239.0,mscf
Illizi,Exploration & Production,Operations,Block 1,2022,7,1887.31,bbl,85932.6,mscf
Illizi,Marketing,Logistics,Area X,2023,6,29552.8,bbl,130680.86,mscf
Hassi Messaoud,Transportation,Operations,Field B,2025,10,42324.35,bbl,16122.84,mscf
Hassi Messaoud,Exploration & Production,Operations,Block 1,2022,3,18548.94,bbl,145997.67,mscf
Rhourde Nouss,Marketing,Production,Area Y,2023,7,27298.99,bbl,125725.92,mscf
In Salah,Refining,Logistics,Area X,2024,1,12060.08,bbl,178899.14,mscf
Hassi R'Mel,Exploration & Production,Drilling,Field A,2025,1,45224.29,bbl,187875.4,mscf
Adrar,Transportation,Drilling,Field B,2025,6,39587.6,bbl,40361.8,mscf
In Salah,Transportation,Logistics,Area X,2023,9,4911.2,bbl,183043.71,mscf
In Salah,Refining,Drilling,Area X,2025,6,26138.54,bbl,119735.59,mscf
Adrar,Exploration & Production,Production,Area X,2025,11,35865.44,bbl,85477.31,mscf
In Salah,Transportation,Drilling,Field A,2024,5,3618.27,bbl,199716.76,mscf
In Salah,Transportation,Operations,Area Y,2024,7,21707.15,bbl,135372.5,mscf
Adrar,Refining,Logistics,Block 2,2023,7,19107.45,bbl,152547.13,mscf
Illizi,Marketing,Production,Field A,2024,7,35590.63,bbl,139835.98,mscf
Berkine,Transportation,Drilling,Field A,2024,6,1803.39,bbl,38875.49,mscf
Illizi,Transportation,Operations,Block 1,2024,7,14987.79,bbl,105488.62,mscf
Hassi Messaoud,Transportation,Production,Block 2,2023,10,42728.21,bbl,85707.23,mscf
Berkine,Refining,Drilling,Block 2,2023,5,41187.88,bbl,162114.48,mscf
Hassi Messaoud,Transportation,Production,Field B,2023,2,3430.66,bbl,118247.41,mscf
Rhourde Nouss,Marketing,Drilling,Field A,2025,11,5733.08,bbl,178641.41,mscf
Hassi Messaoud,Transportation,Operations,Field B,2025,8,8717.8,bbl,91719.05,mscf
Berkine,Marketing,Drilling,Area X,2022,3,19129.77,bbl,151463.56,mscf
Illizi,Exploration & Production,Logistics,Block 1,2023,7,20327.89,bbl,110758.92,mscf
In Salah,Refining,Drilling,Field A,2023,3,24689.54,bbl,172224.16,mscf
Illizi,Transportation,Operations,Field A,2024,10,41845.89,bbl,164891.58,mscf
Hassi Messaoud,Transportation,Logistics,Field B,2025,12,42208.63,bbl,69493.08,mscf
In Salah,Exploration & Production,Drilling,Field B,2022,12,16348.75,bbl,45544.56,mscf
Rhourde Nouss,Exploration & Production,Logistics,Block 2,2024,10,29349.17,bbl,72773.31,mscf
Illizi,Refining,Logistics,Field B,2022,10,38028.03,bbl,89084.57,mscf
Berkine,Refining,Drilling,Area Y,2025,2,17435.62,bbl,90982.78,mscf
Rhourde Nouss,Marketing,Production,Block 1,2022,8,3067.45,bbl,83051.28,mscf
Hassi Messaoud,Exploration & Production,Logistics,Field B,2022,7,20625.9,bbl,170747.74,mscf
Adrar,Marketing,Logistics,Area X,2023,11,23835.18,bbl,147245.33,mscf
Berkine,Refining,Production,Area Y,2025,4,17912.86,bbl,135797.05,mscf
Hassi Messaoud,Refining,Logistics,Area Y,2022,10,43477.86,bbl,43477.99,mscf
In Salah,Refining,Logistics,Area Y,2022,1,27160.67,bbl,90775.09,mscf
In Salah,Refining,Operations,Block 1,2023,6,39422.49,bbl,136746.57,mscf
Illizi,Refining,Production,Block 1,2022,2,13797.09,bbl,93018.71,mscf
Berkine,Transportation,Operations,Area Y,2025,5,22381.97,bbl,121804.91,mscf
In Salah,Exploration & Production,Production,Block 2,2025,4,3638.55,bbl,56437.57,mscf
Hassi R'Mel,Exploration & Production,Logistics,Block 1,2025,11,3324.64,bbl,20826.8,mscf
Adrar,Transportation,Operations,Area X,2022,6,23048.53,bbl,113451.14,mscf
Adrar,Exploration & Production,Operations,Field A,2024,11,40610.83,bbl,34587.58,mscf
Rhourde Nouss,Transportation,Operations,Block 1,2024,11,18186.0,bbl,143471.16,mscf
Berkine,Transportation,Logistics,Area Y,2022,11,11084.43,bbl,192623.83,mscf
Berkine,Exploration & Production,Logistics,Block 2,2022,7,47995.98,bbl,140124.89,mscf
Hassi R'Mel,Refining,Logistics,Area X,2022,11,34468.91,bbl,106108.34,mscf
In Salah,Transportation,Drilling,Area X,2022,9,11663.69,bbl,73309.03,mscf
Berkine,Exploration & Production,Logistics,Block 1,2024,8,1585.96,bbl,31593.77,mscf
Berkine,Marketing,Production,Field B,2023,4,3783.83,bbl,175838.04,mscf
In Salah,Transportation,Logistics,Field B,2025,11,30251.89,bbl,151684.61,mscf
Berkine,Transportation,Logistics,Area X,2023,11,26258.04,bbl,10854.32,mscf
Hassi R'Mel,Exploration & Production,Drilling,Area X,2023,7,12337.46,bbl,163658.38,mscf
In Salah,Exploration & Production,Logistics,Area X,2022,4,17177.9,bbl,5707.85,mscf
Adrar,Marketing,Logistics,Field B,2025,9,5145.55,bbl,116385.67,mscf
Illizi,Exploration & Production,Production,Area Y,2025,11,35368.89,bbl,195914.96,mscf
Illizi,Refining,Production,Field B,2023,7,48091.31,bbl,82785.31,mscf
Illizi,Refining,Drilling,Field A,2024,5,49605.64,bbl,120311.61,mscf
Hassi R'Mel,Marketing,Logistics,Field B,2025,3,36458.35,bbl,179241.7,mscf
Hassi R'Mel,Exploration & Production,Operations,Area Y,2023,2,1473.55,bbl,33180.92,mscf
Illizi,Marketing,Logistics,Field B,2024,3,43443.49,bbl,162693.46,mscf
Hassi R'Mel,Marketing,Operations,Block 2,2023,7,34321.09,bbl,73353.25,mscf
Hassi R'Mel,Exploration & Production,Logistics,Field B,2025,8,47689.33,bbl,16129.61,mscf
Illizi,Refining,Operations,Area Y,2024,7,22885.48,bbl,59209.68,mscf
Berkine,Marketing,Production,Area X,2023,4,11666.59,bbl,23304.09,mscf
Illizi,Exploration & Production,Production,Block 1,2022,7,26955.45,bbl,55233.15,mscf
Berkine,Exploration & Production,Drilling,Area Y,2023,7,47706.3,bbl,92486.1,mscf
Illizi,Marketing,Logistics,Block 2,2023,4,10273.46,bbl,131533.84,mscf
Hassi R'Mel,Transportation,Logistics,Field A,2022,1,44370.19,bbl,106548.67,mscf
Hassi Messaoud,Marketing,Production,Block 2,2025,11,13559.3,bbl,185325.41,mscf
In Salah,Transportation,Production,Area X,2022,8,5389.54,bbl,6063.48,mscf
Rhourde Nouss,Exploration & Production,Operations,Area Y,2025,11,14718.26,bbl,199202.52,mscf
Berkine,Exploration & Production,Logistics,Area X,2025,3,10899.9,bbl,131769.13,mscf
In Salah,Refining,Logistics,Field B,2025,9,41137.15,bbl,26319.75,mscf
Hassi Messaoud,Refining,Drilling,Area X,2025,3,30832.77,bbl,92124.26,mscf
Adrar,Refining,Operations,Area Y,2023,8,18408.29,bbl,57412.28,mscf
Illizi,Marketing,Logistics,Area Y,2022,6,13547.8,bbl,151939.72,mscf
Berkine,Exploration & Production,Logistics,Area Y,2022,5,48654.76,bbl,112999.74,mscf
Hassi Messaoud,Transportation,Logistics,Area Y,2025,2,47486.8,bbl,191992.62,mscf
Rhourde Nouss,Marketing,Operations,Area Y,2025,4,16990.35,bbl,72996.82,mscf
Hassi Messaoud,Exploration & Production,Logistics,Area X,2024,6,45738.76,bbl,133262.02,mscf
Rhourde Nouss,Marketing,Drilling,Area X,2022,8,27091.18,bbl,33829.06,mscf
Illizi,Marketing,Logistics,Block 2,2025,2,49676.92,bbl,152995.3,mscf
Hassi R'Mel,Exploration & Production,Drilling,Area Y,2025,9,38840.09,bbl,158162.04,mscf
Berkine,Refining,Logistics,Area Y,2022,3,20467.95,bbl,161109.81,mscf
Illizi,Exploration & Production,Drilling,Field B,2023,7,35062.42,bbl,150380.42,mscf
Hassi Messaoud,Marketing,Operations,Field A,2024,5,47283.86,bbl,58329.83,mscf
Hassi R'Mel,Marketing,Logistics,Area X,2025,3,23889.56,bbl,140177.68,mscf
Berkine,Transportation,Production,Block 2,2023,9,22909.48,bbl,188796.9,mscf
Rhourde Nouss,Exploration & Production,Drilling,Field A,2024,4,24747.93,bbl,115735.96,mscf
Berkine,Refining,Drilling,Block 2,2023,10,36020.46,bbl,107575.78,mscf
Hassi Messaoud,Marketing,Production,Area Y,2025,4,24711.93,bbl,98300.6,mscf
Hassi R'Mel,Refining,Production,Block 2,2025,6,18017.75,bbl,17501.28,mscf
Adrar,Marketing,Drilling,Field A,2022,6,18440.96,bbl,184046.99,mscf
Hassi Messaoud,Transportation,Production,Area X,2023,8,16383.04,bbl,163153.14,mscf
Hassi Messaoud,Marketing,Drilling,Area X,2024,7,2201.57,bbl,104042.24,mscf
Illizi,Transportation,Production,Area X,2022,3,30040.0,bbl,135437.85,mscf
Illizi,Exploration & Production,Production,Block 1,2022,9,9973.4,bbl,66577.08,mscf
Adrar,Transportation,Logistics,Block 1,2022,1,30799.6,bbl,64717.63,mscf
Berkine,Transportation,Operations,Area X,2023,11,47762.06,bbl,42977.25,mscf
Rhourde Nouss,Transportation,Drilling,Field A,2023,3,30193.9,bbl,10472.09,mscf
Adrar,Exploration & Production,Production,Area X,2025,2,46766.06,bbl,63185.48,mscf
Berkine,Marketing,Logistics,Field B,2022,10,21694.25,bbl,54125.02,mscf
Adrar,Exploration & Production,Operations,Field B,2025,3,28991.19,bbl,183539.9,mscf
Illizi,Refining,Drilling,Block 1,2025,5,45536.84,bbl,64452.43,mscf
Berkine,Refining,Drilling,Block 1,2025,3,13667.36,bbl,137314.32,mscf
Rhourde Nouss,Refining,Production,Block 1,2022,3,3751.18,bbl,82913.41,mscf
Rhourde Nouss,Refining,Production,Block 1,2023,4,35368.33,bbl,100639.03,mscf
In Salah,Transportation,Drilling,Block 2,2023,6,13875.06,bbl,128162.95,mscf
Adrar,Exploration & Production,Production,Block 2,2024,8,27822.5,bbl,167042.6,mscf
Rhourde Nouss,Exploration & Production,Logistics,Area Y,2024,4,6673.21,bbl,31065.0,mscf
Illizi,Refining,Production,Block 2,2025,4,15578.61,bbl,183837.75,mscf
Hassi Messaoud,Refining,Drilling,Block 2,2024,4,2206.22,bbl,141318.57,mscf
Illizi,Exploration & Production,Operations,Block 1,2025,11,47570.75,bbl,173422.27,mscf
Berkine,Marketing,Drilling,Block 2,2023,12,4822.51,bbl,74736.1,mscf
Berkine,Marketing,Logistics,Field B,2025,7,46044.3,bbl,63191.63,mscf
In Salah,Marketing,Production,Area Y,2023,12,6405.9,bbl,171222.85,mscf
Illizi,Exploration & Production,Operations,Field B,2022,5,34320.59,bbl,134316.95,mscf
Hassi R'Mel,Transportation,Drilling,Field B,2025,7,19158.14,bbl,99950.46,mscf
Hassi R'Mel,Marketing,Operations,Field B,2024,5,20664.57,bbl,176818.81,mscf
Hassi R'Mel,Refining,Operations,Area X,2024,8,33326.58,bbl,68313.76,mscf
Illizi,Transportation,Drilling,Block 2,2025,10,17625.18,bbl,39628.75,mscf
Berkine,Marketing,Operations,Area Y,2025,10,18929.65,bbl,144172.63,mscf
Hassi R'Mel,Refining,Drilling,Field B,2023,7,44641.16,bbl,58168.51,mscf
Rhourde Nouss,Exploration & Production,Drilling,Field A,2023,1,14565.21,bbl,177170.62,mscf
Berkine,Marketing,Operations,Field A,2024,1,24105.02,bbl,73863.56,mscf
Hassi Messaoud,Marketing,Logistics,Area Y,2024,9,19895.33,bbl,166563.23,mscf
Hassi Messaoud,Transportation,Operations,Block 2,2022,5,9820.71,bbl,67288.05,mscf
Rhourde Nouss,Refining,Production,Block 1,2023,12,17072.93,bbl,104886.44,mscf
Illizi,Marketing,Logistics,Area X,2022,10,18876.54,bbl,24081.6,mscf
Illizi,Marketing,Logistics,Field A,2022,11,10580.71,bbl,131784.88,mscf
Rhourde Nouss,Refining,Drilling,Field A,2025,1,31653.66,bbl,122299.6,mscf
Berkine,Exploration & Production,Production,Block 1,2024,6,9717.79,bbl,98714.51,mscf
Rhourde Nouss,Exploration & Production,Drilling,Area Y,2023,2,17246.13,bbl,156412.28,mscf
Berkine,Marketing,Drilling,Block 1,2024,5,22474.68,bbl,166784.39,mscf
Berkine,Marketing,Operations,Area Y,2024,11,30272.86,bbl,52552.46,mscf
In Salah,Transportation,Logistics,Block 2,2024,6,7794.35,bbl,170239.09,mscf
Adrar,Transportation,Production,Block 1,2024,1,19631.49,bbl,72100.97,mscf
Berkine,Marketing,Operations,Field B,2023,2,4106.8,bbl,26572.01,mscf
Berkine,Exploration & Production,Production,Area X,2022,3,26761.68,bbl,68955.02,mscf
Adrar,Transportation,Logistics,Block 2,2023,7,47117.75,bbl,8794.23,mscf
Illizi,Marketing,Logistics,Block 1,2022,12,14056.4,bbl,9851.89,mscf
Illizi,Exploration & Production,Production,Block 2,2024,2,42749.46,bbl,91442.65,mscf
Berkine,Transportation,Operations,Area Y,2025,3,3662.55,bbl,88544.57,mscf
Hassi Messaoud,Marketing,Drilling,Field B,2024,2,10226.34,bbl,22722.36,mscf
In Salah,Exploration & Production,Production,Field B,2022,9,46084.71,bbl,96448.89,mscf
Illizi,Exploration & Production,Logistics,Field A,2022,3,24158.67,bbl,43706.69,mscf
Hassi Messaoud,Refining,Operations,Area X,2022,5,28285.11,bbl,46809.04,mscf
In Salah,Marketing,Drilling,Block 1,2023,5,30853.39,bbl,81762.67,mscf
In Salah,Refining,Production,Area Y,2024,6,21723.93,bbl,50315.77,mscf
Rhourde Nouss,Marketing,Logistics,Block 2,2025,6,7627.05,bbl,48786.68,mscf
Illizi,Exploration & Production,Operations,Area X,2025,12,48455.58,bbl,45677.24,mscf
Adrar,Exploration & Production,Production,Area X,2024,11,23508.74,bbl,169511.51,mscf
Adrar,Marketing,Drilling,Area X,2025,11,36601.69,bbl,133790.26,mscf
Hassi Messaoud,Transportation,Drilling,Block 1,2024,2,31947.39,bbl,178990.38,mscf
Hassi Messaoud,Transportation,Production,Field B,2022,12,48810.22,bbl,99937.31,mscf
Rhourde Nouss,Marketing,Drilling,Field B,2023,6,4490.27,bbl,79591.33,mscf
Berkine,Exploration & Production,Production,Block 1,2025,12,23284.53,bbl,117889.81,mscf
Rhourde Nouss,Marketing,Operations,Field A,2024,12,2452.29,bbl,117427.49,mscf
Illizi,Marketing,Production,Field A,2025,11,10070.15,bbl,79046.46,mscf
Rhourde Nouss,Transportation,Drilling,Field B,2022,1,40685.76,bbl,48259.82,mscf
In Salah,Exploration & Production,Production,Area X,2025,12,47145.57,bbl,68843.27,mscf
Hassi R'Mel,Exploration & Production,Drilling,Area X,2024,10,14044.3,bbl,88813.79,mscf
Hassi R'Mel,Marketing,Drilling,Field A,2025,3,42622.34,bbl,13686.43,mscf
Hassi R'Mel,Refining,Logistics,Field A,2025,8,36474.35,bbl,52760.44,mscf
Berkine,Exploration & Production,Logistics,Area Y,2024,2,48875.95,bbl,44743.75,mscf
In Salah,Transportation,Production,Area Y,2023,9,22251.57,bbl,185489.46,mscf
Hassi Messaoud,Exploration & Production,Production,Field A,2023,11,9836.41,bbl,40469.33,mscf
Illizi,Exploration & Production,Operations,Area Y,2023,7,33831.26,bbl,142164.24,mscf
Illizi,Marketing,Operations,Block 2,2022,9,24666.58,bbl,39006.92,mscf
Hassi R'Mel,Refining,Drilling,Block 2,2025,6,7293.05,bbl,162300.28,mscf
Rhourde Nouss,Transportation,Operations,Block 1,2023,1,29465.34,bbl,159999.03,mscf
Berkine,Transportation,Operations,Field B,2022,4,10980.35,bbl,75062.04,mscf
Hassi R'Mel,Marketing,Production,Area Y,2024,1,45290.99,bbl,172542.64,mscf
Adrar,Transportation,Drilling,Field B,2022,3,19746.35,bbl,154724.07,mscf
Illizi,Marketing,Logistics,Area Y,2025,9,2311.01,bbl,152521.78,mscf
Hassi R'Mel,Exploration & Production,Logistics,Field A,2024,5,18499.82,bbl,120055.82,mscf
Hassi Messaoud,Refining,Logistics,Area Y,2023,7,19517.56,bbl,26877.23,mscf
In Salah,Refining,Drilling,Field B,2022,2,9650.31,bbl,185908.85,mscf
Hassi Messaoud,Exploration & Production,Logistics,Area Y,2024,7,28233.4,bbl,82082.07,mscf
Illizi,Refining,Drilling,Block 2,2022,11,37994.73,bbl,61813.39,mscf
Adrar,Transportation,Production,Field A,2023,8,21238.07,bbl,58997.05,mscf
Illizi,Exploration & Production,Production,Field B,2025,7,37197.21,bbl,130332.42,mscf
Hassi Messaoud,Marketing,Drilling,Area X,2023,4,15066.32,bbl,74278.14,mscf
Rhourde Nouss,Exploration & Production,Operations,Block 1,2022,5,20608.06,bbl,104361.75,mscf
Illizi,Exploration & Production,Logistics,Area Y,2024,4,39400.2,bbl,9285.29,mscf
Adrar,Refining,Drilling,Area X,2025,11,39662.8,bbl,149090.51,mscf
Hassi Messaoud,Marketing,Drilling,Area Y,2024,7,13473.43,bbl,134041.19,mscf
Hassi R'Mel,Transportation,Drilling,Block 1,2022,6,10371.04,bbl,83423.34,mscf
Berkine,Exploration & Production,Logistics,Field A,2024,4,8471.35,bbl,44725.41,mscf
Illizi,Transportation,Operations,Area Y,2022,11,45277.07,bbl,137893.8,mscf
Berkine,Refining,Logistics,Area Y,2023,6,33782.71,bbl,148581.01,mscf
Hassi R'Mel,Refining,Logistics,Field A,2022,12,45636.83,bbl,40972.79,mscf
Adrar,Refining,Logistics,Block 1,2022,2,32469.62,bbl,161127.61,mscf
Hassi Messaoud,Exploration & Production,Production,Block 1,2024,12,1852.12,bbl,87535.9,mscf
In Salah,Exploration & Production,Drilling,Block 1,2023,1,41434.87,bbl,85948.41,mscf
In Salah,Refining,Production,Field A,2025,2,32170.37,bbl,167303.01,mscf
Hassi R'Mel,Refining,Logistics,Block 2,2025,3,49431.55,bbl,18203.41,mscf
Illizi,Transportation,Production,Field B,2024,1,32553.5,bbl,102634.78,mscf
Berkine,Transportation,Operations,Area Y,2025,6,24334.89,bbl,168813.95,mscf
Adrar,Refining,Operations,Block 1,2022,4,30104.79,bbl,129722.16,mscf
Adrar,Exploration & Production,Operations,Area X,2023,8,14457.51,bbl,139092.14,mscf
Rhourde Nouss,Marketing,Production,Area Y,2024,10,21051.4,bbl,108916.85,mscf
Illizi,Exploration & Production,Drilling,Field B,2023,11,22237.0,bbl,184729.45,mscf
Hassi Messaoud,Transportation,Logistics,Field B,2023,4,23130.61,bbl,112674.33,mscf
Berkine,Refining,Operations,Area X,2022,7,44984.42,bbl,24917.64,mscf
Adrar,Transportation,Drilling,Area Y,2024,2,40168.66,bbl,129055.3,mscf
Illizi,Marketing,Logistics,Field B,2024,10,21838.12,bbl,157488.26,mscf
Adrar,Exploration & Production,Drilling,Block 2,2022,9,42098.56,bbl,140935.63,mscf
In Salah,Transportation,Operations,Block 2,2023,4,26566.51,bbl,100277.83,mscf
Hassi R'Mel,Refining,Logistics,Field A,2023,7,17650.07,bbl,11222.75,mscf
Illizi,Refining,Logistics,Block 1,2024,12,47921.39,bbl,61827.58,mscf
In Salah,Refining,Production,Field A,2022,8,39622.05,bbl,12427.41,mscf
Adrar,Transportation,Operations,Area X,2022,2,38953.72,bbl,171538.45,mscf
Berkine,Transportation,Operations,Field A,2025,12,4336.06,bbl,148190.91,mscf
Rhourde Nouss,Exploration & Production,Drilling,Area Y,2023,10,37618.05,bbl,151820.28,mscf
Adrar,Exploration & Production,Operations,Block 2,2022,10,11826.48,bbl,179735.75,mscf
Hassi Messaoud,Marketing,Drilling,Area X,2024,12,3123.53,bbl,99799.71,mscf
Hassi R'Mel,Refining,Logistics,Field B,2025,9,16614.59,bbl,162441.92,mscf
In Salah,Exploration & Production,Logistics,Block 1,2022,12,16936.54,bbl,126004.9,mscf
In Salah,Exploration & Production,Production,Field A,2022,9,24604.15,bbl,49434.29,mscf
Berkine,Marketing,Operations,Block 1,2022,1,4391.44,bbl,125461.43,mscf
Rhourde Nouss,Marketing,Logistics,Block 1,2025,6,47674.25,bbl,49599.75,mscf
Rhourde Nouss,Refining,Production,Area X,2024,4,37134.71,bbl,149417.78,mscf
Hassi Messaoud,Transportation,Drilling,Field A,2022,5,38293.8,bbl,154645.9,mscf
In Salah,Marketing,Production,Block 1,2024,12,10410.43,bbl,125687.21,mscf
Hassi R'Mel,Marketing,Drilling,Area X,2025,8,36151.37,bbl,104270.9,mscf
Adrar,Exploration & Production,Operations,Field B,2023,6,22783.92,bbl,28821.53,mscf
Illizi,Marketing,Logistics,Area Y,2022,8,26626.03,bbl,88028.34,mscf
Berkine,Marketing,Drilling,Block 2,2025,1,42795.41,bbl,196418.12,mscf
Adrar,Marketing,Drilling,Block 1,2023,10,28090.81,bbl,81484.75,mscf
Hassi R'Mel,Refining,Logistics,Area Y,2024,6,29642.25,bbl,15750.46,mscf
Rhourde Nouss,Exploration & Production,Production,Area Y,2024,12,11540.69,bbl,47826.03,mscf
Rhourde Nouss,Refining,Operations,Area X,2023,6,33556.12,bbl,189783.01,mscf
Hassi R'Mel,Transportation,Drilling,Block 2,2023,8,40382.95,bbl,13566.95,mscf
Berkine,Refining,Drilling,Block 2,2024,6,23439.35,bbl,127533.52,mscf
Hassi Messaoud,Refining,Logistics,Block 2,2024,1,26066.77,bbl,157355.04,mscf
Berkine,Exploration & Production,Drilling,Block 2,2024,2,29795.59,bbl,120939.28,mscf
Rhourde Nouss,Refining,Drilling,Block 2,2024,5,41593.63,bbl,46160.17,mscf
In Salah,Exploration & Production,Logistics,Block 1,2025,1,7063.35,bbl,195964.06,mscf
Hassi Messaoud,Refining,Drilling,Field B,2024,1,2794.83,bbl,17558.98,mscf
Berkine,Refining,Production,Area X,2022,8,21771.66,bbl,185278.11,mscf
Hassi R'Mel,Transportation,Logistics,Field A,2024,8,40326.62,bbl,10645.13,mscf
Adrar,Transportation,Drilling,Area Y,2024,7,29456.09,bbl,179060.67,mscf
Berkine,Refining,Drilling,Area Y,2024,11,43798.21,bbl,68126.07,mscf
In Salah,Transportation,Production,Field B,2025,11,49494.82,bbl,39793.36,mscf
Adrar,Refining,Drilling,Field B,2025,8,4996.13,bbl,43169.62,mscf
In Salah,Transportation,Drilling,Block 2,2025,2,32592.22,bbl,115774.28,mscf
Hassi R'Mel,Transportation,Drilling,Area X,2024,7,1714.51,bbl,28817.91,mscf
Berkine,Marketing,Drilling,Field A,2024,5,10024.17,bbl,129877.07,mscf
Hassi Messaoud,Marketing,Production,Area Y,2025,12,19988.72,bbl,190183.97,mscf
Adrar,Exploration & Production,Operations,Block 2,2022,2,40621.95,bbl,144117.19,mscf
Illizi,Exploration & Production,Logistics,Area Y,2023,2,45461.04,bbl,52255.44,mscf
Berkine,Marketing,Logistics,Field A,2022,12,49272.53,bbl,170036.45,mscf
Hassi Messaoud,Marketing,Production,Field A,2022,8,28951.73,bbl,159208.72,mscf
Hassi R'Mel,Transportation,Logistics,Block 1,2022,6,17322.95,bbl,38445.68,mscf
In Salah,Refining,Production,Block 2,2022,3,47329.84,bbl,138978.99,mscf
Berkine,Exploration & Production,Logistics,Area Y,2024,11,17140.21,bbl,118351.78,mscf
Adrar,Refining,Production,Block 2,2024,10,6301.71,bbl,106626.73,mscf
In Salah,Transportation,Operations,Block 2,2025,10,11473.98,bbl,124016.11,mscf
Hassi R'Mel,Refining,Logistics,Field B,2022,6,20164.92,bbl,155067.28,mscf
Adrar,Refining,Drilling,Block 2,2023,6,28507.42,bbl,167717.63,mscf
Hassi Messaoud,Transportation,Operations,Field A,2025,10,18185.4,bbl,117468.17,mscf
Illizi,Exploration & Production,Production,Area Y,2023,2,37080.92,bbl,41725.48,mscf
Berkine,Exploration & Production,Production,Field A,2022,8,17489.42,bbl,101801.76,mscf
In Salah,Exploration & Production,Operations,Block 1,2025,1,45844.02,bbl,142400.91,mscf
Hassi R'Mel,Marketing,Logistics,Block 1,2024,5,15214.69,bbl,125189.22,mscf
Illizi,Transportation,Drilling,Area X,2022,8,2915.48,bbl,187896.67,mscf
Hassi Messaoud,Transportation,Drilling,Area Y,2025,7,7544.89,bbl,47227.5,mscf
In Salah,Refining,Logistics,Block 1,2022,1,22339.79,bbl,150302.0,mscf
Illizi,Transportation,Production,Block 1,2022,11,1385.59,bbl,19977.03,mscf
Berkine,Refining,Production,Area Y,2024,8,9548.54,bbl,67705.69,mscf
Hassi R'Mel,Transportation,Drilling,Field B,2024,5,1462.14,bbl,188567.77,mscf
In Salah,Marketing,Drilling,Area X,2022,11,32471.96,bbl,51355.45,mscf
Rhourde Nouss,Refining,Operations,Area X,2022,4,31587.46,bbl,45380.74,mscf
Hassi Messaoud,Marketing,Logistics,Field B,2025,8,11975.49,bbl,149557.9,mscf
Hassi R'Mel,Marketing,Logistics,Block 2,2023,7,34965.56,bbl,65122.5,mscf
Rhourde Nouss,Transportation,Operations,Area X,2025,6,22812.23,bbl,70420.23,mscf
Hassi Messaoud,Refining,Operations,Area X,2022,12,16862.33,bbl,22411.36,mscf
Berkine,Marketing,Logistics,Area Y,2025,3,19969.26,bbl,105567.92,mscf
Rhourde Nouss,Exploration & Production,Logistics,Field B,2024,12,15356.93,bbl,165103.6,mscf
Hassi Messaoud,Exploration & Production,Operations,Field B,2022,1,17054.32,bbl,144537.13,mscf
Hassi R'Mel,Exploration & Production,Logistics,Block 1,2022,9,21556.29,bbl,86733.73,mscf
Rhourde Nouss,Exploration & Production,Production,Field A,2024,12,20334.09,bbl,112793.58,mscf
In Salah,Marketing,Operations,Area Y,2024,12,13565.38,bbl,58734.22,mscf
Illizi,Marketing,Operations,Block 2,2023,2,5590.09,bbl,141785.86,mscf
Rhourde Nouss,Exploration & Production,Operations,Field A,2023,12,10245.1,bbl,123466.08,mscf
Illizi,Refining,Logistics,Block 2,2025,10,14051.84,bbl,83207.16,mscf
Hassi Messaoud,Exploration & Production,Operations,Block 2,2024,4,20930.38,bbl,137551.6,mscf
In Salah,Transportation,Operations,Block 1,2024,9,6020.64,bbl,140910.86,mscf
Berkine,Transportation,Logistics,Field B,2024,12,16789.9,bbl,168841.06,mscf
Rhourde Nouss,Exploration & Production,Logistics,Field A,2024,4,26593.64,bbl,172551.02,mscf
Berkine,Refining,Drilling,Field B,2024,4,43483.57,bbl,142388.73,mscf
Hassi Messaoud,Refining,Operations,Field A,2025,2,19877.41,bbl,127812.75,mscf
In Salah,Refining,Drilling,Area X,2023,2,47543.24,bbl,185998.95,mscf
Hassi R'Mel,Marketing,Operations,Field B,2022,7,32236.29,bbl,98977.01,mscf
In Salah,Exploration & Production,Operations,Field A,2024,4,44333.51,bbl,140338.28,mscf
Hassi R'Mel,Marketing,Logistics,Block 2,2024,4,38015.1,bbl,109333.01,mscf
Berkine,Transportation,Drilling,Field A,2024,11,7813.27,bbl,133945.65,mscf
Hassi Messaoud,Refining,Production,Block 2,2023,12,5212.73,bbl,17928.64,mscf
Hassi Messaoud,Refining,Drilling,Field B,2024,2,21800.99,bbl,89979.97,mscf
Hassi Messaoud,Transportation,Logistics,Field A,2025,5,9769.95,bbl,8500.8,mscf
Adrar,Transportation,Drilling,Area X,2024,8,15452.52,bbl,57411.26,mscf
Illizi,Exploration & Production,Operations,Field B,2023,9,13139.67,bbl,77707.96,mscf
Hassi R'Mel,Refining,Production,Block 2,2022,3,9537.78,bbl,184597.09,mscf
Illizi,Marketing,Logistics,Area Y,2022,9,31179.22,bbl,11229.49,mscf
Hassi R'Mel,Marketing,Operations,Block 2,2024,2,42568.19,bbl,179908.53,mscf
Illizi,Refining,Production,Field B,2023,4,34553.37,bbl,197412.06,mscf
Berkine,Refining,Production,Block 2,2022,7,19594.34,bbl,168718.32,mscf
Berkine,Exploration & Production,Logistics,Area Y,2025,6,19464.47,bbl,35744.55,mscf
In Salah,Exploration & Production,Operations,Field B,2023,5,40617.3,bbl,28803.68,mscf
Rhourde Nouss,Transportation,Production,Field B,2024,6,1036.66,bbl,117062.63,mscf
In Salah,Transportation,Drilling,Area Y,2023,8,43098.6,bbl,86002.29,mscf
Berkine,Marketing,Production,Area Y,2024,8,47404.38,bbl,175027.39,mscf
Hassi Messaoud,Refining,Production,Block 1,2023,12,13486.81,bbl,181347.29,mscf
Illizi,Marketing,Logistics,Field B,2025,5,37683.9,bbl,66047.81,mscf
Hassi Messaoud,Exploration & Production,Operations,Field A,2022,6,39726.11,bbl,21346.5,mscf
Hassi Messaoud,Exploration & Production,Operations,Area X,2025,4,33455.4,bbl,52371.27,mscf
Berkine,Marketing,Production,Block 1,2022,10,4037.43,bbl,6063.48,mscf
Berkine,Marketing,Logistics,Area Y,2023,4,24562.3,bbl,64467.32,mscf
In Salah,Marketing,Logistics,Field A,2024,7,16900.93,bbl,68871.33,mscf
Adrar,Transportation,Production,Field A,2022,9,36879.56,bbl,162816.84,mscf
Illizi,Marketing,Operations,Block 1,2023,3,46072.87,bbl,91201.42,mscf
Hassi Messaoud,Refining,Drilling,Field A,2024,11,22601.49,bbl,188346.39,mscf
Hassi Messaoud,Refining,Logistics,Field A,2023,9,38822.58,bbl,143256.38,mscf
Hassi Messaoud,Transportation,Operations,Area Y,2022,10,25564.65,bbl,27580.12,mscf
Adrar,Exploration & Production,Production,Area X,2023,11,35507.26,bbl,187343.24,mscf
Adrar,Refining,Production,Area Y,2023,7,44554.56,bbl,131095.11,mscf
Berkine,Marketing,Drilling,Block 2,2025,9,19134.84,bbl,16359.4,mscf
Hassi R'Mel,Marketing,Logistics,Block 1,2025,8,11938.59,bbl,27390.97,mscf
Hassi R'Mel,Marketing,Production,Block 2,2025,3,10014.17,bbl,71012.82,mscf
Hassi R'Mel,Exploration & Production,Logistics,Field B,2024,1,38049.31,bbl,74499.32,mscf
Hassi R'Mel,Exploration & Production,Logistics,Block 1,2022,4,39066.75,bbl,43052.4,mscf
Hassi R'Mel,Refining,Operations,Area Y,2025,10,31269.02,bbl,198104.64,mscf
Berkine,Exploration & Production,Drilling,Area X,2025,11,46789.63,bbl,51931.0,mscf
Illizi,Refining,Drilling,Block 1,2023,9,15844.82,bbl,11356.49,mscf
Illizi,Refining,Production,Block 2,2023,7,37351.32,bbl,72040.62,mscf
In Salah,Refining,Logistics,Block 1,2025,10,14027.01,bbl,94314.08,mscf
Hassi R'Mel,Marketing,Operations,Block 2,2023,9,1708.75,bbl,139866.13,mscf
Adrar,Refining,Logistics,Field B,2023,12,7870.15,bbl,101693.0,mscf
In Salah,Refining,Operations,Block 1,2022,6,4238.36,bbl,92967.75,mscf
Hassi Messaoud,Exploration & Production,Production,Area X,2024,6,12625.31,bbl,157759.7,mscf
In Salah,Transportation,Drilling,Area X,2025,5,35226.54,bbl,72894.23,mscf
Illizi,Refining,Operations,Area X,2025,8,11469.1,bbl,166274.96,mscf
Hassi Messaoud,Marketing,Production,Field B,2025,8,12756.0,bbl,17949.62,mscf
Adrar,Exploration & Production,Logistics,Field B,2024,8,39847.77,bbl,119532.7,mscf
Illizi,Transportation,Operations,Block 2,2022,2,6307.49,bbl,149759.41,mscf
Illizi,Transportation,Logistics,Area Y,2025,6,7592.82,bbl,153884.26,mscf
Hassi R'Mel,Transportation,Drilling,Area X,2023,1,3021.13,bbl,25631.04,mscf
Rhourde Nouss,Refining,Drilling,Block 2,2023,9,2336.88,bbl,80790.55,mscf
Adrar,Marketing,Operations,Field B,2025,8,27940.68,bbl,32845.55,mscf
Hassi R'Mel,Exploration & Production,Operations,Area Y,2024,7,7827.62,bbl,140579.05,mscf
In Salah,Marketing,Drilling,Area X,2023,4,37730.46,bbl,105014.4,mscf
Rhourde Nouss,Refining,Production,Area Y,2024,1,27379.91,bbl,6278.02,mscf
Berkine,Exploration & Production,Operations,Area Y,2025,3,15775.83,bbl,135034.63,mscf
Rhourde Nouss,Exploration & Production,Logistics,Block 1,2023,4,3593.14,bbl,69082.27,mscf
Hassi R'Mel,Transportation,Logistics,Block 1,2023,3,13333.16,bbl,47462.16,mscf
Adrar,Marketing,Operations,Field A,2022,10,4577.03,bbl,69633.17,mscf
In Salah,Marketing,Production,Block 1,2022,11,29195.24,bbl,182557.45,mscf
Adrar,Marketing,Logistics,Block 1,2025,3,23133.85,bbl,14541.79,mscf
Hassi R'Mel,Refining,Operations,Area Y,2025,7,40204.3,bbl,112500.81,mscf
Hassi R'Mel,Refining,Logistics,Block 1,2023,12,9291.14,bbl,147739.18,mscf
Illizi,Exploration & Production,Production,Block 1,2024,1,14397.61,bbl,14280.44,mscf
Illizi,Exploration & Production,Production,Area Y,2025,5,1767.6,bbl,107369.14,mscf
Hassi R'Mel,Transportation,Production,Block 2,2023,5,14251.48,bbl,19851.34,mscf
Rhourde Nouss,Marketing,Operations,Area Y,2023,12,47545.65,bbl,110779.07,mscf
In Salah,Exploration & Production,Drilling,Block 1,2023,9,37670.57,bbl,21220.58,mscf
Berkine,Transportation,Logistics,Field B,2025,4,23548.83,bbl,66677.42,mscf
In Salah,Transportation,Operations,Area X,2024,7,25388.06,bbl,180925.04,mscf
In Salah,Exploration & Production,Logistics,Block 1,2025,8,45875.61,bbl,58417.77,mscf
In Salah,Transportation,Production,Area Y,2024,7,40795.93,bbl,42628.77,mscf
Illizi,Transportation,Drilling,Area Y,2024,11,31410.24,bbl,188804.39,mscf
Rhourde Nouss,Marketing,Operations,Area Y,2024,2,47009.98,bbl,19128.86,mscf
Hassi Messaoud,Transportation,Logistics,Block 2,2023,1,37612.43,bbl,102249.24,mscf
Hassi R'Mel,Transportation,Production,Field A,2024,10,18324.59,bbl,49441.99,mscf
Berkine,Exploration & Production,Production,Block 2,2024,12,11673.56,bbl,102901.33,mscf
Hassi R'Mel,Marketing,Logistics,Area X,2023,10,16330.68,bbl,124817.45,mscf
Rhourde Nouss,Marketing,Operations,Area Y,2024,1,11251.62,bbl,95019.71,mscf
Hassi Messaoud,Refining,Drilling,Area X,2025,7,26994.21,bbl,73765.93,mscf
Adrar,Exploration & Production,Logistics,Area X,2024,3,49651.14,bbl,133275.44,mscf
Hassi R'Mel,Exploration & Production,Drilling,Block 1,2025,3,48244.66,bbl,70930.85,mscf
Hassi Messaoud,Transportation,Logistics,Field B,2023,12,28235.49,bbl,187655.58,mscf
Adrar,Refining,Operations,Field A,2022,10,9343.08,bbl,30051.58,mscf
Hassi R'Mel,Refining,Drilling,Area Y,2024,4,3691.75,bbl,38382.99,mscf
Adrar,Marketing,Logistics,Block 2,2025,7,33150.87,bbl,32208.25,mscf
Illizi,Refining,Operations,Block 1,2024,2,26008.74,bbl,172374.37,mscf
Hassi R'Mel,Marketing,Operations,Field A,2022,9,8591.04,bbl,18577.96,mscf
Illizi,Transportation,Operations,Field A,2025,3,32342.05,bbl,136352.41,mscf
In Salah,Exploration & Production,Operations,Block 2,2025,2,28507.66,bbl,122001.54,mscf
Hassi R'Mel,Refining,Production,Field A,2025,5,6944.96,bbl,73871.45,mscf
Rhourde Nouss,Exploration & Production,Operations,Block 2,2023,4,30163.25,bbl,159051.84,mscf
In Salah,Transportation,Operations,Block 1,2024,5,48099.55,bbl,93661.09,mscf
Adrar,Exploration & Production,Operations,Block 1,2022,2,8171.75,bbl,62503.22,mscf
Illizi,Transportation,Production,Field A,2023,7,2374.31,bbl,63592.93,mscf
Illizi,Refining,Operations,Area Y,2025,11,37564.72,bbl,52701.31,mscf
Illizi,Exploration & Production,Logistics,Field A,2025,5,36187.4,bbl,43370.63,mscf
Illizi,Exploration & Production,Operations,Area Y,2025,9,42060.88,bbl,76138.43,mscf
Hassi R'Mel,Marketing,Logistics,Field B,2024,11,22464.98,bbl,172681.8,mscf
Rhourde Nouss,Refining,Logistics,Field A,2025,2,32189.71,bbl,18206.06,mscf
In Salah,Refining,Logistics,Block 1,2023,6,35529.81,bbl,152200.29,mscf
Rhourde Nouss,Exploration & Production,Drilling,Block 2,2024,11,28649.03,bbl,128041.99,mscf
In Salah,Marketing,Operations,Block 2,2025,8,24763.58,bbl,50055.05,mscf
Rhourde Nouss,Transportation,Production,Area X,2024,5,46580.11,bbl,188397.99,mscf
Hassi R'Mel,Marketing,Operations,Area Y,2025,12,27460.96,bbl,176667.38,mscf
Berkine,Transportation,Production,Block 2,2023,4,6281.26,bbl,131023.42,mscf
Adrar,Marketing,Logistics,Field A,2022,11,45012.55,bbl,21715.48,mscf
Berkine,Exploration & Production,Logistics,Block 1,2025,4,3778.85,bbl,164670.5,mscf
Adrar,Exploration & Production,Logistics,Block 2,2023,12,25420.44,bbl,47841.34,mscf
Hassi R'Mel,Transportation,Production,Area X,2025,7,27054.7,bbl,121540.34,mscf
Berkine,Exploration & Production,Production,Field B,2024,9,35982.05,bbl,23231.49,mscf
Hassi R'Mel,Refining,Operations,Field A,2023,1,21570.66,bbl,46895.42,mscf
Berkine,Exploration & Production,Production,Field B,2024,7,14322.3,bbl,16720.64,mscf
Illizi,Transportation,Drilling,Block 1,2022,9,27137.8,bbl,192984.43,mscf
Hassi R'Mel,Marketing,Logistics,Area X,2023,11,10413.53,bbl,15857.04,mscf
Hassi Messaoud,Transportation,Drilling,Field A,2022,9,19250.41,bbl,22383.35,mscf
Berkine,Refining,Drilling,Block 2,2022,12,24859.64,bbl,21002.24,mscf
Berkine,Transportation,Operations,Field A,2023,5,12856.29,bbl,187829.23,mscf
Adrar,Marketing,Production,Block 2,2025,7,21796.86,bbl,67547.5,mscf
Berkine,Marketing,Production,Field B,2022,3,40409.93,bbl,196138.47,mscf
Berkine,Transportation,Logistics,Field A,2022,12,7127.41,bbl,159002.23,mscf
In Salah,Marketing,Logistics,Block 2,2023,5,46695.65,bbl,181171.52,mscf
Hassi Messaoud,Transportation,Production,Field A,2025,1,33041.85,bbl,126859.25,mscf
Hassi Messaoud,Transportation,Drilling,Block 1,2024,9,15315.52,bbl,13171.81,mscf
Berkine,Transportation,Operations,Field B,2022,11,18473.11,bbl,41265.46,mscf
Hassi R'Mel,Exploration & Production,Production,Field A,2025,7,12192.39,bbl,7447.07,mscf
Illizi,Transportation,Production,Block 1,2023,1,2498.61,bbl,30081.52,mscf
Illizi,Exploration & Production,Drilling,Block 1,2025,10,6952.4,bbl,78405.68,mscf
Rhourde Nouss,Transportation,Logistics,Block 1,2023,8,41562.18,bbl,64366.06,mscf
Berkine,Refining,Production,Area X,2023,1,26304.18,bbl,43173.7,mscf
In Salah,Exploration & Production,Drilling,Area Y,2023,6,7482.35,bbl,142018.3,mscf
Rhourde Nouss,Refining,Drilling,Field B,2023,8,15651.27,bbl,124668.28,mscf
Illizi,Refining,Drilling,Area Y,2025,1,36913.54,bbl,186001.44,mscf
Hassi Messaoud,Transportation,Drilling,Field B,2025,6,48981.65,bbl,191263.7,mscf
In Salah,Transportation,Drilling,Field A,2025,4,46205.2,bbl,63318.24,mscf
In Salah,Transportation,Drilling,Block 2,2024,4,13028.75,bbl,197264.06,mscf
Rhourde Nouss,Exploration & Production,Drilling,Area X,2025,7,13512.71,bbl,141297.68,mscf
Hassi R'Mel,Refining,Logistics,Block 2,2022,2,25537.45,bbl,21481.53,mscf
Adrar,Exploration & Production,Logistics,Area X,2022,5,36287.82,bbl,149037.64,mscf
Illizi,Transportation,Production,Area X,2023,4,10451.32,bbl,55266.93,mscf
Hassi Messaoud,Transportation,Operations,Field A,2024,8,17266.26,bbl,21193.34,mscf
Illizi,Refining,Operations,Field B,2022,5,10441.36,bbl,14007.65,mscf
In Salah,Refining,Production,Block 2,2022,10,8680.77,bbl,107669.87,mscf
Rhourde Nouss,Exploration & Production,Production,Block 2,2023,12,21896.54,bbl,130707.73,mscf
Adrar,Refining,Operations,Block 2,2023,7,43335.2,bbl,73123.43,mscf
Hassi R'Mel,Marketing,Operations,Block 2,2022,10,5241.81,bbl,121405.21,mscf
Adrar,Exploration & Production,Drilling,Field A,2023,2,6128.91,bbl,57502.26,mscf
In Salah,Transportation,Production,Area X,2023,4,36260.64,bbl,76672.06,mscf
Adrar,Refining,Production,Area X,2024,3,48930.28,bbl,87805.86,mscf
Berkine,Exploration & Production,Production,Field B,2022,1,45896.39,bbl,53405.86,mscf
Rhourde Nouss,Marketing,Logistics,Block 1,2024,12,20636.65,bbl,22679.45,mscf
Hassi Messaoud,Refining,Logistics,Block 2,2023,12,42185.72,bbl,61189.37,mscf
Berkine,Marketing,Drilling,Block 2,2024,3,27269.63,bbl,98877.56,mscf
In Salah,Refining,Drilling,Block 1,2024,8,38856.14,bbl,39118.66,mscf
Hassi Messaoud,Refining,Production,Field B,2023,8,23015.59,bbl,82426.14,mscf
Adrar,Exploration & Production,Operations,Field A,2025,8,41916.97,bbl,55761.5,mscf
In Salah,Marketing,Operations,Block 2,2025,4,33564.36,bbl,164660.47,mscf
Berkine,Transportation,Drilling,Field A,2022,1,44644.63,bbl,135219.1,mscf
Hassi Messaoud,Refining,Operations,Field A,2022,8,15553.9,bbl,9519.67,mscf
Berkine,Transportation,Drilling,Field A,2022,4,41157.15,bbl,165432.57,mscf
Hassi R'Mel,Exploration & Production,Drilling,Field B,2023,2,33458.6,bbl,193268.98,mscf
Hassi Messaoud,Marketing,Drilling,Area X,2023,2,31971.49,bbl,132108.33,mscf
Hassi Messaoud,Transportation,Drilling,Block 2,2023,11,12060.22,bbl,181948.36,mscf
Hassi R'Mel,Exploration & Production,Production,Area X,2025,3,31736.62,bbl,76042.36,mscf
Adrar,Exploration & Production,Logistics,Block 2,2023,8,19314.85,bbl,77815.28,mscf
Rhourde Nouss,Exploration & Production,Drilling,Block 2,2023,12,33844.56,bbl,26319.92,mscf
Rhourde Nouss,Marketing,Operations,Block 2,2025,4,32580.54,bbl,195986.44,mscf
Hassi Messaoud,Marketing,Drilling,Area X,2022,3,35498.64,bbl,61125.14,mscf
Illizi,Transportation,Production,Block 2,2023,7,19741.62,bbl,69248.61,mscf
In Salah,Transportation,Operations,Area Y,2023,10,34876.06,bbl,99387.61,mscf
Berkine,Refining,Operations,Area Y,2025,8,11559.44,bbl,178995.08,mscf
Illizi,Marketing,Drilling,Block 2,2025,12,48268.14,bbl,150480.32,mscf
Hassi R'Mel,Exploration & Production,Drilling,Block 2,2025,6,3354.25,bbl,26662.43,mscf
Hassi R'Mel,Marketing,Operations,Area Y,2023,10,35086.18,bbl,164226.4,mscf
Illizi,Marketing,Logistics,Block 1,2024,9,9808.61,bbl,9801.8,mscf
Hassi Messaoud,Marketing,Operations,Area Y,2025,8,12076.66,bbl,91608.72,mscf
Illizi,Exploration & Production,Operations,Area X,2022,3,5519.04,bbl,131133.09,mscf
Adrar,Marketing,Operations,Field B,2023,3,2950.78,bbl,41541.55,mscf
Illizi,Refining,Logistics,Block 2,2023,9,6898.58,bbl,67699.52,mscf
Hassi Messaoud,Exploration & Production,Drilling,Block 1,2023,10,37061.59,bbl,96287.54,mscf
Rhourde Nouss,Refining,Operations,Field B,2025,3,40481.9,bbl,5407.37,mscf
Adrar,Refining,Drilling,Field A,2025,3,9086.73,bbl,36584.14,mscf
Rhourde Nouss,Refining,Operations,Block 1,2022,5,23800.68,bbl,193282.71,mscf
Hassi R'Mel,Transportation,Production,Field A,2023,2,34824.31,bbl,150881.99,mscf
Hassi R'Mel,Transportation,Operations,Field B,2025,12,1895.45,bbl,26078.67,mscf
In Salah,Refining,Production,Area X,2025,9,41955.26,bbl,49230.36,mscf
Hassi R'Mel,Marketing,Logistics,Field B,2022,7,9549.14,bbl,117777.35,mscf
In Salah,Transportation,Production,Block 2,2023,11,18233.04,bbl,126109.81,mscf
Rhourde Nouss,Marketing,Drilling,Block 1,2023,6,38000.04,bbl,119725.7,mscf
Hassi R'Mel,Exploration & Production,Production,Block 1,2022,12,7358.92,bbl,114289.62,mscf
Hassi R'Mel,Refining,Drilling,Field A,2023,1,6363.38,bbl,37047.15,mscf
Hassi R'Mel,Refining,Logistics,Area X,2025,11,1399.09,bbl,196934.63,mscf
Berkine,Refining,Production,Area Y,2025,11,14688.04,bbl,19908.29,mscf
Illizi,Exploration & Production,Operations,Field B,2023,11,39487.46,bbl,42278.01,mscf
Berkine,Transportation,Drilling,Area X,2022,7,30250.23,bbl,134481.06,mscf
Hassi Messaoud,Marketing,Logistics,Block 1,2024,1,9122.83,bbl,75127.85,mscf
Hassi R'Mel,Transportation,Drilling,Area X,2022,8,28380.95,bbl,54259.34,mscf
Hassi Messaoud,Marketing,Production,Block 1,2023,12,21773.09,bbl,186488.52,mscf
Berkine,Refining,Production,Block 2,2024,9,48816.33,bbl,5519.76,mscf
In Salah,Transportation,Drilling,Block 1,2023,11,45246.71,bbl,53463.45,mscf
Berkine,Exploration & Production,Logistics,Field B,2025,10,6892.28,bbl,168066.45,mscf
Berkine,Exploration & Production,Logistics,Block 1,2022,6,35771.63,bbl,54264.0,mscf
Illizi,Transportation,Production,Area Y,2023,6,6410.38,bbl,94482.34,mscf
Illizi,Exploration & Production,Operations,Block 1,2025,9,19845.63,bbl,148031.03,mscf
In Salah,Marketing,Drilling,Block 2,2024,9,39491.29,bbl,163134.65,mscf
Adrar,Transportation,Logistics,Area X,2024,11,46933.98,bbl,34211.49,mscf
Berkine,Marketing,Logistics,Block 1,2022,4,14066.71,bbl,31679.33,mscf
Rhourde Nouss,Exploration & Production,Logistics,Area Y,2022,1,21421.62,bbl,44984.77,mscf
Illizi,Exploration & Production,Logistics,Block 1,2024,10,36489.48,bbl,164310.39,mscf
In Salah,Marketing,Logistics,Block 1,2022,1,4895.79,bbl,17167.61,mscf
Hassi Messaoud,Marketing,Logistics,Field A,2022,5,4546.19,bbl,144697.13,mscf
In Salah,Transportation,Production,Block 2,2025,11,46348.14,bbl,93033.09,mscf
Illizi,Marketing,Drilling,Area X,2023,8,40651.18,bbl,197280.62,mscf
In Salah,Exploration & Production,Logistics,Field B,2025,11,30874.67,bbl,137239.51,mscf
Berkine,Exploration & Production,Logistics,Field A,2022,3,48744.08,bbl,33127.12,mscf
Berkine,Marketing,Production,Field A,2022,10,1273.1,bbl,91744.11,mscf
Berkine,Transportation,Drilling,Area Y,2025,4,29019.02,bbl,136324.53,mscf
Adrar,Refining,Drilling,Field B,2023,7,44801.76,bbl,155587.78,mscf
In Salah,Refining,Production,Area X,2022,6,4210.6,bbl,82547.19,mscf
In Salah,Marketing,Drilling,Field B,2022,4,28395.7,bbl,23486.53,mscf
Adrar,Marketing,Operations,Field B,2023,9,18193.86,bbl,160259.61,mscf
Berkine,Transportation,Logistics,Block 2,2022,8,5558.71,bbl,118740.69,mscf
In Salah,Refining,Production,Area X,2022,5,36207.89,bbl,124465.98,mscf
Hassi R'Mel,Marketing,Drilling,Field B,2024,1,17838.26,bbl,50099.59,mscf
Hassi R'Mel,Marketing,Production,Area X,2023,9,32330.98,bbl,75826.19,mscf
Hassi Messaoud,Transportation,Drilling,Field A,2023,2,1704.28,bbl,110120.38,mscf
Hassi Messaoud,Exploration & Production,Production,Field B,2022,2,45006.81,bbl,34627.01,mscf
Illizi,Refining,Production,Field A,2025,1,48467.92,bbl,42554.7,mscf
Berkine,Refining,Logistics,Block 1,2024,1,34186.84,bbl,32053.26,mscf
In Salah,Refining,Production,Field A,2022,1,27197.82,bbl,136442.29,mscf
Illizi,Transportation,Drilling,Field B,2024,10,22811.34,bbl,13958.97,mscf
Adrar,Marketing,Operations,Field B,2022,7,6795.7,bbl,51341.82,mscf
Berkine,Refining,Drilling,Block 2,2025,10,15997.88,bbl,79755.82,mscf
In Salah,Marketing,Logistics,Block 2,2023,4,29182.11,bbl,51386.38,mscf
Adrar,Marketing,Production,Block 2,2025,5,4707.22,bbl,28399.45,mscf
Berkine,Exploration & Production,Drilling,Field A,2022,8,10751.75,bbl,108007.28,mscf
Rhourde Nouss,Exploration & Production,Logistics,Area X,2023,5,23253.48,bbl,149661.51,mscf
Berkine,Exploration & Production,Logistics,Area Y,2024,6,12868.09,bbl,79067.6,mscf
Adrar,Transportation,Operations,Field B,2023,4,6830.6,bbl,123389.46,mscf
Rhourde Nouss,Refining,Operations,Area Y,2025,2,24900.61,bbl,157404.01,mscf
Hassi R'Mel,Transportation,Logistics,Block 2,2024,10,9702.3,bbl,180553.54,mscf
Hassi R'Mel,Refining,Production,Field A,2025,11,28877.63,bbl,148756.32,mscf
Berkine,Marketing,Production,Field B,2024,5,9747.73,bbl,196348.17,mscf
Illizi,Exploration & Production,Production,Block 2,2025,8,3632.75,bbl,34041.23,mscf
Berkine,Exploration & Production,Production,Field B,2024,6,41103.69,bbl,41176.41,mscf
Berkine,Exploration & Production,Production,Field A,2023,11,46740.15,bbl,186278.6,mscf
Hassi Messaoud,Transportation,Logistics,Block 1,2024,12,11642.22,bbl,51976.82,mscf
Illizi,Refining,Operations,Block 1,2023,6,38678.75,bbl,135656.69,mscf
Rhourde Nouss,Exploration & Production,Logistics,Field B,2023,9,35387.31,bbl,92236.49,mscf
Hassi Messaoud,Exploration & Production,Production,Field A,2022,2,46765.0,bbl,113537.57,mscf
Hassi R'Mel,Exploration & Production,Drilling,Field B,2024,10,10143.72,bbl,36379.69,mscf
Berkine,Exploration & Production,Logistics,Block 1,2022,7,19231.86,bbl,174035.78,mscf
Berkine,Refining,Drilling,Area X,2023,10,17165.47,bbl,125465.31,mscf
Hassi R'Mel,Transportation,Logistics,Block 1,2024,6,1927.34,bbl,42634.36,mscf
Adrar,Transportation,Production,Block 1,2022,12,29205.98,bbl,199355.43,mscf
Rhourde Nouss,Refining,Operations,Field A,2023,9,12494.99,bbl,79685.35,mscf
Rhourde Nouss,Marketing,Logistics,Block 2,2023,11,14687.52,bbl,106481.02,mscf
Illizi,Exploration & Production,Drilling,Field A,2023,9,43377.06,bbl,40703.66,mscf
Adrar,Transportation,Drilling,Block 1,2024,8,3902.06,bbl,36682.26,mscf
In Salah,Exploration & Production,Drilling,Field A,2024,5,47441.24,bbl,169336.14,mscf
Hassi Messaoud,Transportation,Operations,Area Y,2025,3,38351.19,bbl,112238.66,mscf
Berkine,Transportation,Drilling,Block 2,2025,11,40812.14,bbl,157447.44,mscf
Rhourde Nouss,Marketing,Production,Area X,2023,7,9365.19,bbl,76023.13,mscf
Hassi Messaoud,Exploration & Production,Operations,Area X,2023,10,31025.79,bbl,75852.43,mscf
Berkine,Refining,Operations,Block 2,2022,12,24859.75,bbl,166779.85,mscf
Adrar,Marketing,Drilling,Field A,2023,9,38089.67,bbl,167830.11,mscf
Rhourde Nouss,Exploration & Production,Drilling,Field A,2022,11,39654.04,bbl,197188.42,mscf
Hassi R'Mel,Refining,Production,Area X,2023,4,47760.35,bbl,78763.27,mscf
Adrar,Marketing,Production,Area Y,2024,5,35496.71,bbl,130008.42,mscf
Illizi,Exploration & Production,Logistics,Field B,2022,7,12553.69,bbl,124524.86,mscf
Hassi Messaoud,Marketing,Logistics,Area Y,2025,6,41722.86,bbl,111334.08,mscf
Hassi Messaoud,Transportation,Operations,Field B,2022,11,42949.01,bbl,174020.1,mscf
Adrar,Refining,Drilling,Area Y,2025,5,2166.6,bbl,193452.78,mscf
Adrar,Transportation,Operations,Block 2,2025,1,13145.99,bbl,169023.73,mscf
Hassi Messaoud,Refining,Operations,Block 1,2022,5,36021.54,bbl,110925.04,mscf
Hassi Messaoud,Refining,Operations,Block 1,2022,12,48085.12,bbl,118808.43,mscf
Hassi Messaoud,Exploration & Production,Drilling,Block 1,2025,9,47874.71,bbl,113621.06,mscf
Adrar,Transportation,Drilling,Area Y,2022,1,37500.06,bbl,175174.27,mscf
In Salah,Transportation,Production,Area X,2022,2,9398.16,bbl,152799.29,mscf
Rhourde Nouss,Transportation,Production,Field B,2022,8,36291.68,bbl,18909.98,mscf
Hassi Messaoud,Marketing,Operations,Field B,2024,7,32653.34,bbl,181660.55,mscf
Hassi R'Mel,Transportation,Drilling,Field B,2023,9,7178.09,bbl,69018.72,mscf
Hassi Messaoud,Transportation,Logistics,Field B,2024,3,49286.99,bbl,122104.75,mscf
Illizi,Marketing,Production,Field A,2022,5,16194.11,bbl,114502.31,mscf
Rhourde Nouss,Transportation,Production,Area Y,2022,6,47744.2,bbl,17797.89,mscf
Hassi Messaoud,Transportation,Drilling,Block 2,2022,12,47518.98,bbl,35591.72,mscf
Berkine,Transportation,Logistics,Field B,2022,10,15774.49,bbl,10821.22,mscf
Adrar,Marketing,Production,Block 1,2023,6,11497.25,bbl,198794.74,mscf
Illizi,Marketing,Operations,Field A,2025,10,36691.79,bbl,48683.83,mscf
In Salah,Transportation,Drilling,Block 1,2023,1,22143.13,bbl,80025.39,mscf
In Salah,Refining,Production,Area X,2023,1,20174.45,bbl,159590.53,mscf
Hassi R'Mel,Exploration & Production,Logistics,Field B,2022,2,13798.43,bbl,184478.11,mscf
Hassi R'Mel,Marketing,Drilling,Block 1,2022,7,13852.72,bbl,80450.87,mscf
Berkine,Marketing,Drilling,Field A,2023,1,13035.47,bbl,82973.05,mscf
Illizi,Refining,Logistics,Block 1,2022,6,30625.02,bbl,83960.48,mscf
In Salah,Refining,Production,Area Y,2023,11,7971.99,bbl,138329.9,mscf
Illizi,Refining,Logistics,Area X,2022,11,32614.08,bbl,174266.11,mscf
Rhourde Nouss,Marketing,Drilling,Area Y,2023,11,46482.54,bbl,38759.61,mscf
Hassi R'Mel,Transportation,Drilling,Area Y,2023,3,3075.31,bbl,155630.08,mscf
Hassi R'Mel,Exploration & Production,Drilling,Area X,2023,8,31407.39,bbl,109102.81,mscf
Adrar,Marketing,Drilling,Block 1,2024,5,6756.17,bbl,156937.69,mscf
Illizi,Transportation,Production,Field B,2022,10,9610.89,bbl,119649.98,mscf
Hassi Messaoud,Transportation,Drilling,Block 1,2024,3,47797.44,bbl,21253.04,mscf
Hassi Messaoud,Refining,Drilling,Field A,2022,9,9320.23,bbl,116982.0,mscf
Berkine,Refining,Logistics,Field B,2024,10,26872.75,bbl,86870.84,mscf
Adrar,Exploration & Production,Production,Field B,2024,7,19755.0,bbl,175036.03,mscf
Berkine,Marketing,Drilling,Field A,2025,9,10471.27,bbl,126111.17,mscf
In Salah,Transportation,Operations,Block 1,2023,1,8710.89,bbl,68124.25,mscf
Hassi Messaoud,Exploration & Production,Drilling,Field B,2025,4,38102.73,bbl,19452.46,mscf
Hassi R'Mel,Refining,Logistics,Field A,2024,5,22712.74,bbl,99287.32,mscf
In Salah,Transportation,Production,Area X,2022,9,32084.67,bbl,144796.31,mscf
Adrar,Transportation,Drilling,Block 2,2023,8,9443.04,bbl,68604.81,mscf
Illizi,Transportation,Drilling,Area X,2023,1,40846.19,bbl,26339.52,mscf
Hassi Messaoud,Refining,Production,Area Y,2025,1,23281.29,bbl,66330.55,mscf
Hassi R'Mel,Transportation,Drilling,Area X,2025,12,32951.73,bbl,47333.53,mscf
In Salah,Exploration & Production,Drilling,Block 1,2023,3,26699.57,bbl,187009.68,mscf
Hassi R'Mel,Transportation,Operations,Field B,2023,6,14566.54,bbl,12466.82,mscf
In Salah,Transportation,Logistics,Block 2,2024,10,17393.13,bbl,142498.61,mscf
Rhourde Nouss,Transportation,Logistics,Field A,2023,4,24179.62,bbl,63656.6,mscf
Adrar,Marketing,Drilling,Block 1,2024,2,15495.04,bbl,188606.93,mscf
Hassi R'Mel,Marketing,Drilling,Block 2,2024,6,29655.78,bbl,89247.31,mscf
Adrar,Marketing,Production,Field B,2024,3,42211.4,bbl,66467.5,mscf
Illizi,Exploration & Production,Logistics,Block 1,2025,1,47373.41,bbl,187811.25,mscf
Berkine,Exploration & Production,Operations,Block 1,2025,1,31507.64,bbl,97318.48,mscf
Illizi,Refining,Logistics,Area X,2022,8,48130.82,bbl,18533.88,mscf
Hassi Messaoud,Exploration & Production,Production,Area X,2022,5,41861.41,bbl,10828.99,mscf
Berkine,Exploration & Production,Production,Area Y,2024,10,45759.36,bbl,95705.07,mscf
Berkine,Exploration & Production,Production,Field B,2025,9,12019.17,bbl,7802.92,mscf
Rhourde Nouss,Transportation,Operations,Field B,2024,7,38505.76,bbl,175693.55,mscf
Hassi R'Mel,Refining,Logistics,Area X,2025,7,38466.28,bbl,186949.47,mscf
Illizi,Refining,Logistics,Area Y,2024,1,23223.47,bbl,39995.81,mscf
Berkine,Refining,Production,Area X,2024,7,29245.33,bbl,59784.22,mscf
Rhourde Nouss,Exploration & Production,Logistics,Block 2,2024,12,20523.59,bbl,136168.47,mscf
Rhourde Nouss,Marketing,Production,Area X,2024,10,25015.15,bbl,148274.16,mscf
Rhourde Nouss,Transportation,Production,Block 2,2022,1,10502.75,bbl,114601.3,mscf
Adrar,Refining,Operations,Block 1,2023,3,27160.78,bbl,85841.35,mscf
Berkine,Marketing,Operations,Area X,2024,10,5658.11,bbl,30124.21,mscf
In Salah,Refining,Operations,Field A,2025,2,13569.52,bbl,91721.07,mscf
Hassi Messaoud,Exploration & Production,Drilling,Area Y,2022,5,39799.45,bbl,132262.21,mscf
Hassi R'Mel,Exploration & Production,Drilling,Area X,2024,8,15962.79,bbl,148482.65,mscf
Adrar,Marketing,Operations,Area X,2022,8,22536.37,bbl,160102.32,mscf
Berkine,Marketing,Operations,Field B,2025,7,1289.98,bbl,25169.7,mscf
Berkine,Transportation,Production,Area Y,2024,6,47062.35,bbl,73188.34,mscf
Rhourde Nouss,Transportation,Operations,Field B,2025,1,29721.7,bbl,185014.68,mscf
Hassi Messaoud,Marketing,Operations,Area X,2025,2,11263.91,bbl,80651.9,mscf
In Salah,Marketing,Drilling,Block 1,2024,12,33639.11,bbl,156327.48,mscf
Illizi,Exploration & Production,Logistics,Block 2,2022,8,43075.56,bbl,24524.26,mscf
Adrar,Exploration & Production,Logistics,Field B,2022,3,46945.33,bbl,69784.89,mscf
Hassi R'Mel,Exploration & Production,Logistics,Block 1,2024,4,24544.95,bbl,55564.65,mscf
Illizi,Transportation,Logistics,Area X,2023,8,18230.0,bbl,180951.48,mscf
Hassi Messaoud,Transportation,Production,Block 1,2025,1,36157.86,bbl,128432.45,mscf
Illizi,Exploration & Production,Logistics,Field A,2023,8,12987.02,bbl,156922.44,mscf
Hassi Messaoud,Exploration & Production,Logistics,Block 1,2022,4,33464.95,bbl,173681.47,mscf
Hassi Messaoud,Marketing,Production,Area Y,2023,1,18060.14,bbl,198470.76,mscf
Berkine,Refining,Operations,Block 2,2023,8,23461.36,bbl,110273.79,mscf
In Salah,Refining,Logistics,Area Y,2023,12,7901.99,bbl,159433.67,mscf
Hassi R'Mel,Exploration & Production,Production,Block 1,2023,1,44589.6,bbl,78599.85,mscf
In Salah,Refining,Production,Block 1,2025,5,10161.4,bbl,112416.61,mscf
Berkine,Exploration & Production,Drilling,Area X,2023,11,7437.57,bbl,170745.22,mscf
Rhourde Nouss,Exploration & Production,Logistics,Block 1,2024,1,34214.48,bbl,95863.43,mscf
Hassi R'Mel,Transportation,Operations,Area X,2024,2,33128.06,bbl,41914.85,mscf
Berkine,Refining,Production,Block 2,2024,9,11542.03,bbl,73300.57,mscf
Illizi,Transportation,Operations,Field B,2025,4,7274.45,bbl,143071.77,mscf
Illizi,Refining,Logistics,Field A,2025,1,30805.12,bbl,47141.51,mscf
Hassi R'Mel,Exploration & Production,Production,Area X,2024,2,34965.31,bbl,95008.7,mscf
Adrar,Marketing,Production,Block 1,2023,12,30649.51,bbl,197267.47,mscf
Rhourde Nouss,Exploration & Production,Logistics,Block 1,2025,2,39049.03,bbl,30182.88,mscf
Rhourde Nouss,Transportation,Operations,Area X,2024,4,45559.4,bbl,98369.39,mscf
Hassi Messaoud,Marketing,Operations,Field A,2023,5,6969.12,bbl,185364.76,mscf
Illizi,Exploration & Production,Production,Block 2,2022,12,24290.45,bbl,90356.38,mscf
In Salah,Exploration & Production,Production,Block 2,2022,6,21465.29,bbl,143065.75,mscf
Rhourde Nouss,Exploration & Production,Logistics,Block 1,2022,9,17787.41,bbl,74175.04,mscf
Adrar,Transportation,Logistics,Block 2,2025,12,18904.29,bbl,153797.79,mscf
Hassi Messaoud,Marketing,Drilling,Field B,2023,5,44463.02,bbl,61029.41,mscf
Adrar,Refining,Logistics,Block 1,2022,12,21256.88,bbl,160075.75,mscf
Hassi Messaoud,Exploration & Production,Drilling,Area X,2022,5,19371.37,bbl,182870.89,mscf
Berkine,Transportation,Drilling,Field A,2022,3,24161.8,bbl,117922.16,mscf
Hassi R'Mel,Exploration & Production,Drilling,Area X,2022,7,28044.14,bbl,62958.72,mscf
Adrar,Marketing,Operations,Area X,2022,5,41588.18,bbl,70425.0,mscf
In Salah,Marketing,Drilling,Area X,2022,9,42991.15,bbl,194977.68,mscf
Hassi Messaoud,Marketing,Operations,Area X,2024,4,48156.11,bbl,92538.83,mscf
Hassi R'Mel,Refining,Operations,Block 2,2025,5,34124.88,bbl,150226.9,mscf
Adrar,Marketing,Production,Area X,2022,6,45524.52,bbl,146412.68,mscf
Hassi R'Mel,Exploration & Production,Production,Block 1,2025,10,27084.7,bbl,110324.83,mscf
Berkine,Transportation,Production,Block 2,2023,3,42262.15,bbl,65776.21,mscf
Hassi Messaoud,Marketing,Drilling,Field B,2024,3,15764.23,bbl,176373.08,mscf
In Salah,Exploration & Production,Production,Block 2,2025,6,43833.47,bbl,104582.94,mscf
Illizi,Refining,Production,Area X,2023,9,30646.09,bbl,194685.66,mscf
Adrar,Exploration & Production,Drilling,Area Y,2025,2,42805.21,bbl,136157.85,mscf
In Salah,Refining,Production,Field A,2024,6,42669.92,bbl,23093.12,mscf
Illizi,Refining,Production,Field A,2022,2,46431.87,bbl,175547.64,mscf
Berkine,Transportation,Production,Field B,2023,7,35651.04,bbl,59927.32,mscf
Rhourde Nouss,Refining,Drilling,Block 2,2022,6,20944.15,bbl,117235.06,mscf
Berkine,Exploration & Production,Operations,Area Y,2025,3,9804.07,bbl,112145.55,mscf
In Salah,Exploration & Production,Drilling,Block 2,2024,4,17472.91,bbl,91313.23,mscf
Adrar,Transportation,Logistics,Area X,2023,7,20594.71,bbl,46658.34,mscf
Adrar,Refining,Operations,Block 1,2022,1,21007.24,bbl,7932.06,mscf
Berkine,Exploration & Production,Logistics,Area Y,2024,7,17815.61,bbl,42394.49,mscf
Hassi R'Mel,Refining,Logistics,Block 1,2023,4,46489.47,bbl,71556.38,mscf
Adrar,Exploration & Production,Drilling,Block 1,2024,10,14985.57,bbl,25488.72,mscf
Hassi Messaoud,Exploration & Production,Logistics,Field A,2024,11,37757.24,bbl,12248.87,mscf
Hassi Messaoud,Refining,Drilling,Block 1,2022,1,34152.71,bbl,81156.31,mscf
Berkine,Transportation,Production,Field A,2023,4,7416.68,bbl,99223.48,mscf
In Salah,Refining,Production,Area Y,2022,12,42096.42,bbl,105965.01,mscf
Hassi Messaoud,Transportation,Production,Block 1,2025,5,8518.59,bbl,53500.26,mscf
Rhourde Nouss,Exploration & Production,Production,Field B,2025,7,30455.61,bbl,35129.92,mscf
Hassi Messaoud,Marketing,Drilling,Block 1,2025,10,18775.96,bbl,191645.78,mscf
In Salah,Transportation,Logistics,Block 1,2024,6,14774.33,bbl,191596.81,mscf
Adrar,Refining,Operations,Block 2,2025,4,33735.23,bbl,161847.14,mscf
Hassi Messaoud,Exploration & Production,Operations,Area X,2025,9,3232.56,bbl,130225.95,mscf
Hassi Messaoud,Marketing,Drilling,Block 1,2025,1,2923.02,bbl,130031.29,mscf
In Salah,Exploration & Production,Drilling,Field B,2023,5,15077.54,bbl,107024.21,mscf
Rhourde Nouss,Exploration & Production,Logistics,Area Y,2022,4,31776.24,bbl,16135.19,mscf
Illizi,Refining,Production,Block 2,2023,8,39284.38,bbl,85915.67,mscf
Hassi R'Mel,Transportation,Logistics,Area X,2023,12,34562.33,bbl,28559.26,mscf
Hassi R'Mel,Marketing,Drilling,Area X,2022,10,24654.78,bbl,50725.37,mscf
Illizi,Exploration & Production,Drilling,Field B,2023,7,29942.59,bbl,128217.65,mscf
Berkine,Transportation,Logistics,Block 1,2022,7,9396.86,bbl,120259.86,mscf
Berkine,Transportation,Operations,Field B,2024,9,39461.68,bbl,49230.93,mscf
Adrar,Marketing,Drilling,Block 1,2023,3,24853.28,bbl,50724.41,mscf
Hassi R'Mel,Transportation,Operations,Field B,2023,10,33420.15,bbl,166035.5,mscf
Illizi,Transportation,Logistics,Block 1,2025,12,47608.24,bbl,187237.38,mscf
Hassi Messaoud,Transportation,Operations,Area X,2024,4,27636.55,bbl,180156.45,mscf
In Salah,Marketing,Logistics,Field A,2022,1,42080.21,bbl,116167.86,mscf
Rhourde Nouss,Transportation,Production,Area Y,2023,11,5081.44,bbl,188571.41,mscf
In Salah,Marketing,Operations,Area Y,2023,8,41518.22,bbl,93237.76,mscf
Hassi Messaoud,Marketing,Production,Field B,2022,4,1141.74,bbl,57190.22,mscf
Hassi R'Mel,Refining,Logistics,Block 2,2024,9,16413.76,bbl,43058.89,mscf
Rhourde Nouss,Refining,Production,Area X,2024,3,20090.84,bbl,152487.74,mscf
Hassi Messaoud,Refining,Operations,Field A,2025,9,38724.21,bbl,13446.48,mscf
In Salah,Marketing,Logistics,Area X,2025,5,33972.0,bbl,111885.05,mscf
Hassi R'Mel,Transportation,Drilling,Block 2,2025,12,43917.31,bbl,176215.42,mscf
Berkine,Marketing,Operations,Area X,2024,4,20821.06,bbl,185478.14,mscf
Rhourde Nouss,Refining,Production,Field B,2022,3,8225.73,bbl,188397.98,mscf
Hassi R'Mel,Exploration & Production,Drilling,Area X,2024,11,34620.21,bbl,124073.02,mscf
Adrar,Transportation,Operations,Area X,2024,8,48047.45,bbl,61565.59,mscf
In Salah,Exploration & Production,Drilling,Block 2,2022,11,24007.34,bbl,73241.85,mscf
In Salah,Exploration & Production,Production,Field B,2025,7,17987.09,bbl,83274.51,mscf
Illizi,Transportation,Production,Field B,2024,9,49215.31,bbl,186690.26,mscf
Illizi,Transportation,Logistics,Area X,2022,10,41946.57,bbl,32236.6,mscf
Adrar,Refining,Drilling,Block 1,2023,1,15912.39,bbl,49286.21,mscf
Berkine,Exploration & Production,Operations,Block 2,2024,3,16027.43,bbl,120010.12,mscf
Hassi R'Mel,Marketing,Operations,Area X,2024,9,15488.13,bbl,31734.94,mscf
Hassi Messaoud,Transportation,Production,Field B,2024,10,5304.25,bbl,199412.89,mscf
Rhourde Nouss,Refining,Operations,Block 2,2024,1,44696.15,bbl,83690.38,mscf
In Salah,Refining,Production,Area X,2022,1,48309.57,bbl,62698.94,mscf
Rhourde Nouss,Transportation,Production,Area Y,2025,11,9672.1,bbl,80552.26,mscf
Hassi R'Mel,Refining,Operations,Field A,2022,9,18853.78,bbl,16957.07,mscf
Berkine,Marketing,Drilling,Area X,2024,10,2451.88,bbl,193452.26,mscf
Berkine,Marketing,Logistics,Block 1,2022,12,33741.55,bbl,196206.62,mscf
Illizi,Exploration & Production,Operations,Field B,2025,7,43359.04,bbl,95146.53,mscf
Hassi Messaoud,Marketing,Production,Field A,2023,8,48566.24,bbl,156846.73,mscf
Adrar,Transportation,Drilling,Field B,2024,5,1429.41,bbl,182570.42,mscf
Illizi,Exploration & Production,Operations,Block 1,2025,9,29510.72,bbl,45758.75,mscf
Rhourde Nouss,Marketing,Production,Area X,2024,2,13603.15,bbl,20671.94,mscf
Hassi R'Mel,Marketing,Logistics,Area X,2023,9,26890.33,bbl,136071.2,mscf
In Salah,Transportation,Operations,Area X,2024,3,6797.49,bbl,172454.64,mscf
Berkine,Exploration & Production,Logistics,Area X,2022,7,9022.48,bbl,63900.85,mscf
In Salah,Transportation,Production,Block 2,2025,10,5344.18,bbl,199379.55,mscf
Berkine,Exploration & Production,Production,Field A,2022,6,36521.52,bbl,42319.06,mscf
Illizi,Marketing,Logistics,Field B,2025,3,34203.58,bbl,59976.74,mscf
In Salah,Marketing,Logistics,Field A,2023,6,30587.3,bbl,171904.34,mscf
Hassi R'Mel,Exploration & Production,Operations,Block 2,2025,3,31362.66,bbl,192298.6,mscf
Rhourde Nouss,Transportation,Drilling,Block 1,2024,2,9013.28,bbl,116312.09,mscf
Adrar,Marketing,Drilling,Field A,2022,9,6567.09,bbl,126809.43,mscf
Hassi R'Mel,Transportation,Operations,Block 1,2024,9,37062.81,bbl,172341.46,mscf
Hassi Messaoud,Refining,Logistics,Block 2,2022,8,9838.65,bbl,151539.03,mscf
In Salah,Exploration & Production,Production,Block 1,2022,2,9130.92,bbl,46939.63,mscf
Illizi,Refining,Logistics,Field A,2024,3,40592.22,bbl,193746.47,mscf
Hassi R'Mel,Marketing,Logistics,Block 2,2025,4,36687.31,bbl,171545.6,mscf
Adrar,Exploration & Production,Operations,Field A,2022,8,44725.63,bbl,37532.11,mscf
Hassi Messaoud,Marketing,Production,Area Y,2022,8,29698.86,bbl,90129.61,mscf
Illizi,Refining,Logistics,Field B,2024,11,4576.12,bbl,113009.61,mscf
Adrar,Exploration & Production,Logistics,Field B,2025,11,29873.2,bbl,47771.81,mscf
Hassi R'Mel,Marketing,Operations,Area X,2024,2,4932.66,bbl,189523.22,mscf
Rhourde Nouss,Marketing,Logistics,Area Y,2024,6,40024.98,bbl,198793.23,mscf
Hassi Messaoud,Exploration & Production,Drilling,Area X,2025,8,9841.55,bbl,182850.0,mscf
Hassi R'Mel,Refining,Drilling,Field B,2025,3,20376.07,bbl,121285.87,mscf
Hassi R'Mel,Marketing,Production,Field B,2024,10,25299.88,bbl,8784.7,mscf
In Salah,Refining,Logistics,Area Y,2025,11,22849.69,bbl,7588.59,mscf
Berkine,Transportation,Drilling,Block 1,2022,11,22178.63,bbl,61726.83,mscf
Hassi Messaoud,Refining,Operations,Block 1,2024,4,22745.02,bbl,83349.91,mscf
In Salah,Exploration & Production,Drilling,Area X,2024,12,43650.27,bbl,154358.75,mscf
Berkine,Exploration & Production,Drilling,Field B,2024,2,32951.32,bbl,157239.09,mscf
Berkine,Transportation,Operations,Field A,2024,10,23145.76,bbl,115265.28,mscf
Rhourde Nouss,Transportation,Logistics,Field B,2023,2,11008.05,bbl,120882.77,mscf
Adrar,Transportation,Logistics,Area Y,2023,11,31770.89,bbl,169948.42,mscf
Adrar,Transportation,Drilling,Block 1,2023,7,11666.96,bbl,166800.51,mscf
Illizi,Transportation,Operations,Field B,2025,1,25664.71,bbl,154683.76,mscf
In Salah,Refining,Production,Block 1,2022,12,32398.08,bbl,193705.59,mscf
Adrar,Exploration & Production,Drilling,Field B,2022,8,30528.34,bbl,136108.03,mscf
Adrar,Transportation,Logistics,Area Y,2024,5,12762.5,bbl,38665.97,mscf
Berkine,Exploration & Production,Drilling,Block 2,2024,5,8616.54,bbl,170037.98,mscf
Berkine,Transportation,Production,Field A,2023,6,2437.69,bbl,179314.77,mscf
Hassi R'Mel,Exploration & Production,Operations,Block 2,2024,3,46456.51,bbl,164945.76,mscf
Rhourde Nouss,Exploration & Production,Drilling,Field A,2023,11,47654.01,bbl,190559.2,mscf
Illizi,Refining,Operations,Area Y,2025,5,48885.26,bbl,185665.41,mscf
In Salah,Marketing,Production,Block 2,2022,5,13182.86,bbl,99402.32,mscf
Hassi Messaoud,Exploration & Production,Drilling,Field A,2025,10,48297.22,bbl,184670.15,mscf
Hassi Messaoud,Marketing,Drilling,Block 1,2023,12,48093.17,bbl,37046.28,mscf
Illizi,Transportation,Drilling,Block 2,2025,10,30963.64,bbl,174703.27,mscf
Rhourde Nouss,Exploration & Production,Operations,Field B,2023,2,11550.59,bbl,78873.43,mscf
Hassi R'Mel,Marketing,Logistics,Block 2,2023,12,41861.43,bbl,81703.57,mscf
Adrar,Refining,Drilling,Area Y,2025,10,5029.31,bbl,34434.72,mscf
Hassi Messaoud,Transportation,Operations,Block 2,2023,8,30924.58,bbl,196659.45,mscf
Hassi Messaoud,Refining,Production,Field B,2022,10,38766.48,bbl,131073.58,mscf
Adrar,Marketing,Drilling,Area Y,2025,8,19912.32,bbl,30853.28,mscf
Berkine,Marketing,Production,Area Y,2023,1,38376.28,bbl,192714.27,mscf
Rhourde Nouss,Transportation,Operations,Field B,2022,10,34816.34,bbl,90773.41,mscf
Illizi,Exploration & Production,Production,Field B,2024,9,49219.65,bbl,96839.1,mscf
Rhourde Nouss,Transportation,Operations,Area Y,2023,11,26419.01,bbl,124723.34,mscf
Hassi R'Mel,Transportation,Logistics,Area Y,2024,4,4658.17,bbl,169254.85,mscf
Hassi Messaoud,Refining,Operations,Area X,2024,10,4111.62,bbl,24296.61,mscf
Illizi,Marketing,Production,Field A,2025,11,8732.11,bbl,176373.43,mscf
Rhourde Nouss,Transportation,Drilling,Area Y,2022,4,8868.28,bbl,182511.29,mscf
Adrar,Transportation,Drilling,Block 2,2023,2,38434.7,bbl,179699.29,mscf
Adrar,Exploration & Production,Drilling,Area X,2022,9,25195.96,bbl,125412.78,mscf
In Salah,Marketing,Logistics,Area Y,2024,4,36289.62,bbl,5697.33,mscf
Hassi Messaoud,Exploration & Production,Operations,Field B,2025,11,27182.44,bbl,131702.53,mscf
Hassi R'Mel,Exploration & Production,Production,Field A,2022,8,36727.8,bbl,168793.24,mscf
Adrar,Transportation,Production,Field A,2025,10,17172.48,bbl,158681.64,mscf
Illizi,Transportation,Logistics,Area Y,2023,10,48576.23,bbl,173569.49,mscf
In Salah,Marketing,Drilling,Field A,2022,4,17615.1,bbl,49255.75,mscf
Illizi,Exploration & Production,Drilling,Area Y,2022,7,36344.36,bbl,26876.05,mscf
Berkine,Refining,Drilling,Block 1,2023,1,21811.34,bbl,118709.75,mscf
Adrar,Transportation,Drilling,Field A,2024,3,14431.87,bbl,108132.84,mscf
Hassi Messaoud,Transportation,Drilling,Block 1,2022,8,18718.57,bbl,63173.37,mscf
Adrar,Exploration & Production,Operations,Area X,2022,5,19269.14,bbl,128420.18,mscf
Hassi R'Mel,Exploration & Production,Operations,Block 2,2025,5,11267.65,bbl,19884.95,mscf
Adrar,Refining,Operations,Field B,2023,7,24602.79,bbl,11201.1,mscf
Berkine,Marketing,Production,Block 2,2022,12,17993.56,bbl,105218.91,mscf
Rhourde Nouss,Marketing,Production,Field A,2024,11,46164.0,bbl,128574.97,mscf
Hassi R'Mel,Marketing,Logistics,Field A,2024,9,5811.32,bbl,126360.19,mscf
Rhourde Nouss,Transportation,Logistics,Block 2,2022,1,13139.88,bbl,145319.11,mscf
Adrar,Exploration & Production,Production,Field A,2025,7,17394.59,bbl,112600.35,mscf
Berkine,Refining,Logistics,Area X,2024,11,2091.12,bbl,121043.23,mscf
Illizi,Marketing,Drilling,Block 1,2024,10,24539.33,bbl,50726.21,mscf
Rhourde Nouss,Marketing,Logistics,Field B,2023,4,47339.94,bbl,41611.36,mscf
In Salah,Marketing,Production,Block 1,2025,2,11187.54,bbl,160949.67,mscf
In Salah,Transportation,Production,Block 1,2022,5,29789.97,bbl,42131.59,mscf
In Salah,Transportation,Drilling,Area Y,2022,9,31142.05,bbl,53844.42,mscf
Rhourde Nouss,Exploration & Production,Production,Area X,2022,9,48205.32,bbl,193189.79,mscf
In Salah,Exploration & Production,Logistics,Area X,2025,12,14732.94,bbl,55052.3,mscf
Illizi,Marketing,Production,Area X,2023,4,27651.03,bbl,154998.49,mscf
Rhourde Nouss,Refining,Logistics,Area Y,2023,9,9836.2,bbl,165867.05,mscf
Adrar,Transportation,Production,Block 1,2023,10,45852.18,bbl,160522.87,mscf
Hassi R'Mel,Transportation,Logistics,Area X,2024,10,48033.95,bbl,12304.35,mscf
Illizi,Refining,Drilling,Area Y,2022,6,46238.66,bbl,96250.39,mscf
Rhourde Nouss,Marketing,Drilling,Block 2,2024,7,49152.13,bbl,189221.37,mscf
Rhourde Nouss,Exploration & Production,Operations,Block 2,2023,10,15993.01,bbl,10738.95,mscf
Hassi R'Mel,Refining,Production,Block 2,2025,8,18667.8,bbl,51130.34,mscf
Illizi,Marketing,Operations,Field B,2024,8,9061.8,bbl,77446.61,mscf
Hassi R'Mel,Marketing,Logistics,Area X,2024,1,7235.63,bbl,127889.3,mscf
Berkine,Refining,Logistics,Block 2,2023,2,15733.41,bbl,186233.39,mscf
Hassi R'Mel,Refining,Drilling,Block 1,2023,4,19388.51,bbl,133087.51,mscf
Illizi,Transportation,Drilling,Field A,2024,1,13552.57,bbl,146477.45,mscf
Hassi R'Mel,Exploration & Production,Operations,Block 2,2024,5,44529.7,bbl,129305.8,mscf
Hassi Messaoud,Transportation,Operations,Field B,2024,10,13811.5,bbl,141832.97,mscf
Hassi R'Mel,Transportation,Operations,Area Y,2025,9,46120.0,bbl,190074.73,mscf
Illizi,Refining,Operations,Field B,2024,12,10414.41,bbl,68651.26,mscf
Hassi R'Mel,Exploration & Production,Logistics,Field A,2022,9,12499.79,bbl,58234.93,mscf
In Salah,Exploration & Production,Operations,Field A,2024,9,42962.42,bbl,46554.69,mscf
Adrar,Transportation,Operations,Block 1,2024,5,45722.56,bbl,12385.72,mscf
Berkine,Refining,Drilling,Area X,2025,2,1534.62,bbl,148530.13,mscf
Rhourde Nouss,Transportation,Operations,Block 1,2022,3,24841.09,bbl,138803.91,mscf
Illizi,Refining,Operations,Block 2,2023,4,7352.24,bbl,113421.86,mscf
Berkine,Exploration & Production,Logistics,Area Y,2022,2,49392.08,bbl,198098.26,mscf
Hassi R'Mel,Transportation,Production,Block 1,2023,4,24664.82,bbl,112793.4,mscf
Hassi Messaoud,Transportation,Drilling,Field A,2025,7,3560.55,bbl,7247.78,mscf
Adrar,Refining,Production,Area X,2024,9,32538.89,bbl,164407.1,mscf
Berkine,Exploration & Production,Operations,Area Y,2022,4,8722.62,bbl,125808.35,mscf
Illizi,Refining,Logistics,Field B,2025,5,35947.51,bbl,78005.94,mscf
Berkine,Refining,Operations,Field B,2022,3,38657.21,bbl,82025.63,mscf
In Salah,Exploration & Production,Drilling,Field A,2023,4,46835.63,bbl,6617.39,mscf
Illizi,Transportation,Drilling,Block 2,2022,7,36606.81,bbl,72479.5,mscf
Berkine,Marketing,Drilling,Area Y,2024,9,33934.59,bbl,145321.89,mscf
Adrar,Transportation,Production,Area Y,2024,8,38145.93,bbl,182957.38,mscf
Berkine,Transportation,Production,Block 2,2025,7,46281.16,bbl,176109.35,mscf
Rhourde Nouss,Transportation,Drilling,Block 1,2024,10,15576.69,bbl,121600.32,mscf
Hassi R'Mel,Exploration & Production,Production,Field A,2024,10,12835.9,bbl,22579.22,mscf
Adrar,Marketing,Operations,Area X,2024,1,30019.36,bbl,154099.67,mscf
Hassi R'Mel,Exploration & Production,Logistics,Area X,2024,12,39261.84,bbl,141968.84,mscf
Rhourde Nouss,Refining,Logistics,Field A,2025,10,15409.71,bbl,57712.24,mscf
Illizi,Transportation,Drilling,Area Y,2024,7,26513.3,bbl,187816.02,mscf
Rhourde Nouss,Refining,Production,Area X,2024,2,23695.54,bbl,45613.26,mscf
In Salah,Marketing,Production,Block 2,2022,3,2253.81,bbl,130840.33,mscf
Illizi,Exploration & Production,Logistics,Block 2,2023,1,10343.47,bbl,143112.26,mscf
Illizi,Refining,Production,Block 1,2024,9,18141.0,bbl,89315.62,mscf
Berkine,Transportation,Drilling,Field A,2024,1,3632.28,bbl,153523.2,mscf
Hassi R'Mel,Transportation,Production,Field B,2022,11,23961.1,bbl,46703.99,mscf
Adrar,Marketing,Production,Area Y,2024,9,11393.33,bbl,109393.18,mscf
Illizi,Refining,Drilling,Field B,2024,5,6162.35,bbl,108795.33,mscf
Illizi,Refining,Production,Block 1,2022,5,21602.33,bbl,47164.25,mscf
Berkine,Marketing,Production,Field A,2024,7,33499.53,bbl,179301.07,mscf
Illizi,Exploration & Production,Drilling,Block 1,2025,3,32996.52,bbl,145122.66,mscf
Adrar,Refining,Drilling,Field B,2025,9,37588.22,bbl,55191.0,mscf
Hassi Messaoud,Marketing,Logistics,Block 1,2024,12,27793.45,bbl,14552.83,mscf
Rhourde Nouss,Exploration & Production,Logistics,Area Y,2024,12,10192.0,bbl,199943.19,mscf
In Salah,Transportation,Operations,Area Y,2025,6,7644.34,bbl,8809.71,mscf
Rhourde Nouss,Transportation,Production,Area X,2022,12,14877.97,bbl,144516.21,mscf
Hassi R'Mel,Exploration & Production,Operations,Area Y,2025,3,42028.76,bbl,23135.49,mscf
Adrar,Marketing,Operations,Area X,2025,1,44065.05,bbl,67065.15,mscf
In Salah,Marketing,Operations,Field B,2022,2,29560.31,bbl,166639.59,mscf
Adrar,Refining,Drilling,Field A,2023,3,27641.8,bbl,63295.53,mscf
Adrar,Exploration & Production,Drilling,Area Y,2024,6,30399.0,bbl,189053.52,mscf
Illizi,Transportation,Logistics,Area X,2023,3,40213.0,bbl,37228.97,mscf
Hassi Messaoud,Exploration & Production,Logistics,Area X,2022,9,19965.47,bbl,51851.18,mscf
Hassi R'Mel,Transportation,Operations,Area X,2022,7,45759.24,bbl,13258.75,mscf
Rhourde Nouss,Transportation,Operations,Block 1,2025,4,2247.94,bbl,120482.06,mscf
Berkine,Refining,Logistics,Area X,2024,2,34468.58,bbl,77015.2,mscf
Hassi Messaoud,Transportation,Operations,Block 1,2023,1,48748.1,bbl,86603.6,mscf
Rhourde Nouss,Refining,Operations,Area Y,2024,7,8960.27,bbl,30385.66,mscf
In Salah,Marketing,Operations,Block 1,2022,7,27239.78,bbl,196770.96,mscf
Hassi Messaoud,Exploration & Production,Drilling,Block 1,2022,8,22673.87,bbl,164419.17,mscf
Adrar,Exploration & Production,Drilling,Field A,2025,10,8255.68,bbl,148107.28,mscf
Berkine,Marketing,Operations,Area Y,2022,8,17680.62,bbl,118307.22,mscf
Rhourde Nouss,Transportation,Logistics,Block 1,2023,1,23315.98,bbl,175141.54,mscf
Adrar,Transportation,Production,Area X,2023,12,8584.05,bbl,100605.02,mscf
Hassi Messaoud,Exploration & Production,Drilling,Block 2,2025,12,15945.52,bbl,24629.15,mscf
Berkine,Marketing,Operations,Field A,2024,6,47225.43,bbl,163791.14,mscf
Berkine,Exploration & Production,Logistics,Area X,2022,12,1343.93,bbl,97538.43,mscf
Hassi R'Mel,Refining,Production,Block 1,2025,6,31238.28,bbl,181505.31,mscf
Illizi,Marketing,Production,Field A,2024,9,11207.66,bbl,60002.02,mscf
In Salah,Marketing,Production,Block 2,2022,5,21623.02,bbl,118790.4,mscf
Adrar,Exploration & Production,Production,Field B,2024,7,28372.17,bbl,33911.56,mscf
Hassi Messaoud,Exploration & Production,Production,Block 2,2024,3,16941.95,bbl,22814.4,mscf
In Salah,Transportation,Operations,Block 1,2022,12,42181.44,bbl,17713.02,mscf
Rhourde Nouss,Refining,Operations,Field B,2023,1,13423.0,bbl,114719.98,mscf
Berkine,Refining,Production,Area X,2024,7,18320.64,bbl,132763.4,mscf
Rhourde Nouss,Marketing,Drilling,Block 2,2024,4,44237.01,bbl,156433.44,mscf
In Salah,Transportation,Logistics,Block 2,2022,8,5314.49,bbl,66849.77,mscf
Rhourde Nouss,Marketing,Logistics,Block 2,2023,8,49393.69,bbl,155747.45,mscf
Berkine,Exploration & Production,Operations,Area X,2022,12,3434.45,bbl,186484.11,mscf
Rhourde Nouss,Transportation,Logistics,Field A,2022,10,40853.43,bbl,156323.28,mscf
Hassi R'Mel,Marketing,Logistics,Block 1,2025,4,45703.2,bbl,36402.73,mscf
In Salah,Exploration & Production,Drilling,Block 1,2022,11,1906.6,bbl,94818.55,mscf
Berkine,Transportation,Logistics,Field B,2022,8,25945.02,bbl,173131.05,mscf
Rhourde Nouss,Marketing,Logistics,Block 1,2024,2,41489.44,bbl,41324.78,mscf
Rhourde Nouss,Transportation,Production,Area Y,2022,3,35549.88,bbl,29304.45,mscf
In Salah,Marketing,Logistics,Area Y,2024,12,39930.6,bbl,91941.66,mscf
In Salah,Transportation,Operations,Field B,2023,8,25426.43,bbl,83393.88,mscf
Adrar,Refining,Operations,Area Y,2025,2,7915.29,bbl,104378.32,mscf
In Salah,Refining,Logistics,Field B,2025,4,20643.7,bbl,171138.43,mscf
Rhourde Nouss,Exploration & Production,Operations,Field A,2025,12,1695.59,bbl,169419.1,mscf
In Salah,Refining,Drilling,Field A,2022,11,8164.14,bbl,151728.66,mscf
Illizi,Transportation,Drilling,Block 1,2025,3,32775.36,bbl,147667.86,mscf
Adrar,Refining,Logistics,Area Y,2024,4,49891.61,bbl,147482.98,mscf
Adrar,Exploration & Production,Operations,Field A,2022,6,12885.3,bbl,161539.58,mscf
Adrar,Transportation,Operations,Field A,2023,1,35622.61,bbl,198433.93,mscf
Hassi R'Mel,Transportation,Operations,Block 2,2023,1,35749.35,bbl,79060.15,mscf
In Salah,Exploration & Production,Operations,Area X,2025,7,46586.23,bbl,11441.12,mscf
Rhourde Nouss,Refining,Production,Block 1,2023,8,47515.08,bbl,103805.85,mscf
Illizi,Marketing,Operations,Field B,2023,2,18420.76,bbl,13096.82,mscf
In Salah,Marketing,Logistics,Area X,2022,7,13750.08,bbl,106484.29,mscf
Berkine,Exploration & Production,Logistics,Area X,2024,7,30862.7,bbl,111820.48,mscf
Rhourde Nouss,Exploration & Production,Drilling,Block 2,2024,12,49141.83,bbl,52019.26,mscf
Illizi,Transportation,Operations,Area Y,2025,8,25792.91,bbl,60821.42,mscf
Hassi Messaoud,Exploration & Production,Production,Block 2,2024,10,47954.27,bbl,166705.79,mscf
Rhourde Nouss,Refining,Logistics,Block 1,2022,4,26872.87,bbl,63567.35,mscf
Illizi,Exploration & Production,Operations,Area X,2024,5,15225.4,bbl,64105.47,mscf
In Salah,Marketing,Production,Field B,2023,8,49015.89,bbl,8022.89,mscf
Rhourde Nouss,Transportation,Logistics,Area Y,2023,12,31307.14,bbl,103339.64,mscf
Hassi Messaoud,Refining,Logistics,Block 2,2025,8,35640.85,bbl,118121.67,mscf
Illizi,Transportation,Logistics,Field A,2025,5,40741.76,bbl,16994.63,mscf
In Salah,Marketing,Drilling,Field A,2024,4,13801.21,bbl,114529.61,mscf
Illizi,Refining,Operations,Block 1,2023,10,44956.0,bbl,46431.1,mscf
Hassi Messaoud,Transportation,Drilling,Area X,2022,11,14429.49,bbl,78876.79,mscf
Rhourde Nouss,Refining,Operations,Block 2,2023,11,33212.44,bbl,34560.69,mscf
Berkine,Marketing,Drilling,Area Y,2023,12,35080.09,bbl,159369.38,mscf
Adrar,Exploration & Production,Logistics,Block 1,2022,2,10969.61,bbl,22868.12,mscf
Adrar,Refining,Operations,Field B,2023,9,45737.61,bbl,30366.46,mscf
Illizi,Refining,Drilling,Area Y,2023,10,8048.64,bbl,6549.37,mscf
Hassi Messaoud,Refining,Logistics,Field A,2025,1,11521.75,bbl,164528.08,mscf
Hassi R'Mel,Exploration & Production,Logistics,Field A,2022,2,2401.01,bbl,38209.37,mscf
Berkine,Transportation,Production,Field A,2023,4,40156.25,bbl,161283.45,mscf
Adrar,Refining,Drilling,Block 2,2024,2,17585.92,bbl,74166.68,mscf
Illizi,Refining,Logistics,Field B,2023,4,26089.94,bbl,124209.18,mscf
In Salah,Transportation,Production,Block 1,2022,11,36704.81,bbl,185082.52,mscf
Hassi Messaoud,Marketing,Production,Block 2,2023,9,23789.08,bbl,102926.54,mscf
Adrar,Refining,Logistics,Area Y,2025,8,25782.2,bbl,144547.31,mscf
Hassi Messaoud,Refining,Logistics,Block 2,2025,6,49293.57,bbl,125096.0,mscf
Rhourde Nouss,Refining,Operations,Block 2,2025,1,10229.32,bbl,130636.09,mscf
Illizi,Marketing,Logistics,Area Y,2025,9,13457.94,bbl,54677.99,mscf
Berkine,Refining,Operations,Area X,2025,9,1140.45,bbl,52503.35,mscf
Hassi Messaoud,Transportation,Logistics,Block 1,2022,8,28514.42,bbl,29359.28,mscf
Illizi,Refining,Operations,Block 1,2024,5,31495.28,bbl,67743.21,mscf
Berkine,Exploration & Production,Logistics,Area X,2023,5,7884.29,bbl,141101.74,mscf
Hassi R'Mel,Marketing,Production,Area X,2024,8,17179.3,bbl,60917.99,mscf
Hassi Messaoud,Exploration & Production,Operations,Field A,2025,4,1419.84,bbl,193407.17,mscf
Hassi R'Mel,Marketing,Logistics,Area Y,2024,2,48954.94,bbl,22700.17,mscf
In Salah,Marketing,Operations,Block 2,2023,6,19379.31,bbl,127905.29,mscf
Illizi,Transportation,Drilling,Area Y,2022,9,6040.37,bbl,164086.79,mscf
Adrar,Transportation,Production,Block 2,2025,12,38338.19,bbl,15837.88,mscf
Hassi R'Mel,Exploration & Production,Operations,Field A,2022,4,7615.15,bbl,153998.75,mscf
Rhourde Nouss,Marketing,Logistics,Field B,2022,1,23743.52,bbl,137694.02,mscf
In Salah,Exploration & Production,Drilling,Area X,2025,10,36493.29,bbl,192985.93,mscf
Berkine,Refining,Logistics,Area Y,2024,4,39619.37,bbl,11824.88,mscf
In Salah,Marketing,Logistics,Block 1,2024,1,38881.31,bbl,60398.35,mscf
Adrar,Transportation,Operations,Area Y,2024,2,9459.52,bbl,29224.02,mscf
Illizi,Marketing,Production,Field A,2022,1,44485.98,bbl,194030.44,mscf
Hassi R'Mel,Exploration & Production,Production,Block 2,2023,10,49721.73,bbl,98303.83,mscf
Hassi R'Mel,Marketing,Operations,Field A,2022,3,32265.32,bbl,129312.54,mscf
Hassi Messaoud,Transportation,Production,Block 1,2024,5,12050.35,bbl,191434.89,mscf
Berkine,Exploration & Production,Logistics,Block 1,2024,6,44689.85,bbl,120460.6,mscf
In Salah,Refining,Drilling,Block 1,2024,7,22025.28,bbl,191153.51,mscf
Illizi,Marketing,Drilling,Area X,2023,9,30643.75,bbl,43700.12,mscf
Berkine,Refining,Operations,Field A,2022,7,3395.01,bbl,138179.3,mscf
Adrar,Transportation,Logistics,Area X,2024,7,33393.23,bbl,165181.72,mscf
Illizi,Exploration & Production,Operations,Field A,2025,7,27615.97,bbl,150727.64,mscf
In Salah,Marketing,Drilling,Area X,2024,5,26334.79,bbl,80825.47,mscf
Adrar,Marketing,Logistics,Area Y,2022,2,44919.17,bbl,32977.16,mscf
Illizi,Refining,Logistics,Field A,2024,12,20805.46,bbl,134410.74,mscf
Rhourde Nouss,Refining,Operations,Block 1,2025,9,37633.1,bbl,165988.5,mscf
Berkine,Marketing,Logistics,Area Y,2025,4,45013.1,bbl,47355.91,mscf
Illizi,Exploration & Production,Production,Field A,2025,12,14357.0,bbl,51913.21,mscf
Hassi Messaoud,Exploration & Production,Logistics,Field A,2022,10,38261.16,bbl,20656.39,mscf
In Salah,Exploration & Production,Production,Field A,2023,5,27247.45,bbl,161706.53,mscf
Illizi,Marketing,Drilling,Field B,2024,11,4838.27,bbl,111271.91,mscf
Rhourde Nouss,Exploration & Production,Drilling,Area Y,2023,3,35448.19,bbl,130880.82,mscf
Adrar,Exploration & Production,Logistics,Field A,2024,2,27463.63,bbl,127059.5,mscf
Adrar,Refining,Drilling,Block 2,2022,6,7238.67,bbl,123287.22,mscf
Illizi,Transportation,Operations,Area X,2024,1,47581.8,bbl,155255.38,mscf
Hassi R'Mel,Exploration & Production,Production,Area Y,2022,1,27313.34,bbl,161043.54,mscf
Rhourde Nouss,Exploration & Production,Logistics,Area X,2023,7,32686.89,bbl,127797.48,mscf
Rhourde Nouss,Refining,Drilling,Field B,2025,6,9408.26,bbl,51697.75,mscf
Rhourde Nouss,Exploration & Production,Production,Area X,2025,5,3022.77,bbl,16721.43,mscf
Adrar,Refining,Operations,Block 1,2023,3,42761.19,bbl,145786.24,mscf
Adrar,Refining,Logistics,Block 1,2025,7,7317.16,bbl,110880.47,mscf
Illizi,Marketing,Drilling,Area X,2023,5,44878.32,bbl,58936.96,mscf
Hassi R'Mel,Marketing,Operations,Area X,2023,4,20731.17,bbl,103306.49,mscf
In Salah,Refining,Production,Block 1,2024,12,46700.65,bbl,13300.42,mscf
Adrar,Marketing,Operations,Area X,2022,10,16478.86,bbl,157063.95,mscf
Rhourde Nouss,Exploration & Production,Operations,Block 1,2025,11,4023.29,bbl,196763.12,mscf
Hassi Messaoud,Exploration & Production,Drilling,Field B,2022,8,35503.06,bbl,36550.58,mscf
Berkine,Refining,Logistics,Block 1,2022,7,28999.27,bbl,161248.79,mscf
Rhourde Nouss,Refining,Operations,Field B,2022,4,19534.39,bbl,95609.57,mscf
Rhourde Nouss,Transportation,Logistics,Area X,2025,1,27413.58,bbl,163723.23,mscf
In Salah,Marketing,Operations,Field A,2024,8,11022.79,bbl,93581.99,mscf
Hassi R'Mel,Refining,Drilling,Field B,2022,8,10660.58,bbl,127545.7,mscf
Rhourde Nouss,Exploration & Production,Production,Area X,2025,4,1159.02,bbl,157297.59,mscf
Berkine,Transportation,Drilling,Field B,2024,9,38236.46,bbl,59649.28,mscf
Adrar,Marketing,Production,Block 1,2023,11,12003.03,bbl,64105.2,mscf
Adrar,Refining,Production,Area Y,2023,9,19430.64,bbl,56109.67,mscf
Hassi Messaoud,Exploration & Production,Drilling,Field A,2024,9,29048.0,bbl,71583.07,mscf
In Salah,Marketing,Operations,Field B,2022,7,23977.91,bbl,144902.43,mscf
In Salah,Marketing,Drilling,Area Y,2023,5,37424.97,bbl,58485.15,mscf
Hassi R'Mel,Transportation,Drilling,Block 2,2023,9,19388.14,bbl,158180.17,mscf
Hassi R'Mel,Transportation,Production,Field B,2023,12,1012.22,bbl,112278.54,mscf
Berkine,Exploration & Production,Operations,Area Y,2025,6,29071.19,bbl,21765.3,mscf
Hassi R'Mel,Transportation,Operations,Area X,2025,8,13307.61,bbl,120933.22,mscf
In Salah,Marketing,Logistics,Field A,2024,11,20782.38,bbl,184125.97,mscf
Hassi R'Mel,Exploration & Production,Operations,Field A,2024,11,13066.29,bbl,162523.9,mscf
Illizi,Refining,Drilling,Block 1,2023,9,35586.42,bbl,188788.44,mscf
Rhourde Nouss,Transportation,Operations,Field B,2023,6,10668.91,bbl,87340.17,mscf
In Salah,Refining,Production,Block 2,2023,4,29732.81,bbl,163780.82,mscf
Adrar,Marketing,Drilling,Area Y,2023,2,1505.11,bbl,141202.08,mscf
In Salah,Transportation,Drilling,Block 1,2023,3,43135.37,bbl,147017.01,mscf
Hassi R'Mel,Exploration & Production,Production,Area Y,2022,5,48664.16,bbl,49074.75,mscf
Hassi Messaoud,Refining,Drilling,Field B,2024,4,46734.73,bbl,122151.13,mscf
Berkine,Refining,Production,Block 1,2025,11,26447.21,bbl,135835.08,mscf
In Salah,Transportation,Drilling,Area Y,2025,5,16068.53,bbl,66701.56,mscf
Rhourde Nouss,Marketing,Drilling,Block 1,2025,1,36267.86,bbl,54608.37,mscf
Rhourde Nouss,Marketing,Operations,Block 1,2025,3,10864.51,bbl,150564.19,mscf
In Salah,Exploration & Production,Drilling,Field A,2022,4,6112.03,bbl,61573.45,mscf
In Salah,Transportation,Logistics,Area Y,2024,11,22860.68,bbl,145559.98,mscf
Berkine,Refining,Production,Area Y,2025,11,20499.21,bbl,102567.79,mscf
Hassi Messaoud,Transportation,Drilling,Area X,2023,2,18992.53,bbl,69903.37,mscf
Hassi R'Mel,Marketing,Logistics,Block 2,2023,11,2355.27,bbl,77955.62,mscf
Rhourde Nouss,Refining,Drilling,Field B,2022,7,28128.31,bbl,102554.1,mscf
In Salah,Refining,Drilling,Field A,2022,12,32833.2,bbl,10891.74,mscf
Rhourde Nouss,Exploration & Production,Production,Block 2,2023,5,35184.69,bbl,53268.09,mscf
Hassi R'Mel,Exploration & Production,Drilling,Area X,2023,5,17832.73,bbl,134279.49,mscf
In Salah,Exploration & Production,Logistics,Block 2,2024,3,1805.88,bbl,116156.72,mscf
Hassi Messaoud,Exploration & Production,Drilling,Block 1,2023,2,15503.44,bbl,199699.09,mscf
Hassi Messaoud,Refining,Drilling,Field A,2024,11,35308.42,bbl,56098.98,mscf
Hassi Messaoud,Marketing,Production,Block 1,2025,2,10968.16,bbl,122613.11,mscf
Hassi Messaoud,Transportation,Drilling,Block 1,2022,5,5106.76,bbl,123557.77,mscf
Adrar,Exploration & Production,Production,Block 1,2023,2,12762.38,bbl,106174.99,mscf
Rhourde Nouss,Marketing,Logistics,Area Y,2024,4,1860.79,bbl,65776.66,mscf
Illizi,Marketing,Operations,Block 1,2022,9,43279.72,bbl,181926.31,mscf
Hassi Messaoud,Exploration & Production,Logistics,Block 2,2022,8,36372.66,bbl,161172.9,mscf
Illizi,Transportation,Logistics,Area X,2024,10,32474.15,bbl,30770.93,mscf
Adrar,Transportation,Drilling,Area Y,2022,3,33044.08,bbl,7675.43,mscf
In Salah,Exploration & Production,Drilling,Field A,2024,10,10160.26,bbl,102579.54,mscf
Hassi R'Mel,Exploration & Production,Logistics,Area Y,2022,12,29927.12,bbl,72472.38,mscf
Berkine,Transportation,Production,Area Y,2022,4,23518.14,bbl,67984.53,mscf
Berkine,Transportation,Drilling,Area X,2025,9,13825.17,bbl,146075.32,mscf
Hassi Messaoud,Transportation,Drilling,Field B,2023,12,35705.5,bbl,179021.54,mscf
Berkine,Marketing,Operations,Block 1,2024,8,19369.12,bbl,107525.31,mscf
Adrar,Transportation,Production,Block 1,2024,7,41835.06,bbl,188476.6,mscf
Illizi,Refining,Drilling,Field A,2022,4,2494.98,bbl,16115.31,mscf
Hassi Messaoud,Exploration & Production,Operations,Area X,2024,8,10303.68,bbl,140491.89,mscf
Adrar,Marketing,Production,Block 2,2025,12,43177.77,bbl,126738.01,mscf
Rhourde Nouss,Exploration & Production,Operations,Block 2,2025,2,25405.15,bbl,152487.76,mscf
Rhourde Nouss,Marketing,Operations,Field B,2025,10,4686.61,bbl,189299.11,mscf
Berkine,Refining,Logistics,Block 2,2023,1,23825.17,bbl,187492.71,mscf
In Salah,Marketing,Production,Block 2,2022,10,21392.65,bbl,77015.88,mscf
Rhourde Nouss,Transportation,Production,Field A,2022,7,5252.04,bbl,52404.77,mscf
Berkine,Refining,Production,Block 2,2023,2,47959.88,bbl,164697.55,mscf
In Salah,Refining,Drilling,Area Y,2022,1,27741.1,bbl,176785.26,mscf
Hassi R'Mel,Refining,Drilling,Area X,2022,5,39664.79,bbl,38661.44,mscf
Hassi Messaoud,Refining,Production,Field B,2023,9,30482.25,bbl,164670.6,mscf
In Salah,Refining,Drilling,Field A,2022,12,24674.85,bbl,107671.44,mscf
Hassi Messaoud,Marketing,Production,Block 1,2025,8,35929.14,bbl,196266.75,mscf
Hassi R'Mel,Transportation,Operations,Area Y,2023,1,28303.89,bbl,101089.39,mscf
Rhourde Nouss,Marketing,Drilling,Field B,2025,6,13674.55,bbl,118235.56,mscf
Rhourde Nouss,Exploration & Production,Operations,Area X,2023,6,32809.92,bbl,56806.65,mscf
Illizi,Exploration & Production,Drilling,Area X,2022,1,44954.1,bbl,148432.17,mscf
Hassi R'Mel,Exploration & Production,Drilling,Block 2,2024,8,42588.31,bbl,96442.47,mscf
Hassi R'Mel,Transportation,Logistics,Field B,2023,10,27690.61,bbl,50595.39,mscf
Hassi Messaoud,Transportation,Logistics,Area X,2025,3,11072.23,bbl,35737.72,mscf
Illizi,Marketing,Operations,Block 2,2023,5,22364.94,bbl,61052.61,mscf
Adrar,Exploration & Production,Drilling,Field A,2024,10,41484.28,bbl,116248.58,mscf
In Salah,Marketing,Operations,Field A,2023,5,19608.02,bbl,130535.1,mscf
Hassi R'Mel,Marketing,Drilling,Field B,2024,11,35057.52,bbl,85397.42,mscf
Rhourde Nouss,Exploration & Production,Operations,Block 1,2023,1,21287.36,bbl,163142.78,mscf
Berkine,Exploration & Production,Logistics,Area Y,2025,9,30554.74,bbl,46424.24,mscf
Berkine,Exploration & Production,Drilling,Area X,2022,11,25290.76,bbl,120844.77,mscf
In Salah,Marketing,Operations,Area Y,2024,11,24311.34,bbl,24920.04,mscf
Rhourde Nouss,Refining,Operations,Field B,2025,6,40598.98,bbl,23477.71,mscf
In Salah,Refining,Production,Field A,2022,1,29457.49,bbl,156143.38,mscf
Rhourde Nouss,Exploration & Production,Drilling,Block 2,2025,12,41937.85,bbl,144193.31,mscf
Illizi,Transportation,Operations,Area Y,2023,1,37940.59,bbl,168550.67,mscf
Rhourde Nouss,Marketing,Production,Area Y,2023,1,21606.57,bbl,88572.63,mscf
Hassi R'Mel,Transportation,Operations,Field A,2022,9,24460.51,bbl,173886.46,mscf
Rhourde Nouss,Exploration & Production,Operations,Area Y,2025,6,22677.1,bbl,90465.04,mscf
Hassi Messaoud,Refining,Operations,Block 2,2023,8,31740.33,bbl,167165.09,mscf
In Salah,Exploration & Production,Production,Field A,2023,8,16733.76,bbl,153920.3,mscf
Berkine,Transportation,Operations,Block 2,2024,10,15792.97,bbl,171384.69,mscf
Adrar,Refining,Operations,Area X,2024,1,15668.7,bbl,59576.05,mscf
Illizi,Exploration & Production,Drilling,Field B,2025,12,46783.53,bbl,31228.79,mscf
Adrar,Transportation,Drilling,Field A,2022,9,49172.83,bbl,76185.01,mscf
In Salah,Marketing,Operations,Field B,2022,7,9649.33,bbl,14496.73,mscf
Hassi R'Mel,Refining,Operations,Field B,2022,7,34698.0,bbl,14296.85,mscf
Rhourde Nouss,Refining,Drilling,Field B,2025,2,15588.67,bbl,120189.14,mscf
Berkine,Transportation,Drilling,Field B,2024,11,1399.25,bbl,127298.52,mscf
Berkine,Exploration & Production,Production,Field A,2024,3,23826.38,bbl,153228.42,mscf
In Salah,Refining,Logistics,Area X,2025,8,28449.76,bbl,175240.23,mscf
Hassi Messaoud,Transportation,Production,Block 1,2025,11,3165.69,bbl,112497.35,mscf
Berkine,Exploration & Production,Operations,Block 1,2025,3,4630.24,bbl,39538.15,mscf
In Salah,Marketing,Drilling,Field A,2024,5,45701.93,bbl,61527.75,mscf
Rhourde Nouss,Transportation,Logistics,Block 1,2024,5,6311.71,bbl,87735.47,mscf
Rhourde Nouss,Marketing,Production,Field B,2023,10,45294.7,bbl,137690.32,mscf
Illizi,Transportation,Logistics,Block 2,2022,3,33986.61,bbl,181358.04,mscf
Hassi Messaoud,Transportation,Logistics,Field B,2025,12,27836.24,bbl,192662.23,mscf
Hassi R'Mel,Exploration & Production,Production,Block 1,2022,11,26862.14,bbl,181655.2,mscf
Hassi R'Mel,Refining,Operations,Field B,2024,8,3530.62,bbl,139594.48,mscf
Adrar,Transportation,Production,Field B,2022,12,28934.89,bbl,48206.1,mscf
Rhourde Nouss,Transportation,Drilling,Area X,2024,3,32426.2,bbl,21327.76,mscf
Berkine,Transportation,Logistics,Area Y,2022,4,22971.55,bbl,159566.59,mscf
Illizi,Exploration & Production,Logistics,Block 2,2025,6,25112.05,bbl,74425.34,mscf
In Salah,Transportation,Drilling,Area Y,2024,6,12145.75,bbl,145748.27,mscf
In Salah,Transportation,Operations,Area X,2023,8,40420.22,bbl,55430.32,mscf
Rhourde Nouss,Marketing,Drilling,Block 1,2022,2,43920.74,bbl,62260.86,mscf
Hassi R'Mel,Marketing,Production,Block 2,2023,4,21647.89,bbl,106468.73,mscf
In Salah,Refining,Logistics,Area Y,2022,8,6204.62,bbl,164609.1,mscf
In Salah,Transportation,Logistics,Area Y,2024,11,46785.84,bbl,110879.75,mscf
Adrar,Refining,Operations,Block 1,2022,12,25367.89,bbl,106943.71,mscf
Berkine,Refining,Production,Field B,2024,3,30964.1,bbl,165091.13,mscf
Rhourde Nouss,Marketing,Logistics,Field A,2022,7,11172.24,bbl,104820.68,mscf
Berkine,Refining,Operations,Area X,2022,7,4495.34,bbl,136020.67,mscf
Berkine,Refining,Drilling,Field A,2024,5,15233.25,bbl,111523.98,mscf
Hassi Messaoud,Refining,Drilling,Area X,2022,3,9917.39,bbl,62472.03,mscf
Rhourde Nouss,Marketing,Production,Block 2,2025,4,11387.84,bbl,73215.83,mscf
Illizi,Transportation,Logistics,Field B,2024,2,35765.44,bbl,16463.41,mscf
Hassi Messaoud,Refining,Production,Area Y,2022,9,28642.22,bbl,59909.59,mscf
In Salah,Marketing,Logistics,Area X,2024,4,7937.92,bbl,161787.75,mscf
Hassi R'Mel,Marketing,Production,Field B,2025,7,26178.32,bbl,193253.43,mscf
Berkine,Marketing,Operations,Area Y,2024,11,11009.67,bbl,159335.37,mscf
Illizi,Marketing,Production,Area X,2022,5,40099.67,bbl,28103.6,mscf
Adrar,Transportation,Operations,Block 1,2024,1,43581.72,bbl,70677.03,mscf
Hassi Messaoud,Refining,Drilling,Block 2,2024,5,47767.61,bbl,165863.71,mscf
Hassi Messaoud,Marketing,Drilling,Block 1,2023,3,21415.82,bbl,173389.89,mscf
Hassi R'Mel,Marketing,Logistics,Field A,2025,12,24022.94,bbl,38587.19,mscf
Hassi Messaoud,Exploration & Production,Operations,Field B,2024,4,40310.85,bbl,185229.27,mscf
Berkine,Exploration & Production,Logistics,Area X,2024,7,48649.61,bbl,83184.73,mscf
Hassi R'Mel,Exploration & Production,Production,Block 2,2023,12,11173.39,bbl,173872.15,mscf
Hassi Messaoud,Marketing,Production,Area Y,2025,9,13757.18,bbl,62860.97,mscf
Hassi R'Mel,Refining,Logistics,Area Y,2024,6,3673.45,bbl,9947.26,mscf
Illizi,Transportation,Drilling,Block 2,2024,7,24588.9,bbl,145701.76,mscf
Hassi Messaoud,Exploration & Production,Logistics,Field B,2025,1,26368.27,bbl,26919.77,mscf
Rhourde Nouss,Exploration & Production,Drilling,Block 1,2025,7,29302.62,bbl,170008.17,mscf
In Salah,Refining,Drilling,Block 2,2024,10,25875.32,bbl,97535.28,mscf
Illizi,Exploration & Production,Production,Block 1,2022,11,22220.24,bbl,169175.06,mscf
Berkine,Transportation,Drilling,Area X,2023,2,20025.84,bbl,68707.26,mscf
In Salah,Marketing,Logistics,Area Y,2022,4,7694.35,bbl,137261.01,mscf
Illizi,Refining,Logistics,Field B,2024,4,30710.96,bbl,29822.37,mscf
Adrar,Refining,Production,Area Y,2023,9,43306.55,bbl,87053.46,mscf
Hassi Messaoud,Refining,Production,Field A,2025,11,39777.03,bbl,33939.39,mscf
Hassi Messaoud,Transportation,Drilling,Field B,2023,4,7322.26,bbl,134611.93,mscf
Illizi,Transportation,Operations,Field B,2023,1,22553.07,bbl,140697.96,mscf
Adrar,Refining,Production,Area X,2024,2,3110.28,bbl,119993.68,mscf
Hassi Messaoud,Marketing,Drilling,Field A,2023,2,48383.76,bbl,31040.33,mscf
In Salah,Refining,Logistics,Block 1,2022,8,35910.24,bbl,155788.35,mscf
Adrar,Marketing,Production,Block 1,2025,9,14250.7,bbl,70696.72,mscf
Illizi,Exploration & Production,Drilling,Area Y,2025,5,43844.28,bbl,7528.36,mscf
Illizi,Exploration & Production,Operations,Block 1,2022,8,33842.97,bbl,43641.17,mscf
Illizi,Exploration & Production,Logistics,Block 2,2025,1,22962.7,bbl,88588.95,mscf
Hassi R'Mel,Transportation,Production,Field A,2023,4,26937.44,bbl,101425.92,mscf
Hassi R'Mel,Marketing,Operations,Field A,2023,3,24607.69,bbl,195095.33,mscf
In Salah,Marketing,Logistics,Area X,2025,7,11648.83,bbl,171164.07,mscf
In Salah,Marketing,Drilling,Field A,2025,7,1275.0,bbl,102697.61,mscf
Berkine,Transportation,Production,Field A,2022,9,8877.93,bbl,184450.7,mscf
Berkine,Refining,Logistics,Area X,2022,5,45162.49,bbl,141981.55,mscf
Hassi Messaoud,Marketing,Production,Area Y,2022,10,7656.38,bbl,145105.28,mscf
In Salah,Marketing,Logistics,Block 2,2024,5,7585.29,bbl,127619.61,mscf
Rhourde Nouss,Exploration & Production,Drilling,Block 2,2023,1,23127.31,bbl,173779.58,mscf
Illizi,Transportation,Operations,Block 2,2025,4,24889.73,bbl,75485.35,mscf
Illizi,Refining,Logistics,Field B,2024,7,49650.09,bbl,28258.85,mscf
Adrar,Marketing,Drilling,Block 2,2025,7,25065.24,bbl,61659.64,mscf
Adrar,Marketing,Logistics,Block 2,2024,10,14652.53,bbl,76827.06,mscf
Illizi,Exploration & Production,Operations,Field A,2023,3,15317.57,bbl,154003.21,mscf
Illizi,Transportation,Production,Field B,2023,8,10973.05,bbl,148839.33,mscf
Adrar,Exploration & Production,Operations,Field A,2024,2,4746.87,bbl,70752.02,mscf
Rhourde Nouss,Transportation,Production,Area X,2024,1,41011.38,bbl,197566.21,mscf
Berkine,Transportation,Drilling,Block 2,2022,1,9458.14,bbl,196647.76,mscf
Adrar,Transportation,Drilling,Field A,2024,7,26374.1,bbl,139899.7,mscf
Rhourde Nouss,Refining,Operations,Area X,2022,2,39181.44,bbl,84197.64,mscf
Adrar,Marketing,Drilling,Area Y,2024,4,36762.66,bbl,86860.55,mscf
Berkine,Refining,Production,Block 1,2022,4,11553.15,bbl,59664.3,mscf
Rhourde Nouss,Exploration & Production,Logistics,Field A,2023,1,24241.47,bbl,164419.5,mscf
Adrar,Exploration & Production,Logistics,Block 1,2024,4,19706.83,bbl,22972.83,mscf
Hassi Messaoud,Transportation,Drilling,Block 2,2024,6,32028.01,bbl,158162.46,mscf
Berkine,Transportation,Operations,Area X,2025,6,23922.2,bbl,50554.18,mscf
Hassi R'Mel,Marketing,Operations,Block 2,2022,1,9365.75,bbl,48160.68,mscf
Adrar,Transportation,Logistics,Field A,2023,8,39595.26,bbl,120678.25,mscf
Berkine,Transportation,Operations,Block 2,2022,6,37307.43,bbl,37334.58,mscf
Rhourde Nouss,Refining,Operations,Field B,2024,9,18204.56,bbl,101927.6,mscf
Illizi,Refining,Drilling,Area Y,2025,8,2998.85,bbl,131564.38,mscf
Illizi,Exploration & Production,Production,Block 2,2023,4,9430.3,bbl,89254.25,mscf
Hassi R'Mel,Exploration & Production,Operations,Area Y,2023,5,26713.04,bbl,189041.62,mscf
Illizi,Exploration & Production,Production,Field B,2024,1,32356.85,bbl,40162.89,mscf
Rhourde Nouss,Refining,Logistics,Block 2,2024,6,49629.11,bbl,9413.96,mscf
Berkine,Marketing,Production,Field B,2022,9,34274.32,bbl,110795.7,mscf
Adrar,Transportation,Logistics,Field B,2024,1,30674.84,bbl,137053.68,mscf
Hassi Messaoud,Exploration & Production,Operations,Field A,2022,1,27196.24,bbl,16137.51,mscf
Hassi Messaoud,Marketing,Operations,Area Y,2022,3,10072.45,bbl,199323.29,mscf
Berkine,Marketing,Logistics,Field B,2022,5,32463.51,bbl,23507.36,mscf
Berkine,Exploration & Production,Production,Block 1,2023,7,9462.48,bbl,56536.24,mscf
Adrar,Exploration & Production,Drilling,Field A,2025,2,13140.07,bbl,141565.42,mscf
Hassi R'Mel,Exploration & Production,Operations,Block 2,2023,12,45646.49,bbl,11996.36,mscf
Hassi R'Mel,Exploration & Production,Production,Block 1,2023,2,38952.61,bbl,99394.64,mscf
Berkine,Refining,Operations,Field B,2025,10,22715.79,bbl,77745.61,mscf
Adrar,Marketing,Production,Field A,2022,4,16154.73,bbl,22104.39,mscf
Berkine,Transportation,Production,Area Y,2025,11,30381.26,bbl,132831.29,mscf
Hassi R'Mel,Exploration & Production,Operations,Block 1,2024,11,39401.14,bbl,79791.74,mscf
Rhourde Nouss,Refining,Logistics,Block 2,2022,3,10530.92,bbl,164034.68,mscf
Berkine,Transportation,Logistics,Block 2,2023,6,17245.9,bbl,140978.57,mscf
Hassi Messaoud,Transportation,Operations,Block 1,2022,1,20989.3,bbl,46885.99,mscf
Berkine,Marketing,Production,Block 1,2022,7,34202.84,bbl,64270.45,mscf
Illizi,Refining,Production,Field A,2024,8,2804.13,bbl,117350.17,mscf
Hassi Messaoud,Exploration & Production,Operations,Area Y,2025,7,18507.93,bbl,35212.78,mscf
Hassi Messaoud,Marketing,Operations,Field B,2022,7,43777.85,bbl,115770.08,mscf
Hassi R'Mel,Exploration & Production,Production,Block 2,2025,7,9473.26,bbl,123788.47,mscf
In Salah,Marketing,Logistics,Field B,2022,5,5431.35,bbl,25901.64,mscf
Rhourde Nouss,Marketing,Logistics,Field A,2024,6,2338.81,bbl,83690.22,mscf
Illizi,Transportation,Production,Block 1,2023,12,43622.78,bbl,135567.13,mscf
Adrar,Exploration & Production,Operations,Block 2,2024,10,31541.75,bbl,117259.28,mscf
In Salah,Refining,Operations,Field A,2022,12,15597.55,bbl,170177.02,mscf
Adrar,Refining,Operations,Field B,2025,12,45542.66,bbl,43422.59,mscf
Hassi R'Mel,Refining,Operations,Field A,2024,9,25862.19,bbl,133175.81,mscf
Illizi,Refining,Operations,Field B,2025,1,46434.32,bbl,199662.94,mscf
Illizi,Refining,Logistics,Area Y,2023,12,45553.99,bbl,113515.51,mscf
Berkine,Transportation,Production,Area X,2022,12,32304.25,bbl,64207.97,mscf
Illizi,Marketing,Operations,Area X,2022,12,6504.9,bbl,168233.43,mscf
Adrar,Refining,Drilling,Area X,2025,8,49308.49,bbl,71401.21,mscf
Rhourde Nouss,Transportation,Drilling,Field A,2023,11,14238.69,bbl,20390.44,mscf
Adrar,Transportation,Drilling,Block 1,2025,1,25201.04,bbl,33989.05,mscf
Hassi Messaoud,Exploration & Production,Drilling,Block 2,2025,11,27403.23,bbl,104982.77,mscf
Rhourde Nouss,Transportation,Drilling,Area Y,2022,8,23465.85,bbl,127264.97,mscf
In Salah,Refining,Drilling,Field B,2024,5,21574.63,bbl,160305.78,mscf
Hassi Messaoud,Refining,Logistics,Block 2,2025,3,46029.78,bbl,183568.2,mscf
Adrar,Refining,Drilling,Block 1,2023,10,20145.0,bbl,119728.38,mscf
Hassi R'Mel,Refining,Operations,Field B,2023,10,22884.55,bbl,170037.33,mscf
Adrar,Marketing,Drilling,Block 2,2022,12,18694.86,bbl,166270.77,mscf
In Salah,Refining,Operations,Field A,2022,5,18832.6,bbl,129107.99,mscf
Berkine,Marketing,Operations,Field A,2023,3,46068.04,bbl,8947.87,mscf
Hassi R'Mel,Marketing,Drilling,Field B,2024,5,43967.48,bbl,40898.33,mscf
Berkine,Exploration & Production,Operations,Block 1,2025,8,21483.53,bbl,185720.25,mscf
In Salah,Transportation,Operations,Area X,2022,11,6841.76,bbl,186493.29,mscf
Rhourde Nouss,Marketing,Operations,Area X,2024,1,44942.19,bbl,129517.26,mscf
In Salah,Marketing,Production,Area Y,2023,2,1977.88,bbl,51842.5,mscf
Berkine,Exploration & Production,Operations,Area X,2025,1,3981.55,bbl,179961.46,mscf
Adrar,Transportation,Logistics,Area X,2023,11,24725.41,bbl,92204.41,mscf
In Salah,Refining,Drilling,Block 2,2022,11,14630.49,bbl,14086.27,mscf
In Salah,Exploration & Production,Logistics,Block 2,2025,7,41294.28,bbl,127432.47,mscf
Berkine,Exploration & Production,Production,Block 2,2023,9,37371.19,bbl,123830.05,mscf
Hassi Messaoud,Refining,Operations,Block 1,2022,9,3488.3,bbl,7836.44,mscf
Illizi,Transportation,Logistics,Field B,2024,6,41872.02,bbl,108595.43,mscf
Adrar,Transportation,Logistics,Field B,2022,4,36111.06,bbl,166196.4,mscf
Hassi Messaoud,Transportation,Drilling,Area Y,2024,2,18040.78,bbl,74704.69,mscf
Rhourde Nouss,Transportation,Logistics,Field B,2022,9,8186.23,bbl,69058.41,mscf
Rhourde Nouss,Refining,Production,Field A,2025,4,38890.91,bbl,161255.85,mscf
Adrar,Marketing,Production,Area Y,2023,12,17774.93,bbl,57688.61,mscf
Rhourde Nouss,Transportation,Logistics,Block 1,2023,2,42335.72,bbl,163510.09,mscf
Rhourde Nouss,Transportation,Operations,Block 1,2024,4,31582.93,bbl,172906.08,mscf
Illizi,Exploration & Production,Operations,Field A,2022,12,29475.86,bbl,159883.21,mscf
Hassi Messaoud,Marketing,Logistics,Block 2,2024,9,16860.18,bbl,122162.04,mscf
Illizi,Refining,Operations,Field B,2025,9,42654.53,bbl,64082.0,mscf
In Salah,Transportation,Production,Block 1,2025,11,14556.07,bbl,156818.69,mscf
Hassi R'Mel,Transportation,Logistics,Field A,2024,3,28201.18,bbl,166096.69,mscf
Adrar,Refining,Drilling,Block 1,2024,3,35924.42,bbl,78507.23,mscf
Rhourde Nouss,Marketing,Production,Area X,2025,10,27584.1,bbl,121656.8,mscf
Hassi R'Mel,Transportation,Drilling,Area Y,2022,4,45962.61,bbl,61206.75,mscf
Adrar,Exploration & Production,Operations,Area X,2023,2,26307.52,bbl,157908.23,mscf
Hassi Messaoud,Transportation,Production,Area X,2022,6,24325.93,bbl,132602.61,mscf
In Salah,Marketing,Operations,Area Y,2023,12,14284.82,bbl,17547.89,mscf
In Salah,Exploration & Production,Drilling,Area X,2022,8,36109.26,bbl,107639.29,mscf
Hassi Messaoud,Exploration & Production,Logistics,Area Y,2024,3,34171.85,bbl,15614.75,mscf
Illizi,Exploration & Production,Drilling,Field A,2022,9,35162.71,bbl,178896.75,mscf
In Salah,Transportation,Operations,Block 2,2023,7,19799.56,bbl,189537.89,mscf
Hassi R'Mel,Transportation,Production,Block 1,2025,3,32573.59,bbl,98183.57,mscf
Adrar,Refining,Operations,Block 2,2022,4,3273.88,bbl,22277.12,mscf
Hassi Messaoud,Transportation,Drilling,Field A,2022,8,35069.61,bbl,117015.64,mscf
Hassi Messaoud,Transportation,Production,Block 1,2025,5,4661.93,bbl,127585.85,mscf
Hassi Messaoud,Transportation,Operations,Area X,2023,2,43524.48,bbl,25308.98,mscf
Adrar,Exploration & Production,Drilling,Block 1,2023,10,47918.57,bbl,183703.96,mscf
Hassi R'Mel,Refining,Production,Field A,2023,10,24044.38,bbl,44047.79,mscf
In Salah,Marketing,Production,Area Y,2025,10,22106.63,bbl,82339.99,mscf
Illizi,Marketing,Production,Field B,2024,7,6140.03,bbl,11681.86,mscf
Rhourde Nouss,Refining,Operations,Area X,2024,7,6507.77,bbl,163056.13,mscf
Illizi,Transportation,Logistics,Field B,2024,5,35568.08,bbl,67922.51,mscf
Adrar,Marketing,Logistics,Block 1,2024,10,45805.87,bbl,80627.54,mscf
Rhourde Nouss,Refining,Production,Block 2,2022,5,24616.62,bbl,111873.9,mscf
Berkine,Marketing,Production,Field B,2024,5,21366.84,bbl,38774.79,mscf
Illizi,Marketing,Drilling,Block 2,2024,7,31390.73,bbl,72589.97,mscf
Rhourde Nouss,Refining,Production,Field A,2022,9,46154.9,bbl,141714.43,mscf
Hassi R'Mel,Refining,Production,Field B,2023,11,35808.44,bbl,16590.13,mscf
Berkine,Transportation,Production,Field A,2023,9,47713.45,bbl,168130.58,mscf
Rhourde Nouss,Marketing,Logistics,Area X,2023,8,18343.41,bbl,113786.8,mscf
Adrar,Marketing,Logistics,Field A,2025,12,2241.69,bbl,134482.66,mscf
Adrar,Marketing,Production,Field A,2023,2,13547.21,bbl,179559.85,mscf
Rhourde Nouss,Refining,Operations,Field B,2025,2,3280.55,bbl,109779.72,mscf
Rhourde Nouss,Transportation,Drilling,Field A,2023,11,11376.41,bbl,126444.52,mscf
In Salah,Refining,Logistics,Field A,2025,3,45550.71,bbl,112120.91,mscf
In Salah,Transportation,Logistics,Field B,2025,4,14950.81,bbl,161535.58,mscf
In Salah,Refining,Production,Field B,2024,2,33639.01,bbl,50310.48,mscf
Adrar,Exploration & Production,Logistics,Block 2,2025,1,36730.12,bbl,196729.34,mscf
Berkine,Exploration & Production,Logistics,Field A,2024,2,32768.77,bbl,177713.63,mscf
Adrar,Marketing,Operations,Block 1,2024,12,15532.14,bbl,154435.49,mscf
Illizi,Refining,Production,Area X,2022,11,22578.31,bbl,92688.34,mscf
Hassi R'Mel,Refining,Operations,Area Y,2025,11,9877.58,bbl,197202.29,mscf
Adrar,Refining,Operations,Area X,2023,8,7835.92,bbl,107908.33,mscf
Hassi R'Mel,Exploration & Production,Drilling,Block 1,2025,6,44014.38,bbl,172051.83,mscf
Berkine,Transportation,Logistics,Field A,2023,1,5400.79,bbl,78585.35,mscf
Rhourde Nouss,Marketing,Logistics,Field A,2022,12,29406.13,bbl,93406.12,mscf
In Salah,Transportation,Operations,Field A,2022,5,7419.8,bbl,6885.98,mscf
Berkine,Refining,Operations,Area Y,2025,6,13701.95,bbl,132095.66,mscf
Hassi Messaoud,Marketing,Logistics,Area Y,2022,12,14565.3,bbl,182318.87,mscf
Berkine,Refining,Logistics,Block 1,2022,4,42429.11,bbl,100486.46,mscf
Rhourde Nouss,Exploration & Production,Logistics,Field A,2023,7,43271.92,bbl,47347.71,mscf
Berkine,Transportation,Drilling,Field B,2023,2,46264.05,bbl,180664.11,mscf
Rhourde Nouss,Marketing,Drilling,Field A,2022,9,33435.42,bbl,150872.79,mscf
Rhourde Nouss,Marketing,Operations,Field B,2024,6,8531.67,bbl,176633.97,mscf
Hassi Messaoud,Transportation,Operations,Field A,2025,6,17281.95,bbl,135410.96,mscf
In Salah,Transportation,Drilling,Area X,2023,9,21970.42,bbl,83592.2,mscf
Adrar,Exploration & Production,Drilling,Field B,2025,7,23562.61,bbl,164089.47,mscf
In Salah,Transportation,Logistics,Block 2,2025,1,48351.97,bbl,67989.87,mscf
In Salah,Exploration & Production,Drilling,Block 1,2023,12,31944.8,bbl,149760.9,mscf
Berkine,Transportation,Logistics,Area Y,2023,4,41970.47,bbl,131843.18,mscf
Hassi Messaoud,Transportation,Drilling,Area Y,2025,8,13461.66,bbl,21937.99,mscf
In Salah,Transportation,Logistics,Area Y,2025,11,20477.47,bbl,140333.48,mscf
Illizi,Exploration & Production,Operations,Field A,2023,1,19203.99,bbl,193625.92,mscf
Hassi Messaoud,Marketing,Production,Field A,2023,10,12479.19,bbl,21098.36,mscf
Berkine,Transportation,Logistics,Field B,2022,10,17258.72,bbl,87256.26,mscf
Adrar,Transportation,Logistics,Field B,2025,8,46242.65,bbl,199414.21,mscf
Rhourde Nouss,Exploration & Production,Production,Field A,2023,5,42643.66,bbl,184658.18,mscf
Berkine,Exploration & Production,Logistics,Area Y,2024,10,45132.56,bbl,12424.05,mscf
Rhourde Nouss,Exploration & Production,Drilling,Field A,2022,3,48713.89,bbl,198266.13,mscf
Berkine,Marketing,Drilling,Block 1,2022,3,22590.03,bbl,135670.28,mscf
Rhourde Nouss,Transportation,Production,Field B,2022,3,46890.74,bbl,43605.48,mscf
Adrar,Transportation,Logistics,Area X,2023,3,36785.07,bbl,107432.19,mscf
Hassi Messaoud,Transportation,Drilling,Field B,2025,9,44733.79,bbl,112701.55,mscf
Berkine,Exploration & Production,Drilling,Field A,2022,4,9739.76,bbl,146400.52,mscf
Berkine,Refining,Operations,Area Y,2023,1,5289.05,bbl,51257.91,mscf
Rhourde Nouss,Exploration & Production,Operations,Area X,2025,12,18111.37,bbl,181190.87,mscf
Rhourde Nouss,Transportation,Drilling,Field A,2024,9,42616.1,bbl,87514.69,mscf
Adrar,Exploration & Production,Drilling,Field B,2025,10,3955.52,bbl,45882.16,mscf
Rhourde Nouss,Exploration & Production,Drilling,Block 1,2024,12,48015.07,bbl,122335.73,mscf
In Salah,Exploration & Production,Production,Block 2,2022,3,28557.52,bbl,124871.71,mscf
In Salah,Marketing,Production,Area Y,2024,6,20250.79,bbl,58905.46,mscf
Adrar,Exploration & Production,Operations,Field A,2023,4,25638.5,bbl,160171.26,mscf
In Salah,Exploration & Production,Drilling,Block 2,2025,11,31592.22,bbl,23132.57,mscf
Rhourde Nouss,Refining,Drilling,Field A,2025,12,39184.41,bbl,71631.08,mscf
Rhourde Nouss,Exploration & Production,Logistics,Area X,2022,11,43161.46,bbl,147702.81,mscf
Berkine,Transportation,Logistics,Area Y,2024,1,9708.02,bbl,24336.42,mscf
Hassi R'Mel,Transportation,Production,Area X,2024,6,18756.34,bbl,39221.93,mscf
In Salah,Transportation,Drilling,Block 1,2024,10,6432.71,bbl,97183.68,mscf
Hassi Messaoud,Transportation,Operations,Area Y,2023,12,8009.2,bbl,167094.51,mscf
Illizi,Transportation,Drilling,Block 1,2025,4,46571.73,bbl,126167.02,mscf
Berkine,Marketing,Production,Field A,2024,4,1939.02,bbl,182517.76,mscf
Hassi R'Mel,Transportation,Logistics,Area X,2022,10,36476.08,bbl,5531.66,mscf
Adrar,Refining,Production,Block 1,2023,8,28531.99,bbl,166215.88,mscf
Hassi R'Mel,Transportation,Production,Field A,2023,9,33330.81,bbl,100616.39,mscf
Adrar,Refining,Logistics,Area X,2023,5,10705.12,bbl,40261.47,mscf
Hassi R'Mel,Transportation,Drilling,Block 1,2022,5,10827.47,bbl,47619.86,mscf
Illizi,Marketing,Drilling,Area Y,2022,11,49900.83,bbl,38216.33,mscf
Hassi Messaoud,Exploration & Production,Drilling,Block 1,2024,12,19456.12,bbl,129357.83,mscf
In Salah,Marketing,Operations,Area X,2023,10,40054.72,bbl,123159.45,mscf
Hassi Messaoud,Exploration & Production,Logistics,Field A,2023,7,44167.01,bbl,198432.87,mscf
Hassi Messaoud,Refining,Production,Area Y,2025,8,30922.33,bbl,69722.9,mscf
Adrar,Transportation,Production,Block 1,2022,4,47090.22,bbl,108980.17,mscf
Berkine,Transportation,Operations,Field A,2022,12,24632.41,bbl,14500.52,mscf
Adrar,Transportation,Drilling,Block 2,2024,5,47402.63,bbl,135030.56,mscf
Hassi R'Mel,Exploration & Production,Production,Area X,2025,9,33079.99,bbl,30611.59,mscf
Hassi R'Mel,Refining,Operations,Field B,2023,6,4463.54,bbl,179829.15,mscf
Adrar,Exploration & Production,Drilling,Field A,2024,9,42192.67,bbl,156908.5,mscf
Berkine,Transportation,Logistics,Area X,2024,1,28307.86,bbl,160365.04,mscf
Rhourde Nouss,Refining,Logistics,Field B,2022,9,19351.31,bbl,195298.93,mscf
Berkine,Transportation,Operations,Area Y,2023,4,23367.64,bbl,160607.55,mscf
Illizi,Exploration & Production,Drilling,Block 1,2024,9,11922.45,bbl,167006.13,mscf
Illizi,Transportation,Logistics,Field B,2024,6,44238.98,bbl,81852.03,mscf
Adrar,Transportation,Production,Field A,2022,7,37174.46,bbl,11165.43,mscf
Hassi Messaoud,Transportation,Logistics,Field B,2023,1,36106.19,bbl,191007.69,mscf
In Salah,Marketing,Drilling,Area Y,2023,7,26383.25,bbl,193388.44,mscf
Hassi Messaoud,Refining,Drilling,Field A,2025,8,25642.6,bbl,96164.23,mscf
Adrar,Exploration & Production,Drilling,Block 1,2022,3,5031.07,bbl,50155.58,mscf
Adrar,Transportation,Drilling,Area X,2024,4,26961.17,bbl,127273.9,mscf
Hassi Messaoud,Refining,Production,Block 1,2025,10,24552.95,bbl,54995.57,mscf
Illizi,Refining,Production,Field B,2022,3,32494.84,bbl,158544.04,mscf
Rhourde Nouss,Refining,Drilling,Field B,2023,11,38228.27,bbl,34803.6,mscf
Adrar,Marketing,Operations,Area Y,2024,11,25100.51,bbl,110801.53,mscf
Adrar,Transportation,Production,Area X,2023,4,16292.14,bbl,158803.27,mscf
Adrar,Refining,Operations,Block 1,2022,5,40502.22,bbl,45729.99,mscf
Illizi,Refining,Operations,Block 1,2024,12,43493.33,bbl,183257.31,mscf
Hassi R'Mel,Refining,Logistics,Field A,2023,3,22071.35,bbl,194870.62,mscf
Hassi Messaoud,Exploration & Production,Logistics,Area Y,2023,11,46266.76,bbl,191042.79,mscf
Berkine,Marketing,Production,Field A,2023,4,34765.75,bbl,7210.73,mscf
In Salah,Transportation,Operations,Block 2,2023,6,39348.8,bbl,75547.7,mscf
Rhourde Nouss,Marketing,Logistics,Block 1,2022,5,22874.62,bbl,35864.74,mscf
Hassi Messaoud,Exploration & Production,Drilling,Block 1,2025,11,13055.4,bbl,10878.04,mscf
Hassi Messaoud,Exploration & Production,Logistics,Block 1,2022,7,38666.87,bbl,48291.51,mscf
Hassi Messaoud,Refining,Operations,Block 2,2024,2,34137.94,bbl,25563.48,mscf
Illizi,Refining,Drilling,Field A,2025,7,9974.7,bbl,198020.53,mscf
Illizi,Marketing,Operations,Area Y,2024,11,13336.88,bbl,48776.91,mscf
Adrar,Exploration & Production,Logistics,Area X,2025,6,34115.76,bbl,94200.44,mscf
Berkine,Transportation,Drilling,Area X,2022,12,24051.63,bbl,166384.49,mscf
Adrar,Refining,Logistics,Area X,2024,1,40792.84,bbl,157324.85,mscf
Adrar,Refining,Operations,Field B,2024,10,36226.12,bbl,83049.96,mscf
In Salah,Exploration & Production,Production,Field A,2023,5,4893.93,bbl,57065.53,mscf
Hassi R'Mel,Exploration & Production,Drilling,Block 1,2024,1,4162.39,bbl,39227.18,mscf
In Salah,Exploration & Production,Operations,Block 1,2025,11,5647.61,bbl,17525.02,mscf
Berkine,Refining,Drilling,Area X,2023,4,21263.19,bbl,9418.67,mscf
Illizi,Exploration & Production,Logistics,Field B,2023,2,44022.35,bbl,42653.67,mscf
Berkine,Transportation,Operations,Area Y,2023,1,24467.07,bbl,60960.76,mscf
In Salah,Refining,Drilling,Block 1,2025,11,32561.45,bbl,131783.72,mscf
Rhourde Nouss,Marketing,Logistics,Area Y,2022,2,49052.88,bbl,142251.44,mscf
Adrar,Marketing,Logistics,Area Y,2025,11,42533.02,bbl,88229.25,mscf
Hassi R'Mel,Marketing,Production,Area Y,2022,5,39051.34,bbl,132076.27,mscf
In Salah,Refining,Logistics,Block 2,2025,4,45741.09,bbl,57857.15,mscf
Illizi,Refining,Drilling,Field A,2023,11,13064.93,bbl,147689.01,mscf
Rhourde Nouss,Marketing,Operations,Area X,2023,12,15879.6,bbl,134157.94,mscf
Hassi Messaoud,Exploration & Production,Drilling,Field B,2024,11,19379.31,bbl,30189.38,mscf
Rhourde Nouss,Marketing,Logistics,Area X,2025,9,34784.27,bbl,44540.96,mscf
Berkine,Refining,Operations,Field A,2022,2,11106.29,bbl,106137.23,mscf
Rhourde Nouss,Marketing,Production,Block 1,2023,6,41098.98,bbl,54100.82,mscf
Berkine,Marketing,Production,Field A,2022,5,31101.21,bbl,198857.11,mscf
Berkine,Transportation,Drilling,Block 1,2022,8,13895.72,bbl,12202.91,mscf
Illizi,Refining,Operations,Block 1,2022,5,1897.75,bbl,168251.55,mscf
Berkine,Marketing,Operations,Area Y,2025,10,49268.04,bbl,80204.63,mscf
Hassi R'Mel,Exploration & Production,Logistics,Area X,2023,6,9880.8,bbl,153394.88,mscf
In Salah,Exploration & Production,Operations,Block 2,2022,1,5226.34,bbl,196278.38,mscf
Illizi,Marketing,Production,Block 1,2025,2,24286.59,bbl,166936.92,mscf
In Salah,Transportation,Production,Field B,2024,4,41519.72,bbl,177435.78,mscf
Illizi,Refining,Operations,Block 2,2022,9,26592.5,bbl,115865.62,mscf
In Salah,Transportation,Production,Field B,2022,8,1413.41,bbl,143835.5,mscf
In Salah,Refining,Logistics,Area Y,2023,11,4765.31,bbl,11193.9,mscf
In Salah,Exploration & Production,Logistics,Block 2,2025,4,32435.41,bbl,139101.8,mscf
In Salah,Exploration & Production,Production,Field A,2022,10,41222.7,bbl,137979.56,mscf
Adrar,Exploration & Production,Production,Area X,2025,1,8309.0,bbl,97835.69,mscf
Illizi,Exploration & Production,Drilling,Block 1,2023,7,32281.48,bbl,15080.13,mscf
Hassi R'Mel,Refining,Operations,Block 2,2025,12,2459.03,bbl,179795.43,mscf
Hassi R'Mel,Marketing,Production,Field A,2022,10,43115.18,bbl,193326.27,mscf
Illizi,Refining,Production,Area Y,2023,2,10656.71,bbl,180088.16,mscf
Illizi,Marketing,Operations,Field A,2022,8,24927.71,bbl,149802.11,mscf
Berkine,Exploration & Production,Production,Field B,2022,1,5731.28,bbl,73401.98,mscf
Illizi,Transportation,Production,Block 2,2022,4,8245.75,bbl,118633.2,mscf
Illizi,Transportation,Logistics,Area Y,2024,7,49335.66,bbl,41675.53,mscf
Adrar,Marketing,Operations,Field A,2022,6,39220.24,bbl,82765.64,mscf
Hassi Messaoud,Exploration & Production,Drilling,Block 1,2024,4,17398.86,bbl,147742.01,mscf
Illizi,Exploration & Production,Production,Block 2,2024,9,4214.04,bbl,110291.85,mscf
Illizi,Marketing,Drilling,Field A,2023,8,21929.92,bbl,49728.5,mscf
Rhourde Nouss,Transportation,Drilling,Block 1,2025,2,48047.33,bbl,154964.52,mscf
Illizi,Transportation,Operations,Block 2,2025,4,34478.16,bbl,121488.98,mscf
Hassi Messaoud,Refining,Production,Field B,2025,4,12558.82,bbl,72558.16,mscf
In Salah,Transportation,Drilling,Field B,2022,6,28830.22,bbl,108247.39,mscf
Rhourde Nouss,Marketing,Operations,Block 2,2023,10,8493.35,bbl,52499.8,mscf
Rhourde Nouss,Refining,Logistics,Area Y,2024,1,16071.45,bbl,184047.49,mscf
In Salah,Marketing,Logistics,Field A,2024,9,8865.57,bbl,69297.57,mscf
Berkine,Transportation,Logistics,Field B,2023,1,40916.88,bbl,37264.9,mscf
Rhourde Nouss,Exploration & Production,Logistics,Block 1,2024,10,43549.79,bbl,77994.91,mscf
In Salah,Transportation,Production,Field A,2024,7,3087.21,bbl,186437.23,mscf
In Salah,Marketing,Drilling,Area Y,2023,8,15909.03,bbl,43174.02,mscf
Hassi R'Mel,Refining,Logistics,Block 2,2023,5,35996.89,bbl,138479.33,mscf
Adrar,Refining,Logistics,Field B,2023,7,8482.77,bbl,154847.68,mscf
Adrar,Exploration & Production,Production,Field A,2025,7,18910.95,bbl,47329.05,mscf
Hassi R'Mel,Marketing,Operations,Block 1,2023,8,23575.35,bbl,63222.55,mscf
Rhourde Nouss,Exploration & Production,Production,Area Y,2025,10,17669.46,bbl,163055.64,mscf
Hassi R'Mel,Transportation,Operations,Area Y,2024,10,29545.91,bbl,73094.03,mscf
Illizi,Exploration & Production,Operations,Block 2,2022,11,6189.82,bbl,184928.25,mscf
Berkine,Transportation,Operations,Block 1,2024,4,25489.49,bbl,115251.97,mscf
Berkine,Transportation,Logistics,Block 2,2025,7,49696.69,bbl,28228.79,mscf
Adrar,Marketing,Drilling,Block 1,2024,11,47066.45,bbl,103087.59,mscf
Hassi R'Mel,Exploration & Production,Logistics,Area Y,2022,1,25242.96,bbl,40822.95,mscf
Hassi Messaoud,Exploration & Production,Operations,Area X,2023,1,46847.47,bbl,67032.33,mscf
Illizi,Transportation,Drilling,Field B,2025,7,25390.36,bbl,184531.49,mscf
In Salah,Marketing,Operations,Field A,2024,8,40579.81,bbl,26378.58,mscf
Hassi R'Mel,Refining,Logistics,Block 2,2025,10,2679.27,bbl,94292.21,mscf
Berkine,Transportation,Operations,Block 1,2022,7,15765.67,bbl,174044.13,mscf
Illizi,Exploration & Production,Logistics,Block 1,2024,12,24660.05,bbl,59131.11,mscf
Illizi,Exploration & Production,Operations,Area X,2024,10,39365.48,bbl,93773.45,mscf
In Salah,Refining,Logistics,Field A,2022,2,35067.61,bbl,94052.1,mscf
Rhourde Nouss,Refining,Operations,Area Y,2024,7,31952.49,bbl,144635.8,mscf
Rhourde Nouss,Refining,Logistics,Block 2,2023,3,2587.0,bbl,50223.56,mscf
Illizi,Marketing,Production,Area Y,2022,3,43478.21,bbl,151825.15,mscf
Hassi Messaoud,Exploration & Production,Logistics,Field A,2022,9,31193.02,bbl,175887.94,mscf
Adrar,Marketing,Logistics,Block 2,2025,8,2763.91,bbl,71610.9,mscf
Hassi Messaoud,Transportation,Logistics,Area X,2024,6,24853.67,bbl,18873.97,mscf
Berkine,Marketing,Logistics,Area Y,2022,12,9780.76,bbl,135110.2,mscf
Adrar,Refining,Production,Area Y,2025,3,41751.18,bbl,112589.75,mscf
Berkine,Marketing,Operations,Field A,2022,1,12430.22,bbl,168693.93,mscf
In Salah,Exploration & Production,Production,Area Y,2022,11,4338.47,bbl,31410.44,mscf
In Salah,Transportation,Operations,Area X,2022,4,4459.09,bbl,122705.24,mscf
In Salah,Refining,Logistics,Block 2,2023,1,44675.85,bbl,41348.49,mscf
Hassi Messaoud,Marketing,Drilling,Field A,2024,9,38848.62,bbl,152328.72,mscf
Hassi Messaoud,Exploration & Production,Operations,Field A,2022,9,41774.39,bbl,198990.33,mscf
In Salah,Refining,Production,Block 2,2025,9,23570.67,bbl,135977.66,mscf
In Salah,Marketing,Operations,Area X,2022,8,2187.65,bbl,95781.5,mscf
Berkine,Transportation,Operations,Block 2,2024,8,9347.37,bbl,7267.44,mscf
Illizi,Exploration & Production,Operations,Area Y,2023,12,36861.84,bbl,119564.07,mscf
In Salah,Refining,Drilling,Field A,2023,11,10915.74,bbl,15173.66,mscf
Adrar,Exploration & Production,Production,Block 2,2025,4,9712.57,bbl,64683.65,mscf
Hassi R'Mel,Refining,Production,Field B,2023,11,41329.62,bbl,60933.49,mscf
Adrar,Marketing,Operations,Field B,2024,10,11755.01,bbl,101541.85,mscf
Hassi R'Mel,Exploration & Production,Logistics,Field B,2023,11,42884.64,bbl,23971.39,mscf
Berkine,Marketing,Production,Area Y,2025,2,21464.65,bbl,165195.62,mscf
Illizi,Marketing,Drilling,Field A,2024,2,2917.28,bbl,61889.09,mscf
Hassi Messaoud,Marketing,Logistics,Field A,2024,4,40125.53,bbl,59392.49,mscf
In Salah,Transportation,Operations,Field B,2023,5,23948.46,bbl,9951.37,mscf
Hassi Messaoud,Refining,Production,Field B,2025,1,20954.81,bbl,150088.89,mscf
Berkine,Exploration & Production,Logistics,Block 1,2025,1,34441.78,bbl,44316.09,mscf
In Salah,Exploration & Production,Drilling,Field A,2022,3,21731.11,bbl,51239.15,mscf
Adrar,Exploration & Production,Operations,Field B,2025,11,38410.05,bbl,142995.34,mscf
In Salah,Exploration & Production,Drilling,Block 1,2023,12,44979.23,bbl,16417.47,mscf
Berkine,Exploration & Production,Drilling,Block 1,2022,9,7752.4,bbl,193269.98,mscf
Hassi R'Mel,Marketing,Drilling,Area X,2024,10,30949.88,bbl,165553.68,mscf
In Salah,Marketing,Logistics,Area Y,2023,1,33419.11,bbl,35236.82,mscf
In Salah,Refining,Logistics,Area Y,2023,5,33827.18,bbl,72814.21,mscf
Adrar,Transportation,Operations,Area Y,2022,2,19762.99,bbl,174090.39,mscf
Adrar,Exploration & Production,Drilling,Block 2,2022,2,33689.16,bbl,160702.82,mscf
In Salah,Transportation,Production,Field B,2024,12,23663.64,bbl,85726.43,mscf
Rhourde Nouss,Marketing,Logistics,Field A,2022,3,37069.6,bbl,187806.52,mscf
Adrar,Refining,Production,Block 1,2022,2,46341.8,bbl,142629.04,mscf
Hassi R'Mel,Refining,Drilling,Area Y,2023,8,29995.25,bbl,99566.61,mscf
In Salah,Transportation,Logistics,Field B,2025,8,7599.72,bbl,145599.63,mscf
Berkine,Refining,Operations,Area Y,2022,5,36957.27,bbl,91672.47,mscf
Hassi R'Mel,Exploration & Production,Drilling,Block 1,2024,2,38033.65,bbl,122276.44,mscf
Illizi,Exploration & Production,Operations,Field A,2025,5,11308.14,bbl,6696.1,mscf
Rhourde Nouss,Exploration & Production,Production,Field A,2024,1,29014.22,bbl,150904.19,mscf
Adrar,Transportation,Operations,Field B,2024,2,26412.95,bbl,9229.56,mscf
Adrar,Exploration & Production,Drilling,Area Y,2024,9,36884.05,bbl,142730.0,mscf
Hassi Messaoud,Marketing,Production,Block 2,2024,11,35842.51,bbl,109405.75,mscf
Illizi,Marketing,Logistics,Field B,2022,1,35853.31,bbl,184073.01,mscf
Berkine,Marketing,Drilling,Field B,2025,3,25070.46,bbl,86030.96,mscf
Rhourde Nouss,Refining,Production,Field B,2023,8,47319.53,bbl,194361.27,mscf
Adrar,Transportation,Logistics,Field A,2023,9,44858.68,bbl,143323.14,mscf
In Salah,Exploration & Production,Logistics,Area Y,2024,12,48027.02,bbl,55762.76,mscf
Berkine,Transportation,Operations,Area X,2023,6,36393.48,bbl,65653.94,mscf
Rhourde Nouss,Refining,Operations,Block 1,2022,5,36865.79,bbl,186638.65,mscf
Hassi R'Mel,Marketing,Drilling,Area X,2022,1,45628.73,bbl,142726.5,mscf
Illizi,Marketing,Operations,Area X,2022,3,45724.56,bbl,142362.04,mscf
Adrar,Marketing,Drilling,Area X,2022,6,46648.51,bbl,144078.89,mscf
Hassi R'Mel,Refining,Drilling,Field A,2022,8,31934.54,bbl,183172.75,mscf
Berkine,Marketing,Production,Area X,2024,4,16213.03,bbl,44690.32,mscf
Hassi Messaoud,Refining,Operations,Block 1,2024,1,33471.87,bbl,78438.7,mscf
Hassi R'Mel,Refining,Drilling,Area Y,2022,9,5803.68,bbl,10084.5,mscf
Hassi R'Mel,Transportation,Logistics,Area Y,2023,10,16350.07,bbl,39040.64,mscf
Hassi Messaoud,Exploration & Production,Logistics,Block 1,2023,12,33272.14,bbl,184840.64,mscf
Hassi R'Mel,Marketing,Drilling,Block 1,2022,2,45753.88,bbl,12124.6,mscf
Adrar,Transportation,Operations,Field B,2022,5,30600.72,bbl,187097.24,mscf
Hassi Messaoud,Transportation,Drilling,Field B,2022,4,42838.46,bbl,183930.22,mscf
Hassi Messaoud,Transportation,Operations,Area Y,2023,6,5824.48,bbl,197197.52,mscf
Rhourde Nouss,Marketing,Production,Block 1,2025,11,36358.62,bbl,162439.95,mscf
Adrar,Transportation,Drilling,Field A,2023,4,19679.41,bbl,82297.85,mscf
Adrar,Refining,Logistics,Block 2,2024,3,45618.61,bbl,107342.29,mscf
Illizi,Exploration & Production,Production,Area Y,2022,2,7575.37,bbl,15933.75,mscf
Hassi R'Mel,Exploration & Production,Drilling,Block 2,2023,7,11280.71,bbl,164153.07,mscf
Rhourde Nouss,Transportation,Operations,Field B,2025,7,21773.69,bbl,177015.69,mscf
Adrar,Exploration & Production,Logistics,Block 2,2024,12,34179.12,bbl,81347.5,mscf
Hassi Messaoud,Exploration & Production,Drilling,Area Y,2022,12,11783.51,bbl,58712.62,mscf
Illizi,Refining,Operations,Area X,2022,8,26123.49,bbl,50069.18,mscf
Rhourde Nouss,Refining,Production,Field A,2023,7,48001.76,bbl,64174.18,mscf
Hassi Messaoud,Exploration & Production,Production,Block 2,2023,8,25400.32,bbl,77591.46,mscf
Berkine,Transportation,Logistics,Field A,2024,1,41848.21,bbl,145975.4,mscf
In Salah,Marketing,Logistics,Field A,2024,1,40182.8,bbl,183856.73,mscf
Hassi Messaoud,Marketing,Logistics,Block 1,2024,10,1946.57,bbl,17573.87,mscf
Berkine,Refining,Drilling,Area Y,2022,2,8764.44,bbl,38259.27,mscf
Hassi R'Mel,Exploration & Production,Drilling,Area X,2025,5,48956.22,bbl,106972.48,mscf
Hassi R'Mel,Exploration & Production,Operations,Area Y,2025,5,15022.42,bbl,50125.91,mscf
Berkine,Marketing,Production,Area X,2023,5,31866.12,bbl,134306.1,mscf
Adrar,Exploration & Production,Drilling,Area Y,2023,10,6916.29,bbl,22470.49,mscf
Berkine,Transportation,Drilling,Area Y,2022,3,8885.33,bbl,109876.77,mscf
Berkine,Refining,Production,Field A,2022,12,23095.43,bbl,67504.74,mscf
Hassi R'Mel,Refining,Drilling,Field B,2023,6,8670.85,bbl,63014.96,mscf
Hassi R'Mel,Transportation,Logistics,Field B,2025,7,8180.32,bbl,168791.9,mscf
Hassi Messaoud,Refining,Operations,Block 2,2023,3,49115.47,bbl,105852.73,mscf
Rhourde Nouss,Exploration & Production,Drilling,Area Y,2025,8,25170.33,bbl,41069.03,mscf
Adrar,Marketing,Production,Area X,2023,12,34209.98,bbl,165772.6,mscf
Hassi R'Mel,Exploration & Production,Production,Field A,2023,2,16964.15,bbl,127882.05,mscf
Berkine,Exploration & Production,Drilling,Block 2,2024,6,40565.31,bbl,55547.63,mscf
Berkine,Marketing,Logistics,Area X,2022,3,9059.08,bbl,163020.6,mscf
Berkine,Exploration & Production,Logistics,Area X,2025,5,41501.5,bbl,24070.37,mscf
Berkine,Marketing,Operations,Field B,2023,10,28858.35,bbl,79078.85,mscf
Berkine,Exploration & Production,Production,Field A,2023,6,47095.55,bbl,125395.43,mscf
Hassi R'Mel,Exploration & Production,Production,Field B,2022,7,37937.05,bbl,37282.06,mscf
In Salah,Exploration & Production,Drilling,Area Y,2022,4,36274.27,bbl,127631.95,mscf
Hassi R'Mel,Marketing,Drilling,Area Y,2023,2,39150.31,bbl,52521.92,mscf
Hassi Messaoud,Refining,Drilling,Field B,2023,3,5398.12,bbl,168679.69,mscf
In Salah,Transportation,Production,Block 2,2022,1,35250.28,bbl,92806.14,mscf
Berkine,Marketing,Operations,Area X,2022,6,30697.3,bbl,6707.77,mscf
Adrar,Exploration & Production,Production,Field A,2022,8,42354.57,bbl,172075.2,mscf
Hassi R'Mel,Exploration & Production,Drilling,Field A,2025,7,34941.63,bbl,46684.49,mscf
In Salah,Exploration & Production,Logistics,Area X,2023,7,21850.86,bbl,87530.63,mscf
In Salah,Exploration & Production,Production,Block 2,2023,11,9833.33,bbl,48612.04,mscf
Rhourde Nouss,Marketing,Operations,Field A,2024,11,41031.87,bbl,116290.9,mscf
Rhourde Nouss,Transportation,Production,Block 1,2023,10,25716.75,bbl,148322.17,mscf
Illizi,Transportation,Production,Block 2,2025,6,9780.43,bbl,155779.33,mscf
Adrar,Transportation,Operations,Field A,2024,2,18402.47,bbl,111653.68,mscf
Berkine,Exploration & Production,Production,Area X,2025,2,22190.21,bbl,97800.7,mscf
Rhourde Nouss,Transportation,Production,Field B,2022,5,38083.0,bbl,169053.93,mscf
Adrar,Exploration & Production,Production,Area X,2025,9,14517.66,bbl,190302.15,mscf
Illizi,Marketing,Operations,Block 2,2024,5,37661.74,bbl,22391.15,mscf
Hassi R'Mel,Marketing,Production,Block 1,2022,10,3402.15,bbl,31733.91,mscf
Adrar,Transportation,Logistics,Field A,2022,10,4682.84,bbl,93080.8,mscf
Hassi Messaoud,Refining,Operations,Area X,2022,3,1149.91,bbl,76250.96,mscf
Berkine,Exploration & Production,Operations,Block 1,2024,5,42584.19,bbl,46150.48,mscf
Adrar,Marketing,Logistics,Block 1,2023,7,41023.42,bbl,127889.82,mscf
Berkine,Exploration & Production,Logistics,Field A,2022,9,13213.66,bbl,91760.69,mscf
Berkine,Refining,Production,Area X,2024,1,16103.11,bbl,148867.58,mscf
In Salah,Transportation,Operations,Field B,2024,6,36378.89,bbl,61757.94,mscf
Rhourde Nouss,Exploration & Production,Operations,Area X,2024,11,39565.37,bbl,58122.52,mscf
Hassi R'Mel,Marketing,Logistics,Field B,2022,1,41481.85,bbl,53724.68,mscf
Adrar,Marketing,Operations,Field A,2024,7,18166.51,bbl,116711.76,mscf
Berkine,Transportation,Operations,Area Y,2022,8,7162.46,bbl,195551.88,mscf
In Salah,Marketing,Operations,Block 2,2024,1,28331.44,bbl,197858.0,mscf
Adrar,Refining,Operations,Area Y,2024,5,7901.61,bbl,162454.24,mscf
In Salah,Exploration & Production,Production,Field B,2023,8,16025.39,bbl,157546.23,mscf
Hassi Messaoud,Refining,Logistics,Field B,2022,8,16749.02,bbl,179785.29,mscf
Illizi,Transportation,Logistics,Area X,2023,11,2430.31,bbl,23719.1,mscf
Hassi R'Mel,Exploration & Production,Operations,Block 2,2025,7,29397.28,bbl,73791.46,mscf
Rhourde Nouss,Exploration & Production,Logistics,Field A,2024,7,13724.96,bbl,55866.86,mscf
Hassi R'Mel,Refining,Drilling,Block 1,2024,1,8254.36,bbl,102182.72,mscf
Berkine,Refining,Production,Field A,2024,5,15021.14,bbl,137491.11,mscf
Berkine,Marketing,Operations,Block 1,2025,4,26292.94,bbl,81005.33,mscf
Adrar,Marketing,Logistics,Area X,2023,6,47838.05,bbl,46335.1,mscf
Rhourde Nouss,Marketing,Operations,Area X,2023,8,23976.04,bbl,142208.42,mscf
Hassi R'Mel,Transportation,Drilling,Field A,2023,11,38237.52,bbl,182777.32,mscf
In Salah,Marketing,Production,Block 2,2024,8,28850.88,bbl,29054.3,mscf
In Salah,Exploration & Production,Logistics,Field A,2022,11,7758.39,bbl,164771.87,mscf
Adrar,Exploration & Production,Production,Field A,2025,5,11464.83,bbl,132297.29,mscf
In Salah,Refining,Drilling,Field A,2024,8,21635.09,bbl,102177.61,mscf
Rhourde Nouss,Exploration & Production,Logistics,Field B,2022,9,45260.67,bbl,46001.0,mscf
Berkine,Transportation,Operations,Field B,2023,8,19336.88,bbl,126636.59,mscf
Adrar,Transportation,Production,Area X,2025,2,14041.15,bbl,104457.91,mscf
Rhourde Nouss,Refining,Logistics,Field B,2024,10,45895.5,bbl,104500.79,mscf
Adrar,Marketing,Production,Block 1,2025,3,11929.66,bbl,176775.54,mscf
In Salah,Exploration & Production,Operations,Block 1,2024,11,38609.59,bbl,112771.38,mscf
Hassi R'Mel,Refining,Operations,Block 1,2023,12,31455.13,bbl,30136.09,mscf
Adrar,Transportation,Operations,Area X,2022,11,14107.5,bbl,76849.49,mscf
Illizi,Refining,Operations,Area X,2025,9,7736.05,bbl,130579.02,mscf
In Salah,Marketing,Drilling,Area X,2024,6,12979.29,bbl,97409.01,mscf
Rhourde Nouss,Refining,Operations,Area X,2023,9,31722.1,bbl,46106.97,mscf
Illizi,Transportation,Logistics,Field A,2022,3,1034.06,bbl,94305.41,mscf
Illizi,Exploration & Production,Logistics,Block 1,2024,3,23370.49,bbl,140756.45,mscf
Illizi,Refining,Operations,Field B,2022,9,44364.52,bbl,75745.46,mscf
Adrar,Exploration & Production,Operations,Block 2,2023,6,24596.26,bbl,80878.33,mscf
Rhourde Nouss,Transportation,Logistics,Field B,2022,11,22771.24,bbl,194767.03,mscf
Rhourde Nouss,Transportation,Production,Area Y,2023,7,1224.67,bbl,24699.61,mscf
Hassi R'Mel,Marketing,Production,Area Y,2022,4,23596.55,bbl,95531.05,mscf
Illizi,Transportation,Production,Field B,2024,12,41753.12,bbl,35573.52,mscf
In Salah,Transportation,Production,Block 2,2024,8,21415.49,bbl,105144.07,mscf
Illizi,Exploration & Production,Logistics,Field B,2025,12,23275.3,bbl,183611.2,mscf
In Salah,Refining,Operations,Area X,2022,9,24682.72,bbl,127868.56,mscf
Berkine,Refining,Operations,Block 1,2023,10,22051.2,bbl,197383.17,mscf
Berkine,Refining,Drilling,Area X,2025,6,27284.0,bbl,43162.25,mscf
Hassi Messaoud,Marketing,Logistics,Field A,2024,11,16131.0,bbl,190154.24,mscf
Hassi Messaoud,Transportation,Logistics,Block 2,2022,11,30128.78,bbl,94263.99,mscf
Berkine,Marketing,Production,Field A,2022,3,3007.19,bbl,149658.28,mscf
Rhourde Nouss,Marketing,Drilling,Field A,2025,9,8328.6,bbl,149053.62,mscf
Hassi Messaoud,Marketing,Production,Block 2,2025,9,9473.3,bbl,163378.3,mscf
Hassi R'Mel,Marketing,Logistics,Area Y,2023,7,39183.84,bbl,52234.28,mscf
In Salah,Refining,Logistics,Block 2,2025,8,35329.39,bbl,23446.77,mscf
Hassi R'Mel,Transportation,Logistics,Block 1,2022,11,12088.69,bbl,18154.48,mscf
Rhourde Nouss,Refining,Drilling,Field A,2024,8,15408.28,bbl,176427.95,mscf
In Salah,Transportation,Production,Field A,2025,9,16429.32,bbl,69645.22,mscf
Hassi R'Mel,Refining,Operations,Area X,2024,8,17783.87,bbl,15566.26,mscf
Rhourde Nouss,Refining,Production,Block 1,2025,8,1326.66,bbl,7721.29,mscf
Hassi R'Mel,Refining,Operations,Area X,2022,12,30287.8,bbl,54902.86,mscf
Rhourde Nouss,Exploration & Production,Logistics,Area X,2023,7,32415.94,bbl,190616.35,mscf
Hassi R'Mel,Exploration & Production,Production,Area X,2025,3,43232.34,bbl,86893.38,mscf
Adrar,Refining,Logistics,Field A,2023,7,31911.61,bbl,165218.72,mscf
Adrar,Exploration & Production,Drilling,Area Y,2024,6,35690.81,bbl,177098.34,mscf
Hassi Messaoud,Marketing,Logistics,Field A,2022,8,39036.49,bbl,92344.66,mscf
Hassi R'Mel,Transportation,Operations,Area X,2022,8,15165.08,bbl,127387.51,mscf
Hassi Messaoud,Transportation,Operations,Block 1,2024,3,11334.65,bbl,93019.55,mscf
Berkine,Exploration & Production,Drilling,Block 2,2024,7,9204.07,bbl,54776.8,mscf
Berkine,Marketing,Drilling,Field A,2023,5,8109.94,bbl,65995.24,mscf
Berkine,Refining,Production,Field B,2024,8,26683.38,bbl,152587.09,mscf
Rhourde Nouss,Exploration & Production,Logistics,Block 1,2025,5,29967.57,bbl,56628.2,mscf
In Salah,Marketing,Production,Area Y,2024,7,40753.85,bbl,85817.75,mscf
Hassi R'Mel,Marketing,Logistics,Area Y,2022,9,32798.74,bbl,13553.74,mscf
Berkine,Transportation,Production,Area X,2022,9,12770.48,bbl,176604.84,mscf
In Salah,Transportation,Logistics,Field A,2023,12,24531.44,bbl,145515.62,mscf
Hassi Messaoud,Exploration & Production,Logistics,Area X,2023,4,16961.41,bbl,22636.03,mscf
Illizi,Transportation,Production,Area Y,2023,5,44161.17,bbl,11007.13,mscf
Hassi Messaoud,Marketing,Drilling,Field A,2022,8,19907.0,bbl,94126.7,mscf
In Salah,Transportation,Production,Field A,2022,7,26771.94,bbl,147116.72,mscf
Berkine,Transportation,Logistics,Field B,2024,3,40771.96,bbl,143267.61,mscf
Hassi R'Mel,Transportation,Operations,Field A,2022,7,18332.41,bbl,176534.67,mscf
Berkine,Transportation,Drilling,Block 1,2022,4,31501.17,bbl,61070.36,mscf
Adrar,Exploration & Production,Logistics,Area X,2025,10,9473.8,bbl,136847.15,mscf
Illizi,Refining,Operations,Field A,2024,6,49928.63,bbl,67826.49,mscf
Berkine,Transportation,Production,Block 2,2025,11,48285.72,bbl,93454.01,mscf
Berkine,Marketing,Operations,Block 1,2025,7,18334.24,bbl,146288.61,mscf
Illizi,Transportation,Production,Field B,2024,5,44054.88,bbl,71526.3,mscf
In Salah,Refining,Production,Area X,2022,8,13870.17,bbl,177090.81,mscf
Rhourde Nouss,Refining,Logistics,Block 2,2025,6,12356.87,bbl,51298.09,mscf
Rhourde Nouss,Marketing,Logistics,Area X,2022,10,33953.65,bbl,164412.01,mscf
Berkine,Marketing,Drilling,Field B,2022,11,14789.05,bbl,8023.12,mscf
Adrar,Transportation,Production,Field A,2025,10,29215.68,bbl,138323.41,mscf
Adrar,Refining,Drilling,Area X,2022,12,39879.24,bbl,186153.27,mscf
Berkine,Exploration & Production,Operations,Area X,2025,9,11468.59,bbl,60155.54,mscf
Adrar,Exploration & Production,Drilling,Block 2,2024,2,11727.17,bbl,26550.43,mscf
Berkine,Refining,Logistics,Area X,2025,11,29720.1,bbl,186441.64,mscf
Illizi,Marketing,Operations,Field B,2024,11,1845.67,bbl,165998.27,mscf
Adrar,Exploration & Production,Production,Field A,2023,7,9747.86,bbl,61822.26,mscf
Berkine,Marketing,Logistics,Area X,2025,1,27276.13,bbl,43551.8,mscf
Illizi,Transportation,Production,Area X,2025,5,16777.12,bbl,7571.0,mscf
In Salah,Exploration & Production,Logistics,Field A,2025,2,31308.46,bbl,126411.26,mscf
Hassi R'Mel,Refining,Production,Block 1,2024,7,16655.59,bbl,49876.93,mscf
Hassi Messaoud,Refining,Drilling,Area X,2023,5,45335.98,bbl,179643.08,mscf
Rhourde Nouss,Transportation,Logistics,Block 2,2025,12,40452.32,bbl,143019.75,mscf
In Salah,Marketing,Drilling,Block 1,2024,8,39888.16,bbl,162057.9,mscf
Hassi Messaoud,Marketing,Production,Field B,2022,10,48706.7,bbl,193114.5,mscf
Illizi,Exploration & Production,Drilling,Field B,2022,4,39215.31,bbl,10215.14,mscf
Hassi Messaoud,Marketing,Operations,Block 1,2023,10,38478.68,bbl,150992.32,mscf
In Salah,Exploration & Production,Operations,Area X,2025,6,37491.54,bbl,42509.41,mscf
Berkine,Marketing,Logistics,Field B,2023,5,21299.38,bbl,145486.61,mscf
Hassi R'Mel,Exploration & Production,Logistics,Block 1,2025,7,20910.61,bbl,181952.55,mscf
Illizi,Refining,Operations,Block 1,2022,5,30950.87,bbl,155727.35,mscf
Hassi R'Mel,Marketing,Operations,Area X,2024,3,15470.35,bbl,122578.17,mscf
Hassi Messaoud,Transportation,Drilling,Field A,2024,9,40018.72,bbl,196504.26,mscf
Berkine,Marketing,Production,Block 2,2025,1,27637.28,bbl,95815.24,mscf
Hassi R'Mel,Marketing,Drilling,Area Y,2023,10,22490.68,bbl,92473.33,mscf
Adrar,Refining,Drilling,Block 2,2022,2,24988.17,bbl,159692.93,mscf
Adrar,Refining,Operations,Field A,2024,8,10335.33,bbl,24821.34,mscf
Berkine,Exploration & Production,Operations,Block 2,2025,9,19583.46,bbl,62983.38,mscf
Rhourde Nouss,Transportation,Operations,Block 1,2023,11,1978.23,bbl,63266.58,mscf
In Salah,Marketing,Logistics,Area Y,2023,2,5807.07,bbl,60722.06,mscf
Hassi Messaoud,Transportation,Drilling,Field B,2025,11,45492.25,bbl,196343.9,mscf
In Salah,Exploration & Production,Operations,Block 1,2024,10,19737.97,bbl,89844.0,mscf
Adrar,Refining,Logistics,Area Y,2025,8,14515.39,bbl,69722.67,mscf
Illizi,Marketing,Operations,Field B,2023,11,2927.73,bbl,5843.86,mscf
In Salah,Marketing,Logistics,Field A,2025,10,5329.69,bbl,149234.14,mscf
Illizi,Exploration & Production,Drilling,Area Y,2025,6,43476.67,bbl,157859.45,mscf
In Salah,Refining,Production,Area X,2022,11,43917.59,bbl,108979.17,mscf
Adrar,Marketing,Production,Field A,2022,4,43846.64,bbl,172182.53,mscf
In Salah,Transportation,Drilling,Area X,2022,12,35607.89,bbl,141515.22,mscf
Hassi R'Mel,Marketing,Operations,Area X,2025,3,13562.31,bbl,119712.54,mscf
Hassi Messaoud,Refining,Production,Area Y,2025,9,16412.14,bbl,132485.29,mscf
In Salah,Marketing,Drilling,Field A,2023,2,27225.67,bbl,139543.66,mscf
Hassi Messaoud,Refining,Production,Area Y,2024,1,14733.34,bbl,45785.09,mscf
Rhourde Nouss,Refining,Production,Block 2,2022,1,34724.24,bbl,17835.25,mscf
Illizi,Transportation,Production,Area X,2024,10,27182.17,bbl,77796.49,mscf
Berkine,Marketing,Production,Block 1,2023,4,27791.41,bbl,18237.73,mscf
Illizi,Exploration & Production,Operations,Field B,2024,11,30039.36,bbl,84271.41,mscf
Hassi Messaoud,Marketing,Operations,Field A,2023,1,5750.93,bbl,24616.26,mscf
Rhourde Nouss,Refining,Drilling,Field B,2024,12,17833.31,bbl,62768.64,mscf
Rhourde Nouss,Transportation,Operations,Area Y,2025,7,16713.98,bbl,17821.21,mscf
Berkine,Transportation,Logistics,Area X,2024,9,36146.68,bbl,95714.54,mscf
Rhourde Nouss,Transportation,Operations,Field B,2024,11,6402.25,bbl,43046.8,mscf
Rhourde Nouss,Marketing,Production,Block 1,2024,10,20586.16,bbl,54657.54,mscf
Rhourde Nouss,Transportation,Logistics,Block 1,2024,11,5110.85,bbl,6246.02,mscf
Illizi,Marketing,Operations,Block 2,2023,5,25109.42,bbl,77707.36,mscf
Hassi Messaoud,Refining,Drilling,Field B,2022,12,20948.15,bbl,159204.97,mscf
Berkine,Transportation,Logistics,Area X,2023,12,1426.69,bbl,117376.17,mscf
Berkine,Marketing,Drilling,Block 2,2024,9,20170.19,bbl,173047.56,mscf
Hassi Messaoud,Refining,Drilling,Area Y,2025,6,8740.15,bbl,94125.04,mscf
Berkine,Exploration & Production,Logistics,Block 2,2025,9,27071.8,bbl,85481.85,mscf
Rhourde Nouss,Exploration & Production,Production,Field A,2024,3,8444.53,bbl,50847.62,mscf
Illizi,Refining,Operations,Block 1,2023,1,24569.78,bbl,112769.74,mscf
Rhourde Nouss,Marketing,Logistics,Field A,2022,11,37631.11,bbl,163132.26,mscf
Rhourde Nouss,Exploration & Production,Operations,Block 2,2025,6,39253.04,bbl,147615.29,mscf
Hassi Messaoud,Exploration & Production,Drilling,Field B,2022,7,44844.55,bbl,34304.26,mscf
Rhourde Nouss,Exploration & Production,Operations,Field A,2023,3,2616.01,bbl,106061.0,mscf
Rhourde Nouss,Exploration & Production,Operations,Field B,2023,7,19961.9,bbl,7723.02,mscf
In Salah,Refining,Production,Block 2,2025,3,7204.31,bbl,41461.31,mscf
In Salah,Refining,Production,Area Y,2022,10,46385.89,bbl,58934.32,mscf
Rhourde Nouss,Refining,Logistics,Field A,2024,12,43977.93,bbl,33013.6,mscf
In Salah,Refining,Operations,Block 2,2024,3,29846.13,bbl,108920.15,mscf
In Salah,Transportation,Operations,Block 2,2024,2,18722.32,bbl,170507.19,mscf
Berkine,Marketing,Operations,Area Y,2024,7,34165.74,bbl,14167.37,mscf
Hassi R'Mel,Refining,Drilling,Block 1,2023,9,33209.06,bbl,99667.21,mscf
In Salah,Transportation,Production,Block 2,2023,8,27728.43,bbl,28380.14,mscf
Illizi,Transportation,Logistics,Block 1,2025,6,23221.45,bbl,62306.67,mscf
Hassi R'Mel,Transportation,Logistics,Area Y,2025,5,44576.43,bbl,69156.13,mscf
Adrar,Exploration & Production,Production,Field B,2023,11,20170.52,bbl,163160.52,mscf
Hassi Messaoud,Refining,Logistics,Block 1,2024,6,35592.87,bbl,13482.17,mscf
Rhourde Nouss,Transportation,Operations,Area X,2023,11,6990.84,bbl,58827.18,mscf
Berkine,Transportation,Operations,Block 1,2025,3,13447.49,bbl,26246.79,mscf
Adrar,Exploration & Production,Logistics,Area X,2022,2,25983.2,bbl,72595.21,mscf
Hassi Messaoud,Refining,Operations,Area Y,2025,11,19974.42,bbl,128296.63,mscf
Adrar,Marketing,Drilling,Field A,2023,1,12100.27,bbl,92460.35,mscf
Berkine,Transportation,Drilling,Block 1,2022,4,35131.95,bbl,127262.76,mscf
Hassi R'Mel,Transportation,Drilling,Area X,2025,6,47554.54,bbl,29585.48,mscf
Adrar,Marketing,Drilling,Block 1,2023,4,7317.85,bbl,169985.11,mscf
Illizi,Exploration & Production,Drilling,Area X,2023,5,22434.39,bbl,87146.02,mscf
Hassi Messaoud,Refining,Operations,Block 2,2025,2,34319.06,bbl,99592.42,mscf
Berkine,Refining,Operations,Block 2,2024,2,19182.64,bbl,25940.27,mscf
Rhourde Nouss,Marketing,Drilling,Block 1,2024,2,33409.6,bbl,130080.53,mscf
Berkine,Exploration & Production,Operations,Block 1,2022,6,20478.28,bbl,165745.14,mscf
In Salah,Refining,Logistics,Block 2,2025,2,36451.02,bbl,158575.93,mscf
Berkine,Refining,Drilling,Block 1,2022,6,22610.54,bbl,146293.49,mscf
Hassi R'Mel,Marketing,Drilling,Block 2,2022,5,1813.43,bbl,75067.04,mscf
Hassi Messaoud,Refining,Logistics,Block 1,2025,7,31976.77,bbl,24403.16,mscf
Rhourde Nouss,Exploration & Production,Operations,Area Y,2024,1,48890.96,bbl,151517.49,mscf
Hassi Messaoud,Refining,Operations,Area Y,2023,3,6375.15,bbl,102380.74,mscf
Hassi R'Mel,Exploration & Production,Operations,Block 2,2024,7,48529.59,bbl,146731.92,mscf
Berkine,Transportation,Operations,Area X,2025,2,36997.16,bbl,109685.44,mscf
Illizi,Marketing,Operations,Block 1,2025,3,40645.53,bbl,172157.38,mscf
Berkine,Refining,Production,Block 2,2022,6,12772.6,bbl,95527.97,mscf
Illizi,Exploration & Production,Drilling,Block 1,2022,2,21778.02,bbl,65115.98,mscf
Hassi R'Mel,Marketing,Operations,Block 2,2022,5,40592.7,bbl,184898.31,mscf
Rhourde Nouss,Transportation,Logistics,Area X,2022,4,30787.86,bbl,91448.32,mscf
In Salah,Marketing,Operations,Field B,2024,1,46161.5,bbl,66835.74,mscf
Illizi,Transportation,Drilling,Area Y,2023,4,28300.5,bbl,146751.24,mscf
Berkine,Transportation,Production,Area Y,2023,8,18779.29,bbl,79501.58,mscf
Berkine,Marketing,Logistics,Area X,2025,2,1720.59,bbl,162441.23,mscf
Adrar,Transportation,Drilling,Area Y,2022,2,9556.01,bbl,108074.69,mscf
Rhourde Nouss,Transportation,Production,Area Y,2024,4,19133.81,bbl,135777.29,mscf
Hassi R'Mel,Transportation,Logistics,Area Y,2023,7,10832.6,bbl,22180.74,mscf
Rhourde Nouss,Exploration & Production,Logistics,Area X,2023,12,45225.87,bbl,74017.29,mscf
Hassi Messaoud,Refining,Logistics,Area X,2023,11,21499.45,bbl,136871.09,mscf
Illizi,Exploration & Production,Drilling,Block 1,2022,10,34482.09,bbl,49210.8,mscf
Berkine,Exploration & Production,Drilling,Field A,2023,3,10493.25,bbl,181980.67,mscf
Hassi Messaoud,Exploration & Production,Operations,Area X,2022,11,20103.5,bbl,104145.39,mscf
Adrar,Exploration & Production,Operations,Area Y,2023,7,39440.31,bbl,35402.3,mscf
Adrar,Refining,Logistics,Block 2,2025,11,10601.49,bbl,154366.6,mscf
In Salah,Refining,Logistics,Field A,2022,3,9142.26,bbl,20777.82,mscf
In Salah,Transportation,Operations,Field B,2022,4,5052.73,bbl,187606.76,mscf
Adrar,Transportation,Operations,Block 1,2024,3,18238.48,bbl,25105.16,mscf
Rhourde Nouss,Exploration & Production,Production,Block 2,2022,7,12592.36,bbl,81948.74,mscf
In Salah,Exploration & Production,Drilling,Area Y,2024,12,47838.1,bbl,64895.44,mscf
Hassi Messaoud,Refining,Drilling,Area X,2025,10,28835.97,bbl,20124.85,mscf
Adrar,Marketing,Operations,Field A,2025,1,25599.89,bbl,179087.34,mscf
In Salah,Refining,Production,Field A,2025,1,27179.39,bbl,113855.52,mscf
Illizi,Transportation,Logistics,Area X,2025,10,18726.83,bbl,104105.8,mscf
Berkine,Transportation,Logistics,Field A,2023,1,8874.91,bbl,37182.78,mscf
Illizi,Marketing,Operations,Field A,2025,3,24130.77,bbl,137976.41,mscf
Rhourde Nouss,Exploration & Production,Operations,Area X,2022,8,17678.72,bbl,76844.33,mscf
Adrar,Marketing,Operations,Block 2,2025,3,47337.76,bbl,142324.97,mscf
Adrar,Marketing,Drilling,Block 2,2023,7,6493.56,bbl,110186.75,mscf
Rhourde Nouss,Transportation,Logistics,Area Y,2024,2,32936.38,bbl,199618.46,mscf
Hassi R'Mel,Exploration & Production,Operations,Field A,2024,7,8173.27,bbl,184778.09,mscf
In Salah,Exploration & Production,Operations,Field B,2022,6,27167.16,bbl,98480.98,mscf
Adrar,Transportation,Logistics,Block 2,2024,10,13718.34,bbl,47880.45,mscf
Hassi Messaoud,Exploration & Production,Production,Area X,2023,4,41704.59,bbl,64563.84,mscf
Hassi R'Mel,Marketing,Drilling,Block 1,2024,4,21477.05,bbl,17467.5,mscf
Rhourde Nouss,Marketing,Logistics,Block 2,2022,9,22814.93,bbl,89216.24,mscf
Hassi Messaoud,Exploration & Production,Drilling,Area Y,2023,8,28193.12,bbl,110317.11,mscf
Hassi Messaoud,Transportation,Operations,Area Y,2022,5,9676.4,bbl,51480.12,mscf
Hassi Messaoud,Marketing,Drilling,Block 2,2023,11,34254.82,bbl,33787.39,mscf
Berkine,Refining,Drilling,Area Y,2023,7,41901.53,bbl,7693.75,mscf
Berkine,Refining,Logistics,Area X,2024,7,23181.56,bbl,118630.12,mscf
In Salah,Exploration & Production,Production,Field A,2024,4,49000.45,bbl,115338.87,mscf
In Salah,Exploration & Production,Operations,Area X,2023,12,45090.53,bbl,62548.27,mscf
Illizi,Refining,Drilling,Block 1,2024,6,7151.83,bbl,131657.15,mscf
Adrar,Transportation,Logistics,Field A,2023,11,37577.06,bbl,65515.3,mscf
Hassi R'Mel,Exploration & Production,Drilling,Field A,2025,1,42239.29,bbl,33968.99,mscf
Hassi Messaoud,Transportation,Operations,Block 2,2025,5,43215.59,bbl,42456.41,mscf
Illizi,Marketing,Operations,Field A,2022,3,23987.53,bbl,7696.7,mscf
Hassi R'Mel,Exploration & Production,Operations,Block 1,2022,5,43744.89,bbl,158054.09,mscf
In Salah,Exploration & Production,Operations,Area X,2025,3,25018.9,bbl,103553.47,mscf
Hassi Messaoud,Exploration & Production,Production,Area Y,2022,3,44820.95,bbl,103335.92,mscf
Hassi Messaoud,Exploration & Production,Operations,Field A,2023,7,39044.35,bbl,172324.01,mscf
Illizi,Marketing,Drilling,Block 1,2022,3,9892.26,bbl,150286.72,mscf
In Salah,Refining,Logistics,Block 2,2024,9,49481.26,bbl,23679.62,mscf
Illizi,Transportation,Operations,Area X,2023,3,16245.28,bbl,62148.67,mscf
Hassi Messaoud,Transportation,Drilling,Block 2,2024,12,1340.12,bbl,138321.6,mscf
In Salah,Transportation,Production,Block 2,2024,2,33681.86,bbl,184173.53,mscf
Rhourde Nouss,Exploration & Production,Production,Area X,2025,12,44386.98,bbl,8377.42,mscf
Hassi R'Mel,Transportation,Operations,Field A,2023,7,47422.54,bbl,43364.23,mscf
Hassi Messaoud,Refining,Logistics,Field A,2022,5,35780.78,bbl,94323.64,mscf
Hassi R'Mel,Transportation,Operations,Area Y,2025,10,49838.19,bbl,12437.92,mscf
Illizi,Refining,Production,Block 1,2023,1,7570.55,bbl,54812.6,mscf
Adrar,Refining,Operations,Area Y,2023,1,37120.89,bbl,126341.07,mscf
Rhourde Nouss,Marketing,Production,Field A,2025,4,45758.53,bbl,149130.85,mscf
Hassi Messaoud,Transportation,Production,Field B,2023,1,2207.18,bbl,70106.99,mscf
Hassi R'Mel,Exploration & Production,Logistics,Block 1,2025,1,37543.63,bbl,67612.99,mscf
Hassi R'Mel,Exploration & Production,Production,Field B,2022,8,13765.81,bbl,130801.37,mscf
Rhourde Nouss,Marketing,Operations,Field A,2024,8,43728.61,bbl,46320.58,mscf
Rhourde Nouss,Marketing,Production,Area X,2023,11,21654.9,bbl,147425.56,mscf
In Salah,Transportation,Drilling,Field B,2025,6,48928.29,bbl,149837.18,mscf
Adrar,Transportation,Logistics,Area X,2025,11,15852.25,bbl,144401.18,mscf
Hassi Messaoud,Marketing,Operations,Area X,2023,2,21345.52,bbl,19063.95,mscf
Hassi Messaoud,Exploration & Production,Drilling,Area X,2022,2,40729.85,bbl,180680.29,mscf
Berkine,Refining,Production,Area Y,2025,1,2417.58,bbl,13689.81,mscf
Berkine,Marketing,Operations,Area Y,2023,3,8095.28,bbl,35637.58,mscf
Adrar,Marketing,Drilling,Block 1,2025,8,7927.54,bbl,101329.21,mscf
Berkine,Transportation,Drilling,Block 1,2024,3,19963.57,bbl,68077.04,mscf
Rhourde Nouss,Transportation,Drilling,Field A,2023,11,5825.93,bbl,94810.35,mscf
Illizi,Transportation,Drilling,Area Y,2024,2,49241.84,bbl,80654.49,mscf
Hassi Messaoud,Refining,Operations,Area Y,2022,2,45689.85,bbl,21104.71,mscf
Hassi R'Mel,Refining,Logistics,Field B,2022,1,17988.23,bbl,114716.39,mscf
Rhourde Nouss,Refining,Production,Block 2,2023,10,38151.41,bbl,145494.87,mscf
Hassi Messaoud,Marketing,Logistics,Area Y,2025,8,15650.45,bbl,108855.16,mscf
Adrar,Marketing,Logistics,Area Y,2023,2,21858.04,bbl,45482.66,mscf
Berkine,Transportation,Production,Area Y,2024,7,11816.33,bbl,79468.89,mscf
Berkine,Transportation,Drilling,Block 1,2025,7,21598.08,bbl,128048.07,mscf
Hassi R'Mel,Refining,Logistics,Block 2,2024,1,46673.42,bbl,72919.32,mscf
Berkine,Refining,Production,Field B,2023,7,8176.51,bbl,141339.18,mscf
Adrar,Refining,Drilling,Block 1,2023,5,36758.38,bbl,73053.31,mscf
Adrar,Marketing,Operations,Block 2,2024,3,21744.0,bbl,134290.09,mscf
Rhourde Nouss,Refining,Production,Block 2,2024,3,27850.74,bbl,173640.61,mscf
Rhourde Nouss,Exploration & Production,Operations,Area Y,2023,5,29666.72,bbl,64039.37,mscf
Rhourde Nouss,Transportation,Drilling,Area X,2025,11,49553.39,bbl,30668.33,mscf
Rhourde Nouss,Exploration & Production,Logistics,Block 2,2024,12,26969.35,bbl,169572.9,mscf
Hassi Messaoud,Exploration & Production,Drilling,Field B,2025,12,32258.97,bbl,150972.23,mscf
Adrar,Transportation,Production,Area X,2024,3,4160.75,bbl,64727.82,mscf
Rhourde Nouss,Transportation,Logistics,Area X,2025,4,39169.39,bbl,179738.47,mscf
In Salah,Refining,Production,Area X,2022,11,42253.82,bbl,80033.64,mscf
Hassi Messaoud,Marketing,Logistics,Block 2,2025,10,3148.02,bbl,16580.23,mscf
Hassi Messaoud,Marketing,Operations,Block 2,2024,3,47355.7,bbl,176283.23,mscf
Rhourde Nouss,Transportation,Logistics,Block 1,2024,2,40812.88,bbl,95885.59,mscf
Rhourde Nouss,Transportation,Production,Field B,2024,7,24088.01,bbl,91205.03,mscf
Illizi,Exploration & Production,Drilling,Area Y,2025,8,32468.88,bbl,105089.31,mscf
Hassi R'Mel,Transportation,Logistics,Field A,2024,6,7238.73,bbl,199514.46,mscf
Illizi,Refining,Operations,Field A,2023,12,44626.85,bbl,52656.33,mscf
In Salah,Transportation,Production,Block 2,2022,1,19346.68,bbl,51738.23,mscf
Rhourde Nouss,Marketing,Operations,Block 2,2023,1,7863.23,bbl,30811.44,mscf
Hassi Messaoud,Transportation,Drilling,Block 1,2023,5,36972.91,bbl,98422.4,mscf
Rhourde Nouss,Marketing,Operations,Block 2,2022,1,5545.36,bbl,151200.94,mscf
In Salah,Refining,Drilling,Area Y,2023,2,37241.98,bbl,105454.18,mscf
Berkine,Marketing,Operations,Area Y,2023,12,39987.72,bbl,172578.95,mscf
Illizi,Exploration & Production,Logistics,Area Y,2023,2,23665.53,bbl,150328.34,mscf
Berkine,Refining,Operations,Block 1,2023,6,12614.33,bbl,45354.64,mscf
In Salah,Exploration & Production,Production,Area Y,2025,5,6053.56,bbl,163740.48,mscf
Illizi,Exploration & Production,Production,Field A,2024,10,35466.3,bbl,45485.36,mscf
Berkine,Exploration & Production,Production,Block 2,2024,11,22051.72,bbl,106441.9,mscf
Rhourde Nouss,Exploration & Production,Production,Area Y,2022,1,13119.09,bbl,65783.16,mscf
Hassi Messaoud,Exploration & Production,Production,Field A,2024,6,18217.54,bbl,15024.08,mscf
Hassi R'Mel,Refining,Operations,Area Y,2025,10,24791.59,bbl,59660.7,mscf
Hassi R'Mel,Marketing,Production,Area X,2023,6,16753.31,bbl,99877.34,mscf
Hassi R'Mel,Transportation,Operations,Field B,2024,8,2138.92,bbl,42054.99,mscf
Hassi R'Mel,Refining,Drilling,Field B,2024,6,48604.77,bbl,110869.82,mscf
Illizi,Refining,Operations,Area Y,2025,6,32880.31,bbl,139008.12,mscf
Adrar,Marketing,Production,Field A,2023,12,27782.34,bbl,184216.74,mscf
Hassi Messaoud,Transportation,Production,Field B,2024,12,18828.37,bbl,23800.71,mscf
Adrar,Exploration & Production,Operations,Field B,2022,5,6660.19,bbl,150383.89,mscf
Hassi Messaoud,Transportation,Operations,Area X,2024,12,6562.33,bbl,74781.69,mscf
Hassi Messaoud,Transportation,Drilling,Block 2,2023,1,3798.38,bbl,153761.16,mscf
In Salah,Exploration & Production,Operations,Block 1,2024,8,17260.28,bbl,189109.89,mscf
In Salah,Marketing,Drilling,Area Y,2023,6,37667.04,bbl,59408.36,mscf
Rhourde Nouss,Transportation,Logistics,Field B,2024,3,47093.55,bbl,29957.4,mscf
Illizi,Refining,Logistics,Field B,2022,11,32446.18,bbl,21371.76,mscf
Hassi R'Mel,Refining,Production,Block 1,2022,6,44371.34,bbl,108513.38,mscf
Illizi,Refining,Production,Area Y,2024,9,35032.22,bbl,80545.76,mscf
Adrar,Exploration & Production,Logistics,Area Y,2025,4,9888.68,bbl,107644.44,mscf
Hassi Messaoud,Transportation,Logistics,Area Y,2023,4,31823.78,bbl,134260.59,mscf
In Salah,Transportation,Drilling,Block 1,2023,9,48863.58,bbl,154170.1,mscf
In Salah,Transportation,Production,Block 2,2022,7,47682.97,bbl,81954.66,mscf
Adrar,Marketing,Operations,Field B,2022,4,37024.8,bbl,115663.19,mscf
Adrar,Refining,Logistics,Block 1,2025,8,12280.13,bbl,62354.53,mscf
Adrar,Marketing,Drilling,Area X,2024,5,7193.85,bbl,106415.44,mscf
Berkine,Transportation,Production,Area X,2023,10,8578.1,bbl,121484.65,mscf
Hassi R'Mel,Transportation,Operations,Area Y,2025,11,6225.16,bbl,150376.83,mscf
Rhourde Nouss,Transportation,Drilling,Area X,2023,1,28456.09,bbl,98106.01,mscf
Illizi,Marketing,Drilling,Area X,2024,7,23301.66,bbl,148905.34,mscf
Berkine,Exploration & Production,Operations,Area Y,2022,11,37161.23,bbl,84016.29,mscf
Hassi R'Mel,Exploration & Production,Operations,Block 2,2023,8,1477.72,bbl,41350.42,mscf
Berkine,Exploration & Production,Production,Block 2,2024,12,29932.64,bbl,50086.63,mscf
Hassi Messaoud,Marketing,Logistics,Field B,2025,5,46805.04,bbl,61507.65,mscf
Berkine,Exploration & Production,Drilling,Field B,2025,12,44522.76,bbl,12642.68,mscf
In Salah,Exploration & Production,Logistics,Field A,2022,2,21174.76,bbl,102629.49,mscf
Hassi Messaoud,Exploration & Production,Logistics,Field B,2023,1,9622.56,bbl,113509.61,mscf
Adrar,Refining,Logistics,Area Y,2022,12,24028.82,bbl,127413.3,mscf
In Salah,Transportation,Production,Area X,2025,5,16199.37,bbl,187678.5,mscf
Hassi Messaoud,Exploration & Production,Logistics,Area X,2025,8,46234.29,bbl,171558.86,mscf
Berkine,Transportation,Operations,Block 2,2023,11,6816.87,bbl,71082.0,mscf
Hassi R'Mel,Exploration & Production,Logistics,Area Y,2022,3,19967.25,bbl,60145.45,mscf
Hassi Messaoud,Exploration & Production,Drilling,Block 2,2023,1,25844.98,bbl,48594.79,mscf
Rhourde Nouss,Exploration & Production,Logistics,Area X,2024,7,46736.6,bbl,178328.45,mscf
Rhourde Nouss,Marketing,Drilling,Field B,2024,8,14514.68,bbl,98394.37,mscf
Hassi R'Mel,Exploration & Production,Logistics,Block 2,2023,1,24997.85,bbl,51831.43,mscf
Adrar,Transportation,Operations,Block 2,2022,3,3535.37,bbl,152521.59,mscf
Rhourde Nouss,Marketing,Operations,Block 2,2025,11,44604.57,bbl,56529.84,mscf
Rhourde Nouss,Exploration & Production,Operations,Area X,2025,12,47208.19,bbl,122020.34,mscf
Hassi R'Mel,Marketing,Production,Field B,2022,11,20700.13,bbl,102887.31,mscf
Berkine,Exploration & Production,Drilling,Block 2,2022,4,45781.37,bbl,150237.47,mscf
Hassi Messaoud,Marketing,Logistics,Block 1,2022,2,13805.9,bbl,110615.17,mscf
Hassi Messaoud,Transportation,Operations,Area Y,2022,3,27479.68,bbl,182135.64,mscf
In Salah,Refining,Production,Area X,2023,1,17958.62,bbl,14825.52,mscf
In Salah,Exploration & Production,Drilling,Field B,2022,3,31654.8,bbl,16512.48,mscf
Berkine,Refining,Production,Field A,2022,3,30195.39,bbl,76707.27,mscf
Berkine,Exploration & Production,Drilling,Field A,2025,10,30005.38,bbl,72901.69,mscf
Illizi,Exploration & Production,Production,Block 2,2022,2,9847.78,bbl,11162.74,mscf
Hassi R'Mel,Exploration & Production,Drilling,Field B,2025,6,31895.14,bbl,63289.03,mscf
Berkine,Exploration & Production,Logistics,Field B,2024,11,8827.52,bbl,87584.19,mscf
Rhourde Nouss,Refining,Logistics,Area X,2022,5,46026.82,bbl,159510.76,mscf
Hassi R'Mel,Marketing,Drilling,Area Y,2025,9,47828.24,bbl,161836.57,mscf
Illizi,Marketing,Production,Block 1,2024,8,6033.47,bbl,163060.48,mscf
Illizi,Transportation,Drilling,Field B,2025,1,7359.65,bbl,20218.19,mscf
Illizi,Marketing,Drilling,Block 1,2023,11,24336.82,bbl,165555.6,mscf
Hassi R'Mel,Refining,Operations,Area Y,2023,8,37024.73,bbl,94649.52,mscf
Hassi R'Mel,Exploration & Production,Operations,Block 1,2023,8,6048.91,bbl,106872.57,mscf
Adrar,Exploration & Production,Drilling,Field B,2024,7,47375.18,bbl,48196.69,mscf
Rhourde Nouss,Refining,Logistics,Field B,2023,8,4962.1,bbl,163560.73,mscf
Hassi R'Mel,Refining,Drilling,Field B,2023,7,17295.92,bbl,39944.56,mscf
Berkine,Transportation,Logistics,Block 1,2024,10,48580.0,bbl,114128.39,mscf
Hassi R'Mel,Exploration & Production,Production,Area Y,2023,11,5964.67,bbl,57689.78,mscf
Hassi Messaoud,Exploration & Production,Logistics,Area X,2025,3,48274.67,bbl,19544.76,mscf
In Salah,Transportation,Drilling,Area Y,2022,11,7623.44,bbl,101157.36,mscf
Illizi,Marketing,Drilling,Block 2,2022,3,8475.55,bbl,41000.25,mscf
Berkine,Transportation,Logistics,Block 1,2023,3,12085.64,bbl,89444.59,mscf
In Salah,Exploration & Production,Production,Area X,2025,7,40185.39,bbl,181429.73,mscf
Hassi Messaoud,Transportation,Production,Block 2,2024,1,49001.23,bbl,8449.28,mscf
Hassi R'Mel,Exploration & Production,Production,Area Y,2024,11,48402.03,bbl,39899.84,mscf
Berkine,Marketing,Logistics,Area X,2024,8,11579.13,bbl,55466.47,mscf
In Salah,Refining,Logistics,Block 2,2025,10,7573.26,bbl,169283.0,mscf
Berkine,Marketing,Operations,Field A,2023,5,1407.09,bbl,129074.85,mscf
Rhourde Nouss,Refining,Logistics,Block 1,2024,4,9781.3,bbl,152981.16,mscf
Hassi Messaoud,Marketing,Production,Block 1,2022,3,21822.75,bbl,42908.77,mscf
In Salah,Refining,Drilling,Area Y,2024,8,40478.65,bbl,124067.44,mscf
In Salah,Refining,Production,Block 1,2022,8,30858.34,bbl,198384.44,mscf
In Salah,Transportation,Drilling,Field A,2023,11,33945.37,bbl,66138.26,mscf
Illizi,Marketing,Drilling,Field B,2025,8,26369.97,bbl,151649.48,mscf
Hassi Messaoud,Transportation,Drilling,Area Y,2024,9,46275.9,bbl,129416.72,mscf
Berkine,Transportation,Drilling,Field B,2025,12,17434.19,bbl,12778.19,mscf
Hassi R'Mel,Transportation,Operations,Field A,2023,7,12186.18,bbl,51591.1,mscf
Illizi,Refining,Operations,Area Y,2023,8,33233.07,bbl,35777.96,mscf
Adrar,Transportation,Drilling,Area Y,2024,7,1184.05,bbl,194556.72,mscf
Rhourde Nouss,Transportation,Drilling,Block 2,2023,12,45001.51,bbl,82023.1,mscf
Adrar,Refining,Logistics,Block 1,2025,9,6422.81,bbl,51043.88,mscf
Berkine,Marketing,Production,Area X,2022,4,39976.7,bbl,34819.69,mscf
Adrar,Marketing,Production,Block 2,2022,12,43979.53,bbl,123629.51,mscf
Illizi,Transportation,Production,Block 1,2023,10,13222.92,bbl,59631.96,mscf
Hassi Messaoud,Exploration & Production,Operations,Field A,2024,2,21876.9,bbl,63546.57,mscf
Rhourde Nouss,Refining,Logistics,Block 1,2024,8,6876.53,bbl,168330.95,mscf
In Salah,Transportation,Operations,Area Y,2022,12,34655.29,bbl,13559.42,mscf
Rhourde Nouss,Transportation,Production,Field A,2023,8,6929.05,bbl,101399.77,mscf
Rhourde Nouss,Transportation,Production,Field A,2024,4,14405.74,bbl,6184.23,mscf
In Salah,Exploration & Production,Logistics,Field B,2023,9,33056.76,bbl,25244.83,mscf
Rhourde Nouss,Transportation,Logistics,Field B,2022,4,23926.28,bbl,21241.48,mscf
In Salah,Refining,Drilling,Block 2,2024,4,15520.79,bbl,136211.42,mscf
In Salah,Marketing,Drilling,Area X,2023,7,25680.55,bbl,84481.87,mscf
Berkine,Exploration & Production,Logistics,Field B,2022,3,29858.24,bbl,66047.94,mscf
Hassi R'Mel,Refining,Production,Area Y,2024,2,1686.73,bbl,134491.48,mscf
Hassi Messaoud,Exploration & Production,Logistics,Area X,2025,1,47257.42,bbl,162578.8,mscf
Rhourde Nouss,Transportation,Operations,Field B,2024,11,13472.48,bbl,60212.55,mscf
Adrar,Transportation,Drilling,Field A,2022,1,8976.8,bbl,94151.0,mscf
Hassi Messaoud,Exploration & Production,Drilling,Block 2,2023,12,40154.38,bbl,24893.08,mscf
Hassi Messaoud,Transportation,Production,Block 2,2023,11,32308.64,bbl,64901.22,mscf
Adrar,Transportation,Logistics,Field A,2022,9,32570.63,bbl,129974.04,mscf
Illizi,Exploration & Production,Operations,Block 1,2023,3,14146.55,bbl,163511.68,mscf
In Salah,Refining,Drilling,Area Y,2024,4,9010.5,bbl,177320.95,mscf
Adrar,Transportation,Operations,Block 2,2022,2,38039.79,bbl,117110.54,mscf
Berkine,Marketing,Drilling,Area X,2022,6,4069.39,bbl,101868.69,mscf
Illizi,Exploration & Production,Operations,Field B,2024,8,44755.27,bbl,50392.44,mscf
Hassi R'Mel,Exploration & Production,Operations,Field B,2024,8,4378.29,bbl,63543.54,mscf
In Salah,Exploration & Production,Drilling,Area Y,2024,7,38810.29,bbl,31607.12,mscf
Hassi Messaoud,Marketing,Production,Block 2,2023,11,17134.18,bbl,151722.16,mscf
Rhourde Nouss,Exploration & Production,Logistics,Block 2,2025,1,9497.96,bbl,43990.3,mscf
Hassi Messaoud,Marketing,Drilling,Area Y,2023,3,44660.74,bbl,129133.87,mscf
Hassi R'Mel,Refining,Production,Field A,2022,6,14384.25,bbl,155144.54,mscf
Berkine,Transportation,Drilling,Block 2,2023,6,24267.81,bbl,126139.75,mscf
Berkine,Transportation,Production,Area Y,2024,5,3958.87,bbl,140146.69,mscf
Hassi Messaoud,Exploration & Production,Production,Block 2,2025,5,29549.1,bbl,68647.55,mscf
Rhourde Nouss,Transportation,Logistics,Block 2,2025,11,12617.54,bbl,157252.0,mscf
Illizi,Transportation,Operations,Block 2,2023,5,48024.42,bbl,56990.59,mscf
Illizi,Marketing,Drilling,Field A,2025,4,1817.55,bbl,140201.73,mscf
Berkine,Refining,Operations,Area X,2023,6,25104.54,bbl,17432.61,mscf
Hassi Messaoud,Refining,Drilling,Area X,2023,11,45425.64,bbl,31997.99,mscf
Berkine,Exploration & Production,Drilling,Area X,2025,11,12678.25,bbl,16014.02,mscf
Illizi,Exploration & Production,Drilling,Block 2,2025,7,37840.76,bbl,189702.05,mscf
Adrar,Exploration & Production,Production,Block 2,2023,7,39916.98,bbl,79988.05,mscf
Berkine,Refining,Logistics,Area X,2024,6,23908.83,bbl,67050.15,mscf
In Salah,Exploration & Production,Production,Area Y,2023,4,48425.66,bbl,153622.41,mscf
In Salah,Exploration & Production,Production,Field B,2024,1,28459.57,bbl,151414.59,mscf
Hassi R'Mel,Refining,Operations,Block 2,2023,12,47974.1,bbl,76659.89,mscf
Adrar,Marketing,Operations,Block 2,2022,2,33466.92,bbl,143920.92,mscf
In Salah,Marketing,Production,Field B,2022,9,48346.79,bbl,163213.99,mscf
Hassi Messaoud,Refining,Logistics,Area Y,2024,6,31303.34,bbl,152978.98,mscf
In Salah,Refining,Production,Area Y,2025,6,49069.97,bbl,162507.15,mscf
Hassi Messaoud,Refining,Drilling,Block 2,2022,8,11095.29,bbl,178162.74,mscf
Hassi R'Mel,Marketing,Logistics,Field B,2022,9,10071.94,bbl,62343.93,mscf
Berkine,Refining,Operations,Area Y,2022,6,35104.05,bbl,68326.74,mscf
Hassi R'Mel,Transportation,Production,Block 1,2023,7,26234.22,bbl,163829.68,mscf
Illizi,Refining,Drilling,Area X,2022,12,45123.1,bbl,90262.16,mscf
Hassi R'Mel,Transportation,Production,Field B,2022,4,23120.14,bbl,34315.86,mscf
Hassi R'Mel,Exploration & Production,Operations,Field B,2025,10,12688.65,bbl,182457.36,mscf
Hassi R'Mel,Refining,Logistics,Area Y,2025,2,48819.2,bbl,148416.36,mscf
Hassi Messaoud,Marketing,Production,Block 1,2022,4,32967.45,bbl,80166.33,mscf
Rhourde Nouss,Exploration & Production,Operations,Block 2,2025,2,3769.55,bbl,11770.97,mscf
In Salah,Marketing,Operations,Area Y,2023,4,29452.79,bbl,53644.09,mscf
Berkine,Marketing,Drilling,Field B,2025,3,7716.81,bbl,149672.12,mscf
Rhourde Nouss,Exploration & Production,Drilling,Block 2,2023,2,48589.09,bbl,166882.31,mscf
Rhourde Nouss,Transportation,Drilling,Area Y,2023,3,41513.2,bbl,70463.64,mscf
Illizi,Marketing,Logistics,Block 1,2025,3,19691.55,bbl,125145.79,mscf
In Salah,Marketing,Operations,Block 1,2023,1,45858.61,bbl,180478.02,mscf
Rhourde Nouss,Exploration & Production,Production,Block 1,2024,3,28269.82,bbl,164120.18,mscf
Hassi R'Mel,Refining,Drilling,Area X,2025,11,2314.51,bbl,144714.11,mscf
Hassi R'Mel,Marketing,Operations,Block 2,2022,5,20412.09,bbl,189406.45,mscf
Rhourde Nouss,Refining,Production,Area X,2025,11,2127.29,bbl,113443.74,mscf
Illizi,Exploration & Production,Operations,Field B,2022,5,19186.25,bbl,111634.66,mscf
Adrar,Marketing,Operations,Block 1,2024,5,32000.72,bbl,101831.77,mscf
Hassi Messaoud,Exploration & Production,Production,Block 1,2023,12,29702.67,bbl,115652.38,mscf
Illizi,Transportation,Drilling,Block 2,2022,7,39974.1,bbl,70266.89,mscf
Adrar,Transportation,Drilling,Area Y,2025,1,26764.2,bbl,178407.6,mscf
Rhourde Nouss,Marketing,Operations,Field A,2023,3,12777.43,bbl,194245.07,mscf
Rhourde Nouss,Exploration & Production,Logistics,Block 2,2024,2,4353.54,bbl,192278.29,mscf
Adrar,Exploration & Production,Operations,Area Y,2022,6,38507.29,bbl,48724.01,mscf
Illizi,Exploration & Production,Logistics,Block 2,2025,11,31824.55,bbl,153921.01,mscf
Illizi,Marketing,Drilling,Field A,2022,3,6049.26,bbl,60230.38,mscf
In Salah,Marketing,Operations,Area Y,2024,7,23372.86,bbl,22812.72,mscf
Hassi R'Mel,Exploration & Production,Drilling,Block 1,2024,10,25913.38,bbl,15330.61,mscf
Berkine,Transportation,Drilling,Field B,2023,12,42086.67,bbl,188297.51,mscf
Berkine,Marketing,Operations,Block 1,2023,9,18244.74,bbl,177992.0,mscf
Berkine,Marketing,Production,Field B,2025,6,44665.41,bbl,99568.5,mscf
In Salah,Refining,Logistics,Field B,2024,4,38669.25,bbl,54502.49,mscf
Berkine,Marketing,Operations,Field B,2024,7,46275.01,bbl,41673.92,mscf
Berkine,Refining,Logistics,Area Y,2025,9,26754.21,bbl,10794.03,mscf
Rhourde Nouss,Marketing,Operations,Field A,2025,6,9127.44,bbl,98773.58,mscf
Hassi R'Mel,Refining,Production,Area X,2023,8,19684.64,bbl,118173.33,mscf
Adrar,Marketing,Production,Block 2,2024,11,46216.39,bbl,43826.4,mscf
Hassi R'Mel,Exploration & Production,Operations,Area X,2023,3,1544.31,bbl,79164.96,mscf
Illizi,Refining,Drilling,Field B,2022,3,31461.43,bbl,35521.47,mscf
Rhourde Nouss,Refining,Drilling,Field B,2024,3,22192.67,bbl,24818.75,mscf
Illizi,Transportation,Operations,Block 2,2022,5,16588.07,bbl,148495.67,mscf
Rhourde Nouss,Refining,Operations,Block 1,2022,11,3443.1,bbl,164583.17,mscf
In Salah,Transportation,Logistics,Field A,2024,12,17632.97,bbl,43722.03,mscf
Hassi Messaoud,Transportation,Operations,Field A,2023,9,20766.7,bbl,157283.36,mscf
Hassi R'Mel,Marketing,Production,Area Y,2025,12,18460.05,bbl,37409.62,mscf
Rhourde Nouss,Exploration & Production,Logistics,Field A,2024,7,18812.66,bbl,105613.95,mscf
Hassi R'Mel,Transportation,Operations,Block 1,2022,11,21927.75,bbl,31977.76,mscf
Hassi R'Mel,Transportation,Production,Block 2,2022,8,5696.3,bbl,120208.24,mscf
In Salah,Transportation,Production,Block 1,2023,10,26026.39,bbl,54664.27,mscf
Rhourde Nouss,Marketing,Drilling,Field B,2024,10,14178.38,bbl,168860.72,mscf
Adrar,Transportation,Operations,Field B,2024,2,38492.93,bbl,15963.48,mscf
Hassi R'Mel,Refining,Production,Block 1,2022,1,19317.65,bbl,5697.84,mscf
Rhourde Nouss,Marketing,Drilling,Area Y,2024,3,21832.6,bbl,21614.66,mscf
Hassi R'Mel,Marketing,Operations,Field A,2022,11,6119.53,bbl,101029.79,mscf
Adrar,Marketing,Production,Field A,2025,1,46137.37,bbl,103518.15,mscf
Illizi,Transportation,Drilling,Block 1,2025,11,5885.96,bbl,61533.18,mscf
Illizi,Marketing,Logistics,Block 2,2022,1,16268.17,bbl,13504.06,mscf
Hassi R'Mel,Transportation,Production,Block 2,2024,4,3357.26,bbl,68094.56,mscf
In Salah,Marketing,Operations,Field B,2023,6,35397.82,bbl,65088.74,mscf
Hassi R'Mel,Transportation,Operations,Field A,2025,12,48083.78,bbl,46002.21,mscf
Hassi R'Mel,Refining,Operations,Block 1,2023,4,15862.84,bbl,166302.07,mscf
Hassi Messaoud,Transportation,Operations,Area Y,2022,1,23752.61,bbl,117235.12,mscf
Berkine,Transportation,Production,Area Y,2022,1,1894.73,bbl,167572.51,mscf
Berkine,Refining,Production,Field A,2025,12,1284.71,bbl,78253.81,mscf
Rhourde Nouss,Transportation,Production,Area Y,2024,4,21770.37,bbl,8561.88,mscf
Adrar,Marketing,Drilling,Area Y,2025,9,30476.57,bbl,134953.02,mscf
In Salah,Transportation,Operations,Area X,2022,1,25120.1,bbl,133396.64,mscf
In Salah,Exploration & Production,Drilling,Block 1,2023,2,33935.03,bbl,129348.5,mscf
Hassi Messaoud,Marketing,Logistics,Field B,2025,9,15175.8,bbl,130356.21,mscf
Rhourde Nouss,Refining,Operations,Block 2,2022,3,45217.28,bbl,36042.35,mscf
In Salah,Refining,Logistics,Area Y,2023,9,28906.03,bbl,111616.69,mscf
Hassi Messaoud,Refining,Drilling,Area X,2023,4,24739.12,bbl,87365.38,mscf
Hassi Messaoud,Exploration & Production,Logistics,Area X,2024,11,49880.48,bbl,174493.55,mscf
Hassi R'Mel,Marketing,Operations,Block 2,2025,3,42578.22,bbl,139965.88,mscf
Hassi Messaoud,Exploration & Production,Logistics,Area X,2022,10,9336.25,bbl,9255.96,mscf
Illizi,Transportation,Production,Block 1,2022,1,44777.06,bbl,70071.54,mscf
Illizi,Marketing,Operations,Area Y,2022,4,30724.48,bbl,163838.82,mscf
Illizi,Refining,Logistics,Area Y,2022,9,30691.27,bbl,198744.8,mscf
Hassi R'Mel,Refining,Production,Block 1,2022,4,17276.59,bbl,115333.93,mscf
Hassi Messaoud,Transportation,Operations,Area X,2023,6,1814.3,bbl,150896.62,mscf
In Salah,Marketing,Logistics,Area X,2024,3,48467.78,bbl,46992.76,mscf
Illizi,Refining,Operations,Field A,2024,11,10342.39,bbl,93122.63,mscf
Illizi,Transportation,Logistics,Block 2,2022,11,27009.01,bbl,91121.85,mscf
Hassi Messaoud,Transportation,Production,Block 2,2024,3,7678.3,bbl,58296.98,mscf
Rhourde Nouss,Exploration & Production,Logistics,Block 1,2024,5,39727.16,bbl,10405.97,mscf
Berkine,Refining,Logistics,Field B,2022,11,36957.24,bbl,97670.79,mscf
In Salah,Exploration & Production,Operations,Field A,2024,8,14260.39,bbl,194211.18,mscf
Hassi Messaoud,Refining,Operations,Block 1,2022,7,44142.3,bbl,187367.63,mscf
Adrar,Refining,Logistics,Area Y,2022,1,22346.09,bbl,54216.29,mscf
Rhourde Nouss,Transportation,Production,Block 1,2022,5,48135.11,bbl,83992.51,mscf
Berkine,Transportation,Logistics,Block 2,2022,11,34033.77,bbl,136561.08,mscf
Hassi Messaoud,Exploration & Production,Production,Field B,2022,5,41301.77,bbl,196687.05,mscf
Hassi Messaoud,Marketing,Operations,Block 2,2025,6,43160.27,bbl,169909.58,mscf
Hassi R'Mel,Transportation,Operations,Field B,2022,2,47908.86,bbl,35789.74,mscf
Hassi Messaoud,Exploration & Production,Production,Area Y,2023,6,9437.99,bbl,8521.76,mscf
In Salah,Marketing,Drilling,Block 2,2025,4,17494.51,bbl,96200.21,mscf
Adrar,Refining,Drilling,Field A,2024,2,46233.51,bbl,55719.59,mscf
Hassi Messaoud,Transportation,Production,Block 1,2024,12,49579.81,bbl,182183.58,mscf
Hassi Messaoud,Refining,Drilling,Field A,2023,6,30408.39,bbl,190565.46,mscf
In Salah,Transportation,Logistics,Area X,2023,9,16147.12,bbl,175270.58,mscf
Berkine,Marketing,Production,Field A,2025,5,36262.27,bbl,197089.35,mscf
Rhourde Nouss,Marketing,Logistics,Area Y,2025,10,31309.2,bbl,126882.2,mscf
Rhourde Nouss,Refining,Production,Block 2,2023,12,15826.89,bbl,183271.13,mscf
Hassi R'Mel,Marketing,Logistics,Area Y,2025,8,43974.98,bbl,64649.02,mscf
Adrar,Exploration & Production,Production,Field B,2023,6,2857.02,bbl,166143.71,mscf
Adrar,Refining,Logistics,Block 2,2024,9,1967.32,bbl,20778.1,mscf
Rhourde Nouss,Marketing,Drilling,Area X,2023,8,35050.02,bbl,197092.44,mscf
Hassi R'Mel,Refining,Operations,Field B,2023,9,25354.62,bbl,87772.21,mscf
In Salah,Marketing,Logistics,Field A,2024,10,18416.97,bbl,172384.67,mscf
Rhourde Nouss,Exploration & Production,Production,Field B,2022,1,40920.58,bbl,78192.65,mscf
Berkine,Exploration & Production,Drilling,Field A,2022,3,24546.73,bbl,103267.15,mscf
Illizi,Exploration & Production,Logistics,Block 2,2023,6,49198.61,bbl,179832.45,mscf
Illizi,Transportation,Operations,Block 2,2024,12,36360.44,bbl,61596.02,mscf
Illizi,Refining,Logistics,Area Y,2024,6,19347.66,bbl,180914.55,mscf
Rhourde Nouss,Refining,Logistics,Field B,2023,11,7484.05,bbl,59773.1,mscf
Rhourde Nouss,Refining,Operations,Area Y,2022,7,45786.37,bbl,62912.8,mscf
Hassi R'Mel,Marketing,Logistics,Block 2,2025,2,31499.64,bbl,89078.53,mscf
Adrar,Marketing,Operations,Block 2,2022,10,20625.3,bbl,190048.08,mscf
Rhourde Nouss,Exploration & Production,Production,Area X,2024,3,30108.88,bbl,181878.52,mscf
In Salah,Marketing,Logistics,Block 2,2022,2,16848.63,bbl,154927.04,mscf
Hassi R'Mel,Refining,Logistics,Block 2,2023,8,7033.19,bbl,85322.87,mscf
Hassi R'Mel,Refining,Drilling,Block 1,2023,5,46658.33,bbl,17462.83,mscf
Hassi Messaoud,Exploration & Production,Production,Block 1,2025,8,43375.48,bbl,184558.88,mscf
Adrar,Marketing,Logistics,Area X,2023,6,26189.14,bbl,167671.03,mscf
Berkine,Exploration & Production,Production,Field B,2022,1,13033.97,bbl,108826.45,mscf
Hassi Messaoud,Marketing,Logistics,Field B,2024,9,40979.76,bbl,81319.3,mscf
Berkine,Refining,Drilling,Field B,2023,6,3643.98,bbl,96857.03,mscf
Illizi,Marketing,Logistics,Area X,2024,3,38138.08,bbl,105720.75,mscf
Illizi,Transportation,Operations,Block 2,2025,8,7838.51,bbl,70372.95,mscf
In Salah,Marketing,Logistics,Field A,2022,2,26924.43,bbl,61542.35,mscf
Rhourde Nouss,Exploration & Production,Production,Field A,2025,1,15282.85,bbl,165465.86,mscf
Illizi,Transportation,Logistics,Field A,2024,9,45251.36,bbl,10421.44,mscf
Hassi R'Mel,Exploration & Production,Logistics,Field A,2022,11,27390.71,bbl,8184.66,mscf
In Salah,Transportation,Logistics,Block 2,2024,12,32114.87,bbl,142975.37,mscf
Illizi,Marketing,Production,Block 2,2024,9,32049.04,bbl,31098.31,mscf
Hassi R'Mel,Refining,Logistics,Area Y,2024,3,5991.16,bbl,97150.6,mscf
Hassi Messaoud,Transportation,Logistics,Block 2,2025,12,13514.77,bbl,164574.48,mscf
Hassi Messaoud,Transportation,Logistics,Block 1,2022,4,17908.52,bbl,22599.45,mscf
Hassi R'Mel,Exploration & Production,Logistics,Field A,2025,8,7186.34,bbl,13846.25,mscf
Rhourde Nouss,Refining,Drilling,Area X,2024,7,23038.17,bbl,177560.11,mscf
Hassi R'Mel,Marketing,Logistics,Field B,2025,1,35058.08,bbl,100364.81,mscf
Berkine,Marketing,Operations,Area Y,2025,4,26100.77,bbl,96322.84,mscf
In Salah,Marketing,Operations,Area Y,2023,3,1644.66,bbl,162967.52,mscf
Illizi,Marketing,Production,Field A,2025,9,49149.6,bbl,190639.72,mscf
Adrar,Refining,Production,Block 1,2025,3,47081.23,bbl,12209.25,mscf
Hassi R'Mel,Exploration & Production,Production,Field A,2024,5,13574.61,bbl,103274.48,mscf
Adrar,Exploration & Production,Logistics,Area X,2023,9,1780.28,bbl,106330.23,mscf
Rhourde Nouss,Transportation,Drilling,Area X,2024,6,24760.07,bbl,18254.79,mscf
Adrar,Exploration & Production,Drilling,Block 2,2022,12,13286.22,bbl,93426.88,mscf
Hassi R'Mel,Refining,Drilling,Block 1,2022,6,24369.7,bbl,70215.4,mscf
Hassi Messaoud,Marketing,Logistics,Area Y,2024,9,27744.6,bbl,147132.59,mscf
Rhourde Nouss,Exploration & Production,Production,Block 2,2023,8,25129.66,bbl,198500.27,mscf
Illizi,Refining,Logistics,Block 1,2025,9,39005.92,bbl,28983.18,mscf
Hassi Messaoud,Exploration & Production,Drilling,Area Y,2022,8,9160.6,bbl,62277.84,mscf
Hassi R'Mel,Refining,Production,Field A,2023,4,37959.94,bbl,138577.57,mscf
Rhourde Nouss,Exploration & Production,Drilling,Area X,2022,1,23113.79,bbl,173516.15,mscf
Berkine,Exploration & Production,Operations,Block 2,2023,1,9235.14,bbl,104953.86,mscf
Hassi Messaoud,Marketing,Drilling,Block 1,2025,1,20452.37,bbl,8778.31,mscf
Rhourde Nouss,Exploration & Production,Operations,Block 1,2025,4,33789.02,bbl,180075.51,mscf
Hassi R'Mel,Transportation,Logistics,Area Y,2024,7,45234.46,bbl,74800.08,mscf
Illizi,Refining,Drilling,Area X,2024,12,42032.2,bbl,48489.9,mscf
Adrar,Refining,Drilling,Area Y,2024,12,6632.46,bbl,140922.59,mscf
Berkine,Refining,Operations,Field A,2024,2,6558.36,bbl,59062.77,mscf
In Salah,Marketing,Operations,Area X,2024,4,15638.06,bbl,127971.48,mscf
Hassi R'Mel,Transportation,Logistics,Block 2,2022,2,49340.78,bbl,106701.16,mscf
Berkine,Marketing,Logistics,Area Y,2023,9,23428.68,bbl,48028.42,mscf
Hassi R'Mel,Exploration & Production,Production,Block 1,2025,2,9673.0,bbl,35854.93,mscf
In Salah,Transportation,Drilling,Field A,2024,10,38569.63,bbl,99956.38,mscf
Adrar,Exploration & Production,Production,Field A,2025,11,27821.18,bbl,32881.44,mscf
In Salah,Transportation,Operations,Field A,2023,11,44439.13,bbl,138130.03,mscf
Adrar,Transportation,Drilling,Area X,2024,5,28949.92,bbl,63272.91,mscf
Illizi,Refining,Drilling,Block 1,2025,3,32922.71,bbl,188771.61,mscf
Adrar,Marketing,Operations,Block 2,2022,5,26069.27,bbl,189206.31,mscf
Hassi Messaoud,Transportation,Operations,Area Y,2023,12,18824.32,bbl,116218.67,mscf
Hassi Messaoud,Refining,Production,Area Y,2024,3,8234.35,bbl,68603.77,mscf
Rhourde Nouss,Exploration & Production,Logistics,Block 1,2022,8,27186.52,bbl,118279.18,mscf
Adrar,Refining,Drilling,Field A,2024,8,1672.6,bbl,38621.27,mscf
Hassi R'Mel,Exploration & Production,Logistics,Field B,2024,5,21310.62,bbl,165951.57,mscf
Illizi,Marketing,Operations,Area Y,2023,4,28541.86,bbl,160390.79,mscf
Adrar,Marketing,Drilling,Area X,2025,4,16391.75,bbl,156783.2,mscf
Adrar,Refining,Drilling,Area X,2023,7,7779.99,bbl,56962.37,mscf
Adrar,Marketing,Production,Block 2,2023,1,32619.7,bbl,75173.08,mscf
Illizi,Transportation,Drilling,Area X,2022,4,10101.78,bbl,141852.7,mscf
Hassi Messaoud,Transportation,Logistics,Field B,2025,2,23044.19,bbl,21946.05,mscf
Hassi R'Mel,Exploration & Production,Logistics,Area X,2025,8,7312.16,bbl,77358.63,mscf
Hassi R'Mel,Transportation,Operations,Field A,2023,10,20104.4,bbl,27466.45,mscf
Berkine,Refining,Production,Block 1,2024,1,18473.15,bbl,133022.37,mscf
Berkine,Transportation,Drilling,Field B,2024,5,36049.75,bbl,58003.04,mscf
Adrar,Marketing,Logistics,Block 1,2022,3,24905.55,bbl,18921.46,mscf
Adrar,Transportation,Drilling,Area Y,2024,6,5470.61,bbl,196525.23,mscf
Illizi,Exploration & Production,Logistics,Block 1,2025,10,16201.99,bbl,77797.8,mscf
In Salah,Exploration & Production,Logistics,Block 2,2024,5,26507.22,bbl,155285.42,mscf
Adrar,Refining,Production,Area X,2023,7,28142.35,bbl,175506.01,mscf
Hassi R'Mel,Exploration & Production,Logistics,Block 1,2024,1,25775.22,bbl,118833.72,mscf
Illizi,Marketing,Operations,Area Y,2022,1,28612.45,bbl,141185.9,mscf
In Salah,Transportation,Logistics,Field B,2024,10,49498.28,bbl,178954.8,mscf
Illizi,Refining,Logistics,Field B,2022,12,48198.87,bbl,161716.45,mscf
Illizi,Refining,Drilling,Field B,2025,5,6357.86,bbl,64598.89,mscf
Illizi,Refining,Drilling,Field B,2022,7,44980.83,bbl,63071.57,mscf
Rhourde Nouss,Exploration & Production,Production,Field B,2022,3,49546.53,bbl,193240.69,mscf
In Salah,Transportation,Logistics,Block 1,2022,8,33733.38,bbl,169396.19,mscf
In Salah,Marketing,Operations,Field A,2023,3,38228.62,bbl,91929.45,mscf
Hassi R'Mel,Transportation,Operations,Field A,2023,9,19321.63,bbl,118211.92,mscf
Hassi R'Mel,Transportation,Production,Block 1,2025,10,31148.82,bbl,159045.08,mscf
Hassi R'Mel,Exploration & Production,Operations,Field B,2023,7,11699.36,bbl,7858.48,mscf
Illizi,Exploration & Production,Production,Area X,2023,11,40880.51,bbl,129023.67,mscf
Berkine,Refining,Operations,Area Y,2022,7,1082.63,bbl,15581.42,mscf
Rhourde Nouss,Exploration & Production,Drilling,Field B,2025,1,1048.43,bbl,50261.13,mscf
Hassi R'Mel,Exploration & Production,Production,Block 1,2025,1,22588.3,bbl,108203.05,mscf
Adrar,Refining,Drilling,Field A,2025,11,30528.01,bbl,192477.75,mscf
Rhourde Nouss,Refining,Production,Block 1,2023,12,15647.44,bbl,108695.66,mscf
Hassi R'Mel,Exploration & Production,Logistics,Field B,2024,1,21927.96,bbl,19048.69,mscf
Rhourde Nouss,Marketing,Drilling,Area X,2024,4,38025.52,bbl,138501.52,mscf
Rhourde Nouss,Exploration & Production,Operations,Field B,2024,4,28096.99,bbl,150885.7,mscf
Berkine,Exploration & Production,Drilling,Block 1,2023,10,37092.87,bbl,161522.43,mscf
Hassi Messaoud,Exploration & Production,Logistics,Block 1,2023,4,13088.88,bbl,106250.28,mscf
Hassi R'Mel,Marketing,Operations,Area X,2022,12,21264.26,bbl,41430.32,mscf
In Salah,Marketing,Production,Block 2,2025,12,20479.67,bbl,102490.61,mscf
Adrar,Exploration & Production,Production,Field B,2024,8,28298.78,bbl,13721.18,mscf
Adrar,Refining,Logistics,Area Y,2022,7,35517.58,bbl,70441.38,mscf
Rhourde Nouss,Transportation,Operations,Block 2,2025,2,9700.97,bbl,45682.64,mscf
Adrar,Transportation,Logistics,Area Y,2023,10,4155.89,bbl,113707.5,mscf
Adrar,Transportation,Operations,Field A,2025,4,48856.74,bbl,183686.64,mscf
Hassi Messaoud,Transportation,Production,Block 2,2023,12,3452.46,bbl,61454.88,mscf
Adrar,Transportation,Production,Field B,2024,11,8600.57,bbl,116236.14,mscf
In Salah,Exploration & Production,Operations,Block 1,2022,4,12692.25,bbl,140267.29,mscf
Hassi R'Mel,Transportation,Operations,Block 2,2025,3,12798.61,bbl,144977.18,mscf
Illizi,Marketing,Operations,Field B,2024,3,10838.44,bbl,145242.3,mscf
Hassi R'Mel,Marketing,Logistics,Field B,2023,5,25618.23,bbl,100509.56,mscf
Adrar,Transportation,Operations,Area X,2024,2,2893.4,bbl,161328.3,mscf
In Salah,Refining,Logistics,Block 1,2025,8,14717.17,bbl,94005.03,mscf
Hassi Messaoud,Refining,Drilling,Block 2,2024,9,41979.54,bbl,64533.2,mscf
Berkine,Marketing,Production,Area X,2025,7,41894.98,bbl,80561.79,mscf
Hassi Messaoud,Marketing,Production,Field A,2025,5,14820.78,bbl,142071.08,mscf
Hassi R'Mel,Marketing,Drilling,Block 2,2024,12,20975.22,bbl,121786.81,mscf
Hassi Messaoud,Exploration & Production,Logistics,Field A,2025,2,29827.85,bbl,177939.93,mscf
Hassi Messaoud,Marketing,Logistics,Area Y,2022,3,12423.53,bbl,99456.83,mscf
In Salah,Transportation,Operations,Block 2,2024,2,19825.55,bbl,119909.42,mscf
Berkine,Exploration & Production,Drilling,Area X,2024,10,1134.95,bbl,123865.89,mscf
Rhourde Nouss,Exploration & Production,Production,Block 1,2023,9,39601.86,bbl,161003.29,mscf
Rhourde Nouss,Refining,Logistics,Area X,2022,10,48406.03,bbl,156831.77,mscf
Hassi Messaoud,Exploration & Production,Operations,Field A,2025,11,34162.58,bbl,61027.99,mscf
Berkine,Transportation,Logistics,Area Y,2023,9,25623.71,bbl,93478.15,mscf
Hassi Messaoud,Marketing,Production,Area X,2022,5,23051.42,bbl,78132.75,mscf
Hassi R'Mel,Refining,Operations,Area Y,2023,4,27617.96,bbl,174588.13,mscf
Berkine,Marketing,Production,Block 2,2025,12,19654.71,bbl,8428.94,mscf
Hassi R'Mel,Refining,Operations,Field A,2022,8,2010.93,bbl,153717.89,mscf
Adrar,Transportation,Logistics,Block 1,2023,3,41915.87,bbl,142462.29,mscf
Rhourde Nouss,Exploration & Production,Drilling,Area X,2023,9,29832.79,bbl,149195.77,mscf
Rhourde Nouss,Transportation,Production,Field A,2022,4,35019.69,bbl,46704.53,mscf
Hassi R'Mel,Refining,Drilling,Area X,2025,9,4375.59,bbl,37277.18,mscf
Rhourde Nouss,Exploration & Production,Logistics,Block 2,2024,2,42747.63,bbl,100993.24,mscf
Illizi,Transportation,Logistics,Area X,2024,10,3624.66,bbl,82269.8,mscf
Adrar,Marketing,Production,Block 2,2022,9,40540.33,bbl,178669.77,mscf
Illizi,Exploration & Production,Operations,Area Y,2023,5,4318.7,bbl,85936.24,mscf
Illizi,Transportation,Drilling,Area Y,2022,10,3959.76,bbl,117167.4,mscf
Adrar,Marketing,Operations,Block 2,2023,12,29408.37,bbl,86618.73,mscf
Hassi Messaoud,Marketing,Production,Field A,2024,7,27788.91,bbl,52867.39,mscf
Illizi,Transportation,Logistics,Field B,2025,11,43910.05,bbl,167652.94,mscf
Adrar,Refining,Operations,Field B,2023,10,35400.27,bbl,14360.36,mscf
Adrar,Exploration & Production,Production,Block 1,2023,1,23767.48,bbl,118616.46,mscf
Rhourde Nouss,Refining,Operations,Area X,2024,6,22207.13,bbl,74334.18,mscf
Berkine,Exploration & Production,Production,Area Y,2025,7,14181.18,bbl,24603.45,mscf
In Salah,Marketing,Drilling,Field A,2024,1,42421.14,bbl,41888.35,mscf
Hassi Messaoud,Transportation,Drilling,Block 1,2025,7,31022.55,bbl,64235.98,mscf
Rhourde Nouss,Refining,Drilling,Area Y,2022,10,6913.64,bbl,183118.7,mscf
Adrar,Exploration & Production,Drilling,Area X,2022,8,31009.83,bbl,32519.65,mscf
Illizi,Marketing,Production,Area X,2025,6,46261.21,bbl,39770.8,mscf
Illizi,Transportation,Operations,Area Y,2024,7,43056.95,bbl,72948.04,mscf
Hassi R'Mel,Exploration & Production,Operations,Field A,2024,2,33746.3,bbl,173597.43,mscf
Hassi Messaoud,Transportation,Logistics,Area X,2023,6,20395.65,bbl,24297.8,mscf
Illizi,Transportation,Production,Block 1,2025,9,14811.65,bbl,82533.09,mscf
Hassi R'Mel,Marketing,Drilling,Block 2,2025,10,23891.79,bbl,135038.94,mscf
Adrar,Exploration & Production,Production,Field B,2023,12,22102.7,bbl,15387.51,mscf
In Salah,Marketing,Production,Area X,2023,6,19166.48,bbl,71968.13,mscf
Hassi Messaoud,Refining,Operations,Field A,2023,12,33114.54,bbl,51641.53,mscf
In Salah,Marketing,Operations,Block 2,2025,5,5947.93,bbl,139228.89,mscf
Illizi,Exploration & Production,Drilling,Block 1,2022,10,34917.41,bbl,37157.07,mscf
Illizi,Refining,Drilling,Area Y,2024,1,43334.61,bbl,47430.84,mscf
Hassi Messaoud,Refining,Drilling,Area X,2022,6,5670.58,bbl,25598.39,mscf
Hassi Messaoud,Exploration & Production,Operations,Block 2,2024,4,21795.41,bbl,76870.35,mscf
Illizi,Refining,Operations,Block 1,2025,6,23369.7,bbl,168337.89,mscf
Illizi,Transportation,Operations,Block 1,2023,5,32596.68,bbl,86210.92,mscf
Hassi Messaoud,Transportation,Drilling,Block 2,2023,8,13598.15,bbl,188104.46,mscf
Hassi Messaoud,Exploration & Production,Drilling,Field B,2023,4,15907.47,bbl,172497.34,mscf
Rhourde Nouss,Transportation,Drilling,Block 1,2022,12,28354.86,bbl,48178.08,mscf
Rhourde Nouss,Marketing,Operations,Field B,2024,10,40436.02,bbl,105126.68,mscf
In Salah,Refining,Operations,Block 2,2024,8,23460.32,bbl,176858.65,mscf
Hassi Messaoud,Marketing,Operations,Block 1,2024,1,33039.51,bbl,73124.74,mscf
Hassi R'Mel,Refining,Operations,Area X,2024,5,13774.34,bbl,18503.05,mscf
Hassi Messaoud,Exploration & Production,Logistics,Field A,2024,3,48016.69,bbl,77800.01,mscf
Rhourde Nouss,Exploration & Production,Logistics,Field B,2022,4,40667.99,bbl,18916.02,mscf
Hassi Messaoud,Exploration & Production,Drilling,Area Y,2023,8,23905.82,bbl,64156.86,mscf
In Salah,Refining,Drilling,Block 2,2023,4,28357.56,bbl,166695.6,mscf
Hassi R'Mel,Refining,Operations,Block 2,2023,2,23511.82,bbl,123163.78,mscf
Berkine,Refining,Production,Field B,2022,1,9615.44,bbl,107005.66,mscf
Hassi R'Mel,Marketing,Drilling,Area X,2022,11,23843.34,bbl,115184.91,mscf
Illizi,Transportation,Drilling,Area X,2022,6,39826.89,bbl,183002.96,mscf
Berkine,Exploration & Production,Logistics,Area X,2022,1,24558.78,bbl,113658.46,mscf
In Salah,Transportation,Production,Area X,2022,12,48494.67,bbl,30632.57,mscf
Hassi Messaoud,Refining,Operations,Field B,2024,1,29586.94,bbl,171278.87,mscf
In Salah,Transportation,Logistics,Field B,2022,8,13119.82,bbl,117079.25,mscf
Berkine,Marketing,Production,Field A,2024,6,5022.28,bbl,130213.98,mscf
Hassi R'Mel,Refining,Logistics,Block 2,2024,8,1226.65,bbl,160614.08,mscf
Adrar,Transportation,Logistics,Block 2,2022,8,15745.05,bbl,104969.38,mscf
Hassi R'Mel,Marketing,Logistics,Area Y,2024,7,2391.97,bbl,176179.08,mscf
Hassi R'Mel,Refining,Production,Field B,2024,12,22858.76,bbl,137464.77,mscf
Berkine,Refining,Operations,Block 1,2025,8,41156.63,bbl,187799.8,mscf
Rhourde Nouss,Refining,Production,Area Y,2024,11,21285.17,bbl,59871.55,mscf
Illizi,Exploration & Production,Drilling,Field B,2025,10,23733.29,bbl,105211.84,mscf
In Salah,Marketing,Drilling,Field A,2024,11,5211.82,bbl,51793.92,mscf
Berkine,Marketing,Drilling,Block 2,2023,3,10588.69,bbl,43672.73,mscf
Hassi Messaoud,Transportation,Drilling,Field B,2023,6,10275.29,bbl,104088.56,mscf
Rhourde Nouss,Transportation,Logistics,Area Y,2022,11,21714.49,bbl,58830.62,mscf
Adrar,Transportation,Logistics,Field B,2023,10,8542.92,bbl,161852.68,mscf
Berkine,Exploration & Production,Logistics,Block 1,2023,3,3839.25,bbl,36953.39,mscf
Berkine,Exploration & Production,Production,Block 2,2024,9,24476.92,bbl,177832.62,mscf
In Salah,Refining,Operations,Field B,2025,6,43849.1,bbl,85909.38,mscf
Adrar,Refining,Operations,Field B,2023,5,44688.8,bbl,151674.3,mscf
Rhourde Nouss,Transportation,Production,Area X,2022,12,28978.2,bbl,156623.69,mscf
Berkine,Transportation,Production,Area Y,2022,11,46987.65,bbl,132926.26,mscf
In Salah,Exploration & Production,Production,Block 2,2023,2,25405.4,bbl,59566.32,mscf
Rhourde Nouss,Refining,Drilling,Block 1,2023,9,47387.88,bbl,99279.35,mscf
Hassi Messaoud,Exploration & Production,Logistics,Field B,2025,8,16957.41,bbl,121573.27,mscf
Adrar,Transportation,Logistics,Field A,2024,8,43694.68,bbl,30330.29,mscf
Hassi R'Mel,Marketing,Drilling,Field B,2022,6,22211.3,bbl,35692.41,mscf
In Salah,Transportation,Logistics,Field A,2025,1,46456.52,bbl,132758.76,mscf
Illizi,Transportation,Drilling,Block 2,2025,4,18429.69,bbl,160747.69,mscf
Adrar,Refining,Drilling,Area Y,2023,5,7042.79,bbl,181992.17,mscf
Berkine,Transportation,Logistics,Block 2,2022,3,29785.56,bbl,27937.66,mscf
Hassi R'Mel,Refining,Logistics,Block 2,2025,10,2695.89,bbl,64050.34,mscf
Berkine,Transportation,Logistics,Field A,2024,10,12235.55,bbl,168377.94,mscf
Illizi,Refining,Drilling,Area X,2023,3,17726.05,bbl,128622.02,mscf
Hassi R'Mel,Transportation,Drilling,Field A,2022,3,29513.26,bbl,152076.32,mscf
Hassi Messaoud,Marketing,Drilling,Area Y,2022,3,28395.67,bbl,6988.08,mscf
Berkine,Marketing,Production,Block 1,2023,6,8822.34,bbl,123793.15,mscf
Hassi Messaoud,Transportation,Production,Block 1,2024,8,49730.66,bbl,46188.14,mscf
In Salah,Marketing,Logistics,Field B,2023,10,27301.09,bbl,134957.83,mscf
Rhourde Nouss,Transportation,Drilling,Field A,2022,4,5155.08,bbl,154912.77,mscf
Berkine,Transportation,Operations,Area Y,2022,9,29801.99,bbl,25945.38,mscf
Rhourde Nouss,Refining,Logistics,Area X,2025,4,33265.42,bbl,99416.62,mscf
Hassi Messaoud,Marketing,Logistics,Area Y,2025,2,40898.4,bbl,157951.88,mscf
Hassi R'Mel,Exploration & Production,Operations,Block 1,2025,11,26257.33,bbl,99955.23,mscf
Hassi R'Mel,Marketing,Drilling,Field A,2024,6,48228.73,bbl,73513.75,mscf
In Salah,Refining,Logistics,Area X,2024,4,13432.15,bbl,40851.35,mscf
Adrar,Transportation,Production,Block 2,2023,1,21028.28,bbl,164247.98,mscf
Hassi Messaoud,Exploration & Production,Operations,Block 2,2024,1,47983.07,bbl,134467.33,mscf
Adrar,Transportation,Operations,Block 2,2024,9,45689.16,bbl,18635.18,mscf
Illizi,Marketing,Drilling,Field B,2024,5,21153.59,bbl,165854.0,mscf
Adrar,Transportation,Production,Block 1,2024,9,6846.99,bbl,67994.07,mscf
Adrar,Transportation,Drilling,Field B,2024,5,40730.14,bbl,65045.51,mscf
Adrar,Marketing,Logistics,Field A,2023,2,3682.57,bbl,14500.56,mscf
In Salah,Marketing,Drilling,Field B,2024,2,1575.07,bbl,154098.17,mscf
Illizi,Exploration & Production,Operations,Block 1,2022,2,14290.73,bbl,185341.94,mscf
Illizi,Marketing,Production,Field B,2024,1,35752.66,bbl,46391.48,mscf
Rhourde Nouss,Transportation,Drilling,Field A,2023,11,33056.34,bbl,158628.59,mscf
Rhourde Nouss,Exploration & Production,Logistics,Area X,2025,2,5658.42,bbl,101480.55,mscf
Adrar,Marketing,Logistics,Block 1,2022,12,12845.46,bbl,187450.97,mscf
Hassi R'Mel,Marketing,Operations,Field B,2025,2,32726.09,bbl,100723.63,mscf
Illizi,Marketing,Drilling,Field B,2025,1,23570.86,bbl,154011.9,mscf
Adrar,Refining,Production,Area X,2024,3,15013.68,bbl,113843.84,mscf
Hassi R'Mel,Exploration & Production,Production,Area Y,2023,1,29755.2,bbl,100744.66,mscf
In Salah,Refining,Drilling,Field B,2023,7,43211.56,bbl,15868.21,mscf
Rhourde Nouss,Refining,Drilling,Field B,2025,9,13323.09,bbl,150188.46,mscf
In Salah,Exploration & Production,Drilling,Field B,2022,1,41999.38,bbl,26143.38,mscf
Illizi,Marketing,Logistics,Field B,2023,5,18974.16,bbl,100407.96,mscf
Hassi Messaoud,Transportation,Production,Block 2,2025,10,28276.34,bbl,105803.12,mscf
Hassi R'Mel,Transportation,Operations,Field B,2025,4,17250.0,bbl,131951.42,mscf
Illizi,Marketing,Drilling,Block 2,2022,9,33840.26,bbl,117795.27,mscf
Adrar,Refining,Drilling,Block 1,2023,6,25547.53,bbl,184120.28,mscf
Adrar,Exploration & Production,Logistics,Field B,2025,5,3305.41,bbl,55058.06,mscf
Berkine,Transportation,Operations,Field A,2022,2,16310.09,bbl,94103.86,mscf
Hassi R'Mel,Transportation,Operations,Block 2,2025,9,5396.63,bbl,155710.27,mscf
In Salah,Refining,Drilling,Field B,2024,8,7607.03,bbl,32348.14,mscf
Rhourde Nouss,Refining,Production,Block 1,2023,9,14982.62,bbl,40041.61,mscf
Berkine,Refining,Logistics,Area X,2023,4,16006.05,bbl,34381.1,mscf
Adrar,Transportation,Logistics,Area X,2025,12,42972.28,bbl,121267.07,mscf
Rhourde Nouss,Exploration & Production,Drilling,Block 2,2023,12,17620.97,bbl,81843.73,mscf
Hassi Messaoud,Refining,Operations,Field A,2025,5,22879.06,bbl,124186.16,mscf
In Salah,Marketing,Logistics,Field A,2023,3,40689.43,bbl,88576.75,mscf
In Salah,Exploration & Production,Operations,Area Y,2023,2,16123.34,bbl,135878.09,mscf
Rhourde Nouss,Transportation,Operations,Area Y,2025,5,43336.51,bbl,138856.61,mscf
Hassi R'Mel,Exploration & Production,Production,Field A,2023,9,42434.12,bbl,136488.38,mscf
Hassi R'Mel,Exploration & Production,Production,Area X,2024,1,37694.47,bbl,11313.26,mscf
Berkine,Marketing,Drilling,Field B,2023,7,18226.85,bbl,29686.17,mscf
Hassi Messaoud,Transportation,Operations,Field B,2025,10,5590.29,bbl,37623.71,mscf
In Salah,Marketing,Logistics,Area X,2024,3,18471.6,bbl,9743.49,mscf
Berkine,Exploration & Production,Drilling,Field B,2023,8,3123.98,bbl,33488.03,mscf
Hassi R'Mel,Transportation,Operations,Block 1,2023,6,1111.78,bbl,142017.9,mscf
Hassi Messaoud,Marketing,Logistics,Block 1,2025,1,41663.69,bbl,38730.82,mscf
Adrar,Refining,Drilling,Area X,2023,4,6015.86,bbl,45330.06,mscf
In Salah,Refining,Logistics,Block 2,2024,2,42768.22,bbl,69524.16,mscf
Berkine,Exploration & Production,Logistics,Area Y,2025,9,36354.93,bbl,162984.87,mscf
Hassi R'Mel,Refining,Drilling,Block 2,2022,1,13714.93,bbl,65606.82,mscf
Hassi Messaoud,Exploration & Production,Production,Block 2,2022,12,43570.02,bbl,47852.65,mscf
Illizi,Transportation,Production,Field A,2024,1,19639.11,bbl,21193.53,mscf
Hassi Messaoud,Transportation,Logistics,Block 1,2025,10,47406.57,bbl,130479.22,mscf
Illizi,Refining,Production,Block 1,2024,5,5744.09,bbl,32260.75,mscf
Illizi,Refining,Operations,Field B,2025,5,14600.5,bbl,80595.35,mscf
In Salah,Refining,Production,Area X,2022,7,12006.39,bbl,70621.24,mscf
Hassi R'Mel,Exploration & Production,Operations,Field A,2024,11,35230.28,bbl,153556.66,mscf
Rhourde Nouss,Marketing,Drilling,Area X,2023,9,37897.15,bbl,122171.89,mscf
Illizi,Marketing,Operations,Area Y,2024,7,2226.52,bbl,180757.56,mscf
In Salah,Exploration & Production,Operations,Block 2,2024,4,45588.94,bbl,47486.62,mscf
Hassi Messaoud,Exploration & Production,Logistics,Area Y,2025,11,11446.34,bbl,27548.89,mscf
Berkine,Transportation,Operations,Block 2,2024,8,22625.46,bbl,89301.45,mscf
Berkine,Marketing,Drilling,Field A,2025,2,40817.77,bbl,121902.69,mscf
In Salah,Marketing,Logistics,Area X,2025,5,41825.75,bbl,27830.8,mscf
Hassi Messaoud,Exploration & Production,Operations,Field A,2022,1,42437.06,bbl,187066.97,mscf
Hassi Messaoud,Exploration & Production,Logistics,Area X,2022,9,11186.83,bbl,137193.66,mscf
Illizi,Transportation,Production,Block 1,2023,3,26181.28,bbl,183181.54,mscf
Berkine,Refining,Operations,Area Y,2022,6,21525.56,bbl,145595.29,mscf
Hassi R'Mel,Exploration & Production,Production,Block 1,2025,10,1388.57,bbl,92206.97,mscf
Hassi R'Mel,Transportation,Logistics,Area Y,2024,4,16159.52,bbl,106169.77,mscf
Hassi R'Mel,Marketing,Logistics,Block 2,2025,1,42849.6,bbl,197451.08,mscf
Berkine,Marketing,Drilling,Field A,2025,4,17089.9,bbl,198444.46,mscf
Rhourde Nouss,Marketing,Logistics,Area Y,2023,8,44525.24,bbl,126942.44,mscf
Illizi,Transportation,Production,Block 2,2023,5,8390.48,bbl,39773.8,mscf
Berkine,Marketing,Operations,Block 1,2022,4,31060.47,bbl,151483.28,mscf
Illizi,Exploration & Production,Logistics,Block 1,2023,5,11257.77,bbl,59430.21,mscf
Hassi Messaoud,Transportation,Logistics,Block 2,2022,2,24858.77,bbl,153382.23,mscf
Adrar,Refining,Logistics,Block 1,2024,8,36444.6,bbl,135638.82,mscf
Hassi Messaoud,Marketing,Operations,Field A,2023,1,33108.72,bbl,57569.39,mscf
Hassi R'Mel,Exploration & Production,Drilling,Field B,2023,8,16157.28,bbl,180834.76,mscf
Hassi R'Mel,Refining,Operations,Area Y,2025,11,18993.43,bbl,36889.91,mscf
Rhourde Nouss,Marketing,Logistics,Block 2,2025,11,43979.77,bbl,157899.75,mscf
Hassi Messaoud,Transportation,Drilling,Block 1,2025,6,24577.98,bbl,122098.95,mscf
Rhourde Nouss,Transportation,Operations,Field A,2023,9,19844.57,bbl,132140.87,mscf
Hassi R'Mel,Exploration & Production,Drilling,Block 2,2022,1,41724.63,bbl,8571.9,mscf
Berkine,Refining,Operations,Area Y,2025,9,17709.29,bbl,69939.86,mscf
Illizi,Refining,Drilling,Area X,2022,10,12630.43,bbl,35338.11,mscf
Berkine,Marketing,Logistics,Area X,2025,3,14201.27,bbl,76917.68,mscf
Berkine,Exploration & Production,Operations,Block 2,2024,3,26996.2,bbl,163366.46,mscf
Illizi,Marketing,Operations,Field A,2023,12,20438.89,bbl,159087.5,mscf
Berkine,Exploration & Production,Logistics,Field B,2025,11,35240.55,bbl,39154.17,mscf
Berkine,Transportation,Logistics,Field A,2024,1,17066.01,bbl,56737.54,mscf
Rhourde Nouss,Exploration & Production,Operations,Block 2,2024,1,49142.42,bbl,17022.78,mscf
Adrar,Marketing,Logistics,Field B,2023,11,31723.75,bbl,172123.27,mscf
Rhourde Nouss,Refining,Operations,Area X,2022,3,37227.44,bbl,29372.35,mscf
Hassi R'Mel,Exploration & Production,Logistics,Area Y,2024,3,23034.32,bbl,102554.04,mscf
Hassi Messaoud,Transportation,Operations,Field A,2022,10,42096.22,bbl,47633.46,mscf
Adrar,Marketing,Drilling,Block 1,2025,11,6905.17,bbl,159546.91,mscf
Berkine,Exploration & Production,Production,Block 2,2023,9,7090.69,bbl,41999.26,mscf
Hassi Messaoud,Exploration & Production,Operations,Block 2,2022,11,5517.41,bbl,50475.84,mscf
Berkine,Refining,Logistics,Area Y,2023,1,36832.69,bbl,107770.16,mscf
Rhourde Nouss,Transportation,Drilling,Block 2,2023,2,27245.5,bbl,122038.63,mscf
Adrar,Marketing,Production,Area Y,2024,9,9201.44,bbl,104455.73,mscf
Berkine,Refining,Operations,Field B,2024,2,22786.78,bbl,51069.81,mscf
Berkine,Transportation,Operations,Field A,2022,7,3038.5,bbl,150244.81,mscf
Adrar,Transportation,Drilling,Area Y,2022,7,5110.17,bbl,104979.06,mscf
Berkine,Transportation,Drilling,Area X,2023,3,44290.9,bbl,100182.7,mscf
Rhourde Nouss,Marketing,Operations,Area Y,2023,12,26098.89,bbl,99413.68,mscf
Berkine,Marketing,Production,Field A,2022,8,37473.34,bbl,42514.02,mscf
Berkine,Transportation,Operations,Area X,2023,12,36229.2,bbl,109844.6,mscf
Berkine,Exploration & Production,Drilling,Area X,2023,5,38267.7,bbl,88517.94,mscf
Hassi Messaoud,Transportation,Drilling,Field B,2023,1,19380.48,bbl,78186.03,mscf
Hassi Messaoud,Transportation,Drilling,Block 2,2024,7,15519.82,bbl,33960.2,mscf
Adrar,Transportation,Logistics,Block 1,2022,4,17034.02,bbl,131558.3,mscf
Adrar,Exploration & Production,Drilling,Field B,2022,4,9317.71,bbl,181709.19,mscf
Hassi R'Mel,Exploration & Production,Operations,Block 1,2024,1,39134.07,bbl,88949.58,mscf
Illizi,Exploration & Production,Logistics,Block 2,2025,4,6597.28,bbl,62287.16,mscf
Berkine,Transportation,Logistics,Block 2,2023,1,43897.35,bbl,187425.41,mscf
In Salah,Refining,Logistics,Block 1,2025,8,32733.36,bbl,57985.31,mscf
Hassi Messaoud,Exploration & Production,Production,Field A,2022,9,3249.38,bbl,17076.02,mscf
In Salah,Transportation,Production,Area X,2022,3,13217.21,bbl,89841.07,mscf
Berkine,Transportation,Production,Area X,2022,11,29088.19,bbl,153402.58,mscf
Illizi,Transportation,Logistics,Area Y,2022,1,4154.84,bbl,12809.05,mscf
Berkine,Exploration & Production,Drilling,Area Y,2025,1,47303.73,bbl,186661.67,mscf
Adrar,Refining,Operations,Area X,2024,11,35327.06,bbl,87403.79,mscf
Hassi R'Mel,Refining,Operations,Block 1,2025,2,21471.19,bbl,149077.42,mscf
Illizi,Refining,Operations,Block 2,2022,4,41658.36,bbl,11888.89,mscf
In Salah,Exploration & Production,Logistics,Field B,2025,4,39334.93,bbl,74926.61,mscf
Rhourde Nouss,Exploration & Production,Drilling,Field A,2025,12,17299.9,bbl,101996.74,mscf
Hassi R'Mel,Refining,Logistics,Area X,2024,4,40928.44,bbl,175138.93,mscf
Hassi R'Mel,Marketing,Logistics,Field A,2024,4,27624.54,bbl,89535.54,mscf
Illizi,Refining,Drilling,Area X,2023,4,47132.88,bbl,191340.22,mscf
Berkine,Exploration & Production,Production,Area X,2024,5,33839.29,bbl,33241.79,mscf
Adrar,Refining,Logistics,Block 2,2023,7,8189.7,bbl,194999.37,mscf
Hassi Messaoud,Transportation,Production,Block 1,2025,12,41989.05,bbl,74025.95,mscf
Berkine,Marketing,Logistics,Block 1,2022,4,5089.98,bbl,114843.5,mscf
Hassi R'Mel,Marketing,Logistics,Area Y,2023,11,20771.01,bbl,141125.99,mscf
In Salah,Refining,Logistics,Area X,2023,5,37454.39,bbl,64125.16,mscf
Hassi R'Mel,Transportation,Operations,Area X,2023,2,16823.03,bbl,31261.19,mscf
Rhourde Nouss,Marketing,Production,Field A,2022,4,25686.75,bbl,168923.55,mscf
Illizi,Refining,Logistics,Area Y,2024,7,7329.12,bbl,24942.94,mscf
Adrar,Transportation,Drilling,Area X,2022,1,23520.75,bbl,92883.45,mscf
In Salah,Exploration & Production,Operations,Block 2,2024,12,1059.27,bbl,185380.29,mscf
Berkine,Transportation,Production,Area X,2022,6,22315.4,bbl,168610.86,mscf
In Salah,Transportation,Logistics,Block 2,2024,12,3822.93,bbl,131805.8,mscf
Hassi Messaoud,Exploration & Production,Drilling,Area Y,2022,12,15262.23,bbl,197049.82,mscf
Illizi,Marketing,Logistics,Block 1,2023,12,49201.53,bbl,107395.61,mscf
Rhourde Nouss,Exploration & Production,Production,Field A,2023,6,9200.71,bbl,96635.27,mscf
In Salah,Transportation,Production,Field B,2022,3,44744.78,bbl,62490.74,mscf
Illizi,Refining,Production,Block 2,2022,10,3035.8,bbl,55641.02,mscf
In Salah,Transportation,Drilling,Block 1,2025,5,1599.7,bbl,76184.25,mscf
Hassi Messaoud,Exploration & Production,Drilling,Area Y,2024,2,18003.74,bbl,127806.0,mscf
Rhourde Nouss,Refining,Drilling,Block 2,2025,6,43245.77,bbl,158019.44,mscf
Hassi Messaoud,Transportation,Logistics,Block 2,2022,9,28660.21,bbl,96083.33,mscf
Adrar,Marketing,Operations,Block 1,2024,10,33242.52,bbl,112109.12,mscf
Berkine,Refining,Drilling,Block 2,2025,7,28995.71,bbl,25134.16,mscf
In Salah,Refining,Logistics,Block 1,2024,8,19847.46,bbl,70265.98,mscf
Adrar,Refining,Logistics,Field A,2024,7,33776.68,bbl,107552.02,mscf
Illizi,Refining,Operations,Block 1,2024,6,37431.98,bbl,94169.53,mscf
In Salah,Exploration & Production,Logistics,Field B,2024,4,33784.41,bbl,168066.5,mscf
Hassi R'Mel,Exploration & Production,Logistics,Block 1,2024,8,15716.81,bbl,17138.38,mscf
Illizi,Refining,Operations,Block 2,2024,7,13440.95,bbl,56729.57,mscf
Hassi R'Mel,Transportation,Drilling,Field B,2023,8,33028.92,bbl,184197.67,mscf
Illizi,Exploration & Production,Operations,Block 2,2023,7,37330.37,bbl,181998.15,mscf
Illizi,Marketing,Drilling,Area X,2024,3,25060.23,bbl,143514.95,mscf
Hassi Messaoud,Marketing,Logistics,Area Y,2024,4,33453.48,bbl,75122.63,mscf
In Salah,Transportation,Logistics,Area Y,2022,4,45084.2,bbl,115202.65,mscf
Adrar,Marketing,Production,Area Y,2024,3,8975.01,bbl,155584.35,mscf
Hassi R'Mel,Transportation,Logistics,Block 1,2024,6,17106.89,bbl,143028.27,mscf
Hassi Messaoud,Marketing,Production,Block 2,2023,10,8576.76,bbl,142096.16,mscf
Adrar,Transportation,Operations,Area X,2022,11,37369.17,bbl,131668.71,mscf
Illizi,Marketing,Drilling,Block 2,2024,1,36464.77,bbl,90322.25,mscf
In Salah,Refining,Production,Block 1,2023,12,24401.95,bbl,81950.61,mscf
In Salah,Marketing,Drilling,Field A,2023,9,12549.88,bbl,83137.55,mscf
Illizi,Refining,Production,Block 1,2022,1,37629.01,bbl,179051.28,mscf
Illizi,Exploration & Production,Operations,Field B,2022,3,4865.7,bbl,107863.17,mscf
In Salah,Refining,Drilling,Field B,2024,10,30151.05,bbl,171334.22,mscf
Adrar,Transportation,Logistics,Field A,2022,5,42121.62,bbl,51026.27,mscf
In Salah,Marketing,Logistics,Area X,2024,10,31151.76,bbl,154834.26,mscf
Hassi R'Mel,Marketing,Operations,Block 2,2023,10,15688.71,bbl,160570.46,mscf
Hassi R'Mel,Refining,Logistics,Area X,2023,9,40493.99,bbl,79958.1,mscf
In Salah,Transportation,Drilling,Block 1,2022,11,41730.07,bbl,125734.75,mscf
Illizi,Exploration & Production,Operations,Field B,2025,9,42721.84,bbl,35353.25,mscf
Hassi R'Mel,Transportation,Drilling,Field B,2024,9,27813.2,bbl,140585.48,mscf
Rhourde Nouss,Refining,Drilling,Area Y,2022,1,39769.01,bbl,37353.03,mscf
Hassi Messaoud,Refining,Drilling,Area X,2025,2,34282.68,bbl,191582.33,mscf
Adrar,Refining,Drilling,Area X,2024,5,16158.86,bbl,43391.86,mscf
Berkine,Exploration & Production,Logistics,Field A,2024,5,7758.29,bbl,147883.02,mscf
Adrar,Marketing,Operations,Area Y,2024,2,13080.04,bbl,50692.53,mscf
Rhourde Nouss,Transportation,Operations,Block 1,2025,11,1555.87,bbl,31759.45,mscf
Illizi,Refining,Logistics,Field A,2025,3,7654.07,bbl,49981.19,mscf
Illizi,Marketing,Production,Field B,2022,7,12523.72,bbl,104563.99,mscf
Adrar,Refining,Operations,Block 1,2025,1,32102.75,bbl,54720.95,mscf
Illizi,Marketing,Drilling,Block 1,2023,9,5188.56,bbl,88653.69,mscf
Hassi Messaoud,Marketing,Operations,Block 2,2025,11,9148.51,bbl,55466.29,mscf
Berkine,Exploration & Production,Logistics,Area X,2025,7,1735.8,bbl,48239.5,mscf
Hassi Messaoud,Transportation,Drilling,Area Y,2024,4,26147.83,bbl,90390.32,mscf
Illizi,Transportation,Operations,Block 1,2025,2,40684.04,bbl,194092.06,mscf
Rhourde Nouss,Marketing,Production,Area Y,2022,5,7299.92,bbl,163681.71,mscf
Illizi,Marketing,Production,Area X,2023,7,45081.65,bbl,51827.08,mscf
In Salah,Transportation,Production,Field A,2022,4,1394.77,bbl,85303.88,mscf
Hassi Messaoud,Refining,Operations,Block 1,2025,1,20783.02,bbl,115349.72,mscf
Hassi R'Mel,Exploration & Production,Logistics,Field B,2025,10,32116.48,bbl,19344.89,mscf
In Salah,Exploration & Production,Production,Area X,2024,7,49901.9,bbl,100886.83,mscf
In Salah,Refining,Operations,Field A,2025,4,26458.79,bbl,95650.03,mscf
Adrar,Transportation,Logistics,Area Y,2023,4,24748.17,bbl,80178.16,mscf
Hassi Messaoud,Transportation,Logistics,Area Y,2023,10,21887.71,bbl,172722.37,mscf
Hassi R'Mel,Exploration & Production,Production,Field A,2022,2,19990.42,bbl,12761.42,mscf
Adrar,Exploration & Production,Logistics,Field A,2025,12,18020.56,bbl,56760.82,mscf
Illizi,Refining,Drilling,Block 1,2023,3,33902.95,bbl,78179.47,mscf
In Salah,Marketing,Logistics,Area Y,2024,11,24590.14,bbl,78587.56,mscf
Adrar,Marketing,Drilling,Field A,2022,5,14904.39,bbl,121972.97,mscf
Hassi Messaoud,Transportation,Drilling,Block 1,2022,1,49850.19,bbl,21738.5,mscf
Illizi,Transportation,Operations,Area Y,2024,2,12999.61,bbl,24314.49,mscf
In Salah,Marketing,Operations,Area Y,2025,8,34394.59,bbl,185264.02,mscf
Berkine,Marketing,Operations,Area X,2025,10,47528.26,bbl,191344.55,mscf
Illizi,Transportation,Production,Field B,2022,10,16830.62,bbl,178138.9,mscf
Rhourde Nouss,Transportation,Operations,Area Y,2022,2,49832.87,bbl,193169.58,mscf
Rhourde Nouss,Marketing,Operations,Area X,2025,3,46353.87,bbl,20230.05,mscf
In Salah,Marketing,Operations,Block 2,2025,3,32421.29,bbl,39421.56,mscf
Berkine,Exploration & Production,Drilling,Block 2,2022,8,17198.28,bbl,172361.25,mscf
Berkine,Transportation,Logistics,Block 2,2024,2,23363.19,bbl,73158.18,mscf
In Salah,Exploration & Production,Production,Field A,2025,1,3270.76,bbl,63144.94,mscf
In Salah,Exploration & Production,Operations,Area Y,2022,1,45568.7,bbl,189882.79,mscf
Rhourde Nouss,Refining,Operations,Field A,2024,3,9026.57,bbl,57303.08,mscf
Hassi Messaoud,Exploration & Production,Operations,Area Y,2024,1,4743.13,bbl,23121.84,mscf
Hassi R'Mel,Refining,Production,Area X,2023,2,45707.75,bbl,27187.85,mscf
Hassi R'Mel,Exploration & Production,Production,Area Y,2025,3,14469.09,bbl,155725.77,mscf
Berkine,Transportation,Production,Field A,2025,3,30358.23,bbl,92684.22,mscf
Hassi R'Mel,Refining,Production,Block 1,2023,7,20489.33,bbl,173905.02,mscf
Hassi Messaoud,Transportation,Operations,Area Y,2022,4,35963.05,bbl,175853.84,mscf
Illizi,Transportation,Logistics,Block 1,2023,8,33421.16,bbl,196513.02,mscf
Hassi Messaoud,Marketing,Logistics,Block 1,2022,8,42125.88,bbl,83055.62,mscf
Rhourde Nouss,Marketing,Logistics,Block 1,2022,5,40527.8,bbl,104083.17,mscf
Hassi Messaoud,Marketing,Drilling,Field B,2022,1,30582.38,bbl,188552.57,mscf
Hassi R'Mel,Refining,Production,Block 1,2022,2,30027.71,bbl,99117.19,mscf
Illizi,Refining,Logistics,Field A,2024,12,34949.3,bbl,118550.08,mscf
Berkine,Refining,Drilling,Field A,2024,5,40964.68,bbl,171115.84,mscf
Illizi,Refining,Production,Area Y,2022,2,21796.1,bbl,48244.7,mscf
Adrar,Refining,Logistics,Field B,2022,10,45154.23,bbl,173266.0,mscf
Illizi,Exploration & Production,Operations,Area Y,2024,9,28903.15,bbl,199100.41,mscf
Berkine,Transportation,Drilling,Field B,2023,7,1699.64,bbl,39007.24,mscf
Rhourde Nouss,Exploration & Production,Drilling,Block 1,2024,2,31403.55,bbl,78073.02,mscf
Hassi Messaoud,Refining,Operations,Field A,2022,8,33192.77,bbl,115983.71,mscf
Illizi,Marketing,Drilling,Field B,2025,4,39917.34,bbl,9570.45,mscf
In Salah,Refining,Drilling,Field A,2025,10,17176.58,bbl,89170.7,mscf
In Salah,Refining,Production,Block 1,2023,7,11078.68,bbl,111724.37,mscf
Illizi,Transportation,Production,Field B,2025,12,48519.08,bbl,130418.08,mscf
Adrar,Exploration & Production,Drilling,Field A,2022,3,16680.03,bbl,160449.19,mscf
Hassi Messaoud,Marketing,Drilling,Area Y,2023,8,30154.89,bbl,38599.98,mscf
Rhourde Nouss,Refining,Production,Block 1,2024,11,11888.9,bbl,167547.46,mscf
In Salah,Marketing,Logistics,Block 1,2023,8,36974.54,bbl,151480.69,mscf
Adrar,Marketing,Drilling,Area X,2022,2,42297.46,bbl,86345.13,mscf
Berkine,Transportation,Operations,Area Y,2025,7,21510.72,bbl,118657.84,mscf
In Salah,Exploration & Production,Drilling,Block 2,2024,8,11005.36,bbl,64087.7,mscf
Illizi,Refining,Logistics,Block 2,2022,8,32449.03,bbl,159658.34,mscf
Berkine,Transportation,Logistics,Field A,2025,10,39328.12,bbl,70633.2,mscf
Illizi,Exploration & Production,Drilling,Field A,2024,6,49488.94,bbl,7374.58,mscf
Illizi,Exploration & Production,Production,Area Y,2025,9,19301.55,bbl,127078.49,mscf
Illizi,Marketing,Drilling,Area X,2023,11,48371.67,bbl,120770.83,mscf
In Salah,Refining,Operations,Field A,2024,7,1435.38,bbl,170043.41,mscf
Adrar,Transportation,Drilling,Block 2,2023,5,31800.93,bbl,168387.3,mscf
Hassi R'Mel,Transportation,Logistics,Field B,2024,8,37299.09,bbl,30240.74,mscf
Rhourde Nouss,Transportation,Logistics,Area Y,2022,7,14185.91,bbl,6617.16,mscf
Rhourde Nouss,Transportation,Logistics,Block 1,2024,11,48111.99,bbl,159591.62,mscf
Hassi Messaoud,Exploration & Production,Logistics,Field A,2025,3,29593.75,bbl,77914.28,mscf
Adrar,Refining,Logistics,Field B,2025,8,3844.65,bbl,59372.73,mscf
Illizi,Refining,Production,Block 1,2024,1,37426.43,bbl,8610.02,mscf
In Salah,Transportation,Logistics,Block 2,2024,4,14160.47,bbl,131838.94,mscf
Adrar,Exploration & Production,Drilling,Field B,2022,7,18844.8,bbl,160206.42,mscf
Illizi,Exploration & Production,Drilling,Area Y,2023,2,38460.4,bbl,52444.35,mscf
Hassi R'Mel,Exploration & Production,Operations,Block 2,2025,11,44323.72,bbl,185927.0,mscf
Adrar,Refining,Logistics,Area X,2022,12,20667.0,bbl,198100.99,mscf
Adrar,Transportation,Drilling,Area X,2024,9,32896.25,bbl,69151.68,mscf
In Salah,Exploration & Production,Drilling,Block 2,2025,1,26234.56,bbl,65863.27,mscf
Adrar,Refining,Operations,Block 1,2023,12,10043.37,bbl,80759.05,mscf
Rhourde Nouss,Transportation,Logistics,Area Y,2025,7,36062.01,bbl,97555.89,mscf
Rhourde Nouss,Transportation,Production,Area Y,2022,10,12842.68,bbl,27810.91,mscf
Illizi,Transportation,Logistics,Block 1,2022,8,23261.34,bbl,56229.01,mscf
Illizi,Marketing,Production,Block 1,2025,2,6403.48,bbl,172108.33,mscf
Rhourde Nouss,Exploration & Production,Production,Field A,2023,11,38290.29,bbl,102066.43,mscf
In Salah,Exploration & Production,Operations,Area Y,2023,4,7728.26,bbl,189560.75,mscf
Berkine,Marketing,Logistics,Area X,2025,2,8998.9,bbl,174388.29,mscf
Hassi R'Mel,Refining,Production,Area Y,2022,1,20389.52,bbl,69939.88,mscf
Illizi,Exploration & Production,Drilling,Area Y,2022,10,45775.16,bbl,141435.42,mscf
Berkine,Refining,Logistics,Block 2,2023,6,27739.1,bbl,191698.99,mscf
Hassi R'Mel,Transportation,Drilling,Area X,2023,10,11374.15,bbl,57409.0,mscf
Hassi Messaoud,Marketing,Operations,Field B,2024,4,29867.79,bbl,172566.77,mscf
Illizi,Refining,Drilling,Area X,2024,2,37117.14,bbl,84983.97,mscf
In Salah,Transportation,Logistics,Area X,2023,3,16544.86,bbl,133475.08,mscf
Hassi Messaoud,Refining,Drilling,Block 2,2023,2,41705.64,bbl,163971.13,mscf
Illizi,Transportation,Drilling,Block 1,2025,4,47416.84,bbl,161015.79,mscf
Adrar,Refining,Logistics,Area X,2024,11,9787.96,bbl,34494.71,mscf
Berkine,Marketing,Logistics,Field B,2023,11,47777.83,bbl,52080.99,mscf
In Salah,Refining,Logistics,Field A,2022,7,6759.62,bbl,165091.38,mscf
In Salah,Refining,Production,Area X,2024,12,32559.33,bbl,73452.68,mscf
Illizi,Transportation,Production,Area Y,2024,8,5649.1,bbl,20023.05,mscf
Hassi Messaoud,Exploration & Production,Logistics,Area Y,2024,12,40019.0,bbl,17656.41,mscf
In Salah,Transportation,Logistics,Block 1,2025,1,9595.5,bbl,8816.97,mscf
In Salah,Refining,Drilling,Field B,2025,4,3722.89,bbl,134374.29,mscf
Adrar,Marketing,Drilling,Block 2,2025,10,35128.81,bbl,75214.72,mscf
Illizi,Marketing,Production,Area X,2023,8,15941.24,bbl,171110.55,mscf
Rhourde Nouss,Refining,Logistics,Area Y,2025,12,5033.26,bbl,136274.53,mscf
Adrar,Refining,Production,Area Y,2022,1,20962.74,bbl,30098.69,mscf
Hassi Messaoud,Transportation,Production,Area Y,2023,9,40915.78,bbl,185526.58,mscf
Rhourde Nouss,Exploration & Production,Production,Field A,2022,2,33902.56,bbl,162012.89,mscf
Hassi Messaoud,Transportation,Operations,Area X,2025,4,37529.15,bbl,173528.11,mscf
Rhourde Nouss,Exploration & Production,Drilling,Block 2,2023,8,49176.18,bbl,83446.79,mscf
Rhourde Nouss,Refining,Logistics,Area X,2024,10,17532.71,bbl,165977.04,mscf
Illizi,Exploration & Production,Drilling,Field B,2025,3,25620.32,bbl,58594.31,mscf
Adrar,Refining,Drilling,Block 2,2023,6,18885.57,bbl,28313.71,mscf
Berkine,Exploration & Production,Production,Field A,2023,4,35118.54,bbl,122962.13,mscf
Berkine,Exploration & Production,Drilling,Area Y,2022,8,31259.9,bbl,185348.3,mscf
In Salah,Refining,Operations,Block 2,2022,3,36565.95,bbl,172141.34,mscf
Rhourde Nouss,Transportation,Production,Area X,2022,11,1705.13,bbl,35226.39,mscf
Illizi,Marketing,Production,Field A,2023,1,37300.65,bbl,93664.25,mscf
Hassi Messaoud,Transportation,Drilling,Area Y,2023,3,26531.09,bbl,45714.28,mscf
Illizi,Transportation,Operations,Block 1,2023,11,25527.76,bbl,68791.55,mscf
Hassi Messaoud,Exploration & Production,Production,Area X,2022,3,41127.93,bbl,195211.21,mscf
Hassi R'Mel,Marketing,Production,Block 2,2025,6,15981.14,bbl,140354.19,mscf
Berkine,Marketing,Drilling,Block 2,2025,12,15768.81,bbl,43445.95,mscf
In Salah,Transportation,Logistics,Field A,2022,9,32867.79,bbl,177658.15,mscf
Hassi Messaoud,Transportation,Logistics,Field B,2023,11,5100.67,bbl,43056.64,mscf
Hassi R'Mel,Transportation,Production,Block 2,2022,11,30742.29,bbl,111200.65,mscf
In Salah,Refining,Logistics,Block 1,2024,7,33185.98,bbl,93252.89,mscf
Hassi R'Mel,Marketing,Logistics,Field A,2023,4,36806.35,bbl,25321.67,mscf
Illizi,Refining,Production,Area Y,2023,7,5423.09,bbl,37774.77,mscf
Hassi R'Mel,Marketing,Production,Block 1,2025,8,8777.56,bbl,140095.08,mscf
Illizi,Transportation,Logistics,Block 1,2022,8,22659.63,bbl,172357.1,mscf
Hassi Messaoud,Marketing,Production,Field A,2024,9,43127.77,bbl,8294.16,mscf
Adrar,Refining,Logistics,Field B,2023,2,12286.38,bbl,61333.55,mscf
Illizi,Exploration & Production,Drilling,Block 2,2023,1,42756.95,bbl,186837.59,mscf
Adrar,Transportation,Logistics,Area Y,2022,2,24565.31,bbl,199035.23,mscf
Illizi,Transportation,Drilling,Field B,2025,1,41117.39,bbl,33410.49,mscf
Hassi R'Mel,Marketing,Production,Area Y,2025,1,22309.55,bbl,150834.65,mscf
Illizi,Marketing,Production,Area Y,2024,12,49477.27,bbl,75517.19,mscf
In Salah,Marketing,Drilling,Area Y,2022,5,40148.97,bbl,138438.89,mscf
Hassi Messaoud,Transportation,Production,Block 2,2025,1,27740.4,bbl,120789.11,mscf
Hassi R'Mel,Exploration & Production,Production,Area Y,2022,3,28770.64,bbl,19328.88,mscf
Berkine,Transportation,Drilling,Field B,2025,12,42011.99,bbl,157465.28,mscf
In Salah,Marketing,Operations,Block 2,2023,10,43881.25,bbl,135043.57,mscf
Adrar,Refining,Production,Field B,2023,9,7130.78,bbl,138737.44,mscf
Hassi Messaoud,Refining,Drilling,Area Y,2023,9,43557.21,bbl,22806.05,mscf
Illizi,Transportation,Production,Block 1,2022,2,23278.25,bbl,94710.77,mscf
Illizi,Transportation,Logistics,Area X,2025,2,43270.51,bbl,68626.98,mscf
Berkine,Transportation,Operations,Block 2,2024,5,1338.63,bbl,189715.23,mscf
Illizi,Exploration & Production,Production,Area X,2024,3,14918.49,bbl,93179.06,mscf
Adrar,Transportation,Drilling,Area X,2025,1,40735.86,bbl,150419.34,mscf
Rhourde Nouss,Transportation,Logistics,Area Y,2024,4,28272.3,bbl,133832.29,mscf
Hassi R'Mel,Exploration & Production,Logistics,Area X,2024,8,32621.87,bbl,96914.6,mscf
Hassi Messaoud,Exploration & Production,Logistics,Block 1,2024,9,43136.05,bbl,84635.13,mscf
Hassi R'Mel,Refining,Logistics,Block 1,2022,12,30088.57,bbl,119490.08,mscf
In Salah,Refining,Production,Field B,2022,1,29548.21,bbl,95170.41,mscf
Berkine,Refining,Drilling,Field B,2025,7,25855.88,bbl,72433.05,mscf
Rhourde Nouss,Exploration & Production,Production,Block 2,2024,2,14564.71,bbl,51135.6,mscf
Berkine,Transportation,Drilling,Field A,2022,12,29671.17,bbl,65597.12,mscf
Adrar,Marketing,Production,Block 2,2024,10,27584.83,bbl,108296.62,mscf
Hassi R'Mel,Exploration & Production,Drilling,Field A,2023,10,20393.44,bbl,113028.46,mscf
Adrar,Exploration & Production,Production,Field A,2023,6,2903.82,bbl,123488.71,mscf
In Salah,Refining,Drilling,Field B,2025,6,36708.96,bbl,71661.52,mscf
Adrar,Exploration & Production,Operations,Block 1,2024,1,21857.98,bbl,152035.86,mscf
Hassi Messaoud,Refining,Production,Field B,2023,8,26870.37,bbl,94710.14,mscf
Rhourde Nouss,Exploration & Production,Production,Field A,2023,1,40254.84,bbl,156449.39,mscf
Rhourde Nouss,Exploration & Production,Production,Area X,2025,1,1581.56,bbl,25792.66,mscf
Rhourde Nouss,Exploration & Production,Operations,Block 1,2025,10,46408.95,bbl,153082.67,mscf
Adrar,Exploration & Production,Drilling,Field A,2023,6,32908.85,bbl,198288.37,mscf
Hassi Messaoud,Refining,Drilling,Field A,2023,1,1785.03,bbl,74668.64,mscf
Illizi,Refining,Production,Area Y,2023,6,42620.78,bbl,81553.76,mscf
Adrar,Marketing,Production,Block 1,2023,9,2305.09,bbl,196191.71,mscf
Hassi Messaoud,Refining,Drilling,Block 2,2024,8,49654.84,bbl,59711.88,mscf
Rhourde Nouss,Transportation,Production,Area X,2023,8,8766.04,bbl,157448.92,mscf
Berkine,Exploration & Production,Logistics,Block 1,2025,5,39714.91,bbl,157870.64,mscf
Hassi Messaoud,Refining,Drilling,Area X,2024,6,49785.39,bbl,68555.31,mscf
Illizi,Transportation,Operations,Field B,2024,8,34304.44,bbl,115269.53,mscf
Rhourde Nouss,Transportation,Operations,Area Y,2022,12,14353.52,bbl,156648.01,mscf
Illizi,Exploration & Production,Logistics,Block 2,2024,5,30968.39,bbl,107289.68,mscf
In Salah,Exploration & Production,Drilling,Area X,2023,2,12483.73,bbl,67296.73,mscf
In Salah,Transportation,Operations,Field B,2023,11,7580.7,bbl,75016.73,mscf
Berkine,Marketing,Logistics,Area Y,2022,1,6812.28,bbl,193550.6,mscf
Rhourde Nouss,Marketing,Production,Field A,2023,8,29194.42,bbl,178675.38,mscf
Rhourde Nouss,Transportation,Operations,Area X,2022,8,16869.17,bbl,183730.84,mscf
Adrar,Marketing,Logistics,Area Y,2023,7,17836.72,bbl,143132.1,mscf
Berkine,Marketing,Drilling,Field A,2023,6,12121.94,bbl,127272.35,mscf
Rhourde Nouss,Exploration & Production,Production,Block 2,2022,10,40907.69,bbl,6032.72,mscf
Illizi,Marketing,Logistics,Area X,2022,12,40280.63,bbl,148950.85,mscf
Adrar,Marketing,Logistics,Field A,2022,8,46540.39,bbl,98954.84,mscf
In Salah,Marketing,Logistics,Block 2,2025,12,3127.02,bbl,68980.2,mscf
Hassi R'Mel,Exploration & Production,Logistics,Area Y,2023,4,42297.3,bbl,134653.72,mscf
Hassi Messaoud,Marketing,Production,Block 2,2023,6,47626.35,bbl,9061.34,mscf
Hassi R'Mel,Exploration & Production,Logistics,Block 2,2024,6,15903.62,bbl,196239.41,mscf
Adrar,Marketing,Production,Field B,2023,12,41049.81,bbl,89444.5,mscf
Berkine,Refining,Logistics,Block 2,2024,12,11648.14,bbl,173382.9,mscf
Hassi Messaoud,Refining,Drilling,Block 2,2024,2,42080.85,bbl,129596.11,mscf
Illizi,Marketing,Drilling,Area X,2023,9,16761.22,bbl,95547.82,mscf
Adrar,Refining,Operations,Block 1,2025,2,44430.22,bbl,180698.45,mscf
Adrar,Transportation,Drilling,Area Y,2023,12,20166.85,bbl,81721.43,mscf
Rhourde Nouss,Exploration & Production,Logistics,Field B,2025,2,7422.91,bbl,151619.78,mscf
Rhourde Nouss,Transportation,Production,Area Y,2023,2,10980.76,bbl,146067.49,mscf
Illizi,Marketing,Drilling,Area X,2024,5,49581.71,bbl,14186.23,mscf
Rhourde Nouss,Refining,Production,Field B,2024,5,13609.76,bbl,85148.04,mscf
Hassi R'Mel,Marketing,Drilling,Area X,2024,9,25207.63,bbl,18938.63,mscf
Hassi R'Mel,Transportation,Drilling,Field B,2025,4,1429.62,bbl,109828.4,mscf
Illizi,Marketing,Production,Field A,2025,6,47040.71,bbl,68826.87,mscf
Hassi Messaoud,Exploration & Production,Operations,Block 2,2025,1,35750.32,bbl,64508.96,mscf
Rhourde Nouss,Transportation,Drilling,Area X,2022,6,30681.36,bbl,99183.03,mscf
Hassi R'Mel,Transportation,Production,Block 2,2024,9,41084.13,bbl,167263.79,mscf
Adrar,Refining,Production,Area X,2024,2,33627.65,bbl,130984.29,mscf
Hassi R'Mel,Transportation,Logistics,Area Y,2025,6,36300.46,bbl,191424.64,mscf
Rhourde Nouss,Marketing,Logistics,Field B,2025,2,14939.71,bbl,163887.66,mscf
Hassi R'Mel,Transportation,Logistics,Area X,2025,5,32699.4,bbl,151542.8,mscf
Berkine,Transportation,Operations,Field A,2024,9,5231.39,bbl,164657.52,mscf
Rhourde Nouss,Transportation,Production,Field B,2025,7,18159.06,bbl,150563.84,mscf
Hassi R'Mel,Exploration & Production,Logistics,Block 1,2023,2,44128.68,bbl,125844.88,mscf
Illizi,Marketing,Logistics,Block 2,2025,3,1766.19,bbl,9506.62,mscf
Berkine,Marketing,Logistics,Area X,2025,2,38525.26,bbl,134669.4,mscf
Illizi,Refining,Drilling,Field A,2022,2,2139.16,bbl,159561.59,mscf
Illizi,Transportation,Logistics,Area Y,2023,7,15755.96,bbl,106387.32,mscf
Hassi Messaoud,Exploration & Production,Logistics,Field B,2024,2,47872.99,bbl,149412.79,mscf
Illizi,Exploration & Production,Production,Block 2,2022,9,46317.53,bbl,109666.71,mscf
Illizi,Transportation,Operations,Block 2,2023,3,8109.34,bbl,184859.41,mscf
Berkine,Marketing,Drilling,Block 1,2023,6,13979.34,bbl,113958.03,mscf
Rhourde Nouss,Transportation,Drilling,Area X,2025,5,38205.03,bbl,166785.17,mscf
Illizi,Transportation,Logistics,Block 2,2024,4,46001.38,bbl,46024.25,mscf
Berkine,Transportation,Drilling,Area Y,2025,6,7897.25,bbl,17138.82,mscf
Illizi,Refining,Production,Block 1,2023,8,27761.99,bbl,198431.32,mscf
In Salah,Refining,Production,Block 2,2024,7,3938.87,bbl,162817.84,mscf
Hassi Messaoud,Refining,Logistics,Field B,2024,8,12732.73,bbl,104182.5,mscf
Hassi R'Mel,Marketing,Production,Area Y,2024,11,26830.11,bbl,75812.82,mscf
Hassi Messaoud,Marketing,Operations,Area X,2022,9,15027.68,bbl,63281.51,mscf
Illizi,Exploration & Production,Operations,Block 1,2022,2,48890.78,bbl,103454.7,mscf
Berkine,Marketing,Drilling,Field A,2024,7,42949.77,bbl,120028.75,mscf
Hassi Messaoud,Exploration & Production,Logistics,Block 1,2023,6,11847.91,bbl,110396.32,mscf
Hassi Messaoud,Exploration & Production,Production,Block 2,2022,1,7486.02,bbl,180497.43,mscf
Illizi,Refining,Logistics,Area X,2023,1,29232.5,bbl,87515.53,mscf
Berkine,Marketing,Logistics,Block 1,2025,6,8678.31,bbl,135619.82,mscf
Berkine,Exploration & Production,Operations,Block 1,2024,6,31465.57,bbl,21441.87,mscf
Adrar,Exploration & Production,Production,Field A,2022,4,46127.83,bbl,58640.06,mscf
Berkine,Marketing,Drilling,Area Y,2023,5,22092.13,bbl,161758.15,mscf
Illizi,Marketing,Drilling,Field A,2024,6,25683.56,bbl,143555.21,mscf
Adrar,Transportation,Operations,Block 2,2025,10,10429.7,bbl,112943.93,mscf
Illizi,Marketing,Logistics,Field B,2022,8,10177.6,bbl,43655.96,mscf
In Salah,Marketing,Production,Field A,2025,12,32798.84,bbl,15943.96,mscf
Illizi,Exploration & Production,Drilling,Field A,2023,12,43811.27,bbl,167690.53,mscf
Illizi,Transportation,Drilling,Area Y,2022,9,27285.26,bbl,106610.7,mscf
Berkine,Transportation,Logistics,Area Y,2022,4,4331.07,bbl,92612.98,mscf
Illizi,Transportation,Logistics,Block 1,2024,4,6746.29,bbl,84248.58,mscf
Hassi Messaoud,Refining,Operations,Field B,2024,2,45318.08,bbl,196718.17,mscf
Illizi,Exploration & Production,Drilling,Area X,2023,6,16796.71,bbl,68548.96,mscf
Hassi R'Mel,Refining,Drilling,Area X,2022,1,43444.1,bbl,36444.8,mscf
In Salah,Transportation,Production,Block 2,2025,9,42389.14,bbl,174557.19,mscf
Berkine,Exploration & Production,Operations,Block 2,2025,10,7495.97,bbl,177287.94,mscf
Hassi Messaoud,Refining,Production,Field B,2024,12,18173.78,bbl,164969.64,mscf
Hassi R'Mel,Refining,Production,Field B,2022,10,10490.26,bbl,31998.57,mscf
Berkine,Exploration & Production,Drilling,Area Y,2023,6,9067.46,bbl,76693.94,mscf
Adrar,Exploration & Production,Production,Area X,2023,5,47472.3,bbl,79845.71,mscf
Hassi R'Mel,Exploration & Production,Operations,Area Y,2022,7,15701.25,bbl,194403.55,mscf
Adrar,Marketing,Drilling,Field A,2023,11,47189.09,bbl,191378.22,mscf
Illizi,Refining,Production,Field B,2025,2,48177.74,bbl,55333.3,mscf
In Salah,Exploration & Production,Operations,Field B,2025,4,33729.11,bbl,35795.87,mscf
Adrar,Transportation,Production,Block 1,2025,1,17242.92,bbl,180821.48,mscf
Hassi R'Mel,Exploration & Production,Operations,Area Y,2022,8,39778.06,bbl,75949.01,mscf
In Salah,Refining,Drilling,Field B,2025,6,14230.35,bbl,19522.5,mscf
Rhourde Nouss,Refining,Operations,Field B,2023,1,8796.23,bbl,57426.3,mscf
Illizi,Refining,Production,Block 1,2025,6,17025.8,bbl,98373.66,mscf
Adrar,Refining,Operations,Area X,2022,12,12034.83,bbl,42321.93,mscf
Rhourde Nouss,Refining,Production,Area Y,2022,5,28719.46,bbl,179757.88,mscf
Berkine,Refining,Drilling,Field B,2022,7,15027.34,bbl,118590.45,mscf
In Salah,Refining,Operations,Block 1,2025,8,21448.14,bbl,128268.75,mscf
Hassi Messaoud,Exploration & Production,Drilling,Area X,2025,3,36219.33,bbl,37394.62,mscf
Rhourde Nouss,Refining,Drilling,Area Y,2024,12,12707.22,bbl,146817.46,mscf
Adrar,Transportation,Drilling,Block 2,2023,12,4398.57,bbl,41038.48,mscf
Rhourde Nouss,Transportation,Logistics,Area Y,2023,10,9032.66,bbl,177890.44,mscf
Rhourde Nouss,Refining,Production,Area Y,2025,8,23311.35,bbl,38442.44,mscf
Illizi,Exploration & Production,Drilling,Field B,2023,12,39327.85,bbl,168524.66,mscf
Adrar,Exploration & Production,Production,Block 1,2024,10,41863.99,bbl,26390.6,mscf
Hassi Messaoud,Exploration & Production,Logistics,Field A,2023,1,11910.38,bbl,58756.14,mscf
Hassi R'Mel,Marketing,Operations,Block 1,2024,5,26427.39,bbl,49452.98,mscf
Berkine,Marketing,Production,Field A,2025,7,45568.06,bbl,48321.71,mscf
Hassi R'Mel,Transportation,Production,Block 1,2025,7,41843.16,bbl,195074.08,mscf
Illizi,Transportation,Production,Block 2,2023,8,16278.75,bbl,76435.42,mscf
Rhourde Nouss,Transportation,Logistics,Block 1,2025,2,6602.22,bbl,29348.19,mscf
Illizi,Transportation,Logistics,Field B,2022,2,47335.55,bbl,17958.13,mscf
In Salah,Marketing,Operations,Block 1,2022,12,32067.67,bbl,52595.33,mscf
Adrar,Exploration & Production,Production,Block 1,2025,8,16000.94,bbl,25419.89,mscf
Rhourde Nouss,Exploration & Production,Logistics,Area X,2025,2,41895.69,bbl,17245.45,mscf
Berkine,Marketing,Production,Block 1,2025,2,8382.22,bbl,146042.12,mscf
Hassi R'Mel,Marketing,Operations,Field B,2024,8,34477.16,bbl,175402.65,mscf
Rhourde Nouss,Refining,Operations,Field B,2022,11,30657.23,bbl,9190.14,mscf
Hassi R'Mel,Marketing,Logistics,Field A,2023,4,28470.66,bbl,141764.59,mscf
Adrar,Marketing,Operations,Area Y,2023,5,12754.06,bbl,16395.2,mscf
Rhourde Nouss,Refining,Logistics,Field B,2025,8,38813.91,bbl,173821.66,mscf
Hassi Messaoud,Transportation,Logistics,Field B,2025,3,42897.8,bbl,162311.71,mscf
Hassi R'Mel,Exploration & Production,Operations,Field B,2025,6,46753.7,bbl,34911.82,mscf
Berkine,Marketing,Drilling,Area X,2022,2,46699.55,bbl,70539.41,mscf
Berkine,Marketing,Operations,Area Y,2022,11,1131.62,bbl,165597.13,mscf
Hassi Messaoud,Marketing,Operations,Block 1,2022,3,24301.38,bbl,57824.55,mscf
In Salah,Marketing,Logistics,Field B,2023,4,10643.64,bbl,139815.85,mscf
Illizi,Marketing,Production,Area Y,2025,8,16518.36,bbl,111623.95,mscf
In Salah,Marketing,Logistics,Block 2,2023,6,34762.44,bbl,161358.0,mscf
Berkine,Refining,Operations,Field B,2024,11,19255.07,bbl,113116.79,mscf
Hassi Messaoud,Marketing,Operations,Block 1,2022,1,35522.13,bbl,173308.44,mscf
In Salah,Marketing,Operations,Field B,2024,2,27088.08,bbl,77591.02,mscf
Illizi,Transportation,Logistics,Area Y,2022,6,8935.15,bbl,171711.24,mscf
Berkine,Transportation,Logistics,Area Y,2024,11,22127.43,bbl,90508.61,mscf
Berkine,Refining,Operations,Field A,2024,9,45129.22,bbl,148678.38,mscf
Rhourde Nouss,Transportation,Production,Area X,2023,11,23862.4,bbl,89721.53,mscf
Hassi Messaoud,Marketing,Logistics,Area X,2024,3,25069.54,bbl,19624.8,mscf
Hassi R'Mel,Refining,Production,Block 2,2025,9,14668.61,bbl,79912.47,mscf
Berkine,Exploration & Production,Operations,Block 1,2025,4,39827.11,bbl,66419.0,mscf
Rhourde Nouss,Refining,Operations,Area Y,2024,7,35114.73,bbl,87110.65,mscf
Illizi,Exploration & Production,Operations,Field B,2023,10,10446.33,bbl,123200.44,mscf
Illizi,Marketing,Production,Area Y,2024,6,29570.51,bbl,25713.98,mscf
Illizi,Marketing,Operations,Area X,2025,11,12940.36,bbl,98396.66,mscf
Hassi R'Mel,Exploration & Production,Operations,Block 2,2024,3,45708.19,bbl,124974.81,mscf
Berkine,Exploration & Production,Production,Block 1,2023,1,7182.25,bbl,134692.31,mscf
In Salah,Transportation,Production,Area Y,2024,3,37657.41,bbl,8795.34,mscf
Hassi R'Mel,Transportation,Production,Area Y,2024,3,3669.01,bbl,63855.68,mscf
Hassi Messaoud,Refining,Operations,Area Y,2024,2,29757.32,bbl,37274.62,mscf
Hassi Messaoud,Transportation,Production,Block 1,2023,5,47331.47,bbl,50338.92,mscf
In Salah,Exploration & Production,Operations,Field A,2025,5,32531.27,bbl,65327.49,mscf
Hassi R'Mel,Transportation,Logistics,Field A,2023,1,13311.26,bbl,78026.42,mscf
Hassi R'Mel,Exploration & Production,Drilling,Field B,2022,8,46241.61,bbl,36271.79,mscf
Berkine,Marketing,Drilling,Field A,2024,5,41297.24,bbl,152648.58,mscf
In Salah,Exploration & Production,Production,Area Y,2023,6,14192.36,bbl,7005.79,mscf
Rhourde Nouss,Exploration & Production,Production,Field B,2023,7,49361.76,bbl,135683.72,mscf
Rhourde Nouss,Refining,Drilling,Field B,2022,4,34985.9,bbl,162262.9,mscf
Illizi,Transportation,Drilling,Field B,2024,10,2509.9,bbl,68799.28,mscf
Adrar,Exploration & Production,Operations,Area Y,2024,1,16182.47,bbl,28236.79,mscf
Hassi R'Mel,Exploration & Production,Production,Block 1,2025,1,37522.52,bbl,20443.01,mscf
In Salah,Exploration & Production,Drilling,Field A,2023,11,34589.99,bbl,162674.94,mscf
Hassi Messaoud,Refining,Logistics,Area Y,2024,7,32650.54,bbl,25985.01,mscf
Hassi Messaoud,Transportation,Logistics,Block 2,2024,8,15023.15,bbl,117740.55,mscf
Adrar,Exploration & Production,Operations,Area X,2025,7,43664.38,bbl,189485.29,mscf
Hassi Messaoud,Transportation,Logistics,Block 2,2025,6,23698.53,bbl,38442.71,mscf
Hassi Messaoud,Transportation,Operations,Area X,2022,11,37646.75,bbl,194624.15,mscf
Rhourde Nouss,Marketing,Operations,Area Y,2022,4,8566.79,bbl,140374.0,mscf
Hassi R'Mel,Marketing,Operations,Block 1,2023,10,45321.72,bbl,178218.72,mscf
Hassi R'Mel,Transportation,Production,Field B,2023,7,29851.52,bbl,127083.77,mscf
Rhourde Nouss,Refining,Drilling,Area Y,2024,4,6129.97,bbl,185245.07,mscf
In Salah,Exploration & Production,Drilling,Area Y,2025,8,28707.43,bbl,72449.03,mscf
Rhourde Nouss,Transportation,Logistics,Block 1,2023,4,34230.83,bbl,166662.69,mscf
In Salah,Exploration & Production,Drilling,Field B,2023,10,37726.93,bbl,156864.66,mscf
Hassi Messaoud,Transportation,Production,Block 1,2025,1,40200.81,bbl,149996.54,mscf
Illizi,Refining,Drilling,Field A,2025,3,41224.35,bbl,172181.66,mscf
Hassi Messaoud,Marketing,Operations,Field A,2023,11,32637.3,bbl,47701.13,mscf
Adrar,Refining,Production,Area Y,2022,5,48109.86,bbl,117200.12,mscf
Rhourde Nouss,Exploration & Production,Logistics,Block 1,2024,5,6287.45,bbl,161022.86,mscf
Illizi,Marketing,Production,Area Y,2022,6,38010.32,bbl,182768.5,mscf
Adrar,Refining,Operations,Block 2,2023,7,32100.45,bbl,34574.49,mscf
Hassi R'Mel,Marketing,Operations,Area Y,2025,2,2482.9,bbl,54241.0,mscf
Rhourde Nouss,Refining,Drilling,Block 1,2025,8,35275.7,bbl,138774.08,mscf
Rhourde Nouss,Marketing,Logistics,Area Y,2024,9,21184.85,bbl,126063.07,mscf
In Salah,Refining,Drilling,Field B,2023,5,38619.29,bbl,157497.18,mscf
Berkine,Transportation,Production,Area X,2023,4,33092.49,bbl,183717.38,mscf
Adrar,Exploration & Production,Logistics,Area Y,2025,12,32082.75,bbl,190660.28,mscf
Rhourde Nouss,Marketing,Drilling,Field A,2025,6,13857.89,bbl,102602.01,mscf
Hassi Messaoud,Marketing,Operations,Area Y,2022,2,1843.9,bbl,134017.73,mscf
Hassi Messaoud,Transportation,Logistics,Field A,2023,6,29686.01,bbl,131545.83,mscf
Hassi Messaoud,Transportation,Drilling,Block 2,2023,4,16816.8,bbl,6958.27,mscf
In Salah,Marketing,Logistics,Block 1,2024,3,17781.81,bbl,103099.37,mscf
Rhourde Nouss,Transportation,Logistics,Block 2,2022,7,46969.59,bbl,29574.97,mscf
In Salah,Exploration & Production,Production,Block 2,2022,4,39331.37,bbl,195341.11,mscf
Illizi,Transportation,Operations,Block 2,2025,8,18942.81,bbl,164211.27,mscf
Hassi Messaoud,Refining,Drilling,Field B,2024,6,4611.71,bbl,191941.24,mscf
Berkine,Transportation,Logistics,Area X,2024,10,16430.55,bbl,83542.12,mscf
Illizi,Transportation,Drilling,Field A,2025,11,3012.12,bbl,41568.42,mscf
Hassi Messaoud,Marketing,Operations,Area X,2025,8,28545.29,bbl,95203.17,mscf
Hassi R'Mel,Exploration & Production,Drilling,Field B,2022,5,18633.76,bbl,112503.47,mscf
Rhourde Nouss,Transportation,Operations,Field A,2025,6,40215.54,bbl,93000.2,mscf
Rhourde Nouss,Marketing,Production,Field B,2024,5,41505.08,bbl,121972.11,mscf
Hassi R'Mel,Exploration & Production,Production,Block 1,2024,7,29004.72,bbl,168211.45,mscf
Adrar,Transportation,Production,Area Y,2024,2,27162.54,bbl,197579.05,mscf
Hassi Messaoud,Exploration & Production,Production,Block 2,2023,11,10608.77,bbl,59552.64,mscf
Illizi,Refining,Production,Field A,2023,12,10967.3,bbl,43830.9,mscf
Hassi Messaoud,Marketing,Production,Field A,2024,10,2592.68,bbl,107366.48,mscf
Adrar,Refining,Logistics,Field B,2024,7,24244.54,bbl,20285.69,mscf
Hassi R'Mel,Marketing,Logistics,Field B,2025,11,6775.3,bbl,148102.42,mscf
Rhourde Nouss,Exploration & Production,Logistics,Block 2,2023,1,22055.11,bbl,118102.57,mscf
Rhourde Nouss,Transportation,Drilling,Block 1,2025,5,42604.24,bbl,65590.08,mscf
Rhourde Nouss,Exploration & Production,Operations,Block 2,2025,3,24985.92,bbl,9613.14,mscf
In Salah,Transportation,Operations,Field A,2023,2,29034.07,bbl,64587.99,mscf
Hassi R'Mel,Transportation,Operations,Block 1,2025,4,21769.4,bbl,75602.85,mscf
Illizi,Marketing,Operations,Area X,2022,10,27529.62,bbl,55807.46,mscf
In Salah,Marketing,Logistics,Field A,2024,11,39472.4,bbl,107838.54,mscf
Hassi Messaoud,Transportation,Logistics,Area X,2025,1,17754.42,bbl,156893.89,mscf
In Salah,Exploration & Production,Production,Area X,2025,11,12859.11,bbl,190884.4,mscf
In Salah,Exploration & Production,Production,Field B,2022,2,38862.23,bbl,62279.99,mscf
Berkine,Refining,Logistics,Block 1,2023,11,22538.5,bbl,197997.34,mscf
Hassi Messaoud,Exploration & Production,Operations,Field B,2022,1,6369.47,bbl,69851.99,mscf
Rhourde Nouss,Transportation,Logistics,Field B,2022,9,31654.38,bbl,82409.49,mscf
Illizi,Marketing,Operations,Area X,2023,4,9785.97,bbl,133278.46,mscf
Hassi R'Mel,Transportation,Logistics,Field B,2022,9,34854.25,bbl,139415.3,mscf
Illizi,Refining,Logistics,Field B,2025,11,24449.32,bbl,168191.04,mscf
Illizi,Marketing,Production,Block 1,2022,7,46037.86,bbl,66125.5,mscf
Berkine,Marketing,Drilling,Area X,2022,5,19617.47,bbl,145941.1,mscf
Berkine,Refining,Production,Block 1,2022,11,6841.73,bbl,24229.62,mscf
In Salah,Transportation,Drilling,Area X,2023,8,22936.26,bbl,175042.05,mscf
Berkine,Marketing,Logistics,Field A,2022,3,12983.88,bbl,88953.81,mscf
Hassi Messaoud,Exploration & Production,Drilling,Field B,2024,1,37614.55,bbl,10087.9,mscf
Illizi,Exploration & Production,Operations,Field B,2025,9,38462.11,bbl,56094.24,mscf
Hassi R'Mel,Transportation,Logistics,Block 2,2025,6,15600.76,bbl,177051.49,mscf
Illizi,Marketing,Drilling,Field A,2024,6,17245.37,bbl,54119.42,mscf
Berkine,Exploration & Production,Logistics,Field B,2025,6,36461.27,bbl,126076.98,mscf
Hassi R'Mel,Transportation,Operations,Field B,2024,10,6500.32,bbl,28452.41,mscf
Hassi Messaoud,Refining,Production,Area X,2023,9,17079.08,bbl,137120.81,mscf
Adrar,Marketing,Production,Field B,2024,2,5660.68,bbl,144585.75,mscf
Berkine,Refining,Operations,Field A,2024,7,2919.63,bbl,166450.38,mscf
Berkine,Exploration & Production,Drilling,Field B,2025,10,40560.97,bbl,197354.94,mscf
Berkine,Exploration & Production,Drilling,Block 2,2025,5,6341.04,bbl,70349.19,mscf
Rhourde Nouss,Exploration & Production,Drilling,Block 2,2023,3,45592.58,bbl,131774.44,mscf
Hassi R'Mel,Marketing,Operations,Block 1,2022,8,30989.8,bbl,15408.36,mscf
Adrar,Transportation,Drilling,Area Y,2022,10,27092.09,bbl,141103.05,mscf
Berkine,Transportation,Operations,Field B,2023,6,25623.03,bbl,129024.18,mscf
Illizi,Transportation,Production,Block 1,2025,9,25182.69,bbl,18022.59,mscf
Illizi,Exploration & Production,Production,Block 1,2023,12,1243.54,bbl,76102.97,mscf
Rhourde Nouss,Refining,Operations,Block 2,2024,10,36539.88,bbl,188227.69,mscf
Hassi R'Mel,Transportation,Drilling,Block 2,2024,3,20500.88,bbl,26511.63,mscf
In Salah,Transportation,Production,Block 2,2025,1,13449.23,bbl,24125.43,mscf
Illizi,Transportation,Drilling,Area Y,2022,7,36195.76,bbl,190268.63,mscf
Adrar,Transportation,Logistics,Area X,2025,11,30940.95,bbl,9266.87,mscf
Illizi,Refining,Logistics,Field A,2024,1,7651.41,bbl,63940.07,mscf
Hassi R'Mel,Transportation,Operations,Area X,2025,12,8066.75,bbl,136849.2,mscf
Hassi R'Mel,Marketing,Production,Area Y,2022,10,29391.44,bbl,130128.3,mscf
Hassi Messaoud,Marketing,Logistics,Field A,2025,6,2429.14,bbl,118456.81,mscf
Rhourde Nouss,Exploration & Production,Drilling,Block 1,2023,11,34197.98,bbl,157031.74,mscf
Berkine,Marketing,Drilling,Field A,2025,4,42792.72,bbl,171216.22,mscf
Rhourde Nouss,Refining,Drilling,Block 1,2022,2,12481.8,bbl,174642.33,mscf
Berkine,Marketing,Production,Block 2,2024,12,37737.36,bbl,193318.19,mscf
Hassi R'Mel,Transportation,Drilling,Block 2,2024,12,38181.8,bbl,110634.38,mscf
Hassi Messaoud,Transportation,Drilling,Block 1,2022,9,34120.53,bbl,176725.08,mscf
Hassi R'Mel,Transportation,Drilling,Area X,2024,5,45498.46,bbl,38273.28,mscf
Berkine,Marketing,Logistics,Field B,2023,3,40846.1,bbl,36374.82,mscf
Hassi Messaoud,Transportation,Drilling,Block 2,2024,10,34925.89,bbl,136987.36,mscf
Illizi,Marketing,Logistics,Block 2,2024,7,11329.3,bbl,75319.7,mscf
Hassi R'Mel,Transportation,Drilling,Area X,2022,10,17232.13,bbl,106505.61,mscf
Illizi,Transportation,Production,Area Y,2022,5,2954.17,bbl,139007.24,mscf
Rhourde Nouss,Refining,Production,Area Y,2024,10,40283.93,bbl,159838.71,mscf
Hassi R'Mel,Refining,Production,Field A,2023,6,4681.85,bbl,183497.69,mscf
In Salah,Refining,Drilling,Block 2,2024,9,8022.4,bbl,185684.6,mscf
In Salah,Transportation,Production,Area Y,2025,9,7249.73,bbl,159824.64,mscf
Illizi,Marketing,Logistics,Block 1,2025,10,23546.45,bbl,56297.12,mscf
Hassi R'Mel,Transportation,Production,Field A,2025,5,17936.26,bbl,8733.37,mscf
Hassi Messaoud,Marketing,Operations,Field B,2025,8,15939.97,bbl,103767.68,mscf
Illizi,Exploration & Production,Drilling,Area Y,2025,11,12083.2,bbl,32704.31,mscf
Rhourde Nouss,Refining,Production,Area Y,2023,9,8272.93,bbl,87564.76,mscf
Adrar,Marketing,Production,Block 2,2025,10,24514.25,bbl,33320.26,mscf
In Salah,Refining,Production,Field A,2024,2,5924.36,bbl,121203.35,mscf
In Salah,Transportation,Logistics,Area Y,2022,11,2601.91,bbl,94367.56,mscf
Illizi,Marketing,Drilling,Field B,2025,4,17936.92,bbl,88512.76,mscf
Berkine,Exploration & Production,Logistics,Block 2,2022,3,8665.8,bbl,82499.37,mscf
Rhourde Nouss,Marketing,Logistics,Field B,2023,10,37677.65,bbl,137221.98,mscf
Berkine,Exploration & Production,Drilling,Field B,2022,8,21583.79,bbl,58111.55,mscf
Hassi R'Mel,Marketing,Production,Area Y,2024,8,9527.29,bbl,38912.5,mscf
Adrar,Exploration & Production,Production,Block 2,2022,5,25679.57,bbl,68876.94,mscf
Hassi Messaoud,Exploration & Production,Production,Area Y,2024,3,6280.25,bbl,68128.61,mscf
Berkine,Exploration & Production,Production,Area X,2023,3,22865.55,bbl,134995.71,mscf
Hassi Messaoud,Exploration & Production,Operations,Field B,2025,12,33680.61,bbl,75206.24,mscf
Hassi Messaoud,Refining,Logistics,Area Y,2024,5,19576.19,bbl,89570.64,mscf
Berkine,Refining,Production,Field A,2023,9,29879.28,bbl,197387.64,mscf
Adrar,Transportation,Logistics,Field A,2025,10,27560.0,bbl,83093.92,mscf
Rhourde Nouss,Refining,Operations,Area X,2023,12,34909.25,bbl,90581.44,mscf
Illizi,Marketing,Operations,Area X,2023,12,33347.7,bbl,150354.04,mscf
Hassi Messaoud,Exploration & Production,Production,Block 1,2022,6,23512.73,bbl,194831.49,mscf
In Salah,Refining,Logistics,Block 1,2023,5,32662.76,bbl,113682.43,mscf
Hassi R'Mel,Refining,Production,Area X,2023,9,20085.99,bbl,20830.65,mscf
Hassi Messaoud,Marketing,Operations,Block 1,2025,2,12745.69,bbl,44488.57,mscf
Rhourde Nouss,Marketing,Drilling,Area X,2025,12,28115.69,bbl,18817.21,mscf
In Salah,Refining,Drilling,Field A,2023,12,30239.72,bbl,101005.47,mscf
Adrar,Exploration & Production,Production,Block 2,2022,11,25094.31,bbl,54077.62,mscf
In Salah,Refining,Logistics,Block 2,2022,11,25426.19,bbl,117085.45,mscf
In Salah,Refining,Drilling,Field B,2022,5,5715.14,bbl,196132.93,mscf
Hassi R'Mel,Refining,Drilling,Block 2,2023,9,17555.45,bbl,77237.31,mscf
Hassi Messaoud,Refining,Operations,Field B,2025,1,25924.72,bbl,117956.79,mscf
Hassi R'Mel,Marketing,Drilling,Block 1,2024,3,34305.45,bbl,171826.04,mscf
Berkine,Transportation,Drilling,Block 1,2025,4,31447.18,bbl,196986.06,mscf
Hassi Messaoud,Refining,Operations,Block 2,2024,3,2386.85,bbl,188495.63,mscf
Illizi,Refining,Operations,Block 1,2025,2,41995.89,bbl,178144.82,mscf
In Salah,Refining,Logistics,Area Y,2024,9,44994.8,bbl,153440.4,mscf
Illizi,Exploration & Production,Logistics,Block 1,2022,3,40991.53,bbl,58819.6,mscf
Hassi R'Mel,Transportation,Logistics,Field B,2024,10,28112.73,bbl,86484.37,mscf
Berkine,Exploration & Production,Logistics,Block 1,2023,10,17680.45,bbl,153947.38,mscf
Hassi Messaoud,Exploration & Production,Operations,Area Y,2022,1,35056.34,bbl,17849.6,mscf
Rhourde Nouss,Refining,Logistics,Block 2,2023,3,18593.27,bbl,41386.94,mscf
Berkine,Transportation,Drilling,Block 1,2023,2,24345.65,bbl,147051.33,mscf
Illizi,Refining,Operations,Area X,2024,8,41186.14,bbl,43548.69,mscf
Hassi R'Mel,Refining,Logistics,Area X,2025,6,39423.69,bbl,127007.39,mscf
Illizi,Exploration & Production,Logistics,Field A,2022,5,36764.2,bbl,188219.64,mscf
In Salah,Exploration & Production,Operations,Field B,2025,6,21446.23,bbl,170674.42,mscf
Berkine,Exploration & Production,Drilling,Field B,2023,10,9925.33,bbl,85273.78,mscf
Berkine,Transportation,Production,Area Y,2022,10,35084.1,bbl,73096.16,mscf
In Salah,Refining,Logistics,Field B,2022,1,44837.5,bbl,69359.48,mscf
Hassi R'Mel,Refining,Operations,Block 2,2024,5,47801.88,bbl,90689.05,mscf
Illizi,Transportation,Drilling,Block 2,2023,2,46825.21,bbl,163611.55,mscf
Hassi R'Mel,Exploration & Production,Drilling,Block 1,2023,7,6603.33,bbl,174767.23,mscf
Berkine,Marketing,Drilling,Field A,2025,3,13071.28,bbl,150294.58,mscf
Berkine,Transportation,Logistics,Area Y,2023,10,22189.95,bbl,70032.51,mscf
Rhourde Nouss,Transportation,Operations,Field B,2023,7,45013.99,bbl,16042.49,mscf
Hassi Messaoud,Marketing,Drilling,Field B,2022,1,7935.05,bbl,107383.8,mscf
Adrar,Refining,Production,Block 2,2025,1,10141.73,bbl,101954.71,mscf
Berkine,Refining,Production,Area X,2025,5,12100.83,bbl,100339.25,mscf
Hassi R'Mel,Exploration & Production,Production,Field B,2023,9,2310.27,bbl,114680.95,mscf
Adrar,Exploration & Production,Logistics,Field B,2023,8,11222.06,bbl,159957.8,mscf
Illizi,Exploration & Production,Production,Field B,2024,4,36457.91,bbl,128313.34,mscf
In Salah,Refining,Logistics,Area X,2024,7,38784.57,bbl,14020.37,mscf
Hassi Messaoud,Marketing,Production,Field B,2024,11,17753.2,bbl,52911.91,mscf
Hassi Messaoud,Refining,Operations,Field B,2023,4,23444.9,bbl,20602.32,mscf
Rhourde Nouss,Refining,Production,Block 1,2024,5,1394.09,bbl,88756.3,mscf
In Salah,Transportation,Logistics,Field A,2023,4,33378.02,bbl,55399.95,mscf
Hassi R'Mel,Marketing,Operations,Field A,2022,9,37844.66,bbl,151896.94,mscf
Hassi Messaoud,Refining,Operations,Area Y,2025,10,9898.78,bbl,38696.43,mscf
Rhourde Nouss,Refining,Operations,Area X,2023,2,2543.21,bbl,48035.04,mscf
Adrar,Marketing,Production,Field A,2023,4,37439.17,bbl,164511.84,mscf
Hassi R'Mel,Marketing,Operations,Block 2,2023,9,39599.92,bbl,96189.69,mscf
Berkine,Marketing,Drilling,Area Y,2024,8,23964.0,bbl,119704.1,mscf
Rhourde Nouss,Refining,Logistics,Block 1,2024,11,38853.5,bbl,58036.03,mscf
Rhourde Nouss,Marketing,Operations,Area X,2024,6,12064.44,bbl,195530.36,mscf
Adrar,Transportation,Drilling,Block 1,2024,3,3331.4,bbl,110411.59,mscf
Rhourde Nouss,Transportation,Production,Area Y,2022,1,7543.63,bbl,35232.05,mscf
Adrar,Transportation,Logistics,Field A,2024,4,41107.82,bbl,41435.69,mscf
Hassi Messaoud,Exploration & Production,Drilling,Field A,2023,12,20153.89,bbl,141752.77,mscf
Rhourde Nouss,Marketing,Logistics,Area X,2023,9,10374.43,bbl,110825.75,mscf
Adrar,Marketing,Drilling,Area X,2025,1,11619.35,bbl,138686.21,mscf
Illizi,Refining,Logistics,Area X,2022,4,23301.76,bbl,129518.61,mscf
Hassi Messaoud,Marketing,Drilling,Block 1,2023,6,23555.43,bbl,22524.63,mscf
Illizi,Transportation,Drilling,Block 1,2024,9,17935.56,bbl,131856.64,mscf
Hassi Messaoud,Refining,Drilling,Block 1,2025,3,6452.78,bbl,33339.02,mscf
Hassi R'Mel,Marketing,Operations,Area Y,2022,3,5814.89,bbl,119083.09,mscf
Berkine,Marketing,Logistics,Area Y,2024,4,41575.58,bbl,37441.01,mscf
Hassi Messaoud,Exploration & Production,Drilling,Area Y,2023,4,29784.49,bbl,190838.36,mscf
Rhourde Nouss,Marketing,Operations,Field B,2022,1,21787.36,bbl,162290.86,mscf
Illizi,Marketing,Logistics,Block 1,2024,1,21888.24,bbl,56229.91,mscf
In Salah,Refining,Production,Field B,2024,8,33112.6,bbl,85513.92,mscf
Hassi R'Mel,Marketing,Operations,Area X,2024,12,48991.26,bbl,45049.09,mscf
Illizi,Refining,Drilling,Block 2,2024,6,21121.72,bbl,199643.82,mscf
Hassi R'Mel,Transportation,Operations,Field B,2023,7,36010.33,bbl,122417.62,mscf
Hassi R'Mel,Exploration & Production,Operations,Area Y,2024,11,30557.89,bbl,44840.69,mscf
Rhourde Nouss,Transportation,Operations,Field B,2022,2,14424.19,bbl,13582.33,mscf
Hassi R'Mel,Marketing,Production,Field A,2023,11,24102.3,bbl,161322.37,mscf
Rhourde Nouss,Transportation,Operations,Area X,2023,4,11038.87,bbl,85397.93,mscf
In Salah,Marketing,Logistics,Field A,2025,4,44329.57,bbl,144586.77,mscf
Illizi,Refining,Operations,Area X,2024,8,49449.5,bbl,196278.24,mscf
Rhourde Nouss,Exploration & Production,Production,Area X,2022,3,34106.6,bbl,176811.41,mscf
Illizi,Marketing,Drilling,Area Y,2023,2,8630.17,bbl,162714.83,mscf
Illizi,Refining,Operations,Area X,2023,5,35526.36,bbl,56078.6,mscf
Illizi,Refining,Drilling,Area X,2023,3,5715.77,bbl,167895.35,mscf
Hassi Messaoud,Marketing,Logistics,Field A,2024,4,18196.07,bbl,69553.62,mscf
Illizi,Transportation,Production,Field A,2025,5,38432.95,bbl,129975.86,mscf
Illizi,Transportation,Logistics,Field B,2022,11,26166.41,bbl,121895.78,mscf
Hassi Messaoud,Marketing,Logistics,Area Y,2024,3,34226.48,bbl,46157.23,mscf
Hassi Messaoud,Marketing,Logistics,Area Y,2025,1,43565.83,bbl,146096.05,mscf
Rhourde Nouss,Marketing,Drilling,Area Y,2025,1,1489.1,bbl,191201.13,mscf
Rhourde Nouss,Refining,Drilling,Area X,2022,6,18140.61,bbl,83665.5,mscf
Rhourde Nouss,Refining,Operations,Field A,2025,2,45063.43,bbl,59593.4,mscf
Adrar,Refining,Logistics,Area Y,2022,6,44112.69,bbl,65808.43,mscf
Illizi,Transportation,Operations,Field A,2023,7,27622.79,bbl,166897.36,mscf
Hassi R'Mel,Exploration & Production,Drilling,Field B,2023,1,21601.3,bbl,78310.44,mscf
Hassi R'Mel,Marketing,Operations,Block 1,2023,1,40579.21,bbl,76522.86,mscf
Rhourde Nouss,Refining,Logistics,Field B,2023,12,11518.86,bbl,145418.71,mscf
In Salah,Transportation,Operations,Block 1,2022,1,15121.22,bbl,199240.47,mscf
Berkine,Transportation,Drilling,Block 1,2022,11,42030.47,bbl,25859.03,mscf
Hassi R'Mel,Refining,Drilling,Field B,2023,1,48105.09,bbl,15810.95,mscf
In Salah,Transportation,Operations,Block 1,2023,3,38642.76,bbl,122732.82,mscf
Illizi,Exploration & Production,Production,Field B,2024,5,17474.21,bbl,95416.43,mscf
Hassi R'Mel,Refining,Operations,Field B,2022,4,12900.19,bbl,193622.57,mscf
Hassi R'Mel,Refining,Production,Block 1,2022,4,1902.5,bbl,32800.6,mscf
Illizi,Transportation,Drilling,Field B,2025,8,43468.71,bbl,24928.46,mscf
Berkine,Exploration & Production,Logistics,Area Y,2023,5,29686.18,bbl,137516.33,mscf
Berkine,Transportation,Operations,Area X,2025,4,23264.83,bbl,173306.86,mscf
Hassi R'Mel,Refining,Operations,Block 2,2025,8,28104.4,bbl,70466.28,mscf
Hassi R'Mel,Refining,Logistics,Area Y,2023,12,29589.03,bbl,8722.94,mscf
Berkine,Exploration & Production,Drilling,Field A,2024,4,25884.51,bbl,179772.77,mscf
Berkine,Transportation,Production,Area X,2025,3,3088.68,bbl,45302.45,mscf
Adrar,Marketing,Operations,Area X,2025,9,15664.41,bbl,77734.44,mscf
Illizi,Exploration & Production,Drilling,Block 2,2024,6,47685.58,bbl,147608.95,mscf
Illizi,Transportation,Drilling,Field B,2022,9,9880.98,bbl,179719.42,mscf
Berkine,Exploration & Production,Operations,Area Y,2024,7,46399.11,bbl,38796.32,mscf
Adrar,Transportation,Logistics,Block 1,2024,1,45127.21,bbl,147506.73,mscf
Berkine,Transportation,Operations,Field B,2024,9,32443.33,bbl,134769.97,mscf
Hassi Messaoud,Transportation,Production,Field A,2023,6,24227.41,bbl,118991.72,mscf
Adrar,Transportation,Logistics,Area Y,2024,1,17365.5,bbl,10707.99,mscf
Hassi R'Mel,Exploration & Production,Drilling,Block 2,2023,4,10632.31,bbl,48039.28,mscf
In Salah,Marketing,Production,Area Y,2024,12,27316.24,bbl,119212.36,mscf
Berkine,Refining,Drilling,Block 2,2023,1,45966.63,bbl,106731.92,mscf
Hassi R'Mel,Refining,Logistics,Field A,2024,1,13863.09,bbl,95806.82,mscf
Hassi R'Mel,Transportation,Logistics,Block 2,2022,12,33235.0,bbl,30353.52,mscf
Hassi R'Mel,Exploration & Production,Logistics,Field B,2023,3,13809.81,bbl,88474.0,mscf
Adrar,Marketing,Production,Block 2,2025,6,7155.05,bbl,187060.29,mscf
Hassi R'Mel,Marketing,Logistics,Field A,2025,12,27723.32,bbl,135710.47,mscf
Illizi,Refining,Operations,Field A,2022,9,22795.38,bbl,59478.15,mscf
Hassi R'Mel,Marketing,Drilling,Block 2,2023,1,35263.83,bbl,42764.74,mscf
Rhourde Nouss,Refining,Operations,Block 2,2025,12,21184.98,bbl,92948.58,mscf
Berkine,Marketing,Operations,Field A,2023,8,45257.48,bbl,75183.44,mscf
In Salah,Exploration & Production,Logistics,Field A,2025,6,15052.67,bbl,43133.77,mscf
Illizi,Exploration & Production,Drilling,Area X,2024,7,48193.43,bbl,70662.6,mscf
Berkine,Marketing,Logistics,Block 1,2022,12,36416.58,bbl,115185.86,mscf
Hassi R'Mel,Marketing,Production,Area X,2022,7,48423.23,bbl,112683.13,mscf
Rhourde Nouss,Refining,Logistics,Field B,2023,3,38510.96,bbl,161195.5,mscf
Illizi,Transportation,Drilling,Block 2,2025,4,25937.52,bbl,186401.4,mscf
Hassi Messaoud,Refining,Logistics,Area Y,2024,8,24464.64,bbl,87380.37,mscf
Illizi,Refining,Logistics,Field B,2024,12,19090.78,bbl,32344.47,mscf
Rhourde Nouss,Transportation,Production,Block 1,2025,2,14245.96,bbl,25158.63,mscf
Hassi Messaoud,Transportation,Drilling,Field B,2025,6,15181.74,bbl,159443.74,mscf
Illizi,Refining,Operations,Field B,2022,2,12166.21,bbl,149681.65,mscf
Adrar,Exploration & Production,Production,Block 1,2025,3,18078.22,bbl,29491.41,mscf
Rhourde Nouss,Marketing,Drilling,Field A,2022,8,46344.03,bbl,104682.23,mscf
Hassi Messaoud,Transportation,Drilling,Area Y,2022,9,6809.33,bbl,28084.83,mscf
Rhourde Nouss,Transportation,Logistics,Field B,2023,7,20101.03,bbl,123002.9,mscf
Rhourde Nouss,Transportation,Drilling,Block 2,2024,1,8778.95,bbl,68633.07,mscf
Hassi Messaoud,Marketing,Logistics,Block 2,2025,4,46184.59,bbl,68995.31,mscf
Berkine,Marketing,Drilling,Area Y,2025,4,5617.87,bbl,18945.89,mscf
Rhourde Nouss,Transportation,Drilling,Block 2,2022,2,48849.21,bbl,80509.58,mscf
In Salah,Refining,Operations,Field B,2022,11,48343.02,bbl,138664.6,mscf
Berkine,Transportation,Operations,Field B,2022,9,25289.84,bbl,10408.2,mscf
In Salah,Exploration & Production,Drilling,Block 2,2023,7,29732.19,bbl,187230.72,mscf
In Salah,Marketing,Operations,Field B,2022,7,13284.64,bbl,92737.8,mscf
Rhourde Nouss,Marketing,Logistics,Field B,2022,12,13634.36,bbl,43793.92,mscf
Hassi R'Mel,Exploration & Production,Logistics,Field A,2024,7,18745.45,bbl,153384.87,mscf
In Salah,Marketing,Production,Block 2,2024,10,39845.34,bbl,121761.0,mscf
Berkine,Refining,Drilling,Field B,2022,8,23100.49,bbl,32084.72,mscf
Hassi R'Mel,Transportation,Production,Area X,2024,4,31236.67,bbl,175815.21,mscf
Illizi,Refining,Production,Field A,2025,7,2041.03,bbl,92302.89,mscf
Illizi,Exploration & Production,Production,Area Y,2025,6,41782.81,bbl,136934.35,mscf
Illizi,Refining,Operations,Field B,2024,6,25162.45,bbl,14321.41,mscf
Illizi,Marketing,Drilling,Field B,2024,12,5309.44,bbl,33584.18,mscf
In Salah,Transportation,Drilling,Field A,2024,2,2196.03,bbl,181125.97,mscf
Berkine,Exploration & Production,Logistics,Block 1,2022,2,35279.83,bbl,121955.98,mscf
Rhourde Nouss,Refining,Drilling,Area X,2024,1,15026.28,bbl,157683.68,mscf
Illizi,Transportation,Production,Block 2,2024,1,9166.9,bbl,29270.3,mscf
Rhourde Nouss,Refining,Logistics,Block 2,2022,2,36985.47,bbl,27169.6,mscf
In Salah,Exploration & Production,Production,Block 1,2025,3,18814.18,bbl,179355.84,mscf
Hassi Messaoud,Marketing,Drilling,Area Y,2025,8,49137.18,bbl,124663.79,mscf
Hassi Messaoud,Refining,Drilling,Area X,2025,6,3193.6,bbl,28653.21,mscf
Adrar,Exploration & Production,Production,Area X,2025,5,13710.25,bbl,152813.67,mscf
Adrar,Transportation,Logistics,Area X,2023,10,29241.82,bbl,27994.78,mscf
In Salah,Marketing,Logistics,Field A,2022,7,31274.15,bbl,184898.49,mscf
Adrar,Exploration & Production,Drilling,Block 2,2023,10,15760.59,bbl,120012.42,mscf
Hassi R'Mel,Marketing,Production,Field A,2023,1,22547.85,bbl,149618.4,mscf
Hassi Messaoud,Refining,Operations,Field B,2025,11,6047.42,bbl,94345.33,mscf
In Salah,Transportation,Logistics,Field A,2023,7,38786.77,bbl,138903.66,mscf
Adrar,Marketing,Drilling,Area X,2023,11,41562.44,bbl,31884.19,mscf
Adrar,Refining,Logistics,Area X,2022,5,35841.42,bbl,67880.47,mscf
Berkine,Refining,Drilling,Area X,2023,9,15125.6,bbl,111241.88,mscf
Berkine,Exploration & Production,Operations,Area X,2025,11,2209.23,bbl,14185.96,mscf
Hassi R'Mel,Refining,Production,Area X,2024,5,46277.72,bbl,56161.98,mscf
Illizi,Transportation,Operations,Area Y,2025,3,41608.67,bbl,156969.56,mscf
In Salah,Transportation,Logistics,Field A,2022,2,17177.92,bbl,43913.38,mscf
Illizi,Transportation,Operations,Field B,2025,5,36090.41,bbl,184055.74,mscf
Rhourde Nouss,Marketing,Logistics,Field A,2022,4,14601.25,bbl,173409.41,mscf
Berkine,Exploration & Production,Drilling,Field A,2023,11,45821.95,bbl,116374.18,mscf
Hassi Messaoud,Marketing,Production,Field B,2025,4,13157.49,bbl,48135.4,mscf
Rhourde Nouss,Exploration & Production,Logistics,Field B,2022,2,48044.29,bbl,198929.14,mscf
Hassi Messaoud,Exploration & Production,Production,Field B,2023,11,26875.33,bbl,8486.32,mscf
Illizi,Refining,Production,Field A,2023,2,8459.05,bbl,57624.06,mscf
In Salah,Transportation,Logistics,Field A,2023,3,8072.6,bbl,185858.63,mscf
Hassi Messaoud,Refining,Logistics,Block 1,2025,4,44665.34,bbl,85098.19,mscf
In Salah,Refining,Logistics,Area X,2025,6,16071.15,bbl,155315.28,mscf
Rhourde Nouss,Refining,Operations,Block 1,2023,10,47423.24,bbl,169816.54,mscf
Hassi Messaoud,Transportation,Drilling,Block 2,2025,1,21463.68,bbl,120511.89,mscf
In Salah,Refining,Drilling,Block 2,2023,1,40044.57,bbl,111727.14,mscf
Adrar,Exploration & Production,Production,Area Y,2022,5,45742.83,bbl,187587.18,mscf
In Salah,Transportation,Operations,Area Y,2025,2,43303.93,bbl,33948.22,mscf
Adrar,Exploration & Production,Production,Area X,2023,7,20781.92,bbl,19288.29,mscf
Adrar,Exploration & Production,Operations,Area Y,2022,12,45145.02,bbl,98892.28,mscf
Adrar,Transportation,Drilling,Field B,2024,1,14880.26,bbl,65955.92,mscf
In Salah,Marketing,Production,Area Y,2023,9,5833.15,bbl,78063.07,mscf
Rhourde Nouss,Transportation,Drilling,Block 1,2023,4,46923.99,bbl,146152.8,mscf
In Salah,Transportation,Logistics,Area Y,2025,6,33960.69,bbl,57130.05,mscf
Berkine,Exploration & Production,Production,Block 1,2024,1,30884.62,bbl,103584.94,mscf
Illizi,Exploration & Production,Drilling,Block 1,2022,11,14005.15,bbl,29280.11,mscf
Berkine,Marketing,Production,Block 2,2024,6,5494.82,bbl,119836.07,mscf
In Salah,Transportation,Drilling,Area Y,2024,3,3296.89,bbl,127719.89,mscf
Illizi,Refining,Operations,Field B,2023,12,27023.45,bbl,91296.79,mscf
Illizi,Refining,Operations,Area X,2023,11,18899.95,bbl,128566.61,mscf
Rhourde Nouss,Refining,Logistics,Block 1,2025,11,24319.17,bbl,22738.75,mscf
Rhourde Nouss,Exploration & Production,Logistics,Area X,2024,10,18571.38,bbl,175168.22,mscf
Hassi R'Mel,Transportation,Drilling,Area X,2023,6,34046.7,bbl,47731.49,mscf
Hassi R'Mel,Exploration & Production,Production,Field A,2023,4,28443.49,bbl,6153.69,mscf
Hassi R'Mel,Transportation,Operations,Area X,2025,11,9182.11,bbl,138743.12,mscf
Illizi,Transportation,Logistics,Area Y,2025,8,9582.33,bbl,45708.77,mscf
Adrar,Refining,Production,Block 1,2024,3,4221.7,bbl,144624.98,mscf
Berkine,Transportation,Logistics,Block 2,2022,11,6088.15,bbl,156572.79,mscf
Adrar,Refining,Drilling,Field A,2025,7,45538.6,bbl,70549.62,mscf
Hassi Messaoud,Marketing,Drilling,Block 1,2022,10,34141.35,bbl,171606.88,mscf
Berkine,Exploration & Production,Logistics,Area Y,2024,2,7099.7,bbl,176756.96,mscf
Rhourde Nouss,Refining,Logistics,Field B,2022,2,41890.15,bbl,76557.58,mscf
Hassi Messaoud,Exploration & Production,Drilling,Field B,2023,5,45145.05,bbl,101442.64,mscf
Illizi,Marketing,Production,Block 2,2024,7,6069.33,bbl,178999.92,mscf
Berkine,Transportation,Logistics,Block 1,2025,12,25196.2,bbl,186192.34,mscf
In Salah,Transportation,Production,Area Y,2023,5,16970.56,bbl,98842.14,mscf
Hassi R'Mel,Exploration & Production,Drilling,Block 2,2024,9,3715.49,bbl,186770.98,mscf
Rhourde Nouss,Exploration & Production,Drilling,Field A,2023,7,5760.11,bbl,43196.94,mscf
Hassi Messaoud,Refining,Operations,Area X,2025,7,33223.5,bbl,147769.63,mscf
Hassi Messaoud,Refining,Logistics,Field B,2025,10,5255.17,bbl,68887.68,mscf
Hassi R'Mel,Transportation,Drilling,Block 1,2025,2,29925.98,bbl,145276.55,mscf
Hassi R'Mel,Exploration & Production,Production,Field A,2023,1,39647.72,bbl,137112.8,mscf
Berkine,Exploration & Production,Production,Block 1,2025,9,29748.52,bbl,92802.3,mscf
Rhourde Nouss,Exploration & Production,Logistics,Area X,2025,6,5905.45,bbl,175736.68,mscf
Hassi R'Mel,Refining,Logistics,Field A,2025,5,7858.9,bbl,84413.36,mscf
Berkine,Marketing,Drilling,Area Y,2023,5,13294.42,bbl,48997.59,mscf
Rhourde Nouss,Exploration & Production,Production,Area X,2023,7,20665.07,bbl,21442.45,mscf
Hassi Messaoud,Transportation,Drilling,Area Y,2022,1,23458.4,bbl,73433.75,mscf
Hassi R'Mel,Transportation,Logistics,Area X,2022,11,25743.01,bbl,75911.28,mscf
Hassi R'Mel,Transportation,Drilling,Block 1,2024,11,28775.45,bbl,46820.68,mscf
Illizi,Transportation,Operations,Field B,2022,3,29813.55,bbl,70537.82,mscf
In Salah,Exploration & Production,Operations,Field A,2023,10,23941.01,bbl,118377.27,mscf
Adrar,Transportation,Drilling,Area X,2024,9,34301.99,bbl,177853.72,mscf
Hassi R'Mel,Refining,Production,Area X,2024,7,22411.47,bbl,16548.96,mscf
Rhourde Nouss,Exploration & Production,Production,Field B,2023,3,11293.1,bbl,167364.38,mscf
Rhourde Nouss,Transportation,Drilling,Field B,2023,1,7567.37,bbl,53902.05,mscf
Rhourde Nouss,Transportation,Drilling,Block 2,2022,8,45412.26,bbl,114865.21,mscf
In Salah,Refining,Operations,Field B,2024,9,48151.84,bbl,95817.61,mscf
Rhourde Nouss,Exploration & Production,Logistics,Area X,2023,6,1284.42,bbl,67066.73,mscf
Adrar,Marketing,Operations,Block 1,2023,2,5315.48,bbl,118066.01,mscf
Hassi R'Mel,Transportation,Logistics,Area X,2023,2,18193.82,bbl,199816.03,mscf
Adrar,Marketing,Production,Field B,2023,9,10486.86,bbl,108171.26,mscf
Berkine,Refining,Drilling,Area X,2025,9,19666.87,bbl,25824.27,mscf
In Salah,Transportation,Production,Block 1,2025,7,33740.44,bbl,183242.05,mscf
Illizi,Exploration & Production,Production,Block 1,2025,11,17949.65,bbl,185491.86,mscf
Hassi R'Mel,Transportation,Production,Field A,2023,8,13935.4,bbl,122938.41,mscf
Berkine,Marketing,Operations,Area X,2024,8,35731.0,bbl,100824.39,mscf
Hassi R'Mel,Transportation,Logistics,Block 1,2022,12,31743.59,bbl,131757.85,mscf
Hassi Messaoud,Refining,Logistics,Area X,2024,4,25532.8,bbl,191033.93,mscf
In Salah,Transportation,Production,Area Y,2023,3,20077.62,bbl,74788.51,mscf
Adrar,Transportation,Operations,Area Y,2025,12,6963.61,bbl,13897.85,mscf
Illizi,Marketing,Logistics,Field B,2025,9,1650.12,bbl,152165.16,mscf
Adrar,Marketing,Drilling,Area Y,2023,7,28602.68,bbl,74351.74,mscf
Hassi Messaoud,Refining,Production,Area X,2022,9,31506.66,bbl,129477.04,mscf
Rhourde Nouss,Marketing,Drilling,Block 2,2025,1,6111.39,bbl,126524.63,mscf
Berkine,Exploration & Production,Production,Area X,2023,6,44776.81,bbl,42801.3,mscf
Illizi,Transportation,Production,Field A,2025,8,23695.0,bbl,52550.4,mscf
Hassi R'Mel,Exploration & Production,Production,Field B,2025,4,26205.78,bbl,129960.07,mscf
In Salah,Refining,Logistics,Area Y,2025,3,32951.94,bbl,163498.03,mscf
Berkine,Refining,Production,Block 1,2025,5,24079.26,bbl,10489.8,mscf
Berkine,Exploration & Production,Logistics,Block 2,2022,10,10950.7,bbl,193682.95,mscf
Adrar,Refining,Drilling,Area Y,2023,11,22627.59,bbl,126477.25,mscf
Berkine,Marketing,Operations,Field A,2025,5,26479.42,bbl,155725.97,mscf
Hassi R'Mel,Exploration & Production,Logistics,Area Y,2023,8,35715.33,bbl,70748.86,mscf
Rhourde Nouss,Exploration & Production,Logistics,Area Y,2023,9,27551.96,bbl,146205.91,mscf
In Salah,Exploration & Production,Operations,Field B,2024,3,45832.68,bbl,170068.24,mscf
Berkine,Marketing,Operations,Block 1,2024,11,33557.11,bbl,108637.37,mscf
Adrar,Marketing,Operations,Field B,2022,7,2878.24,bbl,157701.41,mscf
Hassi R'Mel,Transportation,Logistics,Field B,2025,7,15572.61,bbl,44022.28,mscf
Rhourde Nouss,Transportation,Logistics,Area Y,2022,1,30402.11,bbl,59455.97,mscf
Illizi,Transportation,Drilling,Block 2,2024,10,23372.09,bbl,106315.87,mscf
In Salah,Transportation,Production,Block 2,2022,10,9344.81,bbl,194426.76,mscf
Rhourde Nouss,Transportation,Drilling,Field A,2024,4,36672.18,bbl,28229.96,mscf
Illizi,Refining,Logistics,Field B,2024,6,48512.73,bbl,55581.01,mscf
Hassi Messaoud,Exploration & Production,Drilling,Block 1,2025,1,46772.52,bbl,62001.06,mscf
In Salah,Transportation,Drilling,Block 2,2024,1,19858.4,bbl,74641.45,mscf
In Salah,Exploration & Production,Logistics,Field B,2024,3,39233.97,bbl,147069.43,mscf
Hassi Messaoud,Refining,Operations,Area X,2025,10,42454.42,bbl,175867.61,mscf
Illizi,Refining,Production,Block 2,2025,1,27490.37,bbl,127751.62,mscf
Illizi,Transportation,Production,Field A,2025,1,8319.42,bbl,133722.2,mscf
Rhourde Nouss,Marketing,Operations,Field B,2025,3,41839.43,bbl,131616.41,mscf
In Salah,Marketing,Production,Block 2,2023,10,12314.95,bbl,123491.11,mscf
Adrar,Refining,Drilling,Area X,2022,11,44476.14,bbl,181139.81,mscf
Illizi,Exploration & Production,Drilling,Field A,2023,11,1489.58,bbl,181738.28,mscf
Berkine,Refining,Production,Block 1,2022,8,41377.2,bbl,147619.83,mscf
In Salah,Refining,Logistics,Block 1,2025,10,3205.1,bbl,193379.13,mscf
Hassi Messaoud,Exploration & Production,Logistics,Area X,2025,7,33705.23,bbl,39109.47,mscf
In Salah,Transportation,Logistics,Block 2,2022,1,42110.87,bbl,103390.17,mscf
In Salah,Transportation,Drilling,Field A,2022,1,29452.09,bbl,169100.91,mscf
In Salah,Transportation,Drilling,Block 1,2024,6,34178.7,bbl,42061.97,mscf
Adrar,Refining,Drilling,Area Y,2025,12,42226.39,bbl,10366.09,mscf
Rhourde Nouss,Refining,Production,Area Y,2025,2,34622.79,bbl,50566.07,mscf
In Salah,Transportation,Drilling,Area Y,2025,12,49374.11,bbl,56310.86,mscf
Berkine,Transportation,Drilling,Block 2,2024,3,30065.3,bbl,40659.76,mscf
In Salah,Marketing,Logistics,Block 2,2025,8,21821.25,bbl,139946.76,mscf
Rhourde Nouss,Marketing,Drilling,Field A,2023,11,28364.11,bbl,91117.66,mscf
Rhourde Nouss,Refining,Operations,Block 2,2023,8,3601.8,bbl,23420.93,mscf
In Salah,Exploration & Production,Drilling,Field B,2024,8,2763.62,bbl,111346.8,mscf
In Salah,Transportation,Operations,Block 1,2022,2,22987.45,bbl,191478.68,mscf
Hassi R'Mel,Exploration & Production,Operations,Field A,2025,9,7121.67,bbl,130282.6,mscf
Adrar,Transportation,Drilling,Block 2,2022,8,10587.94,bbl,144750.7,mscf
Rhourde Nouss,Exploration & Production,Operations,Area X,2024,12,46433.73,bbl,74530.9,mscf
In Salah,Marketing,Drilling,Block 1,2025,8,3144.63,bbl,157135.39,mscf
Adrar,Exploration & Production,Operations,Area X,2024,1,1477.07,bbl,110449.14,mscf
Illizi,Exploration & Production,Production,Block 1,2022,11,15349.95,bbl,106127.16,mscf
In Salah,Transportation,Logistics,Field B,2023,11,24714.69,bbl,55824.27,mscf
Hassi R'Mel,Refining,Logistics,Field B,2025,12,5912.65,bbl,33208.66,mscf
Berkine,Marketing,Operations,Field B,2024,6,11349.1,bbl,7480.87,mscf
In Salah,Exploration & Production,Logistics,Area X,2023,10,16708.12,bbl,27428.35,mscf
Hassi R'Mel,Exploration & Production,Production,Field A,2022,6,29465.94,bbl,17523.35,mscf
Berkine,Marketing,Drilling,Field A,2022,12,39591.09,bbl,50281.11,mscf
Hassi R'Mel,Transportation,Production,Area Y,2022,3,32904.7,bbl,124929.1,mscf
Rhourde Nouss,Refining,Logistics,Block 2,2025,5,31617.49,bbl,117430.95,mscf
Hassi R'Mel,Refining,Drilling,Block 1,2025,2,40673.27,bbl,34013.68,mscf
In Salah,Marketing,Drilling,Field B,2023,2,28267.22,bbl,103250.14,mscf
Hassi Messaoud,Transportation,Production,Field B,2022,7,36157.41,bbl,77767.25,mscf
In Salah,Transportation,Drilling,Area Y,2024,9,28547.1,bbl,179179.19,mscf
Hassi Messaoud,Transportation,Logistics,Block 1,2022,7,42096.59,bbl,113929.31,mscf
Illizi,Marketing,Production,Field B,2022,4,24218.97,bbl,20044.38,mscf
Illizi,Transportation,Logistics,Area X,2024,10,28103.78,bbl,42288.85,mscf
Illizi,Refining,Production,Block 1,2022,8,3033.08,bbl,88215.04,mscf
Hassi Messaoud,Refining,Drilling,Area X,2025,7,38210.08,bbl,109155.99,mscf
Berkine,Exploration & Production,Production,Block 1,2025,12,47748.83,bbl,163481.15,mscf
Adrar,Refining,Logistics,Field A,2022,3,44683.96,bbl,104774.27,mscf
Illizi,Refining,Production,Block 2,2024,1,32589.18,bbl,111715.8,mscf
In Salah,Exploration & Production,Drilling,Block 1,2023,9,4789.14,bbl,37195.88,mscf
Adrar,Exploration & Production,Operations,Area Y,2025,1,15838.18,bbl,119076.52,mscf
Hassi R'Mel,Exploration & Production,Drilling,Block 2,2022,12,35798.55,bbl,185099.56,mscf
Berkine,Marketing,Operations,Field A,2022,10,27141.1,bbl,73217.6,mscf
In Salah,Exploration & Production,Production,Area X,2025,6,38446.15,bbl,165676.59,mscf
Hassi Messaoud,Exploration & Production,Production,Block 2,2025,2,49149.42,bbl,47250.77,mscf
Rhourde Nouss,Exploration & Production,Operations,Field B,2025,11,32075.31,bbl,69074.49,mscf
Hassi R'Mel,Refining,Production,Field A,2024,2,34143.94,bbl,137715.36,mscf
Illizi,Exploration & Production,Production,Area Y,2024,1,11910.34,bbl,73300.09,mscf
Hassi R'Mel,Marketing,Production,Area Y,2023,5,32090.88,bbl,85570.33,mscf
Hassi R'Mel,Transportation,Production,Block 1,2025,11,13761.6,bbl,52680.82,mscf
Adrar,Refining,Production,Block 1,2022,12,41469.25,bbl,51711.52,mscf
Berkine,Exploration & Production,Operations,Field A,2023,3,30741.67,bbl,108743.16,mscf
Rhourde Nouss,Exploration & Production,Operations,Field A,2023,1,34201.58,bbl,65579.37,mscf
Rhourde Nouss,Marketing,Production,Area X,2022,2,1579.37,bbl,178610.7,mscf
Hassi R'Mel,Refining,Production,Block 2,2024,4,40257.01,bbl,105758.38,mscf
In Salah,Exploration & Production,Logistics,Area X,2024,3,30263.24,bbl,81726.97,mscf
Hassi Messaoud,Exploration & Production,Drilling,Area X,2024,7,12400.87,bbl,95193.69,mscf
In Salah,Transportation,Operations,Block 1,2023,11,16174.43,bbl,121667.07,mscf
Hassi Messaoud,Exploration & Production,Production,Block 1,2023,2,15629.12,bbl,102475.88,mscf
Rhourde Nouss,Transportation,Logistics,Block 2,2025,5,4763.24,bbl,75433.87,mscf
Illizi,Refining,Drilling,Block 2,2022,8,37828.82,bbl,85360.48,mscf
Illizi,Marketing,Production,Block 2,2024,8,32632.66,bbl,96563.05,mscf
Adrar,Marketing,Logistics,Field A,2022,12,32069.04,bbl,86484.03,mscf
Hassi R'Mel,Refining,Drilling,Block 1,2025,8,27615.42,bbl,148377.93,mscf
Adrar,Transportation,Production,Area X,2022,3,39532.15,bbl,75968.22,mscf
Berkine,Exploration & Production,Production,Block 2,2025,1,21157.21,bbl,122890.43,mscf
In Salah,Refining,Operations,Area Y,2023,10,23482.5,bbl,48231.54,mscf
Hassi Messaoud,Exploration & Production,Production,Field A,2025,9,17816.56,bbl,81175.99,mscf
Hassi Messaoud,Marketing,Operations,Area X,2022,2,28122.87,bbl,84795.6,mscf
Illizi,Transportation,Production,Area Y,2023,1,10900.66,bbl,95502.32,mscf
In Salah,Refining,Drilling,Area X,2024,6,37895.54,bbl,29321.8,mscf
Adrar,Exploration & Production,Drilling,Area X,2025,4,34044.02,bbl,85275.95,mscf
Berkine,Refining,Production,Field A,2022,8,43245.03,bbl,155107.0,mscf
Rhourde Nouss,Transportation,Production,Block 2,2023,10,46660.82,bbl,9699.42,mscf
Illizi,Exploration & Production,Drilling,Block 1,2024,1,20841.28,bbl,131919.83,mscf
In Salah,Refining,Operations,Area Y,2023,6,17503.91,bbl,140521.08,mscf
Berkine,Marketing,Logistics,Field B,2024,2,34421.72,bbl,153484.68,mscf
Rhourde Nouss,Transportation,Operations,Area Y,2023,1,49012.71,bbl,7060.56,mscf
Illizi,Exploration & Production,Operations,Block 1,2023,3,8945.77,bbl,149877.68,mscf
Illizi,Transportation,Drilling,Block 2,2023,7,27516.65,bbl,174329.09,mscf
In Salah,Transportation,Logistics,Block 1,2025,3,11525.95,bbl,50957.49,mscf
In Salah,Transportation,Drilling,Block 1,2022,5,28291.91,bbl,28358.48,mscf
In Salah,Exploration & Production,Production,Area X,2025,5,13820.2,bbl,78769.86,mscf
Rhourde Nouss,Transportation,Drilling,Field A,2024,9,47377.1,bbl,144282.93,mscf
In Salah,Marketing,Logistics,Field A,2025,3,31034.17,bbl,15799.77,mscf
Hassi Messaoud,Refining,Logistics,Field B,2022,11,46263.44,bbl,110134.86,mscf
Rhourde Nouss,Transportation,Logistics,Area Y,2025,9,23688.04,bbl,164881.76,mscf
Hassi R'Mel,Refining,Logistics,Block 1,2024,1,36037.62,bbl,112160.56,mscf
Hassi R'Mel,Exploration & Production,Production,Area X,2025,2,3120.61,bbl,186296.28,mscf
In Salah,Transportation,Production,Field B,2022,3,19173.29,bbl,66011.62,mscf
Hassi R'Mel,Transportation,Logistics,Block 1,2024,6,18447.97,bbl,118394.7,mscf
In Salah,Refining,Logistics,Block 1,2024,2,16115.87,bbl,102083.67,mscf
In Salah,Exploration & Production,Operations,Area Y,2025,6,42179.42,bbl,132268.47,mscf
Hassi R'Mel,Transportation,Production,Field A,2022,10,43860.85,bbl,106818.72,mscf
Hassi Messaoud,Transportation,Operations,Block 1,2022,1,1715.73,bbl,39307.24,mscf
In Salah,Refining,Operations,Field A,2023,2,14311.2,bbl,168838.5,mscf
Hassi R'Mel,Transportation,Production,Area X,2022,1,40131.27,bbl,59863.09,mscf
Rhourde Nouss,Transportation,Operations,Area Y,2023,4,32709.57,bbl,165702.61,mscf
In Salah,Marketing,Production,Field B,2023,5,2186.2,bbl,48710.22,mscf
Rhourde Nouss,Marketing,Logistics,Block 1,2024,11,11374.71,bbl,47936.8,mscf
In Salah,Exploration & Production,Operations,Field A,2023,3,6814.13,bbl,159569.36,mscf
Illizi,Exploration & Production,Operations,Area X,2023,1,2655.26,bbl,21906.68,mscf
Rhourde Nouss,Marketing,Production,Area Y,2024,3,38009.85,bbl,188233.85,mscf
Hassi Messaoud,Refining,Operations,Block 2,2025,9,37336.16,bbl,100325.35,mscf
In Salah,Exploration & Production,Operations,Area Y,2025,8,15122.17,bbl,15056.25,mscf
Adrar,Marketing,Logistics,Field A,2022,2,42903.52,bbl,10660.38,mscf
Berkine,Marketing,Operations,Area X,2023,5,2440.09,bbl,126066.83,mscf
Hassi R'Mel,Transportation,Production,Area X,2022,11,21726.21,bbl,105187.71,mscf
Rhourde Nouss,Refining,Drilling,Field B,2025,1,41401.73,bbl,162838.01,mscf
In Salah,Refining,Logistics,Field A,2022,12,32899.1,bbl,72206.29,mscf
In Salah,Refining,Production,Area X,2022,4,12327.3,bbl,62806.8,mscf
Hassi R'Mel,Refining,Production,Area X,2024,1,44477.05,bbl,136917.72,mscf
Hassi Messaoud,Transportation,Production,Field A,2022,3,39265.79,bbl,162319.08,mscf
In Salah,Exploration & Production,Drilling,Area Y,2025,5,32624.4,bbl,114636.83,mscf
Berkine,Marketing,Operations,Block 1,2022,12,36657.9,bbl,161235.91,mscf
Hassi Messaoud,Refining,Production,Area Y,2022,9,36223.03,bbl,24109.79,mscf
Berkine,Transportation,Drilling,Area Y,2022,1,15760.04,bbl,86924.57,mscf
Hassi R'Mel,Refining,Operations,Field B,2022,1,3038.23,bbl,66672.99,mscf
In Salah,Refining,Production,Area X,2024,11,32352.87,bbl,184919.72,mscf
In Salah,Exploration & Production,Operations,Area X,2025,5,14868.66,bbl,130198.18,mscf
Hassi R'Mel,Refining,Production,Area X,2024,12,19474.97,bbl,124673.84,mscf
Berkine,Exploration & Production,Production,Block 1,2022,8,30685.31,bbl,109793.15,mscf
Illizi,Exploration & Production,Logistics,Field A,2023,5,24894.29,bbl,94542.75,mscf
Hassi R'Mel,Exploration & Production,Operations,Block 2,2022,4,41528.03,bbl,147540.97,mscf
Berkine,Exploration & Production,Logistics,Area Y,2024,4,18922.77,bbl,165634.23,mscf
Adrar,Marketing,Logistics,Block 2,2022,6,39932.34,bbl,86465.89,mscf
In Salah,Marketing,Drilling,Field A,2025,2,35131.72,bbl,142011.83,mscf
Adrar,Exploration & Production,Operations,Block 2,2022,3,15851.34,bbl,175985.58,mscf
Rhourde Nouss,Transportation,Drilling,Block 2,2022,8,20868.23,bbl,39044.76,mscf
Rhourde Nouss,Transportation,Logistics,Field A,2023,1,31704.09,bbl,31844.74,mscf
Berkine,Exploration & Production,Operations,Area Y,2025,1,12840.26,bbl,130741.37,mscf
Rhourde Nouss,Refining,Logistics,Field A,2023,8,37401.38,bbl,36189.55,mscf
Berkine,Exploration & Production,Production,Block 2,2024,3,30732.99,bbl,53792.58,mscf
Hassi Messaoud,Transportation,Logistics,Block 1,2022,3,10587.31,bbl,6003.49,mscf
In Salah,Transportation,Operations,Block 1,2024,11,42677.78,bbl,116895.82,mscf
Adrar,Exploration & Production,Logistics,Block 2,2024,3,40038.13,bbl,93896.89,mscf
Hassi Messaoud,Marketing,Drilling,Field B,2024,10,18219.26,bbl,124652.52,mscf
In Salah,Exploration & Production,Operations,Area X,2023,1,45122.83,bbl,44543.55,mscf
Berkine,Exploration & Production,Operations,Field A,2022,4,45686.83,bbl,136893.76,mscf
Berkine,Refining,Production,Block 1,2024,10,8840.63,bbl,111990.06,mscf
Illizi,Transportation,Production,Block 1,2022,2,24184.23,bbl,76218.22,mscf
Adrar,Marketing,Drilling,Field B,2023,5,25889.87,bbl,31323.3,mscf
Hassi R'Mel,Exploration & Production,Operations,Area X,2025,7,18473.7,bbl,52596.09,mscf
Illizi,Transportation,Operations,Block 2,2025,4,12380.0,bbl,136988.9,mscf
Illizi,Transportation,Production,Block 1,2025,12,10242.23,bbl,66261.06,mscf
Berkine,Exploration & Production,Operations,Block 2,2025,4,36554.59,bbl,89397.28,mscf
Rhourde Nouss,Exploration & Production,Production,Area X,2025,6,6588.47,bbl,32977.16,mscf
Illizi,Marketing,Operations,Field B,2023,9,30962.46,bbl,100495.46,mscf
Berkine,Marketing,Production,Area Y,2022,1,39192.76,bbl,17237.5,mscf
Hassi R'Mel,Transportation,Logistics,Block 2,2022,3,24056.96,bbl,30991.71,mscf
Adrar,Marketing,Logistics,Field A,2025,8,13900.4,bbl,36433.45,mscf
Illizi,Transportation,Production,Field A,2023,10,42208.49,bbl,165534.18,mscf
Rhourde Nouss,Refining,Logistics,Field A,2024,7,3418.32,bbl,68904.0,mscf
Berkine,Transportation,Production,Block 1,2024,10,4705.66,bbl,86706.7,mscf
Hassi Messaoud,Transportation,Operations,Area X,2023,2,4511.66,bbl,136839.84,mscf
Adrar,Transportation,Logistics,Block 1,2022,8,26007.37,bbl,10970.31,mscf
Adrar,Marketing,Drilling,Field A,2025,11,30893.24,bbl,45275.08,mscf
Berkine,Exploration & Production,Drilling,Area X,2024,2,21162.62,bbl,37974.1,mscf
Berkine,Marketing,Operations,Field B,2025,1,49370.17,bbl,43153.06,mscf
Hassi Messaoud,Exploration & Production,Operations,Area Y,2023,6,23572.84,bbl,191617.38,mscf
Hassi Messaoud,Exploration & Production,Operations,Area X,2025,5,16494.82,bbl,173814.31,mscf
Illizi,Transportation,Operations,Area X,2025,2,3102.74,bbl,83151.3,mscf
Adrar,Transportation,Drilling,Field A,2023,2,44371.76,bbl,75027.67,mscf
In Salah,Refining,Logistics,Field A,2025,9,31113.98,bbl,45297.54,mscf
Hassi R'Mel,Transportation,Operations,Area Y,2025,12,24380.6,bbl,100324.86,mscf
Adrar,Exploration & Production,Logistics,Block 2,2024,1,33185.17,bbl,88240.0,mscf
Berkine,Marketing,Drilling,Field A,2023,2,49641.62,bbl,128864.72,mscf
Rhourde Nouss,Refining,Logistics,Field A,2023,12,2786.07,bbl,176368.29,mscf
Hassi R'Mel,Marketing,Production,Area X,2022,2,33266.89,bbl,181245.49,mscf
Berkine,Refining,Logistics,Area X,2024,8,18810.51,bbl,194139.6,mscf
Illizi,Transportation,Production,Block 1,2024,11,27805.78,bbl,145225.5,mscf
Hassi Messaoud,Transportation,Production,Block 2,2025,5,22063.15,bbl,173937.9,mscf
Adrar,Transportation,Drilling,Field A,2024,3,36534.58,bbl,188435.83,mscf
Berkine,Exploration & Production,Drilling,Block 1,2024,11,21196.43,bbl,192201.76,mscf
Berkine,Marketing,Production,Field A,2025,12,22180.48,bbl,41893.99,mscf
Illizi,Transportation,Production,Block 1,2023,10,15508.59,bbl,15318.05,mscf
In Salah,Refining,Production,Area Y,2024,6,21949.28,bbl,184199.43,mscf
Adrar,Refining,Production,Area X,2024,4,25548.18,bbl,187418.51,mscf
In Salah,Transportation,Production,Field A,2023,12,34322.1,bbl,117965.33,mscf
Hassi Messaoud,Transportation,Drilling,Field B,2024,12,18868.35,bbl,92994.99,mscf
In Salah,Refining,Logistics,Field A,2023,11,20770.19,bbl,124084.8,mscf
Hassi Messaoud,Exploration & Production,Drilling,Block 1,2024,6,33444.45,bbl,187463.14,mscf
Illizi,Marketing,Logistics,Area X,2024,5,25300.31,bbl,146827.2,mscf
Illizi,Refining,Operations,Area Y,2022,10,8342.49,bbl,106944.95,mscf
Adrar,Refining,Production,Field B,2024,8,8022.95,bbl,29368.15,mscf
In Salah,Exploration & Production,Logistics,Field A,2022,1,8612.82,bbl,66077.63,mscf
Illizi,Exploration & Production,Operations,Area Y,2025,8,14722.27,bbl,121259.15,mscf
In Salah,Marketing,Operations,Area X,2024,7,13900.78,bbl,175941.98,mscf
Berkine,Exploration & Production,Logistics,Field A,2024,11,32120.54,bbl,16982.39,mscf
Illizi,Exploration & Production,Logistics,Area Y,2025,6,34071.89,bbl,42063.98,mscf
Adrar,Marketing,Production,Field A,2025,10,4863.83,bbl,6541.65,mscf
Hassi Messaoud,Transportation,Operations,Area X,2022,6,37888.99,bbl,84640.52,mscf
Adrar,Exploration & Production,Operations,Block 1,2024,6,12796.2,bbl,124727.13,mscf
Adrar,Transportation,Operations,Block 2,2022,11,6540.45,bbl,6458.24,mscf
Rhourde Nouss,Transportation,Production,Field B,2024,8,5472.61,bbl,101891.29,mscf
Hassi R'Mel,Transportation,Production,Block 1,2024,9,30735.77,bbl,138645.92,mscf
Hassi R'Mel,Transportation,Drilling,Field B,2024,12,6661.2,bbl,97957.37,mscf
Berkine,Transportation,Logistics,Area Y,2023,7,35029.95,bbl,76639.81,mscf
In Salah,Exploration & Production,Logistics,Block 2,2025,8,2059.37,bbl,61932.27,mscf
Hassi R'Mel,Transportation,Drilling,Area X,2022,7,4303.48,bbl,91541.54,mscf
Adrar,Exploration & Production,Production,Area Y,2024,8,30142.99,bbl,100408.26,mscf
In Salah,Marketing,Logistics,Block 2,2022,6,33049.14,bbl,48529.61,mscf
In Salah,Marketing,Operations,Area Y,2022,5,2605.16,bbl,95269.66,mscf
Rhourde Nouss,Refining,Drilling,Field A,2025,8,42924.59,bbl,107073.95,mscf
Hassi R'Mel,Refining,Drilling,Field A,2025,12,23470.98,bbl,86208.45,mscf
Rhourde Nouss,Exploration & Production,Drilling,Block 1,2024,1,49099.09,bbl,175759.36,mscf
Illizi,Refining,Logistics,Area Y,2024,4,2615.11,bbl,174150.1,mscf
Rhourde Nouss,Transportation,Drilling,Area Y,2023,5,49454.68,bbl,51440.54,mscf
In Salah,Refining,Logistics,Block 1,2024,2,36942.25,bbl,167126.55,mscf
Illizi,Transportation,Logistics,Block 1,2024,4,13992.32,bbl,77175.65,mscf
In Salah,Transportation,Logistics,Field B,2024,4,45267.77,bbl,62523.68,mscf
Illizi,Exploration & Production,Drilling,Block 2,2025,12,9807.78,bbl,109097.52,mscf
Rhourde Nouss,Transportation,Operations,Field A,2024,12,28006.19,bbl,11435.76,mscf
Illizi,Refining,Operations,Block 1,2025,4,19063.74,bbl,68983.71,mscf
Illizi,Refining,Drilling,Field B,2024,1,37359.74,bbl,151193.92,mscf
Adrar,Exploration & Production,Logistics,Area Y,2022,6,44247.87,bbl,36738.62,mscf
Berkine,Transportation,Operations,Block 2,2023,11,22768.59,bbl,41555.79,mscf
Adrar,Exploration & Production,Drilling,Field B,2022,12,38072.15,bbl,141336.14,mscf
In Salah,Transportation,Production,Block 2,2024,2,29502.68,bbl,60889.3,mscf
Rhourde Nouss,Transportation,Logistics,Field A,2025,3,3451.31,bbl,121016.58,mscf
Illizi,Exploration & Production,Production,Block 1,2025,7,11244.99,bbl,108488.84,mscf
Hassi Messaoud,Exploration & Production,Production,Block 2,2025,7,41765.89,bbl,141159.81,mscf
Rhourde Nouss,Transportation,Production,Block 2,2024,2,15668.77,bbl,34221.02,mscf
Hassi Messaoud,Exploration & Production,Operations,Area X,2025,5,17100.44,bbl,178706.95,mscf
Illizi,Refining,Operations,Area X,2022,6,39640.82,bbl,9905.41,mscf
Adrar,Exploration & Production,Operations,Area X,2022,1,44888.37,bbl,86661.03,mscf
Berkine,Refining,Drilling,Block 2,2025,2,14556.94,bbl,199797.3,mscf
Berkine,Marketing,Operations,Area Y,2025,7,41340.71,bbl,55767.73,mscf
Illizi,Refining,Logistics,Area Y,2022,11,17896.83,bbl,35397.72,mscf
Berkine,Transportation,Operations,Block 2,2025,9,3558.71,bbl,85763.18,mscf
Adrar,Transportation,Logistics,Field A,2025,12,37854.43,bbl,165701.36,mscf
Adrar,Exploration & Production,Operations,Field A,2022,3,24332.94,bbl,191456.15,mscf
Adrar,Exploration & Production,Operations,Block 1,2024,7,40486.55,bbl,168555.39,mscf
Berkine,Marketing,Production,Area Y,2023,3,41740.94,bbl,9540.07,mscf
Hassi Messaoud,Exploration & Production,Operations,Field B,2024,7,43707.17,bbl,184544.38,mscf
Rhourde Nouss,Refining,Drilling,Area Y,2022,2,46099.64,bbl,67382.43,mscf
Rhourde Nouss,Refining,Logistics,Field B,2025,4,48019.9,bbl,71825.88,mscf
In Salah,Marketing,Logistics,Area Y,2022,4,25244.95,bbl,94994.15,mscf
Hassi Messaoud,Refining,Logistics,Area X,2025,3,41286.37,bbl,23440.22,mscf
Rhourde Nouss,Marketing,Logistics,Area X,2024,7,38497.05,bbl,143312.55,mscf
Illizi,Transportation,Production,Area Y,2025,6,43362.97,bbl,95340.81,mscf
Berkine,Exploration & Production,Operations,Area X,2025,3,33936.7,bbl,155098.56,mscf
Berkine,Transportation,Logistics,Block 1,2025,8,13409.28,bbl,140124.08,mscf
Hassi R'Mel,Exploration & Production,Operations,Block 2,2023,11,37648.61,bbl,10330.31,mscf
Hassi R'Mel,Refining,Production,Block 1,2025,4,12170.76,bbl,40973.07,mscf
Hassi R'Mel,Refining,Production,Area Y,2025,6,3428.1,bbl,135165.5,mscf
Berkine,Marketing,Production,Field B,2025,2,43958.43,bbl,163835.66,mscf
Adrar,Refining,Drilling,Block 1,2022,4,7044.8,bbl,45441.0,mscf
Hassi R'Mel,Marketing,Logistics,Field B,2024,10,40023.55,bbl,183613.76,mscf
Hassi Messaoud,Transportation,Drilling,Field B,2024,4,23401.09,bbl,43081.81,mscf
Illizi,Marketing,Operations,Area X,2022,4,13151.47,bbl,116725.04,mscf
Rhourde Nouss,Exploration & Production,Operations,Block 1,2023,7,3136.21,bbl,117842.3,mscf
Rhourde Nouss,Marketing,Logistics,Area Y,2025,3,27789.7,bbl,10626.09,mscf
Hassi R'Mel,Transportation,Production,Area X,2025,5,49344.27,bbl,20409.46,mscf
Rhourde Nouss,Exploration & Production,Drilling,Area X,2025,3,48875.13,bbl,102818.45,mscf
Adrar,Exploration & Production,Operations,Field A,2023,3,36223.64,bbl,198708.4,mscf
Rhourde Nouss,Exploration & Production,Drilling,Area X,2024,1,14416.04,bbl,92124.51,mscf
Adrar,Exploration & Production,Operations,Area X,2024,1,47696.98,bbl,76372.12,mscf
Hassi R'Mel,Transportation,Logistics,Field B,2023,6,45074.53,bbl,91353.76,mscf
Hassi Messaoud,Marketing,Production,Area Y,2025,12,39150.09,bbl,55374.24,mscf
Rhourde Nouss,Transportation,Production,Field A,2025,8,11511.26,bbl,90772.11,mscf
Berkine,Refining,Production,Block 1,2023,6,48869.86,bbl,41171.41,mscf
Hassi Messaoud,Transportation,Logistics,Block 1,2023,7,24193.95,bbl,78095.64,mscf
In Salah,Refining,Logistics,Area X,2023,9,5192.48,bbl,59452.62,mscf
Illizi,Marketing,Production,Block 2,2023,1,9453.83,bbl,114725.26,mscf
Illizi,Refining,Operations,Field B,2025,10,10658.44,bbl,174300.63,mscf
Hassi Messaoud,Exploration & Production,Operations,Field A,2023,1,10803.44,bbl,77782.76,mscf
Berkine,Exploration & Production,Operations,Area Y,2024,5,45930.31,bbl,25828.18,mscf
Hassi R'Mel,Marketing,Logistics,Block 2,2022,5,38007.9,bbl,17514.35,mscf
Berkine,Marketing,Drilling,Area Y,2025,7,42960.19,bbl,30494.81,mscf
Adrar,Marketing,Drilling,Area Y,2025,6,26973.32,bbl,150318.12,mscf
Hassi Messaoud,Exploration & Production,Production,Area X,2025,5,24825.99,bbl,82999.86,mscf
Rhourde Nouss,Transportation,Production,Area Y,2024,11,13350.68,bbl,22244.56,mscf
Adrar,Exploration & Production,Logistics,Block 1,2023,7,37277.04,bbl,118014.98,mscf
Rhourde Nouss,Marketing,Logistics,Field B,2025,4,30243.43,bbl,65146.56,mscf
Adrar,Transportation,Operations,Block 1,2025,1,37518.22,bbl,30077.9,mscf
Hassi R'Mel,Exploration & Production,Production,Block 2,2024,6,21956.58,bbl,74807.9,mscf
Hassi R'Mel,Transportation,Logistics,Field A,2024,2,4789.76,bbl,186357.0,mscf
Adrar,Refining,Operations,Area Y,2024,6,27854.79,bbl,118822.81,mscf
Berkine,Refining,Production,Area Y,2025,4,28665.93,bbl,112546.83,mscf
Berkine,Exploration & Production,Operations,Area Y,2025,10,42856.19,bbl,58796.52,mscf
Hassi Messaoud,Transportation,Drilling,Area Y,2025,7,44233.69,bbl,113591.42,mscf
Rhourde Nouss,Marketing,Logistics,Block 1,2025,3,48930.63,bbl,69096.6,mscf
Adrar,Marketing,Drilling,Block 1,2022,2,17616.95,bbl,94458.93,mscf
In Salah,Refining,Production,Field B,2024,1,14450.03,bbl,20107.15,mscf
Hassi Messaoud,Refining,Production,Area X,2025,4,29140.09,bbl,59414.47,mscf
Berkine,Refining,Operations,Block 1,2025,9,39505.49,bbl,35324.88,mscf
Rhourde Nouss,Exploration & Production,Logistics,Block 2,2024,11,7452.77,bbl,120394.78,mscf
In Salah,Refining,Production,Block 2,2024,10,45404.84,bbl,173026.78,mscf
Rhourde Nouss,Refining,Operations,Block 2,2022,10,35715.08,bbl,159935.25,mscf
In Salah,Exploration & Production,Drilling,Block 2,2022,11,33335.07,bbl,66586.01,mscf
Hassi Messaoud,Refining,Logistics,Field B,2025,5,2636.57,bbl,94416.22,mscf
Berkine,Marketing,Logistics,Field B,2025,4,16697.45,bbl,90224.31,mscf
Rhourde Nouss,Transportation,Operations,Block 1,2022,12,29071.53,bbl,166320.58,mscf
Illizi,Refining,Drilling,Block 1,2025,6,19421.23,bbl,76615.19,mscf
Illizi,Marketing,Logistics,Area Y,2025,2,13415.19,bbl,142213.66,mscf
Illizi,Transportation,Drilling,Field B,2022,7,8270.17,bbl,44359.55,mscf
In Salah,Marketing,Production,Block 1,2024,12,48910.15,bbl,54367.6,mscf
In Salah,Transportation,Drilling,Area Y,2023,5,10420.35,bbl,85470.15,mscf
In Salah,Marketing,Production,Field A,2025,11,23287.62,bbl,67037.47,mscf
Adrar,Transportation,Logistics,Block 1,2023,11,10307.15,bbl,31036.38,mscf
In Salah,Transportation,Operations,Block 1,2023,7,49134.51,bbl,127765.85,mscf
Illizi,Marketing,Production,Block 1,2022,2,43787.0,bbl,198589.81,mscf
Illizi,Exploration & Production,Drilling,Area Y,2025,3,5072.79,bbl,186128.63,mscf
In Salah,Marketing,Drilling,Block 2,2024,11,26898.58,bbl,118781.04,mscf
Rhourde Nouss,Refining,Production,Field A,2022,5,18159.71,bbl,61999.59,mscf
Illizi,Refining,Production,Area X,2022,9,1253.45,bbl,65343.67,mscf
Hassi R'Mel,Marketing,Logistics,Block 1,2023,10,17298.02,bbl,138344.86,mscf
Illizi,Refining,Logistics,Area X,2024,1,47287.45,bbl,83135.02,mscf
Illizi,Refining,Operations,Area Y,2025,8,3559.35,bbl,32371.46,mscf
Adrar,Refining,Logistics,Block 2,2024,1,37513.04,bbl,170708.28,mscf
Illizi,Transportation,Drilling,Field B,2025,10,38165.82,bbl,185650.58,mscf
Hassi Messaoud,Transportation,Production,Field B,2025,2,31614.93,bbl,64855.05,mscf
Adrar,Refining,Logistics,Field A,2022,3,36664.29,bbl,62955.76,mscf
Berkine,Exploration & Production,Logistics,Field B,2023,12,24475.06,bbl,89338.9,mscf
Hassi Messaoud,Refining,Logistics,Block 2,2022,9,23821.63,bbl,176496.55,mscf
Rhourde Nouss,Exploration & Production,Production,Area Y,2023,7,30653.49,bbl,84875.26,mscf
Adrar,Refining,Logistics,Area X,2023,6,49578.61,bbl,28171.56,mscf
Adrar,Transportation,Production,Area Y,2024,9,6703.73,bbl,156605.65,mscf
Adrar,Exploration & Production,Production,Area X,2025,3,18046.42,bbl,32689.76,mscf
Adrar,Refining,Production,Area Y,2022,11,27166.73,bbl,142991.12,mscf
Rhourde Nouss,Exploration & Production,Logistics,Area Y,2022,6,34233.85,bbl,178390.3,mscf
Hassi R'Mel,Exploration & Production,Operations,Field B,2022,6,15970.85,bbl,180141.48,mscf
Illizi,Marketing,Drilling,Field A,2023,5,3752.42,bbl,108160.4,mscf
Hassi R'Mel,Exploration & Production,Logistics,Area X,2022,2,18243.09,bbl,14069.76,mscf
Hassi R'Mel,Refining,Operations,Area Y,2025,8,20732.94,bbl,163621.66,mscf
Illizi,Marketing,Drilling,Field B,2023,2,29769.41,bbl,153897.14,mscf
Berkine,Refining,Drilling,Area Y,2023,10,18872.47,bbl,161902.44,mscf
Hassi Messaoud,Refining,Logistics,Block 2,2025,10,44204.92,bbl,109146.02,mscf
Berkine,Exploration & Production,Logistics,Block 2,2025,10,25141.8,bbl,172606.67,mscf
Hassi Messaoud,Refining,Drilling,Field A,2024,4,44125.0,bbl,118760.21,mscf
Illizi,Marketing,Production,Block 1,2024,8,39082.33,bbl,53391.38,mscf
Hassi R'Mel,Exploration & Production,Production,Block 1,2025,5,42512.68,bbl,178490.17,mscf
Hassi R'Mel,Marketing,Logistics,Field B,2023,9,44152.7,bbl,158033.24,mscf
Berkine,Marketing,Drilling,Area X,2024,11,32058.33,bbl,60203.59,mscf
Hassi R'Mel,Transportation,Production,Block 2,2023,7,9427.37,bbl,59978.83,mscf
Hassi R'Mel,Transportation,Drilling,Field B,2025,4,9704.0,bbl,150851.91,mscf
Berkine,Transportation,Operations,Block 2,2022,1,5514.64,bbl,107794.37,mscf
Hassi R'Mel,Refining,Production,Field A,2022,2,19841.28,bbl,156662.11,mscf
Hassi Messaoud,Transportation,Operations,Block 1,2024,8,40049.18,bbl,37240.67,mscf
Hassi Messaoud,Marketing,Drilling,Block 2,2022,5,34492.38,bbl,26970.98,mscf
Berkine,Exploration & Production,Production,Area X,2024,9,4435.04,bbl,150133.38,mscf
Illizi,Refining,Production,Field A,2024,7,43714.77,bbl,193396.84,mscf
Rhourde Nouss,Exploration & Production,Operations,Field A,2025,2,11032.73,bbl,187678.18,mscf
Illizi,Refining,Operations,Block 2,2023,4,4027.91,bbl,176186.67,mscf
Hassi Messaoud,Refining,Drilling,Field B,2023,2,36348.86,bbl,74531.52,mscf
Hassi R'Mel,Transportation,Logistics,Field A,2023,3,29964.54,bbl,88771.94,mscf
Hassi R'Mel,Exploration & Production,Drilling,Area X,2025,5,38487.54,bbl,174009.87,mscf
Rhourde Nouss,Marketing,Drilling,Block 1,2022,8,2557.35,bbl,151957.9,mscf
Hassi R'Mel,Transportation,Logistics,Area Y,2022,10,46422.18,bbl,177726.73,mscf
Hassi R'Mel,Refining,Drilling,Block 1,2025,10,37056.35,bbl,110137.87,mscf
Berkine,Exploration & Production,Drilling,Field B,2025,9,4512.88,bbl,85545.36,mscf
Hassi Messaoud,Exploration & Production,Operations,Field A,2025,7,8078.09,bbl,45062.12,mscf
In Salah,Refining,Production,Field A,2024,2,28335.7,bbl,58804.82,mscf
Illizi,Exploration & Production,Production,Block 1,2025,1,26334.38,bbl,51091.78,mscf
In Salah,Marketing,Production,Block 2,2023,7,47269.94,bbl,59486.62,mscf
Hassi R'Mel,Refining,Logistics,Area X,2023,10,40106.46,bbl,110265.36,mscf
Adrar,Marketing,Operations,Field A,2024,1,20003.86,bbl,12581.42,mscf
Berkine,Transportation,Operations,Field A,2024,6,32241.28,bbl,111272.85,mscf
In Salah,Exploration & Production,Operations,Area X,2022,12,9647.19,bbl,53654.47,mscf
Hassi Messaoud,Marketing,Drilling,Block 1,2022,4,29465.91,bbl,135972.5,mscf
In Salah,Exploration & Production,Drilling,Field B,2023,5,28013.86,bbl,126047.45,mscf
Hassi R'Mel,Exploration & Production,Drilling,Field A,2025,7,9665.63,bbl,14087.45,mscf
Hassi Messaoud,Exploration & Production,Drilling,Area X,2024,3,29313.62,bbl,111417.82,mscf
Illizi,Exploration & Production,Logistics,Field B,2024,2,41345.53,bbl,152544.59,mscf
Illizi,Transportation,Drilling,Block 1,2022,1,33448.71,bbl,88344.41,mscf
In Salah,Exploration & Production,Production,Block 1,2022,1,21032.22,bbl,40457.45,mscf
Hassi Messaoud,Transportation,Production,Field A,2022,6,29632.12,bbl,67418.8,mscf
In Salah,Refining,Logistics,Field B,2025,7,49718.8,bbl,180549.22,mscf
Hassi R'Mel,Exploration & Production,Production,Block 2,2023,8,22703.37,bbl,105760.37,mscf
Hassi R'Mel,Marketing,Operations,Block 2,2022,9,46525.76,bbl,49959.79,mscf
Hassi Messaoud,Transportation,Drilling,Block 2,2025,7,42806.05,bbl,31670.26,mscf
Hassi R'Mel,Exploration & Production,Production,Block 1,2024,3,49376.23,bbl,124706.68,mscf
Berkine,Marketing,Production,Block 1,2023,4,11482.11,bbl,164264.46,mscf
Berkine,Transportation,Operations,Area X,2024,7,12559.46,bbl,184925.74,mscf
Berkine,Exploration & Production,Drilling,Area Y,2025,3,4936.29,bbl,14010.35,mscf
Illizi,Exploration & Production,Logistics,Block 2,2024,10,43911.18,bbl,76179.09,mscf
In Salah,Exploration & Production,Operations,Field B,2022,9,4437.82,bbl,8634.37,mscf
Rhourde Nouss,Refining,Drilling,Area X,2024,12,44075.49,bbl,53212.23,mscf
Berkine,Refining,Operations,Field B,2023,2,13995.46,bbl,72513.03,mscf
Berkine,Marketing,Production,Area Y,2025,10,21063.09,bbl,123271.35,mscf
In Salah,Exploration & Production,Production,Field A,2025,10,37959.32,bbl,52984.75,mscf
Hassi R'Mel,Transportation,Drilling,Field A,2025,9,11716.27,bbl,96672.14,mscf
Adrar,Marketing,Logistics,Field A,2024,4,42601.99,bbl,148162.39,mscf
In Salah,Marketing,Production,Field A,2022,11,20840.15,bbl,96986.75,mscf
Adrar,Exploration & Production,Drilling,Area Y,2024,5,6036.82,bbl,61027.73,mscf
Adrar,Exploration & Production,Operations,Block 1,2023,3,32234.56,bbl,16754.64,mscf
Adrar,Exploration & Production,Drilling,Block 2,2023,9,44982.89,bbl,48241.49,mscf
In Salah,Transportation,Production,Field A,2023,9,44846.02,bbl,131450.95,mscf
Hassi R'Mel,Refining,Drilling,Field B,2024,2,48208.53,bbl,80162.63,mscf
In Salah,Marketing,Operations,Field B,2025,2,37349.62,bbl,195069.15,mscf
Hassi R'Mel,Exploration & Production,Production,Area Y,2022,7,24659.82,bbl,32655.02,mscf
Rhourde Nouss,Exploration & Production,Logistics,Block 1,2023,8,13432.8,bbl,81856.88,mscf
Adrar,Marketing,Logistics,Area Y,2025,11,13157.46,bbl,195818.86,mscf
Adrar,Exploration & Production,Logistics,Area X,2025,2,13587.61,bbl,119736.1,mscf
Illizi,Transportation,Logistics,Field A,2024,6,18644.1,bbl,21209.89,mscf
In Salah,Transportation,Logistics,Area X,2023,8,8065.98,bbl,129161.84,mscf
Berkine,Exploration & Production,Production,Field B,2024,3,48051.36,bbl,183226.07,mscf
Illizi,Marketing,Production,Block 2,2023,9,36394.5,bbl,44628.06,mscf
Adrar,Exploration & Production,Drilling,Area X,2022,12,14373.02,bbl,92497.33,mscf
Adrar,Transportation,Logistics,Block 1,2022,3,26965.34,bbl,76400.6,mscf
Hassi R'Mel,Marketing,Production,Area X,2024,10,38266.06,bbl,132403.0,mscf
Berkine,Refining,Production,Field A,2025,7,15839.85,bbl,51288.55,mscf
Adrar,Marketing,Operations,Field A,2022,12,33726.89,bbl,86637.6,mscf
Adrar,Marketing,Operations,Field B,2022,8,13777.45,bbl,34506.8,mscf
Rhourde Nouss,Refining,Drilling,Area Y,2024,6,46916.68,bbl,79694.03,mscf
Illizi,Marketing,Logistics,Block 1,2024,1,26377.53,bbl,139910.68,mscf
Adrar,Transportation,Operations,Field B,2025,11,18776.4,bbl,55250.35,mscf
Berkine,Exploration & Production,Production,Field A,2024,1,48392.4,bbl,44622.37,mscf
In Salah,Exploration & Production,Drilling,Area X,2025,12,48076.09,bbl,184391.71,mscf
Hassi R'Mel,Refining,Logistics,Area X,2024,6,44554.87,bbl,125504.9,mscf
Hassi Messaoud,Marketing,Logistics,Area Y,2023,10,28406.91,bbl,152292.22,mscf
Illizi,Exploration & Production,Logistics,Area X,2023,12,36535.17,bbl,192601.07,mscf
Hassi Messaoud,Transportation,Drilling,Area Y,2023,10,44442.59,bbl,96886.39,mscf
Hassi R'Mel,Exploration & Production,Operations,Block 1,2025,1,10134.37,bbl,157398.84,mscf
Hassi R'Mel,Refining,Drilling,Block 2,2022,3,9066.95,bbl,25439.68,mscf
Hassi Messaoud,Marketing,Drilling,Area Y,2024,6,3434.92,bbl,29913.13,mscf
Berkine,Refining,Production,Area Y,2022,7,6991.82,bbl,70003.03,mscf
Hassi R'Mel,Exploration & Production,Logistics,Area X,2025,6,48927.4,bbl,184484.99,mscf
Illizi,Transportation,Operations,Area X,2024,4,20598.82,bbl,75080.12,mscf
Rhourde Nouss,Refining,Operations,Area X,2025,2,23644.77,bbl,162961.21,mscf
In Salah,Refining,Logistics,Block 2,2023,3,42220.28,bbl,18686.71,mscf
Hassi R'Mel,Exploration & Production,Drilling,Block 1,2024,11,1833.69,bbl,156424.81,mscf
Hassi R'Mel,Marketing,Production,Block 2,2024,7,47443.74,bbl,38547.79,mscf
Hassi Messaoud,Refining,Logistics,Field A,2023,4,8272.85,bbl,73100.05,mscf
Adrar,Refining,Logistics,Field A,2024,3,39557.93,bbl,41371.14,mscf
Adrar,Transportation,Production,Block 2,2023,12,4337.4,bbl,138017.06,mscf
Hassi R'Mel,Refining,Operations,Area Y,2022,3,21036.91,bbl,47180.12,mscf
Rhourde Nouss,Transportation,Production,Block 2,2024,4,46355.57,bbl,22772.26,mscf
Berkine,Exploration & Production,Operations,Block 2,2022,9,40954.02,bbl,69234.52,mscf
Berkine,Transportation,Logistics,Area Y,2022,2,35685.72,bbl,34164.03,mscf
In Salah,Exploration & Production,Drilling,Field A,2024,3,27332.45,bbl,176686.64,mscf
Illizi,Refining,Drilling,Field A,2022,3,25962.08,bbl,139918.02,mscf
In Salah,Transportation,Drilling,Area Y,2024,5,22090.77,bbl,118545.09,mscf
Rhourde Nouss,Exploration & Production,Logistics,Area Y,2023,10,36946.02,bbl,197273.11,mscf
Hassi R'Mel,Exploration & Production,Operations,Area X,2025,7,42025.76,bbl,54832.22,mscf
Hassi Messaoud,Exploration & Production,Production,Area Y,2022,4,38186.35,bbl,172032.26,mscf
Illizi,Marketing,Operations,Field B,2022,3,2643.2,bbl,82991.84,mscf
In Salah,Marketing,Logistics,Area Y,2022,6,14314.08,bbl,157153.3,mscf
Hassi R'Mel,Marketing,Production,Block 2,2023,8,38573.04,bbl,158919.15,mscf
Rhourde Nouss,Refining,Drilling,Area X,2023,5,21721.42,bbl,110895.86,mscf
Hassi R'Mel,Marketing,Production,Block 1,2022,7,1584.24,bbl,87216.57,mscf
Rhourde Nouss,Exploration & Production,Logistics,Field B,2022,12,39214.03,bbl,46218.4,mscf
Hassi R'Mel,Refining,Production,Block 1,2023,4,16947.02,bbl,91930.88,mscf
Adrar,Refining,Operations,Field A,2022,9,38522.32,bbl,189347.1,mscf
Rhourde Nouss,Transportation,Operations,Field B,2025,12,24266.9,bbl,110761.22,mscf
Illizi,Exploration & Production,Logistics,Field A,2025,1,9376.72,bbl,110923.59,mscf
Adrar,Refining,Logistics,Block 2,2024,10,49060.48,bbl,183757.31,mscf
Hassi Messaoud,Exploration & Production,Production,Area Y,2023,2,33425.91,bbl,34740.92,mscf
Illizi,Refining,Operations,Field A,2025,8,46717.84,bbl,25687.71,mscf
Hassi Messaoud,Refining,Logistics,Block 2,2022,6,8847.72,bbl,48096.16,mscf
Berkine,Transportation,Operations,Field A,2023,2,40476.29,bbl,168016.8,mscf
Berkine,Refining,Operations,Area Y,2023,2,2983.63,bbl,52123.15,mscf
Hassi Messaoud,Transportation,Operations,Field B,2022,12,3787.85,bbl,141433.8,mscf
Berkine,Transportation,Production,Area X,2024,5,13285.69,bbl,134889.77,mscf
In Salah,Refining,Production,Block 2,2022,12,29549.37,bbl,14078.2,mscf
Hassi Messaoud,Refining,Production,Area X,2025,7,49846.51,bbl,22480.6,mscf
Hassi Messaoud,Marketing,Logistics,Area X,2023,8,4556.84,bbl,158729.98,mscf
Rhourde Nouss,Transportation,Drilling,Area X,2025,4,47760.56,bbl,197966.65,mscf
Adrar,Marketing,Production,Block 2,2024,5,35677.05,bbl,49221.09,mscf
In Salah,Exploration & Production,Drilling,Block 2,2022,11,46781.41,bbl,119648.09,mscf
Hassi Messaoud,Transportation,Drilling,Area X,2024,8,2790.78,bbl,37248.95,mscf
Rhourde Nouss,Transportation,Production,Area Y,2025,1,37311.9,bbl,179520.53,mscf
Hassi Messaoud,Transportation,Operations,Field B,2023,7,37050.23,bbl,114357.6,mscf
Berkine,Marketing,Drilling,Area X,2022,10,29279.51,bbl,145578.17,mscf
Rhourde Nouss,Transportation,Operations,Block 2,2022,3,1489.29,bbl,128470.81,mscf
Rhourde Nouss,Exploration & Production,Drilling,Area X,2025,2,24485.32,bbl,117277.41,mscf
Illizi,Refining,Logistics,Block 1,2023,3,9464.84,bbl,39521.89,mscf
Adrar,Transportation,Production,Area X,2025,5,23384.99,bbl,195740.45,mscf
Adrar,Marketing,Operations,Block 1,2025,4,12198.72,bbl,53331.41,mscf
Hassi R'Mel,Transportation,Production,Area X,2025,3,32321.32,bbl,61233.71,mscf
Illizi,Transportation,Operations,Field A,2022,10,13103.37,bbl,49096.53,mscf
In Salah,Exploration & Production,Production,Area Y,2023,12,44637.1,bbl,19310.32,mscf
Hassi R'Mel,Refining,Logistics,Block 1,2024,8,15058.57,bbl,82784.57,mscf
Rhourde Nouss,Transportation,Drilling,Block 2,2024,11,40484.88,bbl,24955.86,mscf
Hassi R'Mel,Transportation,Logistics,Field A,2024,6,32852.68,bbl,110314.67,mscf
Adrar,Marketing,Logistics,Block 2,2022,4,14513.4,bbl,71309.94,mscf
Hassi Messaoud,Marketing,Logistics,Area X,2023,4,32374.48,bbl,18411.81,mscf
Hassi Messaoud,Marketing,Logistics,Block 1,2022,12,41540.73,bbl,154571.35,mscf
Illizi,Transportation,Drilling,Block 2,2022,10,12885.76,bbl,65820.63,mscf
Hassi Messaoud,Marketing,Drilling,Block 2,2022,9,29826.83,bbl,129814.05,mscf
Adrar,Exploration & Production,Production,Field A,2025,4,25158.97,bbl,132042.82,mscf
Hassi Messaoud,Transportation,Logistics,Field A,2023,3,49575.15,bbl,86719.38,mscf
Adrar,Exploration & Production,Logistics,Block 1,2023,2,23598.32,bbl,191690.87,mscf
In Salah,Refining,Production,Area Y,2023,5,11666.49,bbl,196210.38,mscf
In Salah,Exploration & Production,Drilling,Area Y,2023,12,45097.24,bbl,111170.22,mscf
Hassi Messaoud,Refining,Operations,Field A,2023,2,25865.52,bbl,19260.45,mscf
Hassi Messaoud,Refining,Production,Field B,2022,9,44177.07,bbl,87262.22,mscf
Adrar,Refining,Drilling,Block 1,2023,10,43995.12,bbl,126208.85,mscf
In Salah,Exploration & Production,Production,Area X,2025,1,10576.11,bbl,38673.26,mscf
In Salah,Marketing,Drilling,Area Y,2023,1,14653.1,bbl,57751.54,mscf
In Salah,Marketing,Production,Field B,2023,1,4047.28,bbl,13593.04,mscf
In Salah,Refining,Production,Block 1,2025,2,49294.2,bbl,93356.93,mscf
Hassi Messaoud,Exploration & Production,Drilling,Block 2,2025,10,27074.96,bbl,193999.31,mscf
In Salah,Marketing,Production,Field A,2025,4,41672.44,bbl,75870.94,mscf
Illizi,Marketing,Operations,Field B,2025,9,21534.23,bbl,37750.58,mscf
Illizi,Transportation,Logistics,Field A,2025,1,40605.11,bbl,26843.5,mscf
In Salah,Exploration & Production,Drilling,Field B,2022,12,34542.68,bbl,62949.05,mscf
Illizi,Refining,Logistics,Field B,2024,7,30701.14,bbl,147543.83,mscf
Illizi,Transportation,Production,Block 1,2024,8,7453.55,bbl,76864.12,mscf
Illizi,Transportation,Drilling,Area Y,2022,6,27815.62,bbl,170866.43,mscf
In Salah,Exploration & Production,Operations,Area Y,2025,6,46131.26,bbl,43883.64,mscf
In Salah,Refining,Logistics,Field B,2024,10,14324.94,bbl,101263.46,mscf
In Salah,Marketing,Logistics,Field A,2022,7,35823.98,bbl,167938.74,mscf
In Salah,Exploration & Production,Drilling,Block 1,2025,12,34430.34,bbl,31033.95,mscf
Illizi,Refining,Operations,Field A,2022,6,27090.65,bbl,49813.89,mscf
Berkine,Exploration & Production,Logistics,Field A,2024,4,14663.09,bbl,44166.69,mscf
Rhourde Nouss,Refining,Drilling,Field A,2024,5,36290.47,bbl,51843.1,mscf
Illizi,Marketing,Operations,Field A,2024,4,30053.67,bbl,88082.48,mscf
Berkine,Marketing,Logistics,Block 2,2022,12,42621.1,bbl,73974.54,mscf
In Salah,Refining,Logistics,Block 2,2023,9,35095.2,bbl,117398.63,mscf
Adrar,Transportation,Production,Area Y,2023,2,42642.02,bbl,193581.35,mscf
Hassi Messaoud,Refining,Drilling,Area Y,2024,11,8741.43,bbl,41050.69,mscf
In Salah,Marketing,Logistics,Field A,2023,8,43431.13,bbl,100656.51,mscf
Rhourde Nouss,Marketing,Drilling,Area X,2023,12,15729.7,bbl,50506.86,mscf
Rhourde Nouss,Exploration & Production,Logistics,Area Y,2025,11,10507.08,bbl,121531.08,mscf
Illizi,Exploration & Production,Drilling,Block 2,2025,2,40258.44,bbl,93051.22,mscf
Berkine,Refining,Operations,Block 1,2022,9,43936.22,bbl,150848.71,mscf
In Salah,Exploration & Production,Drilling,Field B,2022,11,48560.12,bbl,183035.4,mscf
Illizi,Refining,Operations,Block 2,2023,1,17710.13,bbl,154488.78,mscf
Hassi R'Mel,Marketing,Production,Area Y,2022,7,20258.24,bbl,104652.46,mscf
In Salah,Exploration & Production,Drilling,Block 2,2025,9,48074.92,bbl,150136.94,mscf
Illizi,Refining,Operations,Field B,2023,4,49479.71,bbl,25870.5,mscf
Hassi R'Mel,Refining,Production,Area Y,2022,12,45913.24,bbl,143523.74,mscf
Hassi R'Mel,Marketing,Drilling,Field B,2025,11,47645.99,bbl,117056.6,mscf
Illizi,Marketing,Operations,Block 2,2025,10,8876.55,bbl,125522.92,mscf
Hassi R'Mel,Marketing,Logistics,Block 2,2024,4,37178.55,bbl,96375.44,mscf
Hassi R'Mel,Marketing,Drilling,Field B,2025,1,37649.65,bbl,87160.78,mscf
Adrar,Transportation,Logistics,Field B,2022,8,39356.68,bbl,27464.11,mscf
Hassi Messaoud,Transportation,Production,Block 2,2024,8,41546.7,bbl,112448.99,mscf
Adrar,Marketing,Logistics,Block 2,2023,2,23419.83,bbl,46265.89,mscf
Illizi,Transportation,Operations,Block 1,2023,10,7806.24,bbl,141829.48,mscf
In Salah,Refining,Drilling,Area X,2025,1,45412.56,bbl,162406.11,mscf
In Salah,Refining,Operations,Area Y,2025,5,14335.16,bbl,40034.49,mscf
Adrar,Transportation,Logistics,Block 1,2025,5,17719.17,bbl,138944.7,mscf
Hassi Messaoud,Exploration & Production,Operations,Area Y,2023,7,17503.76,bbl,45334.11,mscf
Hassi Messaoud,Exploration & Production,Logistics,Block 1,2025,9,30187.59,bbl,150615.55,mscf
Berkine,Refining,Production,Field B,2023,6,47773.91,bbl,91738.91,mscf
Hassi R'Mel,Transportation,Operations,Field A,2023,3,4106.04,bbl,89739.05,mscf
Berkine,Refining,Operations,Block 2,2025,1,9747.87,bbl,40376.6,mscf
Hassi Messaoud,Exploration & Production,Logistics,Field B,2025,8,49704.94,bbl,131650.84,mscf
Hassi Messaoud,Transportation,Operations,Block 1,2025,1,49580.23,bbl,139211.86,mscf
Hassi Messaoud,Refining,Logistics,Area X,2024,12,20701.75,bbl,99865.32,mscf
Illizi,Refining,Operations,Field B,2024,8,21500.93,bbl,165938.05,mscf
Hassi R'Mel,Refining,Operations,Area X,2022,12,43028.01,bbl,21768.66,mscf
Hassi Messaoud,Transportation,Operations,Field A,2022,2,19301.53,bbl,109515.76,mscf
Hassi Messaoud,Transportation,Drilling,Field A,2025,5,16282.71,bbl,136974.81,mscf
Rhourde Nouss,Refining,Production,Block 1,2024,2,38438.0,bbl,178394.09,mscf
In Salah,Exploration & Production,Drilling,Area X,2025,8,22615.17,bbl,75900.81,mscf
Hassi R'Mel,Refining,Production,Field A,2025,5,14670.95,bbl,23442.91,mscf
Hassi R'Mel,Refining,Operations,Block 2,2024,3,10298.72,bbl,94640.42,mscf
In Salah,Exploration & Production,Logistics,Block 1,2023,2,15433.22,bbl,41700.5,mscf
In Salah,Marketing,Production,Field B,2023,9,4912.08,bbl,38043.63,mscf
Hassi Messaoud,Exploration & Production,Logistics,Block 1,2023,3,34793.04,bbl,30376.87,mscf
In Salah,Marketing,Logistics,Block 1,2023,9,17109.81,bbl,164821.32,mscf
In Salah,Exploration & Production,Production,Area X,2025,7,49193.27,bbl,65498.7,mscf
Hassi Messaoud,Marketing,Operations,Block 1,2024,1,34951.58,bbl,69690.84,mscf
Hassi R'Mel,Marketing,Drilling,Area Y,2024,5,21017.97,bbl,42387.07,mscf
Adrar,Marketing,Production,Area Y,2023,9,21794.02,bbl,145209.6,mscf
Berkine,Transportation,Operations,Block 2,2024,4,13368.29,bbl,80657.18,mscf
Rhourde Nouss,Transportation,Production,Area X,2025,8,38700.12,bbl,109566.05,mscf
Adrar,Marketing,Drilling,Block 2,2025,10,41461.11,bbl,46160.57,mscf
Illizi,Refining,Operations,Block 1,2024,4,46482.78,bbl,119697.5,mscf
Hassi R'Mel,Transportation,Operations,Block 1,2025,6,39239.17,bbl,119933.31,mscf
Berkine,Marketing,Production,Area Y,2022,8,24548.7,bbl,109609.61,mscf
Adrar,Exploration & Production,Production,Block 2,2024,11,6953.47,bbl,112049.07,mscf
Hassi R'Mel,Transportation,Logistics,Area Y,2022,10,28793.72,bbl,91391.4,mscf
Rhourde Nouss,Transportation,Drilling,Field B,2022,5,4339.42,bbl,186480.57,mscf
In Salah,Transportation,Production,Field B,2024,6,5582.96,bbl,146619.37,mscf
Illizi,Exploration & Production,Operations,Block 2,2025,7,22498.47,bbl,84381.03,mscf
Hassi Messaoud,Marketing,Drilling,Area X,2023,5,25597.26,bbl,21399.67,mscf
In Salah,Transportation,Drilling,Field A,2024,3,22179.58,bbl,33378.8,mscf
In Salah,Refining,Operations,Area X,2024,5,30348.18,bbl,63112.23,mscf
In Salah,Exploration & Production,Drilling,Field B,2022,3,48213.64,bbl,53537.68,mscf
Illizi,Refining,Drilling,Area X,2024,11,18974.97,bbl,162161.97,mscf
Illizi,Exploration & Production,Logistics,Area Y,2024,7,45228.47,bbl,57163.31,mscf
Illizi,Marketing,Logistics,Block 2,2025,7,23983.3,bbl,171787.17,mscf
Adrar,Transportation,Drilling,Block 1,2025,2,48816.55,bbl,139978.64,mscf
Hassi Messaoud,Refining,Logistics,Field A,2025,9,31834.62,bbl,100848.9,mscf
Illizi,Marketing,Logistics,Field A,2024,3,11602.41,bbl,70809.69,mscf
In Salah,Transportation,Operations,Area X,2025,3,47663.27,bbl,78252.82,mscf
Hassi R'Mel,Transportation,Operations,Field A,2025,10,14184.15,bbl,24839.46,mscf
Hassi R'Mel,Transportation,Production,Block 2,2025,5,45265.52,bbl,89343.79,mscf
Berkine,Refining,Operations,Block 2,2022,1,34457.33,bbl,173206.98,mscf
Illizi,Marketing,Logistics,Area Y,2022,4,20696.48,bbl,45405.65,mscf
Hassi Messaoud,Transportation,Logistics,Field B,2023,4,30463.5,bbl,40644.7,mscf
Hassi Messaoud,Refining,Production,Block 2,2024,5,25877.81,bbl,165758.98,mscf
Hassi Messaoud,Marketing,Production,Block 2,2023,10,40655.33,bbl,129428.54,mscf
Hassi R'Mel,Transportation,Logistics,Field B,2025,9,42425.96,bbl,120818.06,mscf
Adrar,Exploration & Production,Logistics,Block 1,2024,8,25006.57,bbl,46867.74,mscf
Adrar,Marketing,Logistics,Field A,2023,7,23601.77,bbl,171757.45,mscf
In Salah,Exploration & Production,Logistics,Field A,2024,4,17108.59,bbl,111721.84,mscf
Illizi,Exploration & Production,Operations,Field B,2024,5,3967.61,bbl,80598.29,mscf
In Salah,Exploration & Production,Logistics,Field B,2025,5,27011.35,bbl,129036.98,mscf
Hassi R'Mel,Exploration & Production,Drilling,Area Y,2024,6,19528.96,bbl,197426.12,mscf
Berkine,Exploration & Production,Production,Area Y,2024,6,23369.89,bbl,156333.12,mscf
Berkine,Refining,Logistics,Field B,2024,1,29551.9,bbl,119324.18,mscf
Rhourde Nouss,Exploration & Production,Operations,Area Y,2025,10,28461.44,bbl,9969.75,mscf
In Salah,Refining,Operations,Field B,2024,2,9040.18,bbl,89077.31,mscf
Rhourde Nouss,Transportation,Operations,Field A,2023,11,18322.17,bbl,47832.29,mscf
Hassi R'Mel,Transportation,Logistics,Block 1,2022,10,7428.27,bbl,134200.15,mscf
Adrar,Refining,Production,Area X,2025,11,12351.19,bbl,93208.73,mscf
Hassi R'Mel,Refining,Drilling,Field A,2022,9,7338.91,bbl,61501.44,mscf
Hassi Messaoud,Refining,Drilling,Area X,2023,9,45645.73,bbl,190367.22,mscf
In Salah,Marketing,Logistics,Area Y,2022,10,41182.51,bbl,193653.99,mscf
Hassi Messaoud,Refining,Production,Block 2,2023,1,27095.4,bbl,175772.24,mscf
Hassi Messaoud,Exploration & Production,Production,Field B,2022,11,49371.3,bbl,188963.67,mscf
In Salah,Exploration & Production,Operations,Area X,2024,7,11499.64,bbl,8482.47,mscf
In Salah,Transportation,Drilling,Field B,2025,5,18820.79,bbl,99025.07,mscf
Berkine,Exploration & Production,Logistics,Block 2,2023,8,20365.05,bbl,13551.83,mscf
Adrar,Marketing,Logistics,Field B,2023,5,42724.35,bbl,19425.64,mscf
In Salah,Refining,Production,Block 2,2025,6,41861.75,bbl,107255.33,mscf
Hassi R'Mel,Marketing,Operations,Block 2,2025,7,8313.71,bbl,9581.17,mscf
Hassi R'Mel,Refining,Logistics,Area Y,2025,4,46738.39,bbl,120106.31,mscf
Illizi,Transportation,Drilling,Field B,2023,10,44543.25,bbl,93019.58,mscf
Hassi R'Mel,Marketing,Logistics,Field A,2022,4,3947.9,bbl,194029.69,mscf
Adrar,Transportation,Drilling,Block 2,2023,12,34773.8,bbl,182912.57,mscf
Hassi Messaoud,Exploration & Production,Drilling,Area Y,2025,3,8671.42,bbl,52141.01,mscf
Hassi Messaoud,Transportation,Logistics,Area X,2022,3,34060.12,bbl,50935.98,mscf
In Salah,Marketing,Drilling,Field B,2023,12,34572.57,bbl,158112.48,mscf
Berkine,Exploration & Production,Production,Area X,2024,5,21108.43,bbl,89733.29,mscf
Adrar,Exploration & Production,Operations,Area X,2025,2,27402.18,bbl,151126.64,mscf
Illizi,Transportation,Operations,Field A,2022,6,35009.24,bbl,26176.72,mscf
Hassi Messaoud,Transportation,Production,Area Y,2022,9,21300.31,bbl,28723.29,mscf
Berkine,Marketing,Drilling,Area Y,2024,8,31993.42,bbl,59583.23,mscf
In Salah,Transportation,Operations,Area Y,2023,2,45224.16,bbl,45820.67,mscf
Berkine,Transportation,Production,Field A,2022,10,1904.36,bbl,88100.13,mscf
Illizi,Refining,Operations,Block 1,2023,4,36021.55,bbl,172068.09,mscf
Illizi,Marketing,Logistics,Block 1,2023,6,2296.32,bbl,45190.06,mscf
Rhourde Nouss,Transportation,Drilling,Field B,2022,4,20525.45,bbl,197194.98,mscf
In Salah,Exploration & Production,Operations,Field B,2023,10,5788.18,bbl,40657.76,mscf
Hassi Messaoud,Refining,Operations,Field B,2025,9,6047.9,bbl,72230.69,mscf
Adrar,Refining,Drilling,Block 2,2025,6,18487.38,bbl,174167.51,mscf
Hassi Messaoud,Marketing,Operations,Block 2,2022,6,42757.84,bbl,103223.0,mscf
Hassi R'Mel,Refining,Logistics,Area X,2024,3,43881.93,bbl,198317.13,mscf
Hassi Messaoud,Transportation,Drilling,Field A,2024,2,30273.13,bbl,77680.83,mscf
Hassi Messaoud,Exploration & Production,Logistics,Area X,2023,6,39017.27,bbl,181041.58,mscf
Berkine,Exploration & Production,Operations,Field B,2025,2,36718.15,bbl,187326.98,mscf
Illizi,Refining,Drilling,Area X,2022,2,34274.99,bbl,111757.95,mscf
Adrar,Marketing,Drilling,Field A,2025,8,23673.73,bbl,138092.21,mscf
Illizi,Refining,Drilling,Block 1,2023,4,25829.15,bbl,115477.81,mscf
Adrar,Marketing,Logistics,Block 2,2025,8,6594.04,bbl,48651.44,mscf
Berkine,Marketing,Production,Block 1,2024,3,28380.63,bbl,44510.24,mscf
Hassi Messaoud,Transportation,Production,Field B,2024,12,18720.12,bbl,166396.38,mscf
Berkine,Transportation,Production,Block 2,2022,4,44692.43,bbl,195414.28,mscf
In Salah,Transportation,Drilling,Block 2,2023,3,15459.78,bbl,152528.77,mscf
Adrar,Refining,Production,Field A,2025,11,10456.95,bbl,59138.91,mscf
Berkine,Transportation,Operations,Block 2,2025,1,49334.63,bbl,197751.01,mscf
Illizi,Exploration & Production,Logistics,Area X,2024,10,31095.88,bbl,52707.82,mscf
Illizi,Exploration & Production,Logistics,Area Y,2022,8,48579.54,bbl,137803.81,mscf
In Salah,Refining,Drilling,Block 1,2022,10,34749.03,bbl,36272.21,mscf
Hassi R'Mel,Transportation,Logistics,Field A,2022,11,25563.67,bbl,53429.4,mscf
Illizi,Exploration & Production,Operations,Area X,2024,9,35062.47,bbl,176325.7,mscf
Hassi Messaoud,Marketing,Logistics,Block 2,2024,1,25967.91,bbl,153435.36,mscf
In Salah,Refining,Drilling,Block 2,2023,4,22310.62,bbl,42151.86,mscf
In Salah,Marketing,Drilling,Area Y,2025,12,2268.29,bbl,121390.7,mscf
Rhourde Nouss,Transportation,Drilling,Field A,2022,5,19531.93,bbl,125300.89,mscf
Rhourde Nouss,Transportation,Drilling,Area Y,2024,11,20062.29,bbl,30192.12,mscf
Hassi Messaoud,Marketing,Operations,Block 2,2023,3,48472.62,bbl,125061.76,mscf
Rhourde Nouss,Transportation,Drilling,Area Y,2022,1,36364.11,bbl,52779.67,mscf
Adrar,Marketing,Operations,Block 2,2023,8,19369.35,bbl,55992.79,mscf
Hassi R'Mel,Marketing,Production,Area Y,2022,3,8787.18,bbl,109780.45,mscf
Adrar,Marketing,Drilling,Area Y,2024,9,7993.27,bbl,92458.34,mscf
In Salah,Transportation,Operations,Block 1,2024,5,17021.51,bbl,44047.37,mscf
Berkine,Refining,Drilling,Block 2,2024,7,44378.01,bbl,57666.34,mscf
Rhourde Nouss,Refining,Operations,Field B,2022,8,35521.52,bbl,46615.09,mscf
Illizi,Refining,Production,Block 2,2022,3,49356.46,bbl,123400.32,mscf
Rhourde Nouss,Transportation,Logistics,Field B,2023,8,34737.36,bbl,90645.78,mscf
Illizi,Exploration & Production,Operations,Field B,2022,12,9845.71,bbl,144595.98,mscf
Rhourde Nouss,Transportation,Logistics,Block 1,2025,3,2753.65,bbl,40452.81,mscf
Rhourde Nouss,Marketing,Operations,Block 1,2024,7,4852.57,bbl,131310.54,mscf
Hassi R'Mel,Refining,Drilling,Block 2,2022,3,17240.59,bbl,117013.63,mscf
Illizi,Transportation,Production,Block 1,2025,12,34320.65,bbl,67269.62,mscf
Hassi Messaoud,Marketing,Drilling,Block 1,2024,8,44749.42,bbl,101676.84,mscf
Berkine,Refining,Logistics,Field B,2024,12,21557.67,bbl,53055.25,mscf
Adrar,Transportation,Drilling,Block 1,2025,1,27493.5,bbl,70732.04,mscf
Hassi Messaoud,Exploration & Production,Drilling,Area Y,2024,2,16680.09,bbl,61623.64,mscf
Adrar,Refining,Drilling,Area Y,2024,10,27238.81,bbl,100238.84,mscf
Hassi R'Mel,Transportation,Drilling,Field A,2023,2,22131.74,bbl,89681.71,mscf
Adrar,Transportation,Operations,Area X,2022,3,13947.69,bbl,144240.2,mscf
Hassi Messaoud,Exploration & Production,Logistics,Field A,2022,10,36130.98,bbl,27795.67,mscf
Adrar,Refining,Logistics,Area X,2024,1,45061.32,bbl,67179.91,mscf
Rhourde Nouss,Marketing,Production,Block 2,2025,4,47650.49,bbl,81056.24,mscf
Adrar,Marketing,Operations,Block 2,2022,11,37124.11,bbl,27751.31,mscf
Berkine,Transportation,Operations,Field B,2023,8,40771.2,bbl,159196.28,mscf
Illizi,Refining,Operations,Field B,2022,10,30846.47,bbl,138331.33,mscf
Illizi,Marketing,Drilling,Block 2,2024,10,35222.83,bbl,68699.79,mscf
Hassi Messaoud,Exploration & Production,Drilling,Field B,2025,7,16376.03,bbl,199988.18,mscf
Berkine,Refining,Drilling,Area X,2024,5,5111.07,bbl,113951.32,mscf
Illizi,Refining,Logistics,Area X,2024,2,28019.22,bbl,31109.99,mscf
Adrar,Marketing,Operations,Block 1,2025,1,25764.13,bbl,88838.35,mscf
Rhourde Nouss,Transportation,Operations,Block 2,2024,2,30486.01,bbl,26760.41,mscf
In Salah,Transportation,Logistics,Field A,2024,3,14367.03,bbl,25497.37,mscf
Berkine,Refining,Operations,Field A,2023,3,47237.42,bbl,188094.78,mscf
Adrar,Marketing,Logistics,Area Y,2023,8,38980.99,bbl,31068.9,mscf
Illizi,Transportation,Production,Area Y,2024,10,41080.42,bbl,103651.82,mscf
Hassi Messaoud,Exploration & Production,Drilling,Field A,2023,10,30053.96,bbl,96603.94,mscf
Hassi R'Mel,Exploration & Production,Drilling,Field B,2023,6,32439.71,bbl,118410.05,mscf
Berkine,Exploration & Production,Drilling,Field B,2025,10,44427.6,bbl,195772.83,mscf
Adrar,Refining,Operations,Field A,2025,10,9635.53,bbl,78369.02,mscf
Adrar,Refining,Production,Area X,2023,4,4733.16,bbl,79168.73,mscf
Illizi,Marketing,Logistics,Block 2,2025,3,4631.95,bbl,73205.44,mscf
Illizi,Marketing,Operations,Field A,2022,12,12772.88,bbl,118381.43,mscf
Hassi Messaoud,Exploration & Production,Drilling,Field B,2023,4,33866.81,bbl,64966.34,mscf
Illizi,Exploration & Production,Drilling,Block 2,2025,11,34431.03,bbl,100340.13,mscf
Hassi R'Mel,Exploration & Production,Operations,Area Y,2022,3,19337.35,bbl,194443.81,mscf
Illizi,Exploration & Production,Operations,Area Y,2022,6,11736.13,bbl,91904.51,mscf
Hassi Messaoud,Refining,Logistics,Block 2,2022,7,44963.1,bbl,130677.04,mscf
Hassi Messaoud,Refining,Production,Area Y,2023,5,37606.03,bbl,91825.69,mscf
Berkine,Transportation,Operations,Block 2,2024,10,22487.69,bbl,118678.81,mscf
Hassi R'Mel,Refining,Logistics,Field B,2023,5,15169.83,bbl,8370.85,mscf
Adrar,Exploration & Production,Operations,Field B,2023,7,29148.62,bbl,98576.47,mscf
Illizi,Transportation,Operations,Area X,2024,12,43861.93,bbl,56687.19,mscf
Illizi,Transportation,Operations,Area Y,2024,4,38285.03,bbl,81289.83,mscf
Adrar,Transportation,Logistics,Block 1,2023,1,49577.92,bbl,8390.11,mscf
Illizi,Refining,Operations,Field B,2025,6,17322.51,bbl,139010.52,mscf
Rhourde Nouss,Exploration & Production,Logistics,Area X,2025,9,18740.87,bbl,199646.48,mscf
Illizi,Marketing,Drilling,Block 1,2025,11,40412.63,bbl,104710.01,mscf
Hassi R'Mel,Refining,Operations,Field A,2025,12,48810.97,bbl,16328.13,mscf
Hassi R'Mel,Refining,Drilling,Field A,2025,2,43794.5,bbl,88473.21,mscf
In Salah,Exploration & Production,Drilling,Block 2,2025,3,16902.96,bbl,90148.96,mscf
In Salah,Exploration & Production,Operations,Field A,2024,10,20914.72,bbl,131240.68,mscf
Rhourde Nouss,Marketing,Production,Field A,2023,12,27431.95,bbl,8081.45,mscf
In Salah,Refining,Logistics,Block 2,2023,5,17090.97,bbl,194550.4,mscf
Berkine,Transportation,Drilling,Field B,2025,8,7255.78,bbl,11255.45,mscf
In Salah,Exploration & Production,Drilling,Block 2,2024,7,40511.78,bbl,76620.44,mscf
Adrar,Marketing,Logistics,Field B,2022,5,33615.88,bbl,40459.24,mscf
In Salah,Exploration & Production,Logistics,Block 1,2025,3,14522.53,bbl,144700.44,mscf
In Salah,Exploration & Production,Logistics,Area Y,2022,12,41611.36,bbl,181851.74,mscf
Hassi R'Mel,Exploration & Production,Operations,Field A,2024,7,37585.75,bbl,45233.85,mscf
Illizi,Transportation,Production,Block 1,2023,3,47006.14,bbl,120113.48,mscf
Hassi Messaoud,Exploration & Production,Production,Field A,2024,3,13983.95,bbl,175003.37,mscf
Rhourde Nouss,Exploration & Production,Production,Field B,2024,7,10449.75,bbl,171940.16,mscf
Adrar,Exploration & Production,Operations,Block 2,2022,8,42086.99,bbl,36813.61,mscf
Hassi R'Mel,Exploration & Production,Drilling,Field A,2025,11,38955.88,bbl,65179.08,mscf
In Salah,Exploration & Production,Drilling,Field B,2023,5,42560.8,bbl,36686.31,mscf
Hassi R'Mel,Refining,Production,Field B,2025,2,22444.8,bbl,60040.9,mscf
Rhourde Nouss,Marketing,Logistics,Block 2,2022,11,8159.3,bbl,130012.59,mscf
Hassi R'Mel,Transportation,Logistics,Area Y,2025,12,49657.77,bbl,129295.57,mscf
Hassi Messaoud,Refining,Drilling,Area X,2023,12,37838.37,bbl,147466.07,mscf
Berkine,Refining,Drilling,Area Y,2023,11,16398.75,bbl,177202.78,mscf
Hassi Messaoud,Exploration & Production,Production,Area X,2022,4,1971.3,bbl,194523.69,mscf
Adrar,Transportation,Production,Field A,2025,6,13768.56,bbl,171112.47,mscf
In Salah,Marketing,Operations,Area X,2024,1,34813.75,bbl,93503.74,mscf
In Salah,Refining,Logistics,Field B,2022,11,43198.73,bbl,5332.38,mscf
Hassi Messaoud,Marketing,Drilling,Field A,2024,6,3721.89,bbl,160264.77,mscf
Rhourde Nouss,Transportation,Logistics,Area X,2023,6,44307.43,bbl,186475.91,mscf
Hassi Messaoud,Marketing,Operations,Block 1,2023,12,32216.35,bbl,10991.88,mscf
Hassi R'Mel,Marketing,Drilling,Field A,2022,6,23844.66,bbl,68644.68,mscf
Hassi R'Mel,Transportation,Drilling,Block 2,2024,6,8189.23,bbl,172448.49,mscf
Rhourde Nouss,Exploration & Production,Operations,Field B,2023,9,32635.46,bbl,105590.3,mscf
Rhourde Nouss,Exploration & Production,Logistics,Area Y,2023,6,3877.85,bbl,180457.54,mscf
Adrar,Refining,Production,Field A,2025,10,15458.02,bbl,19113.56,mscf
Hassi R'Mel,Refining,Operations,Block 1,2025,2,39130.62,bbl,160006.58,mscf
Illizi,Exploration & Production,Drilling,Area Y,2024,9,10643.01,bbl,50683.75,mscf
In Salah,Marketing,Drilling,Field B,2025,6,12998.78,bbl,153195.49,mscf
Berkine,Refining,Production,Area X,2025,1,10791.85,bbl,61783.17,mscf
In Salah,Marketing,Drilling,Area X,2022,2,30561.85,bbl,78278.81,mscf
Adrar,Marketing,Production,Field B,2023,1,38476.62,bbl,83461.3,mscf
Illizi,Marketing,Production,Area X,2023,5,1128.5,bbl,90936.73,mscf
Adrar,Transportation,Logistics,Field B,2022,5,45886.92,bbl,133307.09,mscf
Hassi Messaoud,Marketing,Drilling,Block 1,2024,11,35325.91,bbl,8706.13,mscf
Adrar,Refining,Logistics,Block 1,2025,3,14273.82,bbl,5992.76,mscf
Berkine,Marketing,Operations,Area Y,2023,2,45916.89,bbl,177741.58,mscf
Hassi Messaoud,Marketing,Operations,Area X,2024,9,16307.76,bbl,169426.77,mscf
Berkine,Marketing,Production,Field B,2022,9,5954.14,bbl,101276.83,mscf
Illizi,Exploration & Production,Operations,Area X,2022,3,23513.45,bbl,189269.52,mscf
Hassi Messaoud,Refining,Operations,Area X,2025,7,27769.06,bbl,23981.28,mscf
In Salah,Marketing,Operations,Field B,2025,9,10773.95,bbl,56574.31,mscf
Rhourde Nouss,Refining,Production,Area X,2024,3,22938.8,bbl,179675.87,mscf
Berkine,Transportation,Operations,Area Y,2025,4,8965.94,bbl,187001.91,mscf
Adrar,Marketing,Operations,Area X,2024,1,16119.99,bbl,56863.32,mscf
Rhourde Nouss,Transportation,Logistics,Block 2,2024,10,2219.97,bbl,14479.16,mscf
In Salah,Exploration & Production,Operations,Block 1,2022,9,24868.98,bbl,11793.13,mscf
Adrar,Refining,Operations,Field B,2025,9,47069.74,bbl,83919.08,mscf
Adrar,Exploration & Production,Logistics,Field B,2024,10,19366.55,bbl,192864.66,mscf
Hassi R'Mel,Refining,Drilling,Area X,2024,10,49351.03,bbl,6409.6,mscf
Berkine,Refining,Drilling,Block 2,2023,10,26438.29,bbl,72372.05,mscf
In Salah,Transportation,Logistics,Block 2,2025,3,19088.49,bbl,55090.99,mscf
Berkine,Refining,Logistics,Block 1,2025,11,15804.11,bbl,136034.21,mscf
Rhourde Nouss,Marketing,Logistics,Area Y,2023,11,6610.67,bbl,152585.92,mscf
In Salah,Refining,Production,Field A,2023,3,3195.76,bbl,39752.84,mscf
Hassi R'Mel,Marketing,Logistics,Block 2,2022,9,37769.82,bbl,145989.3,mscf
Rhourde Nouss,Transportation,Production,Block 1,2023,5,48681.12,bbl,21657.03,mscf
Rhourde Nouss,Exploration & Production,Drilling,Field A,2022,12,40392.79,bbl,185904.97,mscf
Hassi R'Mel,Transportation,Drilling,Field B,2025,12,43591.56,bbl,95187.5,mscf
In Salah,Refining,Production,Field A,2024,7,32307.31,bbl,107200.6,mscf
In Salah,Refining,Production,Area X,2025,7,9787.78,bbl,34388.14,mscf
Adrar,Marketing,Production,Field B,2022,12,20409.61,bbl,142494.25,mscf
Hassi Messaoud,Exploration & Production,Production,Field A,2024,2,6916.03,bbl,63276.37,mscf
Adrar,Marketing,Production,Area X,2022,4,18595.5,bbl,180237.23,mscf
Rhourde Nouss,Marketing,Production,Field A,2022,8,33301.14,bbl,131131.03,mscf
In Salah,Transportation,Logistics,Block 1,2022,1,37677.39,bbl,9224.7,mscf
Illizi,Marketing,Production,Block 1,2023,1,8748.29,bbl,184276.85,mscf
Hassi R'Mel,Transportation,Production,Area X,2022,11,45691.08,bbl,196083.7,mscf
Hassi Messaoud,Refining,Production,Field A,2024,4,18066.77,bbl,53571.61,mscf
In Salah,Exploration & Production,Logistics,Block 2,2023,1,37167.59,bbl,124002.63,mscf
Berkine,Marketing,Production,Area Y,2022,5,6652.96,bbl,112217.59,mscf
Rhourde Nouss,Marketing,Drilling,Area Y,2025,9,35239.31,bbl,32040.31,mscf
Hassi Messaoud,Exploration & Production,Logistics,Block 2,2025,6,15207.36,bbl,143485.89,mscf
Illizi,Marketing,Production,Block 2,2024,5,1958.23,bbl,8838.7,mscf
In Salah,Refining,Logistics,Block 1,2023,11,42943.72,bbl,139573.57,mscf
Berkine,Transportation,Operations,Area X,2023,8,17606.63,bbl,45757.77,mscf
Adrar,Refining,Operations,Field A,2022,12,23465.05,bbl,85349.16,mscf
In Salah,Transportation,Logistics,Block 2,2025,8,28372.2,bbl,103559.46,mscf
Berkine,Refining,Drilling,Block 1,2023,11,41226.6,bbl,149806.99,mscf
Illizi,Refining,Logistics,Area Y,2023,5,48224.52,bbl,63357.79,mscf
Hassi Messaoud,Refining,Operations,Field B,2022,8,21656.95,bbl,126959.73,mscf
Hassi Messaoud,Refining,Logistics,Field B,2025,6,19121.69,bbl,164689.31,mscf
Hassi Messaoud,Refining,Operations,Area X,2023,12,24755.75,bbl,138288.75,mscf
Hassi R'Mel,Transportation,Operations,Area X,2025,5,5303.58,bbl,40562.35,mscf
Illizi,Marketing,Logistics,Area X,2023,1,40777.72,bbl,37043.97,mscf
Berkine,Exploration & Production,Production,Block 2,2022,6,9193.27,bbl,112802.44,mscf
Adrar,Marketing,Logistics,Block 1,2023,6,13478.29,bbl,151175.45,mscf
Adrar,Refining,Operations,Field B,2022,11,32477.46,bbl,83098.13,mscf
Berkine,Refining,Drilling,Field B,2024,10,8005.01,bbl,80088.01,mscf
Hassi R'Mel,Transportation,Logistics,Field A,2023,8,2188.38,bbl,106103.53,mscf
Hassi R'Mel,Exploration & Production,Logistics,Area X,2022,9,7308.84,bbl,42271.64,mscf
Rhourde Nouss,Refining,Production,Area X,2024,9,21754.59,bbl,180704.78,mscf
Adrar,Marketing,Drilling,Area X,2023,5,28376.92,bbl,177871.92,mscf
Berkine,Exploration & Production,Production,Block 2,2022,3,39135.17,bbl,100312.64,mscf
In Salah,Transportation,Operations,Block 1,2022,1,48794.6,bbl,142659.83,mscf
Berkine,Refining,Production,Area X,2024,5,26642.74,bbl,161031.35,mscf
Hassi R'Mel,Marketing,Drilling,Area Y,2022,10,26342.34,bbl,8162.4,mscf
Hassi R'Mel,Refining,Drilling,Block 2,2023,1,25167.04,bbl,118439.01,mscf
Rhourde Nouss,Exploration & Production,Production,Field B,2022,6,32618.58,bbl,126507.06,mscf
Illizi,Exploration & Production,Production,Field B,2023,12,13241.05,bbl,8132.35,mscf
Hassi R'Mel,Exploration & Production,Drilling,Block 1,2025,12,37512.54,bbl,132933.85,mscf
Hassi R'Mel,Marketing,Production,Block 1,2025,12,21730.83,bbl,187130.01,mscf
Hassi Messaoud,Transportation,Operations,Block 1,2024,2,1024.29,bbl,23041.66,mscf
In Salah,Exploration & Production,Production,Field A,2025,9,30465.81,bbl,130479.43,mscf
Berkine,Transportation,Operations,Field B,2024,2,14023.44,bbl,86686.93,mscf
Hassi Messaoud,Exploration & Production,Operations,Field B,2023,6,25248.9,bbl,57787.21,mscf
Illizi,Transportation,Logistics,Field A,2022,3,12826.49,bbl,187165.28,mscf
Adrar,Marketing,Logistics,Area Y,2023,3,6798.74,bbl,144388.78,mscf
Hassi R'Mel,Refining,Logistics,Block 2,2023,3,36997.92,bbl,23140.72,mscf
Hassi Messaoud,Marketing,Operations,Block 2,2023,3,11202.66,bbl,37286.47,mscf
Berkine,Marketing,Logistics,Area Y,2022,6,32276.66,bbl,56082.72,mscf
Hassi Messaoud,Transportation,Drilling,Block 2,2025,12,47627.67,bbl,59587.51,mscf
Berkine,Transportation,Drilling,Block 1,2024,3,23689.17,bbl,111316.67,mscf
In Salah,Transportation,Drilling,Area X,2022,4,4990.54,bbl,106454.66,mscf
Rhourde Nouss,Exploration & Production,Production,Block 1,2024,3,26173.77,bbl,135176.75,mscf
Hassi R'Mel,Exploration & Production,Operations,Block 2,2023,4,38138.61,bbl,159635.47,mscf
Illizi,Refining,Drilling,Block 1,2023,6,4213.8,bbl,72137.06,mscf
Adrar,Marketing,Logistics,Field A,2023,5,7602.13,bbl,139264.4,mscf
Adrar,Exploration & Production,Logistics,Block 2,2022,12,24011.08,bbl,147762.55,mscf
Hassi R'Mel,Marketing,Drilling,Field A,2022,1,40977.2,bbl,100740.88,mscf
In Salah,Exploration & Production,Drilling,Area Y,2023,11,44342.81,bbl,127547.1,mscf
Adrar,Transportation,Logistics,Block 2,2022,12,1734.13,bbl,192136.12,mscf
Hassi R'Mel,Transportation,Operations,Area X,2025,7,11208.66,bbl,36735.91,mscf
Illizi,Refining,Drilling,Field A,2023,8,1748.42,bbl,60689.26,mscf
Hassi Messaoud,Marketing,Drilling,Area X,2024,7,22156.69,bbl,56319.51,mscf
Berkine,Refining,Operations,Block 2,2023,10,11693.36,bbl,61302.96,mscf
Illizi,Transportation,Production,Block 2,2024,1,35490.5,bbl,50816.89,mscf
Hassi Messaoud,Refining,Logistics,Field A,2022,12,39866.31,bbl,91487.36,mscf
Hassi Messaoud,Transportation,Drilling,Area Y,2024,9,8140.42,bbl,144373.05,mscf
Hassi R'Mel,Exploration & Production,Drilling,Block 2,2025,12,7849.96,bbl,162964.73,mscf
Hassi R'Mel,Refining,Logistics,Block 2,2023,10,12060.96,bbl,54571.04,mscf
Hassi R'Mel,Transportation,Operations,Block 1,2025,10,2255.81,bbl,66289.52,mscf
In Salah,Marketing,Operations,Block 2,2025,1,46002.72,bbl,105564.79,mscf
Adrar,Marketing,Production,Area X,2024,12,31193.75,bbl,118275.85,mscf
In Salah,Exploration & Production,Logistics,Block 2,2022,1,16002.48,bbl,97742.33,mscf
Hassi Messaoud,Transportation,Drilling,Field B,2025,2,18779.16,bbl,105720.32,mscf
Illizi,Transportation,Production,Block 2,2023,11,6341.14,bbl,11496.94,mscf
Rhourde Nouss,Refining,Production,Area Y,2022,7,37727.95,bbl,154669.71,mscf
Hassi R'Mel,Refining,Production,Area Y,2025,5,45009.19,bbl,59699.4,mscf
Adrar,Marketing,Drilling,Block 1,2025,3,48216.59,bbl,199524.93,mscf
In Salah,Exploration & Production,Production,Block 2,2024,7,26330.18,bbl,135714.74,mscf
Hassi R'Mel,Transportation,Drilling,Field A,2023,10,15865.23,bbl,138779.97,mscf
Hassi Messaoud,Transportation,Operations,Field A,2024,9,26149.91,bbl,182665.82,mscf
Rhourde Nouss,Marketing,Operations,Field B,2023,11,2154.95,bbl,183721.46,mscf
Rhourde Nouss,Transportation,Logistics,Field A,2022,9,45441.32,bbl,105338.25,mscf
In Salah,Exploration & Production,Drilling,Field A,2023,5,17777.65,bbl,18191.88,mscf
Illizi,Marketing,Drilling,Block 2,2023,12,22968.08,bbl,87883.54,mscf
Hassi R'Mel,Marketing,Drilling,Field A,2025,3,9555.22,bbl,185648.59,mscf
Berkine,Transportation,Operations,Block 2,2023,9,30002.94,bbl,155983.06,mscf
In Salah,Marketing,Logistics,Area Y,2023,2,42805.2,bbl,154029.47,mscf
Berkine,Refining,Operations,Area X,2022,3,35220.22,bbl,12907.35,mscf
In Salah,Refining,Logistics,Area X,2022,3,24886.16,bbl,81754.78,mscf
Hassi R'Mel,Transportation,Logistics,Field B,2022,5,5704.97,bbl,158882.32,mscf
Adrar,Exploration & Production,Drilling,Block 2,2025,9,15151.39,bbl,156838.03,mscf
Hassi Messaoud,Transportation,Operations,Block 1,2025,7,3006.07,bbl,62897.14,mscf
Hassi R'Mel,Exploration & Production,Logistics,Area Y,2022,12,28556.2,bbl,21614.8,mscf
In Salah,Refining,Logistics,Block 2,2024,4,34917.52,bbl,140935.46,mscf
Hassi Messaoud,Transportation,Operations,Block 2,2024,9,37775.69,bbl,191945.14,mscf
Hassi R'Mel,Refining,Operations,Field A,2022,5,30342.3,bbl,193364.33,mscf
In Salah,Transportation,Production,Area Y,2025,1,44955.15,bbl,23831.24,mscf
Hassi R'Mel,Refining,Production,Area X,2022,9,18019.52,bbl,181055.87,mscf
Illizi,Marketing,Production,Field B,2024,3,20693.31,bbl,168490.64,mscf
Rhourde Nouss,Marketing,Drilling,Area X,2023,12,16565.26,bbl,132741.74,mscf
In Salah,Transportation,Operations,Field A,2022,7,6889.97,bbl,43111.14,mscf
Adrar,Transportation,Logistics,Field A,2024,7,49937.2,bbl,139778.33,mscf
Hassi R'Mel,Marketing,Production,Area X,2022,12,29181.57,bbl,59486.85,mscf
Illizi,Transportation,Operations,Field A,2022,11,39118.67,bbl,160948.57,mscf
In Salah,Exploration & Production,Operations,Area X,2022,2,34029.97,bbl,134481.29,mscf
Illizi,Exploration & Production,Production,Block 2,2023,9,24541.36,bbl,99508.36,mscf
Hassi R'Mel,Marketing,Logistics,Area Y,2022,3,17364.29,bbl,29293.51,mscf
Hassi Messaoud,Marketing,Drilling,Field B,2024,3,39324.7,bbl,161815.91,mscf
In Salah,Transportation,Production,Block 1,2025,3,36752.05,bbl,15821.27,mscf
Hassi R'Mel,Transportation,Production,Area X,2024,8,38329.34,bbl,191404.5,mscf
Hassi Messaoud,Marketing,Drilling,Block 1,2025,7,24580.77,bbl,137103.21,mscf
Illizi,Refining,Drilling,Block 1,2024,12,2743.44,bbl,109398.57,mscf
Hassi Messaoud,Marketing,Logistics,Field A,2023,3,29325.63,bbl,196025.12,mscf
Rhourde Nouss,Transportation,Operations,Field A,2023,7,45360.43,bbl,170526.07,mscf
Berkine,Transportation,Logistics,Block 1,2023,6,11155.1,bbl,183948.26,mscf
Hassi Messaoud,Exploration & Production,Production,Area Y,2023,3,29563.16,bbl,62592.73,mscf
Hassi Messaoud,Transportation,Production,Area Y,2023,9,14862.4,bbl,142409.28,mscf
Illizi,Refining,Production,Area Y,2025,2,29751.43,bbl,98567.17,mscf
In Salah,Refining,Drilling,Field A,2023,5,24594.49,bbl,48595.08,mscf
Berkine,Exploration & Production,Operations,Block 2,2022,6,43986.01,bbl,176973.07,mscf
Berkine,Transportation,Drilling,Block 1,2025,9,11664.52,bbl,96890.61,mscf
Hassi Messaoud,Refining,Operations,Field A,2024,2,49072.39,bbl,98504.42,mscf
Berkine,Marketing,Drilling,Area Y,2022,4,38781.87,bbl,176925.63,mscf
Rhourde Nouss,Refining,Operations,Field B,2025,6,10536.64,bbl,101344.05,mscf
Illizi,Exploration & Production,Logistics,Block 1,2024,8,7275.66,bbl,113614.29,mscf
Rhourde Nouss,Exploration & Production,Logistics,Field B,2024,9,42034.51,bbl,139068.09,mscf
Adrar,Refining,Logistics,Field A,2022,6,21296.18,bbl,44187.25,mscf
Rhourde Nouss,Marketing,Production,Block 2,2025,7,31668.38,bbl,118680.88,mscf
Hassi R'Mel,Marketing,Production,Block 1,2022,7,23308.09,bbl,86682.86,mscf
Adrar,Marketing,Production,Block 2,2022,8,13603.72,bbl,112486.11,mscf
Hassi R'Mel,Marketing,Production,Area X,2023,8,32987.44,bbl,51411.74,mscf
Hassi Messaoud,Refining,Drilling,Field A,2022,1,18259.13,bbl,160484.84,mscf
Hassi R'Mel,Refining,Drilling,Field B,2022,10,45231.3,bbl,64065.47,mscf
Berkine,Marketing,Drilling,Block 2,2023,9,27547.39,bbl,118402.64,mscf
In Salah,Refining,Operations,Field B,2025,11,3520.45,bbl,44018.19,mscf
Adrar,Exploration & Production,Logistics,Block 1,2022,11,5057.92,bbl,15418.35,mscf
Illizi,Exploration & Production,Production,Field A,2024,5,49490.49,bbl,41735.17,mscf
Adrar,Exploration & Production,Operations,Block 1,2023,4,10437.05,bbl,150586.02,mscf
In Salah,Transportation,Logistics,Area X,2024,10,46500.73,bbl,193064.4,mscf
In Salah,Transportation,Operations,Field A,2022,4,29152.42,bbl,119521.49,mscf
Rhourde Nouss,Marketing,Drilling,Area X,2023,5,40480.22,bbl,180605.17,mscf
Rhourde Nouss,Transportation,Logistics,Area Y,2024,1,24006.4,bbl,173132.42,mscf
Berkine,Marketing,Production,Field B,2023,4,26446.62,bbl,180344.36,mscf
Rhourde Nouss,Transportation,Drilling,Field A,2022,10,28133.67,bbl,22253.14,mscf
Berkine,Marketing,Logistics,Field A,2025,4,1671.9,bbl,185226.09,mscf
Adrar,Transportation,Drilling,Area X,2023,10,49464.07,bbl,141122.19,mscf
Illizi,Marketing,Operations,Field A,2025,10,8900.31,bbl,17875.39,mscf
Hassi R'Mel,Exploration & Production,Drilling,Field B,2024,12,26527.95,bbl,190765.16,mscf
In Salah,Exploration & Production,Drilling,Field B,2024,11,42531.89,bbl,54659.09,mscf
Rhourde Nouss,Exploration & Production,Production,Field B,2023,1,43729.24,bbl,69773.95,mscf
Hassi R'Mel,Exploration & Production,Operations,Block 2,2022,2,36777.86,bbl,106981.7,mscf
Rhourde Nouss,Exploration & Production,Production,Field A,2023,7,34906.15,bbl,155777.3,mscf
Illizi,Transportation,Production,Area X,2025,7,21795.11,bbl,96046.83,mscf
Hassi Messaoud,Exploration & Production,Logistics,Block 1,2025,6,11314.17,bbl,101901.42,mscf
Berkine,Exploration & Production,Production,Area X,2023,5,34544.38,bbl,11517.3,mscf
In Salah,Exploration & Production,Operations,Block 2,2025,7,34170.41,bbl,142348.81,mscf
In Salah,Refining,Drilling,Area Y,2024,10,9921.47,bbl,138525.33,mscf
Adrar,Transportation,Production,Field B,2024,10,44912.89,bbl,153692.76,mscf
In Salah,Refining,Drilling,Area Y,2024,3,4644.99,bbl,69598.49,mscf
Hassi Messaoud,Transportation,Logistics,Field A,2025,10,20136.8,bbl,69715.27,mscf
Illizi,Refining,Production,Field B,2022,11,9045.25,bbl,132581.87,mscf
Adrar,Exploration & Production,Logistics,Area Y,2022,7,26798.61,bbl,151177.36,mscf
Berkine,Refining,Logistics,Block 1,2024,5,21820.94,bbl,191263.35,mscf
Illizi,Refining,Logistics,Block 2,2025,8,21177.56,bbl,115048.63,mscf
Berkine,Marketing,Drilling,Block 1,2023,3,1458.37,bbl,162031.08,mscf
Illizi,Refining,Production,Block 2,2024,7,7858.31,bbl,161307.53,mscf
Berkine,Transportation,Operations,Block 1,2025,7,21783.18,bbl,134386.73,mscf
Illizi,Exploration & Production,Production,Area Y,2024,11,6324.48,bbl,7243.93,mscf
Illizi,Refining,Operations,Area X,2023,6,24486.86,bbl,21110.62,mscf
Hassi R'Mel,Marketing,Drilling,Area Y,2025,8,12853.66,bbl,57061.17,mscf
Rhourde Nouss,Exploration & Production,Logistics,Area Y,2025,10,36412.39,bbl,9812.07,mscf
Illizi,Marketing,Logistics,Field B,2022,2,2395.56,bbl,29199.29,mscf
Rhourde Nouss,Transportation,Production,Area Y,2023,6,31097.52,bbl,143005.49,mscf
Berkine,Refining,Production,Field A,2022,3,44832.85,bbl,76680.02,mscf
Hassi Messaoud,Refining,Operations,Area Y,2023,3,27200.23,bbl,50399.25,mscf
Hassi Messaoud,Transportation,Drilling,Area Y,2023,7,25346.61,bbl,10957.19,mscf
Hassi R'Mel,Refining,Logistics,Block 1,2023,10,23465.08,bbl,53958.08,mscf
In Salah,Refining,Operations,Area Y,2022,10,8259.56,bbl,185001.48,mscf
Berkine,Marketing,Drilling,Field B,2023,10,21447.96,bbl,36836.72,mscf
Berkine,Transportation,Operations,Block 2,2023,10,28316.47,bbl,77789.65,mscf
Rhourde Nouss,Transportation,Logistics,Area Y,2025,1,27502.35,bbl,37914.04,mscf
Rhourde Nouss,Transportation,Production,Area Y,2022,2,10260.8,bbl,162956.41,mscf
Hassi R'Mel,Transportation,Drilling,Block 2,2024,10,42732.13,bbl,88411.0,mscf
Rhourde Nouss,Exploration & Production,Logistics,Area X,2022,9,17986.85,bbl,181444.04,mscf
Illizi,Refining,Drilling,Block 1,2022,6,2470.75,bbl,196693.35,mscf
Adrar,Exploration & Production,Operations,Block 1,2023,3,23512.55,bbl,128473.32,mscf
Hassi Messaoud,Exploration & Production,Operations,Block 1,2025,1,17323.45,bbl,27040.41,mscf
Illizi,Transportation,Drilling,Block 1,2024,8,38921.15,bbl,186616.44,mscf
Adrar,Marketing,Production,Area X,2024,9,33965.37,bbl,45313.57,mscf
Berkine,Marketing,Logistics,Area X,2025,6,47082.02,bbl,184527.02,mscf
Rhourde Nouss,Transportation,Operations,Block 1,2025,12,40681.97,bbl,107175.4,mscf
In Salah,Transportation,Production,Field B,2023,2,32676.1,bbl,10129.74,mscf
Hassi Messaoud,Marketing,Production,Area X,2022,7,6420.59,bbl,84961.89,mscf
Rhourde Nouss,Exploration & Production,Operations,Field A,2022,2,22313.75,bbl,73155.59,mscf
Hassi Messaoud,Transportation,Production,Area Y,2024,1,21264.91,bbl,40493.53,mscf
In Salah,Transportation,Logistics,Field A,2022,3,18210.6,bbl,154321.79,mscf
Rhourde Nouss,Exploration & Production,Drilling,Area Y,2024,9,47645.49,bbl,28573.88,mscf
Adrar,Marketing,Production,Field B,2023,10,11059.96,bbl,52197.63,mscf
Hassi Messaoud,Marketing,Drilling,Area Y,2023,6,31032.63,bbl,126594.35,mscf
Berkine,Exploration & Production,Drilling,Block 1,2023,12,12149.47,bbl,20188.98,mscf
Berkine,Marketing,Drilling,Block 1,2025,1,33204.36,bbl,42276.13,mscf
Adrar,Exploration & Production,Operations,Block 1,2024,9,29672.99,bbl,42625.98,mscf
Hassi R'Mel,Transportation,Logistics,Field A,2022,10,2943.26,bbl,9077.28,mscf
Hassi R'Mel,Refining,Drilling,Field B,2024,5,9764.66,bbl,113875.02,mscf
Illizi,Marketing,Logistics,Area X,2023,6,2291.98,bbl,76090.57,mscf
Rhourde Nouss,Marketing,Operations,Block 2,2023,5,44636.53,bbl,118703.34,mscf
Rhourde Nouss,Refining,Operations,Area Y,2024,1,29144.87,bbl,174423.01,mscf
In Salah,Refining,Logistics,Area Y,2024,3,25125.59,bbl,135790.49,mscf
Hassi Messaoud,Refining,Operations,Area X,2022,7,27826.29,bbl,183360.44,mscf
Illizi,Refining,Operations,Block 2,2025,9,13649.51,bbl,127027.78,mscf
Hassi R'Mel,Transportation,Production,Field A,2023,6,17063.08,bbl,7016.23,mscf
Rhourde Nouss,Refining,Logistics,Field B,2024,1,48221.05,bbl,23371.81,mscf
In Salah,Refining,Drilling,Field A,2024,8,33678.25,bbl,43923.32,mscf
In Salah,Exploration & Production,Production,Area Y,2024,10,4949.24,bbl,78683.02,mscf
Rhourde Nouss,Refining,Production,Field A,2024,1,14777.09,bbl,148557.11,mscf
Berkine,Refining,Operations,Field A,2023,11,47765.47,bbl,102563.23,mscf
Berkine,Transportation,Logistics,Block 1,2022,7,25076.85,bbl,185856.97,mscf
Illizi,Marketing,Drilling,Block 2,2022,12,2779.73,bbl,5843.99,mscf
Hassi R'Mel,Marketing,Production,Block 1,2025,2,7713.9,bbl,70004.13,mscf
Hassi Messaoud,Exploration & Production,Production,Field B,2023,4,3293.4,bbl,181694.21,mscf
Adrar,Refining,Operations,Block 1,2023,4,40514.86,bbl,198857.58,mscf
Adrar,Refining,Operations,Area Y,2023,7,49411.64,bbl,79848.78,mscf
Berkine,Marketing,Operations,Field B,2022,2,47388.71,bbl,72025.45,mscf
Hassi R'Mel,Refining,Production,Block 2,2024,5,4438.54,bbl,62984.89,mscf
Illizi,Refining,Production,Area X,2024,8,33739.86,bbl,42999.37,mscf
Berkine,Exploration & Production,Logistics,Field B,2022,11,37492.54,bbl,123555.63,mscf
Hassi Messaoud,Refining,Production,Field B,2023,6,21533.65,bbl,119312.54,mscf
Hassi Messaoud,Exploration & Production,Drilling,Field B,2022,9,24536.9,bbl,59364.44,mscf
Illizi,Marketing,Logistics,Area Y,2024,8,8721.15,bbl,70569.93,mscf
Hassi R'Mel,Refining,Drilling,Field B,2025,7,3199.48,bbl,54211.27,mscf
In Salah,Refining,Drilling,Area X,2024,8,31724.19,bbl,188720.0,mscf
Berkine,Marketing,Operations,Field A,2024,3,48316.91,bbl,142879.23,mscf
Illizi,Marketing,Logistics,Field B,2023,3,5093.9,bbl,89549.31,mscf
Adrar,Exploration & Production,Operations,Area X,2024,10,27239.17,bbl,45428.86,mscf
Hassi Messaoud,Transportation,Production,Field A,2022,5,15448.69,bbl,132761.54,mscf
Hassi Messaoud,Refining,Production,Area X,2022,1,30197.95,bbl,161572.12,mscf
In Salah,Exploration & Production,Logistics,Field B,2025,5,6263.42,bbl,51316.59,mscf
Adrar,Exploration & Production,Production,Field A,2024,11,20952.43,bbl,153172.75,mscf
Adrar,Exploration & Production,Operations,Field B,2025,11,35058.3,bbl,19497.15,mscf
Hassi Messaoud,Marketing,Production,Block 1,2025,10,23108.58,bbl,114662.55,mscf
Rhourde Nouss,Transportation,Logistics,Field B,2023,10,32125.83,bbl,157152.9,mscf
In Salah,Refining,Production,Field A,2023,8,12779.18,bbl,187452.15,mscf
Hassi R'Mel,Refining,Production,Block 2,2024,4,22236.69,bbl,5225.18,mscf
Adrar,Exploration & Production,Logistics,Block 1,2025,6,48137.91,bbl,11196.02,mscf
Hassi R'Mel,Marketing,Drilling,Block 2,2025,3,34455.8,bbl,199825.18,mscf
In Salah,Transportation,Logistics,Area Y,2023,10,48322.52,bbl,49180.06,mscf
Berkine,Exploration & Production,Drilling,Block 1,2023,12,31225.35,bbl,19413.38,mscf
Hassi R'Mel,Marketing,Logistics,Field A,2022,2,13750.78,bbl,123164.5,mscf
Adrar,Refining,Drilling,Block 2,2022,8,27120.54,bbl,66378.68,mscf
Adrar,Transportation,Logistics,Area Y,2022,7,25779.37,bbl,181233.81,mscf
Adrar,Exploration & Production,Operations,Field B,2025,10,24637.05,bbl,139617.6,mscf
Rhourde Nouss,Transportation,Logistics,Field B,2024,9,46948.34,bbl,67480.39,mscf
In Salah,Transportation,Logistics,Field A,2025,4,16835.14,bbl,51277.29,mscf
Illizi,Exploration & Production,Operations,Field B,2023,11,33081.13,bbl,153720.59,mscf
Illizi,Refining,Drilling,Field A,2023,9,4291.24,bbl,12573.32,mscf
Illizi,Refining,Operations,Block 1,2022,10,23564.35,bbl,134539.07,mscf
Hassi R'Mel,Exploration & Production,Operations,Area X,2023,4,35144.94,bbl,188885.88,mscf
Hassi R'Mel,Transportation,Drilling,Field A,2023,3,38549.32,bbl,140636.83,mscf
Rhourde Nouss,Transportation,Production,Block 2,2025,4,8383.26,bbl,77096.99,mscf
In Salah,Marketing,Logistics,Area Y,2024,4,14371.06,bbl,92736.56,mscf
Hassi Messaoud,Marketing,Operations,Block 2,2024,4,27179.59,bbl,61644.37,mscf
Illizi,Transportation,Drilling,Area X,2025,10,49425.53,bbl,126013.06,mscf
Hassi R'Mel,Marketing,Drilling,Area Y,2024,9,2318.92,bbl,12510.6,mscf
Illizi,Refining,Logistics,Field A,2025,11,6859.81,bbl,7545.71,mscf
Adrar,Refining,Drilling,Area X,2025,6,6767.73,bbl,13302.79,mscf
In Salah,Transportation,Operations,Area Y,2024,1,10200.91,bbl,67304.22,mscf
Illizi,Refining,Operations,Area X,2022,10,34234.69,bbl,51299.47,mscf
Berkine,Transportation,Production,Block 1,2023,9,33707.84,bbl,145972.9,mscf
Hassi R'Mel,Refining,Drilling,Block 1,2022,2,44344.11,bbl,195904.87,mscf
Berkine,Refining,Drilling,Block 2,2022,1,36302.06,bbl,93349.03,mscf
Adrar,Exploration & Production,Logistics,Block 2,2024,12,47468.2,bbl,140026.98,mscf
Rhourde Nouss,Exploration & Production,Operations,Area Y,2023,12,17984.33,bbl,189553.35,mscf
Hassi R'Mel,Marketing,Production,Field B,2022,2,37980.98,bbl,175315.74,mscf
Hassi Messaoud,Marketing,Logistics,Block 1,2025,10,39587.84,bbl,174650.11,mscf
Hassi R'Mel,Exploration & Production,Drilling,Block 2,2023,9,47548.44,bbl,13779.95,mscf
In Salah,Marketing,Drilling,Block 1,2023,10,25336.66,bbl,54055.6,mscf
In Salah,Refining,Production,Area X,2024,7,15917.03,bbl,146693.26,mscf
Illizi,Refining,Production,Area Y,2022,11,46044.43,bbl,122743.33,mscf
Adrar,Exploration & Production,Production,Area Y,2025,8,32733.2,bbl,161089.44,mscf
Illizi,Exploration & Production,Production,Area X,2024,9,25377.84,bbl,32067.14,mscf
Hassi Messaoud,Exploration & Production,Production,Area Y,2022,3,3517.12,bbl,57734.3,mscf
Rhourde Nouss,Refining,Drilling,Area X,2023,2,15892.88,bbl,194351.36,mscf
Hassi R'Mel,Exploration & Production,Drilling,Area X,2025,12,30167.46,bbl,169578.75,mscf
Illizi,Exploration & Production,Drilling,Field B,2022,11,40761.52,bbl,70059.19,mscf
Rhourde Nouss,Marketing,Production,Block 1,2025,3,28114.91,bbl,155214.66,mscf
Illizi,Marketing,Operations,Field A,2023,7,21023.03,bbl,49304.72,mscf
Illizi,Transportation,Production,Area Y,2023,12,37789.04,bbl,52005.57,mscf
Hassi R'Mel,Refining,Drilling,Block 2,2022,9,44340.89,bbl,71020.39,mscf
Berkine,Exploration & Production,Logistics,Block 1,2022,3,8532.08,bbl,15837.98,mscf
Hassi R'Mel,Marketing,Drilling,Field B,2025,8,43234.78,bbl,137951.68,mscf
In Salah,Marketing,Drilling,Field B,2022,12,24550.72,bbl,7912.69,mscf
In Salah,Refining,Drilling,Block 2,2023,6,24820.32,bbl,66120.37,mscf
Illizi,Exploration & Production,Production,Block 1,2025,10,18071.37,bbl,117466.15,mscf
Rhourde Nouss,Marketing,Production,Field B,2024,7,44013.05,bbl,75063.29,mscf
Illizi,Marketing,Drilling,Area Y,2022,3,14288.0,bbl,139546.64,mscf
Rhourde Nouss,Marketing,Production,Area Y,2022,7,18898.26,bbl,35609.55,mscf
Berkine,Exploration & Production,Drilling,Block 2,2025,4,16513.5,bbl,138036.75,mscf
Adrar,Marketing,Drilling,Block 1,2025,10,18881.78,bbl,183172.79,mscf
Berkine,Exploration & Production,Drilling,Block 1,2022,7,25051.66,bbl,59105.96,mscf
Hassi Messaoud,Refining,Drilling,Block 1,2024,8,8754.21,bbl,114973.19,mscf
Illizi,Refining,Operations,Field B,2025,2,33234.73,bbl,195278.35,mscf
Berkine,Transportation,Logistics,Block 2,2024,3,6804.94,bbl,6206.29,mscf
In Salah,Exploration & Production,Drilling,Block 1,2022,1,15853.96,bbl,137189.32,mscf
Rhourde Nouss,Exploration & Production,Drilling,Block 2,2024,11,9736.6,bbl,192200.84,mscf
Illizi,Marketing,Operations,Block 2,2025,3,8288.12,bbl,81326.82,mscf
Rhourde Nouss,Refining,Logistics,Area X,2024,11,37356.34,bbl,80652.81,mscf
Hassi R'Mel,Transportation,Operations,Field B,2022,5,42206.64,bbl,170445.64,mscf
Berkine,Exploration & Production,Drilling,Block 2,2022,9,43850.99,bbl,75819.27,mscf
Hassi Messaoud,Marketing,Production,Block 1,2025,9,38278.24,bbl,49096.15,mscf
Berkine,Marketing,Operations,Field A,2024,4,29989.82,bbl,84400.7,mscf
Rhourde Nouss,Refining,Operations,Area Y,2024,11,48178.52,bbl,56632.69,mscf
Rhourde Nouss,Marketing,Drilling,Field A,2024,6,11802.86,bbl,184976.4,mscf
In Salah,Transportation,Logistics,Field A,2023,7,16745.81,bbl,127842.59,mscf
Rhourde Nouss,Transportation,Operations,Block 2,2024,5,15702.17,bbl,89991.62,mscf
Hassi Messaoud,Refining,Production,Block 1,2022,7,9805.96,bbl,150991.09,mscf
Hassi R'Mel,Refining,Drilling,Block 1,2022,11,12282.14,bbl,70039.5,mscf
Illizi,Refining,Operations,Field A,2025,6,30951.2,bbl,156644.53,mscf
In Salah,Exploration & Production,Production,Block 2,2025,4,6689.68,bbl,13262.56,mscf
Berkine,Exploration & Production,Operations,Block 1,2025,8,44379.32,bbl,117280.89,mscf
Illizi,Marketing,Operations,Field B,2022,11,23297.83,bbl,140281.49,mscf
Rhourde Nouss,Transportation,Production,Area X,2023,12,22783.12,bbl,145444.8,mscf
Illizi,Transportation,Drilling,Field A,2024,8,7250.61,bbl,46129.42,mscf
In Salah,Marketing,Operations,Field B,2022,10,26092.01,bbl,65989.01,mscf
Berkine,Transportation,Drilling,Field A,2025,6,31627.06,bbl,52833.5,mscf
Adrar,Exploration & Production,Production,Field B,2024,5,1876.67,bbl,19814.2,mscf
Berkine,Refining,Production,Area Y,2023,10,17660.66,bbl,176827.0,mscf
Hassi Messaoud,Refining,Drilling,Area X,2024,8,7808.68,bbl,198712.61,mscf
Rhourde Nouss,Refining,Drilling,Block 1,2023,6,38180.97,bbl,15557.08,mscf
Hassi Messaoud,Marketing,Logistics,Area X,2024,2,39439.34,bbl,84709.22,mscf
Illizi,Exploration & Production,Logistics,Block 2,2025,8,34097.26,bbl,91223.17,mscf
Hassi Messaoud,Refining,Operations,Field B,2022,2,18800.34,bbl,25938.26,mscf
Adrar,Transportation,Logistics,Area X,2024,6,46241.31,bbl,70821.45,mscf
Hassi R'Mel,Refining,Logistics,Block 1,2025,1,12756.4,bbl,14082.19,mscf
In Salah,Refining,Operations,Field B,2025,11,7389.05,bbl,196951.06,mscf
Rhourde Nouss,Transportation,Production,Field B,2025,1,29087.24,bbl,162052.73,mscf
Rhourde Nouss,Marketing,Drilling,Block 2,2023,2,8806.8,bbl,52739.79,mscf
Illizi,Marketing,Operations,Field B,2022,12,33036.4,bbl,117548.46,mscf
Adrar,Transportation,Drilling,Block 1,2023,10,47835.07,bbl,58742.46,mscf
In Salah,Marketing,Drilling,Block 2,2022,6,38440.79,bbl,174194.78,mscf
Adrar,Transportation,Drilling,Field A,2025,1,21777.8,bbl,175857.72,mscf
Illizi,Refining,Operations,Area X,2022,6,45118.48,bbl,189951.9,mscf
Hassi Messaoud,Exploration & Production,Production,Field A,2022,8,11556.15,bbl,62426.35,mscf
Berkine,Transportation,Production,Area X,2025,11,34635.92,bbl,52625.35,mscf
Hassi R'Mel,Exploration & Production,Logistics,Block 2,2024,8,13473.55,bbl,185381.17,mscf
Hassi Messaoud,Transportation,Operations,Area X,2023,9,11211.37,bbl,21353.72,mscf
Hassi R'Mel,Exploration & Production,Operations,Field A,2023,3,34522.8,bbl,186319.07,mscf
Hassi R'Mel,Refining,Operations,Area X,2024,12,48147.95,bbl,156942.1,mscf
Berkine,Exploration & Production,Operations,Block 2,2024,4,49430.6,bbl,162293.22,mscf
Berkine,Marketing,Drilling,Area Y,2022,3,26773.68,bbl,186321.5,mscf
In Salah,Refining,Production,Field A,2025,7,39753.98,bbl,51313.85,mscf
Berkine,Marketing,Logistics,Area Y,2025,9,34086.53,bbl,30307.65,mscf
Rhourde Nouss,Exploration & Production,Operations,Block 2,2022,3,3911.59,bbl,5352.58,mscf
Berkine,Refining,Drilling,Field B,2022,10,8217.87,bbl,20905.76,mscf
In Salah,Exploration & Production,Operations,Field A,2023,7,15710.48,bbl,134502.1,mscf
Hassi R'Mel,Marketing,Logistics,Block 2,2022,1,9004.26,bbl,170447.39,mscf
Illizi,Marketing,Logistics,Area X,2022,10,5370.97,bbl,153077.92,mscf
Rhourde Nouss,Transportation,Production,Block 1,2023,7,41569.06,bbl,38135.24,mscf
Illizi,Refining,Production,Area Y,2025,2,4801.22,bbl,91413.84,mscf
Berkine,Marketing,Logistics,Area X,2025,7,47474.74,bbl,194563.12,mscf
Berkine,Refining,Operations,Area X,2023,8,49623.18,bbl,92849.93,mscf
In Salah,Marketing,Logistics,Field A,2022,5,16898.99,bbl,149311.22,mscf
In Salah,Transportation,Drilling,Field A,2022,2,7937.95,bbl,25323.58,mscf
In Salah,Transportation,Drilling,Block 2,2024,10,28244.18,bbl,137214.48,mscf
Rhourde Nouss,Transportation,Operations,Field B,2025,2,40413.54,bbl,6062.3,mscf
Rhourde Nouss,Marketing,Operations,Area X,2025,11,15041.92,bbl,154993.03,mscf
Hassi R'Mel,Refining,Production,Area Y,2023,12,15160.95,bbl,67499.85,mscf
Hassi Messaoud,Transportation,Production,Area X,2022,2,40103.15,bbl,83096.35,mscf
Hassi R'Mel,Exploration & Production,Logistics,Field B,2022,4,38689.48,bbl,163921.17,mscf
Hassi Messaoud,Marketing,Production,Block 1,2025,5,3885.65,bbl,72733.47,mscf
Rhourde Nouss,Refining,Drilling,Block 2,2024,4,15654.42,bbl,101097.77,mscf
In Salah,Refining,Logistics,Field A,2025,4,38847.33,bbl,58810.96,mscf
Berkine,Exploration & Production,Operations,Field A,2024,11,44911.28,bbl,137060.96,mscf
Hassi Messaoud,Refining,Production,Area X,2025,2,1662.34,bbl,52861.41,mscf
Hassi R'Mel,Marketing,Production,Area Y,2025,1,36117.1,bbl,156634.09,mscf
Rhourde Nouss,Marketing,Logistics,Block 1,2024,11,20518.11,bbl,71968.1,mscf
In Salah,Exploration & Production,Logistics,Area Y,2024,3,2218.26,bbl,46568.28,mscf
Hassi R'Mel,Refining,Logistics,Field B,2025,10,44239.87,bbl,31357.75,mscf
Adrar,Refining,Logistics,Area Y,2023,10,40388.81,bbl,150204.38,mscf
Illizi,Refining,Drilling,Area X,2022,10,45243.37,bbl,39079.67,mscf
Hassi R'Mel,Transportation,Drilling,Block 2,2022,5,9741.9,bbl,109663.62,mscf
Hassi R'Mel,Marketing,Drilling,Area X,2022,5,13338.51,bbl,108861.55,mscf
Rhourde Nouss,Transportation,Logistics,Area Y,2024,4,33527.29,bbl,158705.68,mscf
Hassi R'Mel,Refining,Production,Area X,2024,1,5836.03,bbl,192968.8,mscf
In Salah,Marketing,Operations,Block 2,2023,12,25846.12,bbl,103944.43,mscf
Rhourde Nouss,Refining,Drilling,Field B,2024,8,4040.69,bbl,39348.09,mscf
Illizi,Marketing,Drilling,Block 2,2025,7,47705.96,bbl,97929.98,mscf
Adrar,Marketing,Drilling,Block 1,2022,3,38364.09,bbl,68000.09,mscf
In Salah,Transportation,Operations,Area X,2022,1,15988.6,bbl,196240.88,mscf
Berkine,Marketing,Logistics,Block 1,2025,12,14225.22,bbl,192284.08,mscf
Hassi Messaoud,Refining,Operations,Field B,2023,11,2533.42,bbl,130394.51,mscf
Hassi R'Mel,Exploration & Production,Operations,Field B,2024,5,29563.99,bbl,99635.8,mscf
Illizi,Exploration & Production,Drilling,Area X,2023,7,44593.6,bbl,55019.62,mscf
Berkine,Marketing,Operations,Field B,2024,5,19356.86,bbl,181711.24,mscf
In Salah,Exploration & Production,Logistics,Area X,2025,2,46820.59,bbl,172544.16,mscf
Illizi,Marketing,Drilling,Field A,2025,4,34250.52,bbl,72316.13,mscf
Rhourde Nouss,Marketing,Operations,Field B,2022,8,47504.11,bbl,82124.66,mscf
In Salah,Refining,Logistics,Area Y,2025,9,44384.4,bbl,184987.57,mscf
Rhourde Nouss,Exploration & Production,Drilling,Area X,2022,11,10855.78,bbl,145057.17,mscf
In Salah,Refining,Drilling,Area X,2023,10,13581.4,bbl,38648.21,mscf
Adrar,Refining,Production,Area X,2025,3,33079.13,bbl,29903.85,mscf
Hassi Messaoud,Refining,Production,Field A,2023,10,1983.91,bbl,103247.87,mscf
Hassi R'Mel,Refining,Logistics,Area X,2025,5,7094.97,bbl,32903.78,mscf
In Salah,Transportation,Production,Block 1,2025,1,7716.7,bbl,103343.97,mscf
Adrar,Exploration & Production,Production,Block 1,2024,9,26779.38,bbl,25173.81,mscf
In Salah,Exploration & Production,Production,Block 1,2022,11,39988.47,bbl,143844.78,mscf
Berkine,Refining,Operations,Block 1,2022,8,25870.75,bbl,79561.43,mscf
Berkine,Marketing,Production,Block 2,2025,6,38184.4,bbl,190064.65,mscf
Hassi R'Mel,Exploration & Production,Production,Area Y,2023,8,6707.82,bbl,7383.72,mscf
Rhourde Nouss,Refining,Operations,Area X,2023,1,20187.9,bbl,150986.19,mscf
In Salah,Exploration & Production,Production,Block 2,2023,6,18255.97,bbl,6585.28,mscf
Hassi Messaoud,Exploration & Production,Logistics,Area Y,2023,3,39345.37,bbl,92823.8,mscf
Illizi,Marketing,Drilling,Area Y,2022,3,20994.32,bbl,17958.77,mscf
Hassi R'Mel,Marketing,Drilling,Area X,2025,5,22548.92,bbl,154338.52,mscf
In Salah,Transportation,Logistics,Field A,2022,7,19775.22,bbl,145256.58,mscf
Hassi Messaoud,Marketing,Drilling,Block 2,2023,11,5053.28,bbl,120002.94,mscf
Illizi,Marketing,Operations,Area Y,2023,7,34843.67,bbl,188649.82,mscf
Berkine,Exploration & Production,Logistics,Field A,2022,4,34850.07,bbl,164603.74,mscf
In Salah,Marketing,Operations,Field B,2025,11,25879.1,bbl,98112.01,mscf
Rhourde Nouss,Refining,Production,Area X,2023,1,23188.55,bbl,169939.96,mscf
In Salah,Exploration & Production,Logistics,Area Y,2025,3,33868.16,bbl,9284.02,mscf
In Salah,Refining,Logistics,Block 2,2022,1,9991.34,bbl,186840.77,mscf
Hassi R'Mel,Marketing,Logistics,Area Y,2024,3,25315.19,bbl,41111.86,mscf
Hassi Messaoud,Marketing,Production,Field B,2022,1,29710.03,bbl,40607.89,mscf
Hassi R'Mel,Transportation,Operations,Field A,2025,10,5360.82,bbl,32110.53,mscf
Illizi,Transportation,Drilling,Block 1,2022,5,1474.85,bbl,26474.84,mscf
Hassi R'Mel,Transportation,Production,Field B,2024,7,10355.04,bbl,124829.19,mscf
Rhourde Nouss,Transportation,Drilling,Area X,2025,6,1853.42,bbl,83967.36,mscf
Illizi,Marketing,Drilling,Field A,2024,10,40618.92,bbl,80933.18,mscf
Illizi,Marketing,Drilling,Area X,2022,3,4661.67,bbl,24871.09,mscf
Adrar,Refining,Drilling,Area Y,2022,2,42703.36,bbl,66576.19,mscf
Adrar,Marketing,Logistics,Field B,2024,5,14093.98,bbl,65950.39,mscf
Adrar,Exploration & Production,Logistics,Field A,2024,3,48319.14,bbl,57342.99,mscf
Berkine,Marketing,Drilling,Block 2,2023,7,49838.13,bbl,12439.72,mscf
In Salah,Refining,Production,Field B,2025,4,37344.89,bbl,95600.74,mscf
Rhourde Nouss,Refining,Drilling,Field B,2023,6,7057.21,bbl,78319.59,mscf
Berkine,Refining,Drilling,Block 1,2023,6,27699.81,bbl,136174.7,mscf
Adrar,Marketing,Drilling,Area Y,2025,10,14454.83,bbl,149994.05,mscf
Berkine,Marketing,Drilling,Field A,2022,4,22393.15,bbl,195274.3,mscf
Adrar,Transportation,Drilling,Area Y,2025,5,39996.81,bbl,153861.98,mscf
Berkine,Exploration & Production,Operations,Field B,2022,10,43029.81,bbl,176555.84,mscf
Illizi,Refining,Operations,Area Y,2022,8,1483.64,bbl,120148.19,mscf
Hassi Messaoud,Transportation,Operations,Area Y,2024,4,45658.79,bbl,31039.93,mscf
In Salah,Transportation,Production,Field A,2023,8,49467.59,bbl,78089.25,mscf
In Salah,Marketing,Operations,Block 1,2024,10,38130.48,bbl,84253.28,mscf
Rhourde Nouss,Transportation,Logistics,Area X,2025,10,46514.73,bbl,94712.77,mscf
Rhourde Nouss,Marketing,Logistics,Block 2,2025,9,24471.6,bbl,26579.04,mscf
Rhourde Nouss,Exploration & Production,Logistics,Area X,2024,10,14950.87,bbl,96538.52,mscf
Berkine,Exploration & Production,Logistics,Field B,2022,9,7949.49,bbl,122085.11,mscf
Illizi,Exploration & Production,Logistics,Area Y,2025,9,46835.42,bbl,135214.77,mscf
In Salah,Exploration & Production,Operations,Block 1,2025,11,26081.87,bbl,121194.54,mscf
Berkine,Marketing,Drilling,Field A,2024,1,23480.47,bbl,152526.32,mscf
Hassi R'Mel,Refining,Logistics,Area Y,2022,4,33571.47,bbl,134638.73,mscf
Berkine,Marketing,Production,Area Y,2024,11,48685.73,bbl,5145.4,mscf
Illizi,Marketing,Production,Block 2,2023,11,37167.02,bbl,138818.79,mscf
Berkine,Transportation,Logistics,Area Y,2024,9,32350.52,bbl,40519.98,mscf
Hassi Messaoud,Exploration & Production,Logistics,Area Y,2025,3,46296.71,bbl,37588.57,mscf
Hassi R'Mel,Transportation,Operations,Block 2,2024,2,23119.1,bbl,130593.35,mscf
Hassi R'Mel,Refining,Production,Area Y,2025,2,5323.45,bbl,55631.39,mscf
Hassi Messaoud,Refining,Operations,Area Y,2024,3,28183.58,bbl,58350.14,mscf
Hassi R'Mel,Refining,Logistics,Field B,2022,8,32008.86,bbl,187905.69,mscf
Hassi R'Mel,Marketing,Logistics,Block 1,2023,2,36940.09,bbl,95314.12,mscf
Adrar,Transportation,Drilling,Area Y,2025,8,18436.6,bbl,68715.28,mscf
Berkine,Transportation,Operations,Field A,2023,1,13517.46,bbl,44614.86,mscf
Hassi Messaoud,Exploration & Production,Drilling,Block 2,2023,9,15485.67,bbl,74149.07,mscf
Hassi Messaoud,Refining,Operations,Field B,2023,4,44052.63,bbl,40257.38,mscf
In Salah,Refining,Production,Block 1,2023,2,31331.29,bbl,74085.94,mscf
Adrar,Exploration & Production,Logistics,Field B,2023,3,28896.18,bbl,39400.67,mscf
In Salah,Refining,Logistics,Field B,2025,10,36504.07,bbl,127693.13,mscf
Illizi,Refining,Drilling,Area X,2022,1,41263.39,bbl,82558.91,mscf
Berkine,Transportation,Production,Area X,2023,10,43380.69,bbl,30516.45,mscf
Hassi Messaoud,Exploration & Production,Production,Area Y,2023,10,36811.13,bbl,11753.62,mscf
Hassi Messaoud,Exploration & Production,Production,Block 2,2024,1,31235.47,bbl,135287.71,mscf
Rhourde Nouss,Transportation,Logistics,Area X,2025,5,15422.41,bbl,36308.23,mscf
Berkine,Refining,Logistics,Block 1,2024,11,37376.19,bbl,76281.05,mscf
Rhourde Nouss,Transportation,Drilling,Area Y,2023,12,26805.21,bbl,170052.43,mscf
Hassi R'Mel,Exploration & Production,Drilling,Block 2,2025,3,39442.4,bbl,121795.59,mscf
Adrar,Transportation,Production,Block 1,2023,2,30570.25,bbl,184408.35,mscf
Adrar,Transportation,Logistics,Field A,2025,12,30577.51,bbl,152781.3,mscf
Hassi Messaoud,Marketing,Drilling,Area Y,2023,12,30141.03,bbl,41017.06,mscf
Berkine,Marketing,Production,Field A,2023,4,35318.77,bbl,117672.65,mscf
In Salah,Transportation,Operations,Block 1,2023,1,19157.31,bbl,40888.78,mscf
Illizi,Transportation,Drilling,Field B,2022,5,36958.52,bbl,95714.49,mscf
In Salah,Marketing,Logistics,Field B,2024,8,46196.11,bbl,92593.58,mscf
Adrar,Transportation,Logistics,Block 1,2022,8,38000.31,bbl,103787.77,mscf
Rhourde Nouss,Transportation,Drilling,Block 1,2022,11,8060.87,bbl,87003.56,mscf
Hassi Messaoud,Exploration & Production,Drilling,Area X,2025,4,41706.29,bbl,197005.59,mscf
Illizi,Refining,Operations,Area X,2022,2,46427.9,bbl,137065.74,mscf
Hassi R'Mel,Marketing,Drilling,Block 1,2025,4,16027.52,bbl,92288.73,mscf
Hassi Messaoud,Refining,Production,Area X,2022,9,2700.71,bbl,122712.95,mscf
Adrar,Refining,Operations,Field B,2023,6,20824.99,bbl,83640.57,mscf
Hassi Messaoud,Marketing,Drilling,Block 1,2022,10,6557.65,bbl,154179.42,mscf
Rhourde Nouss,Refining,Operations,Area X,2022,6,21792.68,bbl,129934.7,mscf
Rhourde Nouss,Exploration & Production,Production,Area Y,2025,12,33686.6,bbl,160763.0,mscf
Rhourde Nouss,Transportation,Production,Block 1,2022,9,33774.37,bbl,8041.61,mscf
In Salah,Exploration & Production,Production,Field A,2023,3,39353.44,bbl,111718.78,mscf
Adrar,Marketing,Drilling,Block 1,2022,2,20828.89,bbl,48730.83,mscf
Berkine,Transportation,Drilling,Block 2,2022,1,28569.49,bbl,12191.87,mscf
In Salah,Marketing,Logistics,Block 1,2025,2,17921.7,bbl,15472.52,mscf
In Salah,Transportation,Operations,Block 2,2024,2,37992.91,bbl,37707.34,mscf
Berkine,Transportation,Drilling,Field A,2024,9,5451.47,bbl,109140.04,mscf
Rhourde Nouss,Exploration & Production,Production,Area Y,2023,4,45111.74,bbl,136750.41,mscf
Adrar,Marketing,Drilling,Field A,2025,4,24265.14,bbl,174706.04,mscf
Adrar,Transportation,Logistics,Block 1,2025,10,49769.67,bbl,179108.34,mscf
Hassi R'Mel,Transportation,Logistics,Field B,2022,10,13068.24,bbl,37439.8,mscf
Hassi Messaoud,Refining,Drilling,Field A,2025,10,11440.24,bbl,17379.97,mscf
In Salah,Exploration & Production,Drilling,Block 2,2024,1,45479.78,bbl,66954.62,mscf
Rhourde Nouss,Refining,Production,Area Y,2025,12,23010.04,bbl,184101.66,mscf
Berkine,Marketing,Production,Area X,2025,11,47934.82,bbl,185204.05,mscf
Adrar,Marketing,Production,Field A,2024,12,37978.14,bbl,142883.0,mscf
Hassi Messaoud,Transportation,Operations,Area Y,2024,2,20392.95,bbl,58689.23,mscf
In Salah,Transportation,Drilling,Area Y,2023,9,32493.51,bbl,113429.49,mscf
Berkine,Marketing,Production,Block 1,2025,10,28031.13,bbl,137932.53,mscf
In Salah,Refining,Logistics,Area Y,2025,10,20642.85,bbl,34713.79,mscf
Hassi Messaoud,Transportation,Production,Area X,2025,8,32716.16,bbl,174631.91,mscf
Hassi R'Mel,Transportation,Logistics,Field A,2025,7,24357.11,bbl,136304.09,mscf
Adrar,Transportation,Production,Area Y,2022,5,48475.35,bbl,40170.17,mscf
Berkine,Marketing,Operations,Area X,2023,4,35377.27,bbl,42388.12,mscf
Rhourde Nouss,Exploration & Production,Operations,Block 1,2024,5,36014.27,bbl,124264.97,mscf
In Salah,Exploration & Production,Logistics,Field B,2024,1,28711.55,bbl,104311.75,mscf
Rhourde Nouss,Transportation,Production,Block 1,2023,12,42130.89,bbl,67098.87,mscf
Hassi Messaoud,Marketing,Production,Area X,2025,1,21480.83,bbl,23549.72,mscf
Berkine,Refining,Operations,Block 2,2023,12,31159.75,bbl,69661.52,mscf
Illizi,Refining,Production,Field B,2024,8,8147.44,bbl,111467.72,mscf
Rhourde Nouss,Refining,Production,Area Y,2025,6,10070.41,bbl,27747.85,mscf
In Salah,Marketing,Logistics,Block 1,2025,11,39646.7,bbl,190530.2,mscf
Adrar,Transportation,Production,Field B,2025,12,13615.11,bbl,81041.2,mscf
Berkine,Marketing,Operations,Field A,2024,12,44464.78,bbl,166518.52,mscf
Hassi Messaoud,Marketing,Operations,Block 2,2025,1,42057.38,bbl,195590.93,mscf
Rhourde Nouss,Exploration & Production,Production,Field B,2022,9,49787.02,bbl,194628.82,mscf
Rhourde Nouss,Exploration & Production,Production,Field A,2023,10,9692.29,bbl,184554.58,mscf
Hassi Messaoud,Transportation,Production,Block 1,2022,7,40333.91,bbl,29752.1,mscf
Berkine,Exploration & Production,Drilling,Field B,2023,12,38814.97,bbl,172026.03,mscf
Hassi Messaoud,Exploration & Production,Operations,Field A,2022,10,20279.71,bbl,18291.26,mscf
Berkine,Marketing,Production,Area Y,2024,4,7854.36,bbl,72195.78,mscf
Berkine,Marketing,Drilling,Field A,2024,2,17171.81,bbl,194771.16,mscf
Illizi,Refining,Production,Area X,2024,3,36211.79,bbl,132056.95,mscf
Hassi Messaoud,Exploration & Production,Drilling,Field A,2024,8,30781.37,bbl,185876.3,mscf
Hassi Messaoud,Exploration & Production,Operations,Field A,2024,2,43976.74,bbl,172849.42,mscf
Berkine,Transportation,Logistics,Area Y,2023,7,39141.59,bbl,176731.57,mscf
Hassi R'Mel,Refining,Drilling,Block 1,2024,1,22385.39,bbl,29521.94,mscf
Adrar,Transportation,Drilling,Area X,2024,4,46238.83,bbl,186033.2,mscf
Hassi R'Mel,Refining,Drilling,Block 2,2022,11,36487.06,bbl,162243.93,mscf
Illizi,Refining,Logistics,Area X,2025,1,45918.17,bbl,143214.11,mscf
Adrar,Exploration & Production,Production,Area Y,2024,2,3362.21,bbl,101044.59,mscf
Adrar,Transportation,Drilling,Field B,2025,1,34460.75,bbl,136914.61,mscf
In Salah,Marketing,Operations,Area X,2023,9,48369.93,bbl,79447.71,mscf
Adrar,Marketing,Production,Field A,2025,9,32724.17,bbl,158755.45,mscf
Berkine,Transportation,Production,Field A,2025,7,29994.59,bbl,57788.88,mscf
Adrar,Refining,Drilling,Area X,2025,6,21433.42,bbl,46500.39,mscf
Hassi Messaoud,Transportation,Drilling,Area X,2024,6,29654.64,bbl,25227.82,mscf
Adrar,Marketing,Production,Field A,2024,1,3604.88,bbl,89577.65,mscf
Hassi R'Mel,Marketing,Operations,Area X,2023,11,14629.06,bbl,152004.22,mscf
Hassi R'Mel,Transportation,Production,Field A,2022,11,3934.18,bbl,50565.63,mscf
Adrar,Marketing,Operations,Area X,2024,8,5669.85,bbl,141067.91,mscf
In Salah,Transportation,Logistics,Field B,2025,7,31281.24,bbl,132679.63,mscf
Illizi,Transportation,Production,Block 1,2023,7,35459.35,bbl,164535.88,mscf
Berkine,Marketing,Logistics,Field B,2023,1,45290.77,bbl,7994.43,mscf
Rhourde Nouss,Refining,Logistics,Field A,2022,7,40605.21,bbl,116987.23,mscf
Illizi,Transportation,Operations,Block 1,2025,3,28778.55,bbl,173437.83,mscf
Rhourde Nouss,Refining,Logistics,Area Y,2024,10,12586.02,bbl,76878.19,mscf
Rhourde Nouss,Refining,Drilling,Field A,2022,11,21864.02,bbl,129712.7,mscf
Rhourde Nouss,Transportation,Operations,Area X,2022,3,44675.61,bbl,138201.86,mscf
Berkine,Marketing,Logistics,Area X,2025,3,32304.06,bbl,93011.29,mscf
Hassi Messaoud,Marketing,Production,Area X,2025,9,1964.56,bbl,87585.69,mscf
In Salah,Transportation,Production,Field B,2024,3,40304.86,bbl,169249.39,mscf
Berkine,Refining,Drilling,Block 1,2025,11,28443.73,bbl,79998.15,mscf
Adrar,Transportation,Logistics,Field B,2023,10,7135.46,bbl,54323.98,mscf
Adrar,Exploration & Production,Logistics,Field A,2023,11,34337.52,bbl,62516.39,mscf
Hassi R'Mel,Exploration & Production,Logistics,Field A,2023,5,3493.85,bbl,83463.38,mscf
Berkine,Transportation,Drilling,Field B,2024,9,29084.89,bbl,167604.39,mscf
Hassi Messaoud,Marketing,Operations,Block 2,2023,2,41037.06,bbl,39335.74,mscf
Berkine,Marketing,Production,Block 2,2024,1,1754.56,bbl,16004.73,mscf
Hassi Messaoud,Exploration & Production,Operations,Block 1,2024,10,3980.18,bbl,195506.96,mscf
Rhourde Nouss,Marketing,Operations,Field A,2025,2,30343.26,bbl,174758.61,mscf
Hassi Messaoud,Refining,Drilling,Block 2,2024,4,4106.1,bbl,51581.58,mscf
In Salah,Exploration & Production,Drilling,Block 2,2022,8,42697.58,bbl,36111.66,mscf
Hassi Messaoud,Transportation,Production,Block 2,2025,5,14439.9,bbl,117014.11,mscf
Illizi,Exploration & Production,Production,Field B,2024,9,35500.42,bbl,115825.66,mscf
Hassi R'Mel,Refining,Operations,Field A,2025,12,34939.59,bbl,166198.45,mscf
Berkine,Transportation,Drilling,Block 1,2024,5,31093.75,bbl,69247.03,mscf
Rhourde Nouss,Exploration & Production,Operations,Field B,2022,2,49197.2,bbl,160307.08,mscf
Hassi R'Mel,Transportation,Logistics,Area Y,2024,4,29943.15,bbl,198133.87,mscf
Illizi,Marketing,Operations,Field B,2025,5,14923.48,bbl,72668.66,mscf
Illizi,Exploration & Production,Operations,Block 2,2022,2,8755.86,bbl,20756.57,mscf
Hassi Messaoud,Refining,Drilling,Area X,2024,3,48003.91,bbl,110456.7,mscf
Adrar,Refining,Logistics,Field B,2023,5,18493.09,bbl,141309.09,mscf
Hassi R'Mel,Marketing,Production,Block 1,2023,4,25764.41,bbl,101490.25,mscf
Rhourde Nouss,Marketing,Drilling,Block 1,2025,5,30743.12,bbl,150657.54,mscf
In Salah,Refining,Production,Area Y,2022,4,7579.18,bbl,126182.97,mscf
Hassi R'Mel,Transportation,Operations,Area X,2022,12,33099.01,bbl,191460.47,mscf
Hassi Messaoud,Marketing,Drilling,Block 1,2025,12,40206.48,bbl,158644.22,mscf
In Salah,Refining,Operations,Field B,2022,1,30066.15,bbl,79588.9,mscf
Hassi R'Mel,Exploration & Production,Logistics,Area Y,2025,5,2251.23,bbl,26555.28,mscf
Adrar,Refining,Drilling,Field A,2022,2,22255.65,bbl,149670.06,mscf
In Salah,Marketing,Drilling,Block 1,2023,7,24433.51,bbl,131334.03,mscf
Berkine,Refining,Logistics,Field A,2023,9,31915.73,bbl,38733.75,mscf
In Salah,Refining,Logistics,Field A,2023,2,29090.46,bbl,146865.65,mscf
Rhourde Nouss,Refining,Operations,Block 1,2022,12,21841.1,bbl,117414.58,mscf
Hassi Messaoud,Marketing,Operations,Area X,2025,11,22270.61,bbl,23215.0,mscf
Rhourde Nouss,Marketing,Drilling,Block 2,2022,10,22706.97,bbl,189933.11,mscf
Rhourde Nouss,Refining,Production,Field B,2023,7,48668.22,bbl,134017.64,mscf
Hassi R'Mel,Exploration & Production,Operations,Area X,2024,10,12309.31,bbl,49718.73,mscf
Berkine,Transportation,Drilling,Area X,2022,1,44254.94,bbl,142236.97,mscf
Hassi Messaoud,Transportation,Production,Area Y,2025,8,35992.45,bbl,80363.03,mscf
Hassi Messaoud,Exploration & Production,Production,Block 2,2025,6,19325.94,bbl,89455.66,mscf
Berkine,Refining,Production,Field A,2025,11,26703.65,bbl,8894.82,mscf
In Salah,Exploration & Production,Operations,Block 1,2023,6,24145.49,bbl,146801.22,mscf
Rhourde Nouss,Marketing,Drilling,Field B,2024,3,19798.01,bbl,112705.43,mscf
Hassi R'Mel,Transportation,Drilling,Block 1,2023,12,28353.61,bbl,147056.81,mscf
Hassi R'Mel,Transportation,Operations,Field B,2023,1,18217.85,bbl,32445.38,mscf
Rhourde Nouss,Refining,Logistics,Area Y,2025,2,2919.83,bbl,158078.1,mscf
Hassi R'Mel,Transportation,Operations,Area Y,2025,8,39333.88,bbl,65074.18,mscf
Berkine,Transportation,Operations,Area X,2024,12,38955.9,bbl,195973.31,mscf
Hassi R'Mel,Marketing,Operations,Field B,2025,11,31060.84,bbl,51714.46,mscf
In Salah,Exploration & Production,Production,Block 1,2022,3,10130.6,bbl,36781.47,mscf
Rhourde Nouss,Refining,Logistics,Block 1,2022,7,33476.34,bbl,148178.79,mscf
Hassi R'Mel,Marketing,Logistics,Area X,2025,11,29899.53,bbl,161372.83,mscf
In Salah,Refining,Logistics,Area X,2023,11,13426.97,bbl,95759.39,mscf
In Salah,Refining,Operations,Field B,2022,11,43836.11,bbl,178563.56,mscf
Berkine,Marketing,Operations,Area X,2024,8,29756.26,bbl,21436.69,mscf
Rhourde Nouss,Refining,Production,Area Y,2022,10,16484.48,bbl,144917.98,mscf
Hassi Messaoud,Transportation,Logistics,Block 1,2022,6,40245.04,bbl,127019.7,mscf
Hassi R'Mel,Transportation,Logistics,Area Y,2025,11,11151.21,bbl,133822.54,mscf
Illizi,Marketing,Logistics,Area Y,2023,9,42991.38,bbl,183599.59,mscf
Berkine,Marketing,Logistics,Field B,2022,10,44457.31,bbl,88998.74,mscf
Hassi R'Mel,Transportation,Operations,Field B,2024,5,29901.43,bbl,189375.85,mscf
Illizi,Marketing,Logistics,Field B,2023,8,34967.66,bbl,42676.57,mscf
Hassi R'Mel,Exploration & Production,Drilling,Field B,2023,8,4065.08,bbl,167047.33,mscf
In Salah,Exploration & Production,Operations,Field A,2024,11,25481.98,bbl,197433.68,mscf
Berkine,Transportation,Drilling,Field B,2023,3,15456.78,bbl,67982.76,mscf
Rhourde Nouss,Marketing,Operations,Block 2,2022,6,27841.28,bbl,118305.28,mscf
Illizi,Transportation,Drilling,Area Y,2023,9,45081.31,bbl,135736.08,mscf
Hassi R'Mel,Exploration & Production,Production,Area X,2025,12,2778.32,bbl,45868.42,mscf
Hassi R'Mel,Transportation,Operations,Field B,2022,5,31153.36,bbl,72213.18,mscf
Adrar,Refining,Logistics,Field B,2023,3,17402.56,bbl,169120.17,mscf
Hassi Messaoud,Exploration & Production,Production,Block 1,2024,5,1465.14,bbl,91746.12,mscf
Rhourde Nouss,Refining,Drilling,Block 2,2023,2,34439.62,bbl,81432.61,mscf
Illizi,Exploration & Production,Operations,Field A,2025,9,46758.58,bbl,90602.14,mscf
Rhourde Nouss,Exploration & Production,Drilling,Block 1,2023,8,44971.61,bbl,95219.87,mscf
Illizi,Refining,Operations,Field A,2025,4,16594.85,bbl,111894.58,mscf
In Salah,Marketing,Logistics,Field B,2022,10,27882.61,bbl,190447.11,mscf
Berkine,Transportation,Production,Block 1,2023,9,22322.64,bbl,18166.08,mscf
Berkine,Refining,Production,Area X,2025,12,48240.37,bbl,139280.61,mscf
Illizi,Marketing,Logistics,Block 2,2022,7,23326.88,bbl,70237.4,mscf
Hassi Messaoud,Marketing,Production,Field A,2023,4,6655.66,bbl,149846.51,mscf
Illizi,Refining,Logistics,Block 1,2024,1,14617.3,bbl,182315.82,mscf
Hassi Messaoud,Exploration & Production,Drilling,Area Y,2024,9,45770.09,bbl,184844.15,mscf
In Salah,Marketing,Production,Block 1,2025,2,20432.19,bbl,194287.27,mscf
Adrar,Marketing,Logistics,Block 2,2022,6,5483.89,bbl,165313.92,mscf
Rhourde Nouss,Exploration & Production,Operations,Field B,2025,5,18602.45,bbl,36748.87,mscf
In Salah,Transportation,Operations,Area Y,2023,1,5020.75,bbl,79208.44,mscf
In Salah,Marketing,Operations,Area Y,2022,6,27931.04,bbl,142286.55,mscf
In Salah,Exploration & Production,Logistics,Field A,2022,10,1408.39,bbl,173415.49,mscf
Rhourde Nouss,Marketing,Drilling,Field A,2022,7,18997.62,bbl,161418.26,mscf
Illizi,Transportation,Drilling,Area X,2024,8,41752.79,bbl,130586.82,mscf
In Salah,Marketing,Operations,Field A,2024,2,22897.22,bbl,37659.25,mscf
Hassi Messaoud,Refining,Operations,Field A,2023,2,3224.37,bbl,131525.79,mscf
Berkine,Marketing,Drilling,Field B,2023,10,6157.44,bbl,128440.54,mscf
In Salah,Marketing,Operations,Block 2,2023,12,46544.3,bbl,146354.5,mscf
Illizi,Transportation,Production,Block 1,2025,9,35662.66,bbl,149632.87,mscf
Adrar,Exploration & Production,Drilling,Area X,2025,11,3812.33,bbl,128932.95,mscf
Berkine,Marketing,Production,Block 1,2024,7,41366.39,bbl,38770.56,mscf
Hassi R'Mel,Transportation,Logistics,Field A,2025,6,47249.34,bbl,110464.66,mscf
Hassi Messaoud,Exploration & Production,Production,Area Y,2022,1,10007.32,bbl,133344.76,mscf
Adrar,Refining,Drilling,Block 2,2022,1,45041.93,bbl,39946.97,mscf
Berkine,Transportation,Logistics,Block 1,2022,9,20199.96,bbl,80714.77,mscf
Hassi Messaoud,Transportation,Production,Area X,2023,1,34747.97,bbl,89936.44,mscf
Rhourde Nouss,Marketing,Drilling,Field B,2022,4,46767.18,bbl,142062.94,mscf
Berkine,Refining,Production,Field B,2022,10,28930.86,bbl,50963.95,mscf
Rhourde Nouss,Refining,Production,Block 1,2024,12,43680.32,bbl,38620.0,mscf
Adrar,Marketing,Operations,Block 1,2022,8,25979.54,bbl,160324.66,mscf
Berkine,Exploration & Production,Drilling,Area X,2024,7,12028.8,bbl,197128.34,mscf
Adrar,Marketing,Drilling,Field A,2025,6,40595.7,bbl,77282.03,mscf
Hassi Messaoud,Transportation,Production,Area X,2025,5,3976.94,bbl,21226.98,mscf
Adrar,Marketing,Logistics,Field A,2024,5,23014.01,bbl,196416.66,mscf
Illizi,Refining,Production,Block 1,2025,12,37688.68,bbl,119762.33,mscf
Berkine,Marketing,Operations,Block 2,2024,2,22610.04,bbl,185054.93,mscf
Hassi R'Mel,Exploration & Production,Drilling,Block 2,2022,1,14778.87,bbl,97794.49,mscf
Illizi,Exploration & Production,Logistics,Area Y,2022,6,31330.07,bbl,127797.5,mscf
Hassi R'Mel,Exploration & Production,Logistics,Area Y,2023,12,27275.85,bbl,18029.71,mscf
Adrar,Refining,Operations,Area Y,2025,3,14482.1,bbl,157672.77,mscf
In Salah,Exploration & Production,Operations,Block 2,2022,8,11428.62,bbl,18158.85,mscf
Berkine,Transportation,Logistics,Area Y,2024,6,21770.4,bbl,55847.25,mscf
Hassi Messaoud,Exploration & Production,Production,Area Y,2023,1,30552.68,bbl,57042.36,mscf
Illizi,Refining,Production,Field A,2024,8,11724.13,bbl,185706.49,mscf
Adrar,Transportation,Drilling,Block 1,2022,7,18499.33,bbl,87395.92,mscf
Adrar,Exploration & Production,Operations,Area X,2022,6,47934.12,bbl,16605.49,mscf
Adrar,Transportation,Production,Area Y,2023,2,28326.19,bbl,32244.91,mscf
Rhourde Nouss,Refining,Operations,Area Y,2025,11,33690.35,bbl,59364.22,mscf
Rhourde Nouss,Exploration & Production,Logistics,Block 1,2022,4,27010.89,bbl,105827.9,mscf
Illizi,Exploration & Production,Operations,Block 2,2023,2,35825.15,bbl,88261.26,mscf
Hassi Messaoud,Marketing,Logistics,Block 2,2024,2,42652.94,bbl,179783.26,mscf
In Salah,Exploration & Production,Logistics,Block 1,2022,6,34531.77,bbl,104386.1,mscf
Illizi,Transportation,Operations,Area X,2025,2,35351.5,bbl,182254.04,mscf
Berkine,Exploration & Production,Drilling,Area X,2024,12,6760.2,bbl,91681.28,mscf
Berkine,Marketing,Production,Field B,2023,4,36827.94,bbl,95479.17,mscf
Hassi R'Mel,Marketing,Logistics,Area Y,2024,7,24143.17,bbl,199116.14,mscf
Illizi,Marketing,Production,Field B,2023,3,4129.62,bbl,154646.22,mscf
Berkine,Transportation,Drilling,Field B,2024,7,12329.21,bbl,38378.85,mscf
Berkine,Marketing,Production,Block 2,2023,11,15243.07,bbl,19280.99,mscf
Hassi R'Mel,Exploration & Production,Operations,Area Y,2024,8,16203.49,bbl,176907.67,mscf
Illizi,Transportation,Operations,Field B,2022,12,47774.48,bbl,12114.03,mscf
Berkine,Exploration & Production,Operations,Field A,2024,3,25477.92,bbl,196779.53,mscf
Illizi,Transportation,Drilling,Area Y,2025,3,2639.38,bbl,168676.05,mscf
In Salah,Exploration & Production,Production,Block 1,2023,8,43122.79,bbl,152650.31,mscf
Adrar,Refining,Operations,Field B,2022,2,7627.85,bbl,17872.83,mscf
In Salah,Refining,Logistics,Block 1,2025,5,28249.84,bbl,194032.38,mscf
Illizi,Exploration & Production,Drilling,Block 2,2023,3,43372.54,bbl,45807.45,mscf
Hassi Messaoud,Exploration & Production,Production,Field B,2025,4,15231.02,bbl,17211.26,mscf
Adrar,Exploration & Production,Operations,Field B,2024,8,12544.36,bbl,72292.05,mscf
Hassi Messaoud,Transportation,Drilling,Field A,2022,6,10583.84,bbl,137938.45,mscf
Hassi R'Mel,Exploration & Production,Operations,Block 2,2024,12,12226.86,bbl,110825.52,mscf
Rhourde Nouss,Marketing,Drilling,Block 1,2023,1,15274.2,bbl,82250.94,mscf
Adrar,Refining,Production,Field A,2025,4,3987.11,bbl,56942.27,mscf
In Salah,Transportation,Operations,Block 1,2025,9,40576.16,bbl,91870.21,mscf
Adrar,Transportation,Production,Field A,2024,6,3995.23,bbl,109099.98,mscf
Hassi Messaoud,Marketing,Production,Area Y,2023,12,15435.29,bbl,117895.41,mscf
Illizi,Exploration & Production,Drilling,Block 1,2024,9,19711.11,bbl,17905.29,mscf
Illizi,Transportation,Production,Block 1,2025,7,6451.11,bbl,196665.73,mscf
Hassi Messaoud,Marketing,Logistics,Area Y,2023,8,30732.69,bbl,50640.12,mscf
Rhourde Nouss,Exploration & Production,Production,Block 1,2024,8,22201.99,bbl,183434.34,mscf
Rhourde Nouss,Exploration & Production,Logistics,Area X,2024,5,9646.61,bbl,9213.15,mscf
Berkine,Exploration & Production,Logistics,Block 1,2024,9,22816.43,bbl,184607.18,mscf
Rhourde Nouss,Marketing,Logistics,Area X,2023,4,43540.14,bbl,145696.37,mscf
Rhourde Nouss,Marketing,Logistics,Block 1,2022,8,41371.13,bbl,180307.43,mscf
Rhourde Nouss,Marketing,Drilling,Field B,2023,3,16332.13,bbl,188089.68,mscf
Rhourde Nouss,Marketing,Drilling,Block 1,2024,4,8030.53,bbl,181688.76,mscf
Berkine,Refining,Operations,Block 1,2022,4,46371.46,bbl,55026.55,mscf
Adrar,Exploration & Production,Drilling,Block 2,2022,10,27225.39,bbl,183477.24,mscf
Berkine,Refining,Drilling,Area X,2025,4,17107.31,bbl,145448.42,mscf
Hassi Messaoud,Transportation,Production,Area Y,2023,2,22108.69,bbl,133880.56,mscf
In Salah,Transportation,Logistics,Area Y,2022,4,38207.63,bbl,57429.25,mscf
Rhourde Nouss,Refining,Drilling,Block 2,2023,8,8785.33,bbl,31071.31,mscf
Berkine,Exploration & Production,Production,Field B,2024,1,8405.36,bbl,43035.44,mscf
Rhourde Nouss,Exploration & Production,Production,Area Y,2025,1,21393.95,bbl,152844.9,mscf
Hassi R'Mel,Transportation,Logistics,Field A,2022,11,26461.88,bbl,155169.76,mscf
Rhourde Nouss,Transportation,Operations,Block 1,2023,5,45079.78,bbl,168733.0,mscf
In Salah,Transportation,Production,Area X,2022,8,45467.53,bbl,138691.7,mscf
Hassi Messaoud,Refining,Logistics,Area X,2024,9,47929.37,bbl,159296.55,mscf
Berkine,Refining,Drilling,Block 1,2022,8,28401.16,bbl,52489.21,mscf
Illizi,Transportation,Drilling,Field A,2023,8,23028.58,bbl,126852.1,mscf
Rhourde Nouss,Exploration & Production,Operations,Block 1,2023,9,23042.34,bbl,197696.17,mscf
Berkine,Refining,Production,Area X,2022,3,3703.53,bbl,191267.98,mscf
Hassi Messaoud,Transportation,Logistics,Block 1,2022,4,39108.22,bbl,54864.23,mscf
Adrar,Marketing,Drilling,Area X,2022,3,41039.92,bbl,197900.39,mscf
Hassi Messaoud,Refining,Production,Field B,2025,5,35584.74,bbl,170708.85,mscf
Rhourde Nouss,Exploration & Production,Operations,Field B,2022,9,32239.39,bbl,115614.04,mscf
Hassi R'Mel,Marketing,Logistics,Area X,2023,2,43370.01,bbl,62819.84,mscf
In Salah,Exploration & Production,Logistics,Block 2,2023,3,42345.91,bbl,32736.86,mscf
Hassi Messaoud,Refining,Logistics,Field A,2025,9,49194.2,bbl,184810.37,mscf
Berkine,Transportation,Production,Block 2,2024,7,44188.07,bbl,26299.56,mscf
In Salah,Transportation,Production,Block 1,2022,9,20510.76,bbl,103810.4,mscf
Hassi Messaoud,Exploration & Production,Logistics,Block 1,2022,9,23523.19,bbl,198926.13,mscf
Berkine,Transportation,Logistics,Block 2,2024,9,30657.74,bbl,126406.74,mscf
Adrar,Refining,Drilling,Block 1,2022,5,33180.91,bbl,125222.62,mscf
Illizi,Exploration & Production,Operations,Block 1,2025,10,46116.75,bbl,127095.28,mscf
Berkine,Transportation,Operations,Field B,2025,1,39540.91,bbl,97939.66,mscf
Hassi R'Mel,Marketing,Operations,Field A,2024,1,36854.08,bbl,87973.75,mscf
Hassi R'Mel,Refining,Operations,Field B,2023,11,44166.48,bbl,20518.37,mscf
In Salah,Marketing,Production,Field B,2023,6,20500.98,bbl,145762.17,mscf
Adrar,Exploration & Production,Operations,Area Y,2024,3,40515.0,bbl,130524.71,mscf
In Salah,Refining,Production,Block 2,2023,12,22243.82,bbl,71993.69,mscf
Berkine,Refining,Production,Field B,2023,5,43649.29,bbl,113337.43,mscf
Berkine,Transportation,Drilling,Block 2,2023,5,49009.81,bbl,89716.13,mscf
Hassi Messaoud,Refining,Operations,Field A,2023,2,2382.58,bbl,37663.36,mscf
Adrar,Refining,Production,Field B,2022,2,8604.93,bbl,45082.4,mscf
Adrar,Transportation,Operations,Block 1,2024,9,2174.73,bbl,36274.44,mscf
Hassi R'Mel,Exploration & Production,Production,Area X,2022,7,36647.8,bbl,123545.81,mscf
Hassi R'Mel,Marketing,Production,Block 2,2024,4,7004.55,bbl,30112.13,mscf
Illizi,Transportation,Logistics,Field A,2023,1,47991.88,bbl,33360.89,mscf
Hassi R'Mel,Exploration & Production,Operations,Field B,2024,1,49668.47,bbl,145290.97,mscf
Adrar,Transportation,Drilling,Block 1,2023,1,19640.14,bbl,93163.34,mscf
In Salah,Exploration & Production,Production,Field A,2025,5,45576.28,bbl,7007.56,mscf
Illizi,Transportation,Production,Area Y,2023,8,20403.47,bbl,75970.7,mscf
Rhourde Nouss,Exploration & Production,Operations,Block 1,2023,6,17629.56,bbl,172733.73,mscf
Berkine,Marketing,Operations,Field A,2025,9,11836.41,bbl,103229.07,mscf
Adrar,Exploration & Production,Logistics,Area Y,2022,6,17650.98,bbl,151509.33,mscf
Berkine,Refining,Drilling,Area Y,2023,5,41842.92,bbl,117096.69,mscf
Hassi R'Mel,Transportation,Drilling,Block 1,2025,10,17530.15,bbl,155777.66,mscf
Hassi Messaoud,Transportation,Logistics,Area Y,2022,8,14085.67,bbl,6694.77,mscf
Hassi Messaoud,Refining,Operations,Area Y,2023,9,33653.8,bbl,80506.48,mscf
Hassi Messaoud,Marketing,Drilling,Field A,2022,6,45204.74,bbl,51725.77,mscf
In Salah,Refining,Drilling,Field B,2024,1,11792.3,bbl,133027.21,mscf
Rhourde Nouss,Transportation,Drilling,Block 2,2024,1,19368.1,bbl,185410.98,mscf
Berkine,Transportation,Operations,Area X,2022,3,2403.96,bbl,127680.48,mscf
Hassi R'Mel,Exploration & Production,Drilling,Block 1,2022,4,31941.97,bbl,102961.39,mscf
In Salah,Exploration & Production,Operations,Area Y,2023,5,5178.04,bbl,15978.12,mscf
Illizi,Transportation,Logistics,Area Y,2023,9,1231.89,bbl,166138.29,mscf
In Salah,Exploration & Production,Operations,Area X,2025,10,24503.21,bbl,88923.5,mscf
In Salah,Refining,Production,Area X,2025,11,14709.22,bbl,172249.44,mscf
Illizi,Refining,Drilling,Block 2,2023,10,1034.89,bbl,172189.1,mscf
Berkine,Marketing,Drilling,Area Y,2023,6,25710.25,bbl,154809.44,mscf
Adrar,Refining,Operations,Field A,2023,9,31956.08,bbl,158209.46,mscf
Hassi Messaoud,Marketing,Production,Block 2,2022,6,32729.06,bbl,192499.68,mscf
Hassi R'Mel,Transportation,Logistics,Field A,2025,3,8732.72,bbl,55908.65,mscf
Berkine,Marketing,Production,Block 2,2024,6,39142.66,bbl,34151.82,mscf
Hassi R'Mel,Exploration & Production,Drilling,Field A,2023,9,24194.82,bbl,31279.16,mscf
Berkine,Refining,Logistics,Area Y,2022,9,32133.27,bbl,99085.29,mscf
In Salah,Transportation,Logistics,Area Y,2025,1,23914.23,bbl,114229.36,mscf
Hassi R'Mel,Refining,Logistics,Field B,2025,12,34639.29,bbl,22340.28,mscf
In Salah,Refining,Production,Block 2,2022,2,42269.51,bbl,20042.42,mscf
Illizi,Refining,Drilling,Field B,2023,5,14826.64,bbl,84291.22,mscf
In Salah,Marketing,Logistics,Field A,2023,11,5819.76,bbl,57155.51,mscf
Hassi R'Mel,Transportation,Production,Area Y,2024,12,4839.86,bbl,33669.88,mscf
Illizi,Transportation,Operations,Field A,2024,6,18647.77,bbl,84384.59,mscf
In Salah,Transportation,Drilling,Field B,2024,12,25054.87,bbl,44228.84,mscf
Berkine,Marketing,Production,Area Y,2022,2,7187.19,bbl,27246.81,mscf
In Salah,Exploration & Production,Operations,Block 2,2024,7,40874.23,bbl,133778.28,mscf
Illizi,Refining,Drilling,Area Y,2023,1,38434.62,bbl,89722.79,mscf
Hassi R'Mel,Transportation,Production,Area Y,2024,7,43070.79,bbl,167147.4,mscf
Berkine,Marketing,Logistics,Field A,2024,12,37724.37,bbl,108547.99,mscf
Hassi R'Mel,Transportation,Logistics,Block 2,2022,9,9151.73,bbl,112985.95,mscf
Hassi R'Mel,Exploration & Production,Production,Block 2,2025,10,39189.5,bbl,145346.75,mscf
Berkine,Refining,Operations,Area Y,2025,11,22967.82,bbl,183335.4,mscf
Illizi,Transportation,Operations,Field A,2024,4,16759.72,bbl,37236.89,mscf
Adrar,Exploration & Production,Operations,Block 1,2025,1,10908.07,bbl,38164.62,mscf
Hassi Messaoud,Transportation,Logistics,Block 1,2023,3,14532.29,bbl,120782.1,mscf
Berkine,Refining,Logistics,Area Y,2023,5,19511.26,bbl,194583.49,mscf
Illizi,Refining,Operations,Block 2,2025,9,32027.43,bbl,47139.62,mscf
In Salah,Transportation,Production,Block 2,2023,11,39970.3,bbl,129507.08,mscf
Adrar,Exploration & Production,Logistics,Field A,2025,3,4018.75,bbl,157344.01,mscf
Illizi,Transportation,Logistics,Block 1,2022,5,38178.53,bbl,151577.78,mscf
Hassi R'Mel,Transportation,Logistics,Block 1,2024,3,45058.39,bbl,5462.05,mscf
Hassi Messaoud,Marketing,Production,Field B,2022,2,24524.45,bbl,38232.1,mscf
In Salah,Transportation,Operations,Block 2,2024,12,26173.1,bbl,65073.59,mscf
Rhourde Nouss,Transportation,Drilling,Block 2,2023,4,47689.65,bbl,20958.06,mscf
Adrar,Marketing,Operations,Block 1,2023,7,14602.52,bbl,102228.86,mscf
Rhourde Nouss,Marketing,Production,Field B,2024,12,40226.82,bbl,102215.96,mscf
Rhourde Nouss,Transportation,Production,Field A,2024,12,18167.13,bbl,73749.24,mscf
Illizi,Refining,Logistics,Block 2,2023,2,19327.55,bbl,169552.17,mscf
Rhourde Nouss,Marketing,Logistics,Block 1,2023,11,32701.05,bbl,92574.97,mscf
Adrar,Refining,Operations,Field A,2024,7,28641.67,bbl,182945.89,mscf
Illizi,Marketing,Logistics,Area X,2025,3,28824.77,bbl,184430.67,mscf
Hassi R'Mel,Exploration & Production,Operations,Area Y,2025,1,6351.63,bbl,92985.78,mscf
Adrar,Refining,Operations,Block 2,2022,5,18491.74,bbl,173494.93,mscf
In Salah,Exploration & Production,Production,Field B,2024,8,11578.19,bbl,150796.85,mscf
Adrar,Exploration & Production,Drilling,Area X,2023,3,36538.14,bbl,27185.71,mscf
Illizi,Transportation,Logistics,Area X,2024,3,19467.05,bbl,182043.21,mscf
Hassi R'Mel,Marketing,Operations,Block 1,2022,6,18257.49,bbl,56361.72,mscf
Illizi,Refining,Operations,Block 1,2023,1,1611.94,bbl,132657.63,mscf
Illizi,Refining,Operations,Field A,2024,10,29375.74,bbl,173959.76,mscf
Illizi,Transportation,Logistics,Field B,2022,12,28296.95,bbl,47980.33,mscf
Berkine,Transportation,Production,Block 2,2025,6,13179.99,bbl,140478.25,mscf
Hassi Messaoud,Refining,Operations,Field A,2024,6,19425.26,bbl,169166.52,mscf
Hassi R'Mel,Marketing,Operations,Field A,2025,9,2589.13,bbl,134358.24,mscf
Hassi R'Mel,Transportation,Drilling,Field B,2025,10,7494.36,bbl,51091.34,mscf
In Salah,Refining,Production,Field B,2023,6,39658.13,bbl,65853.69,mscf
Hassi Messaoud,Exploration & Production,Drilling,Block 1,2025,4,35581.15,bbl,191953.58,mscf
Hassi Messaoud,Exploration & Production,Logistics,Field B,2024,7,42264.05,bbl,39303.02,mscf
Hassi Messaoud,Refining,Production,Field A,2022,12,44545.53,bbl,132498.58,mscf
Rhourde Nouss,Marketing,Operations,Area Y,2022,10,37458.01,bbl,193105.58,mscf
Adrar,Transportation,Production,Area Y,2024,10,28778.3,bbl,75101.82,mscf
Berkine,Transportation,Operations,Field A,2023,10,17219.75,bbl,87587.27,mscf
Adrar,Exploration & Production,Production,Block 1,2024,3,7336.2,bbl,106027.5,mscf
Illizi,Marketing,Operations,Block 2,2022,9,44716.58,bbl,14609.51,mscf
Illizi,Exploration & Production,Operations,Field B,2022,12,41076.47,bbl,167914.33,mscf
Berkine,Exploration & Production,Operations,Block 1,2022,9,43972.72,bbl,157364.93,mscf
In Salah,Exploration & Production,Production,Field A,2024,11,11191.53,bbl,10693.63,mscf
Hassi R'Mel,Transportation,Drilling,Block 2,2024,7,7885.49,bbl,51265.06,mscf
Rhourde Nouss,Transportation,Logistics,Area X,2022,7,32720.73,bbl,21356.01,mscf
Hassi R'Mel,Marketing,Operations,Field B,2022,7,17921.15,bbl,187482.57,mscf
Hassi Messaoud,Transportation,Production,Block 1,2024,7,48405.64,bbl,96718.13,mscf
Hassi R'Mel,Refining,Operations,Area X,2022,4,7223.64,bbl,9193.4,mscf
Berkine,Marketing,Production,Area Y,2024,10,36583.78,bbl,101127.65,mscf
In Salah,Refining,Drilling,Field A,2023,11,3616.53,bbl,92582.57,mscf
Illizi,Exploration & Production,Operations,Block 1,2022,10,39991.42,bbl,49951.3,mscf
Hassi Messaoud,Marketing,Operations,Area X,2024,10,9294.27,bbl,123429.48,mscf
Berkine,Transportation,Production,Field A,2022,2,35445.14,bbl,116732.16,mscf
Hassi R'Mel,Transportation,Logistics,Area X,2022,4,39769.35,bbl,58330.32,mscf
Rhourde Nouss,Transportation,Logistics,Field A,2024,4,35289.91,bbl,108830.59,mscf
In Salah,Exploration & Production,Operations,Area X,2023,12,47513.46,bbl,131312.86,mscf
Berkine,Refining,Drilling,Block 2,2023,11,29922.14,bbl,83438.73,mscf
Hassi Messaoud,Transportation,Production,Block 2,2023,12,14821.08,bbl,141888.06,mscf
Illizi,Exploration & Production,Logistics,Block 1,2022,3,39654.76,bbl,195414.73,mscf
Berkine,Marketing,Logistics,Field B,2024,12,26130.74,bbl,100326.52,mscf
Rhourde Nouss,Transportation,Production,Block 1,2024,6,42297.62,bbl,150498.99,mscf
Hassi R'Mel,Exploration & Production,Drilling,Area Y,2025,11,31806.42,bbl,70674.26,mscf
Adrar,Transportation,Logistics,Field B,2025,3,48248.88,bbl,134148.84,mscf
Adrar,Transportation,Production,Field A,2025,2,14808.5,bbl,183110.15,mscf
Hassi R'Mel,Refining,Logistics,Area X,2025,3,31811.27,bbl,72273.32,mscf
Rhourde Nouss,Marketing,Production,Block 1,2024,10,41541.81,bbl,153286.11,mscf
Hassi Messaoud,Marketing,Operations,Area Y,2024,11,37542.9,bbl,114834.05,mscf
Berkine,Exploration & Production,Production,Field B,2022,9,18106.22,bbl,16280.34,mscf
Hassi R'Mel,Exploration & Production,Drilling,Field B,2025,9,8872.69,bbl,150618.85,mscf
Berkine,Exploration & Production,Production,Area Y,2022,4,23918.5,bbl,34842.93,mscf
Hassi Messaoud,Exploration & Production,Operations,Field B,2024,2,37338.66,bbl,25240.68,mscf
Berkine,Transportation,Production,Area X,2023,4,19079.76,bbl,100055.26,mscf
Rhourde Nouss,Marketing,Drilling,Block 1,2022,8,15370.65,bbl,141248.29,mscf
Hassi Messaoud,Exploration & Production,Logistics,Block 1,2022,3,34909.0,bbl,7726.41,mscf
Berkine,Refining,Drilling,Field B,2022,6,43943.4,bbl,153525.05,mscf
In Salah,Refining,Logistics,Area X,2023,7,18455.03,bbl,71273.42,mscf
Illizi,Marketing,Operations,Block 2,2024,7,22338.03,bbl,101706.43,mscf
Hassi R'Mel,Refining,Logistics,Area X,2022,5,46718.28,bbl,166988.96,mscf
Hassi R'Mel,Transportation,Drilling,Block 1,2025,2,4252.74,bbl,138104.14,mscf
In Salah,Marketing,Drilling,Block 2,2025,4,45235.8,bbl,148174.86,mscf
Adrar,Refining,Logistics,Field A,2024,5,8580.37,bbl,48889.92,mscf
Hassi Messaoud,Marketing,Logistics,Field B,2024,10,16949.15,bbl,135230.47,mscf
Adrar,Marketing,Operations,Block 1,2022,8,30639.91,bbl,118591.66,mscf
Hassi R'Mel,Transportation,Production,Field B,2025,8,5563.61,bbl,159793.11,mscf
Rhourde Nouss,Transportation,Drilling,Area X,2025,10,25175.63,bbl,128634.06,mscf
Hassi R'Mel,Refining,Logistics,Area X,2025,5,17387.67,bbl,199659.18,mscf
Berkine,Marketing,Operations,Field A,2023,5,2417.4,bbl,66534.4,mscf
In Salah,Marketing,Operations,Field B,2025,5,28082.68,bbl,92289.07,mscf
Adrar,Refining,Logistics,Field A,2024,7,19207.14,bbl,67143.67,mscf
Rhourde Nouss,Refining,Drilling,Field B,2024,9,45553.61,bbl,93875.72,mscf
In Salah,Exploration & Production,Logistics,Field B,2023,4,13594.91,bbl,50829.2,mscf
Rhourde Nouss,Transportation,Production,Block 1,2023,4,34520.11,bbl,75332.34,mscf
Hassi R'Mel,Exploration & Production,Drilling,Field A,2024,6,6592.65,bbl,159199.64,mscf
Illizi,Refining,Production,Field A,2024,9,43135.53,bbl,10061.58,mscf
Hassi R'Mel,Marketing,Drilling,Block 2,2024,10,8009.54,bbl,61204.13,mscf
Hassi R'Mel,Transportation,Operations,Field A,2022,2,11183.39,bbl,116601.36,mscf
In Salah,Exploration & Production,Logistics,Block 1,2024,9,47490.53,bbl,85111.04,mscf
Hassi R'Mel,Refining,Operations,Block 1,2023,5,21297.15,bbl,110259.3,mscf
Rhourde Nouss,Exploration & Production,Logistics,Area Y,2025,1,6881.7,bbl,173376.75,mscf
Berkine,Transportation,Drilling,Area Y,2025,11,1466.22,bbl,144927.17,mscf
Hassi Messaoud,Refining,Logistics,Block 1,2025,7,5217.96,bbl,153720.16,mscf
Adrar,Refining,Logistics,Field B,2022,6,29650.08,bbl,80821.24,mscf
Hassi Messaoud,Exploration & Production,Drilling,Area X,2022,4,21412.18,bbl,89674.16,mscf
Adrar,Transportation,Production,Area X,2023,7,2372.07,bbl,17682.43,mscf
Illizi,Refining,Logistics,Block 1,2025,11,37790.85,bbl,29226.62,mscf
Illizi,Marketing,Operations,Area X,2023,10,13138.0,bbl,183490.86,mscf
Hassi R'Mel,Refining,Drilling,Field B,2025,9,34842.93,bbl,52632.23,mscf
Hassi R'Mel,Exploration & Production,Logistics,Field B,2023,12,18682.13,bbl,69125.01,mscf
Adrar,Exploration & Production,Drilling,Block 2,2025,4,37816.72,bbl,68918.59,mscf
Hassi Messaoud,Marketing,Operations,Field A,2025,7,13442.62,bbl,54159.5,mscf
In Salah,Transportation,Operations,Field A,2025,11,44462.3,bbl,105516.18,mscf
Hassi R'Mel,Exploration & Production,Operations,Area X,2023,11,23446.43,bbl,22617.45,mscf
Hassi R'Mel,Marketing,Operations,Field A,2023,12,26130.05,bbl,139940.48,mscf
Hassi R'Mel,Exploration & Production,Production,Area X,2022,8,2477.0,bbl,161135.9,mscf
Illizi,Refining,Drilling,Field A,2025,9,38288.0,bbl,103042.46,mscf
Adrar,Exploration & Production,Drilling,Area Y,2022,4,19726.12,bbl,187391.66,mscf
In Salah,Exploration & Production,Operations,Field A,2022,11,10957.74,bbl,181439.88,mscf
Berkine,Exploration & Production,Logistics,Area Y,2023,2,46532.45,bbl,45546.14,mscf
Berkine,Refining,Logistics,Area X,2024,3,36508.09,bbl,97793.72,mscf
Illizi,Refining,Logistics,Area Y,2025,7,9841.25,bbl,139019.21,mscf
In Salah,Marketing,Logistics,Area X,2022,9,15975.86,bbl,82893.99,mscf
Berkine,Exploration & Production,Logistics,Area Y,2024,9,27917.05,bbl,30314.55,mscf
Adrar,Transportation,Production,Block 2,2023,1,38442.41,bbl,132599.03,mscf
Rhourde Nouss,Refining,Drilling,Field A,2025,11,36780.14,bbl,58914.86,mscf
Hassi R'Mel,Transportation,Production,Area X,2025,5,3176.36,bbl,192305.52,mscf
Hassi R'Mel,Marketing,Operations,Block 1,2024,4,26797.98,bbl,42311.35,mscf
Adrar,Exploration & Production,Operations,Block 2,2024,11,37564.23,bbl,81088.27,mscf
Illizi,Transportation,Operations,Area X,2023,2,26315.48,bbl,174945.84,mscf
Hassi R'Mel,Exploration & Production,Operations,Block 1,2025,8,35337.53,bbl,41157.41,mscf
In Salah,Marketing,Production,Area X,2024,10,10367.84,bbl,94746.91,mscf
Hassi Messaoud,Exploration & Production,Production,Block 1,2024,2,5952.21,bbl,171543.4,mscf
Rhourde Nouss,Marketing,Drilling,Field A,2022,10,27010.8,bbl,17107.31,mscf
Adrar,Refining,Production,Area X,2025,5,43495.11,bbl,57265.57,mscf
Rhourde Nouss,Marketing,Operations,Area X,2025,11,7047.43,bbl,114897.39,mscf
Illizi,Transportation,Operations,Block 2,2025,8,49587.64,bbl,71143.01,mscf
Adrar,Refining,Operations,Area X,2025,5,48908.47,bbl,150265.44,mscf
Rhourde Nouss,Exploration & Production,Logistics,Area Y,2025,7,34798.88,bbl,179331.4,mscf
Hassi Messaoud,Marketing,Production,Block 1,2023,3,7090.86,bbl,30595.93,mscf
Hassi R'Mel,Transportation,Drilling,Field A,2022,1,5108.95,bbl,77314.31,mscf
In Salah,Transportation,Logistics,Area X,2025,10,40812.42,bbl,180375.1,mscf
Rhourde Nouss,Refining,Operations,Area X,2024,7,6431.61,bbl,79071.81,mscf
Rhourde Nouss,Refining,Production,Block 2,2023,7,29191.61,bbl,71954.49,mscf
Adrar,Refining,Drilling,Field A,2022,11,9631.01,bbl,35041.98,mscf
Adrar,Marketing,Drilling,Block 1,2025,10,22484.52,bbl,145164.05,mscf
Hassi Messaoud,Refining,Logistics,Block 2,2024,12,30508.46,bbl,143034.35,mscf
Berkine,Exploration & Production,Production,Field B,2022,2,44869.51,bbl,154400.23,mscf
Hassi Messaoud,Refining,Operations,Block 2,2025,10,9101.33,bbl,83025.67,mscf
Illizi,Refining,Production,Field B,2024,3,1769.79,bbl,94713.85,mscf
Adrar,Marketing,Operations,Area Y,2025,10,12306.98,bbl,159136.32,mscf
Rhourde Nouss,Transportation,Production,Field A,2024,1,1872.17,bbl,70742.82,mscf
Hassi Messaoud,Marketing,Operations,Block 1,2024,10,16608.53,bbl,107858.4,mscf
In Salah,Refining,Logistics,Area Y,2022,5,7551.36,bbl,80278.54,mscf
Berkine,Exploration & Production,Logistics,Block 1,2025,3,25589.01,bbl,113600.71,mscf
Rhourde Nouss,Refining,Logistics,Area X,2024,12,44902.74,bbl,57395.44,mscf
In Salah,Marketing,Logistics,Field B,2022,10,11365.61,bbl,121849.79,mscf
Rhourde Nouss,Exploration & Production,Operations,Block 2,2023,4,36818.63,bbl,158690.37,mscf
Rhourde Nouss,Exploration & Production,Drilling,Field B,2024,1,29903.51,bbl,120212.7,mscf
In Salah,Marketing,Logistics,Area Y,2022,7,20171.31,bbl,45861.52,mscf
In Salah,Marketing,Production,Field A,2023,7,5340.83,bbl,35744.04,mscf
Hassi Messaoud,Marketing,Logistics,Block 2,2022,7,31414.81,bbl,89407.18,mscf
Adrar,Refining,Logistics,Area X,2025,11,42630.72,bbl,36671.25,mscf
Hassi R'Mel,Marketing,Production,Field B,2025,8,23089.16,bbl,187557.77,mscf
Adrar,Refining,Operations,Area Y,2022,7,32686.21,bbl,109185.06,mscf
Rhourde Nouss,Marketing,Drilling,Area Y,2025,12,36371.85,bbl,156709.36,mscf
Illizi,Marketing,Operations,Block 1,2025,5,45277.58,bbl,109807.06,mscf
Adrar,Marketing,Operations,Area X,2024,12,29242.48,bbl,55206.81,mscf
Adrar,Marketing,Production,Block 2,2024,5,4841.58,bbl,45093.55,mscf
Adrar,Transportation,Drilling,Block 2,2025,5,19314.44,bbl,186709.86,mscf
In Salah,Transportation,Production,Field B,2025,5,28945.06,bbl,130453.48,mscf
Rhourde Nouss,Exploration & Production,Drilling,Area Y,2025,6,12601.11,bbl,166972.31,mscf
In Salah,Marketing,Operations,Field A,2024,8,46087.58,bbl,27248.95,mscf
In Salah,Marketing,Production,Field B,2024,11,18930.65,bbl,35731.0,mscf
In Salah,Refining,Drilling,Block 1,2022,10,13987.56,bbl,157525.26,mscf
Rhourde Nouss,Refining,Drilling,Field B,2025,8,10829.15,bbl,172144.52,mscf
Illizi,Refining,Operations,Field B,2022,3,24385.0,bbl,148818.92,mscf
Illizi,Refining,Logistics,Field A,2022,2,22351.09,bbl,44512.67,mscf
Illizi,Exploration & Production,Production,Area Y,2023,9,16225.64,bbl,36859.59,mscf
Illizi,Transportation,Operations,Area X,2022,12,37852.34,bbl,168203.91,mscf
Hassi Messaoud,Marketing,Drilling,Field B,2024,2,31975.09,bbl,197428.62,mscf
Hassi R'Mel,Refining,Production,Field B,2024,5,38323.06,bbl,143934.89,mscf
Berkine,Exploration & Production,Production,Block 2,2025,10,26044.49,bbl,136666.22,mscf
Illizi,Exploration & Production,Production,Block 2,2024,1,36201.34,bbl,112769.08,mscf
In Salah,Marketing,Logistics,Field A,2025,11,21145.8,bbl,166863.85,mscf
In Salah,Exploration & Production,Drilling,Field A,2025,2,42518.92,bbl,59308.7,mscf
Hassi R'Mel,Marketing,Production,Area X,2023,10,3277.04,bbl,27366.28,mscf
Berkine,Transportation,Production,Field A,2024,12,49495.44,bbl,119226.13,mscf
In Salah,Transportation,Operations,Block 1,2025,5,12748.99,bbl,162158.61,mscf
Berkine,Marketing,Operations,Area Y,2025,8,48670.88,bbl,146262.32,mscf
Hassi Messaoud,Marketing,Logistics,Area Y,2024,7,2211.05,bbl,112811.64,mscf
Illizi,Marketing,Logistics,Area Y,2022,9,5864.78,bbl,24597.66,mscf
Hassi R'Mel,Transportation,Production,Area Y,2024,4,5621.76,bbl,78571.33,mscf
Berkine,Refining,Logistics,Area Y,2025,9,2510.43,bbl,144677.83,mscf
Hassi Messaoud,Transportation,Production,Field A,2024,11,20092.41,bbl,114883.37,mscf
Hassi Messaoud,Marketing,Operations,Area X,2022,4,3208.96,bbl,197260.89,mscf
Illizi,Transportation,Drilling,Block 2,2022,5,46701.35,bbl,115968.19,mscf
Hassi Messaoud,Refining,Drilling,Area Y,2022,6,2503.19,bbl,180188.9,mscf
Berkine,Transportation,Operations,Block 1,2025,8,11054.74,bbl,59487.04,mscf
Berkine,Exploration & Production,Production,Field B,2025,8,1722.94,bbl,48773.37,mscf
Hassi R'Mel,Marketing,Production,Block 1,2024,3,25944.21,bbl,77299.94,mscf
Hassi Messaoud,Transportation,Logistics,Block 1,2023,3,20536.8,bbl,93894.83,mscf
In Salah,Exploration & Production,Drilling,Field A,2022,6,47205.83,bbl,75160.82,mscf
Adrar,Transportation,Drilling,Field B,2023,10,24289.79,bbl,29332.71,mscf
Berkine,Exploration & Production,Production,Block 1,2023,7,44795.8,bbl,100929.13,mscf
Hassi R'Mel,Marketing,Logistics,Block 1,2023,1,10145.84,bbl,84314.37,mscf
In Salah,Refining,Drilling,Block 1,2025,4,30689.12,bbl,67081.64,mscf
Berkine,Exploration & Production,Drilling,Area X,2022,8,11803.43,bbl,31138.48,mscf
Adrar,Exploration & Production,Production,Block 1,2025,2,15292.17,bbl,114130.28,mscf
Illizi,Marketing,Production,Field A,2025,4,39220.3,bbl,7615.48,mscf
Hassi Messaoud,Marketing,Logistics,Field A,2024,4,49836.26,bbl,169417.16,mscf
Hassi R'Mel,Transportation,Drilling,Field B,2024,8,1837.77,bbl,197838.91,mscf
Berkine,Transportation,Production,Field A,2023,1,4785.65,bbl,75548.66,mscf
Hassi Messaoud,Marketing,Production,Block 2,2022,3,2358.68,bbl,23332.16,mscf
In Salah,Transportation,Drilling,Area Y,2025,12,4807.32,bbl,120801.03,mscf
Adrar,Marketing,Logistics,Area Y,2023,12,49829.76,bbl,15566.51,mscf
Illizi,Transportation,Production,Area Y,2023,9,32909.01,bbl,186145.06,mscf
Hassi R'Mel,Refining,Drilling,Area Y,2022,3,25400.08,bbl,37740.77,mscf
Hassi Messaoud,Exploration & Production,Operations,Block 1,2024,10,1121.98,bbl,177738.92,mscf
In Salah,Exploration & Production,Operations,Block 1,2024,1,11780.84,bbl,40815.83,mscf
Hassi R'Mel,Exploration & Production,Operations,Block 1,2024,4,38539.13,bbl,55673.85,mscf
Hassi Messaoud,Transportation,Drilling,Area X,2024,9,18847.67,bbl,164547.24,mscf
Berkine,Exploration & Production,Drilling,Field B,2023,12,10323.49,bbl,22356.09,mscf
Adrar,Marketing,Drilling,Area Y,2022,1,11115.35,bbl,100726.19,mscf
Adrar,Refining,Operations,Block 1,2025,3,48805.79,bbl,98047.96,mscf
Hassi R'Mel,Exploration & Production,Operations,Area Y,2022,5,35574.8,bbl,74703.64,mscf
Hassi Messaoud,Marketing,Drilling,Block 1,2024,9,48230.53,bbl,160714.06,mscf
Hassi R'Mel,Transportation,Drilling,Block 2,2023,9,20919.83,bbl,121304.03,mscf
Adrar,Transportation,Logistics,Field A,2024,5,1291.02,bbl,106080.19,mscf
Adrar,Transportation,Logistics,Area Y,2023,1,6829.97,bbl,109903.97,mscf
Rhourde Nouss,Refining,Production,Area Y,2022,6,8145.24,bbl,195080.53,mscf
Rhourde Nouss,Exploration & Production,Drilling,Field B,2025,5,26587.77,bbl,41899.01,mscf
Hassi R'Mel,Marketing,Operations,Area X,2025,11,27965.37,bbl,164903.26,mscf
Illizi,Exploration & Production,Production,Field B,2023,1,45984.43,bbl,165716.81,mscf
Rhourde Nouss,Refining,Logistics,Area Y,2025,3,43362.99,bbl,62555.02,mscf
Illizi,Transportation,Production,Field B,2024,10,43406.57,bbl,106690.86,mscf
Hassi R'Mel,Marketing,Operations,Field B,2024,10,14076.68,bbl,36642.86,mscf
Hassi R'Mel,Marketing,Production,Field B,2024,10,44270.39,bbl,194226.95,mscf
Berkine,Marketing,Logistics,Field A,2023,10,3707.72,bbl,159434.43,mscf
Hassi Messaoud,Marketing,Production,Field B,2025,7,27933.25,bbl,147949.91,mscf
Hassi R'Mel,Transportation,Operations,Area Y,2023,1,19402.93,bbl,155227.03,mscf
In Salah,Exploration & Production,Logistics,Block 1,2022,8,37483.09,bbl,129980.79,mscf
Berkine,Exploration & Production,Drilling,Block 1,2022,10,17525.97,bbl,49471.17,mscf
Hassi Messaoud,Marketing,Logistics,Block 2,2025,1,37891.18,bbl,32893.07,mscf
In Salah,Refining,Production,Field A,2022,6,31338.54,bbl,54243.65,mscf
In Salah,Marketing,Production,Field A,2022,9,19136.34,bbl,53094.61,mscf
Rhourde Nouss,Transportation,Drilling,Area X,2024,9,5641.01,bbl,104386.67,mscf
Berkine,Marketing,Drilling,Block 1,2023,4,48308.21,bbl,36365.02,mscf
Illizi,Marketing,Operations,Area X,2024,2,8912.17,bbl,144096.47,mscf
Rhourde Nouss,Refining,Logistics,Area X,2022,2,3466.1,bbl,179575.52,mscf
Rhourde Nouss,Transportation,Logistics,Field B,2025,9,40712.22,bbl,62598.92,mscf
Berkine,Transportation,Operations,Field B,2023,4,21695.63,bbl,161812.72,mscf
Rhourde Nouss,Exploration & Production,Logistics,Area X,2024,7,8505.64,bbl,6598.21,mscf
Illizi,Transportation,Production,Field A,2024,6,38633.89,bbl,174560.95,mscf
Adrar,Refining,Logistics,Block 1,2025,9,1329.67,bbl,10649.09,mscf
Hassi Messaoud,Transportation,Logistics,Field A,2025,10,45535.05,bbl,92612.27,mscf
Hassi Messaoud,Refining,Drilling,Area Y,2022,8,24111.42,bbl,36306.63,mscf
Hassi Messaoud,Marketing,Drilling,Block 1,2024,7,46788.47,bbl,118787.12,mscf
Adrar,Refining,Operations,Field B,2023,10,11108.76,bbl,41779.52,mscf
Adrar,Marketing,Production,Field B,2022,4,26563.72,bbl,134264.5,mscf
Berkine,Refining,Production,Field A,2025,8,23860.14,bbl,141110.49,mscf
Adrar,Marketing,Logistics,Area Y,2023,12,36247.18,bbl,121330.52,mscf
Adrar,Transportation,Drilling,Area Y,2023,9,25980.6,bbl,110122.28,mscf
Adrar,Exploration & Production,Drilling,Block 1,2022,3,26003.83,bbl,194919.99,mscf
Rhourde Nouss,Refining,Logistics,Block 1,2022,5,9313.42,bbl,5776.19,mscf
Adrar,Transportation,Production,Field B,2024,3,17443.17,bbl,24712.33,mscf
Berkine,Marketing,Logistics,Area Y,2024,3,23441.81,bbl,65485.86,mscf
Hassi Messaoud,Refining,Operations,Block 1,2024,6,10979.51,bbl,10250.65,mscf
Illizi,Refining,Logistics,Field B,2025,8,8188.07,bbl,157166.86,mscf
Illizi,Refining,Operations,Field B,2024,2,26428.44,bbl,160817.77,mscf
Hassi R'Mel,Exploration & Production,Production,Field B,2022,5,7528.04,bbl,192073.75,mscf
Hassi Messaoud,Transportation,Logistics,Block 1,2024,4,4043.4,bbl,189257.66,mscf
Hassi Messaoud,Transportation,Logistics,Block 1,2022,8,45355.37,bbl,62915.96,mscf
Illizi,Refining,Drilling,Field A,2024,10,17334.8,bbl,55768.25,mscf
Rhourde Nouss,Refining,Operations,Block 1,2023,2,26746.14,bbl,155601.22,mscf
Hassi Messaoud,Exploration & Production,Production,Block 1,2025,6,24320.3,bbl,111627.68,mscf
Illizi,Exploration & Production,Drilling,Area Y,2025,11,37700.45,bbl,157676.33,mscf
Hassi R'Mel,Marketing,Logistics,Field B,2024,10,21091.02,bbl,117134.77,mscf
Rhourde Nouss,Transportation,Production,Field B,2022,6,45181.43,bbl,189249.16,mscf
Hassi Messaoud,Exploration & Production,Production,Block 2,2023,4,34639.07,bbl,165037.7,mscf
Hassi Messaoud,Marketing,Logistics,Area X,2022,8,25665.65,bbl,135002.68,mscf
Illizi,Refining,Production,Area X,2023,7,42594.19,bbl,122519.78,mscf
Hassi R'Mel,Marketing,Production,Block 1,2022,4,45079.97,bbl,176708.83,mscf
In Salah,Transportation,Operations,Field A,2022,5,40385.04,bbl,36063.67,mscf
Berkine,Refining,Drilling,Area Y,2024,1,25951.54,bbl,123217.98,mscf
Rhourde Nouss,Transportation,Drilling,Area X,2022,4,9621.17,bbl,148069.05,mscf
Adrar,Transportation,Drilling,Block 2,2025,6,42649.1,bbl,82965.83,mscf
Rhourde Nouss,Transportation,Drilling,Area Y,2023,11,36777.17,bbl,119670.92,mscf
Rhourde Nouss,Marketing,Operations,Field B,2025,6,10522.31,bbl,88274.14,mscf
Hassi Messaoud,Refining,Drilling,Area Y,2025,6,8404.34,bbl,75994.03,mscf
In Salah,Refining,Operations,Field A,2025,9,20446.79,bbl,69587.25,mscf
Illizi,Refining,Production,Block 1,2023,12,47280.7,bbl,16170.88,mscf
Rhourde Nouss,Refining,Drilling,Block 2,2023,7,41027.3,bbl,186515.08,mscf
Adrar,Marketing,Operations,Block 1,2023,7,30411.87,bbl,19652.34,mscf
Illizi,Marketing,Drilling,Block 2,2025,4,3745.02,bbl,23841.36,mscf
Hassi Messaoud,Refining,Production,Block 1,2024,5,38546.38,bbl,45944.25,mscf
Rhourde Nouss,Refining,Operations,Area Y,2022,11,21228.3,bbl,169095.29,mscf
Rhourde Nouss,Exploration & Production,Operations,Block 2,2024,12,4736.65,bbl,186368.64,mscf
Rhourde Nouss,Refining,Drilling,Area Y,2024,3,47011.16,bbl,195822.5,mscf
Berkine,Exploration & Production,Operations,Field B,2023,10,19977.35,bbl,135118.12,mscf
In Salah,Exploration & Production,Production,Field B,2023,6,30752.56,bbl,38471.26,mscf
Hassi Messaoud,Exploration & Production,Drilling,Area X,2025,5,4646.84,bbl,120320.32,mscf
Hassi Messaoud,Refining,Operations,Block 1,2025,8,12708.52,bbl,65536.48,mscf
Hassi R'Mel,Transportation,Drilling,Area X,2024,2,20437.36,bbl,198627.36,mscf
Hassi Messaoud,Exploration & Production,Logistics,Field A,2022,5,22047.59,bbl,159069.38,mscf
Illizi,Marketing,Operations,Area X,2022,1,14697.07,bbl,14605.39,mscf
Hassi R'Mel,Marketing,Production,Area X,2024,5,30913.22,bbl,113378.0,mscf
Adrar,Exploration & Production,Drilling,Area X,2025,3,43477.52,bbl,149744.04,mscf
Hassi Messaoud,Marketing,Logistics,Field A,2022,10,16310.74,bbl,62400.29,mscf
Rhourde Nouss,Marketing,Operations,Field A,2025,8,35773.99,bbl,129680.74,mscf
Hassi R'Mel,Exploration & Production,Drilling,Field A,2022,12,33998.72,bbl,124854.55,mscf
Rhourde Nouss,Transportation,Drilling,Block 1,2022,9,6045.39,bbl,134273.58,mscf
Berkine,Refining,Logistics,Field A,2022,2,10118.38,bbl,43058.57,mscf
Adrar,Refining,Drilling,Field A,2024,3,44473.04,bbl,66275.92,mscf
Adrar,Refining,Production,Field B,2024,8,28569.15,bbl,13479.03,mscf
Adrar,Exploration & Production,Operations,Area X,2022,9,16565.53,bbl,23905.42,mscf
Rhourde Nouss,Transportation,Production,Block 2,2022,7,10587.81,bbl,111992.96,mscf
Adrar,Marketing,Drilling,Area Y,2025,6,44086.22,bbl,44392.54,mscf
Hassi R'Mel,Marketing,Production,Block 1,2022,1,10730.48,bbl,143308.73,mscf
Illizi,Marketing,Production,Area Y,2023,8,35569.82,bbl,196285.3,mscf
Rhourde Nouss,Refining,Logistics,Field B,2025,10,6647.33,bbl,71959.4,mscf
Adrar,Marketing,Production,Field A,2024,5,19941.96,bbl,31919.38,mscf
Illizi,Transportation,Logistics,Block 1,2024,9,47192.58,bbl,90347.24,mscf
Hassi R'Mel,Transportation,Drilling,Field B,2024,7,31702.81,bbl,97626.06,mscf
Hassi Messaoud,Marketing,Operations,Area X,2025,1,38506.94,bbl,198743.43,mscf
Rhourde Nouss,Transportation,Logistics,Block 2,2022,4,27170.14,bbl,137068.71,mscf
Hassi Messaoud,Transportation,Operations,Area Y,2022,8,15990.04,bbl,61899.6,mscf
Rhourde Nouss,Transportation,Drilling,Field B,2025,11,29636.81,bbl,142513.3,mscf
Hassi R'Mel,Marketing,Production,Field B,2022,2,21626.92,bbl,164255.98,mscf
In Salah,Exploration & Production,Logistics,Block 1,2022,4,46311.81,bbl,161211.68,mscf
Adrar,Refining,Drilling,Area X,2024,11,20471.68,bbl,122181.44,mscf
Berkine,Exploration & Production,Operations,Field B,2023,9,22573.72,bbl,159803.02,mscf
Hassi Messaoud,Refining,Operations,Area X,2022,11,8971.96,bbl,176205.25,mscf
Illizi,Transportation,Production,Area Y,2025,5,19078.62,bbl,197793.96,mscf
In Salah,Exploration & Production,Operations,Block 2,2023,1,22298.79,bbl,147901.05,mscf
Hassi R'Mel,Transportation,Production,Block 1,2025,6,34803.11,bbl,165650.77,mscf
Rhourde Nouss,Refining,Production,Field B,2023,6,39939.64,bbl,96314.85,mscf
Berkine,Exploration & Production,Operations,Area Y,2023,8,40694.14,bbl,174294.67,mscf
In Salah,Exploration & Production,Drilling,Field A,2025,6,26707.32,bbl,91589.41,mscf
Berkine,Refining,Drilling,Block 2,2022,6,30148.4,bbl,42264.82,mscf
Hassi Messaoud,Transportation,Production,Field A,2022,1,39387.16,bbl,145159.52,mscf
Hassi R'Mel,Transportation,Production,Area X,2023,5,46863.18,bbl,46287.63,mscf
Rhourde Nouss,Marketing,Production,Block 2,2022,12,17797.23,bbl,36884.86,mscf
Hassi R'Mel,Transportation,Drilling,Field A,2025,10,20400.19,bbl,75205.93,mscf
Hassi R'Mel,Transportation,Operations,Area Y,2023,6,11099.88,bbl,41636.11,mscf
Hassi Messaoud,Exploration & Production,Logistics,Block 2,2025,8,44811.22,bbl,43895.61,mscf
Berkine,Transportation,Production,Area Y,2024,7,2178.9,bbl,173037.69,mscf
Illizi,Refining,Operations,Field B,2024,4,35142.03,bbl,7250.18,mscf
In Salah,Marketing,Logistics,Field A,2025,2,41967.1,bbl,124355.19,mscf
Illizi,Refining,Production,Field A,2022,5,27908.98,bbl,96604.2,mscf
Adrar,Marketing,Operations,Area X,2025,9,1945.5,bbl,84859.6,mscf
In Salah,Transportation,Logistics,Area Y,2025,2,26009.66,bbl,56926.18,mscf
In Salah,Exploration & Production,Production,Field B,2025,7,18320.23,bbl,17779.88,mscf
Rhourde Nouss,Refining,Operations,Area X,2025,3,15386.55,bbl,154836.85,mscf
Illizi,Refining,Logistics,Area X,2025,12,35988.24,bbl,172574.49,mscf
Rhourde Nouss,Refining,Logistics,Field B,2023,10,14123.63,bbl,66611.71,mscf
Hassi R'Mel,Transportation,Operations,Field B,2025,12,38083.04,bbl,109453.02,mscf
Illizi,Refining,Production,Area Y,2024,3,5928.96,bbl,110801.47,mscf
Illizi,Refining,Logistics,Block 1,2025,8,2893.72,bbl,118682.72,mscf
Illizi,Transportation,Drilling,Block 2,2023,8,23224.77,bbl,148233.8,mscf
Hassi R'Mel,Refining,Drilling,Area Y,2022,11,15329.66,bbl,80844.81,mscf
Berkine,Exploration & Production,Drilling,Area Y,2025,12,44547.14,bbl,80571.27,mscf
Illizi,Marketing,Operations,Block 2,2025,8,29995.68,bbl,87844.03,mscf
Berkine,Transportation,Drilling,Area X,2024,9,39936.9,bbl,102172.32,mscf
Hassi Messaoud,Marketing,Logistics,Block 2,2022,10,21910.27,bbl,77800.84,mscf
In Salah,Marketing,Production,Area Y,2022,9,27066.43,bbl,191026.85,mscf
Adrar,Exploration & Production,Logistics,Block 1,2022,9,11981.55,bbl,199702.6,mscf
In Salah,Exploration & Production,Operations,Field B,2023,1,10701.77,bbl,69312.35,mscf
Hassi R'Mel,Refining,Operations,Area X,2022,7,48322.55,bbl,84633.23,mscf
Adrar,Refining,Drilling,Field A,2025,10,8930.91,bbl,163718.64,mscf
In Salah,Marketing,Logistics,Block 2,2024,9,21488.57,bbl,127323.03,mscf
Berkine,Transportation,Logistics,Block 2,2023,3,46598.87,bbl,6470.49,mscf
Hassi Messaoud,Refining,Logistics,Area Y,2022,10,34902.6,bbl,35153.56,mscf
In Salah,Transportation,Production,Area X,2024,11,44341.71,bbl,183531.9,mscf
Hassi Messaoud,Refining,Drilling,Block 2,2023,1,13766.37,bbl,6527.38,mscf
Rhourde Nouss,Transportation,Operations,Block 1,2022,7,6071.36,bbl,28381.05,mscf
Illizi,Refining,Drilling,Area Y,2022,9,2870.59,bbl,116642.89,mscf
Hassi Messaoud,Refining,Logistics,Area X,2024,11,19159.11,bbl,118259.88,mscf
Adrar,Marketing,Operations,Area X,2024,11,34691.42,bbl,37568.07,mscf
Berkine,Marketing,Operations,Area X,2023,5,15632.67,bbl,112266.77,mscf
Illizi,Transportation,Operations,Area Y,2024,12,2558.1,bbl,199029.15,mscf
Rhourde Nouss,Marketing,Operations,Area Y,2023,1,48627.56,bbl,49234.72,mscf
In Salah,Transportation,Production,Block 2,2023,3,41055.53,bbl,164416.6,mscf
In Salah,Refining,Logistics,Field B,2023,2,22703.09,bbl,21621.66,mscf
Hassi Messaoud,Transportation,Logistics,Area X,2025,6,43051.12,bbl,99671.76,mscf
Adrar,Exploration & Production,Operations,Area Y,2022,11,46169.37,bbl,110409.42,mscf
Berkine,Marketing,Drilling,Block 2,2022,10,15102.16,bbl,65432.94,mscf
Berkine,Marketing,Drilling,Block 2,2023,10,24574.87,bbl,98662.15,mscf
Berkine,Refining,Drilling,Block 1,2022,1,28711.5,bbl,169168.77,mscf
Illizi,Transportation,Logistics,Field A,2022,2,49334.78,bbl,135692.63,mscf
Adrar,Exploration & Production,Production,Block 1,2024,4,32586.21,bbl,114726.12,mscf
Illizi,Transportation,Drilling,Area X,2024,11,19345.16,bbl,144553.64,mscf
Hassi Messaoud,Exploration & Production,Operations,Field B,2024,6,3842.85,bbl,44505.34,mscf
Rhourde Nouss,Marketing,Operations,Block 1,2022,11,34042.24,bbl,74565.55,mscf
Rhourde Nouss,Transportation,Drilling,Block 1,2023,8,23502.17,bbl,194075.5,mscf
In Salah,Refining,Drilling,Field B,2022,1,48447.1,bbl,197708.29,mscf
Berkine,Transportation,Operations,Field B,2024,4,28930.07,bbl,78346.72,mscf
Hassi Messaoud,Refining,Drilling,Block 2,2025,9,25432.5,bbl,114677.48,mscf
Adrar,Refining,Production,Block 2,2024,3,39822.94,bbl,135175.18,mscf
Adrar,Exploration & Production,Production,Block 1,2025,3,30249.8,bbl,98523.56,mscf
Adrar,Exploration & Production,Production,Area Y,2024,4,40507.91,bbl,52380.67,mscf
Hassi Messaoud,Transportation,Operations,Area X,2025,10,44244.66,bbl,31429.61,mscf
In Salah,Exploration & Production,Operations,Block 2,2022,8,46152.54,bbl,55531.21,mscf
In Salah,Exploration & Production,Production,Area X,2024,5,15496.11,bbl,32939.17,mscf
Berkine,Transportation,Production,Field B,2025,2,1450.75,bbl,90132.78,mscf
Rhourde Nouss,Marketing,Operations,Block 1,2023,5,6630.74,bbl,151491.64,mscf
Rhourde Nouss,Transportation,Drilling,Area X,2025,8,33807.83,bbl,7486.88,mscf
Adrar,Exploration & Production,Drilling,Field B,2023,10,30296.35,bbl,65685.35,mscf
Adrar,Exploration & Production,Operations,Field A,2023,5,36111.27,bbl,139652.97,mscf
Illizi,Refining,Operations,Area X,2022,6,12026.24,bbl,129963.28,mscf
Adrar,Transportation,Logistics,Area X,2024,8,11264.82,bbl,13260.42,mscf
Rhourde Nouss,Exploration & Production,Operations,Block 2,2022,5,44641.67,bbl,101869.75,mscf
Hassi Messaoud,Transportation,Logistics,Field B,2023,9,18468.64,bbl,121369.45,mscf
Berkine,Exploration & Production,Drilling,Block 1,2022,2,32458.24,bbl,49071.86,mscf
Rhourde Nouss,Refining,Logistics,Area Y,2025,3,47172.38,bbl,92504.98,mscf
Hassi Messaoud,Exploration & Production,Production,Block 1,2022,12,31875.66,bbl,12669.7,mscf
Hassi R'Mel,Exploration & Production,Production,Area X,2022,8,22717.96,bbl,162097.05,mscf
Illizi,Transportation,Production,Area X,2023,6,45994.21,bbl,142040.72,mscf
Hassi Messaoud,Refining,Operations,Field A,2025,1,11710.99,bbl,63266.46,mscf
Berkine,Refining,Production,Area X,2022,5,23172.54,bbl,184045.9,mscf
Hassi R'Mel,Marketing,Operations,Block 1,2025,8,34734.97,bbl,157052.47,mscf
Rhourde Nouss,Marketing,Operations,Area Y,2022,7,3646.62,bbl,46915.66,mscf
In Salah,Exploration & Production,Production,Field B,2022,6,11824.72,bbl,175157.51,mscf
Hassi Messaoud,Transportation,Logistics,Block 1,2024,10,5998.76,bbl,48148.65,mscf
Berkine,Refining,Operations,Field A,2024,6,15567.37,bbl,191568.36,mscf
Hassi R'Mel,Exploration & Production,Production,Field A,2024,3,24279.73,bbl,151980.74,mscf
Hassi R'Mel,Marketing,Operations,Field A,2022,10,29482.5,bbl,18473.46,mscf
Hassi Messaoud,Exploration & Production,Drilling,Field B,2025,4,7558.39,bbl,92927.5,mscf
Adrar,Transportation,Operations,Field B,2024,1,33037.67,bbl,181578.36,mscf
Berkine,Exploration & Production,Drilling,Area X,2022,2,49377.51,bbl,35543.66,mscf
Hassi Messaoud,Refining,Operations,Area X,2025,10,36382.98,bbl,30181.03,mscf
Adrar,Exploration & Production,Logistics,Area X,2024,11,32410.12,bbl,137526.19,mscf
Illizi,Refining,Logistics,Area Y,2024,8,2504.05,bbl,144502.54,mscf
Berkine,Exploration & Production,Production,Field B,2025,6,46162.52,bbl,162003.95,mscf
In Salah,Exploration & Production,Drilling,Field A,2022,8,10402.04,bbl,43234.77,mscf
Adrar,Marketing,Logistics,Area Y,2025,6,14889.27,bbl,98024.15,mscf
Berkine,Transportation,Logistics,Area X,2023,4,8220.67,bbl,47970.97,mscf
Adrar,Marketing,Logistics,Area Y,2025,9,49463.07,bbl,191870.83,mscf
Berkine,Refining,Logistics,Field B,2023,7,29337.63,bbl,35975.31,mscf
Hassi Messaoud,Transportation,Production,Area X,2022,11,35353.82,bbl,151040.99,mscf
In Salah,Transportation,Production,Block 1,2024,7,16513.67,bbl,80699.86,mscf
Illizi,Refining,Production,Field A,2025,8,5071.18,bbl,133021.45,mscf
Berkine,Marketing,Operations,Field A,2023,4,18870.42,bbl,197284.92,mscf
Rhourde Nouss,Refining,Production,Area Y,2022,1,45658.44,bbl,28383.7,mscf
In Salah,Exploration & Production,Drilling,Block 2,2023,7,4588.25,bbl,174284.23,mscf
In Salah,Exploration & Production,Drilling,Area X,2023,10,11107.12,bbl,69733.24,mscf
Illizi,Refining,Logistics,Area Y,2022,1,36143.51,bbl,41310.22,mscf
In Salah,Marketing,Operations,Area Y,2022,12,31592.11,bbl,89718.51,mscf
Adrar,Marketing,Logistics,Field A,2025,6,23301.28,bbl,9108.3,mscf
Illizi,Exploration & Production,Operations,Field B,2023,1,49685.48,bbl,192150.17,mscf
Illizi,Refining,Production,Area Y,2025,2,18135.83,bbl,186089.31,mscf
Berkine,Exploration & Production,Logistics,Area Y,2025,11,14699.55,bbl,192766.93,mscf
Berkine,Exploration & Production,Logistics,Area X,2023,6,5170.31,bbl,149189.65,mscf
Hassi R'Mel,Refining,Drilling,Block 1,2023,2,28136.61,bbl,98061.79,mscf
Rhourde Nouss,Marketing,Logistics,Area Y,2024,12,16777.66,bbl,107113.38,mscf
In Salah,Marketing,Logistics,Field B,2025,2,23499.5,bbl,194341.03,mscf
Berkine,Marketing,Operations,Area Y,2025,6,22274.44,bbl,156928.6,mscf
Hassi Messaoud,Transportation,Drilling,Block 2,2025,9,15779.5,bbl,99149.79,mscf
Berkine,Transportation,Operations,Area Y,2025,7,41454.86,bbl,186269.98,mscf
In Salah,Marketing,Operations,Area X,2025,8,12794.09,bbl,123710.19,mscf
In Salah,Marketing,Drilling,Area Y,2025,10,45581.93,bbl,121019.71,mscf
Hassi R'Mel,Exploration & Production,Production,Field A,2022,1,6262.06,bbl,35492.87,mscf
Adrar,Transportation,Operations,Field A,2022,7,47696.35,bbl,95791.86,mscf
Berkine,Refining,Production,Area X,2022,5,43642.64,bbl,21859.83,mscf
Illizi,Exploration & Production,Production,Block 2,2022,3,33158.89,bbl,189894.31,mscf
Rhourde Nouss,Transportation,Logistics,Field A,2025,1,19451.58,bbl,191876.19,mscf
Hassi Messaoud,Transportation,Drilling,Field B,2025,3,26341.53,bbl,57323.03,mscf
Berkine,Refining,Logistics,Field A,2023,7,42473.55,bbl,9042.65,mscf
Berkine,Exploration & Production,Production,Field B,2024,2,24732.84,bbl,164153.63,mscf
Adrar,Refining,Production,Field B,2025,7,14067.75,bbl,20693.73,mscf
Hassi Messaoud,Exploration & Production,Drilling,Field A,2024,6,41957.33,bbl,130258.1,mscf
Rhourde Nouss,Refining,Production,Block 2,2025,8,22372.92,bbl,172204.39,mscf
Hassi R'Mel,Refining,Production,Block 2,2022,2,21350.66,bbl,74336.43,mscf
In Salah,Refining,Drilling,Area X,2025,1,42485.74,bbl,116417.72,mscf
Berkine,Exploration & Production,Production,Block 1,2024,1,22110.55,bbl,135059.55,mscf
In Salah,Exploration & Production,Logistics,Field B,2022,5,27343.41,bbl,28490.13,mscf
Rhourde Nouss,Marketing,Production,Field B,2025,2,48199.17,bbl,159700.81,mscf
Berkine,Exploration & Production,Drilling,Area Y,2025,1,1496.97,bbl,54086.1,mscf
Hassi Messaoud,Exploration & Production,Logistics,Block 1,2024,9,5061.45,bbl,45449.64,mscf
Hassi R'Mel,Exploration & Production,Operations,Block 2,2023,8,6886.87,bbl,143661.05,mscf
Hassi Messaoud,Exploration & Production,Logistics,Block 2,2025,6,41226.11,bbl,115342.91,mscf
In Salah,Exploration & Production,Production,Field B,2024,7,13435.54,bbl,122429.5,mscf
Berkine,Transportation,Drilling,Block 2,2024,1,26359.36,bbl,173577.95,mscf
In Salah,Refining,Logistics,Area Y,2022,1,37837.8,bbl,190805.81,mscf
Rhourde Nouss,Refining,Operations,Block 1,2025,5,39404.21,bbl,50143.93,mscf
Illizi,Marketing,Operations,Block 2,2024,11,37543.92,bbl,195021.24,mscf
Hassi Messaoud,Transportation,Drilling,Area X,2022,12,21757.51,bbl,12000.45,mscf
Illizi,Transportation,Drilling,Field A,2022,10,46326.11,bbl,147036.89,mscf
Rhourde Nouss,Transportation,Operations,Area X,2023,3,17948.61,bbl,56469.03,mscf
Hassi R'Mel,Marketing,Logistics,Area X,2023,12,8055.52,bbl,162366.87,mscf
In Salah,Transportation,Drilling,Field A,2022,2,24058.52,bbl,70018.77,mscf
Berkine,Exploration & Production,Drilling,Field B,2023,5,14233.09,bbl,93604.82,mscf
Hassi R'Mel,Refining,Drilling,Block 1,2023,4,22971.67,bbl,84521.53,mscf
Illizi,Exploration & Production,Drilling,Area X,2024,2,4529.14,bbl,187939.03,mscf
Berkine,Transportation,Operations,Block 2,2024,5,44496.62,bbl,32836.24,mscf
In Salah,Refining,Logistics,Area Y,2025,8,20956.01,bbl,10102.72,mscf
Hassi R'Mel,Exploration & Production,Operations,Field A,2023,9,17554.56,bbl,122090.96,mscf
In Salah,Refining,Production,Area X,2025,8,7386.85,bbl,137374.2,mscf
Rhourde Nouss,Refining,Operations,Block 2,2023,11,28744.04,bbl,59827.16,mscf
Hassi Messaoud,Exploration & Production,Drilling,Field A,2023,2,49977.88,bbl,164299.0,mscf
Hassi Messaoud,Refining,Operations,Field B,2024,12,4845.57,bbl,71378.52,mscf
Hassi R'Mel,Refining,Production,Block 2,2024,10,26305.79,bbl,190814.79,mscf
In Salah,Marketing,Production,Block 2,2023,2,45251.16,bbl,101535.01,mscf
Illizi,Transportation,Drilling,Area X,2025,8,19462.98,bbl,143393.75,mscf
Berkine,Refining,Drilling,Block 1,2022,12,38049.91,bbl,127710.79,mscf
Hassi R'Mel,Marketing,Production,Block 1,2024,1,28754.93,bbl,120510.54,mscf
Berkine,Refining,Production,Field A,2022,6,30013.62,bbl,97030.88,mscf
Illizi,Transportation,Operations,Field B,2023,8,48905.56,bbl,184105.95,mscf
Adrar,Refining,Logistics,Field B,2025,9,15548.69,bbl,122431.58,mscf
Illizi,Refining,Production,Field B,2025,8,20060.1,bbl,122553.35,mscf
Adrar,Marketing,Logistics,Block 2,2025,8,21307.0,bbl,188307.2,mscf
Berkine,Marketing,Drilling,Field A,2024,4,13976.79,bbl,100666.21,mscf
Hassi R'Mel,Refining,Logistics,Area X,2025,7,45666.66,bbl,68555.9,mscf
Hassi Messaoud,Transportation,Logistics,Area X,2025,1,15423.54,bbl,69349.14,mscf
Illizi,Marketing,Logistics,Field A,2025,5,4752.43,bbl,36934.16,mscf
Berkine,Marketing,Operations,Area Y,2023,2,30658.53,bbl,24544.5,mscf
Adrar,Exploration & Production,Drilling,Block 2,2022,9,31625.09,bbl,130664.58,mscf
Illizi,Marketing,Logistics,Field B,2024,4,38039.3,bbl,93572.36,mscf
Illizi,Refining,Operations,Field B,2025,6,39129.34,bbl,154459.59,mscf
Rhourde Nouss,Refining,Production,Block 2,2023,3,45881.38,bbl,91992.12,mscf
Hassi Messaoud,Exploration & Production,Operations,Field B,2023,2,7984.94,bbl,173436.24,mscf
Berkine,Transportation,Drilling,Block 2,2024,1,44922.12,bbl,81273.33,mscf
In Salah,Transportation,Operations,Block 1,2023,4,35299.13,bbl,51314.69,mscf
Illizi,Transportation,Logistics,Block 1,2022,11,39464.07,bbl,86020.49,mscf
Hassi R'Mel,Transportation,Operations,Block 1,2025,5,22420.46,bbl,104742.17,mscf
Berkine,Refining,Production,Field A,2024,7,20648.93,bbl,29192.25,mscf
Hassi Messaoud,Exploration & Production,Drilling,Area X,2024,12,24417.16,bbl,87711.3,mscf
Adrar,Refining,Operations,Block 2,2025,11,8940.58,bbl,28949.11,mscf
Hassi R'Mel,Marketing,Operations,Area X,2024,1,14301.08,bbl,76206.82,mscf
Berkine,Exploration & Production,Logistics,Field A,2024,4,20415.37,bbl,87614.44,mscf
Hassi Messaoud,Marketing,Operations,Field B,2023,6,11160.38,bbl,8542.09,mscf
Hassi Messaoud,Marketing,Drilling,Field B,2023,4,9695.78,bbl,9970.59,mscf
Rhourde Nouss,Exploration & Production,Production,Block 2,2023,10,45904.95,bbl,74358.05,mscf
In Salah,Refining,Operations,Block 2,2022,7,11146.48,bbl,26172.83,mscf
Hassi R'Mel,Marketing,Logistics,Block 1,2023,5,8399.79,bbl,171978.63,mscf
Adrar,Transportation,Production,Area Y,2025,5,8137.22,bbl,191259.32,mscf
Berkine,Refining,Operations,Area Y,2022,7,13586.42,bbl,140475.71,mscf
Illizi,Exploration & Production,Production,Area Y,2022,10,17984.03,bbl,45850.21,mscf
Berkine,Exploration & Production,Logistics,Field B,2022,6,6277.79,bbl,157903.76,mscf
Illizi,Transportation,Drilling,Block 1,2022,10,1610.17,bbl,22788.55,mscf
Illizi,Refining,Logistics,Field A,2025,12,6806.09,bbl,86953.94,mscf
Illizi,Transportation,Drilling,Block 1,2025,11,16021.05,bbl,158676.98,mscf
Hassi Messaoud,Exploration & Production,Production,Block 2,2024,5,49241.84,bbl,23355.52,mscf
In Salah,Refining,Logistics,Block 2,2024,3,33471.51,bbl,67232.9,mscf
Hassi Messaoud,Transportation,Drilling,Area X,2023,4,43632.43,bbl,55371.66,mscf
Berkine,Refining,Production,Field A,2022,8,22290.82,bbl,77472.79,mscf
Adrar,Marketing,Operations,Area Y,2025,8,32663.97,bbl,159738.51,mscf
In Salah,Exploration & Production,Drilling,Area X,2022,11,28502.03,bbl,163537.09,mscf
Hassi Messaoud,Exploration & Production,Production,Block 1,2023,12,48059.33,bbl,12122.64,mscf
Illizi,Exploration & Production,Operations,Block 2,2025,6,30259.08,bbl,153998.17,mscf
Rhourde Nouss,Transportation,Logistics,Field A,2023,5,21075.21,bbl,30751.89,mscf
Illizi,Refining,Drilling,Area Y,2025,4,41677.66,bbl,61744.16,mscf
In Salah,Exploration & Production,Drilling,Field A,2023,12,40117.02,bbl,151409.81,mscf
Hassi R'Mel,Marketing,Operations,Block 1,2024,10,35649.07,bbl,24859.46,mscf
Rhourde Nouss,Transportation,Production,Area Y,2022,7,10731.02,bbl,166181.28,mscf
Adrar,Refining,Operations,Block 2,2023,1,33120.47,bbl,83718.5,mscf
Illizi,Exploration & Production,Operations,Field B,2025,1,45441.25,bbl,146948.23,mscf
Illizi,Transportation,Drilling,Area X,2025,5,43256.25,bbl,160805.02,mscf
Illizi,Transportation,Operations,Field A,2025,5,43160.21,bbl,87839.67,mscf
In Salah,Refining,Production,Block 2,2022,5,28141.6,bbl,96292.19,mscf
Hassi Messaoud,Exploration & Production,Operations,Field B,2022,8,26943.82,bbl,147397.03,mscf
Adrar,Transportation,Production,Area Y,2023,11,34782.63,bbl,168145.12,mscf
Rhourde Nouss,Transportation,Operations,Area X,2025,2,5671.97,bbl,122977.31,mscf
Hassi Messaoud,Exploration & Production,Drilling,Field A,2022,6,22587.01,bbl,162479.77,mscf
Adrar,Refining,Drilling,Area X,2023,11,24403.89,bbl,56906.71,mscf
Rhourde Nouss,Marketing,Logistics,Field B,2022,6,46791.42,bbl,175121.06,mscf
Hassi Messaoud,Exploration & Production,Logistics,Area X,2023,8,48837.38,bbl,135187.1,mscf
Hassi R'Mel,Transportation,Operations,Block 1,2025,4,14379.66,bbl,130990.69,mscf
Illizi,Marketing,Drilling,Block 1,2022,2,27634.39,bbl,109730.8,mscf
Adrar,Transportation,Drilling,Field B,2022,8,27799.15,bbl,106860.3,mscf
Berkine,Exploration & Production,Drilling,Field B,2023,10,11776.21,bbl,21165.35,mscf
In Salah,Refining,Operations,Block 2,2024,10,33076.62,bbl,26725.8,mscf
In Salah,Transportation,Production,Field A,2024,3,6173.58,bbl,53226.76,mscf
Illizi,Transportation,Logistics,Block 2,2022,7,8372.87,bbl,171718.53,mscf
Illizi,Exploration & Production,Drilling,Block 2,2025,10,21139.67,bbl,56534.29,mscf
Hassi R'Mel,Refining,Operations,Field A,2025,9,41203.05,bbl,174341.38,mscf
Hassi Messaoud,Marketing,Logistics,Field B,2024,11,14940.26,bbl,179883.37,mscf
Illizi,Refining,Production,Field B,2025,11,47869.68,bbl,16211.67,mscf
Adrar,Refining,Drilling,Field A,2024,3,31384.33,bbl,33745.7,mscf
Hassi R'Mel,Marketing,Logistics,Field A,2022,2,25290.65,bbl,63972.44,mscf
Illizi,Marketing,Operations,Area Y,2023,2,22561.18,bbl,68315.77,mscf
Hassi R'Mel,Marketing,Drilling,Field B,2023,9,37115.08,bbl,104705.18,mscf
In Salah,Refining,Operations,Field A,2023,8,26654.6,bbl,37960.7,mscf
Hassi R'Mel,Refining,Production,Field A,2023,7,15294.6,bbl,72443.82,mscf
Illizi,Transportation,Production,Block 2,2022,11,26909.21,bbl,159665.64,mscf
Illizi,Refining,Logistics,Area Y,2023,7,18202.8,bbl,8944.89,mscf
Adrar,Transportation,Operations,Area Y,2024,11,33329.13,bbl,128759.46,mscf
In Salah,Refining,Drilling,Area X,2023,3,46056.79,bbl,6831.74,mscf
In Salah,Refining,Logistics,Area X,2022,7,30596.65,bbl,113770.64,mscf
Adrar,Marketing,Operations,Field B,2023,8,29181.46,bbl,65171.09,mscf
Berkine,Marketing,Logistics,Block 1,2023,3,6957.43,bbl,110963.03,mscf
Hassi R'Mel,Transportation,Production,Area Y,2022,8,40972.95,bbl,122568.29,mscf
Rhourde Nouss,Refining,Drilling,Field A,2023,5,34118.4,bbl,136533.5,mscf
In Salah,Marketing,Production,Area X,2024,5,21758.21,bbl,119652.12,mscf
Hassi R'Mel,Transportation,Production,Field A,2023,8,10122.22,bbl,6335.07,mscf
In Salah,Transportation,Drilling,Block 2,2024,5,27954.61,bbl,186657.41,mscf
Rhourde Nouss,Refining,Operations,Block 1,2023,6,35594.52,bbl,174094.02,mscf
Berkine,Exploration & Production,Production,Block 2,2023,12,4589.58,bbl,99044.27,mscf
Berkine,Transportation,Drilling,Field B,2022,2,31385.96,bbl,93603.09,mscf
Berkine,Exploration & Production,Logistics,Field B,2022,11,1891.47,bbl,122145.14,mscf
Berkine,Refining,Logistics,Block 2,2025,11,43028.47,bbl,140523.59,mscf
Rhourde Nouss,Refining,Production,Field A,2023,8,33097.24,bbl,126577.93,mscf
Illizi,Transportation,Drilling,Field A,2022,12,11888.43,bbl,163736.87,mscf
Rhourde Nouss,Exploration & Production,Operations,Area X,2022,7,22771.17,bbl,162750.44,mscf
Adrar,Marketing,Operations,Field B,2024,12,8881.43,bbl,168709.56,mscf
Hassi R'Mel,Exploration & Production,Operations,Area X,2025,9,12557.24,bbl,45899.8,mscf
Illizi,Marketing,Operations,Block 1,2025,7,7006.91,bbl,56563.97,mscf
Hassi R'Mel,Refining,Logistics,Area Y,2023,4,18486.96,bbl,28744.42,mscf
Illizi,Transportation,Production,Block 1,2022,1,18399.06,bbl,159715.5,mscf
Rhourde Nouss,Refining,Operations,Area Y,2025,12,5029.42,bbl,58967.04,mscf
Illizi,Exploration & Production,Logistics,Field B,2024,2,37834.48,bbl,18522.42,mscf
Berkine,Refining,Drilling,Area Y,2025,3,48139.07,bbl,180748.68,mscf
In Salah,Exploration & Production,Operations,Area X,2024,10,46874.99,bbl,54633.56,mscf
Adrar,Transportation,Production,Area X,2025,1,34590.67,bbl,127368.13,mscf
Berkine,Exploration & Production,Production,Field A,2023,9,5502.82,bbl,103809.43,mscf
Hassi R'Mel,Marketing,Production,Block 1,2025,4,13602.76,bbl,149625.17,mscf
Hassi R'Mel,Transportation,Drilling,Area X,2025,10,32414.44,bbl,133148.01,mscf
Hassi R'Mel,Marketing,Production,Block 2,2023,1,4934.55,bbl,175215.04,mscf
Berkine,Exploration & Production,Operations,Block 1,2022,1,2465.64,bbl,83271.22,mscf
Rhourde Nouss,Refining,Production,Block 1,2024,11,16394.07,bbl,197262.42,mscf
Adrar,Transportation,Logistics,Area X,2023,3,36226.12,bbl,105090.18,mscf
Hassi R'Mel,Refining,Drilling,Block 2,2023,8,40572.27,bbl,193633.28,mscf
In Salah,Exploration & Production,Drilling,Area Y,2022,7,27769.11,bbl,177438.17,mscf
Rhourde Nouss,Exploration & Production,Operations,Block 2,2022,8,28238.44,bbl,16637.47,mscf
Hassi R'Mel,Exploration & Production,Drilling,Area X,2022,6,28247.1,bbl,20772.04,mscf
Illizi,Marketing,Operations,Block 2,2024,10,15007.7,bbl,96334.4,mscf
Adrar,Refining,Drilling,Area Y,2025,7,34391.96,bbl,168513.93,mscf
Berkine,Transportation,Operations,Block 2,2025,8,48390.9,bbl,152731.81,mscf
Rhourde Nouss,Exploration & Production,Production,Field A,2025,1,40701.17,bbl,92646.99,mscf
Hassi R'Mel,Refining,Production,Area X,2023,10,21539.7,bbl,76227.51,mscf
Adrar,Transportation,Production,Area X,2022,9,22073.25,bbl,144653.91,mscf
Illizi,Marketing,Drilling,Area X,2025,9,12695.22,bbl,20953.78,mscf
In Salah,Transportation,Operations,Block 1,2023,11,15969.65,bbl,107020.04,mscf
Rhourde Nouss,Marketing,Logistics,Area Y,2023,7,2613.09,bbl,196769.27,mscf
Berkine,Marketing,Production,Area Y,2023,10,30274.26,bbl,179662.33,mscf
In Salah,Refining,Drilling,Area Y,2023,5,15515.64,bbl,192013.22,mscf
Hassi R'Mel,Marketing,Operations,Field A,2022,4,21072.25,bbl,196381.61,mscf
Rhourde Nouss,Marketing,Production,Field B,2024,4,29168.08,bbl,35133.85,mscf
In Salah,Exploration & Production,Operations,Block 1,2024,2,39646.59,bbl,75988.51,mscf
In Salah,Exploration & Production,Production,Field B,2024,11,15969.86,bbl,26058.59,mscf
Berkine,Exploration & Production,Drilling,Area Y,2023,12,13361.86,bbl,104553.82,mscf
Hassi R'Mel,Transportation,Drilling,Field A,2025,1,39779.5,bbl,10408.48,mscf
Berkine,Transportation,Logistics,Block 2,2025,10,35965.31,bbl,48831.28,mscf
Hassi R'Mel,Transportation,Drilling,Area X,2025,7,16469.59,bbl,49657.09,mscf
Adrar,Marketing,Logistics,Field B,2025,10,8913.5,bbl,15006.06,mscf
In Salah,Marketing,Production,Field A,2022,10,12249.7,bbl,118380.13,mscf
Rhourde Nouss,Transportation,Logistics,Area X,2024,7,1787.01,bbl,60066.74,mscf
Hassi R'Mel,Marketing,Logistics,Field A,2023,1,41408.24,bbl,88440.28,mscf
In Salah,Refining,Production,Block 2,2022,4,3786.15,bbl,174900.38,mscf
Berkine,Exploration & Production,Production,Field A,2025,3,23627.75,bbl,147961.22,mscf
Berkine,Exploration & Production,Logistics,Block 2,2022,1,26237.99,bbl,124147.97,mscf
Illizi,Marketing,Drilling,Block 2,2024,5,44688.07,bbl,24801.2,mscf
In Salah,Marketing,Drilling,Block 1,2025,11,30110.85,bbl,8197.23,mscf
Berkine,Exploration & Production,Drilling,Area X,2023,9,21721.49,bbl,40573.67,mscf
Hassi Messaoud,Marketing,Production,Block 1,2024,7,5189.28,bbl,67736.94,mscf
In Salah,Transportation,Production,Field A,2022,2,33050.56,bbl,127734.11,mscf
Hassi Messaoud,Exploration & Production,Production,Field B,2022,3,19368.53,bbl,71442.78,mscf
Berkine,Exploration & Production,Drilling,Area X,2023,8,30126.78,bbl,26470.05,mscf
Hassi R'Mel,Exploration & Production,Logistics,Area X,2024,5,47158.09,bbl,82278.44,mscf
In Salah,Refining,Logistics,Field B,2022,12,17811.03,bbl,129452.12,mscf
Hassi R'Mel,Transportation,Production,Block 1,2023,12,33681.62,bbl,59467.15,mscf
Adrar,Refining,Production,Area X,2022,10,40400.06,bbl,90671.79,mscf
Rhourde Nouss,Refining,Logistics,Area Y,2022,1,5796.58,bbl,64733.31,mscf
Adrar,Refining,Operations,Area Y,2024,2,13238.04,bbl,188869.85,mscf
Rhourde Nouss,Refining,Operations,Block 2,2025,5,23142.38,bbl,11814.15,mscf
Hassi Messaoud,Transportation,Operations,Area X,2025,1,14591.44,bbl,84647.74,mscf
Rhourde Nouss,Marketing,Production,Area Y,2024,5,26261.53,bbl,60138.79,mscf
Rhourde Nouss,Transportation,Production,Block 1,2025,10,38364.3,bbl,117347.29,mscf
Rhourde Nouss,Transportation,Operations,Block 2,2025,9,46626.02,bbl,82984.83,mscf
In Salah,Exploration & Production,Operations,Block 1,2023,3,10135.08,bbl,110977.56,mscf
In Salah,Exploration & Production,Logistics,Area X,2024,2,49861.19,bbl,122009.17,mscf
Adrar,Transportation,Production,Area X,2023,10,2558.93,bbl,86161.38,mscf
Adrar,Marketing,Logistics,Block 2,2022,12,36064.44,bbl,64831.67,mscf
Berkine,Exploration & Production,Operations,Field A,2023,9,43204.54,bbl,48847.46,mscf
Berkine,Transportation,Logistics,Area Y,2023,5,40692.61,bbl,95256.15,mscf
Berkine,Marketing,Logistics,Block 1,2022,11,45137.42,bbl,136052.46,mscf
Hassi Messaoud,Refining,Production,Block 2,2022,8,1803.19,bbl,88280.41,mscf
Berkine,Transportation,Production,Block 2,2025,4,44117.44,bbl,56221.99,mscf
Hassi R'Mel,Exploration & Production,Drilling,Block 2,2024,8,22656.37,bbl,168582.22,mscf
Adrar,Exploration & Production,Drilling,Area X,2022,5,47772.54,bbl,166132.65,mscf
Illizi,Refining,Production,Block 1,2025,1,41190.07,bbl,146310.61,mscf
Hassi Messaoud,Refining,Production,Field A,2022,1,20737.27,bbl,153737.86,mscf
In Salah,Refining,Production,Field A,2024,2,10984.13,bbl,186970.53,mscf
Adrar,Marketing,Logistics,Area Y,2023,10,39028.93,bbl,180884.12,mscf
Hassi R'Mel,Transportation,Operations,Area X,2023,11,3752.1,bbl,85405.89,mscf
Hassi Messaoud,Refining,Logistics,Field B,2022,5,38704.13,bbl,44919.34,mscf
Hassi Messaoud,Transportation,Drilling,Area Y,2024,4,42240.31,bbl,171469.46,mscf
Hassi R'Mel,Transportation,Production,Area X,2025,9,29384.21,bbl,148756.11,mscf
Berkine,Exploration & Production,Drilling,Field A,2025,9,22920.46,bbl,188729.66,mscf
In Salah,Exploration & Production,Operations,Area Y,2023,10,37197.79,bbl,134901.99,mscf
Berkine,Exploration & Production,Logistics,Area X,2024,8,5446.25,bbl,173177.35,mscf
Berkine,Exploration & Production,Drilling,Block 1,2022,12,1933.21,bbl,53312.07,mscf
Berkine,Marketing,Logistics,Area Y,2024,11,42570.36,bbl,56223.85,mscf
In Salah,Exploration & Production,Production,Area Y,2024,8,31178.44,bbl,149862.31,mscf
Rhourde Nouss,Exploration & Production,Operations,Area X,2025,2,14911.8,bbl,80563.02,mscf
Hassi R'Mel,Transportation,Operations,Block 1,2024,7,49490.46,bbl,148297.32,mscf
In Salah,Transportation,Drilling,Block 1,2024,1,28723.12,bbl,89646.44,mscf
Illizi,Marketing,Production,Field B,2022,7,1259.16,bbl,113252.32,mscf
Berkine,Marketing,Logistics,Area X,2024,7,20571.81,bbl,159483.79,mscf
Illizi,Refining,Production,Block 1,2024,9,28947.85,bbl,130275.06,mscf
In Salah,Refining,Production,Area Y,2022,11,34702.28,bbl,173785.26,mscf
In Salah,Marketing,Operations,Area Y,2024,9,10880.45,bbl,194903.91,mscf
In Salah,Marketing,Logistics,Block 2,2022,8,43042.25,bbl,104223.48,mscf
Hassi R'Mel,Refining,Logistics,Area X,2024,7,30009.6,bbl,45971.15,mscf
Adrar,Exploration & Production,Production,Block 2,2025,9,31294.23,bbl,50615.01,mscf
In Salah,Refining,Logistics,Block 2,2023,12,24644.74,bbl,186027.91,mscf
Rhourde Nouss,Refining,Logistics,Block 1,2023,7,47157.41,bbl,157574.41,mscf
Hassi R'Mel,Marketing,Logistics,Area Y,2023,7,37267.35,bbl,24119.82,mscf
Rhourde Nouss,Marketing,Logistics,Area Y,2024,3,11037.89,bbl,91348.91,mscf
Berkine,Transportation,Drilling,Area X,2025,3,36939.48,bbl,155123.19,mscf
Berkine,Refining,Production,Field B,2023,5,3675.41,bbl,70989.6,mscf
Adrar,Marketing,Production,Field A,2024,12,11525.33,bbl,122755.41,mscf
Hassi Messaoud,Exploration & Production,Logistics,Field B,2025,10,41249.14,bbl,136817.15,mscf
Illizi,Transportation,Logistics,Area X,2025,9,35198.32,bbl,126492.34,mscf
Adrar,Exploration & Production,Drilling,Area Y,2025,9,18744.97,bbl,11315.93,mscf
Berkine,Refining,Drilling,Field A,2023,5,29906.34,bbl,182545.6,mscf
Adrar,Marketing,Drilling,Field B,2023,7,4319.26,bbl,196477.4,mscf
Rhourde Nouss,Exploration & Production,Production,Field A,2022,5,10874.58,bbl,138845.73,mscf
Berkine,Refining,Logistics,Area X,2022,9,39284.43,bbl,5527.19,mscf
Illizi,Refining,Logistics,Area X,2025,6,30792.46,bbl,167592.29,mscf
Illizi,Exploration & Production,Drilling,Field B,2024,8,33793.14,bbl,166284.16,mscf
Berkine,Refining,Production,Field B,2025,1,3719.09,bbl,41700.38,mscf
Hassi Messaoud,Refining,Logistics,Field A,2025,1,27159.97,bbl,25226.49,mscf
Hassi Messaoud,Transportation,Production,Block 2,2025,8,21856.02,bbl,42384.78,mscf
Berkine,Transportation,Production,Area X,2025,5,16693.81,bbl,101835.43,mscf
Rhourde Nouss,Refining,Drilling,Area Y,2024,4,17635.82,bbl,149537.48,mscf
Hassi R'Mel,Marketing,Drilling,Area Y,2024,5,32628.98,bbl,50589.62,mscf
Hassi Messaoud,Exploration & Production,Production,Block 2,2022,10,30998.0,bbl,44722.86,mscf
Hassi Messaoud,Exploration & Production,Drilling,Block 1,2025,6,10931.84,bbl,153627.05,mscf
In Salah,Marketing,Drilling,Field A,2025,12,40396.61,bbl,195021.38,mscf
Berkine,Refining,Production,Field A,2025,3,39672.9,bbl,169718.33,mscf
Illizi,Exploration & Production,Operations,Block 2,2022,9,24170.35,bbl,131094.77,mscf
Illizi,Transportation,Drilling,Field A,2023,8,1684.54,bbl,106189.54,mscf
Adrar,Exploration & Production,Logistics,Field B,2025,9,25755.23,bbl,10874.93,mscf
Hassi Messaoud,Refining,Drilling,Area X,2024,6,3631.87,bbl,148268.87,mscf
Hassi R'Mel,Refining,Production,Block 2,2022,11,43377.19,bbl,110099.37,mscf
Hassi R'Mel,Exploration & Production,Operations,Field A,2025,2,49910.83,bbl,49404.39,mscf
Illizi,Marketing,Operations,Block 2,2022,1,33272.9,bbl,116155.33,mscf
Illizi,Marketing,Operations,Block 1,2022,9,19359.36,bbl,21680.16,mscf
Rhourde Nouss,Transportation,Operations,Area Y,2024,5,29934.71,bbl,95464.81,mscf
Hassi Messaoud,Exploration & Production,Drilling,Block 1,2022,8,48106.18,bbl,14609.67,mscf
Illizi,Refining,Drilling,Area X,2025,4,7040.49,bbl,73751.82,mscf
Illizi,Transportation,Drilling,Block 2,2025,3,30916.63,bbl,128125.81,mscf
Rhourde Nouss,Marketing,Drilling,Block 1,2025,4,15851.45,bbl,175358.7,mscf
Adrar,Refining,Logistics,Area Y,2023,5,45664.67,bbl,170935.07,mscf
Hassi Messaoud,Marketing,Logistics,Area Y,2024,5,45110.38,bbl,65008.51,mscf
Adrar,Refining,Operations,Block 1,2023,2,19778.25,bbl,141307.92,mscf
Adrar,Exploration & Production,Logistics,Area Y,2023,10,3709.29,bbl,55934.21,mscf
In Salah,Exploration & Production,Drilling,Field B,2023,3,30559.31,bbl,135621.6,mscf
In Salah,Refining,Production,Field A,2022,12,45334.77,bbl,8327.84,mscf
Illizi,Transportation,Logistics,Field B,2025,7,38913.38,bbl,155462.32,mscf
Hassi Messaoud,Marketing,Operations,Area Y,2025,1,26842.0,bbl,115450.04,mscf
Hassi Messaoud,Exploration & Production,Logistics,Area X,2022,11,25704.53,bbl,77424.9,mscf
Illizi,Marketing,Production,Block 2,2022,5,5289.94,bbl,77970.14,mscf
Rhourde Nouss,Refining,Logistics,Area X,2022,9,30568.89,bbl,31218.35,mscf
Hassi Messaoud,Exploration & Production,Operations,Area Y,2025,7,6484.65,bbl,87139.13,mscf
Berkine,Exploration & Production,Production,Block 1,2022,7,4433.67,bbl,49526.41,mscf
Adrar,Exploration & Production,Logistics,Block 2,2023,8,25080.77,bbl,146414.42,mscf
In Salah,Transportation,Production,Area Y,2025,4,38584.07,bbl,47905.36,mscf
Berkine,Refining,Production,Field A,2022,10,40624.63,bbl,123297.15,mscf
Hassi R'Mel,Marketing,Drilling,Block 1,2022,7,19777.58,bbl,130017.89,mscf
Adrar,Refining,Production,Block 1,2023,7,17997.99,bbl,155041.3,mscf
Rhourde Nouss,Marketing,Production,Area Y,2025,11,40999.02,bbl,18076.77,mscf
Adrar,Marketing,Drilling,Field A,2023,12,27923.67,bbl,181369.15,mscf
Hassi R'Mel,Exploration & Production,Production,Area X,2022,11,16850.2,bbl,193585.38,mscf
Hassi R'Mel,Exploration & Production,Operations,Area Y,2023,2,13667.48,bbl,103458.33,mscf
Illizi,Transportation,Production,Area Y,2022,9,20214.67,bbl,118213.39,mscf
In Salah,Marketing,Operations,Area X,2023,8,25826.71,bbl,42175.88,mscf
Hassi Messaoud,Transportation,Production,Area Y,2023,4,29514.71,bbl,23382.78,mscf
Hassi Messaoud,Transportation,Drilling,Field A,2025,9,4606.75,bbl,138982.82,mscf
In Salah,Exploration & Production,Production,Field A,2024,9,28484.12,bbl,144487.97,mscf
Hassi Messaoud,Transportation,Operations,Block 1,2023,5,26599.34,bbl,35038.41,mscf
Hassi R'Mel,Refining,Operations,Block 1,2024,3,38876.58,bbl,110172.16,mscf
Rhourde Nouss,Exploration & Production,Logistics,Field B,2023,9,8122.22,bbl,178901.74,mscf
Rhourde Nouss,Marketing,Production,Area X,2023,11,11833.19,bbl,66750.19,mscf
Adrar,Refining,Production,Field A,2023,6,10844.53,bbl,27297.72,mscf
Hassi Messaoud,Marketing,Operations,Area X,2024,12,32995.36,bbl,90324.27,mscf
Adrar,Exploration & Production,Production,Block 1,2025,6,16097.51,bbl,95144.51,mscf
Rhourde Nouss,Marketing,Production,Area Y,2024,10,46546.42,bbl,19831.63,mscf
Adrar,Marketing,Logistics,Field A,2025,7,36225.21,bbl,45198.37,mscf
Adrar,Exploration & Production,Drilling,Area X,2024,4,24271.42,bbl,175929.89,mscf
Adrar,Transportation,Logistics,Area Y,2024,6,33210.61,bbl,81207.05,mscf
Hassi Messaoud,Marketing,Logistics,Area X,2022,4,20138.01,bbl,34411.37,mscf
Adrar,Transportation,Drilling,Area Y,2025,3,41475.13,bbl,153717.0,mscf
Hassi R'Mel,Exploration & Production,Drilling,Block 2,2022,4,15904.93,bbl,197789.45,mscf
Hassi R'Mel,Exploration & Production,Logistics,Block 2,2024,9,39764.28,bbl,113961.57,mscf
Berkine,Exploration & Production,Operations,Block 2,2025,1,1674.82,bbl,63791.63,mscf
Adrar,Transportation,Production,Field A,2022,4,45976.76,bbl,186354.92,mscf
Hassi Messaoud,Refining,Drilling,Field A,2022,2,3847.39,bbl,197262.85,mscf
Adrar,Marketing,Production,Field B,2025,1,4476.61,bbl,177403.93,mscf
Hassi R'Mel,Marketing,Logistics,Field A,2025,5,46639.23,bbl,48712.33,mscf
Adrar,Marketing,Drilling,Area Y,2025,3,9047.39,bbl,156891.77,mscf
Adrar,Transportation,Logistics,Block 2,2024,7,3700.82,bbl,40491.64,mscf
Adrar,Exploration & Production,Logistics,Block 2,2025,12,33493.44,bbl,33282.88,mscf
Rhourde Nouss,Refining,Logistics,Block 1,2022,6,37053.55,bbl,163356.14,mscf
Hassi R'Mel,Marketing,Drilling,Field A,2023,8,1070.59,bbl,116462.88,mscf
In Salah,Marketing,Production,Area X,2025,11,30654.91,bbl,77715.0,mscf
Berkine,Marketing,Production,Field A,2022,2,43559.2,bbl,101682.6,mscf
Rhourde Nouss,Refining,Operations,Block 2,2024,3,28525.18,bbl,44219.6,mscf
Adrar,Exploration & Production,Production,Field A,2025,1,18792.72,bbl,115348.68,mscf
Hassi R'Mel,Exploration & Production,Production,Block 1,2022,3,20654.82,bbl,107409.29,mscf
Rhourde Nouss,Refining,Logistics,Area Y,2023,1,27368.97,bbl,22326.95,mscf
Hassi R'Mel,Marketing,Operations,Area X,2025,11,31037.74,bbl,66769.37,mscf
Rhourde Nouss,Refining,Logistics,Field B,2023,7,47330.85,bbl,41883.25,mscf
Berkine,Exploration & Production,Production,Block 2,2024,10,39284.8,bbl,88894.42,mscf
Illizi,Exploration & Production,Operations,Block 2,2022,3,12254.34,bbl,145361.35,mscf
Hassi Messaoud,Marketing,Drilling,Field B,2022,10,33450.81,bbl,146475.05,mscf
Illizi,Refining,Production,Area X,2022,2,27807.18,bbl,26697.01,mscf
Berkine,Transportation,Drilling,Area Y,2023,3,45532.97,bbl,45764.73,mscf
Adrar,Marketing,Drilling,Field B,2024,4,46855.02,bbl,77582.61,mscf
In Salah,Transportation,Drilling,Area Y,2025,2,38145.48,bbl,164409.09,mscf
Hassi Messaoud,Marketing,Operations,Field B,2025,12,3980.6,bbl,189305.39,mscf
Berkine,Marketing,Logistics,Field B,2025,9,16395.54,bbl,6393.98,mscf
Hassi Messaoud,Refining,Logistics,Area X,2022,7,19723.16,bbl,128456.5,mscf
Hassi R'Mel,Exploration & Production,Logistics,Field B,2022,7,34109.78,bbl,67999.49,mscf
Hassi Messaoud,Transportation,Drilling,Area Y,2024,7,6429.9,bbl,45838.11,mscf
Illizi,Transportation,Operations,Field B,2023,7,10809.62,bbl,158954.27,mscf
Adrar,Exploration & Production,Operations,Area X,2025,10,47824.69,bbl,177956.29,mscf
Hassi Messaoud,Transportation,Operations,Field A,2023,10,25701.54,bbl,16273.5,mscf
Adrar,Refining,Drilling,Field A,2023,9,2260.46,bbl,165312.46,mscf
In Salah,Marketing,Logistics,Field A,2023,5,34121.88,bbl,58888.24,mscf
Berkine,Transportation,Operations,Block 1,2024,7,15009.15,bbl,159293.59,mscf
Hassi R'Mel,Marketing,Production,Field A,2022,8,41405.63,bbl,39062.17,mscf
In Salah,Transportation,Production,Field A,2022,8,13731.91,bbl,36511.34,mscf
In Salah,Exploration & Production,Operations,Block 1,2023,11,14737.87,bbl,148378.22,mscf
Hassi Messaoud,Exploration & Production,Production,Block 1,2023,6,48948.32,bbl,42400.03,mscf
Hassi R'Mel,Refining,Drilling,Block 2,2024,7,12959.05,bbl,30015.59,mscf
Berkine,Exploration & Production,Operations,Area X,2024,7,1256.78,bbl,112986.31,mscf
Hassi R'Mel,Refining,Drilling,Block 1,2024,4,4114.37,bbl,186270.61,mscf
Berkine,Exploration & Production,Drilling,Block 1,2023,7,28674.82,bbl,78482.16,mscf
Hassi R'Mel,Marketing,Logistics,Area Y,2023,1,33812.47,bbl,7172.59,mscf
In Salah,Marketing,Operations,Block 1,2022,9,22949.4,bbl,7979.87,mscf
Rhourde Nouss,Refining,Production,Field B,2023,9,12083.58,bbl,158220.0,mscf
Adrar,Transportation,Drilling,Area Y,2025,3,12669.49,bbl,21309.96,mscf
Hassi R'Mel,Marketing,Production,Block 1,2025,11,14797.85,bbl,153539.28,mscf
Berkine,Exploration & Production,Operations,Area X,2024,12,6109.52,bbl,174658.7,mscf
Adrar,Marketing,Production,Area Y,2023,4,21810.27,bbl,115993.07,mscf
In Salah,Exploration & Production,Production,Area Y,2024,7,43365.16,bbl,142666.47,mscf
In Salah,Refining,Operations,Block 2,2022,12,37220.51,bbl,10222.16,mscf
Illizi,Exploration & Production,Production,Area Y,2022,3,45307.07,bbl,158582.79,mscf
Hassi R'Mel,Transportation,Drilling,Field B,2022,1,8712.14,bbl,7457.06,mscf
Adrar,Transportation,Logistics,Area Y,2024,12,36752.26,bbl,119686.05,mscf
In Salah,Exploration & Production,Production,Field B,2025,8,14731.56,bbl,91238.53,mscf
Rhourde Nouss,Exploration & Production,Logistics,Block 2,2022,8,3178.06,bbl,107625.18,mscf
Hassi Messaoud,Refining,Operations,Block 1,2022,11,10377.16,bbl,64994.12,mscf
Berkine,Transportation,Logistics,Block 2,2022,5,26326.8,bbl,39501.31,mscf
In Salah,Transportation,Operations,Field A,2022,9,32218.19,bbl,51845.37,mscf
Adrar,Marketing,Drilling,Field A,2023,9,41624.94,bbl,106989.19,mscf
Rhourde Nouss,Refining,Drilling,Block 2,2023,3,10837.32,bbl,166959.01,mscf
Illizi,Marketing,Operations,Area X,2022,1,5275.24,bbl,57793.35,mscf
In Salah,Marketing,Production,Area X,2025,1,25748.77,bbl,115720.35,mscf
Rhourde Nouss,Refining,Production,Block 2,2024,7,39837.11,bbl,124455.08,mscf
Rhourde Nouss,Marketing,Production,Field B,2022,7,2068.0,bbl,29200.79,mscf
Rhourde Nouss,Exploration & Production,Production,Block 1,2024,2,39124.74,bbl,47508.05,mscf
Rhourde Nouss,Refining,Operations,Field B,2022,1,30485.93,bbl,28282.2,mscf
Illizi,Transportation,Production,Field B,2023,8,46391.51,bbl,161187.38,mscf
Hassi R'Mel,Refining,Operations,Area Y,2025,5,32584.56,bbl,110142.72,mscf
Berkine,Marketing,Logistics,Block 2,2024,11,40230.5,bbl,176203.92,mscf
Hassi Messaoud,Refining,Production,Block 2,2023,8,36076.85,bbl,54684.46,mscf
Illizi,Marketing,Logistics,Field B,2023,3,10996.4,bbl,104821.76,mscf
Rhourde Nouss,Refining,Logistics,Block 2,2025,4,17616.27,bbl,169174.13,mscf
Berkine,Marketing,Production,Area Y,2022,10,30503.47,bbl,64486.8,mscf
Hassi R'Mel,Transportation,Drilling,Area Y,2025,1,25573.98,bbl,19901.89,mscf
Berkine,Transportation,Production,Field A,2025,3,2553.95,bbl,44529.06,mscf
Adrar,Marketing,Operations,Area X,2022,12,24420.99,bbl,68772.44,mscf
Berkine,Marketing,Production,Area X,2022,6,33221.88,bbl,95418.94,mscf
Rhourde Nouss,Transportation,Drilling,Field A,2023,8,22917.98,bbl,58178.09,mscf
Rhourde Nouss,Refining,Drilling,Block 1,2024,1,47383.54,bbl,53804.77,mscf
Rhourde Nouss,Transportation,Drilling,Block 1,2023,11,19956.15,bbl,172083.48,mscf
Berkine,Marketing,Operations,Area Y,2024,10,15683.7,bbl,186058.63,mscf
Hassi Messaoud,Refining,Production,Field B,2022,12,39856.68,bbl,157529.24,mscf
Adrar,Transportation,Operations,Field B,2024,12,46963.1,bbl,29842.93,mscf
Rhourde Nouss,Marketing,Production,Area X,2023,12,42043.43,bbl,127616.85,mscf
Hassi R'Mel,Marketing,Operations,Block 2,2023,1,46607.29,bbl,40317.52,mscf
Adrar,Refining,Production,Area Y,2024,11,43133.31,bbl,21733.67,mscf
Adrar,Exploration & Production,Production,Field B,2024,12,10875.55,bbl,79588.17,mscf
Berkine,Transportation,Production,Block 1,2023,12,35988.74,bbl,184050.39,mscf
Adrar,Exploration & Production,Drilling,Field A,2024,9,42829.11,bbl,73509.65,mscf
In Salah,Exploration & Production,Production,Area Y,2023,5,38654.56,bbl,119700.1,mscf
Berkine,Transportation,Logistics,Block 1,2025,9,44050.25,bbl,27723.07,mscf
Rhourde Nouss,Exploration & Production,Drilling,Block 2,2024,12,4020.84,bbl,19042.88,mscf
Berkine,Transportation,Operations,Block 2,2023,1,2401.73,bbl,48943.22,mscf
Hassi Messaoud,Exploration & Production,Drilling,Field B,2023,3,18805.02,bbl,119901.75,mscf
Adrar,Transportation,Logistics,Block 2,2024,10,10244.39,bbl,187449.67,mscf
Hassi Messaoud,Marketing,Drilling,Area Y,2025,8,48288.09,bbl,112845.7,mscf
Rhourde Nouss,Exploration & Production,Operations,Block 2,2024,1,45982.72,bbl,105608.2,mscf
Illizi,Transportation,Operations,Area X,2022,12,17074.73,bbl,149744.82,mscf
Illizi,Exploration & Production,Operations,Area Y,2024,7,39092.21,bbl,134190.01,mscf
Hassi R'Mel,Refining,Production,Field B,2022,7,26487.43,bbl,123189.39,mscf
Rhourde Nouss,Refining,Logistics,Block 2,2025,3,20997.4,bbl,189289.67,mscf
Hassi Messaoud,Exploration & Production,Production,Area Y,2025,2,1258.49,bbl,71983.03,mscf
Hassi R'Mel,Exploration & Production,Production,Field B,2023,9,17367.71,bbl,159261.28,mscf
Hassi Messaoud,Exploration & Production,Logistics,Field B,2024,2,28990.91,bbl,30650.89,mscf
Rhourde Nouss,Exploration & Production,Logistics,Block 1,2025,7,15062.51,bbl,48937.31,mscf
Rhourde Nouss,Marketing,Operations,Field A,2023,3,32470.72,bbl,29050.21,mscf
Hassi Messaoud,Marketing,Operations,Field A,2023,8,43590.15,bbl,150908.89,mscf
Rhourde Nouss,Transportation,Operations,Field B,2024,12,39722.19,bbl,90232.06,mscf
Berkine,Marketing,Drilling,Field A,2024,4,8702.68,bbl,77792.47,mscf
Rhourde Nouss,Refining,Operations,Block 2,2022,4,19151.07,bbl,46034.89,mscf
In Salah,Marketing,Drilling,Block 2,2024,9,45906.23,bbl,141379.5,mscf
In Salah,Exploration & Production,Drilling,Field B,2023,2,44974.8,bbl,77038.52,mscf
Berkine,Refining,Drilling,Area X,2024,10,41210.54,bbl,119742.66,mscf
Rhourde Nouss,Exploration & Production,Production,Block 1,2024,4,41373.32,bbl,9840.47,mscf
Berkine,Refining,Operations,Field B,2023,7,8740.95,bbl,38282.74,mscf
Illizi,Transportation,Drilling,Field B,2022,5,6615.42,bbl,5299.49,mscf
Adrar,Refining,Operations,Block 1,2025,1,30156.19,bbl,40039.96,mscf
Rhourde Nouss,Marketing,Drilling,Block 1,2025,5,4072.89,bbl,7869.1,mscf
In Salah,Marketing,Logistics,Area X,2025,11,46905.81,bbl,128360.67,mscf
Hassi R'Mel,Exploration & Production,Drilling,Field B,2024,11,26685.31,bbl,125442.95,mscf
Berkine,Transportation,Logistics,Block 1,2025,6,44364.59,bbl,165706.14,mscf
Illizi,Refining,Production,Field A,2022,8,13270.76,bbl,176738.09,mscf
Rhourde Nouss,Marketing,Operations,Area X,2022,1,49145.09,bbl,144090.34,mscf
In Salah,Refining,Production,Field B,2024,6,15739.56,bbl,171634.83,mscf
Berkine,Transportation,Production,Field A,2024,10,18451.09,bbl,123081.61,mscf
Adrar,Refining,Operations,Field B,2023,5,6211.71,bbl,92583.0,mscf
Rhourde Nouss,Marketing,Production,Block 2,2022,5,15416.57,bbl,147120.08,mscf
Berkine,Marketing,Logistics,Block 1,2024,2,38511.69,bbl,90547.94,mscf
Hassi Messaoud,Refining,Production,Block 1,2022,8,30585.15,bbl,87781.02,mscf
Hassi R'Mel,Transportation,Logistics,Field B,2024,8,25856.11,bbl,73325.44,mscf
Rhourde Nouss,Refining,Production,Area X,2023,1,8044.76,bbl,86151.91,mscf
Berkine,Exploration & Production,Logistics,Field B,2022,12,28455.3,bbl,167496.47,mscf
Hassi R'Mel,Exploration & Production,Logistics,Area Y,2023,12,30323.7,bbl,45761.86,mscf
Hassi R'Mel,Marketing,Production,Field A,2025,2,27849.66,bbl,185122.74,mscf
Illizi,Refining,Drilling,Block 1,2022,1,2175.19,bbl,189486.87,mscf
Berkine,Transportation,Operations,Block 1,2025,11,29974.16,bbl,31607.55,mscf
Berkine,Exploration & Production,Operations,Block 1,2024,7,42694.4,bbl,105901.51,mscf
Hassi R'Mel,Marketing,Production,Block 1,2023,2,15133.14,bbl,158225.85,mscf
Adrar,Transportation,Operations,Area X,2025,12,30791.24,bbl,197421.58,mscf
Illizi,Exploration & Production,Logistics,Block 2,2025,12,9255.76,bbl,151978.94,mscf
Hassi R'Mel,Exploration & Production,Production,Area X,2024,12,24241.86,bbl,37712.5,mscf
Hassi Messaoud,Marketing,Operations,Field A,2025,5,13096.26,bbl,90125.33,mscf
In Salah,Refining,Logistics,Area Y,2025,1,39554.17,bbl,44440.4,mscf
Hassi Messaoud,Exploration & Production,Drilling,Field A,2023,9,36424.9,bbl,114774.04,mscf
Adrar,Refining,Logistics,Area Y,2022,1,34568.08,bbl,23549.45,mscf
Hassi R'Mel,Marketing,Production,Area X,2023,8,26263.17,bbl,46995.25,mscf
Hassi R'Mel,Refining,Logistics,Area X,2025,9,28292.41,bbl,159206.01,mscf
Berkine,Refining,Production,Field A,2024,2,42124.44,bbl,93361.6,mscf
Adrar,Marketing,Operations,Field A,2022,7,27165.62,bbl,123147.53,mscf
Hassi R'Mel,Marketing,Logistics,Field B,2025,6,11987.29,bbl,112031.72,mscf
Berkine,Exploration & Production,Production,Area Y,2025,3,9347.86,bbl,24991.37,mscf
Berkine,Refining,Operations,Field B,2024,5,17912.15,bbl,117747.01,mscf
Adrar,Refining,Logistics,Area X,2025,3,26782.25,bbl,83902.62,mscf
Hassi Messaoud,Transportation,Production,Area Y,2022,5,33108.91,bbl,192137.84,mscf
Rhourde Nouss,Marketing,Drilling,Area X,2025,11,37561.44,bbl,70666.15,mscf
Rhourde Nouss,Exploration & Production,Production,Area X,2023,8,26258.23,bbl,9487.83,mscf
Rhourde Nouss,Transportation,Operations,Area Y,2024,10,46043.78,bbl,63778.96,mscf
Berkine,Marketing,Production,Block 1,2022,2,31886.52,bbl,94831.03,mscf
Rhourde Nouss,Transportation,Logistics,Field A,2023,6,38889.62,bbl,82659.2,mscf
In Salah,Marketing,Production,Field A,2022,4,26837.97,bbl,64350.82,mscf
Berkine,Exploration & Production,Drilling,Field A,2025,1,17792.93,bbl,101712.76,mscf
Illizi,Refining,Logistics,Block 2,2025,3,42748.69,bbl,12918.98,mscf
Berkine,Refining,Operations,Field B,2025,5,2277.58,bbl,55771.77,mscf
Illizi,Refining,Operations,Area Y,2023,7,31753.29,bbl,118997.29,mscf
Hassi Messaoud,Exploration & Production,Drilling,Field A,2025,6,37064.58,bbl,152081.15,mscf
Hassi Messaoud,Marketing,Production,Block 2,2022,6,23906.85,bbl,77164.17,mscf
In Salah,Refining,Operations,Block 1,2024,5,7500.6,bbl,37723.98,mscf
Hassi Messaoud,Transportation,Drilling,Field A,2024,4,34425.02,bbl,142642.07,mscf
Hassi Messaoud,Exploration & Production,Logistics,Area Y,2022,8,4906.85,bbl,101913.66,mscf
In Salah,Transportation,Drilling,Block 2,2025,8,27742.98,bbl,178553.66,mscf
Berkine,Refining,Production,Block 2,2023,6,24290.63,bbl,127230.53,mscf
Adrar,Refining,Production,Area X,2023,12,9693.35,bbl,31991.64,mscf
Adrar,Marketing,Operations,Block 1,2022,2,30559.27,bbl,147107.03,mscf
Berkine,Exploration & Production,Drilling,Block 1,2022,10,23488.76,bbl,177178.95,mscf
Adrar,Exploration & Production,Logistics,Block 1,2025,1,22947.96,bbl,128969.16,mscf
Hassi R'Mel,Transportation,Production,Field B,2025,12,34966.97,bbl,126771.25,mscf
Hassi Messaoud,Transportation,Production,Block 2,2022,3,24773.71,bbl,86666.33,mscf
Berkine,Refining,Production,Block 1,2025,2,30236.96,bbl,93748.75,mscf
Hassi R'Mel,Transportation,Logistics,Area X,2022,1,4350.56,bbl,163363.4,mscf
Rhourde Nouss,Transportation,Logistics,Block 2,2022,2,11986.13,bbl,64186.84,mscf
Hassi Messaoud,Transportation,Logistics,Block 1,2023,9,9826.02,bbl,104539.32,mscf
Rhourde Nouss,Transportation,Drilling,Field A,2025,7,28002.08,bbl,39578.07,mscf
Rhourde Nouss,Marketing,Production,Block 1,2025,10,36514.83,bbl,34031.47,mscf
Hassi Messaoud,Exploration & Production,Logistics,Block 2,2023,9,7506.44,bbl,84037.35,mscf
Adrar,Exploration & Production,Drilling,Area X,2025,12,15140.51,bbl,183002.18,mscf
Hassi Messaoud,Transportation,Logistics,Area X,2023,12,35272.04,bbl,89986.85,mscf
Adrar,Transportation,Operations,Block 2,2023,12,3564.67,bbl,37934.87,mscf
Berkine,Exploration & Production,Operations,Field A,2022,8,44761.62,bbl,55951.96,mscf
Hassi R'Mel,Marketing,Operations,Field B,2022,4,34711.26,bbl,160667.77,mscf
Hassi Messaoud,Exploration & Production,Logistics,Block 2,2024,5,1339.52,bbl,105701.61,mscf
Rhourde Nouss,Exploration & Production,Logistics,Area Y,2023,2,12042.75,bbl,72111.14,mscf
Hassi Messaoud,Marketing,Operations,Area X,2023,5,11372.91,bbl,95429.37,mscf
Berkine,Refining,Production,Block 2,2024,11,13243.72,bbl,59780.97,mscf
Rhourde Nouss,Marketing,Logistics,Area X,2025,10,35725.43,bbl,186998.98,mscf
Rhourde Nouss,Marketing,Logistics,Field A,2024,5,45356.67,bbl,157719.03,mscf
Berkine,Refining,Logistics,Area X,2024,2,22664.72,bbl,118960.31,mscf
Adrar,Transportation,Logistics,Block 2,2022,12,34345.12,bbl,36018.58,mscf
Adrar,Transportation,Operations,Area X,2025,1,7715.12,bbl,56763.49,mscf
Berkine,Refining,Drilling,Area X,2023,12,4558.77,bbl,59819.0,mscf
Hassi Messaoud,Refining,Drilling,Field A,2024,4,20415.11,bbl,182319.95,mscf
Adrar,Marketing,Production,Area X,2022,8,39201.91,bbl,187574.6,mscf
Illizi,Transportation,Logistics,Field A,2023,11,34587.36,bbl,16639.68,mscf
Rhourde Nouss,Transportation,Logistics,Field A,2023,7,14627.33,bbl,141158.6,mscf
Rhourde Nouss,Refining,Production,Field A,2025,7,35815.89,bbl,75193.45,mscf
Hassi R'Mel,Marketing,Production,Area Y,2025,7,47560.45,bbl,66203.17,mscf
Illizi,Transportation,Operations,Area Y,2025,1,12293.68,bbl,140468.63,mscf
Adrar,Exploration & Production,Logistics,Field B,2025,8,22184.36,bbl,67388.59,mscf
Hassi R'Mel,Exploration & Production,Logistics,Field B,2023,1,22869.2,bbl,30610.01,mscf
Adrar,Marketing,Operations,Area Y,2024,9,42688.72,bbl,8968.7,mscf
Hassi R'Mel,Exploration & Production,Production,Area X,2024,7,48064.56,bbl,182439.49,mscf
Hassi R'Mel,Transportation,Production,Block 1,2025,4,41942.87,bbl,11112.11,mscf
Hassi R'Mel,Refining,Logistics,Field A,2022,6,7698.17,bbl,91105.74,mscf
In Salah,Transportation,Drilling,Field B,2025,9,7008.01,bbl,129333.15,mscf
Hassi Messaoud,Transportation,Operations,Area Y,2025,9,46990.71,bbl,132167.01,mscf
Rhourde Nouss,Exploration & Production,Logistics,Field B,2022,5,37132.24,bbl,139566.48,mscf
Rhourde Nouss,Refining,Operations,Area Y,2025,3,1003.62,bbl,7600.01,mscf
In Salah,Exploration & Production,Production,Block 1,2025,6,12796.01,bbl,171719.83,mscf
Hassi R'Mel,Refining,Production,Field B,2025,12,39612.99,bbl,117975.24,mscf
Berkine,Exploration & Production,Operations,Field B,2024,6,31342.58,bbl,36105.68,mscf
Adrar,Marketing,Production,Field B,2025,1,33498.15,bbl,108694.98,mscf
Hassi R'Mel,Refining,Logistics,Block 2,2024,2,37146.39,bbl,174652.24,mscf
Berkine,Marketing,Production,Field B,2022,10,34733.86,bbl,163123.84,mscf
Rhourde Nouss,Refining,Drilling,Area X,2022,3,15637.71,bbl,35558.84,mscf
In Salah,Refining,Logistics,Area Y,2025,11,24015.06,bbl,121235.48,mscf
In Salah,Marketing,Drilling,Block 2,2024,1,33899.06,bbl,120947.37,mscf
Illizi,Transportation,Production,Area X,2022,11,15466.42,bbl,83744.26,mscf
Berkine,Exploration & Production,Logistics,Block 1,2024,7,27588.56,bbl,113521.02,mscf
Hassi R'Mel,Marketing,Operations,Field A,2025,10,9490.98,bbl,136983.69,mscf
Adrar,Marketing,Logistics,Area X,2023,5,33843.63,bbl,161708.12,mscf
Hassi Messaoud,Exploration & Production,Production,Block 1,2023,1,6821.24,bbl,86301.9,mscf
Hassi R'Mel,Exploration & Production,Logistics,Block 2,2024,10,13443.42,bbl,191803.05,mscf
Hassi Messaoud,Refining,Logistics,Area X,2022,2,14525.29,bbl,164927.25,mscf
Rhourde Nouss,Transportation,Drilling,Field A,2023,9,12327.0,bbl,73226.3,mscf
Rhourde Nouss,Marketing,Production,Area X,2025,2,31748.97,bbl,146825.21,mscf
Berkine,Transportation,Drilling,Area X,2024,8,46988.21,bbl,51313.92,mscf
Hassi Messaoud,Exploration & Production,Drilling,Area X,2025,12,20262.89,bbl,9832.22,mscf
Hassi Messaoud,Transportation,Operations,Field B,2024,8,34678.58,bbl,86454.43,mscf
Illizi,Marketing,Operations,Block 1,2023,12,16444.34,bbl,146305.13,mscf
Hassi R'Mel,Exploration & Production,Production,Block 1,2025,6,33463.76,bbl,101278.72,mscf
Adrar,Marketing,Production,Area X,2022,3,15003.36,bbl,85242.62,mscf
In Salah,Refining,Drilling,Block 1,2023,8,40786.82,bbl,34798.15,mscf
Illizi,Exploration & Production,Logistics,Area X,2024,9,40735.9,bbl,166220.01,mscf
Hassi Messaoud,Refining,Production,Area Y,2022,2,42247.06,bbl,12313.9,mscf
Adrar,Transportation,Drilling,Block 1,2025,8,46658.75,bbl,71228.35,mscf
In Salah,Marketing,Production,Area X,2025,11,3752.25,bbl,193957.82,mscf
Hassi R'Mel,Refining,Logistics,Area X,2025,6,49213.15,bbl,155692.36,mscf
Hassi Messaoud,Transportation,Logistics,Area X,2024,4,37509.06,bbl,196314.32,mscf
Hassi Messaoud,Exploration & Production,Logistics,Block 1,2023,4,36689.11,bbl,69404.63,mscf
Rhourde Nouss,Marketing,Drilling,Area Y,2024,11,8685.52,bbl,66835.06,mscf
Berkine,Refining,Drilling,Area Y,2022,11,4132.06,bbl,28619.55,mscf
Adrar,Exploration & Production,Drilling,Field B,2024,2,13904.09,bbl,74407.09,mscf
Hassi R'Mel,Transportation,Operations,Block 1,2023,7,15696.14,bbl,90385.41,mscf
In Salah,Exploration & Production,Operations,Block 2,2023,12,12921.77,bbl,197903.03,mscf
Illizi,Marketing,Operations,Block 1,2022,12,14194.16,bbl,13575.57,mscf
Hassi Messaoud,Exploration & Production,Operations,Field A,2025,5,7346.53,bbl,184619.85,mscf
Hassi R'Mel,Transportation,Operations,Area Y,2022,1,6630.87,bbl,82660.31,mscf
Rhourde Nouss,Marketing,Production,Field B,2022,2,41790.38,bbl,16756.36,mscf
Rhourde Nouss,Exploration & Production,Drilling,Block 1,2024,1,36494.8,bbl,62370.12,mscf
Adrar,Refining,Production,Field A,2023,10,41579.7,bbl,43879.5,mscf
Hassi Messaoud,Transportation,Production,Field B,2022,4,35161.81,bbl,191093.21,mscf
In Salah,Transportation,Operations,Field A,2023,6,31365.15,bbl,178945.28,mscf
Hassi R'Mel,Refining,Drilling,Area Y,2022,6,48427.31,bbl,88464.34,mscf
Hassi Messaoud,Exploration & Production,Drilling,Area Y,2022,7,3620.62,bbl,64562.22,mscf
In Salah,Marketing,Drilling,Block 1,2025,1,36830.22,bbl,115647.49,mscf
Berkine,Refining,Production,Block 1,2022,1,26385.63,bbl,61099.22,mscf
In Salah,Exploration & Production,Operations,Block 1,2023,5,33819.24,bbl,5227.34,mscf
Rhourde Nouss,Marketing,Production,Field B,2024,5,9873.24,bbl,85056.35,mscf
Hassi R'Mel,Marketing,Drilling,Area X,2025,8,5231.92,bbl,136280.6,mscf
In Salah,Refining,Production,Area X,2023,4,20535.7,bbl,129567.54,mscf
Hassi R'Mel,Exploration & Production,Logistics,Area Y,2025,2,3601.39,bbl,196405.85,mscf
In Salah,Refining,Drilling,Field B,2025,1,6489.4,bbl,146299.28,mscf
In Salah,Exploration & Production,Production,Block 2,2024,11,45832.46,bbl,104826.02,mscf
In Salah,Refining,Operations,Field A,2024,9,25662.57,bbl,175554.39,mscf
Adrar,Exploration & Production,Drilling,Block 1,2025,4,19197.83,bbl,7940.1,mscf
In Salah,Exploration & Production,Operations,Block 2,2024,10,37809.53,bbl,25827.53,mscf
Illizi,Transportation,Drilling,Area X,2024,6,12585.08,bbl,114709.53,mscf
Illizi,Transportation,Drilling,Field B,2023,3,31459.64,bbl,79926.05,mscf
Hassi R'Mel,Transportation,Logistics,Field A,2024,9,29668.81,bbl,39424.41,mscf
Berkine,Marketing,Logistics,Block 2,2025,4,7371.04,bbl,89274.97,mscf
Hassi R'Mel,Exploration & Production,Production,Block 1,2024,11,22789.53,bbl,45556.71,mscf
Rhourde Nouss,Marketing,Operations,Block 1,2024,11,4925.18,bbl,73273.43,mscf
Adrar,Exploration & Production,Production,Block 1,2025,3,6164.1,bbl,166914.81,mscf
In Salah,Transportation,Logistics,Field B,2022,12,28483.61,bbl,22578.79,mscf
Hassi R'Mel,Transportation,Production,Area X,2022,3,39433.08,bbl,103016.91,mscf
Adrar,Marketing,Drilling,Field A,2022,4,18692.99,bbl,93026.44,mscf
Hassi Messaoud,Refining,Drilling,Area Y,2023,2,33588.31,bbl,83185.96,mscf
Hassi Messaoud,Transportation,Logistics,Block 1,2025,1,45371.25,bbl,124760.4,mscf
Hassi R'Mel,Exploration & Production,Logistics,Area X,2023,6,39194.77,bbl,112178.92,mscf
Rhourde Nouss,Transportation,Operations,Field B,2025,8,2947.54,bbl,74784.63,mscf
Adrar,Refining,Logistics,Area Y,2022,9,41545.48,bbl,77911.81,mscf
Illizi,Exploration & Production,Drilling,Field A,2023,12,10331.78,bbl,187376.31,mscf
Hassi Messaoud,Refining,Drilling,Field A,2025,7,4941.0,bbl,196887.67,mscf
Hassi Messaoud,Marketing,Logistics,Block 1,2023,7,12312.84,bbl,86619.12,mscf
Illizi,Marketing,Drilling,Field A,2025,12,30276.67,bbl,125539.21,mscf
Adrar,Exploration & Production,Production,Area X,2023,8,14760.12,bbl,156194.26,mscf
In Salah,Transportation,Logistics,Block 1,2024,1,33964.36,bbl,123106.01,mscf
In Salah,Exploration & Production,Operations,Field A,2023,2,48969.33,bbl,5331.28,mscf
Rhourde Nouss,Refining,Drilling,Field A,2024,3,3594.7,bbl,178158.54,mscf
Illizi,Marketing,Operations,Block 2,2022,11,33570.11,bbl,35421.69,mscf
Berkine,Refining,Logistics,Block 1,2022,10,13624.22,bbl,89592.83,mscf
Rhourde Nouss,Transportation,Logistics,Block 1,2025,5,9598.04,bbl,137681.58,mscf
Rhourde Nouss,Refining,Drilling,Block 1,2022,2,36267.73,bbl,52650.25,mscf
Hassi R'Mel,Refining,Drilling,Block 2,2023,9,14456.59,bbl,190061.1,mscf
Rhourde Nouss,Refining,Drilling,Area X,2024,7,4823.71,bbl,28397.17,mscf
Illizi,Refining,Operations,Area Y,2024,4,49830.28,bbl,11188.16,mscf
Adrar,Marketing,Logistics,Field A,2023,12,27320.06,bbl,190140.11,mscf
Illizi,Transportation,Operations,Field B,2025,10,36744.89,bbl,140575.06,mscf
Hassi R'Mel,Refining,Production,Area Y,2023,4,41586.55,bbl,195696.84,mscf
Hassi R'Mel,Marketing,Operations,Field B,2023,12,25858.89,bbl,158126.32,mscf
Hassi R'Mel,Transportation,Operations,Block 1,2025,2,8828.6,bbl,38993.54,mscf
Hassi Messaoud,Transportation,Logistics,Area X,2025,5,19046.88,bbl,149327.08,mscf
Adrar,Marketing,Operations,Block 1,2023,1,23306.37,bbl,129982.52,mscf
Berkine,Refining,Logistics,Block 2,2024,5,39371.78,bbl,95057.38,mscf
Rhourde Nouss,Exploration & Production,Operations,Field B,2024,4,19662.56,bbl,100396.69,mscf
Rhourde Nouss,Marketing,Production,Area X,2024,2,48335.02,bbl,172665.34,mscf
Hassi R'Mel,Exploration & Production,Production,Block 1,2023,11,22365.08,bbl,131029.3,mscf
Illizi,Refining,Drilling,Block 2,2022,12,46246.1,bbl,66794.3,mscf
Hassi R'Mel,Refining,Production,Block 1,2023,8,15989.52,bbl,73830.21,mscf
Berkine,Transportation,Operations,Block 2,2024,4,18313.63,bbl,142127.95,mscf
Adrar,Marketing,Logistics,Area X,2022,5,49473.35,bbl,163864.45,mscf
Rhourde Nouss,Transportation,Production,Area X,2023,1,33041.92,bbl,54253.32,mscf
Adrar,Transportation,Operations,Block 2,2024,4,15087.84,bbl,74099.99,mscf
Illizi,Refining,Logistics,Block 2,2023,3,27949.35,bbl,147895.09,mscf
Berkine,Transportation,Logistics,Area X,2025,12,47076.25,bbl,89796.28,mscf
Illizi,Transportation,Logistics,Block 1,2022,1,34192.06,bbl,176081.85,mscf
Hassi Messaoud,Refining,Logistics,Field A,2025,3,25607.25,bbl,158652.58,mscf
Hassi Messaoud,Exploration & Production,Operations,Area X,2022,6,48432.4,bbl,153031.51,mscf
Illizi,Exploration & Production,Drilling,Field B,2024,12,8629.16,bbl,167897.48,mscf
Illizi,Transportation,Logistics,Area X,2022,12,33195.96,bbl,125294.98,mscf
Rhourde Nouss,Refining,Production,Area X,2022,9,42787.73,bbl,98601.13,mscf
In Salah,Exploration & Production,Operations,Area X,2022,9,14840.35,bbl,26302.58,mscf
In Salah,Marketing,Operations,Block 2,2022,11,11618.7,bbl,197563.66,mscf
Illizi,Refining,Drilling,Block 1,2022,10,41393.53,bbl,48219.13,mscf
In Salah,Marketing,Drilling,Field A,2022,7,16140.05,bbl,180286.16,mscf
Illizi,Transportation,Production,Area Y,2025,12,4489.72,bbl,181176.78,mscf
Hassi R'Mel,Marketing,Drilling,Area X,2023,8,20939.8,bbl,107348.12,mscf
Berkine,Refining,Operations,Block 1,2022,1,31234.58,bbl,163298.99,mscf
Berkine,Exploration & Production,Logistics,Block 1,2023,12,31836.35,bbl,131801.68,mscf
In Salah,Marketing,Production,Field A,2024,9,23493.24,bbl,67977.57,mscf
Hassi Messaoud,Exploration & Production,Production,Block 2,2022,5,46065.46,bbl,134625.5,mscf
Hassi Messaoud,Transportation,Drilling,Block 1,2024,1,30474.76,bbl,191681.92,mscf
Adrar,Refining,Drilling,Area Y,2023,10,37573.67,bbl,31470.09,mscf
Hassi R'Mel,Exploration & Production,Operations,Block 1,2025,10,8250.48,bbl,62386.14,mscf
Hassi R'Mel,Transportation,Operations,Field A,2024,9,32113.18,bbl,49980.11,mscf
Adrar,Transportation,Drilling,Block 1,2022,10,9385.58,bbl,105699.64,mscf
In Salah,Exploration & Production,Logistics,Area X,2024,7,17657.91,bbl,114431.47,mscf
Hassi Messaoud,Transportation,Drilling,Block 1,2022,11,10511.1,bbl,12913.78,mscf
Adrar,Transportation,Drilling,Field B,2023,7,37229.09,bbl,158128.91,mscf
Rhourde Nouss,Refining,Logistics,Area Y,2024,4,18285.73,bbl,84627.12,mscf
Hassi Messaoud,Marketing,Drilling,Block 2,2023,1,22770.87,bbl,122305.57,mscf
Berkine,Marketing,Operations,Field B,2024,10,44757.03,bbl,74128.0,mscf
Illizi,Marketing,Operations,Area Y,2024,8,9804.81,bbl,38017.82,mscf
Adrar,Marketing,Drilling,Area X,2023,2,10251.33,bbl,86275.99,mscf
Hassi R'Mel,Refining,Operations,Field A,2024,4,6508.67,bbl,173398.26,mscf
Hassi Messaoud,Refining,Production,Block 1,2024,10,4820.77,bbl,81085.71,mscf
Rhourde Nouss,Transportation,Logistics,Field B,2022,2,10948.96,bbl,126360.39,mscf
Hassi R'Mel,Marketing,Drilling,Field A,2025,4,40588.09,bbl,85504.48,mscf
Hassi Messaoud,Marketing,Logistics,Field B,2025,1,17718.48,bbl,36968.16,mscf
Rhourde Nouss,Transportation,Logistics,Block 1,2024,2,36158.81,bbl,191787.28,mscf
Berkine,Exploration & Production,Logistics,Block 1,2025,3,39326.31,bbl,7615.01,mscf
Rhourde Nouss,Exploration & Production,Operations,Field A,2025,9,47936.0,bbl,119159.01,mscf
Rhourde Nouss,Transportation,Logistics,Area X,2022,9,14300.89,bbl,40799.32,mscf
In Salah,Refining,Production,Block 1,2025,6,10654.07,bbl,145775.67,mscf
Hassi Messaoud,Exploration & Production,Production,Field A,2022,3,38540.07,bbl,79001.66,mscf
Adrar,Exploration & Production,Drilling,Field A,2022,3,29094.52,bbl,111968.73,mscf
Illizi,Exploration & Production,Operations,Block 2,2024,11,2835.69,bbl,47282.23,mscf
Berkine,Refining,Operations,Field B,2025,9,2789.21,bbl,168729.29,mscf
Hassi R'Mel,Marketing,Operations,Block 2,2024,10,45422.83,bbl,151673.44,mscf
Adrar,Exploration & Production,Operations,Field B,2025,6,8782.06,bbl,58232.52,mscf
Hassi R'Mel,Marketing,Drilling,Area X,2023,5,25320.32,bbl,171915.87,mscf
In Salah,Marketing,Drilling,Field B,2022,1,20963.45,bbl,47465.43,mscf
Hassi Messaoud,Refining,Operations,Block 1,2025,1,19013.55,bbl,167446.86,mscf
Hassi R'Mel,Marketing,Production,Area Y,2025,3,45243.09,bbl,89850.26,mscf
Adrar,Refining,Drilling,Block 1,2024,9,32452.04,bbl,18586.53,mscf
In Salah,Refining,Operations,Field B,2022,4,36121.89,bbl,152444.55,mscf
Hassi R'Mel,Exploration & Production,Production,Block 2,2023,10,31361.21,bbl,69594.33,mscf
Rhourde Nouss,Marketing,Logistics,Area X,2025,6,38364.61,bbl,179572.67,mscf
Adrar,Refining,Logistics,Block 2,2023,1,5020.92,bbl,106009.9,mscf
In Salah,Refining,Logistics,Field B,2024,8,20878.92,bbl,87997.99,mscf
Adrar,Exploration & Production,Logistics,Block 1,2024,6,33301.32,bbl,164906.24,mscf
Illizi,Transportation,Logistics,Area Y,2024,11,19391.71,bbl,136439.54,mscf
Hassi Messaoud,Marketing,Logistics,Field B,2024,1,7884.9,bbl,181606.4,mscf
Adrar,Exploration & Production,Operations,Area X,2023,11,2226.44,bbl,156761.19,mscf
In Salah,Marketing,Production,Block 1,2025,12,34192.69,bbl,168941.21,mscf
Berkine,Marketing,Operations,Block 2,2025,2,28303.07,bbl,132061.22,mscf
In Salah,Refining,Logistics,Block 1,2022,1,25180.03,bbl,144734.19,mscf
Illizi,Exploration & Production,Production,Block 1,2023,2,33060.44,bbl,144307.22,mscf
Adrar,Transportation,Logistics,Block 2,2024,6,10121.83,bbl,168409.07,mscf
Rhourde Nouss,Refining,Drilling,Area Y,2024,11,41680.42,bbl,81992.25,mscf
Berkine,Transportation,Production,Block 1,2023,1,3490.77,bbl,23324.21,mscf
Hassi R'Mel,Exploration & Production,Drilling,Block 2,2024,10,37548.38,bbl,103632.85,mscf
Rhourde Nouss,Marketing,Logistics,Field B,2022,2,4091.28,bbl,188737.81,mscf
Hassi Messaoud,Refining,Drilling,Area Y,2022,1,34469.57,bbl,140449.2,mscf
Hassi Messaoud,Refining,Logistics,Area Y,2022,12,43444.05,bbl,139724.65,mscf
Illizi,Marketing,Production,Block 2,2025,11,20003.47,bbl,17540.26,mscf
Hassi Messaoud,Marketing,Operations,Block 1,2024,2,15828.05,bbl,22745.27,mscf
Adrar,Marketing,Production,Field A,2022,12,9158.21,bbl,6699.78,mscf
Hassi R'Mel,Marketing,Logistics,Area X,2024,5,19427.35,bbl,45334.43,mscf
Adrar,Transportation,Logistics,Block 2,2023,1,29103.7,bbl,88411.98,mscf
Rhourde Nouss,Transportation,Operations,Area Y,2022,9,32632.58,bbl,182584.08,mscf
Adrar,Refining,Production,Field B,2025,5,36480.82,bbl,38813.49,mscf
Illizi,Refining,Drilling,Block 1,2024,3,30903.16,bbl,107281.68,mscf
Adrar,Refining,Operations,Field A,2022,7,39968.43,bbl,173391.43,mscf
In Salah,Transportation,Operations,Block 2,2023,9,6033.1,bbl,86998.62,mscf
Berkine,Marketing,Drilling,Area Y,2023,12,12128.85,bbl,198711.25,mscf
Hassi R'Mel,Marketing,Operations,Block 1,2024,3,5835.66,bbl,33378.69,mscf
Berkine,Marketing,Operations,Area Y,2022,2,39987.55,bbl,87568.48,mscf
Rhourde Nouss,Refining,Production,Block 1,2022,2,33203.76,bbl,155370.4,mscf
Illizi,Marketing,Production,Block 1,2024,9,17861.62,bbl,178974.96,mscf
Rhourde Nouss,Marketing,Drilling,Block 2,2025,12,40285.44,bbl,60092.16,mscf
In Salah,Refining,Operations,Block 1,2025,11,33497.21,bbl,187876.63,mscf
In Salah,Marketing,Operations,Field B,2024,4,6576.0,bbl,185501.35,mscf
Hassi Messaoud,Refining,Operations,Field B,2022,2,1049.56,bbl,133710.33,mscf
Hassi R'Mel,Exploration & Production,Operations,Area X,2024,8,17616.87,bbl,40786.02,mscf
Rhourde Nouss,Refining,Production,Field A,2023,2,28652.99,bbl,194638.57,mscf
Adrar,Transportation,Operations,Block 2,2023,7,6948.28,bbl,94539.04,mscf
Rhourde Nouss,Refining,Drilling,Block 1,2024,3,27551.48,bbl,74269.65,mscf
In Salah,Transportation,Operations,Field B,2023,8,44072.79,bbl,55056.56,mscf
Hassi R'Mel,Refining,Operations,Block 1,2024,2,23140.88,bbl,70511.24,mscf
Illizi,Transportation,Drilling,Block 2,2022,11,46439.4,bbl,98991.6,mscf
Hassi Messaoud,Exploration & Production,Production,Block 2,2024,4,21459.31,bbl,175032.99,mscf
Illizi,Exploration & Production,Production,Field B,2024,6,14688.51,bbl,125902.49,mscf
Berkine,Exploration & Production,Logistics,Block 2,2022,11,38726.92,bbl,5187.89,mscf
Hassi R'Mel,Marketing,Operations,Area Y,2025,3,25531.99,bbl,152932.01,mscf
Adrar,Refining,Drilling,Block 2,2025,2,22651.49,bbl,42229.38,mscf
Rhourde Nouss,Marketing,Operations,Area X,2023,9,37721.61,bbl,41423.51,mscf
Illizi,Marketing,Operations,Field B,2022,2,41836.72,bbl,102142.17,mscf
Hassi R'Mel,Marketing,Logistics,Area Y,2023,10,44934.06,bbl,79787.12,mscf
Adrar,Refining,Drilling,Field B,2022,5,16847.2,bbl,75075.32,mscf
Illizi,Exploration & Production,Operations,Field A,2025,9,5920.03,bbl,176177.34,mscf
Rhourde Nouss,Refining,Operations,Field B,2022,4,36847.23,bbl,16345.56,mscf
In Salah,Refining,Operations,Area X,2023,5,9073.93,bbl,74646.77,mscf
Rhourde Nouss,Refining,Production,Field A,2025,11,37204.92,bbl,57771.01,mscf
Adrar,Marketing,Operations,Field A,2023,8,22809.76,bbl,68357.66,mscf
Adrar,Transportation,Operations,Area Y,2025,5,16936.87,bbl,73321.69,mscf
Rhourde Nouss,Refining,Logistics,Block 1,2023,6,48804.31,bbl,182406.5,mscf
Rhourde Nouss,Transportation,Logistics,Area X,2022,3,23188.81,bbl,86239.54,mscf
Hassi R'Mel,Exploration & Production,Logistics,Field A,2022,12,27497.68,bbl,102440.7,mscf
Hassi Messaoud,Transportation,Operations,Field A,2022,8,16968.26,bbl,176366.01,mscf
Hassi R'Mel,Exploration & Production,Production,Field A,2023,4,32286.3,bbl,131186.65,mscf
Berkine,Marketing,Logistics,Field A,2022,5,2050.83,bbl,174131.07,mscf
Hassi Messaoud,Transportation,Drilling,Area Y,2022,6,44108.3,bbl,111453.65,mscf
Hassi Messaoud,Exploration & Production,Logistics,Field A,2024,1,8962.3,bbl,166319.53,mscf
Illizi,Marketing,Production,Block 2,2025,10,35762.76,bbl,8476.21,mscf
Adrar,Exploration & Production,Production,Block 2,2023,6,31345.9,bbl,108079.69,mscf
Berkine,Exploration & Production,Logistics,Block 1,2025,10,21172.33,bbl,17675.34,mscf
Hassi Messaoud,Exploration & Production,Logistics,Block 1,2023,1,18978.69,bbl,8449.55,mscf
Hassi R'Mel,Exploration & Production,Production,Area Y,2025,4,48778.56,bbl,171329.99,mscf
Illizi,Transportation,Drilling,Field A,2022,10,47292.5,bbl,191150.96,mscf
Illizi,Marketing,Production,Block 2,2025,7,33839.27,bbl,10084.65,mscf
In Salah,Exploration & Production,Drilling,Area Y,2022,2,39165.28,bbl,101596.39,mscf
Adrar,Exploration & Production,Drilling,Field B,2025,4,1576.34,bbl,131637.56,mscf
Rhourde Nouss,Marketing,Drilling,Block 1,2025,7,45785.56,bbl,119906.34,mscf
Adrar,Exploration & Production,Logistics,Field B,2022,10,5629.64,bbl,162422.03,mscf
In Salah,Exploration & Production,Drilling,Block 1,2023,11,48768.71,bbl,155578.45,mscf
Hassi R'Mel,Marketing,Drilling,Block 2,2024,6,9119.08,bbl,78038.77,mscf
Illizi,Exploration & Production,Drilling,Block 2,2022,1,34640.05,bbl,78452.83,mscf
Berkine,Exploration & Production,Drilling,Block 1,2024,11,49475.11,bbl,58096.66,mscf
In Salah,Marketing,Drilling,Area X,2025,3,42887.75,bbl,64377.72,mscf
Hassi Messaoud,Transportation,Logistics,Block 1,2022,12,23922.19,bbl,56886.8,mscf
Hassi Messaoud,Exploration & Production,Logistics,Field A,2025,7,36112.65,bbl,9504.77,mscf
Hassi Messaoud,Exploration & Production,Operations,Area Y,2022,7,6794.84,bbl,190724.74,mscf
In Salah,Exploration & Production,Operations,Field A,2025,2,23612.51,bbl,54793.35,mscf
Berkine,Refining,Operations,Block 2,2024,11,22115.33,bbl,161142.04,mscf
Berkine,Refining,Drilling,Block 2,2022,7,12206.67,bbl,135750.01,mscf
Hassi Messaoud,Transportation,Production,Block 1,2023,2,10835.31,bbl,41692.24,mscf
Hassi Messaoud,Refining,Operations,Field B,2022,1,46827.59,bbl,51505.51,mscf
Hassi R'Mel,Transportation,Logistics,Area X,2024,11,41796.07,bbl,179893.92,mscf
Rhourde Nouss,Exploration & Production,Operations,Area X,2022,6,46568.88,bbl,124918.06,mscf
Illizi,Exploration & Production,Logistics,Field B,2024,9,35068.91,bbl,181083.6,mscf
Hassi R'Mel,Exploration & Production,Production,Field A,2022,11,41590.51,bbl,82625.55,mscf
Illizi,Transportation,Drilling,Area Y,2023,6,41683.3,bbl,188499.74,mscf
Hassi R'Mel,Transportation,Operations,Block 1,2025,5,49645.99,bbl,90843.09,mscf
In Salah,Marketing,Production,Area X,2023,10,32172.19,bbl,42068.26,mscf
Berkine,Exploration & Production,Drilling,Area Y,2023,2,9449.42,bbl,90288.17,mscf
In Salah,Transportation,Drilling,Block 1,2024,3,41167.45,bbl,13246.88,mscf
Illizi,Marketing,Production,Area Y,2024,8,20610.71,bbl,195306.91,mscf
In Salah,Exploration & Production,Logistics,Block 1,2023,8,44164.8,bbl,71004.39,mscf
Adrar,Marketing,Production,Area X,2022,10,35723.16,bbl,5637.71,mscf
Rhourde Nouss,Refining,Operations,Block 1,2023,12,9068.6,bbl,152797.2,mscf
Hassi R'Mel,Exploration & Production,Operations,Field B,2024,1,43606.8,bbl,95948.31,mscf
In Salah,Refining,Production,Area Y,2025,1,48139.41,bbl,32364.36,mscf
Hassi R'Mel,Refining,Logistics,Block 2,2023,8,19916.9,bbl,95842.0,mscf
Illizi,Marketing,Logistics,Block 1,2025,12,33403.93,bbl,19898.72,mscf
Adrar,Refining,Production,Field B,2023,6,5775.68,bbl,85432.45,mscf
Hassi Messaoud,Marketing,Logistics,Block 1,2024,9,17673.24,bbl,104890.92,mscf
Adrar,Marketing,Logistics,Field B,2023,7,24451.25,bbl,119334.91,mscf
Berkine,Refining,Logistics,Field A,2022,12,35640.01,bbl,54299.63,mscf
Berkine,Marketing,Drilling,Block 1,2022,11,49079.75,bbl,104856.72,mscf
Adrar,Refining,Drilling,Area Y,2024,8,24031.4,bbl,118100.11,mscf
Adrar,Transportation,Logistics,Area Y,2025,6,5371.14,bbl,80023.48,mscf
Illizi,Transportation,Operations,Area Y,2023,5,30466.37,bbl,175292.31,mscf
Berkine,Refining,Operations,Area X,2025,4,46898.72,bbl,8212.04,mscf
Hassi R'Mel,Exploration & Production,Drilling,Field A,2023,7,31143.1,bbl,175342.17,mscf
In Salah,Transportation,Drilling,Block 1,2023,2,46419.6,bbl,77573.02,mscf
Berkine,Exploration & Production,Drilling,Block 2,2025,7,33164.37,bbl,37614.56,mscf
Hassi Messaoud,Refining,Drilling,Block 1,2024,2,39132.54,bbl,22358.22,mscf
Adrar,Transportation,Production,Block 1,2025,3,19911.65,bbl,124101.78,mscf
Illizi,Exploration & Production,Operations,Block 2,2024,4,35849.27,bbl,156389.85,mscf
Rhourde Nouss,Marketing,Operations,Field A,2024,1,22227.98,bbl,112555.49,mscf
In Salah,Marketing,Logistics,Area Y,2025,2,20891.96,bbl,18853.95,mscf
In Salah,Refining,Logistics,Field A,2024,2,43732.33,bbl,11316.99,mscf
Berkine,Refining,Logistics,Block 2,2023,12,33399.58,bbl,98038.96,mscf
Rhourde Nouss,Marketing,Operations,Block 1,2023,5,15034.56,bbl,107181.68,mscf
Berkine,Refining,Drilling,Field B,2022,8,6167.63,bbl,198393.53,mscf
Hassi Messaoud,Exploration & Production,Drilling,Field B,2022,9,26406.34,bbl,61187.06,mscf
Hassi Messaoud,Transportation,Production,Block 2,2024,5,29232.86,bbl,151507.49,mscf
Adrar,Marketing,Drilling,Field B,2025,11,30813.13,bbl,46328.71,mscf
Rhourde Nouss,Refining,Drilling,Block 1,2024,10,2017.56,bbl,116002.16,mscf
Illizi,Exploration & Production,Drilling,Block 1,2025,7,46914.59,bbl,69160.97,mscf
In Salah,Transportation,Production,Block 1,2025,10,45386.93,bbl,28525.62,mscf
Berkine,Marketing,Drilling,Block 1,2024,1,21953.21,bbl,140768.06,mscf
Adrar,Transportation,Drilling,Block 1,2022,6,44936.94,bbl,178213.44,mscf
Adrar,Transportation,Operations,Block 1,2024,10,27371.12,bbl,135110.54,mscf
Illizi,Transportation,Drilling,Block 2,2022,6,10045.35,bbl,110127.82,mscf
Adrar,Exploration & Production,Drilling,Field B,2022,8,18446.5,bbl,59730.35,mscf
Adrar,Exploration & Production,Production,Field A,2023,7,46747.12,bbl,199861.3,mscf
Berkine,Marketing,Operations,Block 2,2024,12,13081.82,bbl,132599.54,mscf
Berkine,Refining,Drilling,Block 1,2024,5,35033.3,bbl,44027.96,mscf
Illizi,Transportation,Logistics,Field A,2025,12,40843.99,bbl,90473.37,mscf
Rhourde Nouss,Transportation,Production,Block 1,2025,6,29268.23,bbl,116164.86,mscf
Berkine,Exploration & Production,Production,Field A,2022,12,30409.19,bbl,14216.16,mscf
Hassi Messaoud,Transportation,Logistics,Field B,2023,5,49354.13,bbl,121073.77,mscf
In Salah,Marketing,Production,Block 1,2023,6,32827.17,bbl,78062.77,mscf
Berkine,Transportation,Drilling,Area Y,2023,7,42801.46,bbl,127024.92,mscf
Illizi,Marketing,Operations,Area Y,2025,10,19415.08,bbl,170447.2,mscf
Hassi Messaoud,Exploration & Production,Production,Field B,2023,9,8079.33,bbl,164339.31,mscf
Rhourde Nouss,Marketing,Production,Field A,2023,3,30100.02,bbl,138834.46,mscf
Hassi Messaoud,Marketing,Operations,Area Y,2022,7,44925.73,bbl,128092.33,mscf
In Salah,Exploration & Production,Logistics,Area Y,2023,6,5264.07,bbl,99129.15,mscf
Hassi R'Mel,Transportation,Operations,Area Y,2024,8,29787.32,bbl,182957.73,mscf
Hassi Messaoud,Transportation,Drilling,Area Y,2023,12,48521.95,bbl,191501.48,mscf
Hassi R'Mel,Marketing,Production,Field A,2022,8,36886.96,bbl,51813.31,mscf
Adrar,Marketing,Operations,Block 2,2023,10,9385.95,bbl,60325.08,mscf
Berkine,Marketing,Logistics,Block 1,2025,2,6968.91,bbl,177631.62,mscf
Rhourde Nouss,Transportation,Production,Area Y,2022,5,20447.72,bbl,82454.34,mscf
Hassi R'Mel,Exploration & Production,Operations,Field B,2024,12,9236.67,bbl,192368.66,mscf
Hassi R'Mel,Exploration & Production,Logistics,Area Y,2022,8,47598.01,bbl,60428.23,mscf
Hassi R'Mel,Transportation,Operations,Area Y,2025,12,4953.44,bbl,116000.63,mscf
Rhourde Nouss,Transportation,Production,Area Y,2025,3,34439.73,bbl,33996.22,mscf
Berkine,Transportation,Operations,Area Y,2022,2,21921.54,bbl,10971.58,mscf
Adrar,Refining,Production,Block 1,2022,12,8741.36,bbl,12075.22,mscf
Rhourde Nouss,Refining,Drilling,Area X,2024,6,3636.98,bbl,72585.99,mscf
Berkine,Exploration & Production,Logistics,Area X,2025,11,49454.69,bbl,176384.65,mscf
Hassi R'Mel,Marketing,Operations,Field A,2025,4,4382.89,bbl,31951.75,mscf
Rhourde Nouss,Marketing,Logistics,Field A,2022,11,9679.6,bbl,100667.63,mscf
Hassi R'Mel,Exploration & Production,Production,Area X,2023,11,32553.27,bbl,142299.54,mscf
Berkine,Transportation,Logistics,Area X,2024,11,24576.22,bbl,143858.65,mscf
Adrar,Marketing,Production,Area Y,2025,6,2427.18,bbl,198607.53,mscf
In Salah,Marketing,Operations,Field A,2023,6,45026.57,bbl,37482.55,mscf
Illizi,Refining,Production,Area Y,2023,3,23670.54,bbl,102509.32,mscf
Illizi,Exploration & Production,Drilling,Field A,2022,10,8229.4,bbl,75308.66,mscf
Illizi,Transportation,Operations,Field B,2023,5,1163.1,bbl,191150.3,mscf
Rhourde Nouss,Transportation,Operations,Area Y,2025,1,40657.62,bbl,124248.28,mscf
Adrar,Transportation,Production,Field A,2023,9,16290.09,bbl,114005.6,mscf
Illizi,Transportation,Drilling,Field B,2022,12,34922.41,bbl,133233.03,mscf
In Salah,Transportation,Production,Field A,2025,6,46288.89,bbl,97049.34,mscf
Adrar,Transportation,Operations,Field A,2023,9,1075.69,bbl,194216.43,mscf
Hassi Messaoud,Marketing,Logistics,Field A,2022,11,49199.33,bbl,82744.09,mscf
In Salah,Refining,Drilling,Block 1,2025,1,17713.49,bbl,158619.1,mscf
Berkine,Transportation,Operations,Block 2,2022,3,31256.15,bbl,134176.15,mscf
Hassi R'Mel,Refining,Operations,Area X,2025,5,31085.64,bbl,27056.75,mscf
Hassi R'Mel,Refining,Drilling,Area X,2024,10,24357.04,bbl,97684.46,mscf
In Salah,Transportation,Logistics,Field A,2025,1,9954.42,bbl,113345.22,mscf
Hassi Messaoud,Transportation,Drilling,Area Y,2025,5,36962.38,bbl,48357.82,mscf
In Salah,Marketing,Operations,Block 2,2025,8,5870.65,bbl,194902.0,mscf
In Salah,Marketing,Operations,Field B,2024,9,18408.5,bbl,130872.56,mscf
In Salah,Transportation,Logistics,Area X,2022,11,6314.76,bbl,29126.59,mscf
Hassi R'Mel,Marketing,Production,Area Y,2022,5,45873.7,bbl,139381.43,mscf
Berkine,Marketing,Drilling,Block 2,2023,12,46615.48,bbl,185793.99,mscf
Adrar,Exploration & Production,Logistics,Area Y,2022,9,21797.79,bbl,87078.73,mscf
Rhourde Nouss,Refining,Production,Area X,2023,4,31631.77,bbl,90292.03,mscf
In Salah,Refining,Logistics,Field A,2025,5,24460.65,bbl,194565.35,mscf
Hassi R'Mel,Transportation,Operations,Block 1,2022,6,30181.22,bbl,193861.18,mscf
Hassi Messaoud,Exploration & Production,Drilling,Area X,2023,3,44290.45,bbl,45008.49,mscf
Rhourde Nouss,Refining,Production,Field A,2024,10,20623.71,bbl,88617.17,mscf
Illizi,Transportation,Production,Block 1,2023,9,34798.0,bbl,31343.39,mscf
Berkine,Transportation,Logistics,Field A,2023,5,24661.12,bbl,135325.52,mscf
Rhourde Nouss,Marketing,Logistics,Area X,2024,11,47643.37,bbl,42529.11,mscf
Hassi Messaoud,Exploration & Production,Production,Block 2,2022,10,28569.22,bbl,122903.7,mscf
Berkine,Transportation,Drilling,Block 2,2024,5,1786.94,bbl,192623.78,mscf
In Salah,Refining,Drilling,Block 1,2025,9,13809.16,bbl,119066.98,mscf
Adrar,Exploration & Production,Operations,Field B,2025,2,48231.97,bbl,153237.96,mscf
Rhourde Nouss,Refining,Drilling,Block 2,2025,9,17088.53,bbl,187283.39,mscf
Illizi,Marketing,Logistics,Field B,2024,1,34359.11,bbl,135067.36,mscf
Adrar,Exploration & Production,Drilling,Block 2,2025,12,40630.46,bbl,144537.12,mscf
Hassi Messaoud,Marketing,Drilling,Area X,2023,5,31182.86,bbl,110935.27,mscf
In Salah,Refining,Drilling,Block 1,2022,12,25173.41,bbl,193141.56,mscf
Adrar,Exploration & Production,Production,Block 1,2024,4,5084.7,bbl,118753.3,mscf
Illizi,Transportation,Production,Area X,2025,9,28623.55,bbl,11772.89,mscf
Hassi R'Mel,Transportation,Logistics,Area Y,2024,12,19052.87,bbl,18427.55,mscf
Hassi Messaoud,Marketing,Operations,Area X,2023,2,25060.58,bbl,30125.42,mscf
Rhourde Nouss,Marketing,Production,Block 2,2025,7,8934.83,bbl,98571.99,mscf
In Salah,Exploration & Production,Operations,Field A,2025,4,28765.4,bbl,23476.67,mscf
Adrar,Marketing,Logistics,Field A,2022,12,2733.16,bbl,117180.74,mscf
Rhourde Nouss,Marketing,Logistics,Area X,2024,1,3473.4,bbl,94596.91,mscf
Hassi Messaoud,Refining,Production,Field A,2024,5,5288.41,bbl,21335.25,mscf
Illizi,Marketing,Operations,Area X,2025,12,28900.37,bbl,7057.78,mscf
In Salah,Transportation,Production,Block 1,2022,12,2501.13,bbl,69362.27,mscf
In Salah,Refining,Production,Block 2,2022,10,10068.81,bbl,63796.36,mscf
Hassi R'Mel,Exploration & Production,Production,Block 1,2025,6,45561.06,bbl,86888.85,mscf
Adrar,Refining,Drilling,Area Y,2022,5,4355.2,bbl,45011.05,mscf
Adrar,Refining,Logistics,Field A,2022,3,28414.51,bbl,165857.59,mscf
Rhourde Nouss,Refining,Operations,Block 2,2024,8,17825.9,bbl,147502.02,mscf
Illizi,Exploration & Production,Logistics,Field A,2023,8,11016.74,bbl,161706.92,mscf
Illizi,Refining,Drilling,Block 2,2024,6,6994.29,bbl,40637.14,mscf
Rhourde Nouss,Transportation,Drilling,Area Y,2025,4,46900.67,bbl,116338.05,mscf
Hassi R'Mel,Transportation,Drilling,Block 1,2022,9,31256.51,bbl,101100.72,mscf
Illizi,Refining,Production,Area Y,2024,1,39776.99,bbl,20903.5,mscf
Hassi Messaoud,Exploration & Production,Operations,Area X,2024,7,21565.8,bbl,123085.96,mscf
Berkine,Transportation,Drilling,Area Y,2023,6,2537.2,bbl,35283.07,mscf
Hassi Messaoud,Marketing,Operations,Block 2,2024,6,38589.82,bbl,26074.53,mscf
Rhourde Nouss,Refining,Production,Field A,2023,2,12868.0,bbl,190086.95,mscf
Adrar,Transportation,Drilling,Area X,2023,6,15222.63,bbl,50384.98,mscf
In Salah,Marketing,Logistics,Field B,2025,3,20772.88,bbl,131413.27,mscf
In Salah,Exploration & Production,Production,Block 1,2025,5,11233.48,bbl,114580.7,mscf
Adrar,Transportation,Drilling,Field B,2022,10,40751.3,bbl,189221.05,mscf
Berkine,Marketing,Operations,Block 2,2023,8,34007.87,bbl,22085.54,mscf
Rhourde Nouss,Marketing,Drilling,Block 1,2024,11,14121.7,bbl,32442.0,mscf
Illizi,Refining,Production,Field A,2025,2,35973.9,bbl,41990.01,mscf
Adrar,Transportation,Logistics,Field B,2023,1,22227.38,bbl,84420.85,mscf
In Salah,Marketing,Production,Field A,2022,6,49260.16,bbl,151805.46,mscf
Illizi,Refining,Production,Block 2,2023,10,43349.82,bbl,118545.47,mscf
In Salah,Exploration & Production,Production,Block 2,2025,9,35940.12,bbl,134830.92,mscf
Illizi,Refining,Operations,Block 1,2025,2,43466.35,bbl,65050.14,mscf
Adrar,Transportation,Drilling,Area Y,2022,6,25790.15,bbl,123658.01,mscf
Illizi,Transportation,Drilling,Field A,2023,4,32009.92,bbl,172574.39,mscf
In Salah,Marketing,Drilling,Area X,2024,6,3787.7,bbl,169069.31,mscf
Adrar,Marketing,Logistics,Field B,2025,4,22425.5,bbl,22917.94,mscf
In Salah,Marketing,Operations,Block 1,2025,7,42103.14,bbl,131556.44,mscf
Rhourde Nouss,Refining,Drilling,Block 2,2022,1,25223.14,bbl,60011.25,mscf
Hassi Messaoud,Exploration & Production,Drilling,Area X,2024,2,49762.63,bbl,69660.84,mscf
Hassi R'Mel,Marketing,Drilling,Area X,2024,12,23697.61,bbl,11297.32,mscf
Berkine,Refining,Logistics,Field A,2025,7,46795.75,bbl,69629.94,mscf
Adrar,Exploration & Production,Production,Area X,2022,3,5658.58,bbl,193122.56,mscf
Illizi,Transportation,Logistics,Field B,2024,2,14670.94,bbl,99892.62,mscf
Illizi,Marketing,Production,Block 2,2025,9,6148.33,bbl,112923.14,mscf
Adrar,Marketing,Production,Field A,2024,12,42775.95,bbl,71005.47,mscf
Hassi R'Mel,Refining,Drilling,Area X,2022,2,21243.66,bbl,88970.94,mscf
Adrar,Transportation,Operations,Block 1,2025,8,44005.02,bbl,82252.15,mscf
Rhourde Nouss,Marketing,Operations,Block 1,2023,11,9328.13,bbl,136323.86,mscf
Berkine,Transportation,Drilling,Field A,2022,2,13634.16,bbl,97182.15,mscf
Adrar,Refining,Logistics,Block 1,2022,11,29881.11,bbl,50117.89,mscf
Rhourde Nouss,Transportation,Production,Field A,2025,7,18255.97,bbl,198491.62,mscf
Rhourde Nouss,Exploration & Production,Logistics,Field A,2024,1,40322.33,bbl,131443.35,mscf
Illizi,Exploration & Production,Operations,Block 1,2023,7,48936.7,bbl,13785.19,mscf
Rhourde Nouss,Marketing,Production,Field B,2023,12,33066.99,bbl,36729.04,mscf
Rhourde Nouss,Marketing,Logistics,Field B,2025,3,48728.79,bbl,149108.63,mscf
Illizi,Refining,Logistics,Field B,2024,11,6831.2,bbl,164582.13,mscf
Berkine,Transportation,Drilling,Area Y,2025,8,42901.79,bbl,187957.79,mscf
Adrar,Transportation,Logistics,Area X,2023,12,46099.31,bbl,177678.99,mscf
Berkine,Refining,Operations,Block 2,2022,9,32826.6,bbl,195819.29,mscf
Adrar,Exploration & Production,Drilling,Field A,2024,3,2848.08,bbl,68186.74,mscf
Hassi R'Mel,Exploration & Production,Production,Field A,2022,8,4341.69,bbl,31328.16,mscf
Berkine,Transportation,Production,Area X,2024,10,46139.66,bbl,181651.93,mscf
Berkine,Refining,Operations,Field B,2024,9,9967.27,bbl,91003.22,mscf
In Salah,Marketing,Logistics,Area Y,2023,9,40405.63,bbl,33024.59,mscf
Berkine,Marketing,Logistics,Field B,2022,8,42676.37,bbl,123911.82,mscf
Hassi Messaoud,Refining,Operations,Field B,2023,5,11318.6,bbl,75323.32,mscf
Illizi,Marketing,Logistics,Block 1,2025,2,41883.75,bbl,173284.4,mscf
Illizi,Exploration & Production,Operations,Field A,2023,3,17760.77,bbl,78205.47,mscf
Berkine,Marketing,Operations,Block 1,2025,5,6176.98,bbl,36894.36,mscf
Hassi R'Mel,Refining,Drilling,Area Y,2024,11,44167.93,bbl,167873.31,mscf
Berkine,Exploration & Production,Production,Block 1,2023,4,2277.82,bbl,94916.07,mscf
Illizi,Exploration & Production,Operations,Field A,2025,12,2772.58,bbl,179401.72,mscf
In Salah,Transportation,Drilling,Area Y,2025,6,14331.81,bbl,164567.41,mscf
Illizi,Transportation,Production,Field A,2025,11,5317.84,bbl,86910.49,mscf
In Salah,Refining,Logistics,Field A,2024,10,8796.77,bbl,157477.77,mscf
Berkine,Transportation,Operations,Block 1,2024,4,20905.84,bbl,189842.01,mscf
Illizi,Marketing,Production,Area Y,2023,2,3990.73,bbl,81514.38,mscf
Berkine,Refining,Drilling,Block 2,2024,11,10728.89,bbl,117250.27,mscf
In Salah,Transportation,Operations,Area X,2024,9,32869.58,bbl,48349.05,mscf
Hassi Messaoud,Refining,Logistics,Field A,2025,3,48392.67,bbl,78574.54,mscf
Hassi Messaoud,Exploration & Production,Operations,Area Y,2023,11,10873.32,bbl,14695.62,mscf
Rhourde Nouss,Refining,Drilling,Area X,2025,12,28416.62,bbl,88574.85,mscf
Berkine,Transportation,Operations,Block 2,2023,2,14340.5,bbl,13672.7,mscf
Adrar,Transportation,Production,Block 2,2025,10,39215.1,bbl,160928.18,mscf
Hassi R'Mel,Refining,Production,Block 1,2022,9,31406.38,bbl,91173.05,mscf
Illizi,Refining,Drilling,Area Y,2023,8,4450.1,bbl,125842.67,mscf
In Salah,Refining,Production,Block 2,2022,1,40520.3,bbl,175264.3,mscf
Illizi,Exploration & Production,Operations,Field B,2022,6,18024.52,bbl,166641.7,mscf
In Salah,Exploration & Production,Logistics,Field A,2024,11,27493.71,bbl,84715.97,mscf
In Salah,Transportation,Operations,Block 2,2023,8,23930.51,bbl,62215.43,mscf
In Salah,Exploration & Production,Drilling,Block 2,2023,6,38297.12,bbl,159989.59,mscf
In Salah,Exploration & Production,Operations,Field B,2024,9,17171.1,bbl,153749.12,mscf
Rhourde Nouss,Transportation,Production,Area Y,2022,12,42976.18,bbl,174524.39,mscf
Hassi R'Mel,Marketing,Logistics,Field A,2022,1,9678.63,bbl,79847.69,mscf
Hassi Messaoud,Exploration & Production,Logistics,Area X,2025,11,13994.62,bbl,155437.26,mscf
Rhourde Nouss,Transportation,Logistics,Area X,2024,6,41431.48,bbl,92924.66,mscf
Berkine,Transportation,Operations,Field B,2025,12,46554.69,bbl,149643.44,mscf
Hassi Messaoud,Marketing,Production,Field B,2024,7,38537.3,bbl,185417.4,mscf
Hassi R'Mel,Marketing,Drilling,Field B,2025,9,41581.01,bbl,69466.19,mscf
Rhourde Nouss,Marketing,Drilling,Field B,2025,3,15743.08,bbl,31166.58,mscf
Rhourde Nouss,Marketing,Drilling,Area X,2025,7,2509.42,bbl,43450.39,mscf
Hassi R'Mel,Transportation,Drilling,Block 1,2025,12,31521.57,bbl,114737.83,mscf
Illizi,Marketing,Drilling,Area Y,2024,6,7868.01,bbl,25812.03,mscf
Berkine,Marketing,Operations,Block 1,2022,2,39117.13,bbl,171364.09,mscf
Berkine,Refining,Operations,Block 2,2022,12,36834.58,bbl,166872.48,mscf
Hassi R'Mel,Exploration & Production,Operations,Field A,2024,8,12893.64,bbl,161340.29,mscf
Illizi,Transportation,Production,Field A,2022,11,38698.95,bbl,188180.88,mscf
Hassi R'Mel,Transportation,Drilling,Area Y,2025,5,43724.18,bbl,187984.59,mscf
Berkine,Transportation,Operations,Area Y,2024,4,17942.32,bbl,146484.77,mscf
Hassi R'Mel,Refining,Logistics,Block 2,2022,10,7989.15,bbl,25270.42,mscf
Rhourde Nouss,Marketing,Operations,Block 2,2022,5,32190.77,bbl,32103.4,mscf
In Salah,Transportation,Operations,Area X,2025,1,26279.48,bbl,78486.79,mscf
Hassi Messaoud,Refining,Production,Area Y,2023,7,29132.51,bbl,92945.18,mscf
Illizi,Transportation,Drilling,Area Y,2024,7,24964.41,bbl,193091.12,mscf
Berkine,Transportation,Production,Block 2,2023,7,19349.76,bbl,99182.82,mscf
Illizi,Transportation,Operations,Area X,2025,4,24922.77,bbl,71912.74,mscf
Hassi Messaoud,Transportation,Drilling,Block 1,2024,10,39295.57,bbl,59042.27,mscf
Berkine,Exploration & Production,Operations,Area X,2024,10,24898.7,bbl,26890.76,mscf
Hassi R'Mel,Marketing,Operations,Field B,2024,12,2153.53,bbl,199458.13,mscf
Adrar,Marketing,Logistics,Block 2,2022,11,49316.41,bbl,26908.34,mscf
Illizi,Exploration & Production,Operations,Area Y,2023,12,40825.7,bbl,35454.31,mscf
Rhourde Nouss,Transportation,Operations,Area Y,2025,6,41346.01,bbl,123356.22,mscf
Hassi Messaoud,Marketing,Operations,Block 1,2022,7,25310.61,bbl,34240.07,mscf
Adrar,Marketing,Logistics,Area Y,2022,1,42592.84,bbl,128461.46,mscf
Rhourde Nouss,Exploration & Production,Operations,Block 2,2022,5,48405.94,bbl,193147.88,mscf
Adrar,Transportation,Drilling,Area Y,2023,6,8326.65,bbl,44532.24,mscf
In Salah,Exploration & Production,Logistics,Area Y,2023,2,3834.27,bbl,93057.28,mscf
Hassi Messaoud,Transportation,Operations,Field B,2023,3,9145.22,bbl,25284.12,mscf
Hassi R'Mel,Refining,Operations,Block 2,2023,10,25948.16,bbl,50922.42,mscf
Hassi R'Mel,Marketing,Operations,Field B,2022,3,12728.67,bbl,15587.49,mscf
Rhourde Nouss,Refining,Production,Block 2,2022,5,10522.29,bbl,150226.87,mscf
Berkine,Marketing,Drilling,Area Y,2025,2,47082.07,bbl,23522.14,mscf
Illizi,Exploration & Production,Production,Field B,2025,11,1731.36,bbl,150602.45,mscf
Adrar,Transportation,Operations,Field A,2023,10,21132.3,bbl,183307.32,mscf
Illizi,Marketing,Drilling,Area Y,2022,5,38997.65,bbl,138794.26,mscf
Rhourde Nouss,Exploration & Production,Logistics,Block 1,2022,7,43185.7,bbl,142887.31,mscf
In Salah,Refining,Drilling,Field A,2022,2,13973.58,bbl,16406.51,mscf
Berkine,Marketing,Operations,Field B,2024,9,44010.23,bbl,49988.1,mscf
Illizi,Exploration & Production,Logistics,Field A,2025,2,14972.31,bbl,155193.07,mscf
Berkine,Marketing,Logistics,Block 2,2025,11,10235.02,bbl,25547.9,mscf
Berkine,Exploration & Production,Operations,Block 2,2025,5,7137.21,bbl,120009.68,mscf
In Salah,Transportation,Logistics,Area Y,2023,4,18181.69,bbl,87161.69,mscf
Hassi Messaoud,Refining,Production,Area X,2025,8,6824.55,bbl,12477.92,mscf
Berkine,Exploration & Production,Drilling,Area Y,2022,12,9133.89,bbl,58889.35,mscf
In Salah,Exploration & Production,Production,Block 1,2023,2,48393.02,bbl,143245.61,mscf
Hassi Messaoud,Refining,Operations,Block 2,2025,12,38960.86,bbl,130430.31,mscf
Hassi R'Mel,Refining,Drilling,Area X,2025,4,5622.77,bbl,159512.02,mscf
Hassi Messaoud,Marketing,Drilling,Field B,2023,2,2536.8,bbl,142561.49,mscf
Adrar,Marketing,Operations,Block 2,2025,7,17367.33,bbl,120235.46,mscf
In Salah,Refining,Drilling,Area Y,2024,12,26226.9,bbl,125207.05,mscf
Berkine,Exploration & Production,Logistics,Field A,2022,11,20026.39,bbl,44781.53,mscf
Berkine,Refining,Operations,Area Y,2022,4,25497.45,bbl,179219.95,mscf
Illizi,Refining,Drilling,Area X,2024,10,34923.08,bbl,94544.81,mscf
Hassi Messaoud,Exploration & Production,Drilling,Area X,2025,2,46050.81,bbl,69480.96,mscf
Adrar,Exploration & Production,Drilling,Field B,2022,9,43274.65,bbl,132693.56,mscf
Illizi,Transportation,Operations,Field A,2024,2,20343.52,bbl,34273.94,mscf
Adrar,Refining,Operations,Area Y,2025,12,39467.98,bbl,45179.47,mscf
Illizi,Refining,Operations,Area X,2022,7,18325.42,bbl,189988.91,mscf
Berkine,Marketing,Logistics,Field A,2025,9,11432.13,bbl,35693.75,mscf
Berkine,Refining,Logistics,Block 1,2025,3,13601.54,bbl,84787.28,mscf
Adrar,Refining,Operations,Field B,2023,9,9040.67,bbl,189140.67,mscf
Adrar,Transportation,Operations,Field A,2022,11,49341.03,bbl,100530.5,mscf
Hassi Messaoud,Marketing,Drilling,Area Y,2025,11,46262.15,bbl,52512.14,mscf
Illizi,Transportation,Production,Area Y,2025,9,11136.74,bbl,99998.61,mscf
Adrar,Refining,Production,Field B,2022,8,34333.72,bbl,178172.92,mscf
Hassi Messaoud,Marketing,Production,Area Y,2025,6,42213.71,bbl,139317.36,mscf
In Salah,Transportation,Production,Block 2,2025,12,7748.88,bbl,5076.3,mscf
Berkine,Exploration & Production,Logistics,Block 1,2023,2,15266.18,bbl,13151.58,mscf
Berkine,Transportation,Drilling,Field A,2023,10,22720.32,bbl,152189.12,mscf
Hassi R'Mel,Exploration & Production,Production,Field A,2024,5,1170.52,bbl,55606.38,mscf
In Salah,Transportation,Logistics,Field A,2023,1,10208.1,bbl,153964.42,mscf
Hassi R'Mel,Marketing,Operations,Block 2,2024,7,46304.98,bbl,193664.46,mscf
Rhourde Nouss,Marketing,Logistics,Field A,2024,12,33677.63,bbl,115453.5,mscf
Berkine,Marketing,Operations,Field B,2022,10,6705.0,bbl,91950.18,mscf
Hassi R'Mel,Marketing,Logistics,Field B,2024,7,38373.64,bbl,135368.22,mscf
Berkine,Refining,Drilling,Block 1,2024,9,43053.15,bbl,81535.55,mscf
Hassi R'Mel,Transportation,Drilling,Field B,2022,7,20116.91,bbl,90000.55,mscf
Hassi Messaoud,Transportation,Logistics,Block 1,2024,3,15059.0,bbl,11929.5,mscf
Hassi Messaoud,Exploration & Production,Logistics,Area Y,2025,11,22936.99,bbl,97734.13,mscf
Adrar,Marketing,Drilling,Block 1,2022,7,25819.33,bbl,52563.83,mscf
Hassi Messaoud,Exploration & Production,Drilling,Block 1,2023,4,21108.03,bbl,46783.59,mscf
Berkine,Transportation,Drilling,Area X,2022,8,45452.5,bbl,24557.18,mscf
Adrar,Refining,Logistics,Area X,2025,2,3082.29,bbl,45562.08,mscf
Adrar,Marketing,Logistics,Field A,2025,5,47988.68,bbl,67244.92,mscf
Adrar,Refining,Production,Area X,2024,12,41527.71,bbl,137598.52,mscf
Hassi R'Mel,Exploration & Production,Operations,Field A,2022,5,18833.78,bbl,51621.07,mscf
In Salah,Refining,Drilling,Block 1,2024,9,45298.76,bbl,137319.7,mscf
Berkine,Marketing,Production,Block 2,2022,5,41030.4,bbl,95828.82,mscf
Adrar,Exploration & Production,Operations,Block 1,2022,11,46841.87,bbl,197857.56,mscf
Berkine,Refining,Production,Field A,2022,1,41529.04,bbl,99653.28,mscf
Rhourde Nouss,Exploration & Production,Operations,Area X,2023,12,10607.99,bbl,14241.6,mscf
Adrar,Marketing,Drilling,Field B,2024,4,16859.28,bbl,190662.49,mscf
Rhourde Nouss,Exploration & Production,Drilling,Block 1,2022,3,2092.25,bbl,101649.26,mscf
Rhourde Nouss,Marketing,Logistics,Block 2,2023,6,22239.91,bbl,91791.23,mscf
Berkine,Marketing,Drilling,Area X,2023,10,29109.98,bbl,148022.25,mscf
Berkine,Transportation,Operations,Area X,2024,9,43693.58,bbl,118036.1,mscf
Illizi,Marketing,Drilling,Area Y,2023,12,18939.92,bbl,10234.97,mscf
In Salah,Marketing,Operations,Block 2,2025,8,21199.76,bbl,144209.37,mscf
Adrar,Transportation,Production,Area X,2023,3,29847.76,bbl,127951.71,mscf
Illizi,Refining,Operations,Area X,2022,3,28338.75,bbl,81652.73,mscf
In Salah,Transportation,Operations,Block 1,2024,11,48877.97,bbl,16029.3,mscf
Hassi R'Mel,Marketing,Logistics,Area X,2023,10,22712.04,bbl,32910.23,mscf
Hassi Messaoud,Refining,Logistics,Field A,2024,2,3023.86,bbl,64421.12,mscf
Illizi,Exploration & Production,Drilling,Block 1,2025,7,29995.53,bbl,164808.39,mscf
Hassi Messaoud,Exploration & Production,Production,Block 2,2022,1,47127.77,bbl,60906.92,mscf
Rhourde Nouss,Marketing,Production,Area Y,2022,4,49513.97,bbl,29514.85,mscf
Berkine,Transportation,Operations,Area X,2022,6,26687.1,bbl,182760.21,mscf
Adrar,Refining,Drilling,Block 1,2025,8,30968.43,bbl,158110.34,mscf
Illizi,Transportation,Logistics,Area X,2025,11,37082.11,bbl,164224.83,mscf
Berkine,Marketing,Production,Field A,2022,4,11965.81,bbl,179794.42,mscf
In Salah,Exploration & Production,Logistics,Area Y,2023,11,36396.74,bbl,62838.05,mscf
Berkine,Exploration & Production,Operations,Field B,2022,10,13927.46,bbl,92683.03,mscf
Berkine,Marketing,Operations,Field A,2024,7,30614.36,bbl,22800.44,mscf
In Salah,Marketing,Drilling,Block 2,2023,7,2644.42,bbl,88925.13,mscf
Illizi,Exploration & Production,Logistics,Field B,2024,9,43054.14,bbl,182964.86,mscf
In Salah,Refining,Logistics,Field B,2024,5,4805.22,bbl,143207.38,mscf
Hassi Messaoud,Transportation,Logistics,Field A,2023,9,28587.89,bbl,143208.54,mscf
Berkine,Refining,Operations,Block 1,2024,8,33691.48,bbl,61830.31,mscf
Hassi R'Mel,Exploration & Production,Drilling,Block 2,2025,7,32775.29,bbl,96262.59,mscf
Illizi,Refining,Production,Block 1,2023,3,39700.61,bbl,182872.24,mscf
Hassi R'Mel,Marketing,Operations,Area Y,2025,6,3244.63,bbl,166572.19,mscf
Rhourde Nouss,Refining,Logistics,Block 2,2022,9,7969.69,bbl,92089.39,mscf
Berkine,Exploration & Production,Operations,Area Y,2025,3,12343.46,bbl,182709.09,mscf
Adrar,Refining,Production,Field A,2025,12,43462.97,bbl,34979.03,mscf
Berkine,Transportation,Production,Area X,2025,3,12565.97,bbl,156094.79,mscf
Hassi R'Mel,Exploration & Production,Production,Field A,2022,11,24878.17,bbl,94236.08,mscf
Hassi Messaoud,Marketing,Logistics,Field A,2023,12,5318.7,bbl,75522.71,mscf
Adrar,Marketing,Operations,Field B,2023,10,21426.52,bbl,72830.36,mscf
Adrar,Transportation,Operations,Area Y,2022,1,20752.7,bbl,23170.49,mscf
Illizi,Marketing,Operations,Field B,2024,8,5783.16,bbl,93290.05,mscf
Adrar,Exploration & Production,Logistics,Field B,2023,10,23087.94,bbl,122187.61,mscf
Illizi,Marketing,Production,Field B,2023,7,5441.68,bbl,177769.56,mscf
In Salah,Marketing,Operations,Area X,2024,12,35091.69,bbl,5110.22,mscf
Rhourde Nouss,Refining,Logistics,Block 1,2022,3,8456.61,bbl,76326.06,mscf
Adrar,Refining,Operations,Field B,2023,10,8172.09,bbl,8071.54,mscf
Illizi,Marketing,Production,Block 1,2025,11,21791.29,bbl,188936.21,mscf
Hassi Messaoud,Refining,Drilling,Block 2,2024,6,19861.73,bbl,58433.23,mscf
In Salah,Marketing,Drilling,Area Y,2025,9,19755.52,bbl,188368.98,mscf
Illizi,Marketing,Drilling,Area X,2024,7,25601.2,bbl,152558.15,mscf
In Salah,Exploration & Production,Drilling,Field A,2025,1,25883.86,bbl,66449.15,mscf
Rhourde Nouss,Exploration & Production,Operations,Field A,2024,2,49315.92,bbl,122731.32,mscf
Hassi R'Mel,Marketing,Operations,Field A,2025,8,35716.54,bbl,86023.78,mscf
Illizi,Refining,Drilling,Area Y,2022,9,2921.0,bbl,157511.01,mscf
In Salah,Refining,Production,Area Y,2023,9,32464.44,bbl,82211.89,mscf
Hassi Messaoud,Refining,Drilling,Block 2,2022,9,9064.97,bbl,196606.68,mscf
Adrar,Refining,Logistics,Block 2,2023,2,6111.0,bbl,198597.37,mscf
In Salah,Refining,Production,Area X,2024,6,12075.94,bbl,34131.21,mscf
Berkine,Refining,Logistics,Area Y,2025,8,31269.74,bbl,58698.6,mscf
Berkine,Refining,Operations,Block 1,2022,10,3156.82,bbl,21420.16,mscf
Berkine,Refining,Operations,Field B,2022,3,12971.19,bbl,95960.42,mscf
Hassi Messaoud,Transportation,Operations,Field A,2022,1,43713.67,bbl,11096.11,mscf
Berkine,Refining,Logistics,Area Y,2025,6,43181.62,bbl,57361.18,mscf
Hassi Messaoud,Refining,Drilling,Area Y,2022,5,25454.64,bbl,147027.29,mscf
Adrar,Transportation,Logistics,Field A,2025,6,8053.88,bbl,156502.23,mscf
Illizi,Marketing,Logistics,Block 1,2023,4,5773.76,bbl,20178.43,mscf
Illizi,Exploration & Production,Operations,Block 2,2024,9,48280.24,bbl,120052.75,mscf
Rhourde Nouss,Transportation,Production,Field A,2022,9,22816.09,bbl,74412.6,mscf
Adrar,Marketing,Logistics,Area Y,2025,3,22063.86,bbl,168438.95,mscf
Hassi Messaoud,Exploration & Production,Drilling,Block 2,2022,12,46728.89,bbl,57901.62,mscf
Berkine,Transportation,Logistics,Field A,2022,10,37979.41,bbl,40749.39,mscf
Illizi,Transportation,Production,Block 2,2024,6,22630.25,bbl,103912.02,mscf
Illizi,Exploration & Production,Drilling,Field A,2023,12,34221.78,bbl,67358.57,mscf
Hassi Messaoud,Exploration & Production,Operations,Block 2,2022,8,40718.3,bbl,48381.89,mscf
Illizi,Marketing,Operations,Block 1,2023,3,45267.24,bbl,109081.36,mscf
Adrar,Exploration & Production,Operations,Field B,2022,2,3171.19,bbl,158548.08,mscf
Hassi Messaoud,Refining,Operations,Field A,2023,3,40721.26,bbl,83001.42,mscf
In Salah,Refining,Logistics,Area Y,2023,5,21717.4,bbl,17522.31,mscf
In Salah,Transportation,Drilling,Field B,2023,12,36874.35,bbl,191362.05,mscf
Illizi,Transportation,Drilling,Area Y,2023,9,28498.59,bbl,89725.26,mscf
Berkine,Transportation,Operations,Block 2,2024,6,34884.16,bbl,13596.02,mscf
In Salah,Exploration & Production,Logistics,Field A,2025,11,14764.57,bbl,13011.49,mscf
Hassi R'Mel,Exploration & Production,Logistics,Field B,2022,1,21871.89,bbl,145220.74,mscf
In Salah,Exploration & Production,Operations,Field A,2025,7,13124.51,bbl,20945.91,mscf
Illizi,Marketing,Production,Field B,2024,1,38648.46,bbl,54839.64,mscf
In Salah,Transportation,Drilling,Field A,2022,3,32251.51,bbl,102680.47,mscf
Berkine,Marketing,Logistics,Block 2,2022,12,1215.17,bbl,131607.83,mscf
Rhourde Nouss,Refining,Operations,Field A,2023,5,35021.81,bbl,34861.15,mscf
Illizi,Refining,Production,Block 2,2024,6,38889.46,bbl,133198.19,mscf
Rhourde Nouss,Marketing,Drilling,Area Y,2022,4,15042.89,bbl,152026.51,mscf
Adrar,Refining,Drilling,Field B,2024,1,24797.45,bbl,132563.15,mscf
Berkine,Transportation,Production,Field A,2024,7,42038.28,bbl,50131.26,mscf
Rhourde Nouss,Exploration & Production,Drilling,Block 2,2025,7,13102.21,bbl,28957.03,mscf
Rhourde Nouss,Transportation,Logistics,Field A,2025,1,32869.5,bbl,53068.98,mscf
Hassi Messaoud,Refining,Logistics,Field A,2022,8,26117.77,bbl,61688.12,mscf
Adrar,Marketing,Drilling,Field A,2024,5,14808.73,bbl,154492.68,mscf
In Salah,Marketing,Production,Block 2,2025,12,16764.91,bbl,117745.26,mscf
Hassi Messaoud,Transportation,Drilling,Field B,2022,2,30646.25,bbl,49463.72,mscf
Hassi Messaoud,Marketing,Operations,Block 1,2024,6,1750.25,bbl,112934.06,mscf
Hassi Messaoud,Transportation,Production,Area Y,2025,9,27544.15,bbl,51605.78,mscf
In Salah,Refining,Operations,Area X,2025,8,20369.82,bbl,31468.4,mscf
Berkine,Refining,Drilling,Field B,2025,4,45793.03,bbl,41086.39,mscf
In Salah,Marketing,Logistics,Area X,2025,10,28178.36,bbl,37692.2,mscf
Hassi R'Mel,Transportation,Operations,Block 2,2025,2,40067.29,bbl,188147.98,mscf
Rhourde Nouss,Marketing,Logistics,Area Y,2022,8,13835.21,bbl,156983.22,mscf
Rhourde Nouss,Marketing,Drilling,Area X,2024,12,2967.6,bbl,31204.68,mscf
Illizi,Marketing,Logistics,Block 1,2025,4,1649.11,bbl,129585.7,mscf
Illizi,Exploration & Production,Operations,Field B,2025,5,22746.49,bbl,158359.04,mscf
Hassi Messaoud,Refining,Logistics,Area X,2025,1,10216.3,bbl,6922.77,mscf
Illizi,Refining,Operations,Field B,2025,5,32337.79,bbl,120627.0,mscf
In Salah,Exploration & Production,Logistics,Block 1,2024,10,41457.2,bbl,83208.41,mscf
Rhourde Nouss,Exploration & Production,Drilling,Block 1,2025,11,37435.32,bbl,53831.09,mscf
Adrar,Marketing,Drilling,Area X,2022,7,28930.14,bbl,21780.67,mscf
Hassi Messaoud,Marketing,Drilling,Field B,2024,4,5534.45,bbl,184291.7,mscf
Adrar,Transportation,Production,Block 2,2025,9,41893.59,bbl,161698.55,mscf
In Salah,Exploration & Production,Operations,Field A,2023,2,40255.37,bbl,35111.91,mscf
Illizi,Exploration & Production,Drilling,Field B,2025,9,12502.85,bbl,5848.51,mscf
Illizi,Refining,Logistics,Block 1,2024,12,49087.14,bbl,121200.38,mscf
Adrar,Transportation,Operations,Block 2,2022,7,3066.33,bbl,16001.82,mscf
Berkine,Refining,Production,Block 1,2023,8,5337.49,bbl,145137.27,mscf
Berkine,Marketing,Operations,Field A,2022,11,13293.15,bbl,35562.96,mscf
In Salah,Transportation,Operations,Area X,2024,7,17208.32,bbl,103259.08,mscf
Rhourde Nouss,Transportation,Production,Block 1,2022,8,17342.75,bbl,14905.94,mscf
In Salah,Marketing,Drilling,Field A,2023,11,20576.87,bbl,147095.87,mscf
Illizi,Exploration & Production,Production,Block 1,2024,8,15710.41,bbl,117762.56,mscf
Adrar,Marketing,Operations,Area X,2024,7,45109.59,bbl,198627.41,mscf
Hassi R'Mel,Refining,Drilling,Area Y,2022,2,39668.93,bbl,67057.64,mscf
Rhourde Nouss,Marketing,Logistics,Field A,2022,2,45116.48,bbl,175218.37,mscf
Hassi R'Mel,Transportation,Logistics,Area Y,2022,7,30081.42,bbl,106470.9,mscf
Hassi R'Mel,Exploration & Production,Production,Field B,2023,9,3046.11,bbl,68237.87,mscf
Hassi Messaoud,Transportation,Production,Block 2,2022,5,2112.51,bbl,181587.15,mscf
Hassi Messaoud,Exploration & Production,Logistics,Field B,2024,10,36669.08,bbl,54428.46,mscf
Hassi Messaoud,Refining,Operations,Area X,2022,4,8070.35,bbl,123543.64,mscf
In Salah,Refining,Drilling,Block 2,2023,7,38209.91,bbl,39194.57,mscf
Adrar,Refining,Production,Field B,2022,8,2029.31,bbl,118336.77,mscf
Hassi Messaoud,Transportation,Operations,Field A,2025,5,5602.04,bbl,21091.61,mscf
Berkine,Exploration & Production,Operations,Area Y,2023,9,7258.02,bbl,125504.84,mscf
Hassi Messaoud,Marketing,Operations,Area Y,2023,7,48742.69,bbl,149747.9,mscf
Illizi,Exploration & Production,Production,Area Y,2022,4,47272.99,bbl,55796.4,mscf
Hassi R'Mel,Marketing,Drilling,Area X,2025,1,28704.75,bbl,156109.37,mscf
Hassi R'Mel,Marketing,Drilling,Area Y,2023,7,45306.28,bbl,45448.91,mscf
Hassi Messaoud,Marketing,Drilling,Field B,2022,9,1790.35,bbl,122791.41,mscf
Rhourde Nouss,Refining,Production,Block 2,2022,11,3608.58,bbl,117851.62,mscf
Hassi R'Mel,Exploration & Production,Production,Field B,2024,8,47139.22,bbl,143695.62,mscf
Hassi R'Mel,Transportation,Drilling,Field B,2022,11,21574.34,bbl,6528.47,mscf
Rhourde Nouss,Refining,Operations,Field A,2025,5,18568.8,bbl,135298.94,mscf
Hassi Messaoud,Marketing,Production,Block 1,2025,2,34309.29,bbl,63579.83,mscf
Berkine,Refining,Production,Area Y,2023,7,37517.24,bbl,184281.78,mscf
Hassi R'Mel,Exploration & Production,Operations,Field A,2025,1,24089.9,bbl,161568.27,mscf
Hassi R'Mel,Exploration & Production,Operations,Area Y,2025,5,41760.48,bbl,191305.68,mscf
Berkine,Refining,Operations,Block 2,2022,11,46261.77,bbl,155569.81,mscf
Rhourde Nouss,Refining,Logistics,Area X,2024,1,34080.64,bbl,75888.24,mscf
Hassi R'Mel,Refining,Drilling,Field B,2025,8,1932.39,bbl,11919.31,mscf
Berkine,Exploration & Production,Operations,Field A,2025,3,26235.37,bbl,159480.72,mscf
Hassi R'Mel,Transportation,Drilling,Area X,2024,9,28375.58,bbl,108244.46,mscf
Berkine,Transportation,Operations,Block 1,2024,2,46017.06,bbl,155396.48,mscf
Berkine,Marketing,Drilling,Block 1,2024,2,7821.15,bbl,40341.11,mscf
Rhourde Nouss,Marketing,Production,Area X,2022,5,19378.39,bbl,199237.22,mscf
Hassi R'Mel,Refining,Logistics,Area X,2024,7,13932.76,bbl,62225.91,mscf
Adrar,Exploration & Production,Drilling,Area X,2025,1,10882.0,bbl,112049.0,mscf
In Salah,Transportation,Drilling,Block 1,2024,2,36272.92,bbl,154192.58,mscf
Hassi R'Mel,Exploration & Production,Logistics,Area X,2025,9,1635.67,bbl,65411.2,mscf
Adrar,Transportation,Drilling,Block 1,2022,8,14812.59,bbl,90735.4,mscf
Illizi,Transportation,Operations,Field B,2024,1,15748.51,bbl,161081.37,mscf
Adrar,Refining,Drilling,Block 1,2024,9,9430.46,bbl,21188.25,mscf
Illizi,Exploration & Production,Drilling,Block 1,2024,7,13315.59,bbl,144897.2,mscf
Berkine,Exploration & Production,Production,Block 1,2023,8,27281.63,bbl,123425.08,mscf
Illizi,Transportation,Logistics,Field A,2024,12,5191.45,bbl,163030.34,mscf
Hassi Messaoud,Refining,Logistics,Field B,2024,10,24647.6,bbl,31354.72,mscf
Hassi R'Mel,Marketing,Production,Field B,2022,7,4117.07,bbl,146025.94,mscf
Rhourde Nouss,Exploration & Production,Production,Block 2,2024,2,36219.85,bbl,150932.5,mscf
Berkine,Refining,Production,Block 1,2022,9,38462.47,bbl,170099.78,mscf
Berkine,Refining,Drilling,Block 2,2022,9,31774.11,bbl,177474.65,mscf
In Salah,Refining,Logistics,Area X,2025,6,29429.86,bbl,102468.27,mscf
Illizi,Refining,Drilling,Field A,2022,5,11147.03,bbl,154244.97,mscf
Adrar,Transportation,Logistics,Field B,2023,12,14928.27,bbl,190964.28,mscf
Hassi Messaoud,Refining,Logistics,Area X,2025,10,20838.61,bbl,142410.52,mscf
Hassi R'Mel,Transportation,Production,Area X,2023,10,47691.16,bbl,105350.98,mscf
Rhourde Nouss,Exploration & Production,Logistics,Field B,2025,2,8328.23,bbl,165044.64,mscf
Adrar,Exploration & Production,Drilling,Area X,2025,8,16126.56,bbl,119827.9,mscf
Hassi Messaoud,Marketing,Production,Field A,2022,4,39361.54,bbl,83229.31,mscf
Hassi Messaoud,Refining,Production,Field B,2024,7,41553.23,bbl,95476.4,mscf
Berkine,Transportation,Drilling,Field A,2022,3,24919.25,bbl,106030.72,mscf
In Salah,Transportation,Drilling,Field A,2023,3,22393.51,bbl,108809.5,mscf
In Salah,Transportation,Drilling,Block 1,2024,11,6005.8,bbl,18401.96,mscf
Illizi,Transportation,Logistics,Field A,2024,8,39347.96,bbl,87135.19,mscf
Illizi,Marketing,Production,Field A,2022,7,26372.54,bbl,148896.09,mscf
Rhourde Nouss,Marketing,Production,Block 1,2025,3,45619.74,bbl,150850.18,mscf
In Salah,Marketing,Logistics,Area X,2024,9,6753.75,bbl,190785.11,mscf
Hassi Messaoud,Marketing,Operations,Area Y,2025,5,21281.69,bbl,65445.22,mscf
Hassi Messaoud,Marketing,Logistics,Block 2,2022,9,49257.93,bbl,42570.23,mscf
Hassi R'Mel,Exploration & Production,Operations,Area Y,2023,1,14275.5,bbl,15462.15,mscf
In Salah,Transportation,Logistics,Field A,2024,7,42318.74,bbl,185610.09,mscf
Adrar,Exploration & Production,Operations,Block 1,2024,1,4147.42,bbl,69536.19,mscf
In Salah,Marketing,Production,Block 1,2023,9,18918.87,bbl,176083.66,mscf
Berkine,Refining,Drilling,Block 1,2022,5,30035.21,bbl,186517.61,mscf
Adrar,Exploration & Production,Production,Block 2,2024,3,22557.46,bbl,186793.93,mscf
In Salah,Marketing,Operations,Block 2,2024,9,21479.2,bbl,68451.17,mscf
In Salah,Transportation,Drilling,Block 1,2022,12,25626.37,bbl,149921.05,mscf
Hassi Messaoud,Transportation,Operations,Area Y,2024,7,42301.76,bbl,46729.27,mscf
Illizi,Marketing,Operations,Block 1,2022,5,34283.97,bbl,124773.0,mscf
Illizi,Refining,Logistics,Block 1,2025,6,22100.16,bbl,159799.81,mscf
Berkine,Exploration & Production,Production,Field B,2023,6,33943.01,bbl,122910.45,mscf
Hassi Messaoud,Refining,Drilling,Block 1,2023,6,23828.63,bbl,135842.32,mscf
Rhourde Nouss,Transportation,Production,Block 1,2023,11,35698.65,bbl,128340.4,mscf
Adrar,Transportation,Operations,Area Y,2023,9,11862.37,bbl,76797.89,mscf
Berkine,Refining,Drilling,Area Y,2025,12,27785.19,bbl,61363.37,mscf
Adrar,Refining,Drilling,Block 2,2023,7,5793.91,bbl,161580.19,mscf
Hassi Messaoud,Marketing,Operations,Field B,2024,3,28015.52,bbl,154505.26,mscf
Hassi Messaoud,Exploration & Production,Production,Block 1,2024,3,2990.76,bbl,166065.41,mscf
Adrar,Refining,Operations,Block 2,2023,10,13090.01,bbl,193899.13,mscf
Hassi R'Mel,Marketing,Drilling,Block 1,2022,6,24069.33,bbl,171037.69,mscf
Adrar,Marketing,Drilling,Block 2,2022,11,9272.01,bbl,31575.98,mscf
Berkine,Exploration & Production,Production,Area Y,2024,6,26311.35,bbl,47732.65,mscf
Hassi R'Mel,Transportation,Production,Block 1,2022,4,4231.68,bbl,112052.87,mscf
Rhourde Nouss,Exploration & Production,Production,Area Y,2025,11,39611.02,bbl,10204.03,mscf
Illizi,Marketing,Production,Block 2,2023,2,40235.44,bbl,126727.07,mscf
Illizi,Marketing,Operations,Block 2,2022,10,42759.73,bbl,93734.31,mscf
In Salah,Marketing,Production,Field B,2024,3,12748.78,bbl,74597.42,mscf
Adrar,Marketing,Drilling,Area Y,2022,9,1760.49,bbl,148813.94,mscf
Hassi R'Mel,Refining,Operations,Block 2,2023,7,42322.74,bbl,86771.09,mscf
Hassi Messaoud,Transportation,Drilling,Area X,2023,9,41646.07,bbl,95098.99,mscf
In Salah,Refining,Drilling,Field A,2024,4,20647.91,bbl,181427.3,mscf
Rhourde Nouss,Refining,Production,Block 1,2022,2,9170.47,bbl,98511.22,mscf
In Salah,Transportation,Drilling,Area Y,2023,9,21738.12,bbl,193195.38,mscf
Rhourde Nouss,Refining,Operations,Block 2,2025,10,38805.36,bbl,137598.25,mscf
Hassi R'Mel,Refining,Logistics,Field A,2022,8,19038.52,bbl,37210.67,mscf
Illizi,Marketing,Drilling,Field B,2023,8,13852.33,bbl,11927.72,mscf
Illizi,Transportation,Production,Area Y,2024,11,43222.47,bbl,151675.9,mscf
Hassi Messaoud,Transportation,Operations,Area Y,2024,11,21143.28,bbl,161023.48,mscf
In Salah,Refining,Drilling,Field B,2023,5,16012.93,bbl,58478.77,mscf
In Salah,Exploration & Production,Logistics,Block 1,2023,1,8324.37,bbl,34138.55,mscf
Berkine,Marketing,Operations,Field A,2025,3,2931.69,bbl,134552.63,mscf
Rhourde Nouss,Refining,Logistics,Field B,2022,5,14563.85,bbl,119807.55,mscf
Hassi R'Mel,Refining,Operations,Field A,2023,8,34241.56,bbl,153816.3,mscf
Hassi Messaoud,Marketing,Drilling,Block 1,2022,2,20197.31,bbl,198961.14,mscf
In Salah,Transportation,Drilling,Block 1,2025,6,13617.84,bbl,160455.45,mscf
Berkine,Refining,Operations,Field B,2025,3,40415.16,bbl,39105.6,mscf
Hassi Messaoud,Refining,Production,Block 2,2022,7,17311.62,bbl,112198.12,mscf
Berkine,Marketing,Operations,Area X,2025,5,43819.78,bbl,10630.11,mscf
Hassi Messaoud,Exploration & Production,Drilling,Field A,2025,3,18749.42,bbl,67685.18,mscf
In Salah,Refining,Drilling,Block 1,2024,6,33978.61,bbl,81537.58,mscf
In Salah,Marketing,Drilling,Field A,2024,5,24293.68,bbl,29121.8,mscf
Hassi Messaoud,Exploration & Production,Logistics,Area Y,2022,10,14270.25,bbl,182287.75,mscf
Rhourde Nouss,Marketing,Operations,Block 1,2024,5,29323.83,bbl,5461.71,mscf
Illizi,Marketing,Operations,Field A,2025,3,26228.7,bbl,133021.74,mscf
Rhourde Nouss,Transportation,Operations,Area X,2024,4,32726.87,bbl,95994.22,mscf
Hassi R'Mel,Refining,Production,Block 2,2024,6,24815.63,bbl,193298.84,mscf
Adrar,Exploration & Production,Logistics,Block 2,2022,6,3901.72,bbl,92155.52,mscf
Rhourde Nouss,Refining,Production,Field B,2022,12,37829.53,bbl,13045.72,mscf
Rhourde Nouss,Marketing,Production,Block 2,2024,5,9954.44,bbl,40050.09,mscf
Illizi,Marketing,Logistics,Block 2,2023,4,17723.12,bbl,73349.43,mscf
Hassi Messaoud,Refining,Production,Block 1,2022,11,34014.9,bbl,67244.15,mscf
Hassi R'Mel,Exploration & Production,Production,Field B,2022,1,8690.94,bbl,42773.75,mscf
Hassi R'Mel,Refining,Production,Area Y,2022,5,9080.76,bbl,83731.89,mscf
In Salah,Refining,Logistics,Area X,2023,10,37050.55,bbl,174410.76,mscf
Hassi R'Mel,Marketing,Logistics,Block 1,2022,2,8006.92,bbl,168173.28,mscf
Rhourde Nouss,Refining,Operations,Area X,2022,12,10455.18,bbl,89815.23,mscf
Illizi,Marketing,Operations,Field B,2022,7,1951.11,bbl,52988.6,mscf
In Salah,Marketing,Production,Block 2,2024,11,29467.3,bbl,134319.19,mscf
Illizi,Marketing,Operations,Block 2,2022,7,29784.03,bbl,138768.19,mscf
Hassi Messaoud,Refining,Drilling,Field B,2022,11,6728.32,bbl,63139.3,mscf
In Salah,Marketing,Drilling,Block 2,2023,5,17358.33,bbl,25799.2,mscf
Hassi R'Mel,Refining,Logistics,Area Y,2025,10,10994.4,bbl,9981.71,mscf
Hassi Messaoud,Transportation,Drilling,Block 2,2024,10,40588.31,bbl,188205.19,mscf
Adrar,Refining,Production,Field A,2022,11,41877.46,bbl,68425.21,mscf
Hassi Messaoud,Exploration & Production,Drilling,Block 2,2023,2,27302.05,bbl,45077.32,mscf
Hassi R'Mel,Marketing,Drilling,Block 1,2025,2,6745.69,bbl,26070.18,mscf
Illizi,Transportation,Production,Area X,2022,3,32555.4,bbl,56507.61,mscf
Hassi Messaoud,Transportation,Operations,Block 1,2024,8,44069.02,bbl,146699.12,mscf
Hassi R'Mel,Refining,Logistics,Area Y,2024,2,17993.84,bbl,190762.53,mscf
Adrar,Marketing,Operations,Area X,2022,12,46578.43,bbl,25539.96,mscf
Adrar,Refining,Logistics,Block 1,2025,6,30521.41,bbl,7177.53,mscf
In Salah,Marketing,Production,Area Y,2024,1,9524.77,bbl,38185.79,mscf
Hassi R'Mel,Refining,Drilling,Area Y,2024,12,14089.54,bbl,63596.88,mscf
Illizi,Exploration & Production,Logistics,Field A,2024,3,33073.8,bbl,69927.79,mscf
Rhourde Nouss,Exploration & Production,Operations,Block 1,2022,9,11029.39,bbl,183699.41,mscf
In Salah,Marketing,Drilling,Area X,2022,5,31640.71,bbl,138548.86,mscf
Hassi R'Mel,Marketing,Production,Field A,2024,2,1364.35,bbl,46153.98,mscf
In Salah,Refining,Production,Field B,2023,6,12032.27,bbl,81386.28,mscf
Rhourde Nouss,Exploration & Production,Operations,Field B,2025,10,48743.16,bbl,37608.47,mscf
Hassi Messaoud,Refining,Operations,Area Y,2022,7,26076.36,bbl,186883.13,mscf
Adrar,Exploration & Production,Operations,Field B,2023,5,21023.44,bbl,137580.3,mscf
Berkine,Refining,Logistics,Area Y,2022,5,28087.63,bbl,121220.64,mscf
Hassi R'Mel,Refining,Production,Area X,2025,11,13170.89,bbl,176203.31,mscf
In Salah,Transportation,Drilling,Block 1,2023,6,37616.91,bbl,110802.79,mscf
Hassi Messaoud,Transportation,Drilling,Block 2,2025,2,42150.33,bbl,35317.11,mscf
In Salah,Transportation,Operations,Area X,2024,7,13570.09,bbl,163665.62,mscf
Hassi Messaoud,Marketing,Logistics,Field B,2024,10,10252.0,bbl,106029.43,mscf
Rhourde Nouss,Marketing,Drilling,Block 1,2023,8,21026.11,bbl,149731.94,mscf
Hassi Messaoud,Transportation,Operations,Block 1,2023,6,30480.66,bbl,54703.85,mscf
Hassi R'Mel,Exploration & Production,Logistics,Field A,2022,12,43164.0,bbl,155576.01,mscf
In Salah,Marketing,Production,Area X,2024,4,1337.79,bbl,80968.99,mscf
Hassi Messaoud,Refining,Logistics,Field A,2022,9,3244.46,bbl,185831.42,mscf
In Salah,Exploration & Production,Logistics,Field B,2022,9,5835.74,bbl,194301.92,mscf
Berkine,Exploration & Production,Operations,Block 1,2025,7,43140.02,bbl,149576.93,mscf
Hassi R'Mel,Marketing,Drilling,Block 1,2023,5,20462.87,bbl,66569.1,mscf
Rhourde Nouss,Refining,Drilling,Field A,2025,10,49993.3,bbl,150064.54,mscf
Adrar,Marketing,Logistics,Field A,2023,6,20003.62,bbl,116324.83,mscf
Illizi,Transportation,Operations,Block 1,2024,5,26283.82,bbl,90809.18,mscf
Adrar,Transportation,Production,Block 2,2024,8,43752.64,bbl,98151.17,mscf
Rhourde Nouss,Exploration & Production,Drilling,Area X,2022,11,3318.35,bbl,93386.72,mscf
Illizi,Marketing,Logistics,Area X,2023,9,1149.2,bbl,111623.27,mscf
Rhourde Nouss,Transportation,Drilling,Field A,2025,2,9234.11,bbl,191645.81,mscf
Hassi Messaoud,Marketing,Drilling,Area Y,2022,1,14576.19,bbl,178384.37,mscf
Hassi R'Mel,Exploration & Production,Operations,Area Y,2023,9,35929.48,bbl,161816.3,mscf
Hassi Messaoud,Transportation,Drilling,Field A,2022,4,49443.87,bbl,176301.9,mscf
Hassi R'Mel,Marketing,Logistics,Field A,2024,11,14729.5,bbl,142671.12,mscf
Hassi R'Mel,Marketing,Logistics,Field B,2023,2,35308.31,bbl,161235.02,mscf
Hassi Messaoud,Marketing,Production,Area Y,2024,1,47363.73,bbl,5070.67,mscf
Illizi,Exploration & Production,Logistics,Field B,2022,1,15560.39,bbl,197222.59,mscf
Hassi R'Mel,Marketing,Operations,Area Y,2022,7,44307.42,bbl,116166.18,mscf
Hassi R'Mel,Transportation,Logistics,Area Y,2025,5,31371.64,bbl,137427.34,mscf
Rhourde Nouss,Marketing,Operations,Area X,2024,12,11527.45,bbl,115648.45,mscf
Rhourde Nouss,Transportation,Logistics,Area X,2024,1,39567.52,bbl,119144.55,mscf
Adrar,Marketing,Drilling,Block 1,2025,8,5346.28,bbl,7977.93,mscf
Adrar,Refining,Drilling,Block 1,2025,11,26136.34,bbl,93516.8,mscf
Berkine,Refining,Production,Block 2,2022,11,17222.53,bbl,21824.12,mscf
In Salah,Refining,Logistics,Field B,2023,6,38547.35,bbl,148121.49,mscf
Illizi,Marketing,Logistics,Field B,2022,4,46879.94,bbl,16708.46,mscf
In Salah,Refining,Logistics,Area Y,2023,10,21721.2,bbl,42012.86,mscf
Adrar,Marketing,Drilling,Field A,2025,1,7775.53,bbl,75255.73,mscf
Illizi,Marketing,Production,Area X,2023,10,37026.21,bbl,32296.55,mscf
Illizi,Refining,Drilling,Field B,2022,1,45145.06,bbl,169074.41,mscf
Hassi R'Mel,Transportation,Logistics,Block 2,2024,8,32897.04,bbl,85886.18,mscf
Illizi,Exploration & Production,Operations,Area X,2023,7,46192.46,bbl,158077.75,mscf
Illizi,Marketing,Production,Field B,2022,7,3387.57,bbl,31399.61,mscf
Berkine,Transportation,Operations,Field A,2024,7,28709.89,bbl,172083.58,mscf
Illizi,Transportation,Logistics,Block 1,2022,3,18010.6,bbl,171366.32,mscf
Berkine,Exploration & Production,Drilling,Field B,2025,8,5371.86,bbl,149298.35,mscf
Illizi,Refining,Logistics,Area Y,2023,11,6656.42,bbl,102390.88,mscf
In Salah,Marketing,Drilling,Block 1,2025,9,9930.47,bbl,185659.2,mscf
In Salah,Marketing,Drilling,Block 2,2022,6,2396.95,bbl,117250.58,mscf
Rhourde Nouss,Exploration & Production,Drilling,Field B,2022,7,38420.83,bbl,104336.57,mscf
Rhourde Nouss,Exploration & Production,Drilling,Block 2,2025,6,7693.0,bbl,173434.21,mscf
Berkine,Refining,Logistics,Block 2,2025,9,6725.92,bbl,171765.38,mscf
Hassi R'Mel,Refining,Drilling,Block 1,2025,10,33587.29,bbl,72371.07,mscf
In Salah,Transportation,Drilling,Field B,2022,8,22769.95,bbl,196064.27,mscf
Rhourde Nouss,Exploration & Production,Logistics,Block 1,2025,4,39312.45,bbl,15068.43,mscf
Illizi,Exploration & Production,Drilling,Block 2,2022,4,21348.59,bbl,19568.1,mscf
Adrar,Refining,Operations,Block 1,2024,2,13451.51,bbl,46530.57,mscf
In Salah,Marketing,Production,Block 2,2022,10,34588.26,bbl,93728.54,mscf
Adrar,Exploration & Production,Logistics,Block 1,2023,9,30088.46,bbl,65507.14,mscf
Rhourde Nouss,Refining,Drilling,Field A,2023,1,9800.55,bbl,95231.72,mscf
Berkine,Marketing,Production,Field B,2024,7,28750.77,bbl,85108.77,mscf
Rhourde Nouss,Exploration & Production,Operations,Field A,2024,5,37017.66,bbl,71071.46,mscf
In Salah,Exploration & Production,Operations,Field A,2022,6,7641.17,bbl,155105.41,mscf
Hassi Messaoud,Refining,Operations,Block 2,2025,2,22842.92,bbl,166282.38,mscf
Hassi Messaoud,Marketing,Operations,Block 1,2022,4,47367.04,bbl,143400.61,mscf
Rhourde Nouss,Refining,Production,Field A,2022,9,13632.31,bbl,156819.75,mscf
Hassi R'Mel,Transportation,Logistics,Area Y,2022,11,22538.25,bbl,66537.72,mscf
Hassi Messaoud,Exploration & Production,Logistics,Area X,2023,6,31664.87,bbl,177150.79,mscf
In Salah,Refining,Operations,Area X,2025,2,15417.3,bbl,62933.15,mscf
Hassi Messaoud,Marketing,Drilling,Area Y,2024,10,38701.74,bbl,124398.58,mscf
Illizi,Transportation,Production,Area X,2025,11,39751.59,bbl,96526.42,mscf
Rhourde Nouss,Refining,Drilling,Area X,2025,9,2217.59,bbl,58284.54,mscf
Berkine,Exploration & Production,Drilling,Area Y,2025,5,5154.33,bbl,29276.99,mscf
Rhourde Nouss,Transportation,Production,Field B,2025,9,13540.15,bbl,20481.34,mscf
Rhourde Nouss,Marketing,Logistics,Block 2,2023,11,3891.63,bbl,39383.88,mscf
Berkine,Transportation,Logistics,Field B,2022,1,47129.46,bbl,158682.02,mscf
Hassi Messaoud,Exploration & Production,Operations,Area Y,2023,12,1343.78,bbl,57749.62,mscf
Berkine,Transportation,Logistics,Block 1,2023,12,21884.0,bbl,31199.72,mscf
Hassi Messaoud,Exploration & Production,Drilling,Block 1,2022,4,3285.47,bbl,194747.26,mscf
Adrar,Marketing,Production,Field A,2025,3,14931.04,bbl,136919.0,mscf
In Salah,Refining,Drilling,Area X,2024,10,48856.78,bbl,172321.76,mscf
Hassi Messaoud,Refining,Production,Block 2,2023,4,45642.13,bbl,39184.98,mscf
Berkine,Refining,Logistics,Field A,2022,11,46566.56,bbl,76733.8,mscf
In Salah,Transportation,Operations,Block 2,2023,11,26358.48,bbl,119179.43,mscf
Adrar,Transportation,Operations,Area X,2025,6,38182.76,bbl,82311.35,mscf
Hassi R'Mel,Exploration & Production,Logistics,Block 1,2023,4,25137.93,bbl,7383.51,mscf
Hassi R'Mel,Exploration & Production,Production,Field A,2024,11,49275.86,bbl,161020.27,mscf
Hassi Messaoud,Exploration & Production,Logistics,Field B,2024,3,10239.64,bbl,13381.08,mscf
Rhourde Nouss,Marketing,Drilling,Block 2,2025,7,4911.26,bbl,9533.43,mscf
Rhourde Nouss,Transportation,Production,Area X,2024,9,29678.35,bbl,102258.61,mscf
Illizi,Exploration & Production,Drilling,Area Y,2025,1,11969.85,bbl,53333.56,mscf
In Salah,Exploration & Production,Production,Block 1,2025,12,2682.05,bbl,31835.49,mscf
Illizi,Refining,Logistics,Area X,2024,12,37536.81,bbl,44060.18,mscf
Hassi R'Mel,Transportation,Drilling,Field B,2025,6,32217.62,bbl,161721.73,mscf
In Salah,Exploration & Production,Logistics,Field B,2025,5,27269.5,bbl,45140.59,mscf
In Salah,Refining,Drilling,Area Y,2022,8,19141.23,bbl,8459.79,mscf
Hassi Messaoud,Exploration & Production,Production,Block 2,2023,12,25244.96,bbl,99700.32,mscf
In Salah,Exploration & Production,Operations,Field B,2023,4,38618.46,bbl,152438.08,mscf
Hassi Messaoud,Exploration & Production,Drilling,Block 2,2022,9,34567.63,bbl,9230.53,mscf
Berkine,Marketing,Production,Field A,2025,3,28379.97,bbl,87964.62,mscf
Hassi R'Mel,Marketing,Logistics,Area Y,2025,3,26969.7,bbl,75411.96,mscf
Hassi R'Mel,Refining,Production,Field B,2025,11,26333.21,bbl,127184.17,mscf
Hassi Messaoud,Marketing,Drilling,Block 1,2025,1,3003.31,bbl,57158.63,mscf
Hassi Messaoud,Exploration & Production,Operations,Area X,2025,2,6527.65,bbl,112370.36,mscf
Berkine,Refining,Production,Field B,2023,4,40827.44,bbl,24853.06,mscf
Rhourde Nouss,Transportation,Operations,Field A,2025,8,14759.18,bbl,148895.42,mscf
Hassi Messaoud,Marketing,Drilling,Area X,2024,7,9526.97,bbl,91938.49,mscf
Berkine,Transportation,Logistics,Block 1,2022,3,1663.6,bbl,147662.07,mscf
Adrar,Marketing,Logistics,Block 1,2022,6,28291.27,bbl,87303.05,mscf
Hassi Messaoud,Exploration & Production,Drilling,Field B,2025,8,13056.07,bbl,130993.72,mscf
Hassi Messaoud,Transportation,Logistics,Area X,2022,11,18885.38,bbl,131691.75,mscf
Adrar,Transportation,Logistics,Area Y,2022,5,28325.86,bbl,79973.97,mscf
In Salah,Marketing,Logistics,Field A,2025,5,9539.34,bbl,57137.45,mscf
Berkine,Marketing,Drilling,Field B,2022,9,5347.5,bbl,104068.97,mscf
Rhourde Nouss,Exploration & Production,Drilling,Block 2,2023,7,14903.52,bbl,102728.61,mscf
Hassi Messaoud,Marketing,Drilling,Field B,2023,12,20655.91,bbl,189114.77,mscf
In Salah,Exploration & Production,Production,Block 2,2023,2,42264.09,bbl,32728.19,mscf
Hassi Messaoud,Refining,Operations,Block 2,2025,5,36126.87,bbl,104940.93,mscf
In Salah,Transportation,Drilling,Block 1,2024,8,40389.11,bbl,69835.39,mscf
Rhourde Nouss,Exploration & Production,Logistics,Field A,2023,4,34809.48,bbl,53031.25,mscf
Rhourde Nouss,Refining,Operations,Area Y,2025,7,15550.1,bbl,125587.0,mscf
Hassi Messaoud,Refining,Production,Area X,2022,3,48951.26,bbl,19774.74,mscf
In Salah,Exploration & Production,Logistics,Block 2,2023,8,4632.04,bbl,153449.87,mscf
Hassi Messaoud,Exploration & Production,Drilling,Block 1,2025,10,39344.16,bbl,33087.43,mscf
In Salah,Exploration & Production,Drilling,Block 2,2024,9,14535.0,bbl,49408.79,mscf
Hassi Messaoud,Transportation,Operations,Area Y,2022,12,19478.24,bbl,199028.99,mscf
In Salah,Transportation,Operations,Field A,2022,12,18167.07,bbl,68984.36,mscf
Adrar,Transportation,Production,Block 1,2024,4,26343.77,bbl,58069.05,mscf
In Salah,Marketing,Drilling,Area X,2022,5,23393.56,bbl,39419.38,mscf
In Salah,Refining,Operations,Field B,2025,12,38340.57,bbl,154191.53,mscf
Hassi R'Mel,Marketing,Logistics,Field A,2022,3,45660.06,bbl,11341.51,mscf
Berkine,Marketing,Production,Field B,2023,12,3076.41,bbl,199043.41,mscf
Berkine,Exploration & Production,Production,Field B,2025,1,8372.27,bbl,12500.02,mscf
Hassi Messaoud,Exploration & Production,Production,Block 2,2023,7,18589.79,bbl,51542.98,mscf
Berkine,Transportation,Production,Area Y,2024,2,3035.61,bbl,127093.76,mscf
Berkine,Exploration & Production,Logistics,Area X,2022,7,32056.99,bbl,154155.92,mscf
In Salah,Refining,Operations,Area X,2023,7,16734.91,bbl,53668.17,mscf
Rhourde Nouss,Refining,Production,Area Y,2024,3,11398.94,bbl,157517.12,mscf
Adrar,Marketing,Logistics,Area Y,2023,11,7396.61,bbl,39963.72,mscf
Illizi,Exploration & Production,Operations,Area Y,2024,4,14751.8,bbl,34980.04,mscf
Rhourde Nouss,Refining,Production,Block 2,2024,8,32965.78,bbl,187826.53,mscf
Hassi R'Mel,Marketing,Logistics,Field A,2022,8,13981.06,bbl,16415.51,mscf
Rhourde Nouss,Transportation,Logistics,Block 1,2022,5,29929.07,bbl,190409.88,mscf
Hassi R'Mel,Refining,Operations,Block 1,2022,7,26848.12,bbl,141341.09,mscf
Illizi,Transportation,Logistics,Field A,2023,6,37253.25,bbl,62997.86,mscf
Berkine,Exploration & Production,Production,Area X,2024,12,2522.7,bbl,160816.06,mscf
Illizi,Transportation,Drilling,Area X,2023,9,31250.85,bbl,28972.94,mscf
Illizi,Transportation,Drilling,Block 1,2025,10,20721.03,bbl,56710.98,mscf
Illizi,Refining,Production,Field A,2022,2,34543.01,bbl,9206.28,mscf
In Salah,Exploration & Production,Production,Area X,2022,8,29996.22,bbl,88419.07,mscf
Berkine,Transportation,Production,Block 1,2025,6,31713.71,bbl,55949.23,mscf
Rhourde Nouss,Exploration & Production,Logistics,Area Y,2025,6,32146.12,bbl,69302.38,mscf
In Salah,Transportation,Drilling,Block 2,2024,2,42275.02,bbl,197028.64,mscf
Rhourde Nouss,Marketing,Production,Block 1,2023,5,1931.7,bbl,94933.17,mscf
In Salah,Refining,Production,Block 1,2022,5,27353.61,bbl,70734.96,mscf
Berkine,Marketing,Drilling,Field B,2025,5,16795.72,bbl,11370.69,mscf
Berkine,Marketing,Production,Area X,2024,12,43606.35,bbl,37821.64,mscf
In Salah,Transportation,Logistics,Field A,2024,5,45038.48,bbl,158077.2,mscf
Illizi,Transportation,Drilling,Area Y,2022,11,5484.31,bbl,95738.96,mscf
Illizi,Transportation,Production,Area Y,2025,4,3496.11,bbl,154277.95,mscf
Rhourde Nouss,Exploration & Production,Operations,Block 1,2022,3,35924.91,bbl,9750.73,mscf
Rhourde Nouss,Refining,Logistics,Block 2,2023,1,15737.81,bbl,64237.17,mscf
Hassi Messaoud,Marketing,Drilling,Block 2,2023,6,2811.79,bbl,108891.17,mscf
In Salah,Refining,Drilling,Field B,2023,5,43270.38,bbl,42565.54,mscf
Hassi Messaoud,Marketing,Drilling,Block 1,2022,5,22552.28,bbl,102750.43,mscf
Rhourde Nouss,Transportation,Logistics,Block 2,2024,3,45906.08,bbl,189694.49,mscf
Hassi R'Mel,Refining,Production,Block 1,2024,3,9996.33,bbl,127657.44,mscf
Hassi Messaoud,Exploration & Production,Logistics,Block 2,2025,8,29619.32,bbl,168027.83,mscf
Hassi Messaoud,Exploration & Production,Production,Block 1,2023,9,19519.48,bbl,41721.75,mscf
Berkine,Refining,Production,Block 2,2022,4,19545.43,bbl,60660.34,mscf
Adrar,Exploration & Production,Operations,Area X,2023,12,1319.46,bbl,14476.71,mscf
Hassi Messaoud,Refining,Operations,Field A,2025,7,37562.79,bbl,108739.09,mscf
Adrar,Transportation,Production,Area X,2024,4,13543.63,bbl,17025.94,mscf
Hassi R'Mel,Transportation,Production,Field B,2022,3,41155.19,bbl,34717.94,mscf
Berkine,Marketing,Logistics,Field A,2023,8,22025.59,bbl,73508.64,mscf
In Salah,Exploration & Production,Operations,Area Y,2023,12,46294.57,bbl,153468.28,mscf
Berkine,Exploration & Production,Operations,Field B,2022,11,41405.59,bbl,163855.84,mscf
Adrar,Marketing,Drilling,Field A,2022,7,30572.4,bbl,132159.87,mscf
Hassi Messaoud,Refining,Operations,Block 1,2024,1,38754.64,bbl,182939.21,mscf
Hassi Messaoud,Transportation,Drilling,Area Y,2024,6,14428.25,bbl,130666.86,mscf
Illizi,Refining,Logistics,Area Y,2022,9,29204.63,bbl,173370.69,mscf
Rhourde Nouss,Marketing,Production,Area X,2023,2,29186.1,bbl,68368.12,mscf
In Salah,Marketing,Production,Block 1,2024,11,11548.48,bbl,60477.93,mscf
Berkine,Marketing,Production,Field A,2025,12,20838.63,bbl,60348.4,mscf
Berkine,Refining,Drilling,Field A,2023,7,22099.8,bbl,55638.92,mscf
Berkine,Refining,Drilling,Block 2,2022,2,6392.46,bbl,49395.46,mscf
Hassi Messaoud,Transportation,Drilling,Block 2,2024,4,1222.87,bbl,102198.52,mscf
Rhourde Nouss,Exploration & Production,Logistics,Field B,2024,8,33365.24,bbl,103184.78,mscf
Illizi,Exploration & Production,Production,Block 1,2024,12,23435.77,bbl,181248.7,mscf
Hassi R'Mel,Marketing,Production,Block 1,2023,4,19270.87,bbl,54731.04,mscf
Rhourde Nouss,Exploration & Production,Drilling,Field A,2023,3,39839.21,bbl,96362.66,mscf
Berkine,Transportation,Logistics,Block 1,2022,7,45607.17,bbl,198153.03,mscf
Hassi R'Mel,Marketing,Drilling,Field B,2025,10,37097.41,bbl,105474.29,mscf
Adrar,Transportation,Logistics,Area Y,2022,11,38780.12,bbl,54354.81,mscf
Berkine,Marketing,Drilling,Block 2,2025,9,49671.91,bbl,90545.4,mscf
Berkine,Transportation,Drilling,Block 1,2024,12,30252.74,bbl,64874.71,mscf
In Salah,Exploration & Production,Operations,Block 2,2022,12,26979.69,bbl,67808.07,mscf
Rhourde Nouss,Refining,Logistics,Field A,2024,8,7350.67,bbl,47429.87,mscf
Illizi,Transportation,Operations,Block 1,2023,11,31344.51,bbl,5931.13,mscf
Adrar,Transportation,Drilling,Area X,2023,4,26830.63,bbl,114950.13,mscf
In Salah,Refining,Production,Field B,2025,12,17108.8,bbl,142093.16,mscf
Adrar,Exploration & Production,Operations,Area Y,2023,1,30263.35,bbl,96741.77,mscf
Illizi,Exploration & Production,Drilling,Field B,2024,5,6531.4,bbl,72517.79,mscf
Rhourde Nouss,Refining,Production,Area Y,2023,12,7110.45,bbl,28515.64,mscf
Adrar,Refining,Production,Field A,2022,9,37115.59,bbl,159739.9,mscf
Berkine,Transportation,Operations,Block 1,2023,11,16119.35,bbl,42181.97,mscf
Hassi R'Mel,Transportation,Drilling,Area X,2024,10,45652.55,bbl,114873.16,mscf
In Salah,Marketing,Production,Area Y,2023,6,27610.23,bbl,31375.17,mscf
In Salah,Transportation,Production,Field B,2023,1,4380.69,bbl,26551.86,mscf
Adrar,Refining,Production,Block 2,2025,7,20758.97,bbl,131285.94,mscf
In Salah,Marketing,Logistics,Area Y,2025,3,45071.28,bbl,185067.84,mscf
Illizi,Exploration & Production,Production,Block 2,2024,8,5415.58,bbl,87090.71,mscf
Hassi R'Mel,Transportation,Drilling,Field A,2023,6,12582.6,bbl,138250.13,mscf
Berkine,Exploration & Production,Logistics,Field A,2024,5,31600.09,bbl,57600.05,mscf
Hassi R'Mel,Refining,Drilling,Block 1,2025,7,36768.7,bbl,108032.09,mscf
Adrar,Transportation,Production,Block 1,2023,3,38919.69,bbl,90638.74,mscf
Rhourde Nouss,Refining,Logistics,Field A,2023,10,28448.31,bbl,72175.34,mscf
Illizi,Exploration & Production,Logistics,Area X,2023,3,40416.17,bbl,47834.95,mscf
Berkine,Transportation,Production,Area Y,2023,3,4388.85,bbl,176562.49,mscf
Illizi,Refining,Drilling,Area Y,2024,5,25570.04,bbl,86132.63,mscf
Hassi Messaoud,Transportation,Production,Area X,2022,5,40457.1,bbl,118671.69,mscf
Hassi Messaoud,Refining,Production,Field B,2022,9,7469.48,bbl,94058.49,mscf
Illizi,Refining,Logistics,Block 1,2025,10,30945.26,bbl,149946.55,mscf
Hassi Messaoud,Marketing,Production,Block 1,2024,7,30114.08,bbl,198645.71,mscf
Adrar,Refining,Drilling,Block 1,2022,1,24909.57,bbl,69261.87,mscf
Illizi,Marketing,Drilling,Area Y,2023,1,32450.49,bbl,176105.31,mscf
Hassi Messaoud,Transportation,Operations,Block 1,2022,12,31307.92,bbl,141720.86,mscf
In Salah,Exploration & Production,Operations,Block 2,2023,8,32630.42,bbl,23507.8,mscf
In Salah,Transportation,Production,Block 1,2025,5,35576.07,bbl,94155.1,mscf
In Salah,Exploration & Production,Production,Field A,2023,11,47776.46,bbl,103242.46,mscf
Adrar,Marketing,Production,Field B,2025,6,36906.08,bbl,199296.18,mscf
Berkine,Refining,Operations,Field A,2023,4,41422.21,bbl,124043.76,mscf
Rhourde Nouss,Refining,Production,Area Y,2024,1,35905.44,bbl,107718.55,mscf
Adrar,Transportation,Logistics,Area X,2023,12,31872.77,bbl,31361.1,mscf
Hassi Messaoud,Marketing,Production,Field A,2022,5,18341.79,bbl,89719.3,mscf
Berkine,Transportation,Production,Block 2,2024,7,8575.31,bbl,6368.74,mscf
Illizi,Exploration & Production,Logistics,Area X,2025,6,22481.7,bbl,134675.25,mscf
Hassi Messaoud,Transportation,Production,Area Y,2023,8,12716.53,bbl,88605.21,mscf
Hassi R'Mel,Refining,Production,Area Y,2022,4,44161.19,bbl,180854.46,mscf
Rhourde Nouss,Transportation,Logistics,Field A,2024,9,47841.65,bbl,160260.65,mscf
In Salah,Exploration & Production,Operations,Area X,2024,7,17998.06,bbl,8002.88,mscf
Berkine,Exploration & Production,Drilling,Area X,2024,10,28890.87,bbl,109249.57,mscf
Rhourde Nouss,Marketing,Operations,Area X,2023,7,31308.86,bbl,193794.31,mscf
Hassi R'Mel,Transportation,Drilling,Block 1,2022,12,35725.79,bbl,106708.94,mscf
Hassi R'Mel,Transportation,Logistics,Field A,2023,1,18064.39,bbl,72242.81,mscf
Rhourde Nouss,Exploration & Production,Logistics,Field B,2025,4,36971.67,bbl,183119.41,mscf
Hassi R'Mel,Transportation,Drilling,Field A,2025,2,39204.49,bbl,142113.97,mscf
Hassi R'Mel,Transportation,Logistics,Area X,2023,11,17909.14,bbl,180869.43,mscf
Rhourde Nouss,Transportation,Drilling,Area X,2023,2,31213.49,bbl,92345.25,mscf
Illizi,Refining,Operations,Field A,2023,10,36897.91,bbl,165545.65,mscf
Illizi,Transportation,Operations,Block 2,2025,6,33913.26,bbl,95688.8,mscf
Adrar,Transportation,Drilling,Field B,2022,12,34671.04,bbl,176596.07,mscf
Hassi R'Mel,Marketing,Logistics,Area Y,2024,1,19244.26,bbl,123827.58,mscf
Adrar,Transportation,Production,Area Y,2023,1,2113.43,bbl,63257.84,mscf
Adrar,Refining,Operations,Area X,2023,5,25739.58,bbl,20926.21,mscf
Adrar,Marketing,Production,Area Y,2023,8,17713.47,bbl,111810.05,mscf
Illizi,Exploration & Production,Logistics,Area X,2023,4,20608.44,bbl,197871.78,mscf
Hassi Messaoud,Refining,Logistics,Area X,2024,4,31078.09,bbl,93146.85,mscf
In Salah,Refining,Drilling,Field A,2025,3,3192.95,bbl,191580.18,mscf
Illizi,Exploration & Production,Production,Field B,2023,8,5517.99,bbl,180272.69,mscf
Hassi Messaoud,Refining,Production,Field A,2025,11,38074.03,bbl,65560.58,mscf
Hassi R'Mel,Marketing,Operations,Area Y,2025,1,7912.25,bbl,23548.63,mscf
Hassi Messaoud,Refining,Logistics,Block 2,2025,3,5763.53,bbl,79690.63,mscf
Adrar,Transportation,Production,Area X,2023,10,7449.05,bbl,179240.54,mscf
Berkine,Transportation,Logistics,Area Y,2022,5,45157.6,bbl,70470.25,mscf
Adrar,Transportation,Drilling,Area X,2023,1,30023.05,bbl,156958.11,mscf
Hassi R'Mel,Refining,Logistics,Area Y,2022,8,6692.98,bbl,165642.28,mscf
Hassi Messaoud,Exploration & Production,Logistics,Area Y,2025,3,26968.61,bbl,72501.1,mscf
Illizi,Exploration & Production,Logistics,Block 1,2024,6,37496.98,bbl,88067.33,mscf
Rhourde Nouss,Transportation,Logistics,Field A,2023,11,8593.87,bbl,22955.81,mscf
Hassi Messaoud,Marketing,Drilling,Area Y,2024,2,24941.31,bbl,148386.57,mscf
Hassi Messaoud,Transportation,Production,Block 1,2024,1,35743.73,bbl,164641.33,mscf
Adrar,Transportation,Logistics,Block 2,2024,3,18351.22,bbl,42476.83,mscf
Hassi Messaoud,Marketing,Drilling,Field A,2024,11,21607.17,bbl,162879.72,mscf
Hassi R'Mel,Exploration & Production,Logistics,Area X,2025,10,16481.2,bbl,170001.18,mscf
In Salah,Marketing,Drilling,Area X,2024,4,2962.95,bbl,122659.26,mscf
Berkine,Transportation,Production,Field B,2024,2,17764.88,bbl,115396.82,mscf
In Salah,Transportation,Production,Field B,2023,5,24526.56,bbl,180102.48,mscf
Adrar,Marketing,Operations,Field A,2025,1,15966.24,bbl,193875.89,mscf
Rhourde Nouss,Transportation,Logistics,Area X,2022,2,48315.61,bbl,19923.84,mscf
Rhourde Nouss,Transportation,Drilling,Area X,2023,3,41426.75,bbl,157358.65,mscf
Berkine,Marketing,Production,Area X,2023,6,13784.63,bbl,102734.41,mscf
Adrar,Exploration & Production,Operations,Block 2,2023,10,5013.72,bbl,174167.53,mscf
Berkine,Marketing,Drilling,Area X,2025,10,47617.77,bbl,181437.72,mscf
Rhourde Nouss,Transportation,Operations,Field A,2024,11,23332.28,bbl,152893.65,mscf
Hassi Messaoud,Refining,Logistics,Field B,2022,6,38267.72,bbl,47065.51,mscf
In Salah,Marketing,Logistics,Block 2,2024,3,1448.63,bbl,69806.93,mscf
Berkine,Marketing,Logistics,Field B,2025,4,40365.37,bbl,186025.32,mscf
Hassi R'Mel,Exploration & Production,Operations,Area Y,2023,11,14522.08,bbl,166077.48,mscf
Hassi R'Mel,Refining,Operations,Area X,2023,1,11914.38,bbl,52076.26,mscf
Hassi R'Mel,Marketing,Production,Field B,2022,11,18822.85,bbl,115281.95,mscf
Hassi R'Mel,Exploration & Production,Operations,Block 2,2024,8,43674.25,bbl,66903.64,mscf
Hassi R'Mel,Transportation,Production,Block 2,2025,8,35717.52,bbl,26280.87,mscf
Berkine,Exploration & Production,Production,Block 1,2023,10,2304.61,bbl,167441.01,mscf
Berkine,Marketing,Drilling,Block 2,2022,8,4923.56,bbl,89909.2,mscf
Berkine,Marketing,Operations,Area Y,2022,11,23221.1,bbl,20043.85,mscf
Adrar,Refining,Logistics,Area Y,2023,6,2129.3,bbl,28886.25,mscf
Illizi,Transportation,Production,Field A,2023,5,26139.86,bbl,131230.53,mscf
Hassi R'Mel,Exploration & Production,Drilling,Field B,2025,1,3096.37,bbl,41271.84,mscf
Rhourde Nouss,Transportation,Operations,Field A,2022,7,34557.94,bbl,184160.64,mscf
Rhourde Nouss,Marketing,Drilling,Block 2,2023,10,7411.57,bbl,199664.17,mscf
In Salah,Transportation,Operations,Block 2,2025,12,2139.34,bbl,17551.5,mscf
Rhourde Nouss,Transportation,Operations,Field B,2022,11,25387.78,bbl,77616.33,mscf
Hassi Messaoud,Exploration & Production,Drilling,Field A,2023,9,47347.63,bbl,187905.5,mscf
Berkine,Exploration & Production,Logistics,Block 1,2022,2,37687.43,bbl,149939.83,mscf
Hassi Messaoud,Transportation,Production,Field A,2022,1,40257.85,bbl,56649.33,mscf
Hassi Messaoud,Marketing,Production,Field A,2022,2,25161.63,bbl,186146.11,mscf
Illizi,Refining,Drilling,Field A,2024,7,16339.44,bbl,110599.96,mscf
Hassi R'Mel,Exploration & Production,Drilling,Block 2,2025,5,9006.35,bbl,61861.36,mscf
Rhourde Nouss,Exploration & Production,Operations,Field B,2022,9,23310.99,bbl,95370.06,mscf
In Salah,Transportation,Drilling,Field B,2022,9,34635.23,bbl,179360.93,mscf
In Salah,Transportation,Logistics,Block 2,2024,11,9305.72,bbl,146309.05,mscf
In Salah,Marketing,Production,Field B,2022,4,43399.63,bbl,71210.89,mscf
Berkine,Marketing,Logistics,Area Y,2025,7,2358.01,bbl,185740.37,mscf
Hassi R'Mel,Refining,Production,Area Y,2024,9,18470.54,bbl,77375.12,mscf
In Salah,Transportation,Drilling,Area X,2025,7,24789.66,bbl,47183.05,mscf
Hassi Messaoud,Transportation,Drilling,Field A,2023,5,35902.47,bbl,165623.07,mscf
Rhourde Nouss,Exploration & Production,Drilling,Block 2,2024,11,43627.75,bbl,74773.0,mscf
Berkine,Refining,Logistics,Field B,2025,4,29918.92,bbl,88516.55,mscf
Hassi R'Mel,Exploration & Production,Drilling,Block 1,2024,2,48980.62,bbl,188473.34,mscf
Hassi Messaoud,Refining,Production,Block 2,2025,11,28745.84,bbl,54871.77,mscf
In Salah,Refining,Operations,Block 1,2024,6,22449.76,bbl,168381.74,mscf
Illizi,Transportation,Drilling,Field A,2024,1,7987.58,bbl,100481.02,mscf
Hassi R'Mel,Transportation,Operations,Area Y,2025,6,26174.52,bbl,37880.78,mscf
Illizi,Refining,Production,Field B,2023,4,47571.64,bbl,141098.48,mscf
Berkine,Transportation,Logistics,Area X,2024,1,35657.14,bbl,161892.18,mscf
In Salah,Transportation,Logistics,Field B,2023,11,15849.95,bbl,48114.42,mscf
Illizi,Transportation,Production,Field A,2023,11,25617.39,bbl,171785.0,mscf
Berkine,Marketing,Drilling,Field B,2023,10,49525.4,bbl,183740.22,mscf
Illizi,Transportation,Production,Field A,2023,4,21253.9,bbl,183306.14,mscf
Adrar,Marketing,Production,Block 2,2022,6,44212.77,bbl,82468.36,mscf
Rhourde Nouss,Transportation,Drilling,Field B,2022,5,8009.76,bbl,83893.37,mscf
Hassi Messaoud,Transportation,Operations,Field A,2023,1,14689.38,bbl,169066.93,mscf
Rhourde Nouss,Transportation,Production,Block 1,2024,1,27863.2,bbl,11751.64,mscf
In Salah,Transportation,Drilling,Block 1,2023,2,33338.03,bbl,116632.53,mscf
Hassi R'Mel,Exploration & Production,Production,Area Y,2025,9,12552.58,bbl,35666.76,mscf
Hassi R'Mel,Exploration & Production,Operations,Field B,2025,4,44002.85,bbl,26679.81,mscf
Adrar,Marketing,Operations,Field A,2023,2,43868.56,bbl,30516.89,mscf
In Salah,Refining,Logistics,Block 2,2024,7,34822.94,bbl,120932.99,mscf
Hassi R'Mel,Refining,Production,Area Y,2022,6,23825.92,bbl,92121.07,mscf
Berkine,Refining,Operations,Field B,2023,8,43940.98,bbl,51357.19,mscf
In Salah,Marketing,Production,Area Y,2022,8,33052.94,bbl,51464.35,mscf
Hassi R'Mel,Exploration & Production,Operations,Area X,2023,12,12989.86,bbl,143418.08,mscf
Hassi R'Mel,Transportation,Logistics,Field B,2022,8,29638.3,bbl,151572.36,mscf
Hassi R'Mel,Exploration & Production,Production,Area Y,2025,2,9715.0,bbl,124574.02,mscf
In Salah,Marketing,Logistics,Block 2,2025,3,40805.75,bbl,76564.22,mscf
Hassi Messaoud,Marketing,Operations,Field B,2025,11,24236.1,bbl,125888.88,mscf
Berkine,Refining,Operations,Block 2,2025,12,43096.65,bbl,88252.27,mscf
Adrar,Exploration & Production,Drilling,Block 1,2022,2,24100.33,bbl,57423.68,mscf
In Salah,Marketing,Operations,Field A,2022,8,19168.04,bbl,193450.42,mscf
Rhourde Nouss,Transportation,Operations,Block 1,2024,6,15256.69,bbl,69912.13,mscf
In Salah,Refining,Logistics,Block 1,2025,3,19283.72,bbl,25502.67,mscf
Adrar,Transportation,Logistics,Field B,2022,11,1296.15,bbl,61393.78,mscf
In Salah,Refining,Operations,Area X,2023,9,1404.15,bbl,15355.61,mscf
Rhourde Nouss,Transportation,Production,Field A,2023,7,11387.17,bbl,102053.46,mscf
In Salah,Exploration & Production,Drilling,Block 1,2024,9,44133.83,bbl,122402.79,mscf
Berkine,Refining,Production,Field B,2023,11,21579.24,bbl,67553.55,mscf
Illizi,Exploration & Production,Logistics,Area X,2024,9,36021.05,bbl,135210.57,mscf
Rhourde Nouss,Exploration & Production,Operations,Area X,2022,4,3903.06,bbl,52813.61,mscf
Hassi R'Mel,Transportation,Operations,Field B,2024,3,47313.4,bbl,118598.39,mscf
Rhourde Nouss,Transportation,Drilling,Area Y,2025,4,26889.87,bbl,76102.43,mscf
In Salah,Marketing,Logistics,Block 1,2024,4,33004.55,bbl,88500.13,mscf
Illizi,Transportation,Operations,Block 1,2025,11,44016.88,bbl,98247.74,mscf
Hassi R'Mel,Exploration & Production,Operations,Field A,2024,10,15349.96,bbl,32427.88,mscf
Hassi R'Mel,Transportation,Drilling,Area Y,2022,12,12664.35,bbl,158317.95,mscf
In Salah,Transportation,Drilling,Area Y,2023,8,18015.07,bbl,13020.83,mscf
Berkine,Marketing,Operations,Field A,2025,9,25478.45,bbl,94482.39,mscf
Rhourde Nouss,Refining,Drilling,Block 1,2023,4,21953.75,bbl,92038.44,mscf
Rhourde Nouss,Exploration & Production,Production,Area Y,2022,8,31959.55,bbl,143467.06,mscf
Rhourde Nouss,Transportation,Drilling,Block 2,2023,1,25797.98,bbl,15299.24,mscf
Berkine,Exploration & Production,Operations,Field A,2025,7,27220.35,bbl,28901.09,mscf
Hassi R'Mel,Transportation,Production,Field B,2023,4,31240.65,bbl,50678.28,mscf
Adrar,Refining,Operations,Area X,2022,9,32689.45,bbl,195408.99,mscf
In Salah,Refining,Operations,Field A,2025,9,25170.98,bbl,171865.27,mscf
In Salah,Marketing,Drilling,Field B,2023,6,19391.41,bbl,73542.02,mscf
In Salah,Refining,Operations,Area Y,2022,8,8480.41,bbl,167750.14,mscf
Illizi,Transportation,Production,Field B,2025,5,23293.48,bbl,168651.18,mscf
Berkine,Transportation,Operations,Area X,2022,8,36467.97,bbl,116662.25,mscf
Rhourde Nouss,Transportation,Logistics,Field A,2023,3,8550.42,bbl,151495.28,mscf
Berkine,Transportation,Operations,Block 2,2024,1,19055.51,bbl,28088.03,mscf
Adrar,Refining,Logistics,Field B,2022,10,39608.41,bbl,17689.4,mscf
Berkine,Exploration & Production,Logistics,Field B,2025,11,6174.96,bbl,166314.09,mscf
Hassi Messaoud,Marketing,Logistics,Field B,2023,8,5167.05,bbl,136848.78,mscf
Rhourde Nouss,Refining,Logistics,Field A,2023,12,30694.24,bbl,135045.88,mscf
In Salah,Transportation,Production,Area X,2023,6,26878.66,bbl,199925.53,mscf
Illizi,Transportation,Logistics,Block 1,2023,11,16850.55,bbl,20669.44,mscf
Adrar,Refining,Operations,Block 1,2023,12,14385.18,bbl,35645.56,mscf
Hassi Messaoud,Marketing,Operations,Field B,2022,12,42893.46,bbl,181262.27,mscf
Illizi,Exploration & Production,Logistics,Field B,2024,5,43364.74,bbl,34530.31,mscf
Adrar,Refining,Operations,Area X,2022,7,3469.54,bbl,83147.72,mscf
Rhourde Nouss,Transportation,Drilling,Block 1,2024,3,21847.28,bbl,106352.47,mscf
Hassi Messaoud,Exploration & Production,Production,Area Y,2023,12,36036.86,bbl,85733.92,mscf
In Salah,Exploration & Production,Operations,Field B,2022,8,33064.87,bbl,84647.78,mscf
Rhourde Nouss,Refining,Production,Block 1,2023,4,38042.74,bbl,117991.76,mscf
Berkine,Transportation,Production,Field B,2022,1,47051.5,bbl,155660.52,mscf
In Salah,Marketing,Operations,Field B,2022,3,40385.2,bbl,188958.16,mscf
Hassi R'Mel,Refining,Production,Block 2,2025,10,43781.3,bbl,134652.69,mscf
Illizi,Refining,Operations,Area X,2025,9,26863.25,bbl,125242.49,mscf
In Salah,Transportation,Logistics,Field A,2022,1,14034.63,bbl,27266.93,mscf
Rhourde Nouss,Exploration & Production,Production,Area X,2025,4,13163.54,bbl,130101.87,mscf
Illizi,Exploration & Production,Operations,Field B,2023,10,30827.31,bbl,54863.76,mscf
Adrar,Refining,Logistics,Area Y,2022,3,14029.91,bbl,110960.43,mscf
Hassi Messaoud,Exploration & Production,Drilling,Field B,2023,5,7269.32,bbl,108813.26,mscf
Adrar,Refining,Operations,Area Y,2022,10,5563.69,bbl,78482.47,mscf
Hassi Messaoud,Marketing,Drilling,Area Y,2023,10,36170.23,bbl,62410.34,mscf
Rhourde Nouss,Marketing,Logistics,Field B,2025,7,34174.39,bbl,93204.46,mscf
Illizi,Refining,Logistics,Block 2,2023,4,4872.1,bbl,72934.43,mscf
In Salah,Transportation,Operations,Area X,2022,7,19125.85,bbl,10244.68,mscf
Illizi,Transportation,Drilling,Block 1,2022,9,1126.03,bbl,32527.11,mscf
Hassi R'Mel,Refining,Logistics,Field B,2022,4,17091.57,bbl,112749.86,mscf
Hassi R'Mel,Refining,Logistics,Area Y,2025,9,33735.0,bbl,184376.93,mscf
Adrar,Transportation,Production,Field A,2022,7,17749.74,bbl,7589.99,mscf
Hassi Messaoud,Exploration & Production,Operations,Field A,2024,10,18807.17,bbl,129933.22,mscf
In Salah,Transportation,Production,Field A,2025,9,32203.34,bbl,67619.5,mscf
In Salah,Marketing,Production,Area X,2023,12,36733.87,bbl,72613.27,mscf
Rhourde Nouss,Exploration & Production,Production,Area Y,2025,2,21415.8,bbl,134335.07,mscf
Illizi,Transportation,Logistics,Block 1,2024,7,48845.83,bbl,112278.85,mscf
Illizi,Exploration & Production,Drilling,Area Y,2023,6,31369.62,bbl,136174.75,mscf
Hassi Messaoud,Marketing,Logistics,Block 1,2025,7,43350.03,bbl,62207.11,mscf
Berkine,Refining,Drilling,Block 1,2025,3,26738.74,bbl,38101.92,mscf
Adrar,Refining,Operations,Block 1,2022,11,16824.67,bbl,194681.68,mscf
Adrar,Marketing,Logistics,Area X,2022,10,26633.82,bbl,77368.85,mscf
Illizi,Exploration & Production,Drilling,Field A,2022,5,17752.32,bbl,132830.45,mscf
Hassi Messaoud,Exploration & Production,Drilling,Area Y,2022,1,38063.17,bbl,104409.88,mscf
Rhourde Nouss,Marketing,Drilling,Area X,2025,12,3138.01,bbl,78159.62,mscf
Hassi R'Mel,Exploration & Production,Production,Block 2,2022,12,38600.85,bbl,63575.55,mscf
Hassi R'Mel,Exploration & Production,Operations,Block 2,2022,1,41975.24,bbl,92300.13,mscf
Hassi R'Mel,Marketing,Production,Block 2,2025,3,19794.81,bbl,182284.04,mscf
Adrar,Refining,Drilling,Field A,2022,3,40612.05,bbl,169282.27,mscf
Hassi Messaoud,Refining,Logistics,Area X,2024,4,12110.6,bbl,89891.59,mscf
Hassi Messaoud,Marketing,Logistics,Area Y,2024,3,37574.3,bbl,5900.28,mscf
Hassi R'Mel,Marketing,Drilling,Area X,2023,7,31592.57,bbl,164336.47,mscf
Hassi Messaoud,Marketing,Operations,Field B,2024,10,26852.12,bbl,196506.07,mscf
Berkine,Exploration & Production,Logistics,Field B,2024,2,13300.68,bbl,158759.51,mscf
Hassi R'Mel,Refining,Logistics,Area X,2022,6,3104.72,bbl,48893.33,mscf
In Salah,Marketing,Operations,Area X,2025,6,14267.86,bbl,116212.17,mscf
Adrar,Transportation,Production,Area X,2024,8,34054.35,bbl,12192.48,mscf
Adrar,Refining,Production,Area Y,2022,8,41625.91,bbl,51809.57,mscf
Illizi,Marketing,Drilling,Field B,2022,6,22646.4,bbl,158216.51,mscf
Adrar,Marketing,Drilling,Area Y,2024,11,25461.47,bbl,142625.97,mscf
Illizi,Marketing,Production,Area X,2022,7,1677.8,bbl,60528.36,mscf
Hassi R'Mel,Refining,Production,Block 1,2022,2,21051.44,bbl,39205.43,mscf
Adrar,Transportation,Production,Block 1,2025,1,44137.5,bbl,112991.79,mscf
Berkine,Refining,Production,Area X,2023,12,12110.2,bbl,14138.09,mscf
In Salah,Refining,Operations,Area X,2023,9,17540.08,bbl,187373.63,mscf
Adrar,Exploration & Production,Production,Field B,2025,8,31198.68,bbl,197994.83,mscf
Hassi R'Mel,Marketing,Logistics,Field A,2023,3,27452.24,bbl,37903.14,mscf
In Salah,Marketing,Operations,Field A,2025,8,23249.52,bbl,51603.81,mscf
Rhourde Nouss,Transportation,Operations,Area Y,2022,3,3962.66,bbl,158164.63,mscf
Berkine,Marketing,Logistics,Area Y,2025,9,44486.36,bbl,161634.51,mscf
Berkine,Exploration & Production,Logistics,Block 1,2025,12,41266.6,bbl,63417.94,mscf
Rhourde Nouss,Exploration & Production,Drilling,Block 1,2025,6,38674.75,bbl,194645.64,mscf
In Salah,Transportation,Operations,Field A,2024,12,9192.25,bbl,71577.12,mscf
Hassi Messaoud,Refining,Operations,Block 2,2025,9,12747.21,bbl,40023.35,mscf
Hassi R'Mel,Exploration & Production,Operations,Field A,2024,5,27070.07,bbl,113082.88,mscf
Hassi Messaoud,Transportation,Logistics,Field B,2023,7,49033.91,bbl,8128.12,mscf
Adrar,Refining,Logistics,Area X,2025,5,17598.03,bbl,84252.75,mscf
Rhourde Nouss,Marketing,Operations,Block 1,2023,5,41621.13,bbl,6747.61,mscf
Hassi Messaoud,Refining,Logistics,Field A,2023,6,21712.25,bbl,30671.71,mscf
Adrar,Refining,Logistics,Field A,2023,7,31355.33,bbl,191624.22,mscf
Illizi,Exploration & Production,Drilling,Field A,2023,6,30258.85,bbl,164300.73,mscf
Berkine,Transportation,Drilling,Area X,2024,8,21623.43,bbl,109780.65,mscf
Berkine,Refining,Production,Area X,2023,6,23448.86,bbl,9060.71,mscf
Adrar,Transportation,Operations,Area X,2025,10,4872.66,bbl,33408.78,mscf
In Salah,Transportation,Drilling,Area Y,2022,4,4333.9,bbl,83364.21,mscf
Hassi R'Mel,Exploration & Production,Production,Block 1,2024,8,27691.88,bbl,96597.43,mscf
Adrar,Exploration & Production,Operations,Field B,2022,2,4491.74,bbl,54632.79,mscf
Hassi R'Mel,Refining,Production,Field B,2025,4,13898.99,bbl,186104.8,mscf
Hassi Messaoud,Marketing,Logistics,Field B,2022,11,35939.81,bbl,54385.66,mscf
Rhourde Nouss,Transportation,Production,Block 2,2024,8,31446.17,bbl,198974.3,mscf
Adrar,Exploration & Production,Logistics,Area X,2022,4,30799.79,bbl,89867.7,mscf
Rhourde Nouss,Refining,Drilling,Area X,2024,4,40786.01,bbl,153675.83,mscf
In Salah,Refining,Operations,Area X,2025,7,18779.47,bbl,170912.41,mscf
Rhourde Nouss,Transportation,Production,Field A,2024,2,48510.58,bbl,183677.23,mscf
Hassi R'Mel,Transportation,Logistics,Block 2,2023,2,20321.88,bbl,72410.5,mscf
Adrar,Exploration & Production,Drilling,Area Y,2024,12,6232.64,bbl,134477.21,mscf
Adrar,Refining,Operations,Block 1,2024,11,43891.4,bbl,134996.31,mscf
In Salah,Marketing,Operations,Block 1,2022,1,30739.7,bbl,64220.92,mscf
Adrar,Exploration & Production,Production,Field A,2024,8,4278.87,bbl,143970.43,mscf
Illizi,Marketing,Production,Field B,2025,1,13779.8,bbl,194133.57,mscf
Hassi Messaoud,Marketing,Drilling,Block 1,2023,6,12026.14,bbl,115028.91,mscf
In Salah,Refining,Production,Block 1,2025,2,35436.05,bbl,139482.37,mscf
Berkine,Marketing,Production,Block 2,2024,12,42904.44,bbl,151004.85,mscf
In Salah,Marketing,Operations,Area X,2022,5,9397.9,bbl,19538.5,mscf
In Salah,Marketing,Drilling,Field A,2024,8,47394.37,bbl,173879.18,mscf
Adrar,Exploration & Production,Logistics,Area Y,2025,3,6983.36,bbl,85308.22,mscf
In Salah,Exploration & Production,Production,Area Y,2023,2,43624.44,bbl,40012.44,mscf
Rhourde Nouss,Transportation,Operations,Area X,2022,8,11665.7,bbl,87419.53,mscf
Rhourde Nouss,Transportation,Drilling,Field B,2022,7,32817.81,bbl,10619.52,mscf
Hassi R'Mel,Refining,Logistics,Block 1,2024,11,49547.55,bbl,91504.53,mscf
Berkine,Transportation,Logistics,Area Y,2023,9,5669.96,bbl,186796.57,mscf
Adrar,Transportation,Production,Area Y,2023,11,2830.6,bbl,85034.16,mscf
Rhourde Nouss,Transportation,Operations,Area Y,2023,8,27949.69,bbl,127780.72,mscf
In Salah,Transportation,Drilling,Field A,2025,5,41796.07,bbl,149370.42,mscf
Rhourde Nouss,Transportation,Logistics,Area X,2025,12,35575.83,bbl,43776.61,mscf
Illizi,Marketing,Operations,Field A,2023,9,17085.0,bbl,181208.68,mscf
Hassi R'Mel,Refining,Drilling,Field B,2023,5,24842.86,bbl,181110.04,mscf
Illizi,Transportation,Operations,Block 2,2025,4,27706.02,bbl,115155.8,mscf
In Salah,Exploration & Production,Operations,Area Y,2022,11,38460.55,bbl,24716.52,mscf
Berkine,Marketing,Drilling,Field A,2022,1,48183.78,bbl,157134.74,mscf
Hassi Messaoud,Exploration & Production,Logistics,Area X,2024,6,39167.75,bbl,5208.59,mscf
Rhourde Nouss,Refining,Drilling,Block 1,2024,3,44837.32,bbl,147427.74,mscf
In Salah,Exploration & Production,Drilling,Field A,2024,4,48728.08,bbl,132954.98,mscf
Hassi R'Mel,Transportation,Logistics,Field B,2025,12,43574.11,bbl,26308.87,mscf
Rhourde Nouss,Refining,Drilling,Block 2,2022,8,17649.42,bbl,18358.6,mscf
In Salah,Marketing,Operations,Block 1,2024,11,3913.49,bbl,131159.12,mscf
In Salah,Transportation,Drilling,Field A,2022,6,26088.44,bbl,84764.54,mscf
Adrar,Refining,Operations,Field B,2025,9,49596.7,bbl,151894.6,mscf
Rhourde Nouss,Refining,Drilling,Field B,2023,7,15105.76,bbl,165286.53,mscf
Illizi,Refining,Drilling,Area Y,2022,8,8919.58,bbl,60587.5,mscf
Berkine,Transportation,Operations,Area Y,2022,5,38866.42,bbl,151576.84,mscf
Rhourde Nouss,Marketing,Operations,Area X,2024,10,33424.37,bbl,19147.98,mscf
Rhourde Nouss,Refining,Drilling,Block 1,2023,7,21510.04,bbl,170213.51,mscf
In Salah,Refining,Operations,Field A,2023,3,39921.99,bbl,134036.54,mscf
In Salah,Transportation,Production,Block 2,2023,9,38578.26,bbl,84371.52,mscf
Rhourde Nouss,Exploration & Production,Operations,Field A,2022,9,28573.7,bbl,22707.17,mscf
In Salah,Transportation,Logistics,Block 2,2022,12,22951.2,bbl,78123.3,mscf
Hassi R'Mel,Transportation,Drilling,Block 1,2023,3,41164.58,bbl,157942.5,mscf
Berkine,Exploration & Production,Operations,Block 2,2022,6,21371.25,bbl,38030.67,mscf
In Salah,Marketing,Logistics,Block 1,2023,12,30284.02,bbl,52279.7,mscf
Hassi R'Mel,Marketing,Operations,Block 2,2022,4,2442.31,bbl,88513.57,mscf
Hassi Messaoud,Exploration & Production,Logistics,Block 1,2022,8,45344.56,bbl,164999.1,mscf
Hassi Messaoud,Refining,Operations,Block 2,2024,2,26086.3,bbl,38876.46,mscf
Hassi R'Mel,Transportation,Operations,Block 2,2022,5,2935.93,bbl,75506.19,mscf
Hassi R'Mel,Marketing,Production,Area X,2023,7,6671.25,bbl,153134.78,mscf
Adrar,Exploration & Production,Drilling,Area Y,2025,10,30701.97,bbl,42351.17,mscf
Hassi Messaoud,Transportation,Production,Field A,2025,9,24677.2,bbl,26630.8,mscf
Hassi Messaoud,Exploration & Production,Production,Field A,2022,8,11573.76,bbl,74964.32,mscf
Rhourde Nouss,Transportation,Drilling,Field A,2023,11,37344.44,bbl,176029.92,mscf
Adrar,Refining,Logistics,Block 2,2024,3,26117.76,bbl,145829.85,mscf
Hassi Messaoud,Exploration & Production,Production,Block 1,2023,6,9305.64,bbl,13954.76,mscf
In Salah,Refining,Drilling,Field B,2022,5,28021.77,bbl,190078.3,mscf
Hassi Messaoud,Refining,Operations,Area Y,2022,1,45867.42,bbl,161623.65,mscf
Rhourde Nouss,Marketing,Drilling,Area X,2022,11,27196.81,bbl,7949.52,mscf
Illizi,Marketing,Drilling,Area X,2023,12,20927.36,bbl,160036.24,mscf
Hassi Messaoud,Marketing,Drilling,Field B,2025,9,16059.67,bbl,69308.23,mscf
Illizi,Refining,Operations,Field A,2022,10,41845.58,bbl,120448.78,mscf
In Salah,Marketing,Operations,Block 2,2024,4,9868.76,bbl,98069.96,mscf
Hassi Messaoud,Exploration & Production,Drilling,Area X,2024,1,3696.35,bbl,9342.47,mscf
Berkine,Exploration & Production,Operations,Field A,2025,4,7581.88,bbl,60665.13,mscf
Adrar,Refining,Operations,Area X,2023,8,30832.1,bbl,185207.56,mscf
Illizi,Transportation,Logistics,Area X,2024,5,31979.85,bbl,151749.92,mscf
Adrar,Refining,Logistics,Field B,2024,12,28470.81,bbl,49440.59,mscf
Illizi,Transportation,Drilling,Area X,2022,5,13119.24,bbl,29349.99,mscf
Illizi,Exploration & Production,Operations,Area X,2024,5,19570.6,bbl,121329.23,mscf
Adrar,Refining,Production,Area Y,2025,3,32454.19,bbl,43535.76,mscf
Hassi Messaoud,Marketing,Drilling,Block 1,2024,9,8099.51,bbl,163116.99,mscf
Hassi R'Mel,Transportation,Drilling,Block 1,2022,11,1910.02,bbl,162199.27,mscf
Adrar,Marketing,Production,Block 1,2023,10,3422.24,bbl,137068.31,mscf
Hassi Messaoud,Refining,Production,Area X,2023,4,22447.54,bbl,22443.27,mscf
Adrar,Refining,Drilling,Area Y,2022,1,47290.34,bbl,140020.24,mscf
Hassi R'Mel,Exploration & Production,Logistics,Area X,2022,10,42216.86,bbl,135137.89,mscf
Hassi R'Mel,Refining,Drilling,Area X,2025,7,21766.44,bbl,19576.77,mscf
Hassi R'Mel,Transportation,Logistics,Field A,2022,1,5175.99,bbl,98091.59,mscf
Adrar,Exploration & Production,Drilling,Block 2,2025,4,12164.5,bbl,96423.2,mscf
Illizi,Marketing,Operations,Area Y,2025,9,32648.44,bbl,111329.57,mscf
Illizi,Transportation,Drilling,Field A,2022,8,39039.33,bbl,59139.06,mscf
Adrar,Transportation,Logistics,Field A,2022,1,47938.38,bbl,145823.41,mscf
Berkine,Marketing,Production,Area Y,2025,9,29882.3,bbl,186637.85,mscf
Adrar,Refining,Logistics,Field A,2025,6,17322.64,bbl,148067.67,mscf
Berkine,Exploration & Production,Production,Area X,2025,6,9594.39,bbl,124397.48,mscf
Adrar,Transportation,Production,Field A,2024,8,23059.99,bbl,127936.38,mscf
Rhourde Nouss,Refining,Logistics,Field B,2023,1,3072.53,bbl,83549.38,mscf
Adrar,Exploration & Production,Operations,Block 1,2024,1,47062.8,bbl,132593.26,mscf
Hassi R'Mel,Transportation,Operations,Block 1,2025,5,48678.96,bbl,93135.14,mscf
Hassi R'Mel,Refining,Production,Field B,2025,11,23676.89,bbl,20863.28,mscf
In Salah,Transportation,Production,Area Y,2022,10,30671.77,bbl,57891.04,mscf
Rhourde Nouss,Transportation,Production,Block 1,2022,10,31157.71,bbl,109296.23,mscf
Berkine,Transportation,Drilling,Area Y,2025,12,10969.9,bbl,62923.25,mscf
In Salah,Refining,Drilling,Block 1,2022,5,17349.08,bbl,49272.0,mscf
Adrar,Transportation,Logistics,Block 2,2023,2,27232.49,bbl,134612.55,mscf
Rhourde Nouss,Marketing,Logistics,Block 1,2022,6,33790.17,bbl,102302.61,mscf
Hassi Messaoud,Transportation,Production,Area Y,2025,4,13995.23,bbl,197725.32,mscf
In Salah,Exploration & Production,Operations,Block 2,2023,4,7960.05,bbl,198422.28,mscf
Berkine,Exploration & Production,Production,Field A,2023,5,2682.85,bbl,45497.54,mscf
Hassi R'Mel,Refining,Operations,Area Y,2022,7,24175.12,bbl,128549.13,mscf
Hassi R'Mel,Refining,Drilling,Area Y,2024,2,17763.77,bbl,115645.73,mscf
Hassi R'Mel,Exploration & Production,Operations,Block 2,2022,9,22481.85,bbl,40869.76,mscf
Illizi,Transportation,Drilling,Area X,2025,10,19833.69,bbl,10345.98,mscf
Illizi,Transportation,Drilling,Area Y,2022,1,14277.14,bbl,45212.79,mscf
Hassi Messaoud,Exploration & Production,Operations,Field B,2024,8,21972.42,bbl,132846.63,mscf
Hassi R'Mel,Exploration & Production,Production,Field B,2024,10,34045.28,bbl,26306.24,mscf
Hassi Messaoud,Marketing,Drilling,Area Y,2025,11,22964.85,bbl,113007.86,mscf
Rhourde Nouss,Transportation,Drilling,Field A,2024,3,22023.0,bbl,126084.04,mscf
Berkine,Refining,Operations,Block 2,2022,3,21443.48,bbl,182616.45,mscf
Illizi,Refining,Drilling,Area Y,2024,6,12197.28,bbl,181466.43,mscf
Illizi,Refining,Operations,Area Y,2025,4,28654.49,bbl,52161.36,mscf
Adrar,Refining,Production,Area X,2024,9,40225.72,bbl,66908.53,mscf
Illizi,Transportation,Production,Block 2,2024,8,6058.7,bbl,182543.63,mscf
Illizi,Transportation,Production,Block 1,2023,8,23301.0,bbl,129639.91,mscf
In Salah,Transportation,Production,Field A,2024,7,16728.87,bbl,146509.75,mscf
In Salah,Refining,Operations,Block 1,2024,12,38122.12,bbl,132414.57,mscf
Rhourde Nouss,Transportation,Logistics,Field A,2022,7,31724.72,bbl,70011.9,mscf
Illizi,Exploration & Production,Production,Field B,2024,4,7301.45,bbl,23561.18,mscf
Hassi Messaoud,Exploration & Production,Drilling,Field A,2024,6,24410.04,bbl,94627.31,mscf
In Salah,Marketing,Production,Field A,2025,10,38889.27,bbl,89700.56,mscf
Illizi,Refining,Production,Area Y,2023,12,5083.49,bbl,126052.57,mscf
Berkine,Marketing,Drilling,Field B,2024,7,33265.46,bbl,60709.13,mscf
Rhourde Nouss,Marketing,Production,Area X,2024,8,39702.96,bbl,149037.32,mscf
Hassi Messaoud,Marketing,Production,Block 1,2024,6,28510.74,bbl,71930.21,mscf
Rhourde Nouss,Refining,Drilling,Block 1,2024,12,26832.42,bbl,53081.82,mscf
Rhourde Nouss,Exploration & Production,Logistics,Area X,2025,10,6590.43,bbl,133863.17,mscf
Illizi,Marketing,Logistics,Block 2,2024,6,40730.94,bbl,188835.72,mscf
Rhourde Nouss,Refining,Production,Block 2,2024,10,23699.27,bbl,132695.21,mscf
Berkine,Exploration & Production,Production,Area X,2024,11,4336.78,bbl,83450.81,mscf
Illizi,Exploration & Production,Drilling,Field A,2024,3,2361.84,bbl,122305.74,mscf
Hassi Messaoud,Marketing,Operations,Area X,2023,8,12855.45,bbl,140753.3,mscf
Adrar,Exploration & Production,Drilling,Field B,2023,3,10096.03,bbl,136708.82,mscf
Hassi R'Mel,Exploration & Production,Production,Block 1,2025,6,36835.03,bbl,92742.45,mscf
Adrar,Transportation,Logistics,Field A,2025,9,44154.18,bbl,157429.49,mscf
Illizi,Exploration & Production,Production,Block 1,2022,9,7473.6,bbl,180211.03,mscf
In Salah,Exploration & Production,Drilling,Field A,2025,10,12461.45,bbl,33513.37,mscf
Rhourde Nouss,Exploration & Production,Operations,Field B,2024,8,30832.84,bbl,73544.96,mscf
Berkine,Refining,Logistics,Area Y,2022,12,20928.17,bbl,157333.1,mscf
Hassi Messaoud,Marketing,Operations,Field B,2025,5,32974.3,bbl,138863.2,mscf
In Salah,Marketing,Logistics,Area X,2024,4,23799.76,bbl,41923.83,mscf
Rhourde Nouss,Transportation,Logistics,Block 2,2025,1,1511.86,bbl,114612.39,mscf
Illizi,Refining,Production,Area Y,2025,3,26508.88,bbl,5266.55,mscf
Hassi R'Mel,Exploration & Production,Operations,Field A,2025,3,24509.26,bbl,67381.15,mscf
Hassi Messaoud,Exploration & Production,Logistics,Field B,2024,8,26627.32,bbl,192944.42,mscf
Illizi,Marketing,Logistics,Block 2,2025,3,46874.44,bbl,98881.81,mscf
Hassi Messaoud,Marketing,Drilling,Block 1,2023,3,34447.5,bbl,167180.96,mscf
In Salah,Exploration & Production,Drilling,Block 1,2024,11,1123.06,bbl,62236.12,mscf
Hassi Messaoud,Refining,Operations,Block 2,2022,12,4203.71,bbl,153086.25,mscf
Berkine,Marketing,Production,Area Y,2023,8,12334.51,bbl,116629.41,mscf
Hassi Messaoud,Refining,Drilling,Block 2,2023,3,17565.17,bbl,185953.05,mscf
In Salah,Refining,Operations,Field A,2022,2,46743.38,bbl,48255.98,mscf
Hassi R'Mel,Exploration & Production,Production,Block 1,2024,2,46855.08,bbl,15685.58,mscf
Berkine,Exploration & Production,Drilling,Block 2,2024,10,45826.32,bbl,173293.76,mscf
Rhourde Nouss,Transportation,Drilling,Area Y,2024,3,12218.78,bbl,26044.24,mscf
Hassi R'Mel,Marketing,Logistics,Area X,2022,3,17911.65,bbl,195092.06,mscf
Adrar,Refining,Logistics,Field A,2025,8,40848.91,bbl,180106.84,mscf
Hassi Messaoud,Transportation,Production,Area X,2024,9,2177.29,bbl,17993.0,mscf
Hassi Messaoud,Exploration & Production,Drilling,Area Y,2024,3,28240.59,bbl,17853.86,mscf
In Salah,Marketing,Drilling,Area Y,2023,11,49139.69,bbl,179114.7,mscf
Illizi,Transportation,Operations,Field A,2025,5,36307.22,bbl,138186.27,mscf
Hassi Messaoud,Refining,Logistics,Block 1,2025,12,35440.77,bbl,142417.68,mscf
Illizi,Transportation,Production,Area Y,2023,3,33410.25,bbl,41530.75,mscf
In Salah,Refining,Operations,Block 1,2025,12,21406.28,bbl,32673.01,mscf
Adrar,Marketing,Drilling,Field A,2025,3,1096.73,bbl,171791.81,mscf
Illizi,Transportation,Operations,Field A,2024,2,45908.72,bbl,189713.99,mscf
In Salah,Refining,Operations,Area Y,2023,1,28183.74,bbl,53470.29,mscf
Adrar,Refining,Operations,Area X,2025,9,26395.69,bbl,98125.14,mscf
Hassi R'Mel,Transportation,Logistics,Block 2,2023,8,30568.36,bbl,17094.82,mscf
Berkine,Transportation,Drilling,Block 2,2024,6,3459.12,bbl,49637.61,mscf
Rhourde Nouss,Refining,Logistics,Area X,2022,12,6834.97,bbl,100934.52,mscf
Hassi R'Mel,Marketing,Production,Area X,2023,2,31557.2,bbl,143056.48,mscf
Hassi R'Mel,Transportation,Logistics,Area Y,2022,2,14588.53,bbl,192639.43,mscf
Adrar,Exploration & Production,Logistics,Field B,2023,11,39233.33,bbl,181563.77,mscf
Hassi Messaoud,Exploration & Production,Production,Block 1,2024,9,29212.33,bbl,17860.42,mscf
Hassi Messaoud,Marketing,Drilling,Field B,2025,10,14767.51,bbl,65115.82,mscf
Berkine,Refining,Production,Block 2,2023,9,49668.13,bbl,82827.38,mscf
Berkine,Exploration & Production,Drilling,Area X,2022,11,7798.56,bbl,197856.17,mscf
Hassi Messaoud,Exploration & Production,Operations,Block 2,2025,8,34977.97,bbl,112268.49,mscf
In Salah,Marketing,Drilling,Area Y,2023,10,34783.59,bbl,139912.97,mscf
Hassi Messaoud,Transportation,Operations,Block 1,2022,12,23597.63,bbl,57797.77,mscf
In Salah,Marketing,Production,Block 1,2024,1,4080.38,bbl,41657.06,mscf
Adrar,Transportation,Logistics,Block 1,2025,7,6878.22,bbl,121934.97,mscf
In Salah,Transportation,Logistics,Area Y,2024,1,18146.44,bbl,179302.68,mscf
In Salah,Transportation,Production,Area Y,2024,1,14921.87,bbl,168979.23,mscf
Hassi Messaoud,Transportation,Production,Block 2,2024,10,27835.06,bbl,12592.74,mscf
Hassi R'Mel,Exploration & Production,Production,Block 2,2022,2,12180.65,bbl,32316.13,mscf
Rhourde Nouss,Exploration & Production,Production,Area Y,2023,3,45346.07,bbl,113800.23,mscf
Adrar,Exploration & Production,Drilling,Area Y,2024,8,36859.9,bbl,171213.91,mscf
Berkine,Refining,Logistics,Block 1,2024,10,13116.92,bbl,153995.54,mscf
Hassi R'Mel,Transportation,Drilling,Field B,2025,12,35480.58,bbl,28706.07,mscf
Hassi Messaoud,Marketing,Operations,Field A,2025,12,26408.97,bbl,53748.5,mscf
Hassi R'Mel,Marketing,Logistics,Field A,2023,12,43092.64,bbl,131066.64,mscf
Adrar,Exploration & Production,Drilling,Block 1,2025,1,38530.92,bbl,29978.78,mscf
Adrar,Refining,Logistics,Field B,2025,2,7527.88,bbl,164482.62,mscf
Adrar,Exploration & Production,Production,Field A,2025,12,9125.48,bbl,74490.01,mscf
Rhourde Nouss,Transportation,Logistics,Field A,2022,12,26076.81,bbl,89738.52,mscf
Rhourde Nouss,Marketing,Operations,Block 2,2025,6,47859.44,bbl,33131.16,mscf
Adrar,Exploration & Production,Production,Field B,2024,7,47841.55,bbl,8933.58,mscf
Berkine,Marketing,Logistics,Area Y,2024,3,27190.08,bbl,141292.27,mscf
Hassi Messaoud,Marketing,Logistics,Block 2,2022,4,45030.23,bbl,132542.51,mscf
In Salah,Marketing,Drilling,Block 2,2023,4,34316.58,bbl,59753.24,mscf
Hassi Messaoud,Exploration & Production,Drilling,Area X,2023,1,19271.02,bbl,193029.71,mscf
Rhourde Nouss,Exploration & Production,Production,Field B,2022,4,10736.11,bbl,68285.73,mscf
Rhourde Nouss,Transportation,Logistics,Block 2,2023,10,36797.47,bbl,67263.82,mscf
Rhourde Nouss,Transportation,Logistics,Field A,2024,7,37484.19,bbl,134306.58,mscf
Berkine,Refining,Production,Area Y,2022,4,29060.59,bbl,97794.59,mscf
Adrar,Refining,Production,Block 1,2024,11,29094.7,bbl,42670.83,mscf
In Salah,Transportation,Drilling,Field A,2025,5,3617.8,bbl,69136.66,mscf
In Salah,Transportation,Logistics,Block 1,2022,4,19001.26,bbl,140488.56,mscf
Hassi R'Mel,Marketing,Operations,Field B,2025,12,29830.62,bbl,165894.02,mscf
Illizi,Refining,Logistics,Block 1,2023,6,9525.29,bbl,181549.61,mscf
Illizi,Exploration & Production,Operations,Field B,2025,4,26006.44,bbl,6323.34,mscf
Berkine,Transportation,Drilling,Block 2,2024,6,45209.51,bbl,46825.54,mscf
Berkine,Transportation,Production,Area X,2022,2,9497.3,bbl,62090.95,mscf
Berkine,Transportation,Production,Field A,2023,7,31230.58,bbl,111802.79,mscf
Hassi R'Mel,Exploration & Production,Logistics,Area Y,2024,3,31056.04,bbl,199699.85,mscf
Hassi R'Mel,Transportation,Drilling,Field A,2023,6,46474.86,bbl,112674.85,mscf
In Salah,Refining,Production,Field B,2025,7,14883.31,bbl,67412.45,mscf
Rhourde Nouss,Refining,Operations,Field B,2025,7,4481.98,bbl,125784.26,mscf
Berkine,Exploration & Production,Operations,Block 2,2022,11,26046.02,bbl,166768.14,mscf
Berkine,Exploration & Production,Operations,Field A,2022,3,47068.31,bbl,53453.44,mscf
Rhourde Nouss,Refining,Operations,Block 2,2023,6,43035.42,bbl,97333.74,mscf
Hassi Messaoud,Transportation,Logistics,Area X,2025,1,42259.39,bbl,128723.96,mscf
In Salah,Transportation,Operations,Area X,2023,11,15934.71,bbl,53666.13,mscf
Rhourde Nouss,Exploration & Production,Logistics,Field A,2023,9,16070.67,bbl,121929.34,mscf
Adrar,Transportation,Logistics,Block 1,2022,11,15586.7,bbl,193490.1,mscf
Adrar,Transportation,Production,Area X,2025,3,38646.48,bbl,69633.82,mscf
Adrar,Exploration & Production,Production,Area Y,2022,8,20000.58,bbl,60665.94,mscf
Adrar,Transportation,Operations,Field B,2025,1,11649.08,bbl,116666.87,mscf
Hassi Messaoud,Marketing,Drilling,Field A,2023,12,40967.86,bbl,77426.8,mscf
Adrar,Marketing,Operations,Block 2,2025,4,30843.51,bbl,171449.13,mscf
Rhourde Nouss,Refining,Production,Block 2,2022,6,18490.0,bbl,106180.34,mscf
In Salah,Exploration & Production,Logistics,Area X,2023,1,10553.46,bbl,174292.06,mscf
In Salah,Refining,Operations,Block 1,2022,11,35510.58,bbl,64872.69,mscf
In Salah,Exploration & Production,Drilling,Block 2,2025,7,45489.97,bbl,7051.66,mscf
Rhourde Nouss,Exploration & Production,Drilling,Area Y,2022,7,23696.29,bbl,192712.75,mscf
Illizi,Refining,Operations,Block 1,2022,8,41787.54,bbl,108803.81,mscf
Rhourde Nouss,Transportation,Operations,Field A,2023,9,35271.74,bbl,17634.6,mscf
Berkine,Marketing,Drilling,Block 1,2022,7,10026.06,bbl,101047.37,mscf
Hassi R'Mel,Refining,Production,Field A,2023,4,48432.03,bbl,30858.81,mscf
Illizi,Refining,Logistics,Block 2,2022,3,25444.36,bbl,73604.27,mscf
Hassi Messaoud,Marketing,Logistics,Area Y,2023,1,41847.28,bbl,182366.24,mscf
Adrar,Transportation,Drilling,Block 2,2025,8,20525.29,bbl,155260.8,mscf
Rhourde Nouss,Refining,Drilling,Field A,2024,1,9003.8,bbl,85333.31,mscf
In Salah,Exploration & Production,Drilling,Area Y,2025,8,46367.28,bbl,18422.18,mscf
Hassi Messaoud,Exploration & Production,Production,Area Y,2024,7,3086.56,bbl,144509.27,mscf
Berkine,Transportation,Drilling,Block 1,2024,8,46240.07,bbl,44867.8,mscf
Adrar,Exploration & Production,Logistics,Block 1,2025,5,9030.61,bbl,173969.6,mscf
Hassi R'Mel,Refining,Operations,Block 2,2025,4,48788.3,bbl,172068.92,mscf
Hassi R'Mel,Refining,Logistics,Area X,2024,7,49848.71,bbl,136392.61,mscf
Illizi,Refining,Logistics,Area Y,2022,10,34832.09,bbl,62491.91,mscf
In Salah,Refining,Operations,Area X,2022,9,43609.75,bbl,108363.6,mscf
Hassi R'Mel,Exploration & Production,Operations,Block 1,2023,8,35707.69,bbl,182295.19,mscf
Illizi,Transportation,Drilling,Area X,2024,3,20344.73,bbl,160522.71,mscf
Adrar,Marketing,Logistics,Block 2,2022,10,12369.9,bbl,74712.78,mscf
Hassi Messaoud,Refining,Drilling,Field A,2024,2,1385.76,bbl,12268.22,mscf
Rhourde Nouss,Transportation,Operations,Area X,2024,7,33448.11,bbl,130827.45,mscf
Illizi,Marketing,Operations,Block 2,2024,8,12445.84,bbl,8415.92,mscf
Illizi,Transportation,Logistics,Block 1,2025,8,29879.5,bbl,131391.82,mscf
Adrar,Refining,Logistics,Area Y,2023,4,20290.09,bbl,144389.76,mscf
Adrar,Exploration & Production,Operations,Area Y,2024,1,34452.9,bbl,176122.06,mscf
Adrar,Exploration & Production,Logistics,Field A,2024,3,23142.71,bbl,49748.27,mscf
Adrar,Marketing,Drilling,Block 2,2023,12,7565.18,bbl,66923.83,mscf
Hassi R'Mel,Transportation,Logistics,Block 2,2023,3,9424.2,bbl,166439.45,mscf
Hassi Messaoud,Exploration & Production,Logistics,Block 1,2024,8,1745.07,bbl,101070.07,mscf
Rhourde Nouss,Exploration & Production,Logistics,Block 2,2025,1,16100.32,bbl,188711.06,mscf
In Salah,Refining,Logistics,Block 1,2025,3,34484.95,bbl,122974.94,mscf
Rhourde Nouss,Exploration & Production,Drilling,Block 1,2025,4,28921.63,bbl,7358.74,mscf
Berkine,Transportation,Drilling,Area X,2022,12,1744.03,bbl,94452.42,mscf
Hassi Messaoud,Exploration & Production,Production,Field A,2024,10,33460.87,bbl,121705.56,mscf
Berkine,Refining,Production,Field B,2023,4,49319.59,bbl,116184.94,mscf
Hassi R'Mel,Marketing,Operations,Area X,2023,9,39902.91,bbl,43711.23,mscf
Adrar,Transportation,Operations,Area X,2025,1,38275.68,bbl,22669.46,mscf
Hassi R'Mel,Exploration & Production,Drilling,Block 1,2024,1,22420.73,bbl,146074.22,mscf
Hassi R'Mel,Marketing,Operations,Area Y,2025,12,11442.13,bbl,23487.35,mscf
Hassi R'Mel,Refining,Production,Field B,2023,3,32693.72,bbl,40404.36,mscf
Berkine,Refining,Operations,Field A,2025,1,17101.31,bbl,72764.23,mscf
Adrar,Refining,Drilling,Field B,2025,8,16627.56,bbl,82340.53,mscf
Hassi Messaoud,Refining,Operations,Field B,2025,12,6696.81,bbl,81774.69,mscf
Illizi,Marketing,Production,Field B,2025,12,15659.47,bbl,75738.09,mscf
In Salah,Exploration & Production,Drilling,Field A,2023,3,4738.62,bbl,199440.58,mscf
Hassi R'Mel,Refining,Drilling,Area X,2024,9,7946.6,bbl,86560.34,mscf
Hassi Messaoud,Refining,Logistics,Field B,2023,9,17931.74,bbl,62460.85,mscf
Adrar,Marketing,Logistics,Block 2,2023,10,38923.67,bbl,55740.61,mscf
Hassi Messaoud,Exploration & Production,Production,Field A,2023,9,33616.84,bbl,109419.36,mscf
Hassi Messaoud,Transportation,Logistics,Field B,2023,9,44150.53,bbl,78175.34,mscf
Hassi R'Mel,Refining,Drilling,Block 2,2025,9,43011.53,bbl,156719.64,mscf
Illizi,Marketing,Logistics,Area Y,2025,4,21745.58,bbl,18022.41,mscf
Illizi,Refining,Production,Field A,2024,1,24213.79,bbl,15909.39,mscf
Rhourde Nouss,Exploration & Production,Production,Area Y,2025,5,41402.89,bbl,157026.98,mscf
Hassi Messaoud,Marketing,Logistics,Block 1,2022,10,32232.15,bbl,25184.76,mscf
Hassi Messaoud,Exploration & Production,Production,Field B,2025,1,12450.63,bbl,107780.83,mscf
Rhourde Nouss,Exploration & Production,Production,Field B,2024,5,28351.42,bbl,194726.72,mscf
Berkine,Refining,Logistics,Field B,2023,11,23197.44,bbl,103310.9,mscf
In Salah,Refining,Drilling,Field B,2024,12,15237.53,bbl,153291.7,mscf
In Salah,Transportation,Drilling,Field B,2025,4,17871.2,bbl,98104.54,mscf
In Salah,Marketing,Drilling,Field B,2025,5,25917.56,bbl,148836.82,mscf
Hassi Messaoud,Exploration & Production,Drilling,Block 1,2025,6,9312.14,bbl,8806.83,mscf
Rhourde Nouss,Refining,Production,Block 1,2022,10,47144.95,bbl,26654.58,mscf
Hassi R'Mel,Refining,Logistics,Field B,2025,11,43479.6,bbl,14063.99,mscf
Berkine,Transportation,Logistics,Block 1,2022,2,15060.09,bbl,114727.48,mscf
Berkine,Refining,Drilling,Field B,2025,3,42690.97,bbl,72444.74,mscf
Hassi Messaoud,Refining,Drilling,Block 2,2024,8,13687.05,bbl,141481.36,mscf
Rhourde Nouss,Transportation,Operations,Area X,2024,6,47624.87,bbl,185859.44,mscf
Illizi,Transportation,Operations,Field B,2023,1,39411.84,bbl,120051.74,mscf
Berkine,Marketing,Production,Block 2,2025,11,28198.67,bbl,131015.0,mscf
Adrar,Marketing,Drilling,Area X,2025,3,5083.03,bbl,155613.33,mscf
Adrar,Exploration & Production,Drilling,Field A,2024,12,31479.54,bbl,92597.88,mscf
Adrar,Exploration & Production,Production,Block 2,2025,8,10078.22,bbl,99840.23,mscf
In Salah,Exploration & Production,Logistics,Area Y,2024,3,23253.7,bbl,30153.48,mscf
In Salah,Transportation,Production,Field B,2024,2,23768.51,bbl,68578.95,mscf
Rhourde Nouss,Refining,Drilling,Area X,2023,2,7551.75,bbl,62607.36,mscf
Hassi R'Mel,Exploration & Production,Logistics,Block 1,2025,7,3336.76,bbl,138630.46,mscf
Adrar,Refining,Operations,Area Y,2025,6,37201.7,bbl,86341.24,mscf
Hassi Messaoud,Exploration & Production,Operations,Field A,2025,1,49960.96,bbl,8766.23,mscf
Illizi,Refining,Production,Block 1,2022,8,30659.55,bbl,131195.87,mscf
Hassi R'Mel,Refining,Operations,Field B,2024,1,10645.16,bbl,139702.58,mscf
In Salah,Exploration & Production,Drilling,Field A,2023,5,5021.05,bbl,78657.96,mscf
Illizi,Marketing,Operations,Field A,2022,5,38931.76,bbl,109997.72,mscf
Adrar,Transportation,Drilling,Area X,2022,2,1669.45,bbl,139957.16,mscf
Adrar,Transportation,Logistics,Block 2,2023,7,38700.57,bbl,65953.15,mscf
Rhourde Nouss,Exploration & Production,Production,Field B,2023,5,24565.89,bbl,81549.49,mscf
Berkine,Exploration & Production,Logistics,Block 1,2024,9,21125.65,bbl,116145.46,mscf
Adrar,Transportation,Logistics,Field B,2025,6,7502.62,bbl,13751.23,mscf
In Salah,Marketing,Logistics,Area X,2023,12,31954.69,bbl,145602.97,mscf
Berkine,Transportation,Logistics,Area Y,2025,3,30955.36,bbl,49437.98,mscf
Berkine,Transportation,Production,Block 2,2023,4,46926.28,bbl,143502.94,mscf
Berkine,Exploration & Production,Production,Block 2,2025,1,35209.24,bbl,15025.59,mscf
Adrar,Refining,Logistics,Field B,2024,8,10426.35,bbl,12116.94,mscf
Illizi,Marketing,Drilling,Area X,2022,10,17832.8,bbl,8926.05,mscf
Illizi,Transportation,Logistics,Block 2,2022,7,42045.16,bbl,196601.95,mscf
In Salah,Marketing,Operations,Block 2,2025,6,35502.33,bbl,6390.89,mscf
Adrar,Refining,Logistics,Field B,2022,12,37576.27,bbl,175486.24,mscf
In Salah,Refining,Operations,Area Y,2025,2,18113.69,bbl,8807.65,mscf
Rhourde Nouss,Refining,Logistics,Area Y,2022,2,47802.78,bbl,107256.99,mscf
In Salah,Transportation,Operations,Area X,2023,9,44690.25,bbl,37095.94,mscf
Hassi Messaoud,Exploration & Production,Logistics,Area Y,2022,3,10599.24,bbl,66283.54,mscf
Adrar,Refining,Logistics,Area X,2023,4,8562.4,bbl,177561.52,mscf
Hassi R'Mel,Transportation,Production,Block 2,2023,4,22390.05,bbl,8773.85,mscf
Hassi Messaoud,Transportation,Drilling,Field B,2024,4,32798.65,bbl,192397.87,mscf
Illizi,Transportation,Drilling,Area X,2023,10,25730.08,bbl,47634.78,mscf
Adrar,Exploration & Production,Drilling,Field A,2023,8,6431.52,bbl,85981.8,mscf
Berkine,Transportation,Logistics,Field A,2025,12,33161.06,bbl,181416.74,mscf
Hassi R'Mel,Marketing,Logistics,Field B,2023,6,21686.2,bbl,199661.67,mscf
Illizi,Exploration & Production,Drilling,Block 1,2025,6,34366.91,bbl,31571.16,mscf
In Salah,Marketing,Production,Area Y,2022,4,36120.73,bbl,29703.15,mscf
Berkine,Marketing,Production,Block 2,2022,6,45403.32,bbl,174067.9,mscf
Adrar,Refining,Operations,Block 1,2025,3,49120.31,bbl,197865.51,mscf
Rhourde Nouss,Transportation,Logistics,Area Y,2023,11,41265.77,bbl,98088.02,mscf
In Salah,Refining,Operations,Area X,2025,10,12381.11,bbl,145462.08,mscf
Adrar,Refining,Logistics,Field B,2022,6,8269.48,bbl,37799.81,mscf
Berkine,Transportation,Drilling,Block 1,2024,11,18279.26,bbl,156989.31,mscf
Berkine,Transportation,Drilling,Field A,2025,7,46559.27,bbl,49898.89,mscf
Hassi Messaoud,Transportation,Production,Area X,2025,4,31215.43,bbl,178094.95,mscf
Hassi R'Mel,Marketing,Logistics,Area X,2023,2,34893.69,bbl,94184.85,mscf
Illizi,Marketing,Drilling,Field B,2023,4,38456.02,bbl,87802.56,mscf
Berkine,Exploration & Production,Drilling,Block 1,2025,7,20024.84,bbl,186416.93,mscf
Illizi,Transportation,Operations,Block 2,2022,9,13940.26,bbl,84997.76,mscf
Rhourde Nouss,Marketing,Logistics,Block 1,2024,3,45965.61,bbl,75420.33,mscf
Hassi R'Mel,Exploration & Production,Operations,Block 2,2024,5,48501.84,bbl,142271.81,mscf
Hassi Messaoud,Marketing,Logistics,Field A,2025,1,24779.4,bbl,105879.58,mscf
Rhourde Nouss,Exploration & Production,Operations,Block 1,2024,11,2331.61,bbl,192989.26,mscf
Hassi Messaoud,Exploration & Production,Logistics,Field B,2025,9,42531.9,bbl,129145.5,mscf
In Salah,Transportation,Drilling,Field B,2024,6,5494.79,bbl,76527.59,mscf
Adrar,Exploration & Production,Drilling,Area Y,2022,12,38635.21,bbl,90769.88,mscf
Adrar,Exploration & Production,Drilling,Block 1,2024,9,43289.09,bbl,66571.68,mscf
Hassi R'Mel,Refining,Operations,Block 2,2025,11,27659.79,bbl,139214.05,mscf
In Salah,Transportation,Operations,Area Y,2022,10,49859.93,bbl,171282.68,mscf
Hassi Messaoud,Exploration & Production,Drilling,Area X,2024,3,42475.92,bbl,15823.26,mscf
In Salah,Transportation,Production,Block 1,2022,1,17813.31,bbl,9478.96,mscf
Berkine,Refining,Production,Block 2,2024,1,32882.35,bbl,36129.66,mscf
In Salah,Transportation,Drilling,Area Y,2022,4,21783.81,bbl,120586.74,mscf
Adrar,Transportation,Operations,Block 1,2024,5,21960.44,bbl,63049.54,mscf
Hassi Messaoud,Refining,Logistics,Block 1,2024,6,22927.52,bbl,42642.15,mscf
Adrar,Exploration & Production,Production,Block 1,2022,11,8817.61,bbl,92960.97,mscf
Illizi,Exploration & Production,Drilling,Area X,2024,9,45596.21,bbl,43636.2,mscf
Adrar,Exploration & Production,Production,Area X,2022,10,28316.06,bbl,58712.26,mscf
In Salah,Refining,Operations,Area X,2024,6,41605.17,bbl,177019.99,mscf
Hassi R'Mel,Refining,Operations,Area Y,2025,9,49574.75,bbl,85571.83,mscf
Hassi R'Mel,Refining,Operations,Area Y,2025,10,41773.54,bbl,189880.67,mscf
In Salah,Refining,Drilling,Area Y,2023,3,24287.5,bbl,132373.14,mscf
Hassi R'Mel,Refining,Logistics,Field B,2023,7,19146.33,bbl,65138.72,mscf
Berkine,Marketing,Production,Block 1,2025,9,17319.03,bbl,142793.4,mscf
Berkine,Exploration & Production,Logistics,Area Y,2025,10,27561.21,bbl,49321.51,mscf
In Salah,Transportation,Production,Field B,2023,3,33726.37,bbl,151810.73,mscf
Hassi R'Mel,Exploration & Production,Operations,Block 1,2023,4,19747.17,bbl,73464.26,mscf
Hassi R'Mel,Transportation,Operations,Field A,2024,10,24390.86,bbl,91929.92,mscf
Hassi R'Mel,Transportation,Operations,Block 2,2024,3,43048.65,bbl,18415.43,mscf
Adrar,Refining,Drilling,Field A,2025,2,47279.84,bbl,167736.83,mscf
Illizi,Marketing,Logistics,Area X,2022,1,42072.54,bbl,161695.83,mscf
Adrar,Exploration & Production,Logistics,Block 1,2025,5,6900.93,bbl,174999.44,mscf
In Salah,Transportation,Drilling,Field A,2022,1,44698.39,bbl,93458.45,mscf
Hassi Messaoud,Refining,Operations,Block 1,2025,5,31320.3,bbl,128455.25,mscf
Illizi,Transportation,Drilling,Field A,2024,12,28713.48,bbl,129317.19,mscf
Berkine,Transportation,Logistics,Field A,2023,6,5302.19,bbl,58673.78,mscf
Hassi R'Mel,Exploration & Production,Production,Block 2,2023,10,33927.79,bbl,7874.17,mscf
In Salah,Marketing,Drilling,Field A,2022,7,11992.4,bbl,165544.85,mscf
Hassi Messaoud,Transportation,Logistics,Area X,2025,7,19591.93,bbl,21641.19,mscf
In Salah,Exploration & Production,Drilling,Area X,2023,3,5980.01,bbl,166449.91,mscf
Illizi,Marketing,Production,Area Y,2024,12,27913.61,bbl,167430.58,mscf
Illizi,Exploration & Production,Drilling,Field B,2024,12,38728.23,bbl,134856.0,mscf
Rhourde Nouss,Exploration & Production,Logistics,Block 1,2024,3,15356.9,bbl,38913.66,mscf
Berkine,Marketing,Logistics,Field A,2025,9,8428.1,bbl,21141.32,mscf
Rhourde Nouss,Refining,Logistics,Field A,2025,11,14750.54,bbl,151665.94,mscf
In Salah,Exploration & Production,Logistics,Area Y,2024,1,32159.44,bbl,48328.99,mscf
Hassi R'Mel,Exploration & Production,Drilling,Area Y,2023,11,45428.7,bbl,166258.25,mscf
Rhourde Nouss,Marketing,Operations,Field A,2023,8,22213.08,bbl,59853.01,mscf
Rhourde Nouss,Transportation,Logistics,Block 2,2022,2,35947.6,bbl,190113.7,mscf
Hassi R'Mel,Refining,Logistics,Field B,2023,6,21710.44,bbl,184033.62,mscf
Hassi R'Mel,Exploration & Production,Drilling,Field A,2024,6,32098.33,bbl,7157.73,mscf
Berkine,Refining,Production,Field B,2024,12,17090.65,bbl,191908.62,mscf
Illizi,Exploration & Production,Operations,Block 2,2024,10,32682.75,bbl,41743.57,mscf
Berkine,Exploration & Production,Operations,Block 2,2024,1,41240.67,bbl,74250.45,mscf
In Salah,Refining,Production,Field A,2025,7,13849.8,bbl,31700.13,mscf
Hassi R'Mel,Refining,Operations,Block 1,2024,5,29620.37,bbl,118570.45,mscf
In Salah,Transportation,Production,Area Y,2023,6,19298.01,bbl,101288.9,mscf
In Salah,Marketing,Logistics,Area X,2025,10,40361.11,bbl,60465.94,mscf
Berkine,Marketing,Operations,Area Y,2023,10,41921.51,bbl,110314.93,mscf
Rhourde Nouss,Marketing,Logistics,Field A,2024,10,19437.06,bbl,18940.91,mscf
Berkine,Marketing,Logistics,Block 1,2022,3,18319.36,bbl,95262.3,mscf
In Salah,Transportation,Logistics,Block 2,2025,9,4480.13,bbl,136992.98,mscf
Adrar,Refining,Logistics,Area Y,2024,7,26080.76,bbl,58113.71,mscf
Adrar,Marketing,Operations,Field A,2025,1,31248.14,bbl,160674.89,mscf
Illizi,Exploration & Production,Logistics,Block 2,2023,5,26611.27,bbl,22639.12,mscf
Illizi,Refining,Operations,Block 1,2022,12,27972.56,bbl,97077.47,mscf
Adrar,Refining,Production,Area X,2025,2,17561.42,bbl,122887.93,mscf
Hassi R'Mel,Refining,Logistics,Field B,2023,9,32763.95,bbl,199637.68,mscf
Berkine,Marketing,Operations,Area Y,2022,1,44848.0,bbl,104716.91,mscf
In Salah,Refining,Operations,Field A,2022,8,17713.12,bbl,94244.56,mscf
Adrar,Transportation,Production,Block 2,2022,4,6098.19,bbl,78829.88,mscf
In Salah,Transportation,Logistics,Field A,2025,3,20262.98,bbl,86103.28,mscf
Berkine,Transportation,Drilling,Block 2,2025,2,45237.44,bbl,162913.8,mscf
Rhourde Nouss,Transportation,Operations,Field B,2024,3,43248.64,bbl,46376.36,mscf
Hassi R'Mel,Exploration & Production,Logistics,Area Y,2024,5,14493.76,bbl,9123.5,mscf
Hassi R'Mel,Marketing,Production,Field A,2022,12,14201.23,bbl,51231.47,mscf
In Salah,Marketing,Production,Block 2,2022,3,4037.13,bbl,146975.43,mscf
Illizi,Exploration & Production,Production,Block 2,2022,6,39601.92,bbl,57924.95,mscf
In Salah,Exploration & Production,Logistics,Block 2,2025,3,41428.93,bbl,56087.58,mscf
Illizi,Exploration & Production,Production,Field A,2023,12,36308.48,bbl,13350.45,mscf
Hassi R'Mel,Exploration & Production,Logistics,Block 2,2022,12,14483.88,bbl,54776.38,mscf
Berkine,Marketing,Logistics,Field B,2024,4,17840.34,bbl,45761.48,mscf
Berkine,Refining,Logistics,Block 2,2022,6,28385.53,bbl,105250.33,mscf
Hassi R'Mel,Refining,Drilling,Block 1,2022,8,24398.92,bbl,29178.05,mscf
Berkine,Refining,Logistics,Area Y,2023,7,33921.1,bbl,131143.33,mscf
Rhourde Nouss,Marketing,Operations,Field B,2024,10,12631.28,bbl,187902.27,mscf
Adrar,Exploration & Production,Production,Area Y,2024,3,23999.51,bbl,25453.53,mscf
Adrar,Refining,Drilling,Field A,2022,5,32000.38,bbl,172058.27,mscf
Berkine,Refining,Drilling,Field A,2024,6,31152.85,bbl,185800.97,mscf
Berkine,Transportation,Operations,Field A,2025,8,39271.89,bbl,79778.44,mscf
Hassi R'Mel,Transportation,Production,Area Y,2025,9,22974.43,bbl,53491.39,mscf
Rhourde Nouss,Transportation,Production,Block 1,2024,11,2771.93,bbl,56819.85,mscf
Berkine,Transportation,Logistics,Field B,2023,12,23456.57,bbl,27063.87,mscf
Adrar,Exploration & Production,Drilling,Block 1,2023,10,23168.09,bbl,180494.09,mscf
In Salah,Transportation,Operations,Area Y,2022,2,5012.16,bbl,198222.99,mscf
Rhourde Nouss,Transportation,Operations,Area Y,2022,10,25453.43,bbl,31083.9,mscf
Hassi Messaoud,Exploration & Production,Logistics,Block 2,2025,3,1929.11,bbl,170688.36,mscf
Hassi Messaoud,Exploration & Production,Drilling,Field A,2024,6,42082.72,bbl,117844.68,mscf
Hassi Messaoud,Transportation,Operations,Field B,2025,11,23763.18,bbl,87745.19,mscf
Hassi R'Mel,Marketing,Production,Area Y,2024,4,8152.68,bbl,24107.27,mscf
Berkine,Exploration & Production,Drilling,Block 2,2025,11,37080.85,bbl,139194.95,mscf
Illizi,Transportation,Drilling,Field B,2022,4,11647.52,bbl,90200.39,mscf
Adrar,Marketing,Operations,Field A,2022,9,43304.88,bbl,5237.1,mscf
In Salah,Refining,Logistics,Block 1,2024,9,48875.12,bbl,131024.4,mscf
In Salah,Exploration & Production,Production,Field A,2025,12,29993.39,bbl,91368.09,mscf
Hassi Messaoud,Refining,Production,Block 2,2023,1,39461.04,bbl,52971.84,mscf
Adrar,Marketing,Production,Block 2,2023,9,10437.28,bbl,137434.82,mscf
Berkine,Exploration & Production,Operations,Field A,2025,7,17018.59,bbl,186224.75,mscf
Hassi R'Mel,Marketing,Operations,Field B,2024,5,49597.57,bbl,37219.13,mscf
Illizi,Marketing,Logistics,Area X,2022,4,21433.6,bbl,142214.5,mscf
Hassi R'Mel,Marketing,Operations,Field B,2022,5,17225.89,bbl,47982.39,mscf
Rhourde Nouss,Marketing,Operations,Block 1,2025,12,3931.5,bbl,32052.95,mscf
Illizi,Transportation,Production,Field A,2024,11,34961.83,bbl,184420.98,mscf
Rhourde Nouss,Marketing,Operations,Field A,2022,11,24361.8,bbl,141585.71,mscf
Hassi Messaoud,Transportation,Logistics,Block 1,2022,3,8097.25,bbl,119802.67,mscf
Adrar,Refining,Production,Field A,2024,4,26774.19,bbl,132922.62,mscf
Hassi Messaoud,Refining,Operations,Area X,2023,1,48609.81,bbl,160238.51,mscf
Hassi R'Mel,Transportation,Production,Block 1,2023,12,25150.73,bbl,142063.06,mscf
Berkine,Marketing,Operations,Field B,2024,12,7967.98,bbl,198917.04,mscf
Berkine,Exploration & Production,Operations,Block 2,2022,10,31271.66,bbl,108914.04,mscf
Berkine,Marketing,Logistics,Area X,2024,3,17812.3,bbl,166888.72,mscf
Adrar,Marketing,Production,Field B,2025,3,15288.86,bbl,146016.43,mscf
Rhourde Nouss,Marketing,Operations,Block 1,2022,8,11556.71,bbl,40773.65,mscf
Berkine,Exploration & Production,Production,Block 1,2024,8,29197.7,bbl,153778.11,mscf
Adrar,Exploration & Production,Operations,Area Y,2024,10,25305.16,bbl,115841.12,mscf
Rhourde Nouss,Transportation,Operations,Field B,2024,9,11183.52,bbl,47433.01,mscf
Berkine,Marketing,Logistics,Area X,2025,9,27209.13,bbl,166562.41,mscf
Adrar,Exploration & Production,Operations,Block 1,2022,12,43388.68,bbl,184506.5,mscf
Adrar,Marketing,Operations,Area X,2023,8,20812.5,bbl,191621.5,mscf
Berkine,Exploration & Production,Drilling,Field B,2024,2,38387.71,bbl,47699.45,mscf
Berkine,Refining,Drilling,Area Y,2025,7,5267.33,bbl,18273.35,mscf
Adrar,Marketing,Operations,Area X,2022,6,12063.52,bbl,42599.79,mscf
Hassi Messaoud,Refining,Drilling,Field A,2023,3,30032.11,bbl,135136.01,mscf
Rhourde Nouss,Marketing,Logistics,Block 1,2025,9,36699.94,bbl,115650.18,mscf
Hassi Messaoud,Exploration & Production,Production,Field A,2022,3,3552.89,bbl,161048.0,mscf
Berkine,Marketing,Operations,Field A,2025,11,49812.65,bbl,13432.35,mscf
Berkine,Transportation,Production,Block 2,2025,1,43524.82,bbl,192033.86,mscf
Illizi,Marketing,Logistics,Field A,2024,3,46241.27,bbl,5797.02,mscf
Illizi,Exploration & Production,Drilling,Field A,2025,11,45136.31,bbl,153096.72,mscf
Illizi,Exploration & Production,Drilling,Block 1,2023,9,37470.64,bbl,52137.19,mscf
Rhourde Nouss,Marketing,Logistics,Area Y,2024,6,7196.41,bbl,42136.42,mscf
Rhourde Nouss,Refining,Production,Field B,2024,10,6997.84,bbl,123742.13,mscf
Illizi,Transportation,Logistics,Area X,2023,10,25643.81,bbl,59815.92,mscf
Hassi Messaoud,Exploration & Production,Operations,Field A,2022,9,17366.09,bbl,46482.41,mscf
Adrar,Marketing,Production,Area X,2024,9,26786.99,bbl,116865.03,mscf
Hassi R'Mel,Refining,Operations,Field A,2023,8,32081.77,bbl,124860.06,mscf
Hassi Messaoud,Marketing,Logistics,Block 2,2025,7,36250.21,bbl,199922.38,mscf
In Salah,Transportation,Logistics,Block 2,2024,7,29082.26,bbl,47198.56,mscf
Illizi,Transportation,Drilling,Block 1,2024,11,1187.83,bbl,93932.69,mscf
Adrar,Marketing,Operations,Area Y,2024,10,19924.82,bbl,167835.07,mscf
Hassi R'Mel,Transportation,Drilling,Block 1,2024,9,45884.73,bbl,161159.6,mscf
In Salah,Transportation,Operations,Block 2,2024,7,12026.87,bbl,68464.76,mscf
Hassi R'Mel,Refining,Logistics,Block 1,2024,5,48108.61,bbl,40068.91,mscf
Rhourde Nouss,Marketing,Operations,Field A,2022,8,36875.91,bbl,104206.81,mscf
Hassi Messaoud,Transportation,Production,Area X,2023,5,31451.71,bbl,18391.96,mscf
Hassi R'Mel,Transportation,Operations,Area X,2023,4,23713.33,bbl,125917.35,mscf
Berkine,Exploration & Production,Production,Area X,2025,3,29783.29,bbl,178582.58,mscf
Illizi,Marketing,Operations,Block 2,2022,11,49561.66,bbl,148948.36,mscf
Berkine,Exploration & Production,Production,Field A,2022,11,16704.39,bbl,88156.64,mscf
Hassi Messaoud,Transportation,Logistics,Area Y,2023,12,9315.7,bbl,31882.61,mscf
Hassi R'Mel,Transportation,Drilling,Field B,2022,10,31789.56,bbl,20001.97,mscf
In Salah,Marketing,Operations,Block 1,2024,12,12877.55,bbl,75455.94,mscf
Hassi Messaoud,Refining,Drilling,Block 2,2025,6,12825.12,bbl,175272.57,mscf
In Salah,Marketing,Production,Block 1,2024,11,25941.63,bbl,113472.37,mscf
Rhourde Nouss,Refining,Production,Area X,2023,9,3152.1,bbl,115005.38,mscf
Hassi Messaoud,Exploration & Production,Drilling,Field A,2024,6,2935.42,bbl,150336.68,mscf
Illizi,Exploration & Production,Drilling,Block 2,2022,1,4314.73,bbl,112014.89,mscf
Berkine,Marketing,Logistics,Field B,2022,10,1968.69,bbl,173916.61,mscf
Rhourde Nouss,Refining,Production,Block 2,2023,3,40498.64,bbl,176865.59,mscf
Hassi R'Mel,Refining,Drilling,Field A,2023,10,16316.07,bbl,64349.05,mscf
Hassi Messaoud,Marketing,Operations,Block 1,2025,7,42315.12,bbl,197302.37,mscf
Illizi,Marketing,Drilling,Field A,2024,4,42541.04,bbl,35313.0,mscf
Illizi,Marketing,Drilling,Field B,2024,9,4220.96,bbl,189008.41,mscf
Berkine,Marketing,Logistics,Field A,2023,12,11225.53,bbl,28013.69,mscf
In Salah,Marketing,Logistics,Field A,2024,1,45086.03,bbl,57443.99,mscf
Hassi Messaoud,Exploration & Production,Operations,Area X,2023,7,41660.05,bbl,59519.44,mscf
Hassi Messaoud,Transportation,Logistics,Area X,2022,8,48457.32,bbl,57068.9,mscf
Hassi R'Mel,Marketing,Production,Field B,2024,3,25326.86,bbl,162269.59,mscf
Hassi Messaoud,Exploration & Production,Logistics,Block 2,2022,6,29622.83,bbl,100366.5,mscf
Hassi R'Mel,Transportation,Drilling,Area X,2023,4,13016.21,bbl,161237.32,mscf
Illizi,Marketing,Operations,Area X,2023,10,32641.46,bbl,161687.63,mscf
Hassi R'Mel,Transportation,Logistics,Field A,2025,3,29731.17,bbl,116733.58,mscf
Berkine,Exploration & Production,Production,Area X,2024,5,15102.74,bbl,137465.49,mscf
Hassi R'Mel,Refining,Production,Area X,2023,5,10735.86,bbl,171200.91,mscf
Berkine,Marketing,Logistics,Area Y,2024,1,4472.89,bbl,150782.17,mscf
Adrar,Exploration & Production,Operations,Field B,2022,4,11487.63,bbl,95641.24,mscf
Hassi R'Mel,Marketing,Logistics,Field B,2022,2,48499.75,bbl,12881.91,mscf
Hassi Messaoud,Marketing,Production,Field B,2025,9,36074.16,bbl,141980.43,mscf
Illizi,Marketing,Drilling,Block 1,2024,5,12622.55,bbl,85557.86,mscf
Rhourde Nouss,Refining,Production,Area Y,2025,12,14096.85,bbl,144712.68,mscf
In Salah,Transportation,Drilling,Area X,2025,10,34674.93,bbl,166147.39,mscf
Illizi,Marketing,Production,Area X,2025,7,24908.76,bbl,134516.8,mscf
Berkine,Exploration & Production,Drilling,Block 1,2022,9,23243.06,bbl,47686.22,mscf
Berkine,Refining,Drilling,Block 2,2023,9,21149.73,bbl,130677.44,mscf
Illizi,Marketing,Drilling,Field B,2024,3,33997.41,bbl,53407.85,mscf
Rhourde Nouss,Transportation,Operations,Area X,2022,12,16456.91,bbl,141303.2,mscf
In Salah,Exploration & Production,Operations,Area X,2024,8,7330.36,bbl,153234.17,mscf
Rhourde Nouss,Marketing,Drilling,Block 1,2023,3,6575.43,bbl,135051.65,mscf
Hassi R'Mel,Transportation,Operations,Block 2,2023,4,49717.37,bbl,111538.11,mscf
Rhourde Nouss,Exploration & Production,Production,Field A,2022,5,47904.83,bbl,18841.86,mscf
Rhourde Nouss,Refining,Logistics,Area Y,2024,10,11705.31,bbl,43501.59,mscf
Berkine,Exploration & Production,Production,Field B,2023,1,47060.45,bbl,186124.81,mscf
Illizi,Exploration & Production,Production,Field B,2025,6,8321.65,bbl,100431.17,mscf
Hassi Messaoud,Exploration & Production,Operations,Field B,2025,4,33502.41,bbl,30017.72,mscf
In Salah,Transportation,Production,Block 2,2025,1,44616.62,bbl,16079.03,mscf
Adrar,Refining,Production,Area X,2025,9,1143.04,bbl,139439.29,mscf
Berkine,Exploration & Production,Production,Field B,2023,5,1056.74,bbl,152228.79,mscf
Berkine,Refining,Production,Field B,2025,8,29464.13,bbl,125833.91,mscf
Adrar,Marketing,Operations,Area X,2022,5,16712.71,bbl,62036.55,mscf
Adrar,Refining,Production,Field B,2022,8,42409.98,bbl,34165.22,mscf
Hassi Messaoud,Marketing,Logistics,Area Y,2024,8,23345.83,bbl,135817.44,mscf
Berkine,Refining,Drilling,Field B,2024,1,4039.84,bbl,98700.84,mscf
Adrar,Marketing,Drilling,Block 1,2023,1,32593.09,bbl,16196.98,mscf
Illizi,Refining,Operations,Area X,2022,2,49683.24,bbl,135341.27,mscf
Illizi,Transportation,Drilling,Area Y,2025,8,15005.82,bbl,58439.17,mscf
Rhourde Nouss,Marketing,Logistics,Field B,2024,1,22470.75,bbl,26038.05,mscf
Rhourde Nouss,Refining,Drilling,Field B,2024,4,47172.43,bbl,57618.82,mscf
Hassi R'Mel,Transportation,Operations,Block 1,2025,11,15638.84,bbl,120574.61,mscf
Hassi R'Mel,Refining,Logistics,Area X,2024,6,45393.46,bbl,176558.58,mscf
Adrar,Exploration & Production,Logistics,Field A,2024,3,40380.9,bbl,133354.61,mscf
Hassi Messaoud,Marketing,Logistics,Block 2,2024,2,15378.63,bbl,51404.86,mscf
Hassi Messaoud,Exploration & Production,Production,Area X,2025,4,22262.24,bbl,77983.0,mscf
Illizi,Marketing,Operations,Area X,2025,12,28999.76,bbl,165301.8,mscf
Hassi R'Mel,Refining,Drilling,Area X,2022,9,43735.06,bbl,68116.47,mscf
Berkine,Transportation,Production,Block 1,2025,7,39229.92,bbl,103206.49,mscf
Berkine,Transportation,Logistics,Area X,2024,11,40338.68,bbl,96168.56,mscf
Adrar,Exploration & Production,Logistics,Area Y,2024,9,25317.13,bbl,192802.68,mscf
In Salah,Marketing,Production,Field B,2024,12,17012.93,bbl,158006.89,mscf
Rhourde Nouss,Refining,Drilling,Area Y,2025,6,26328.88,bbl,147216.36,mscf
In Salah,Marketing,Drilling,Field A,2025,1,25806.75,bbl,78453.79,mscf
Illizi,Transportation,Operations,Field A,2025,8,26984.06,bbl,160535.83,mscf
Berkine,Marketing,Production,Block 2,2022,10,49617.43,bbl,31143.21,mscf
Adrar,Marketing,Production,Field A,2024,2,24784.54,bbl,173549.13,mscf
Hassi R'Mel,Refining,Operations,Block 2,2022,7,41081.12,bbl,16171.9,mscf
Adrar,Exploration & Production,Production,Area X,2025,9,36367.22,bbl,96402.44,mscf
Hassi Messaoud,Transportation,Operations,Field A,2025,11,14794.79,bbl,94113.94,mscf
Berkine,Refining,Operations,Block 1,2023,7,19277.75,bbl,156947.78,mscf
In Salah,Refining,Operations,Field B,2022,9,26603.33,bbl,21090.45,mscf
Rhourde Nouss,Transportation,Operations,Field A,2025,3,41788.92,bbl,77259.15,mscf
Adrar,Transportation,Operations,Field A,2022,7,25102.24,bbl,19051.47,mscf
Illizi,Marketing,Drilling,Field B,2023,4,29278.46,bbl,83373.69,mscf
Adrar,Exploration & Production,Production,Area X,2024,3,11512.23,bbl,93656.36,mscf
Rhourde Nouss,Refining,Operations,Block 1,2023,5,13814.2,bbl,62379.58,mscf
Berkine,Marketing,Drilling,Field B,2024,3,35157.98,bbl,22895.7,mscf
Hassi R'Mel,Exploration & Production,Production,Area X,2024,10,13857.15,bbl,56206.05,mscf
Hassi R'Mel,Exploration & Production,Drilling,Area X,2023,7,38613.85,bbl,90790.75,mscf
Berkine,Refining,Logistics,Field A,2022,6,2837.48,bbl,71309.57,mscf
Rhourde Nouss,Refining,Drilling,Block 2,2025,7,43474.87,bbl,187668.6,mscf
Hassi R'Mel,Marketing,Logistics,Area Y,2025,3,21659.71,bbl,94659.17,mscf
Hassi R'Mel,Exploration & Production,Logistics,Block 2,2022,3,13324.58,bbl,150893.12,mscf
Hassi Messaoud,Marketing,Logistics,Block 2,2022,11,11312.14,bbl,177025.11,mscf
Hassi Messaoud,Transportation,Operations,Field B,2024,9,31186.52,bbl,178229.86,mscf
Berkine,Exploration & Production,Logistics,Block 2,2022,11,40226.07,bbl,28117.87,mscf
Hassi R'Mel,Transportation,Drilling,Block 2,2025,12,13954.23,bbl,138462.55,mscf
Hassi R'Mel,Marketing,Logistics,Area Y,2022,5,14393.23,bbl,38515.21,mscf
In Salah,Marketing,Operations,Area Y,2023,10,40810.72,bbl,86681.51,mscf
Berkine,Refining,Operations,Area Y,2025,2,40914.14,bbl,158423.88,mscf
Berkine,Transportation,Operations,Block 1,2025,6,36706.87,bbl,13759.99,mscf
Adrar,Refining,Drilling,Area Y,2022,11,21973.6,bbl,99649.49,mscf
Rhourde Nouss,Transportation,Logistics,Area X,2024,4,26619.06,bbl,107087.61,mscf
Rhourde Nouss,Exploration & Production,Operations,Area Y,2025,6,21695.38,bbl,130680.42,mscf
In Salah,Marketing,Production,Block 2,2025,2,8096.46,bbl,126357.49,mscf
In Salah,Refining,Drilling,Field A,2025,11,6214.03,bbl,45862.96,mscf
Berkine,Marketing,Production,Area Y,2023,7,3972.81,bbl,146931.08,mscf
Adrar,Marketing,Operations,Area X,2025,6,43922.56,bbl,146628.79,mscf
Hassi Messaoud,Transportation,Production,Field A,2024,3,12749.52,bbl,151085.19,mscf
In Salah,Transportation,Logistics,Field A,2024,5,47471.72,bbl,89426.21,mscf
Hassi Messaoud,Refining,Logistics,Area Y,2024,6,33295.76,bbl,140714.19,mscf
Hassi Messaoud,Marketing,Drilling,Field B,2024,3,1583.17,bbl,71729.56,mscf
Hassi R'Mel,Refining,Production,Field A,2022,4,25053.07,bbl,86433.17,mscf
Berkine,Transportation,Operations,Field B,2022,3,17943.76,bbl,184768.64,mscf
Rhourde Nouss,Marketing,Production,Block 1,2024,10,30876.75,bbl,162216.1,mscf
In Salah,Transportation,Operations,Area X,2025,2,8721.88,bbl,66721.21,mscf
In Salah,Exploration & Production,Logistics,Area Y,2025,5,47517.38,bbl,162773.79,mscf
Adrar,Exploration & Production,Logistics,Block 1,2024,12,7732.75,bbl,11502.65,mscf
Hassi R'Mel,Exploration & Production,Operations,Area Y,2025,2,47606.46,bbl,158779.04,mscf
Berkine,Exploration & Production,Logistics,Block 2,2025,10,18244.77,bbl,7310.33,mscf
Rhourde Nouss,Transportation,Logistics,Block 2,2023,7,22918.71,bbl,97056.96,mscf
Rhourde Nouss,Exploration & Production,Logistics,Block 2,2025,11,9361.1,bbl,111980.56,mscf
Hassi R'Mel,Exploration & Production,Logistics,Block 2,2025,8,48735.32,bbl,51476.08,mscf
Adrar,Exploration & Production,Drilling,Field B,2024,10,7240.18,bbl,113230.46,mscf
In Salah,Marketing,Drilling,Area Y,2023,5,45239.15,bbl,186935.47,mscf
Rhourde Nouss,Exploration & Production,Operations,Field B,2023,11,13966.14,bbl,51237.14,mscf
Berkine,Exploration & Production,Operations,Field B,2023,11,42335.57,bbl,17546.22,mscf
Rhourde Nouss,Transportation,Drilling,Field A,2024,10,1135.74,bbl,197580.24,mscf
Berkine,Marketing,Logistics,Field A,2025,8,41895.79,bbl,148823.28,mscf
Berkine,Refining,Operations,Field A,2022,3,3060.53,bbl,64928.57,mscf
Adrar,Marketing,Operations,Field B,2024,8,6563.25,bbl,118987.17,mscf
Hassi R'Mel,Marketing,Production,Block 1,2023,2,14379.76,bbl,25798.23,mscf
Berkine,Transportation,Production,Block 2,2022,3,23921.52,bbl,180868.34,mscf
Illizi,Marketing,Operations,Field B,2023,1,15013.67,bbl,110988.56,mscf
Illizi,Refining,Drilling,Area X,2023,3,35929.1,bbl,77184.23,mscf
Adrar,Transportation,Operations,Field B,2025,11,32870.95,bbl,169101.51,mscf
Rhourde Nouss,Refining,Drilling,Area X,2024,9,44640.9,bbl,171169.99,mscf
Rhourde Nouss,Exploration & Production,Drilling,Area Y,2024,4,40745.6,bbl,64344.57,mscf
Hassi R'Mel,Exploration & Production,Operations,Area X,2022,2,12956.2,bbl,38593.33,mscf
In Salah,Transportation,Logistics,Field A,2023,1,18355.97,bbl,67545.4,mscf
In Salah,Exploration & Production,Logistics,Area X,2024,11,44828.07,bbl,170916.53,mscf
Berkine,Marketing,Drilling,Field B,2024,6,19120.94,bbl,187901.58,mscf
Illizi,Exploration & Production,Drilling,Block 1,2024,7,8676.64,bbl,51794.41,mscf
Adrar,Exploration & Production,Drilling,Block 1,2023,11,25765.67,bbl,72711.81,mscf
Adrar,Marketing,Production,Field B,2024,4,20901.2,bbl,101710.09,mscf
Hassi Messaoud,Marketing,Drilling,Area X,2025,8,13587.86,bbl,35898.23,mscf
In Salah,Exploration & Production,Logistics,Field A,2025,3,36509.98,bbl,34886.87,mscf
Hassi R'Mel,Transportation,Operations,Area Y,2022,11,19113.63,bbl,86654.72,mscf
Berkine,Transportation,Production,Block 2,2025,7,35341.25,bbl,184596.25,mscf
Hassi Messaoud,Exploration & Production,Drilling,Area X,2022,1,42456.13,bbl,19098.29,mscf
Rhourde Nouss,Refining,Drilling,Block 1,2023,5,34981.35,bbl,188158.85,mscf
Adrar,Marketing,Logistics,Field A,2025,9,46094.31,bbl,101321.93,mscf
Hassi R'Mel,Marketing,Operations,Area X,2024,2,49475.01,bbl,184189.68,mscf
Berkine,Exploration & Production,Production,Block 2,2022,3,18241.52,bbl,33581.68,mscf
Illizi,Marketing,Operations,Block 1,2023,1,1443.91,bbl,154389.01,mscf
Hassi R'Mel,Marketing,Operations,Block 1,2023,10,35825.08,bbl,171787.58,mscf
Berkine,Marketing,Drilling,Field A,2024,2,47905.88,bbl,160212.3,mscf
Adrar,Marketing,Production,Field A,2024,2,32312.6,bbl,80285.98,mscf
Illizi,Marketing,Drilling,Field A,2023,9,44232.58,bbl,117774.72,mscf
Hassi Messaoud,Exploration & Production,Logistics,Block 2,2022,4,3537.6,bbl,185869.71,mscf
Berkine,Exploration & Production,Logistics,Field B,2022,8,6219.84,bbl,193185.25,mscf
Hassi Messaoud,Exploration & Production,Logistics,Field A,2025,11,32215.32,bbl,72902.57,mscf
Hassi Messaoud,Refining,Logistics,Field B,2022,6,14812.29,bbl,116273.29,mscf
Hassi Messaoud,Refining,Production,Field A,2024,10,26868.33,bbl,84606.92,mscf
In Salah,Refining,Drilling,Area X,2025,6,16178.21,bbl,145393.69,mscf
Berkine,Transportation,Drilling,Block 1,2024,1,47755.79,bbl,100063.33,mscf
Hassi Messaoud,Refining,Production,Area Y,2023,6,1911.69,bbl,188669.72,mscf
Berkine,Refining,Logistics,Field B,2025,6,2749.59,bbl,123373.81,mscf
Illizi,Refining,Production,Field B,2024,9,37755.93,bbl,158979.8,mscf
Illizi,Transportation,Operations,Area Y,2022,2,23703.36,bbl,36545.14,mscf
Hassi Messaoud,Refining,Production,Field B,2023,9,11670.95,bbl,91599.02,mscf
In Salah,Refining,Production,Area Y,2025,9,34287.3,bbl,123069.14,mscf
In Salah,Transportation,Drilling,Block 1,2024,4,43486.01,bbl,98057.49,mscf
Berkine,Transportation,Operations,Field A,2025,10,47271.42,bbl,170001.98,mscf
Rhourde Nouss,Refining,Drilling,Field B,2025,3,24823.96,bbl,159750.64,mscf
Adrar,Transportation,Logistics,Block 2,2023,9,35063.0,bbl,160067.62,mscf
Adrar,Transportation,Logistics,Area Y,2024,11,22103.38,bbl,184742.28,mscf
Berkine,Refining,Drilling,Block 2,2025,7,8845.75,bbl,46540.72,mscf
Rhourde Nouss,Refining,Production,Block 2,2025,11,32420.64,bbl,121414.99,mscf
Hassi R'Mel,Transportation,Drilling,Block 1,2025,1,48321.28,bbl,56822.8,mscf
Illizi,Marketing,Drilling,Area Y,2022,7,31935.57,bbl,127123.04,mscf
Berkine,Transportation,Drilling,Block 2,2024,2,45786.51,bbl,115234.88,mscf
Berkine,Marketing,Drilling,Area Y,2022,9,3281.3,bbl,12153.68,mscf
Hassi R'Mel,Exploration & Production,Logistics,Block 1,2023,8,28584.47,bbl,32591.66,mscf
Hassi R'Mel,Marketing,Production,Area X,2022,4,7514.15,bbl,97313.56,mscf
Hassi R'Mel,Transportation,Logistics,Field A,2022,1,27781.39,bbl,80848.43,mscf
In Salah,Transportation,Production,Block 2,2025,2,35976.02,bbl,89771.06,mscf
Rhourde Nouss,Transportation,Production,Block 1,2022,2,28673.28,bbl,101264.1,mscf
Berkine,Exploration & Production,Operations,Field B,2023,9,47747.72,bbl,52776.72,mscf
Hassi Messaoud,Refining,Logistics,Field A,2022,12,19061.81,bbl,148124.96,mscf
In Salah,Refining,Production,Area Y,2022,6,20534.08,bbl,73590.64,mscf
In Salah,Transportation,Drilling,Field B,2025,9,6467.65,bbl,22758.52,mscf
Berkine,Exploration & Production,Production,Block 1,2023,10,17197.79,bbl,37670.3,mscf
Rhourde Nouss,Marketing,Production,Field A,2025,3,20185.77,bbl,28552.36,mscf
Berkine,Transportation,Operations,Block 1,2022,7,25070.75,bbl,86369.57,mscf
Berkine,Marketing,Drilling,Area Y,2022,10,5260.76,bbl,146924.33,mscf
Hassi Messaoud,Transportation,Production,Area X,2024,2,27573.59,bbl,103402.13,mscf
Rhourde Nouss,Refining,Production,Area X,2025,10,31243.09,bbl,154973.51,mscf
In Salah,Refining,Production,Area X,2022,8,17106.07,bbl,14426.62,mscf
Berkine,Transportation,Drilling,Block 2,2024,10,48328.8,bbl,174325.84,mscf
Berkine,Marketing,Operations,Block 2,2024,4,26270.97,bbl,64991.51,mscf
Hassi R'Mel,Refining,Production,Block 2,2023,2,5092.42,bbl,70708.73,mscf
Adrar,Exploration & Production,Operations,Field A,2024,11,8969.02,bbl,71197.65,mscf
Hassi R'Mel,Refining,Operations,Field A,2022,11,26744.92,bbl,18670.96,mscf
Berkine,Transportation,Logistics,Area Y,2025,8,12021.49,bbl,101767.03,mscf
Rhourde Nouss,Refining,Logistics,Area X,2025,11,21680.03,bbl,102727.32,mscf
Illizi,Exploration & Production,Operations,Field A,2022,2,49853.32,bbl,89683.04,mscf
Berkine,Marketing,Logistics,Block 1,2025,12,45546.38,bbl,94129.86,mscf
In Salah,Exploration & Production,Drilling,Area X,2024,5,42786.29,bbl,154075.63,mscf
Illizi,Transportation,Production,Block 2,2024,5,5121.08,bbl,166804.25,mscf
Illizi,Refining,Drilling,Area Y,2022,7,37567.85,bbl,125114.45,mscf
Illizi,Transportation,Operations,Field A,2024,4,19448.94,bbl,55746.2,mscf
Adrar,Marketing,Production,Field B,2024,12,31155.55,bbl,163981.85,mscf
Berkine,Transportation,Logistics,Area X,2022,10,35020.5,bbl,99688.42,mscf
Hassi R'Mel,Transportation,Drilling,Field B,2024,7,8508.24,bbl,35353.96,mscf
Rhourde Nouss,Marketing,Operations,Field A,2025,4,4486.8,bbl,54391.77,mscf
Hassi Messaoud,Exploration & Production,Drilling,Area Y,2023,1,16018.72,bbl,133696.74,mscf
Berkine,Exploration & Production,Drilling,Block 1,2025,5,24225.65,bbl,88833.27,mscf
Hassi Messaoud,Transportation,Logistics,Block 2,2023,6,39283.07,bbl,133663.95,mscf
Rhourde Nouss,Exploration & Production,Logistics,Block 2,2023,11,22746.59,bbl,39210.94,mscf
In Salah,Marketing,Operations,Field A,2024,11,12495.74,bbl,183672.88,mscf
Hassi R'Mel,Transportation,Operations,Area Y,2025,1,49793.12,bbl,118374.49,mscf
Berkine,Refining,Operations,Area Y,2024,12,32313.09,bbl,126409.07,mscf
Illizi,Exploration & Production,Logistics,Area X,2023,6,18867.46,bbl,87151.22,mscf
In Salah,Exploration & Production,Logistics,Area Y,2024,9,9386.98,bbl,24547.81,mscf
Hassi R'Mel,Transportation,Production,Field A,2022,3,30916.06,bbl,161965.33,mscf
Berkine,Exploration & Production,Production,Area X,2024,7,41101.28,bbl,61745.42,mscf
Berkine,Marketing,Logistics,Field A,2022,5,24635.86,bbl,166326.56,mscf
Rhourde Nouss,Exploration & Production,Operations,Area X,2024,1,32352.54,bbl,197328.17,mscf
Adrar,Exploration & Production,Production,Area Y,2025,12,27312.22,bbl,140650.51,mscf
Berkine,Refining,Operations,Area X,2025,4,6488.93,bbl,68192.12,mscf
Berkine,Marketing,Logistics,Block 2,2024,10,7445.32,bbl,16365.54,mscf
Hassi Messaoud,Exploration & Production,Logistics,Area X,2023,4,15614.79,bbl,34506.93,mscf
Berkine,Marketing,Logistics,Area X,2022,8,15534.97,bbl,78211.83,mscf
Rhourde Nouss,Refining,Production,Area Y,2022,8,29762.44,bbl,193008.66,mscf
Illizi,Transportation,Logistics,Area Y,2024,1,3175.59,bbl,44416.02,mscf
Hassi R'Mel,Refining,Drilling,Block 1,2023,4,10788.08,bbl,85786.59,mscf
Illizi,Marketing,Production,Field B,2024,4,11218.51,bbl,126400.66,mscf
In Salah,Marketing,Operations,Field A,2024,2,30098.56,bbl,131141.97,mscf
Hassi R'Mel,Marketing,Logistics,Area X,2024,2,1325.78,bbl,22894.55,mscf
In Salah,Exploration & Production,Production,Block 2,2022,1,43338.04,bbl,54847.97,mscf
Adrar,Refining,Drilling,Block 1,2023,6,6143.57,bbl,54514.85,mscf
Hassi R'Mel,Marketing,Operations,Block 2,2025,1,13804.53,bbl,62407.59,mscf
Rhourde Nouss,Transportation,Operations,Block 2,2024,3,8907.23,bbl,164568.88,mscf
Illizi,Refining,Drilling,Area Y,2023,2,25398.09,bbl,14807.21,mscf
Berkine,Marketing,Logistics,Field B,2024,6,48099.86,bbl,53490.25,mscf
Rhourde Nouss,Transportation,Drilling,Block 1,2022,3,23811.43,bbl,104999.18,mscf
Illizi,Marketing,Production,Block 1,2025,1,19842.74,bbl,98794.59,mscf
Illizi,Exploration & Production,Production,Block 2,2024,11,46724.35,bbl,113856.94,mscf
Adrar,Transportation,Production,Block 1,2023,4,1326.3,bbl,42250.76,mscf
Berkine,Refining,Production,Block 1,2024,3,44176.01,bbl,95315.69,mscf
Rhourde Nouss,Exploration & Production,Operations,Block 2,2025,7,1905.55,bbl,91640.09,mscf
Hassi Messaoud,Marketing,Logistics,Block 1,2022,9,37459.16,bbl,106246.28,mscf
Adrar,Exploration & Production,Production,Field B,2023,1,24669.94,bbl,92606.1,mscf
Hassi Messaoud,Exploration & Production,Logistics,Field B,2025,11,41570.89,bbl,66529.46,mscf
In Salah,Refining,Production,Block 1,2025,6,17910.18,bbl,122376.28,mscf
Illizi,Marketing,Logistics,Area X,2025,3,34641.49,bbl,118714.69,mscf
Rhourde Nouss,Transportation,Operations,Block 1,2025,8,34599.96,bbl,129620.33,mscf
Adrar,Exploration & Production,Production,Field B,2022,11,22392.92,bbl,138913.17,mscf
Illizi,Exploration & Production,Logistics,Field A,2022,12,28325.98,bbl,120804.44,mscf
Illizi,Transportation,Production,Field A,2025,7,38834.77,bbl,82514.3,mscf
Berkine,Refining,Production,Block 1,2024,6,3949.32,bbl,197145.74,mscf
Illizi,Refining,Logistics,Block 1,2022,5,18909.15,bbl,54739.5,mscf
Berkine,Transportation,Logistics,Block 2,2022,5,8276.92,bbl,167051.74,mscf
In Salah,Marketing,Operations,Area X,2024,6,28300.22,bbl,198479.1,mscf
Hassi Messaoud,Refining,Operations,Block 2,2022,8,24536.12,bbl,43007.96,mscf
Hassi Messaoud,Marketing,Drilling,Area X,2022,3,26625.0,bbl,21609.28,mscf
Hassi R'Mel,Transportation,Drilling,Field A,2022,12,16766.75,bbl,68473.2,mscf
Adrar,Exploration & Production,Drilling,Field A,2022,2,35622.45,bbl,111578.45,mscf
Rhourde Nouss,Transportation,Drilling,Field B,2024,9,45234.12,bbl,163838.39,mscf
Illizi,Refining,Logistics,Field A,2023,2,31202.1,bbl,108867.32,mscf
Rhourde Nouss,Transportation,Logistics,Field A,2023,7,45405.75,bbl,184097.23,mscf
Adrar,Refining,Drilling,Field A,2024,10,48971.66,bbl,23617.28,mscf
Illizi,Transportation,Operations,Field B,2024,2,7923.99,bbl,145324.02,mscf
Adrar,Refining,Production,Field B,2022,4,37124.73,bbl,172020.65,mscf
Rhourde Nouss,Exploration & Production,Operations,Field B,2023,6,45527.37,bbl,8380.17,mscf
Illizi,Marketing,Drilling,Block 2,2023,9,21693.05,bbl,198454.01,mscf
Hassi R'Mel,Exploration & Production,Operations,Block 2,2025,2,37480.37,bbl,72626.64,mscf
In Salah,Transportation,Drilling,Area Y,2022,2,34599.44,bbl,180004.68,mscf
Illizi,Refining,Operations,Field B,2025,7,44792.94,bbl,190103.67,mscf
In Salah,Refining,Operations,Field B,2024,4,7809.7,bbl,160365.05,mscf
Illizi,Refining,Logistics,Field A,2024,8,44839.52,bbl,194247.69,mscf
Adrar,Transportation,Operations,Block 1,2025,8,19825.21,bbl,166944.5,mscf
In Salah,Transportation,Operations,Area X,2022,12,47642.26,bbl,48211.99,mscf
Hassi R'Mel,Transportation,Logistics,Field A,2022,9,31419.47,bbl,186702.63,mscf
Berkine,Transportation,Production,Field A,2025,6,43700.86,bbl,174306.85,mscf
Adrar,Refining,Production,Block 2,2024,12,37228.47,bbl,183682.93,mscf
Adrar,Transportation,Logistics,Field B,2025,8,7922.95,bbl,104464.42,mscf
Adrar,Marketing,Production,Block 1,2025,2,20673.42,bbl,194429.44,mscf
Illizi,Transportation,Operations,Block 1,2023,12,13241.71,bbl,192811.01,mscf
Hassi Messaoud,Refining,Logistics,Area Y,2022,6,37649.52,bbl,64614.89,mscf
Rhourde Nouss,Exploration & Production,Production,Area Y,2023,10,17155.27,bbl,123731.88,mscf
In Salah,Marketing,Drilling,Area Y,2022,5,21967.47,bbl,165101.89,mscf
Berkine,Transportation,Operations,Block 1,2025,4,39820.22,bbl,181905.87,mscf
Hassi Messaoud,Refining,Logistics,Block 2,2024,3,24871.33,bbl,36417.56,mscf
Illizi,Marketing,Drilling,Area X,2024,3,27549.42,bbl,181879.54,mscf
In Salah,Refining,Operations,Field A,2022,1,23676.8,bbl,191189.08,mscf
Hassi R'Mel,Refining,Production,Field A,2022,3,5566.39,bbl,141857.55,mscf
Berkine,Transportation,Drilling,Field A,2023,7,19589.9,bbl,15903.76,mscf
Berkine,Refining,Drilling,Field A,2024,9,3972.11,bbl,75120.94,mscf
Berkine,Transportation,Production,Field B,2023,9,20362.69,bbl,88603.28,mscf
Hassi R'Mel,Marketing,Logistics,Block 2,2022,12,18485.2,bbl,135236.39,mscf
Hassi R'Mel,Marketing,Production,Block 2,2022,6,2199.38,bbl,31561.77,mscf
Rhourde Nouss,Marketing,Drilling,Block 2,2025,12,23861.12,bbl,135119.41,mscf
Hassi R'Mel,Refining,Drilling,Area X,2024,8,49090.77,bbl,6331.35,mscf
Rhourde Nouss,Exploration & Production,Logistics,Field A,2023,2,17962.73,bbl,123091.58,mscf
Adrar,Exploration & Production,Logistics,Block 2,2025,3,27521.12,bbl,24949.51,mscf
Rhourde Nouss,Transportation,Logistics,Block 2,2023,9,23546.55,bbl,190797.52,mscf
In Salah,Transportation,Logistics,Area Y,2023,7,18015.93,bbl,176851.24,mscf
Rhourde Nouss,Transportation,Operations,Block 1,2024,8,28031.19,bbl,96531.6,mscf
Hassi R'Mel,Exploration & Production,Operations,Block 1,2024,11,24646.65,bbl,53971.75,mscf
Berkine,Refining,Production,Area Y,2023,3,6364.87,bbl,188104.77,mscf
Berkine,Exploration & Production,Logistics,Block 2,2025,10,42169.35,bbl,127749.22,mscf
Rhourde Nouss,Exploration & Production,Drilling,Block 2,2023,7,20376.37,bbl,182729.95,mscf
Illizi,Refining,Drilling,Block 2,2022,11,21912.12,bbl,69320.87,mscf
Adrar,Refining,Logistics,Block 2,2022,1,29537.71,bbl,106599.69,mscf
Berkine,Marketing,Operations,Area X,2022,6,1482.08,bbl,101048.7,mscf
Illizi,Transportation,Operations,Field B,2024,12,11352.46,bbl,65722.62,mscf
Adrar,Exploration & Production,Operations,Block 2,2025,11,15286.04,bbl,123660.77,mscf
Illizi,Refining,Production,Field A,2023,3,14078.24,bbl,111328.44,mscf
In Salah,Refining,Production,Area Y,2025,8,1694.69,bbl,157811.96,mscf
Illizi,Refining,Production,Field A,2024,2,43938.25,bbl,53868.33,mscf
Illizi,Marketing,Drilling,Area X,2023,12,26800.06,bbl,159663.9,mscf
Illizi,Refining,Operations,Area X,2023,12,44838.38,bbl,60005.67,mscf
Hassi Messaoud,Marketing,Production,Area Y,2022,7,42283.84,bbl,122637.84,mscf
Hassi Messaoud,Marketing,Drilling,Field A,2024,11,33033.77,bbl,109128.29,mscf
Hassi R'Mel,Transportation,Drilling,Area Y,2024,9,37018.98,bbl,84482.56,mscf
Berkine,Exploration & Production,Logistics,Area Y,2024,11,48817.72,bbl,33450.8,mscf
In Salah,Marketing,Production,Block 1,2023,1,41585.36,bbl,68851.39,mscf
Berkine,Refining,Production,Field A,2022,7,44735.21,bbl,191983.5,mscf
Berkine,Refining,Production,Block 2,2024,12,32519.49,bbl,168991.23,mscf
In Salah,Refining,Drilling,Area X,2025,2,40815.83,bbl,29584.59,mscf
Hassi R'Mel,Marketing,Production,Area Y,2025,9,9825.51,bbl,195792.02,mscf
Hassi R'Mel,Refining,Production,Field A,2024,5,32119.76,bbl,162851.7,mscf
Adrar,Marketing,Logistics,Block 2,2025,11,38905.65,bbl,28226.06,mscf
Adrar,Transportation,Logistics,Block 1,2025,5,41539.14,bbl,166159.16,mscf
Illizi,Marketing,Production,Field A,2024,3,33753.98,bbl,170099.47,mscf
In Salah,Refining,Operations,Field A,2024,1,32185.7,bbl,68891.28,mscf
Rhourde Nouss,Transportation,Operations,Area Y,2025,2,20459.72,bbl,33553.65,mscf
Hassi R'Mel,Refining,Operations,Area Y,2024,12,41635.68,bbl,164047.26,mscf
Rhourde Nouss,Transportation,Drilling,Field A,2022,5,7088.0,bbl,84619.0,mscf
In Salah,Transportation,Production,Field A,2023,6,35825.32,bbl,99862.42,mscf
Rhourde Nouss,Exploration & Production,Operations,Area Y,2024,8,23069.75,bbl,121484.71,mscf
In Salah,Exploration & Production,Operations,Block 1,2022,3,33299.69,bbl,68736.86,mscf
Rhourde Nouss,Exploration & Production,Operations,Field A,2025,9,25763.41,bbl,20337.46,mscf
Illizi,Refining,Logistics,Area X,2024,8,12674.79,bbl,128529.52,mscf
In Salah,Transportation,Operations,Area X,2022,7,36134.41,bbl,188034.66,mscf
Illizi,Exploration & Production,Operations,Area Y,2023,9,9135.53,bbl,93259.59,mscf
Berkine,Transportation,Drilling,Block 2,2024,11,27556.07,bbl,85178.64,mscf
Adrar,Exploration & Production,Production,Area X,2025,11,2705.48,bbl,49842.51,mscf
Hassi R'Mel,Exploration & Production,Drilling,Field B,2022,11,2333.98,bbl,89809.61,mscf
In Salah,Refining,Drilling,Area X,2025,6,14893.33,bbl,55808.45,mscf
Adrar,Exploration & Production,Operations,Block 1,2025,4,14505.56,bbl,155938.52,mscf
Illizi,Refining,Logistics,Area Y,2024,7,3428.22,bbl,162175.31,mscf
Rhourde Nouss,Marketing,Production,Block 1,2022,2,36502.63,bbl,18966.3,mscf
Berkine,Exploration & Production,Production,Field A,2022,1,2821.36,bbl,134744.37,mscf
Illizi,Transportation,Operations,Block 1,2025,3,18167.25,bbl,55439.1,mscf
Illizi,Exploration & Production,Drilling,Area X,2024,2,20867.06,bbl,164550.74,mscf
Berkine,Transportation,Production,Field B,2022,10,16150.98,bbl,82418.73,mscf
Hassi Messaoud,Marketing,Logistics,Field A,2022,1,48905.73,bbl,170610.51,mscf
Hassi R'Mel,Exploration & Production,Logistics,Area X,2022,8,16472.7,bbl,19166.94,mscf
Hassi Messaoud,Marketing,Operations,Field B,2022,10,27240.42,bbl,9146.39,mscf
Rhourde Nouss,Marketing,Drilling,Field B,2023,10,13957.62,bbl,136538.68,mscf
Hassi R'Mel,Refining,Drilling,Field B,2025,5,28529.63,bbl,73483.68,mscf
In Salah,Exploration & Production,Operations,Area Y,2023,4,17973.69,bbl,70212.03,mscf
Berkine,Marketing,Logistics,Area X,2022,2,21293.1,bbl,151268.35,mscf
Rhourde Nouss,Transportation,Logistics,Block 2,2024,7,14897.7,bbl,15984.03,mscf
Hassi Messaoud,Refining,Operations,Field A,2023,4,32773.9,bbl,32882.23,mscf
Rhourde Nouss,Marketing,Production,Area Y,2025,12,23392.13,bbl,78602.99,mscf
Adrar,Refining,Drilling,Field A,2025,5,49202.24,bbl,197518.57,mscf
Berkine,Marketing,Drilling,Block 1,2022,4,31009.92,bbl,60531.11,mscf
Hassi R'Mel,Refining,Logistics,Block 2,2023,8,25724.88,bbl,46412.85,mscf
Adrar,Exploration & Production,Production,Field B,2022,6,28645.37,bbl,165332.94,mscf
Berkine,Transportation,Production,Area Y,2024,10,13047.99,bbl,166535.88,mscf
Illizi,Transportation,Production,Field B,2022,4,2985.7,bbl,171727.28,mscf
In Salah,Exploration & Production,Drilling,Block 1,2023,12,33492.55,bbl,194724.82,mscf
Berkine,Marketing,Logistics,Block 1,2024,1,1069.6,bbl,124169.84,mscf
Adrar,Marketing,Drilling,Block 2,2023,1,25049.77,bbl,167601.86,mscf
Berkine,Marketing,Logistics,Block 1,2024,11,45960.09,bbl,10220.49,mscf
Illizi,Marketing,Operations,Area Y,2024,6,4660.43,bbl,125570.35,mscf
Hassi R'Mel,Refining,Logistics,Block 2,2025,9,45261.56,bbl,123261.65,mscf
Illizi,Exploration & Production,Operations,Block 1,2025,8,1270.51,bbl,187214.16,mscf
Adrar,Marketing,Drilling,Area X,2023,2,25774.97,bbl,175993.5,mscf
In Salah,Marketing,Drilling,Field A,2025,9,16268.44,bbl,77942.42,mscf
In Salah,Marketing,Logistics,Block 1,2022,2,45792.75,bbl,48368.55,mscf
Rhourde Nouss,Refining,Operations,Field B,2022,1,33244.09,bbl,69332.04,mscf
In Salah,Refining,Logistics,Field B,2023,1,28367.21,bbl,130764.69,mscf
In Salah,Refining,Drilling,Block 1,2023,2,49158.93,bbl,171626.68,mscf
Illizi,Transportation,Drilling,Area X,2022,4,11589.62,bbl,149825.76,mscf
Adrar,Exploration & Production,Production,Area X,2022,3,2793.75,bbl,197428.16,mscf
In Salah,Exploration & Production,Logistics,Area Y,2025,6,29568.28,bbl,60590.04,mscf
Adrar,Marketing,Drilling,Field B,2025,11,26882.78,bbl,90869.74,mscf
In Salah,Refining,Production,Field B,2024,12,35930.36,bbl,199069.18,mscf
Illizi,Transportation,Logistics,Block 2,2025,6,2778.61,bbl,174658.45,mscf
Illizi,Refining,Operations,Area X,2024,9,8360.96,bbl,145936.51,mscf
Rhourde Nouss,Refining,Drilling,Field A,2025,12,24228.67,bbl,199100.12,mscf
Illizi,Refining,Drilling,Area Y,2025,2,22177.58,bbl,54455.07,mscf
Hassi R'Mel,Transportation,Drilling,Block 1,2022,6,18490.78,bbl,127341.5,mscf
Adrar,Transportation,Drilling,Area Y,2025,4,43712.02,bbl,159473.84,mscf
Rhourde Nouss,Marketing,Logistics,Block 2,2023,11,18673.06,bbl,55984.19,mscf
Illizi,Marketing,Operations,Area Y,2022,4,41283.34,bbl,51094.49,mscf
Adrar,Refining,Logistics,Field B,2022,6,41544.58,bbl,12902.01,mscf
Adrar,Exploration & Production,Logistics,Area X,2024,7,22998.97,bbl,115234.94,mscf
Hassi Messaoud,Marketing,Operations,Area Y,2024,1,18546.89,bbl,83415.68,mscf
Adrar,Refining,Production,Block 1,2025,10,31232.19,bbl,42912.17,mscf
Rhourde Nouss,Refining,Production,Block 1,2025,12,46790.89,bbl,117186.65,mscf
Berkine,Transportation,Production,Area Y,2025,3,32280.36,bbl,7436.45,mscf
Hassi Messaoud,Transportation,Production,Block 2,2024,3,41574.98,bbl,83554.35,mscf
Berkine,Exploration & Production,Production,Field A,2025,11,48210.16,bbl,164774.13,mscf
Illizi,Marketing,Operations,Field B,2025,1,21499.73,bbl,42925.29,mscf
Adrar,Exploration & Production,Logistics,Area X,2022,1,17066.48,bbl,21007.14,mscf
Rhourde Nouss,Refining,Production,Block 1,2025,5,1393.92,bbl,74728.8,mscf
Berkine,Transportation,Production,Block 2,2023,5,47754.73,bbl,27121.15,mscf
Rhourde Nouss,Exploration & Production,Production,Field B,2023,1,7887.96,bbl,140276.8,mscf
Berkine,Exploration & Production,Operations,Field A,2024,4,36741.37,bbl,133791.71,mscf
Rhourde Nouss,Transportation,Drilling,Field B,2025,12,18023.16,bbl,171616.46,mscf
In Salah,Transportation,Operations,Field A,2025,10,25876.0,bbl,83097.7,mscf
Hassi R'Mel,Refining,Logistics,Field A,2023,1,30863.57,bbl,106994.25,mscf
Hassi Messaoud,Refining,Logistics,Field A,2022,6,33181.77,bbl,197362.06,mscf
In Salah,Transportation,Operations,Block 1,2025,9,29613.26,bbl,186982.34,mscf
Rhourde Nouss,Marketing,Production,Field B,2025,10,11827.5,bbl,44943.85,mscf
Hassi R'Mel,Transportation,Operations,Area X,2023,2,33525.12,bbl,158508.75,mscf
Illizi,Exploration & Production,Drilling,Field B,2023,12,15150.68,bbl,48126.7,mscf
In Salah,Exploration & Production,Production,Block 2,2024,12,30636.9,bbl,54994.25,mscf
Berkine,Refining,Drilling,Block 2,2024,9,15358.55,bbl,137049.53,mscf
Adrar,Transportation,Logistics,Field A,2025,5,37720.46,bbl,186268.69,mscf
In Salah,Exploration & Production,Production,Field B,2023,6,37205.92,bbl,5604.37,mscf
In Salah,Exploration & Production,Drilling,Field B,2022,9,43300.14,bbl,21361.32,mscf
Rhourde Nouss,Refining,Production,Block 1,2022,8,30287.13,bbl,183057.26,mscf
Adrar,Marketing,Drilling,Area Y,2022,7,48470.54,bbl,136960.12,mscf
In Salah,Exploration & Production,Logistics,Block 1,2023,2,15841.67,bbl,56585.61,mscf
Adrar,Refining,Drilling,Field A,2022,1,35650.65,bbl,130877.24,mscf
Illizi,Exploration & Production,Production,Area Y,2024,8,22146.89,bbl,174500.64,mscf
Adrar,Exploration & Production,Drilling,Area X,2023,8,40851.44,bbl,148628.92,mscf
Hassi R'Mel,Transportation,Operations,Field B,2022,12,30705.86,bbl,119638.54,mscf
Hassi Messaoud,Refining,Logistics,Area X,2022,4,24530.97,bbl,53321.17,mscf
Berkine,Exploration & Production,Logistics,Field B,2023,9,11613.73,bbl,116220.2,mscf
Illizi,Exploration & Production,Drilling,Area X,2023,11,42221.92,bbl,149768.25,mscf
Rhourde Nouss,Transportation,Logistics,Field A,2023,4,47654.85,bbl,134338.39,mscf
Rhourde Nouss,Refining,Production,Area Y,2022,8,28598.66,bbl,102200.44,mscf
Hassi R'Mel,Refining,Production,Field B,2023,6,49605.98,bbl,85561.33,mscf
Illizi,Transportation,Operations,Field B,2023,3,44495.01,bbl,47074.9,mscf
Hassi Messaoud,Refining,Logistics,Area X,2023,9,36491.32,bbl,17812.05,mscf
Illizi,Marketing,Drilling,Field B,2022,10,4879.3,bbl,71524.57,mscf
Rhourde Nouss,Refining,Drilling,Block 2,2025,2,16990.7,bbl,175623.28,mscf
Adrar,Exploration & Production,Logistics,Field A,2025,4,27097.23,bbl,40462.97,mscf
Hassi R'Mel,Marketing,Logistics,Block 2,2025,8,4489.89,bbl,31501.47,mscf
Rhourde Nouss,Transportation,Drilling,Field A,2022,6,4168.54,bbl,106971.49,mscf
Adrar,Marketing,Logistics,Block 2,2024,9,1975.12,bbl,27833.83,mscf
Hassi R'Mel,Refining,Production,Block 1,2022,10,18235.66,bbl,103717.18,mscf
Hassi Messaoud,Transportation,Logistics,Field A,2023,12,8341.41,bbl,85909.6,mscf
Hassi Messaoud,Transportation,Production,Field B,2024,12,26411.83,bbl,89425.11,mscf
Rhourde Nouss,Transportation,Logistics,Field B,2022,11,39140.07,bbl,87565.67,mscf
Illizi,Transportation,Operations,Block 2,2022,11,11105.93,bbl,165858.88,mscf
Hassi R'Mel,Transportation,Operations,Field B,2023,6,33657.94,bbl,24243.06,mscf
Hassi Messaoud,Transportation,Logistics,Block 2,2022,10,34021.17,bbl,128397.89,mscf
Hassi Messaoud,Transportation,Logistics,Field B,2023,2,5422.24,bbl,16302.86,mscf
In Salah,Transportation,Drilling,Field A,2023,3,38261.64,bbl,47253.81,mscf
Rhourde Nouss,Refining,Drilling,Field A,2024,2,31590.44,bbl,161473.8,mscf
Hassi Messaoud,Refining,Drilling,Area X,2025,9,9060.47,bbl,141630.4,mscf
Adrar,Transportation,Production,Block 2,2023,4,43057.46,bbl,153594.64,mscf
Rhourde Nouss,Transportation,Operations,Area X,2022,10,31046.56,bbl,9739.11,mscf
Hassi Messaoud,Refining,Logistics,Field A,2024,1,38087.9,bbl,27572.64,mscf
Illizi,Exploration & Production,Production,Block 2,2022,7,2628.62,bbl,114795.81,mscf
Rhourde Nouss,Marketing,Logistics,Field B,2025,12,42050.75,bbl,186666.25,mscf
Illizi,Exploration & Production,Drilling,Area Y,2025,1,33364.31,bbl,143419.91,mscf
Illizi,Marketing,Operations,Field A,2024,1,31564.69,bbl,132880.59,mscf
Illizi,Transportation,Production,Area Y,2023,12,8717.92,bbl,41189.15,mscf
Rhourde Nouss,Refining,Drilling,Area Y,2025,10,9043.9,bbl,93581.51,mscf
Illizi,Transportation,Logistics,Block 2,2024,12,2993.42,bbl,48875.28,mscf
Hassi R'Mel,Exploration & Production,Drilling,Block 1,2024,1,12024.06,bbl,167288.56,mscf
Illizi,Refining,Production,Area X,2023,1,29538.69,bbl,176192.97,mscf
Adrar,Transportation,Logistics,Block 1,2023,10,29989.76,bbl,162484.41,mscf
Hassi Messaoud,Refining,Logistics,Field A,2025,9,21613.82,bbl,37196.84,mscf
Hassi Messaoud,Transportation,Production,Area X,2025,3,12886.38,bbl,120652.51,mscf
In Salah,Exploration & Production,Production,Block 2,2025,12,46289.94,bbl,16351.11,mscf
Adrar,Refining,Production,Field A,2025,4,16992.32,bbl,173945.43,mscf
Rhourde Nouss,Marketing,Drilling,Area Y,2025,7,44841.02,bbl,167164.95,mscf
Illizi,Refining,Operations,Field A,2023,2,43927.66,bbl,104079.84,mscf
Hassi Messaoud,Marketing,Production,Field B,2024,2,17383.49,bbl,197813.6,mscf
Berkine,Exploration & Production,Production,Block 1,2023,2,44022.41,bbl,198703.64,mscf
Hassi R'Mel,Transportation,Operations,Block 1,2023,9,27556.45,bbl,125144.71,mscf
Adrar,Exploration & Production,Operations,Area Y,2022,12,24181.86,bbl,176995.52,mscf
Adrar,Exploration & Production,Drilling,Field B,2023,8,27757.29,bbl,194148.48,mscf
Adrar,Marketing,Operations,Area X,2024,10,5727.35,bbl,94641.63,mscf
Rhourde Nouss,Exploration & Production,Operations,Area Y,2023,3,8451.89,bbl,132617.89,mscf
Berkine,Marketing,Operations,Area X,2023,12,25186.86,bbl,94695.4,mscf
Hassi Messaoud,Transportation,Operations,Field B,2022,10,31700.86,bbl,44308.34,mscf
In Salah,Transportation,Operations,Field B,2023,6,14700.79,bbl,80396.19,mscf
Berkine,Marketing,Drilling,Field B,2022,9,8071.71,bbl,42029.3,mscf
In Salah,Marketing,Production,Area X,2022,4,40776.78,bbl,5795.7,mscf
Hassi Messaoud,Exploration & Production,Logistics,Field A,2024,3,33201.2,bbl,181679.27,mscf
Rhourde Nouss,Marketing,Logistics,Field B,2023,11,36224.58,bbl,81418.41,mscf
In Salah,Refining,Operations,Field B,2023,10,10282.87,bbl,114494.86,mscf
In Salah,Marketing,Logistics,Field A,2022,12,17117.08,bbl,12978.78,mscf
In Salah,Marketing,Production,Block 2,2025,12,13866.64,bbl,27040.61,mscf
Hassi R'Mel,Marketing,Operations,Block 1,2023,7,43283.13,bbl,187037.36,mscf
Berkine,Refining,Production,Field B,2022,3,44565.55,bbl,77975.87,mscf
Rhourde Nouss,Transportation,Operations,Block 2,2025,8,48867.86,bbl,84052.95,mscf
Berkine,Refining,Production,Block 1,2022,1,28395.85,bbl,151184.59,mscf
Illizi,Exploration & Production,Production,Area Y,2022,12,30895.47,bbl,61560.69,mscf
Hassi R'Mel,Marketing,Drilling,Area Y,2022,5,7009.22,bbl,115992.41,mscf
Rhourde Nouss,Refining,Production,Block 2,2024,9,30300.41,bbl,54302.01,mscf
Rhourde Nouss,Transportation,Logistics,Field B,2025,6,6494.1,bbl,16052.56,mscf
Rhourde Nouss,Marketing,Logistics,Area X,2023,4,1981.19,bbl,144211.19,mscf
In Salah,Refining,Drilling,Block 1,2023,3,15353.55,bbl,157100.3,mscf
Hassi Messaoud,Transportation,Operations,Area Y,2022,1,12410.09,bbl,94878.5,mscf
Berkine,Transportation,Logistics,Area X,2024,12,46520.81,bbl,192725.29,mscf
Rhourde Nouss,Transportation,Operations,Area Y,2025,4,3679.17,bbl,106370.64,mscf
Rhourde Nouss,Exploration & Production,Production,Area X,2024,1,20549.71,bbl,163477.42,mscf
Rhourde Nouss,Exploration & Production,Production,Block 2,2025,12,12003.37,bbl,26565.13,mscf
Illizi,Refining,Production,Block 1,2024,7,2145.52,bbl,35068.26,mscf
Hassi R'Mel,Transportation,Production,Field B,2023,4,9626.38,bbl,149555.69,mscf
Berkine,Transportation,Logistics,Block 1,2022,9,13825.26,bbl,38257.43,mscf
Illizi,Exploration & Production,Drilling,Block 1,2024,5,27286.38,bbl,118235.45,mscf
Berkine,Marketing,Operations,Area X,2025,8,46663.89,bbl,166682.89,mscf
In Salah,Transportation,Logistics,Block 1,2024,6,44750.23,bbl,161501.98,mscf
In Salah,Transportation,Production,Block 1,2024,2,19107.69,bbl,18036.94,mscf
Hassi Messaoud,Exploration & Production,Logistics,Field A,2025,11,8066.23,bbl,129520.26,mscf
Berkine,Refining,Production,Field A,2025,2,32613.68,bbl,146063.98,mscf
Hassi R'Mel,Exploration & Production,Production,Block 2,2022,5,27000.67,bbl,138936.12,mscf
Hassi R'Mel,Marketing,Logistics,Area X,2024,1,15014.29,bbl,126747.38,mscf
Rhourde Nouss,Transportation,Operations,Field A,2025,12,44885.82,bbl,175505.5,mscf
Berkine,Marketing,Production,Block 2,2025,10,15761.57,bbl,57975.15,mscf
Illizi,Exploration & Production,Production,Block 1,2022,8,2160.55,bbl,164186.51,mscf
Berkine,Refining,Operations,Block 1,2023,4,36672.1,bbl,40982.51,mscf
In Salah,Transportation,Drilling,Area Y,2025,4,16637.12,bbl,157560.51,mscf
Berkine,Transportation,Drilling,Field A,2023,11,12653.7,bbl,75168.43,mscf
Rhourde Nouss,Marketing,Production,Block 2,2024,6,49354.23,bbl,185529.22,mscf
Adrar,Transportation,Drilling,Field A,2023,5,29195.82,bbl,58612.05,mscf
Hassi R'Mel,Marketing,Production,Area Y,2022,8,3140.18,bbl,162571.83,mscf
Rhourde Nouss,Marketing,Drilling,Field B,2025,5,7343.63,bbl,125715.48,mscf
Berkine,Transportation,Production,Field B,2024,9,10237.97,bbl,100273.76,mscf
Illizi,Transportation,Production,Block 1,2023,5,14755.44,bbl,196738.13,mscf
Rhourde Nouss,Exploration & Production,Drilling,Block 2,2023,3,31831.36,bbl,99014.79,mscf
Adrar,Transportation,Drilling,Field B,2022,1,40639.38,bbl,190322.57,mscf
Berkine,Exploration & Production,Drilling,Field B,2023,11,10340.32,bbl,122943.14,mscf
Rhourde Nouss,Transportation,Drilling,Block 2,2024,4,43374.34,bbl,65660.12,mscf
Adrar,Exploration & Production,Operations,Area X,2025,5,32166.25,bbl,94693.94,mscf
Hassi Messaoud,Transportation,Operations,Field A,2024,4,35216.24,bbl,66572.69,mscf
Illizi,Marketing,Production,Block 2,2022,6,35240.15,bbl,102668.4,mscf
Berkine,Exploration & Production,Production,Block 1,2024,4,11939.18,bbl,191643.07,mscf
Hassi Messaoud,Marketing,Logistics,Field A,2022,2,8237.72,bbl,62603.27,mscf
Rhourde Nouss,Transportation,Operations,Block 1,2023,9,14894.03,bbl,61913.64,mscf
Illizi,Transportation,Logistics,Block 1,2023,6,48554.6,bbl,17180.07,mscf
Berkine,Marketing,Operations,Block 1,2024,1,12177.03,bbl,78129.62,mscf
Illizi,Refining,Drilling,Area Y,2025,11,19321.12,bbl,139470.33,mscf
In Salah,Refining,Drilling,Block 1,2024,11,43102.55,bbl,197956.54,mscf
Illizi,Refining,Operations,Block 2,2024,10,34336.63,bbl,13368.06,mscf
In Salah,Marketing,Logistics,Field A,2024,11,19092.99,bbl,159558.42,mscf
In Salah,Marketing,Production,Area Y,2023,7,25648.66,bbl,178386.16,mscf
Berkine,Transportation,Production,Area X,2023,8,33363.8,bbl,76602.53,mscf
In Salah,Refining,Production,Area X,2023,5,23194.38,bbl,192148.38,mscf
Illizi,Marketing,Logistics,Field A,2025,7,7996.75,bbl,22455.75,mscf
Hassi Messaoud,Marketing,Operations,Area X,2022,10,21962.96,bbl,192816.31,mscf
Illizi,Exploration & Production,Logistics,Field B,2025,3,25339.18,bbl,54860.83,mscf
Berkine,Refining,Production,Field B,2025,10,48249.53,bbl,29227.2,mscf
Rhourde Nouss,Transportation,Production,Block 2,2025,1,38460.68,bbl,27640.11,mscf
Berkine,Exploration & Production,Operations,Field B,2023,11,28801.61,bbl,187267.23,mscf
Hassi Messaoud,Marketing,Operations,Field A,2023,11,9763.06,bbl,135498.58,mscf
In Salah,Transportation,Production,Field A,2022,8,11973.35,bbl,87292.54,mscf
Illizi,Exploration & Production,Operations,Field A,2023,1,42611.91,bbl,160442.08,mscf
Adrar,Transportation,Operations,Field A,2025,10,8781.04,bbl,63646.62,mscf
Hassi Messaoud,Exploration & Production,Production,Block 2,2024,1,2716.93,bbl,21418.99,mscf
Hassi R'Mel,Transportation,Production,Field B,2025,3,34211.04,bbl,69096.33,mscf
In Salah,Transportation,Logistics,Field A,2025,9,39154.72,bbl,48699.18,mscf
Hassi Messaoud,Marketing,Drilling,Area X,2022,9,24310.61,bbl,109985.03,mscf
Hassi Messaoud,Marketing,Operations,Field A,2023,9,23876.01,bbl,125105.38,mscf
Hassi R'Mel,Refining,Drilling,Area Y,2022,7,30227.11,bbl,191159.13,mscf
Hassi Messaoud,Exploration & Production,Operations,Area X,2025,10,19085.23,bbl,50573.13,mscf
Illizi,Marketing,Operations,Field B,2022,7,13448.05,bbl,107019.37,mscf
Illizi,Exploration & Production,Operations,Block 2,2025,4,19077.41,bbl,93223.55,mscf
Hassi R'Mel,Exploration & Production,Operations,Field A,2022,8,10281.71,bbl,32479.0,mscf
Hassi R'Mel,Refining,Production,Area X,2024,3,30105.92,bbl,39896.71,mscf
Illizi,Refining,Logistics,Field A,2025,2,30529.92,bbl,166350.9,mscf
Hassi R'Mel,Transportation,Operations,Field B,2022,1,27379.88,bbl,177738.16,mscf
Adrar,Exploration & Production,Drilling,Block 2,2025,3,32609.46,bbl,103827.89,mscf
Hassi R'Mel,Exploration & Production,Drilling,Field A,2022,9,17353.98,bbl,19692.57,mscf
Adrar,Marketing,Logistics,Block 2,2024,11,36590.76,bbl,128963.78,mscf
Rhourde Nouss,Refining,Operations,Block 1,2022,10,8434.32,bbl,141165.23,mscf
Hassi Messaoud,Marketing,Drilling,Area Y,2024,5,41076.31,bbl,120401.23,mscf
Rhourde Nouss,Marketing,Production,Block 1,2023,12,46537.38,bbl,189574.34,mscf
Hassi R'Mel,Exploration & Production,Operations,Field B,2024,4,44714.67,bbl,117681.21,mscf
Berkine,Exploration & Production,Production,Block 1,2022,3,8701.3,bbl,179087.52,mscf
Hassi R'Mel,Transportation,Drilling,Area Y,2023,8,3441.02,bbl,85677.71,mscf
In Salah,Refining,Production,Block 1,2023,5,26614.61,bbl,60590.37,mscf
Hassi Messaoud,Marketing,Production,Block 2,2025,10,36076.11,bbl,16963.05,mscf
Hassi R'Mel,Marketing,Production,Block 1,2025,2,34833.02,bbl,55698.63,mscf
Illizi,Refining,Production,Area Y,2024,4,45950.59,bbl,47566.3,mscf
Illizi,Marketing,Logistics,Block 2,2024,10,47439.3,bbl,129799.29,mscf
Hassi Messaoud,Marketing,Logistics,Field A,2025,11,12731.08,bbl,186651.53,mscf
Hassi R'Mel,Refining,Operations,Area Y,2025,10,1007.01,bbl,119143.68,mscf
Hassi R'Mel,Refining,Drilling,Block 1,2023,10,30926.97,bbl,126490.96,mscf
Berkine,Marketing,Logistics,Area Y,2022,9,49293.86,bbl,182353.51,mscf
In Salah,Marketing,Production,Area Y,2022,1,16689.86,bbl,109131.02,mscf
Adrar,Exploration & Production,Operations,Field A,2023,11,21969.64,bbl,132784.01,mscf
Hassi R'Mel,Exploration & Production,Operations,Area X,2022,5,44087.89,bbl,144584.1,mscf
Berkine,Transportation,Production,Block 1,2022,3,8846.16,bbl,149859.1,mscf
Berkine,Marketing,Drilling,Block 1,2024,5,27770.06,bbl,42491.73,mscf
In Salah,Exploration & Production,Operations,Area X,2023,1,9910.28,bbl,77145.96,mscf
Illizi,Exploration & Production,Production,Area X,2022,1,20933.6,bbl,95142.69,mscf
Rhourde Nouss,Refining,Production,Field B,2023,3,5242.73,bbl,154992.49,mscf
In Salah,Marketing,Operations,Field A,2022,8,40977.28,bbl,106395.05,mscf
Hassi R'Mel,Transportation,Drilling,Field A,2023,5,7595.23,bbl,141358.78,mscf
Illizi,Exploration & Production,Drilling,Area X,2023,5,49766.76,bbl,65350.08,mscf
Hassi Messaoud,Refining,Production,Field B,2025,3,5931.76,bbl,61925.19,mscf
Illizi,Transportation,Logistics,Field B,2023,12,33549.27,bbl,37191.54,mscf
Rhourde Nouss,Refining,Logistics,Block 2,2023,1,12309.55,bbl,142177.0,mscf
Rhourde Nouss,Marketing,Operations,Area X,2022,5,29836.28,bbl,119438.12,mscf
Rhourde Nouss,Transportation,Drilling,Block 1,2023,3,28662.69,bbl,96257.86,mscf
Rhourde Nouss,Exploration & Production,Drilling,Field B,2024,2,18058.72,bbl,55354.74,mscf
Rhourde Nouss,Refining,Drilling,Area X,2022,1,41606.35,bbl,69685.55,mscf
Adrar,Marketing,Logistics,Area Y,2023,12,22323.68,bbl,145902.69,mscf
Hassi Messaoud,Exploration & Production,Drilling,Block 2,2022,3,6350.06,bbl,53407.79,mscf
Rhourde Nouss,Transportation,Production,Area Y,2023,8,49369.55,bbl,181264.55,mscf
Hassi R'Mel,Exploration & Production,Logistics,Field A,2025,5,46587.93,bbl,191654.31,mscf
Adrar,Exploration & Production,Operations,Area Y,2024,11,39184.8,bbl,167962.74,mscf
Hassi Messaoud,Exploration & Production,Logistics,Area X,2024,6,48245.59,bbl,146728.3,mscf
Illizi,Transportation,Drilling,Field B,2022,2,5307.41,bbl,116398.87,mscf
Hassi Messaoud,Refining,Drilling,Area X,2025,9,29950.64,bbl,69736.71,mscf
Berkine,Refining,Logistics,Field B,2023,1,46256.98,bbl,171136.27,mscf
In Salah,Refining,Operations,Block 1,2025,4,15714.96,bbl,39009.25,mscf
Illizi,Transportation,Logistics,Block 2,2023,2,45386.74,bbl,190330.47,mscf
Rhourde Nouss,Transportation,Operations,Area Y,2022,10,9829.7,bbl,32090.84,mscf
Rhourde Nouss,Refining,Drilling,Block 1,2022,7,37755.17,bbl,138193.97,mscf
Rhourde Nouss,Marketing,Production,Block 1,2022,11,17398.84,bbl,183710.45,mscf
Hassi Messaoud,Exploration & Production,Production,Block 1,2022,4,12106.59,bbl,51623.1,mscf
In Salah,Transportation,Logistics,Block 1,2022,8,1372.23,bbl,83799.84,mscf
In Salah,Refining,Production,Area X,2024,3,25569.09,bbl,67895.62,mscf
Berkine,Exploration & Production,Drilling,Field A,2022,2,32185.09,bbl,187383.39,mscf
Illizi,Exploration & Production,Logistics,Block 2,2022,6,31591.07,bbl,190754.3,mscf
In Salah,Exploration & Production,Production,Block 1,2025,2,31223.89,bbl,143721.57,mscf
Adrar,Transportation,Operations,Field A,2024,12,18325.13,bbl,139613.28,mscf
In Salah,Transportation,Operations,Block 2,2024,3,48570.65,bbl,153517.92,mscf
Hassi R'Mel,Marketing,Production,Block 2,2025,9,8718.14,bbl,31631.15,mscf
Illizi,Refining,Drilling,Block 2,2022,5,39297.52,bbl,87731.23,mscf
In Salah,Marketing,Production,Field B,2024,6,7374.75,bbl,141273.51,mscf
Adrar,Exploration & Production,Operations,Field A,2025,9,6038.69,bbl,15959.65,mscf
Adrar,Transportation,Drilling,Field B,2025,3,35215.24,bbl,164908.89,mscf
In Salah,Exploration & Production,Logistics,Block 2,2023,5,1617.31,bbl,163059.55,mscf
Rhourde Nouss,Refining,Operations,Block 1,2022,10,19159.14,bbl,102152.61,mscf
Illizi,Refining,Production,Field B,2024,2,29415.51,bbl,124817.95,mscf
Rhourde Nouss,Transportation,Logistics,Area Y,2023,2,8384.77,bbl,31852.04,mscf
Berkine,Marketing,Drilling,Block 1,2024,1,48763.49,bbl,135392.89,mscf
Hassi Messaoud,Transportation,Drilling,Field B,2022,6,5446.01,bbl,65067.82,mscf
In Salah,Transportation,Logistics,Area Y,2024,10,35243.82,bbl,86823.75,mscf
Adrar,Refining,Operations,Block 1,2023,8,36338.82,bbl,90968.27,mscf
Adrar,Refining,Operations,Area X,2023,3,46414.73,bbl,134037.14,mscf
Berkine,Refining,Drilling,Area Y,2023,8,20670.14,bbl,115118.6,mscf
Illizi,Marketing,Drilling,Area Y,2025,11,35416.41,bbl,176834.96,mscf
In Salah,Transportation,Operations,Area Y,2025,5,10203.15,bbl,91776.11,mscf
Illizi,Marketing,Production,Area X,2023,6,21971.37,bbl,124966.2,mscf
Hassi Messaoud,Exploration & Production,Logistics,Area X,2022,1,2041.75,bbl,62396.93,mscf
Berkine,Marketing,Operations,Field B,2024,1,38345.05,bbl,87727.23,mscf
Hassi R'Mel,Refining,Logistics,Block 1,2023,11,19488.37,bbl,172500.3,mscf
In Salah,Refining,Operations,Area Y,2023,6,23675.66,bbl,145840.11,mscf
Hassi R'Mel,Marketing,Operations,Field A,2024,1,37878.28,bbl,147412.0,mscf
Rhourde Nouss,Refining,Drilling,Block 2,2024,2,42379.27,bbl,135539.23,mscf
Berkine,Refining,Drilling,Block 2,2025,7,16221.43,bbl,181781.13,mscf
Adrar,Refining,Drilling,Area Y,2022,2,30457.61,bbl,156313.72,mscf
Hassi Messaoud,Marketing,Operations,Area X,2022,1,10949.6,bbl,110582.25,mscf
Hassi R'Mel,Refining,Logistics,Field B,2022,8,13978.6,bbl,170818.28,mscf
Hassi R'Mel,Transportation,Logistics,Area Y,2024,5,26681.61,bbl,173063.45,mscf
Berkine,Exploration & Production,Drilling,Field B,2025,3,13656.93,bbl,147870.75,mscf
In Salah,Exploration & Production,Drilling,Area Y,2024,6,13979.59,bbl,155363.81,mscf
Rhourde Nouss,Exploration & Production,Drilling,Block 2,2023,2,22285.91,bbl,131446.28,mscf
Hassi R'Mel,Marketing,Operations,Area X,2024,8,36236.53,bbl,93796.91,mscf
Berkine,Refining,Drilling,Field A,2025,8,35845.97,bbl,179848.48,mscf
In Salah,Transportation,Production,Block 2,2022,6,22449.77,bbl,145047.46,mscf
Hassi R'Mel,Refining,Logistics,Area X,2025,4,3720.15,bbl,187429.45,mscf
Hassi Messaoud,Exploration & Production,Logistics,Field A,2022,7,11999.5,bbl,127448.21,mscf
Rhourde Nouss,Refining,Drilling,Area Y,2022,10,8075.32,bbl,9183.13,mscf
In Salah,Transportation,Production,Field A,2025,2,8158.97,bbl,173046.52,mscf
Adrar,Refining,Drilling,Field B,2025,12,12736.84,bbl,101516.91,mscf
Adrar,Exploration & Production,Drilling,Field B,2025,4,1170.45,bbl,53897.38,mscf
Illizi,Refining,Operations,Block 1,2022,3,25748.75,bbl,165163.75,mscf
Rhourde Nouss,Marketing,Production,Area Y,2024,6,45817.11,bbl,105024.93,mscf
Illizi,Transportation,Drilling,Field A,2025,6,32562.86,bbl,126326.12,mscf
In Salah,Exploration & Production,Drilling,Field A,2023,12,43025.95,bbl,129074.98,mscf
Hassi Messaoud,Exploration & Production,Drilling,Field A,2025,2,12811.31,bbl,187575.62,mscf
In Salah,Marketing,Operations,Block 2,2024,9,33778.61,bbl,185946.51,mscf
Adrar,Transportation,Drilling,Block 2,2023,2,15736.11,bbl,178564.59,mscf
Illizi,Exploration & Production,Logistics,Field B,2023,3,21638.78,bbl,187737.58,mscf
Hassi Messaoud,Refining,Drilling,Area Y,2022,3,19149.05,bbl,59394.27,mscf
Rhourde Nouss,Marketing,Logistics,Area X,2023,8,48969.41,bbl,38798.53,mscf
Illizi,Refining,Operations,Field A,2022,10,16049.94,bbl,85083.48,mscf
Hassi R'Mel,Transportation,Logistics,Block 2,2024,9,2218.89,bbl,133300.05,mscf
Rhourde Nouss,Exploration & Production,Operations,Field A,2024,12,10402.86,bbl,82221.44,mscf
Adrar,Refining,Operations,Field A,2022,2,10643.73,bbl,148161.1,mscf
Berkine,Exploration & Production,Logistics,Block 2,2025,8,6896.58,bbl,103693.38,mscf
In Salah,Exploration & Production,Drilling,Block 2,2025,6,9941.01,bbl,192581.51,mscf
Hassi R'Mel,Refining,Operations,Block 1,2023,12,4216.21,bbl,198333.29,mscf
Adrar,Refining,Drilling,Field B,2023,4,35542.78,bbl,87043.5,mscf
Adrar,Transportation,Operations,Field B,2022,3,31397.06,bbl,43798.42,mscf
Berkine,Marketing,Operations,Area Y,2024,4,45299.52,bbl,151803.92,mscf
Hassi Messaoud,Transportation,Drilling,Block 2,2023,5,12078.11,bbl,191017.42,mscf
Hassi R'Mel,Transportation,Operations,Field B,2022,1,32254.15,bbl,193614.27,mscf
In Salah,Marketing,Production,Area X,2024,12,38538.3,bbl,101832.0,mscf
Rhourde Nouss,Transportation,Operations,Area Y,2023,6,31710.89,bbl,12671.68,mscf
Adrar,Marketing,Drilling,Area X,2023,7,22323.88,bbl,194090.73,mscf
Hassi R'Mel,Refining,Logistics,Field B,2024,10,45641.05,bbl,49596.64,mscf
Hassi Messaoud,Marketing,Production,Field B,2024,1,42474.17,bbl,49476.35,mscf
In Salah,Transportation,Logistics,Field B,2025,9,1429.18,bbl,36228.28,mscf
Berkine,Marketing,Operations,Field A,2025,12,17552.43,bbl,95058.87,mscf
In Salah,Marketing,Drilling,Area Y,2025,9,14270.48,bbl,142018.99,mscf
In Salah,Refining,Production,Area X,2023,8,48566.07,bbl,183799.62,mscf
Berkine,Transportation,Logistics,Field B,2024,9,7077.09,bbl,43675.2,mscf
Adrar,Transportation,Drilling,Block 1,2025,2,32516.53,bbl,40150.47,mscf
Hassi Messaoud,Transportation,Drilling,Field A,2025,7,29201.43,bbl,175540.86,mscf
In Salah,Refining,Production,Area Y,2022,5,47984.61,bbl,169374.1,mscf
Adrar,Exploration & Production,Logistics,Field A,2022,10,11394.78,bbl,67464.75,mscf
Illizi,Marketing,Operations,Block 2,2025,12,1484.35,bbl,155053.56,mscf
Berkine,Marketing,Drilling,Block 2,2023,1,11339.65,bbl,89428.51,mscf
Rhourde Nouss,Transportation,Operations,Area Y,2022,5,3539.35,bbl,178348.06,mscf
Berkine,Transportation,Operations,Area X,2024,11,8997.39,bbl,81101.35,mscf
Illizi,Transportation,Operations,Area Y,2025,11,32449.73,bbl,55754.72,mscf
Illizi,Refining,Drilling,Field A,2024,12,3285.58,bbl,12896.34,mscf
Hassi R'Mel,Refining,Logistics,Block 1,2023,5,10131.06,bbl,28918.37,mscf
In Salah,Transportation,Drilling,Block 2,2024,4,3795.45,bbl,58037.84,mscf
Berkine,Exploration & Production,Drilling,Field A,2023,6,11044.83,bbl,189210.49,mscf
Hassi R'Mel,Marketing,Operations,Field B,2023,3,30457.59,bbl,138087.27,mscf
Hassi Messaoud,Refining,Operations,Field A,2023,10,11921.81,bbl,103443.53,mscf
Rhourde Nouss,Refining,Operations,Area X,2022,6,43270.98,bbl,119705.16,mscf
Hassi R'Mel,Exploration & Production,Operations,Field A,2022,4,41729.5,bbl,61221.51,mscf
Adrar,Exploration & Production,Operations,Area Y,2025,2,40502.03,bbl,18013.45,mscf
Berkine,Exploration & Production,Operations,Block 2,2022,6,40133.14,bbl,186058.06,mscf
Berkine,Transportation,Logistics,Field A,2025,1,39553.07,bbl,175164.4,mscf
Rhourde Nouss,Marketing,Drilling,Block 2,2022,5,3508.71,bbl,116711.83,mscf
Hassi R'Mel,Exploration & Production,Drilling,Block 2,2024,10,6559.24,bbl,11589.54,mscf
Berkine,Marketing,Drilling,Area Y,2024,9,10730.86,bbl,124796.38,mscf
In Salah,Refining,Drilling,Area X,2022,10,24820.4,bbl,82525.38,mscf
Adrar,Marketing,Operations,Block 2,2023,11,24190.52,bbl,149454.01,mscf
Berkine,Transportation,Operations,Area Y,2025,12,36358.82,bbl,43468.34,mscf
Berkine,Transportation,Production,Block 2,2024,6,48988.41,bbl,75230.51,mscf
In Salah,Exploration & Production,Drilling,Field A,2023,6,49887.75,bbl,169584.69,mscf
Hassi Messaoud,Transportation,Production,Block 1,2023,3,46096.13,bbl,144907.01,mscf
Hassi Messaoud,Transportation,Production,Area Y,2022,9,8087.81,bbl,37001.72,mscf
Rhourde Nouss,Marketing,Logistics,Block 1,2025,9,22057.18,bbl,56400.36,mscf
Adrar,Refining,Drilling,Field B,2025,2,4218.55,bbl,45364.28,mscf
Adrar,Marketing,Drilling,Area X,2025,3,43215.59,bbl,68358.92,mscf
Berkine,Exploration & Production,Logistics,Field A,2025,11,16846.64,bbl,143659.75,mscf
Hassi Messaoud,Transportation,Operations,Area X,2023,4,33581.88,bbl,127619.55,mscf
Adrar,Refining,Drilling,Field B,2024,10,27719.51,bbl,78358.3,mscf
Hassi Messaoud,Marketing,Production,Area X,2022,4,1178.28,bbl,8304.72,mscf
Berkine,Exploration & Production,Drilling,Block 1,2022,6,10826.69,bbl,87509.81,mscf
Illizi,Transportation,Operations,Field B,2022,7,20429.17,bbl,156418.25,mscf
In Salah,Marketing,Production,Area Y,2025,12,37218.16,bbl,16286.04,mscf
Adrar,Marketing,Drilling,Block 2,2025,3,33968.88,bbl,42978.72,mscf
Illizi,Refining,Drilling,Block 2,2022,1,41192.76,bbl,79444.61,mscf
Hassi Messaoud,Marketing,Production,Field B,2023,2,44760.23,bbl,145636.15,mscf
Adrar,Refining,Logistics,Area X,2024,11,42378.03,bbl,91841.5,mscf
Rhourde Nouss,Exploration & Production,Logistics,Area Y,2025,3,32349.17,bbl,36923.97,mscf
In Salah,Marketing,Production,Field A,2023,12,22603.17,bbl,113063.96,mscf
In Salah,Transportation,Production,Block 1,2022,10,19819.86,bbl,24655.32,mscf
Rhourde Nouss,Refining,Operations,Area X,2023,7,18617.85,bbl,149713.81,mscf
Rhourde Nouss,Refining,Production,Area Y,2025,9,40889.5,bbl,189212.8,mscf
Hassi Messaoud,Transportation,Operations,Area X,2023,5,22315.39,bbl,118025.23,mscf
In Salah,Marketing,Logistics,Field A,2025,9,30331.62,bbl,82874.1,mscf
Illizi,Marketing,Drilling,Area X,2025,3,36418.6,bbl,75740.89,mscf
Adrar,Refining,Production,Area Y,2025,11,47264.93,bbl,127855.19,mscf
Hassi R'Mel,Marketing,Logistics,Area Y,2023,2,36988.32,bbl,49223.79,mscf
Hassi R'Mel,Transportation,Drilling,Block 2,2025,4,11035.07,bbl,65229.03,mscf
Berkine,Exploration & Production,Operations,Block 2,2025,5,30292.0,bbl,112447.81,mscf
Berkine,Refining,Drilling,Area X,2025,11,4318.27,bbl,42964.67,mscf
Rhourde Nouss,Exploration & Production,Drilling,Block 2,2025,8,33194.0,bbl,46142.29,mscf
Berkine,Marketing,Logistics,Block 1,2024,1,36336.11,bbl,116249.3,mscf
Illizi,Exploration & Production,Logistics,Block 2,2023,1,13840.15,bbl,120066.09,mscf
Illizi,Marketing,Logistics,Block 2,2025,1,17482.0,bbl,77724.77,mscf
Berkine,Exploration & Production,Production,Block 2,2022,10,31814.4,bbl,18604.27,mscf
In Salah,Transportation,Operations,Field A,2022,10,44902.64,bbl,11707.55,mscf
Hassi Messaoud,Transportation,Production,Block 2,2023,2,27094.71,bbl,17336.81,mscf
Hassi R'Mel,Transportation,Production,Block 1,2023,12,45582.15,bbl,27403.06,mscf
Illizi,Exploration & Production,Production,Area Y,2022,1,19684.47,bbl,64637.08,mscf
Illizi,Refining,Production,Block 1,2025,10,31094.73,bbl,85643.53,mscf
Adrar,Exploration & Production,Operations,Field B,2023,4,13955.53,bbl,28405.09,mscf
In Salah,Refining,Logistics,Area X,2023,8,31304.61,bbl,69106.14,mscf
Adrar,Marketing,Operations,Field B,2024,8,48068.2,bbl,119530.31,mscf
Hassi R'Mel,Exploration & Production,Production,Block 2,2023,10,33287.89,bbl,81836.57,mscf
Hassi Messaoud,Refining,Operations,Field B,2025,8,19382.21,bbl,183901.41,mscf
Hassi R'Mel,Transportation,Drilling,Block 1,2022,4,24048.48,bbl,43820.81,mscf
Adrar,Refining,Operations,Area X,2024,1,2313.37,bbl,6201.18,mscf
Berkine,Marketing,Logistics,Block 1,2022,6,48136.56,bbl,160169.51,mscf
Berkine,Transportation,Operations,Field B,2023,1,4892.49,bbl,26581.18,mscf
Berkine,Transportation,Operations,Block 2,2024,12,28711.08,bbl,61584.42,mscf
Hassi R'Mel,Transportation,Logistics,Block 1,2022,2,11642.56,bbl,123627.93,mscf
Illizi,Exploration & Production,Production,Block 2,2023,3,19758.56,bbl,164187.59,mscf
Adrar,Refining,Production,Block 2,2024,3,33320.87,bbl,73249.71,mscf
Berkine,Marketing,Drilling,Area X,2025,7,1340.43,bbl,149512.38,mscf
Hassi R'Mel,Transportation,Production,Field B,2024,3,23802.89,bbl,194564.53,mscf
Berkine,Refining,Operations,Area Y,2024,5,37948.01,bbl,156373.36,mscf
Hassi Messaoud,Exploration & Production,Operations,Block 1,2023,1,46798.03,bbl,69511.52,mscf
Rhourde Nouss,Transportation,Drilling,Area X,2025,8,3625.96,bbl,182317.56,mscf
Hassi Messaoud,Marketing,Logistics,Block 2,2024,11,36548.58,bbl,128766.32,mscf
Hassi R'Mel,Exploration & Production,Production,Block 1,2024,5,3266.97,bbl,14380.45,mscf
Hassi Messaoud,Marketing,Production,Area Y,2024,2,44123.21,bbl,13630.35,mscf
Illizi,Exploration & Production,Production,Field B,2023,6,15045.84,bbl,33933.01,mscf
Rhourde Nouss,Exploration & Production,Drilling,Field A,2023,8,24884.52,bbl,61544.91,mscf
In Salah,Refining,Operations,Block 1,2025,11,48977.47,bbl,76722.61,mscf
In Salah,Exploration & Production,Drilling,Area X,2023,12,28221.44,bbl,175072.1,mscf
Hassi R'Mel,Exploration & Production,Production,Field A,2024,5,32819.6,bbl,112634.96,mscf
Hassi Messaoud,Refining,Logistics,Block 1,2023,5,5051.16,bbl,194020.23,mscf
Hassi Messaoud,Refining,Drilling,Block 2,2022,5,46770.5,bbl,176439.34,mscf
Hassi R'Mel,Refining,Operations,Field A,2025,10,48845.81,bbl,170116.32,mscf
Hassi Messaoud,Exploration & Production,Drilling,Block 2,2025,2,25384.36,bbl,185187.45,mscf
Berkine,Marketing,Drilling,Block 1,2025,1,26731.24,bbl,98378.13,mscf
Hassi Messaoud,Marketing,Drilling,Area Y,2023,12,19032.96,bbl,9952.39,mscf
Hassi Messaoud,Exploration & Production,Logistics,Field B,2022,5,39905.93,bbl,125289.91,mscf
In Salah,Transportation,Operations,Block 2,2023,11,19903.88,bbl,93922.35,mscf
Hassi R'Mel,Transportation,Production,Field A,2024,5,49045.86,bbl,164193.31,mscf
Illizi,Refining,Drilling,Field A,2022,7,28590.11,bbl,19504.14,mscf
In Salah,Marketing,Operations,Block 1,2023,2,44011.91,bbl,31828.46,mscf
In Salah,Refining,Logistics,Block 2,2023,9,5548.44,bbl,13152.58,mscf
Illizi,Refining,Operations,Area Y,2024,11,49395.72,bbl,91832.69,mscf
Illizi,Exploration & Production,Logistics,Block 1,2024,12,34558.28,bbl,37643.42,mscf
Berkine,Exploration & Production,Drilling,Field B,2024,2,46454.52,bbl,88868.16,mscf
Illizi,Transportation,Logistics,Block 1,2024,11,40397.79,bbl,179951.86,mscf
In Salah,Refining,Operations,Area Y,2024,1,31976.05,bbl,112200.06,mscf
In Salah,Marketing,Production,Field B,2022,2,37434.33,bbl,43854.64,mscf
Rhourde Nouss,Marketing,Operations,Field B,2024,9,28242.46,bbl,136544.23,mscf
In Salah,Marketing,Operations,Block 2,2025,9,32848.01,bbl,7246.87,mscf
Illizi,Transportation,Logistics,Block 2,2023,10,32092.21,bbl,85436.16,mscf
Illizi,Transportation,Operations,Field B,2022,4,5764.76,bbl,103148.75,mscf
In Salah,Exploration & Production,Operations,Area X,2025,8,49616.68,bbl,80889.33,mscf
Hassi R'Mel,Transportation,Logistics,Field B,2023,3,10537.1,bbl,162239.99,mscf
Hassi Messaoud,Marketing,Production,Block 2,2022,2,9025.05,bbl,167903.4,mscf
Illizi,Exploration & Production,Logistics,Field A,2023,8,9580.35,bbl,149187.22,mscf
Adrar,Exploration & Production,Drilling,Field A,2024,12,39303.63,bbl,108373.24,mscf
In Salah,Transportation,Operations,Field B,2025,4,9809.47,bbl,53308.13,mscf
Hassi R'Mel,Exploration & Production,Production,Area X,2025,12,32435.26,bbl,48236.77,mscf
In Salah,Refining,Drilling,Block 1,2024,4,21022.17,bbl,5847.49,mscf
Illizi,Transportation,Logistics,Field A,2025,8,22455.33,bbl,78151.53,mscf
Adrar,Exploration & Production,Production,Block 2,2024,11,18408.25,bbl,98993.67,mscf
Berkine,Transportation,Drilling,Block 2,2022,4,16801.78,bbl,105372.72,mscf
Rhourde Nouss,Marketing,Drilling,Block 2,2025,1,5949.89,bbl,79002.49,mscf
Hassi R'Mel,Marketing,Logistics,Area Y,2023,7,11938.5,bbl,120210.67,mscf
Berkine,Refining,Operations,Field B,2024,12,23918.65,bbl,75471.68,mscf
Hassi Messaoud,Refining,Drilling,Field B,2024,10,43268.08,bbl,166773.85,mscf
Hassi R'Mel,Transportation,Logistics,Area X,2022,8,22014.66,bbl,162154.76,mscf
Hassi Messaoud,Exploration & Production,Operations,Block 1,2025,2,24002.6,bbl,166485.47,mscf
Hassi Messaoud,Exploration & Production,Logistics,Block 2,2023,1,45872.81,bbl,77555.64,mscf
Illizi,Transportation,Logistics,Block 2,2025,8,10423.81,bbl,12261.6,mscf
In Salah,Refining,Production,Area Y,2023,10,28646.9,bbl,184118.4,mscf
Adrar,Refining,Operations,Field B,2024,3,45992.4,bbl,87089.3,mscf
Illizi,Marketing,Operations,Block 1,2024,7,20640.14,bbl,89308.81,mscf
In Salah,Exploration & Production,Production,Field B,2025,2,20720.75,bbl,98735.04,mscf
In Salah,Marketing,Production,Block 1,2024,12,26167.32,bbl,145034.74,mscf
Berkine,Refining,Production,Field A,2024,7,6363.77,bbl,153040.34,mscf
Rhourde Nouss,Marketing,Production,Field A,2022,7,46775.62,bbl,43941.38,mscf
Hassi Messaoud,Refining,Production,Field A,2024,2,43765.2,bbl,95053.87,mscf
Berkine,Refining,Operations,Block 2,2025,6,34190.34,bbl,161859.47,mscf
Hassi Messaoud,Transportation,Operations,Area X,2023,7,49282.12,bbl,110900.16,mscf
Rhourde Nouss,Refining,Production,Block 1,2023,2,28690.71,bbl,20057.5,mscf
In Salah,Marketing,Logistics,Area Y,2024,5,6389.26,bbl,83054.16,mscf
Berkine,Transportation,Operations,Area X,2024,5,42922.88,bbl,169192.22,mscf
Berkine,Transportation,Drilling,Block 2,2022,5,19457.43,bbl,171851.78,mscf
Berkine,Exploration & Production,Production,Block 2,2022,10,3116.58,bbl,54816.36,mscf
Illizi,Marketing,Drilling,Block 1,2025,7,35500.7,bbl,192668.48,mscf
Adrar,Marketing,Operations,Area Y,2024,6,13824.67,bbl,54354.28,mscf
Illizi,Transportation,Logistics,Area X,2022,12,16413.4,bbl,33872.16,mscf
In Salah,Refining,Logistics,Area X,2024,10,43259.47,bbl,84565.27,mscf
Hassi Messaoud,Transportation,Drilling,Area Y,2022,5,41332.02,bbl,99050.63,mscf
Hassi R'Mel,Transportation,Production,Block 1,2022,8,5010.42,bbl,31975.65,mscf
Hassi R'Mel,Marketing,Production,Field A,2023,11,4604.32,bbl,10961.63,mscf
In Salah,Marketing,Drilling,Area Y,2024,9,46702.22,bbl,196580.94,mscf
Hassi R'Mel,Marketing,Production,Area X,2023,3,2978.73,bbl,11170.89,mscf
Berkine,Exploration & Production,Logistics,Block 2,2022,1,23320.49,bbl,158388.41,mscf
In Salah,Exploration & Production,Production,Area X,2024,11,7834.82,bbl,23492.25,mscf
Hassi Messaoud,Transportation,Drilling,Area X,2023,3,24459.66,bbl,178845.38,mscf
Adrar,Exploration & Production,Production,Area Y,2022,6,28228.07,bbl,132082.07,mscf
In Salah,Exploration & Production,Production,Area X,2025,3,10196.62,bbl,190905.12,mscf
Hassi Messaoud,Refining,Production,Area Y,2025,1,43322.06,bbl,110091.15,mscf
Rhourde Nouss,Refining,Production,Field A,2025,2,45694.89,bbl,128530.66,mscf
Hassi R'Mel,Transportation,Logistics,Area X,2023,4,47741.48,bbl,42329.68,mscf
In Salah,Marketing,Logistics,Area X,2025,8,5897.73,bbl,144945.1,mscf
Rhourde Nouss,Transportation,Operations,Field A,2023,10,10742.34,bbl,68605.44,mscf
Berkine,Marketing,Production,Field A,2024,1,35631.23,bbl,192902.13,mscf
Hassi Messaoud,Marketing,Drilling,Area X,2025,6,4522.19,bbl,106964.62,mscf
Hassi R'Mel,Marketing,Operations,Field A,2023,10,44580.83,bbl,140009.99,mscf
Adrar,Refining,Logistics,Block 2,2024,2,24412.72,bbl,89470.76,mscf
Adrar,Exploration & Production,Drilling,Field B,2023,1,5445.33,bbl,116105.8,mscf
Adrar,Marketing,Logistics,Area Y,2025,11,47281.32,bbl,47087.63,mscf
Adrar,Transportation,Drilling,Area X,2024,12,42544.22,bbl,145439.78,mscf
Hassi R'Mel,Transportation,Drilling,Block 1,2023,9,20180.77,bbl,13420.84,mscf
Rhourde Nouss,Exploration & Production,Production,Block 2,2022,5,6949.64,bbl,199405.9,mscf
In Salah,Exploration & Production,Logistics,Area X,2023,1,4291.39,bbl,85113.2,mscf
Rhourde Nouss,Exploration & Production,Logistics,Area X,2024,4,25795.3,bbl,24179.52,mscf
In Salah,Refining,Production,Area Y,2023,6,29265.35,bbl,21831.73,mscf
In Salah,Marketing,Logistics,Field B,2023,10,16183.62,bbl,149559.52,mscf
Rhourde Nouss,Marketing,Production,Block 2,2025,6,48866.64,bbl,62717.81,mscf
Adrar,Transportation,Production,Block 2,2024,5,26136.98,bbl,140907.17,mscf
Adrar,Marketing,Operations,Field A,2023,2,12651.24,bbl,15839.8,mscf
Hassi R'Mel,Exploration & Production,Operations,Area Y,2025,4,5357.37,bbl,160521.46,mscf
Rhourde Nouss,Transportation,Logistics,Field A,2023,12,5766.72,bbl,28692.43,mscf
In Salah,Exploration & Production,Logistics,Field B,2024,11,46029.72,bbl,129000.32,mscf
Adrar,Refining,Drilling,Area X,2024,1,49098.07,bbl,38742.38,mscf
In Salah,Refining,Drilling,Field B,2022,9,34692.47,bbl,97666.34,mscf
Berkine,Transportation,Drilling,Block 2,2023,9,40666.89,bbl,183319.93,mscf
Adrar,Marketing,Operations,Area Y,2025,6,21654.24,bbl,178635.59,mscf
Hassi Messaoud,Marketing,Logistics,Block 1,2022,11,33158.32,bbl,176077.33,mscf
Illizi,Refining,Production,Block 1,2022,4,48604.62,bbl,131688.09,mscf
In Salah,Exploration & Production,Production,Block 2,2025,4,6699.61,bbl,10197.25,mscf
In Salah,Transportation,Drilling,Block 2,2023,2,15422.52,bbl,83169.68,mscf
Adrar,Marketing,Production,Block 2,2025,11,4993.79,bbl,36002.28,mscf
Rhourde Nouss,Marketing,Drilling,Field B,2024,4,3083.04,bbl,9597.06,mscf
Adrar,Refining,Logistics,Field A,2023,9,35262.29,bbl,181450.05,mscf
Rhourde Nouss,Marketing,Drilling,Block 2,2022,8,12208.76,bbl,199187.64,mscf
Adrar,Transportation,Drilling,Block 1,2024,11,14047.34,bbl,72769.76,mscf
Adrar,Transportation,Operations,Block 2,2023,8,11525.75,bbl,107529.97,mscf
In Salah,Marketing,Logistics,Field A,2022,5,15580.63,bbl,146995.06,mscf
Berkine,Exploration & Production,Operations,Block 2,2024,4,44075.21,bbl,174527.87,mscf
Illizi,Refining,Drilling,Area X,2022,5,33648.24,bbl,49204.43,mscf
Rhourde Nouss,Transportation,Production,Block 1,2023,12,14773.74,bbl,11298.85,mscf
Hassi Messaoud,Transportation,Drilling,Block 1,2024,12,5083.2,bbl,108828.56,mscf
Adrar,Refining,Logistics,Field A,2025,2,19149.4,bbl,131045.74,mscf
Hassi R'Mel,Refining,Production,Block 1,2025,2,48841.28,bbl,148469.89,mscf
Hassi R'Mel,Exploration & Production,Operations,Field A,2024,11,39244.06,bbl,189863.57,mscf
Adrar,Transportation,Operations,Field A,2024,11,5753.82,bbl,138753.33,mscf
Hassi R'Mel,Marketing,Operations,Block 1,2022,6,1471.81,bbl,178436.2,mscf
Illizi,Transportation,Operations,Field A,2022,2,12700.01,bbl,186966.98,mscf
Hassi Messaoud,Refining,Logistics,Field A,2023,3,27915.28,bbl,146909.81,mscf
Adrar,Exploration & Production,Logistics,Block 1,2023,7,14734.15,bbl,109919.24,mscf
Illizi,Exploration & Production,Drilling,Area X,2025,9,39227.53,bbl,129848.64,mscf
Rhourde Nouss,Refining,Logistics,Field B,2024,10,47495.33,bbl,39337.03,mscf
Hassi R'Mel,Exploration & Production,Operations,Area X,2025,3,48879.59,bbl,64678.7,mscf
Hassi R'Mel,Transportation,Production,Block 1,2024,12,38203.46,bbl,64186.73,mscf
In Salah,Transportation,Production,Area Y,2023,12,34654.52,bbl,100043.37,mscf
Hassi Messaoud,Refining,Drilling,Area Y,2022,3,18566.62,bbl,8574.4,mscf
Hassi R'Mel,Marketing,Production,Field B,2023,12,11655.66,bbl,158608.04,mscf
Berkine,Marketing,Logistics,Area Y,2023,9,35003.05,bbl,121468.42,mscf
In Salah,Marketing,Drilling,Block 1,2023,3,35958.22,bbl,88686.31,mscf
Hassi Messaoud,Refining,Drilling,Block 1,2024,11,37361.55,bbl,73600.27,mscf
In Salah,Marketing,Operations,Area X,2022,12,6605.7,bbl,196800.11,mscf
Rhourde Nouss,Exploration & Production,Logistics,Field A,2023,5,29561.34,bbl,119709.05,mscf
Hassi R'Mel,Exploration & Production,Drilling,Field B,2023,2,19047.96,bbl,122616.52,mscf
Rhourde Nouss,Exploration & Production,Operations,Area X,2023,4,48760.85,bbl,78843.57,mscf
Illizi,Transportation,Operations,Block 2,2022,9,42248.78,bbl,5560.78,mscf
Rhourde Nouss,Transportation,Drilling,Block 2,2024,10,8673.45,bbl,125212.84,mscf
In Salah,Transportation,Production,Block 1,2022,12,46472.4,bbl,110679.37,mscf
In Salah,Exploration & Production,Drilling,Field B,2025,12,14493.25,bbl,164147.95,mscf
Rhourde Nouss,Transportation,Logistics,Field B,2022,4,24791.64,bbl,52640.22,mscf
In Salah,Marketing,Production,Area X,2022,10,8760.75,bbl,82658.28,mscf
Berkine,Transportation,Logistics,Area X,2023,9,13207.21,bbl,162898.34,mscf
Berkine,Exploration & Production,Drilling,Block 2,2023,5,46370.16,bbl,186117.41,mscf
Illizi,Refining,Production,Block 2,2025,4,9283.52,bbl,168768.72,mscf
Illizi,Refining,Drilling,Area X,2024,1,41868.5,bbl,94428.25,mscf
In Salah,Exploration & Production,Drilling,Field A,2025,7,3282.41,bbl,12327.05,mscf
Berkine,Refining,Drilling,Area X,2024,12,11892.57,bbl,192423.15,mscf
Adrar,Refining,Logistics,Field A,2023,6,30889.27,bbl,57256.01,mscf
Berkine,Transportation,Drilling,Field B,2025,8,22927.93,bbl,159208.42,mscf
Adrar,Transportation,Production,Field B,2023,12,12554.92,bbl,66157.31,mscf
Hassi R'Mel,Transportation,Logistics,Area Y,2022,5,10311.75,bbl,130153.27,mscf
Hassi Messaoud,Refining,Logistics,Field A,2025,9,40607.82,bbl,150104.24,mscf
Berkine,Exploration & Production,Production,Field B,2024,9,33577.72,bbl,168178.5,mscf
Hassi Messaoud,Exploration & Production,Operations,Block 2,2023,9,15230.43,bbl,181273.64,mscf
Berkine,Refining,Production,Area Y,2023,2,48035.3,bbl,191530.51,mscf
Adrar,Marketing,Logistics,Field B,2022,5,21563.6,bbl,150701.99,mscf
Illizi,Transportation,Production,Area X,2023,11,11610.74,bbl,175809.25,mscf
Illizi,Refining,Production,Block 1,2025,7,25255.34,bbl,63329.66,mscf
Illizi,Transportation,Production,Area Y,2025,5,24522.67,bbl,60871.26,mscf
Illizi,Marketing,Production,Field B,2024,1,26765.43,bbl,30461.91,mscf
Hassi Messaoud,Marketing,Production,Block 2,2025,2,38830.7,bbl,80770.69,mscf
Adrar,Refining,Drilling,Block 1,2024,3,29813.44,bbl,141146.37,mscf
In Salah,Exploration & Production,Logistics,Field B,2023,10,21126.0,bbl,66022.02,mscf
Adrar,Refining,Logistics,Field B,2025,10,8259.42,bbl,47560.57,mscf
Berkine,Marketing,Operations,Area Y,2025,1,25992.6,bbl,59668.06,mscf
Berkine,Exploration & Production,Production,Field A,2025,3,18062.79,bbl,29516.85,mscf
In Salah,Refining,Drilling,Block 2,2023,5,46128.22,bbl,163530.04,mscf
In Salah,Exploration & Production,Logistics,Area X,2024,11,6054.91,bbl,175633.11,mscf
In Salah,Transportation,Production,Area X,2024,6,3782.53,bbl,22147.84,mscf
Rhourde Nouss,Transportation,Drilling,Field A,2024,12,45262.17,bbl,134057.92,mscf
Hassi R'Mel,Refining,Logistics,Area Y,2024,5,39895.52,bbl,28985.7,mscf
Rhourde Nouss,Transportation,Drilling,Block 2,2022,7,6265.29,bbl,81119.35,mscf
Adrar,Transportation,Production,Area X,2025,2,22956.59,bbl,103361.73,mscf
Hassi R'Mel,Marketing,Production,Block 1,2024,8,36026.25,bbl,198418.97,mscf
In Salah,Refining,Production,Field A,2024,5,19389.12,bbl,98600.57,mscf
Hassi R'Mel,Refining,Logistics,Area Y,2024,9,20041.95,bbl,197133.79,mscf
Berkine,Refining,Logistics,Block 2,2023,8,3049.23,bbl,83496.87,mscf
Hassi R'Mel,Refining,Operations,Area Y,2022,7,20408.4,bbl,25078.52,mscf
Hassi Messaoud,Marketing,Logistics,Area Y,2025,10,12167.03,bbl,139606.83,mscf
Adrar,Marketing,Production,Field B,2024,5,34184.63,bbl,123161.58,mscf
Illizi,Transportation,Drilling,Area X,2022,2,18908.06,bbl,132105.95,mscf
Illizi,Refining,Operations,Block 2,2022,10,28175.28,bbl,27840.85,mscf
Adrar,Transportation,Production,Block 2,2023,5,32513.7,bbl,7821.42,mscf
Adrar,Refining,Logistics,Area Y,2023,4,49343.0,bbl,100784.16,mscf
Rhourde Nouss,Transportation,Logistics,Area Y,2022,8,4764.3,bbl,114660.15,mscf
Illizi,Exploration & Production,Production,Area X,2022,8,11213.2,bbl,86862.28,mscf
Berkine,Refining,Production,Field B,2022,4,6443.06,bbl,43135.07,mscf
Hassi R'Mel,Transportation,Logistics,Area Y,2023,11,1019.43,bbl,87766.07,mscf
Hassi R'Mel,Transportation,Operations,Block 1,2022,2,26076.95,bbl,89485.34,mscf
Hassi R'Mel,Exploration & Production,Operations,Field B,2022,11,48262.69,bbl,114545.09,mscf
In Salah,Refining,Operations,Field A,2023,10,38880.34,bbl,56911.06,mscf
Rhourde Nouss,Exploration & Production,Drilling,Field B,2022,9,3290.28,bbl,125009.57,mscf
In Salah,Exploration & Production,Production,Area Y,2023,2,13956.15,bbl,185974.74,mscf
Illizi,Marketing,Logistics,Field B,2025,10,44501.74,bbl,27374.05,mscf
In Salah,Marketing,Production,Block 2,2024,3,10047.56,bbl,114503.68,mscf
Hassi Messaoud,Marketing,Production,Field B,2022,3,15621.7,bbl,101091.57,mscf
Rhourde Nouss,Transportation,Operations,Area Y,2025,12,47540.98,bbl,50678.61,mscf
Hassi Messaoud,Refining,Production,Area X,2023,10,33805.06,bbl,147649.5,mscf
Adrar,Transportation,Drilling,Field B,2024,3,35248.82,bbl,195280.9,mscf
Illizi,Refining,Operations,Block 2,2025,10,6396.52,bbl,31317.72,mscf
Berkine,Refining,Drilling,Area Y,2022,2,2467.84,bbl,160658.48,mscf
Berkine,Marketing,Operations,Field B,2022,2,34821.17,bbl,184887.97,mscf
Hassi Messaoud,Marketing,Logistics,Block 1,2025,3,24936.17,bbl,19457.73,mscf
Illizi,Refining,Operations,Field A,2025,11,45770.87,bbl,110206.58,mscf
Berkine,Exploration & Production,Operations,Area Y,2024,8,44730.79,bbl,145282.16,mscf
Illizi,Marketing,Logistics,Field A,2022,11,44430.76,bbl,114777.1,mscf
In Salah,Exploration & Production,Operations,Block 1,2022,11,1176.69,bbl,47119.69,mscf
Hassi R'Mel,Exploration & Production,Logistics,Area Y,2025,7,41806.62,bbl,74018.86,mscf
Illizi,Transportation,Drilling,Block 1,2023,5,47371.04,bbl,55454.31,mscf
Rhourde Nouss,Transportation,Operations,Field B,2024,6,27382.83,bbl,102944.55,mscf
Hassi Messaoud,Refining,Logistics,Area Y,2025,3,24534.4,bbl,109887.52,mscf
Berkine,Refining,Drilling,Field B,2023,10,24489.2,bbl,5432.09,mscf
In Salah,Refining,Operations,Area Y,2022,6,25729.25,bbl,157218.66,mscf
In Salah,Transportation,Logistics,Field B,2024,8,19691.93,bbl,161991.51,mscf
Berkine,Exploration & Production,Drilling,Block 1,2022,12,1182.78,bbl,187187.07,mscf
Berkine,Exploration & Production,Drilling,Block 1,2023,2,42280.7,bbl,81463.97,mscf
Berkine,Transportation,Drilling,Area Y,2022,4,23116.19,bbl,168248.41,mscf
Illizi,Refining,Operations,Block 2,2025,4,21906.97,bbl,42189.12,mscf
Illizi,Exploration & Production,Production,Field A,2023,10,41624.6,bbl,101181.76,mscf
Rhourde Nouss,Refining,Production,Area Y,2025,7,5814.42,bbl,122358.45,mscf
Adrar,Exploration & Production,Logistics,Area X,2024,6,33673.88,bbl,165874.53,mscf
Adrar,Exploration & Production,Production,Block 2,2024,2,27252.32,bbl,191019.37,mscf
Rhourde Nouss,Exploration & Production,Production,Area X,2025,12,36512.43,bbl,134304.84,mscf
Adrar,Transportation,Production,Area X,2024,10,37341.74,bbl,159089.28,mscf
Hassi R'Mel,Marketing,Logistics,Block 2,2024,11,17133.39,bbl,84707.49,mscf
In Salah,Marketing,Drilling,Area Y,2022,12,38345.62,bbl,161373.28,mscf
In Salah,Refining,Production,Block 1,2025,9,13646.8,bbl,77510.6,mscf
Illizi,Exploration & Production,Operations,Block 1,2025,3,1651.11,bbl,129525.06,mscf
Rhourde Nouss,Transportation,Logistics,Block 2,2025,9,18681.61,bbl,103988.82,mscf
Adrar,Marketing,Drilling,Block 1,2025,1,46927.89,bbl,142376.69,mscf
Berkine,Exploration & Production,Production,Block 2,2025,8,23715.32,bbl,6898.69,mscf
Adrar,Exploration & Production,Drilling,Field B,2022,3,27110.15,bbl,146893.29,mscf
Adrar,Marketing,Operations,Area X,2022,10,1615.05,bbl,193416.68,mscf
Rhourde Nouss,Transportation,Logistics,Block 2,2022,12,20673.23,bbl,72969.84,mscf
Illizi,Refining,Logistics,Area Y,2024,7,37217.88,bbl,26509.35,mscf
Adrar,Marketing,Operations,Area Y,2024,10,3330.69,bbl,130027.86,mscf
Hassi Messaoud,Transportation,Logistics,Field A,2025,3,24151.66,bbl,55827.84,mscf
In Salah,Transportation,Production,Area Y,2022,3,34535.92,bbl,147679.53,mscf
Rhourde Nouss,Transportation,Drilling,Block 1,2024,3,38887.16,bbl,49911.87,mscf
In Salah,Exploration & Production,Logistics,Area Y,2024,1,41576.6,bbl,143023.82,mscf
Hassi R'Mel,Refining,Drilling,Field B,2025,3,12945.57,bbl,144808.91,mscf
Illizi,Marketing,Operations,Block 1,2025,7,41805.38,bbl,122384.01,mscf
Adrar,Exploration & Production,Logistics,Area Y,2024,4,26241.58,bbl,18519.28,mscf
Hassi R'Mel,Transportation,Drilling,Field A,2022,8,49787.57,bbl,91005.11,mscf
Adrar,Exploration & Production,Drilling,Block 1,2024,1,12425.39,bbl,62661.02,mscf
Hassi R'Mel,Refining,Operations,Block 2,2024,10,26807.19,bbl,25397.11,mscf
Adrar,Exploration & Production,Drilling,Block 1,2022,1,21291.43,bbl,130241.18,mscf
Illizi,Marketing,Operations,Block 2,2022,9,25480.85,bbl,37578.01,mscf
Illizi,Marketing,Drilling,Block 1,2024,5,35514.0,bbl,45899.04,mscf
In Salah,Marketing,Operations,Area X,2024,5,44258.69,bbl,141266.48,mscf
Illizi,Exploration & Production,Operations,Field B,2024,5,41867.52,bbl,14062.58,mscf
Berkine,Marketing,Logistics,Block 2,2025,11,34846.41,bbl,68261.45,mscf
Berkine,Refining,Drilling,Block 1,2025,11,15277.47,bbl,57925.02,mscf
Hassi Messaoud,Exploration & Production,Logistics,Area X,2023,8,29234.34,bbl,73281.4,mscf
Illizi,Marketing,Logistics,Area Y,2025,9,22638.07,bbl,41256.23,mscf
Hassi Messaoud,Transportation,Operations,Area Y,2022,9,14344.97,bbl,30988.74,mscf
Berkine,Transportation,Logistics,Block 2,2025,2,14094.88,bbl,34659.44,mscf
Hassi Messaoud,Transportation,Production,Field A,2025,8,34617.24,bbl,70957.54,mscf
Illizi,Exploration & Production,Drilling,Field B,2023,5,17422.99,bbl,92111.43,mscf
In Salah,Exploration & Production,Logistics,Block 1,2025,5,33551.99,bbl,69173.76,mscf
Adrar,Refining,Operations,Field A,2025,11,6108.3,bbl,33352.16,mscf
Hassi R'Mel,Marketing,Production,Block 2,2023,2,29501.26,bbl,133166.81,mscf
Rhourde Nouss,Exploration & Production,Drilling,Block 1,2024,3,36297.88,bbl,154851.71,mscf
In Salah,Refining,Drilling,Block 1,2023,9,10432.23,bbl,117708.47,mscf
Hassi Messaoud,Marketing,Production,Area X,2022,2,37782.4,bbl,107668.49,mscf
In Salah,Marketing,Drilling,Area Y,2023,1,25135.76,bbl,47464.15,mscf
Illizi,Transportation,Production,Area X,2023,3,24008.69,bbl,134898.39,mscf
Adrar,Marketing,Operations,Field A,2025,5,10397.41,bbl,58861.31,mscf
Hassi Messaoud,Refining,Logistics,Field B,2025,2,21621.5,bbl,76828.32,mscf
Hassi R'Mel,Exploration & Production,Operations,Block 2,2022,12,32444.07,bbl,80541.96,mscf
Rhourde Nouss,Marketing,Production,Area X,2025,1,38010.18,bbl,107432.2,mscf
Rhourde Nouss,Marketing,Drilling,Field A,2024,4,8077.21,bbl,55598.97,mscf
Illizi,Exploration & Production,Logistics,Field B,2025,12,38038.21,bbl,12760.37,mscf
Hassi Messaoud,Transportation,Logistics,Block 1,2022,1,4934.5,bbl,176813.17,mscf
Berkine,Transportation,Production,Field B,2025,9,3712.04,bbl,21908.94,mscf
Adrar,Refining,Production,Field A,2023,11,14156.42,bbl,163139.75,mscf
Hassi R'Mel,Transportation,Logistics,Block 1,2025,10,17942.35,bbl,191503.64,mscf
Hassi Messaoud,Marketing,Production,Area Y,2024,5,15182.72,bbl,95642.33,mscf
Berkine,Marketing,Operations,Field A,2024,11,17108.67,bbl,100862.71,mscf
Berkine,Refining,Drilling,Block 1,2025,11,8519.45,bbl,137941.24,mscf
In Salah,Marketing,Logistics,Field A,2024,3,3544.17,bbl,22352.81,mscf
In Salah,Transportation,Logistics,Area Y,2022,1,47692.2,bbl,174324.91,mscf
Hassi Messaoud,Exploration & Production,Operations,Block 2,2022,2,46875.22,bbl,53241.33,mscf
Berkine,Marketing,Logistics,Field B,2022,10,36868.91,bbl,74391.56,mscf
Hassi Messaoud,Exploration & Production,Production,Block 2,2022,1,25487.38,bbl,182994.91,mscf
Hassi Messaoud,Refining,Drilling,Field B,2023,6,21836.85,bbl,152147.86,mscf
In Salah,Marketing,Operations,Field B,2022,1,23615.08,bbl,80168.58,mscf
In Salah,Transportation,Production,Area X,2025,1,6296.13,bbl,75426.85,mscf
Berkine,Transportation,Drilling,Block 1,2022,12,18136.45,bbl,113185.54,mscf
In Salah,Exploration & Production,Operations,Area Y,2022,9,29320.41,bbl,190047.67,mscf
Berkine,Marketing,Operations,Field A,2024,5,46296.29,bbl,61850.63,mscf
Hassi R'Mel,Transportation,Operations,Field A,2022,8,48238.61,bbl,51813.19,mscf
Hassi R'Mel,Exploration & Production,Operations,Block 2,2025,1,27696.07,bbl,100683.58,mscf
Illizi,Marketing,Operations,Area X,2022,2,40517.28,bbl,132668.67,mscf
Adrar,Transportation,Drilling,Field A,2022,5,9218.96,bbl,77093.06,mscf
Hassi Messaoud,Transportation,Drilling,Block 2,2023,5,20850.5,bbl,41946.52,mscf
Illizi,Transportation,Operations,Block 1,2025,9,26767.57,bbl,39890.2,mscf
Berkine,Transportation,Drilling,Field A,2023,4,37879.44,bbl,73025.88,mscf
Berkine,Refining,Operations,Block 1,2024,9,48357.6,bbl,103577.65,mscf
Adrar,Exploration & Production,Operations,Area X,2025,5,5426.15,bbl,139190.46,mscf
Berkine,Refining,Production,Area X,2024,12,49193.12,bbl,158378.96,mscf
Adrar,Exploration & Production,Drilling,Field A,2023,6,14035.82,bbl,36454.12,mscf
Hassi Messaoud,Exploration & Production,Operations,Area Y,2024,11,15963.01,bbl,49109.45,mscf
In Salah,Marketing,Logistics,Area X,2024,7,12321.02,bbl,114256.52,mscf
Rhourde Nouss,Refining,Drilling,Field B,2025,3,32836.42,bbl,186412.68,mscf
Rhourde Nouss,Transportation,Production,Block 2,2022,7,5932.7,bbl,165709.74,mscf
Rhourde Nouss,Exploration & Production,Operations,Area Y,2022,3,27053.25,bbl,9928.58,mscf
Hassi R'Mel,Refining,Drilling,Field B,2025,10,9541.36,bbl,126099.46,mscf
Adrar,Marketing,Production,Block 2,2025,3,33973.54,bbl,137754.07,mscf
In Salah,Marketing,Operations,Area X,2023,2,16727.45,bbl,188439.37,mscf
Berkine,Exploration & Production,Operations,Field A,2024,4,10184.9,bbl,159485.71,mscf
Hassi R'Mel,Exploration & Production,Operations,Field A,2024,5,42758.98,bbl,162118.44,mscf
Berkine,Marketing,Drilling,Field A,2022,5,28594.24,bbl,54000.44,mscf
Hassi Messaoud,Refining,Operations,Field A,2023,1,9325.11,bbl,106222.97,mscf
Adrar,Marketing,Operations,Area X,2024,9,35629.33,bbl,194407.15,mscf
Illizi,Exploration & Production,Logistics,Block 2,2022,8,38413.23,bbl,113197.96,mscf
Hassi R'Mel,Refining,Drilling,Field B,2022,4,22827.98,bbl,110703.87,mscf
Adrar,Transportation,Drilling,Area Y,2023,8,49342.52,bbl,194389.75,mscf
Hassi R'Mel,Marketing,Operations,Field B,2023,1,18849.32,bbl,130777.16,mscf
Hassi R'Mel,Exploration & Production,Operations,Field A,2025,2,14790.48,bbl,113636.32,mscf
Illizi,Refining,Operations,Block 1,2022,3,29899.67,bbl,32497.63,mscf
Berkine,Marketing,Operations,Area X,2022,5,13091.69,bbl,158327.95,mscf
Hassi Messaoud,Marketing,Production,Block 1,2022,12,30011.72,bbl,171302.6,mscf
Hassi R'Mel,Marketing,Operations,Area X,2025,9,46499.1,bbl,42641.72,mscf
In Salah,Refining,Drilling,Block 1,2022,5,19762.54,bbl,55952.48,mscf
Berkine,Transportation,Drilling,Area X,2025,10,15571.13,bbl,28247.88,mscf
Berkine,Marketing,Drilling,Area X,2023,11,36103.55,bbl,149743.68,mscf
In Salah,Exploration & Production,Production,Area Y,2025,5,22673.17,bbl,53724.53,mscf
Illizi,Exploration & Production,Production,Field B,2024,9,4535.44,bbl,150980.41,mscf
Rhourde Nouss,Refining,Logistics,Block 2,2024,9,40732.91,bbl,59637.56,mscf
Hassi R'Mel,Exploration & Production,Drilling,Field A,2025,1,7320.16,bbl,188562.17,mscf
Berkine,Marketing,Drilling,Block 2,2024,9,29492.43,bbl,151781.29,mscf
Adrar,Marketing,Logistics,Area X,2025,7,21873.99,bbl,26262.9,mscf
Adrar,Transportation,Logistics,Field A,2024,1,49109.22,bbl,78648.77,mscf
Illizi,Exploration & Production,Operations,Field B,2023,8,13519.36,bbl,102748.36,mscf
In Salah,Transportation,Drilling,Field B,2024,12,40960.09,bbl,196679.2,mscf
Adrar,Marketing,Production,Field A,2025,4,5135.97,bbl,99808.0,mscf
Hassi R'Mel,Marketing,Production,Field B,2022,6,30496.85,bbl,180457.9,mscf
Adrar,Exploration & Production,Drilling,Field B,2022,1,14430.37,bbl,139587.24,mscf
Adrar,Marketing,Drilling,Field B,2025,8,18272.45,bbl,171302.01,mscf
Hassi Messaoud,Marketing,Logistics,Block 1,2023,2,38004.72,bbl,160285.12,mscf
Berkine,Exploration & Production,Drilling,Field B,2022,8,12914.0,bbl,101988.57,mscf
Adrar,Refining,Drilling,Area Y,2025,12,42786.5,bbl,88150.5,mscf
Hassi Messaoud,Refining,Production,Field A,2022,4,33238.07,bbl,152824.0,mscf
Adrar,Refining,Logistics,Field A,2024,9,24674.13,bbl,81983.72,mscf
Illizi,Refining,Production,Area Y,2024,11,41509.86,bbl,157963.02,mscf
Berkine,Exploration & Production,Production,Block 1,2025,6,21438.79,bbl,167565.85,mscf
In Salah,Marketing,Production,Area X,2025,9,48900.02,bbl,40781.83,mscf
Illizi,Transportation,Drilling,Area X,2024,9,13213.95,bbl,24298.11,mscf
Hassi Messaoud,Transportation,Drilling,Area Y,2023,1,14854.75,bbl,56408.96,mscf
Adrar,Transportation,Drilling,Field B,2023,10,25411.53,bbl,95767.17,mscf
Hassi Messaoud,Exploration & Production,Production,Field B,2024,9,16276.6,bbl,193649.33,mscf
Berkine,Transportation,Production,Block 1,2025,1,17623.06,bbl,21386.67,mscf
Berkine,Transportation,Operations,Block 2,2022,6,49730.44,bbl,71684.63,mscf
Illizi,Marketing,Drilling,Area Y,2023,5,34843.76,bbl,162277.35,mscf
Berkine,Transportation,Production,Area X,2025,4,17219.04,bbl,52911.11,mscf
Rhourde Nouss,Transportation,Production,Area X,2023,8,1431.76,bbl,31804.23,mscf
Berkine,Transportation,Logistics,Block 2,2023,12,36284.58,bbl,27577.41,mscf
Hassi Messaoud,Exploration & Production,Operations,Field B,2024,2,39602.16,bbl,150998.99,mscf
In Salah,Transportation,Logistics,Block 2,2022,1,43687.51,bbl,75057.92,mscf
Berkine,Transportation,Production,Field B,2025,6,34899.45,bbl,58633.22,mscf
Illizi,Refining,Operations,Block 2,2025,7,26290.46,bbl,198568.61,mscf
Hassi Messaoud,Refining,Operations,Field A,2023,2,32525.94,bbl,177614.27,mscf
Berkine,Refining,Drilling,Block 2,2025,11,42052.07,bbl,92984.09,mscf
Hassi R'Mel,Transportation,Operations,Field B,2023,5,40146.1,bbl,50537.04,mscf
Rhourde Nouss,Exploration & Production,Operations,Block 1,2022,3,48474.84,bbl,104488.69,mscf
Rhourde Nouss,Transportation,Operations,Block 1,2023,1,31395.49,bbl,108362.64,mscf
Hassi Messaoud,Refining,Logistics,Area X,2024,12,34602.35,bbl,173070.86,mscf
Hassi Messaoud,Transportation,Drilling,Block 2,2025,8,41628.49,bbl,20661.46,mscf
Berkine,Refining,Drilling,Block 1,2022,2,30703.93,bbl,81388.77,mscf
Adrar,Transportation,Logistics,Area Y,2022,10,40938.97,bbl,116764.67,mscf
In Salah,Transportation,Production,Field B,2023,10,41899.82,bbl,189070.9,mscf
Berkine,Transportation,Logistics,Block 2,2025,10,40510.11,bbl,9077.06,mscf
Berkine,Transportation,Drilling,Field B,2023,12,30611.39,bbl,40392.99,mscf
Hassi R'Mel,Exploration & Production,Logistics,Area Y,2025,6,25063.3,bbl,191527.84,mscf
Adrar,Refining,Drilling,Field A,2024,1,45583.0,bbl,167205.24,mscf
Berkine,Exploration & Production,Production,Area X,2022,1,47013.13,bbl,108171.99,mscf
Illizi,Marketing,Drilling,Block 2,2024,6,11631.84,bbl,160192.01,mscf
Illizi,Refining,Logistics,Field B,2023,7,19187.86,bbl,187653.63,mscf
Illizi,Exploration & Production,Drilling,Block 2,2023,2,6484.06,bbl,83830.29,mscf
Hassi Messaoud,Exploration & Production,Production,Block 1,2025,4,41009.97,bbl,189504.7,mscf
In Salah,Refining,Logistics,Area X,2023,3,49287.69,bbl,87885.1,mscf
Hassi R'Mel,Exploration & Production,Logistics,Field A,2024,7,18847.25,bbl,29360.85,mscf
Hassi R'Mel,Refining,Production,Field A,2023,3,5182.51,bbl,63949.9,mscf
Rhourde Nouss,Refining,Drilling,Block 2,2024,9,27167.4,bbl,20455.31,mscf
Hassi Messaoud,Marketing,Operations,Block 2,2025,9,49115.5,bbl,43250.47,mscf
Illizi,Refining,Logistics,Field A,2024,1,24963.17,bbl,170488.66,mscf
Hassi R'Mel,Exploration & Production,Operations,Area Y,2024,9,23241.94,bbl,28640.46,mscf
In Salah,Transportation,Logistics,Block 2,2022,12,16392.27,bbl,65283.39,mscf
Adrar,Marketing,Operations,Field B,2023,1,45074.75,bbl,186005.07,mscf
Hassi R'Mel,Refining,Drilling,Block 1,2022,5,19652.0,bbl,141724.08,mscf
Hassi R'Mel,Refining,Production,Block 2,2023,4,22207.13,bbl,22626.39,mscf
Illizi,Refining,Operations,Block 2,2024,9,49184.87,bbl,131712.58,mscf
Adrar,Refining,Operations,Field B,2025,6,22978.02,bbl,177411.92,mscf
Adrar,Refining,Drilling,Field A,2022,7,48311.31,bbl,78234.33,mscf
Berkine,Refining,Operations,Field B,2023,5,6281.29,bbl,23419.69,mscf
In Salah,Exploration & Production,Logistics,Block 2,2023,10,39223.26,bbl,127845.12,mscf
Hassi R'Mel,Marketing,Production,Field A,2023,4,36267.85,bbl,138365.43,mscf
Hassi R'Mel,Marketing,Operations,Field B,2025,7,23775.36,bbl,36589.58,mscf
Hassi Messaoud,Marketing,Logistics,Area X,2023,3,48126.43,bbl,182694.73,mscf
Rhourde Nouss,Transportation,Drilling,Area Y,2024,12,37867.92,bbl,91005.49,mscf
Adrar,Marketing,Logistics,Area X,2023,4,23009.86,bbl,6001.37,mscf
Berkine,Marketing,Logistics,Block 1,2022,7,14488.65,bbl,124450.8,mscf
Adrar,Refining,Logistics,Area Y,2023,5,7980.02,bbl,159096.4,mscf
Hassi Messaoud,Transportation,Drilling,Area Y,2022,5,15474.79,bbl,121728.78,mscf
Hassi Messaoud,Transportation,Drilling,Area Y,2024,11,7595.81,bbl,186141.87,mscf
Rhourde Nouss,Exploration & Production,Logistics,Field A,2024,7,18020.34,bbl,135662.71,mscf
Hassi Messaoud,Refining,Operations,Area Y,2024,7,28605.08,bbl,16181.34,mscf
In Salah,Refining,Operations,Block 1,2023,7,49855.63,bbl,151102.89,mscf
Hassi R'Mel,Exploration & Production,Logistics,Field A,2022,5,31268.09,bbl,167397.03,mscf
Adrar,Marketing,Operations,Field A,2024,10,29324.85,bbl,77290.68,mscf
Hassi R'Mel,Transportation,Logistics,Block 1,2024,9,4834.17,bbl,145234.25,mscf
Rhourde Nouss,Refining,Drilling,Block 1,2024,10,26751.66,bbl,43602.12,mscf
Hassi R'Mel,Exploration & Production,Drilling,Block 2,2024,8,17632.74,bbl,41534.67,mscf
Illizi,Transportation,Logistics,Field B,2025,2,41832.79,bbl,189312.42,mscf
Adrar,Refining,Drilling,Block 2,2025,3,15074.78,bbl,134953.58,mscf
Berkine,Transportation,Logistics,Area X,2022,11,2136.62,bbl,97529.53,mscf
Rhourde Nouss,Marketing,Operations,Block 2,2024,1,26999.95,bbl,78613.59,mscf
Hassi R'Mel,Transportation,Logistics,Block 1,2025,10,8507.86,bbl,20104.08,mscf
Berkine,Refining,Drilling,Block 2,2025,7,10825.19,bbl,101473.31,mscf
Rhourde Nouss,Transportation,Operations,Area Y,2022,10,32196.52,bbl,36474.42,mscf
Hassi R'Mel,Marketing,Logistics,Area Y,2022,10,43925.35,bbl,149442.76,mscf
Illizi,Exploration & Production,Logistics,Area X,2025,5,39292.56,bbl,13025.6,mscf
Illizi,Refining,Drilling,Area X,2024,6,25277.85,bbl,63743.28,mscf
Rhourde Nouss,Transportation,Logistics,Field A,2025,5,12195.07,bbl,157738.93,mscf
Hassi Messaoud,Marketing,Drilling,Field A,2024,3,25586.5,bbl,74767.1,mscf
Hassi R'Mel,Refining,Production,Area Y,2025,6,41968.14,bbl,148270.65,mscf
Hassi R'Mel,Transportation,Logistics,Area Y,2025,11,23183.07,bbl,122266.85,mscf
Hassi Messaoud,Exploration & Production,Drilling,Area Y,2023,4,27422.18,bbl,174149.73,mscf
Hassi R'Mel,Exploration & Production,Logistics,Area Y,2022,10,49461.31,bbl,184169.9,mscf
Hassi R'Mel,Refining,Production,Area X,2022,7,20067.24,bbl,165957.93,mscf
Berkine,Marketing,Production,Area X,2025,10,41637.74,bbl,122171.21,mscf
Hassi Messaoud,Transportation,Production,Area Y,2024,9,9556.47,bbl,125705.52,mscf
Adrar,Transportation,Drilling,Area Y,2025,10,15509.92,bbl,113476.62,mscf
Hassi Messaoud,Exploration & Production,Logistics,Block 2,2023,7,4053.61,bbl,153499.78,mscf
Hassi Messaoud,Transportation,Logistics,Field A,2023,12,27295.75,bbl,140658.84,mscf
Illizi,Refining,Drilling,Area X,2023,4,48809.71,bbl,93460.99,mscf
Adrar,Marketing,Operations,Field B,2024,11,10888.41,bbl,169332.97,mscf
Adrar,Transportation,Logistics,Area Y,2023,3,5824.4,bbl,92010.61,mscf
Illizi,Refining,Logistics,Area Y,2023,2,7896.22,bbl,104033.96,mscf
In Salah,Exploration & Production,Drilling,Block 2,2022,5,25258.64,bbl,88717.3,mscf
Berkine,Exploration & Production,Logistics,Field A,2025,1,15078.99,bbl,163773.87,mscf
In Salah,Refining,Production,Field B,2023,3,23277.68,bbl,158545.36,mscf
Berkine,Marketing,Drilling,Field B,2025,7,23943.21,bbl,194094.46,mscf
