Region,Activity,Division,Field,Year,Month,Oil Quantity,Oil Unit,Gas Quantity,Gas Unit
ADR,Activité E&P,DP,OF,1900,1,18517.71,bbl,177217.08,mscf
ADR,Activité E&P,DP,OF,1900,2,4642.3,bbl,20259.56,mscf
ADR,Activité E&P,DP,OF,1900,3,43003.1,bbl,89253.69,mscf
ADR,Activité E&P,DP,OF,1900,4,8750.06,bbl,25363.66,mscf
ADR,Activité E&P,DP,OF,1900,5,23053.53,bbl,163553.85,mscf
ADR,Activité E&P,DP,OF,1900,6,10768.18,bbl,160809.9,mscf
ADR,Activité E&P,DP,OF,1900,7,23849.12,bbl,102270.9,mscf
ADR,Activité E&P,DP,OF,1900,8,19328.05,bbl,191378.8,mscf
ADR,Activité E&P,DP,OF,1900,9,38481.07,bbl,112267.95,mscf
ADR,Activité E&P,DP,OF,1900,10,16151.41,bbl,61839.21,mscf
ADR,Activité E&P,DP,OF,1900,11,12037.68,bbl,91561.06,mscf
ADR,Activité E&P,DP,OF,1900,12,29998.91,bbl,42098.47,mscf
ADR,Activité E&P,DP,OF,1901,1,20957.62,bbl,71698.67,mscf
ADR,Activité E&P,DP,OF,1901,2,6257.99,bbl,158609.53,mscf
ADR,Activité E&P,DP,OF,1901,3,8002.19,bbl,173670.67,mscf
ADR,Activité E&P,DP,OF,1901,4,5608.52,bbl,5954.91,mscf
ADR,Activité E&P,DP,OF,1901,5,42579.59,bbl,134920.86,mscf
ADR,Activité E&P,DP,OF,1901,6,4008.28,bbl,98392.78,mscf
ADR,Activité E&P,DP,OF,1901,7,36735.33,bbl,50308.08,mscf
ADR,Activité E&P,DP,OF,1901,8,10711.85,bbl,112427.22,mscf
ADR,Activité E&P,DP,OF,1901,9,45162.48,bbl,72488.8,mscf
ADR,Activité E&P,DP,OF,1901,10,46191.26,bbl,127136.37,mscf
ADR,Activité E&P,DP,OF,1901,11,28936.36,bbl,146284.2,mscf
ADR,Activité E&P,DP,OF,1901,12,4259.93,bbl,110716.16,mscf
ADR,Activité E&P,DP,OF,1902,1,26938.06,bbl,128737.71,mscf
ADR,Activité E&P,DP,OF,1902,2,17805.38,bbl,171886.74,mscf
ADR,Activité E&P,DP,OF,1902,3,9274.54,bbl,116286.74,mscf
ADR,Activité E&P,DP,OF,1902,4,22801.17,bbl,185885.41,mscf
ADR,Activité E&P,DP,OF,1902,5,44574.04,bbl,179834.94,mscf
ADR,Activité E&P,DP,OF,1902,6,21268.01,bbl,31429.04,mscf
ADR,Activité E&P,DP,OF,1902,7,4108.8,bbl,54458.64,mscf
ADR,Activité E&P,DP,OF,1902,8,45498.56,bbl,49476.93,mscf
ADR,Activité E&P,DP,OF,1902,9,14028.71,bbl,29853.72,mscf
ADR,Activité E&P,DP,OF,1902,10,18639.31,bbl,122365.67,mscf
ADR,Activité E&P,DP,OF,1902,11,22562.16,bbl,135819.88,mscf
ADR,Activité E&P,DP,OF,1902,12,21951.93,bbl,147401.41,mscf
ADR,Activité E&P,DP,OF,1903,1,15269.5,bbl,143468.38,mscf
ADR,Activité E&P,DP,OF,1903,2,34907.39,bbl,61492.18,mscf
ADR,Activité E&P,DP,OF,1903,3,9252.6,bbl,187933.48,mscf
ADR,Activité E&P,DP,OF,1903,4,22401.99,bbl,29138.96,mscf
ADR,Activité E&P,DP,OF,1903,5,45249.22,bbl,63363.11,mscf
ADR,Activité E&P,DP,OF,1903,6,11490.99,bbl,110291.7,mscf
ADR,Activité E&P,DP,OF,1903,7,4823.45,bbl,196293.33,mscf
ADR,Activité E&P,DP,OF,1903,8,13196.97,bbl,22381.79,mscf
ADR,Activité E&P,DP,OF,1903,9,39561.21,bbl,129998.88,mscf
ADR,Activité E&P,DP,OF,1903,10,9588.83,bbl,55938.71,mscf
ADR,Activité E&P,DP,OF,1903,11,33104.35,bbl,128841.23,mscf
ADR,Activité E&P,DP,OF,1903,12,31060.04,bbl,143020.37,mscf
ADR,Activité E&P,DP,OF,1904,1,26446.24,bbl,29934.28,mscf
ADR,Activité E&P,DP,OF,1904,2,35414.77,bbl,161818.81,mscf
ADR,Activité E&P,DP,OF,1904,3,10884.29,bbl,97158.89,mscf
ADR,Activité E&P,DP,OF,1904,4,41412.62,bbl,73304.56,mscf
ADR,Activité E&P,DP,OF,1904,5,44957.31,bbl,121009.22,mscf
ADR,Activité E&P,DP,OF,1904,6,36373.95,bbl,10107.45,mscf
ADR,Activité E&P,DP,OF,1904,7,2952.28,bbl,175154.74,mscf
ADR,Activité E&P,DP,OF,1904,8,19499.18,bbl,58528.21,mscf
ADR,Activité E&P,DP,OF,1904,9,29024.89,bbl,66401.95,mscf
ADR,Activité E&P,DP,OF,1904,10,20641.55,bbl,174951.46,mscf
ADR,Activité E&P,DP,OF,1904,11,2844.96,bbl,88156.18,mscf
ADR,Activité E&P,DP,OF,1904,12,42205.0,bbl,46892.92,mscf
ADR,Activité E&P,DP,OF,1905,1,46164.22,bbl,64746.52,mscf
ADR,Activité E&P,DP,OF,1905,2,14145.69,bbl,102783.91,mscf
ADR,Activité E&P,DP,OF,1905,3,4002.92,bbl,114828.17,mscf
ADR,Activité E&P,DP,OF,1905,4,16693.22,bbl,126678.15,mscf
ADR,Activité E&P,DP,OF,1905,5,34255.46,bbl,117737.53,mscf
ADR,Activité E&P,DP,OF,1905,6,48680.9,bbl,185951.26,mscf
ADR,Activité E&P,DP,OF,1905,7,16576.62,bbl,39003.26,mscf
ADR,Activité E&P,DP,OF,1905,8,9862.96,bbl,163320.71,mscf
ADR,Activité E&P,DP,OF,1905,9,42820.82,bbl,22290.05,mscf
ADR,Activité E&P,DP,OF,1905,10,46026.05,bbl,159631.21,mscf
ADR,Activité E&P,DP,OF,1905,11,14128.38,bbl,38428.52,mscf
ADR,Activité E&P,DP,OF,1905,12,32072.7,bbl,191840.43,mscf
ADR,Activité E&P,DP,OF,1906,1,28431.05,bbl,12734.31,mscf
ADR,Activité E&P,DP,OF,1906,2,39438.83,bbl,118294.71,mscf
ADR,Activité E&P,DP,OF,1906,3,8601.49,bbl,178961.33,mscf
ADR,Activité E&P,DP,OF,1906,4,16280.89,bbl,27370.44,mscf
ADR,Activité E&P,DP,OF,1906,5,49128.06,bbl,68360.34,mscf
ADR,Activité E&P,DP,OF,1906,6,41983.93,bbl,11481.34,mscf
ADR,Activité E&P,DP,OF,1906,7,26546.92,bbl,111697.5,mscf
ADR,Activité E&P,DP,OF,1906,8,43476.15,bbl,69459.32,mscf
ADR,Activité E&P,DP,OF,1906,9,26049.94,bbl,136262.21,mscf
ADR,Activité E&P,DP,OF,1906,10,1396.49,bbl,47548.76,mscf
ADR,Activité E&P,DP,OF,1906,11,49637.24,bbl,28482.58,mscf
ADR,Activité E&P,DP,OF,1906,12,6012.65,bbl,174097.93,mscf
ADR,Activité E&P,DP,OF,1907,1,36603.39,bbl,81571.93,mscf
ADR,Activité E&P,DP,OF,1907,2,19008.59,bbl,92034.38,mscf
ADR,Activité E&P,DP,OF,1907,3,22621.79,bbl,189989.61,mscf
ADR,Activité E&P,DP,OF,1907,4,20045.07,bbl,7055.14,mscf
ADR,Activité E&P,DP,OF,1907,5,10943.51,bbl,76388.48,mscf
ADR,Activité E&P,DP,OF,1907,6,4929.03,bbl,6795.26,mscf
ADR,Activité E&P,DP,OF,1907,7,21823.64,bbl,72296.78,mscf
ADR,Activité E&P,DP,OF,1907,8,41254.43,bbl,72910.44,mscf
ADR,Activité E&P,DP,OF,1907,9,37994.57,bbl,95369.64,mscf
ADR,Activité E&P,DP,OF,1907,10,18873.14,bbl,125424.6,mscf
ADR,Activité E&P,DP,OF,1907,11,10823.67,bbl,177659.74,mscf
ADR,Activité E&P,DP,OF,1907,12,4290.49,bbl,19456.1,mscf
ADR,Activité E&P,DP,OF,1908,1,40184.43,bbl,12363.36,mscf
ADR,Activité E&P,DP,OF,1908,2,49459.96,bbl,26545.97,mscf
ADR,Activité E&P,DP,OF,1908,3,45234.06,bbl,52445.48,mscf
ADR,Activité E&P,DP,OF,1908,4,8250.03,bbl,65135.92,mscf
ADR,Activité E&P,DP,OF,1908,5,6802.68,bbl,43218.56,mscf
ADR,Activité E&P,DP,OF,1908,6,35904.0,bbl,78030.08,mscf
ADR,Activité E&P,DP,OF,1908,7,25842.67,bbl,131615.82,mscf
ADR,Activité E&P,DP,OF,1908,8,21771.31,bbl,92716.67,mscf
ADR,Activité E&P,DP,OF,1908,9,28507.69,bbl,100550.34,mscf
ADR,Activité E&P,DP,OF,1908,10,7135.94,bbl,6243.44,mscf
ADR,Activité E&P,DP,OF,1908,11,2171.01,bbl,197307.03,mscf
ADR,Activité E&P,DP,OF,1908,12,31460.23,bbl,166703.68,mscf
ADR,Activité E&P,DP,OF,1909,1,20495.0,bbl,176406.2,mscf
ADR,Activité E&P,DP,OF,1909,2,20706.62,bbl,139344.67,mscf
ADR,Activité E&P,DP,OF,1909,3,17401.13,bbl,167053.59,mscf
ADR,Activité E&P,DP,OF,1909,4,33478.24,bbl,153558.17,mscf
ADR,Activité E&P,DP,OF,1909,5,39408.48,bbl,164982.73,mscf
ADR,Activité E&P,DP,OF,1909,6,41192.73,bbl,149452.27,mscf
ADR,Activité E&P,DP,OF,1909,7,8469.92,bbl,132941.55,mscf
ADR,Activité E&P,DP,OF,1909,8,29451.22,bbl,115406.67,mscf
ADR,Activité E&P,DP,OF,1909,9,30595.21,bbl,21697.38,mscf
ADR,Activité E&P,DP,OF,1909,10,37920.44,bbl,198511.04,mscf
ADR,Activité E&P,DP,OF,1909,11,35826.92,bbl,182896.5,mscf
ADR,Activité E&P,DP,OF,1909,12,25599.6,bbl,43587.14,mscf
ADR,Activité E&P,DP,OF,1910,1,23944.32,bbl,166555.69,mscf
ADR,Activité E&P,DP,OF,1910,2,36591.8,bbl,22674.36,mscf
ADR,Activité E&P,DP,OF,1910,3,2214.63,bbl,92897.07,mscf
ADR,Activité E&P,DP,OF,1910,4,15903.2,bbl,54032.9,mscf
ADR,Activité E&P,DP,OF,1910,5,12355.12,bbl,9207.22,mscf
ADR,Activité E&P,DP,OF,1910,6,30541.7,bbl,150429.55,mscf
ADR,Activité E&P,DP,OF,1910,7,30228.36,bbl,119256.78,mscf
ADR,Activité E&P,DP,OF,1910,8,43573.65,bbl,38909.95,mscf
ADR,Activité E&P,DP,OF,1910,9,40330.18,bbl,67001.32,mscf
ADR,Activité E&P,DP,OF,1910,10,7386.35,bbl,81513.92,mscf
ADR,Activité E&P,DP,OF,1910,11,13970.16,bbl,99042.93,mscf
ADR,Activité E&P,DP,OF,1910,12,22015.19,bbl,196048.5,mscf
ADR,Activité E&P,DP,OF,1911,1,19375.89,bbl,25025.92,mscf
ADR,Activité E&P,DP,OF,1911,2,31491.87,bbl,151951.35,mscf
ADR,Activité E&P,DP,OF,1911,3,37492.55,bbl,159716.79,mscf
ADR,Activité E&P,DP,OF,1911,4,37475.17,bbl,49295.46,mscf
ADR,Activité E&P,DP,OF,1911,5,36130.56,bbl,20057.4,mscf
ADR,Activité E&P,DP,OF,1911,6,27444.3,bbl,60514.3,mscf
ADR,Activité E&P,DP,OF,1911,7,26112.24,bbl,125919.64,mscf
ADR,Activité E&P,DP,OF,1911,8,25979.22,bbl,176145.85,mscf
ADR,Activité E&P,DP,OF,1911,9,46023.68,bbl,65362.92,mscf
ADR,Activité E&P,DP,OF,1911,10,37706.6,bbl,24529.16,mscf
ADR,Activité E&P,DP,OF,1911,11,1135.03,bbl,189109.17,mscf
ADR,Activité E&P,DP,OF,1911,12,49570.75,bbl,45963.44,mscf
ADR,Activité E&P,DP,OF,1912,1,38037.75,bbl,54197.71,mscf
ADR,Activité E&P,DP,OF,1912,2,42942.93,bbl,7394.72,mscf
ADR,Activité E&P,DP,OF,1912,3,36911.61,bbl,88006.05,mscf
ADR,Activité E&P,DP,OF,1912,4,13599.93,bbl,185140.2,mscf
ADR,Activité E&P,DP,OF,1912,5,11432.36,bbl,140802.98,mscf
ADR,Activité E&P,DP,OF,1912,6,15515.69,bbl,74131.75,mscf
ADR,Activité E&P,DP,OF,1912,7,4050.61,bbl,163955.18,mscf
ADR,Activité E&P,DP,OF,1912,8,11692.73,bbl,149983.89,mscf
ADR,Activité E&P,DP,OF,1912,9,42784.82,bbl,72769.65,mscf
ADR,Activité E&P,DP,OF,1912,10,31529.92,bbl,170785.23,mscf
ADR,Activité E&P,DP,OF,1912,11,5648.07,bbl,87899.99,mscf
ADR,Activité E&P,DP,OF,1912,12,3357.78,bbl,138939.44,mscf
ADR,Activité E&P,DP,OF,1913,1,47137.18,bbl,152705.56,mscf
ADR,Activité E&P,DP,OF,1913,2,44533.06,bbl,76967.3,mscf
ADR,Activité E&P,DP,OF,1913,3,21762.16,bbl,58228.93,mscf
ADR,Activité E&P,DP,OF,1913,4,15209.77,bbl,143994.09,mscf
ADR,Activité E&P,DP,OF,1913,5,45402.43,bbl,14717.06,mscf
ADR,Activité E&P,DP,OF,1913,6,14738.82,bbl,75688.04,mscf
ADR,Activité E&P,DP,OF,1913,7,21207.82,bbl,133358.32,mscf
ADR,Activité E&P,DP,OF,1913,8,19305.28,bbl,105761.04,mscf
ADR,Activité E&P,DP,OF,1913,9,42627.97,bbl,68703.29,mscf
ADR,Activité E&P,DP,OF,1913,10,2441.42,bbl,163469.79,mscf
ADR,Activité E&P,DP,OF,1913,11,16475.66,bbl,163801.29,mscf
ADR,Activité E&P,DP,OF,1913,12,40619.8,bbl,97545.34,mscf
ADR,Activité E&P,DP,OF,1914,1,23573.25,bbl,56778.61,mscf
ADR,Activité E&P,DP,OF,1914,2,25682.86,bbl,78566.73,mscf
ADR,Activité E&P,DP,OF,1914,3,10697.39,bbl,80686.71,mscf
ADR,Activité E&P,DP,OF,1914,4,1562.44,bbl,32957.26,mscf
ADR,Activité E&P,DP,OF,1914,5,25352.37,bbl,47883.28,mscf
ADR,Activité E&P,DP,OF,1914,6,14937.92,bbl,159342.12,mscf
ADR,Activité E&P,DP,OF,1914,7,19961.75,bbl,31815.17,mscf
ADR,Activité E&P,DP,OF,1914,8,12119.46,bbl,161008.7,mscf
ADR,Activité E&P,DP,OF,1914,9,39803.43,bbl,108257.78,mscf
ADR,Activité E&P,DP,OF,1914,10,32094.44,bbl,138539.34,mscf
ADR,Activité E&P,DP,OF,1914,11,16855.68,bbl,110344.82,mscf
ADR,Activité E&P,DP,OF,1914,12,23705.56,bbl,88986.66,mscf
ADR,Activité E&P,DP,OF,1915,1,28086.79,bbl,103082.61,mscf
ADR,Activité E&P,DP,OF,1915,2,4745.06,bbl,91991.63,mscf
ADR,Activité E&P,DP,OF,1915,3,13635.47,bbl,145789.01,mscf
ADR,Activité E&P,DP,OF,1915,4,13584.61,bbl,72147.92,mscf
ADR,Activité E&P,DP,OF,1915,5,30710.73,bbl,157679.24,mscf
ADR,Activité E&P,DP,OF,1915,6,13002.41,bbl,67530.1,mscf
ADR,Activité E&P,DP,OF,1915,7,27701.98,bbl,38617.89,mscf
ADR,Activité E&P,DP,OF,1915,8,44597.12,bbl,152253.38,mscf
ADR,Activité E&P,DP,OF,1915,9,34193.55,bbl,163782.8,mscf
ADR,Activité E&P,DP,OF,1915,10,37736.47,bbl,190258.12,mscf
ADR,Activité E&P,DP,OF,1915,11,7888.54,bbl,157698.68,mscf
ADR,Activité E&P,DP,OF,1915,12,5349.55,bbl,167357.68,mscf
ADR,Activité E&P,DP,OF,1916,1,47715.19,bbl,87527.76,mscf
ADR,Activité E&P,DP,OF,1916,2,34820.57,bbl,30509.91,mscf
ADR,Activité E&P,DP,OF,1916,3,32845.31,bbl,9541.44,mscf
ADR,Activité E&P,DP,OF,1916,4,6869.09,bbl,137655.54,mscf
ADR,Activité E&P,DP,OF,1916,5,2137.95,bbl,17704.91,mscf
ADR,Activité E&P,DP,OF,1916,6,30052.21,bbl,35375.0,mscf
ADR,Activité E&P,DP,OF,1916,7,48814.49,bbl,44345.25,mscf
ADR,Activité E&P,DP,OF,1916,8,43472.73,bbl,41447.35,mscf
ADR,Activité E&P,DP,OF,1916,9,37429.33,bbl,109484.69,mscf
ADR,Activité E&P,DP,OF,1916,10,40128.66,bbl,71954.19,mscf
ADR,Activité E&P,DP,OF,1916,11,18421.29,bbl,68316.27,mscf
ADR,Activité E&P,DP,OF,1916,12,1309.79,bbl,30803.13,mscf
ADR,Activité E&P,DP,OF,1917,1,9575.4,bbl,34297.8,mscf
ADR,Activité E&P,DP,OF,1917,2,7370.24,bbl,26200.85,mscf
ADR,Activité E&P,DP,OF,1917,3,25686.63,bbl,91772.32,mscf
ADR,Activité E&P,DP,OF,1917,4,34450.78,bbl,126524.52,mscf
ADR,Activité E&P,DP,OF,1917,5,36230.28,bbl,184972.56,mscf
ADR,Activité E&P,DP,OF,1917,6,10205.87,bbl,180109.73,mscf
ADR,Activité E&P,DP,OF,1917,7,43732.72,bbl,88522.58,mscf
ADR,Activité E&P,DP,OF,1917,8,6530.55,bbl,114611.69,mscf
ADR,Activité E&P,DP,OF,1917,9,46846.56,bbl,142252.78,mscf
ADR,Activité E&P,DP,OF,1917,10,16687.46,bbl,43705.52,mscf
ADR,Activité E&P,DP,OF,1917,11,46435.81,bbl,176611.2,mscf
ADR,Activité E&P,DP,OF,1917,12,25725.44,bbl,9943.18,mscf
ADR,Activité E&P,DP,OF,1918,1,14348.3,bbl,150057.17,mscf
ADR,Activité E&P,DP,OF,1918,2,5136.7,bbl,161607.13,mscf
ADR,Activité E&P,DP,OF,1918,3,27317.28,bbl,106588.88,mscf
ADR,Activité E&P,DP,OF,1918,4,38566.21,bbl,36758.52,mscf
ADR,Activité E&P,DP,OF,1918,5,8973.27,bbl,166950.45,mscf
ADR,Activité E&P,DP,OF,1918,6,48441.17,bbl,91427.28,mscf
ADR,Activité E&P,DP,OF,1918,7,40485.1,bbl,193001.43,mscf
ADR,Activité E&P,DP,OF,1918,8,29402.01,bbl,92355.56,mscf
ADR,Activité E&P,DP,OF,1918,9,4411.43,bbl,60767.72,mscf
ADR,Activité E&P,DP,OF,1918,10,17106.54,bbl,68621.38,mscf
ADR,Activité E&P,DP,OF,1918,11,1757.86,bbl,130189.99,mscf
ADR,Activité E&P,DP,OF,1918,12,39126.79,bbl,75107.68,mscf
ADR,Activité E&P,DP,OF,1919,1,17479.05,bbl,152181.75,mscf
ADR,Activité E&P,DP,OF,1919,2,41314.59,bbl,185956.88,mscf
ADR,Activité E&P,DP,OF,1919,3,10561.36,bbl,162020.9,mscf
ADR,Activité E&P,DP,OF,1919,4,21244.19,bbl,108030.94,mscf
ADR,Activité E&P,DP,OF,1919,5,2339.47,bbl,124933.04,mscf
ADR,Activité E&P,DP,OF,1919,6,45489.81,bbl,44638.23,mscf
ADR,Activité E&P,DP,OF,1919,7,24581.0,bbl,18280.36,mscf
ADR,Activité E&P,DP,OF,1919,8,4013.35,bbl,90224.77,mscf
ADR,Activité E&P,DP,OF,1919,9,21551.45,bbl,12960.79,mscf
ADR,Activité E&P,DP,OF,1919,10,12273.01,bbl,63618.23,mscf
ADR,Activité E&P,DP,OF,1919,11,4916.2,bbl,183727.43,mscf
ADR,Activité E&P,DP,OF,1919,12,29962.24,bbl,29353.63,mscf
ADR,Activité E&P,DP,OF,1920,1,39500.08,bbl,87567.51,mscf
ADR,Activité E&P,DP,OF,1920,2,36446.92,bbl,63897.41,mscf
ADR,Activité E&P,DP,OF,1920,3,31555.13,bbl,89738.38,mscf
ADR,Activité E&P,DP,OF,1920,4,33669.33,bbl,71726.4,mscf
ADR,Activité E&P,DP,OF,1920,5,23363.23,bbl,161930.64,mscf
ADR,Activité E&P,DP,OF,1920,6,25371.25,bbl,168892.89,mscf
ADR,Activité E&P,DP,OF,1920,7,1703.47,bbl,17426.56,mscf
ADR,Activité E&P,DP,OF,1920,8,26952.47,bbl,51143.46,mscf
ADR,Activité E&P,DP,OF,1920,9,45246.9,bbl,27126.98,mscf
ADR,Activité E&P,DP,OF,1920,10,17333.57,bbl,162854.5,mscf
ADR,Activité E&P,DP,OF,1920,11,47018.49,bbl,90641.94,mscf
ADR,Activité E&P,DP,OF,1920,12,25973.4,bbl,43039.64,mscf
ADR,Activité E&P,DP,OF,1921,1,38664.48,bbl,103731.57,mscf
ADR,Activité E&P,DP,OF,1921,2,31255.8,bbl,164275.43,mscf
ADR,Activité E&P,DP,OF,1921,3,9145.29,bbl,166710.27,mscf
ADR,Activité E&P,DP,OF,1921,4,47835.86,bbl,182560.13,mscf
ADR,Activité E&P,DP,OF,1921,5,33383.02,bbl,90801.35,mscf
ADR,Activité E&P,DP,OF,1921,6,3816.6,bbl,25046.11,mscf
ADR,Activité E&P,DP,OF,1921,7,47958.2,bbl,90233.62,mscf
ADR,Activité E&P,DP,OF,1921,8,29849.03,bbl,118619.32,mscf
ADR,Activité E&P,DP,OF,1921,9,21936.81,bbl,196958.74,mscf
ADR,Activité E&P,DP,OF,1921,10,12344.08,bbl,134446.22,mscf
ADR,Activité E&P,DP,OF,1921,11,32983.31,bbl,63131.35,mscf
ADR,Activité E&P,DP,OF,1921,12,44019.88,bbl,37878.57,mscf
ADR,Activité E&P,DP,OF,1922,1,45373.76,bbl,77545.14,mscf
ADR,Activité E&P,DP,OF,1922,2,47327.99,bbl,162330.31,mscf
ADR,Activité E&P,DP,OF,1922,3,43397.32,bbl,19778.69,mscf
ADR,Activité E&P,DP,OF,1922,4,31640.51,bbl,17906.04,mscf
ADR,Activité E&P,DP,OF,1922,5,8705.58,bbl,159053.16,mscf
ADR,Activité E&P,DP,OF,1922,6,38280.16,bbl,69347.56,mscf
ADR,Activité E&P,DP,OF,1922,7,21698.35,bbl,162898.19,mscf
ADR,Activité E&P,DP,OF,1922,8,1644.26,bbl,103037.58,mscf
ADR,Activité E&P,DP,OF,1922,9,35237.6,bbl,50200.84,mscf
ADR,Activité E&P,DP,OF,1922,10,1589.23,bbl,172490.22,mscf
ADR,Activité E&P,DP,OF,1922,11,3754.17,bbl,71577.29,mscf
ADR,Activité E&P,DP,OF,1922,12,46279.22,bbl,85492.08,mscf
ADR,Activité E&P,DP,OF,1923,1,14120.31,bbl,14371.49,mscf
ADR,Activité E&P,DP,OF,1923,2,48912.79,bbl,155064.74,mscf
ADR,Activité E&P,DP,OF,1923,3,36788.81,bbl,137877.13,mscf
ADR,Activité E&P,DP,OF,1923,4,8489.99,bbl,99729.82,mscf
ADR,Activité E&P,DP,OF,1923,5,20688.42,bbl,31792.59,mscf
ADR,Activité E&P,DP,OF,1923,6,40994.61,bbl,46438.64,mscf
ADR,Activité E&P,DP,OF,1923,7,8552.69,bbl,95191.83,mscf
ADR,Activité E&P,DP,OF,1923,8,17226.77,bbl,168072.08,mscf
ADR,Activité E&P,DP,OF,1923,9,7761.01,bbl,131523.4,mscf
ADR,Activité E&P,DP,OF,1923,10,2260.04,bbl,116268.41,mscf
ADR,Activité E&P,DP,OF,1923,11,46194.66,bbl,115664.65,mscf
ADR,Activité E&P,DP,OF,1923,12,32585.14,bbl,59349.93,mscf
ADR,Activité E&P,DP,OF,1924,1,39324.65,bbl,9089.42,mscf
ADR,Activité E&P,DP,OF,1924,2,41487.07,bbl,114250.45,mscf
ADR,Activité E&P,DP,OF,1924,3,16019.99,bbl,126172.43,mscf
ADR,Activité E&P,DP,OF,1924,4,9580.2,bbl,20293.08,mscf
ADR,Activité E&P,DP,OF,1924,5,29634.44,bbl,107069.82,mscf
ADR,Activité E&P,DP,OF,1924,6,44303.08,bbl,46491.3,mscf
ADR,Activité E&P,DP,OF,1924,7,6324.71,bbl,69631.83,mscf
ADR,Activité E&P,DP,OF,1924,8,13374.91,bbl,53355.6,mscf
ADR,Activité E&P,DP,OF,1924,9,27792.85,bbl,168761.93,mscf
ADR,Activité E&P,DP,OF,1924,10,47226.19,bbl,93002.71,mscf
ADR,Activité E&P,DP,OF,1924,11,24693.15,bbl,164012.69,mscf
ADR,Activité E&P,DP,OF,1924,12,45466.77,bbl,72237.78,mscf
ADR,Activité E&P,DP,OF,1925,1,12324.42,bbl,148956.47,mscf
ADR,Activité E&P,DP,OF,1925,2,16681.76,bbl,195029.09,mscf
ADR,Activité E&P,DP,OF,1925,3,2506.29,bbl,32840.7,mscf
ADR,Activité E&P,DP,OF,1925,4,47719.35,bbl,155531.85,mscf
ADR,Activité E&P,DP,OF,1925,5,48480.56,bbl,150248.21,mscf
ADR,Activité E&P,DP,OF,1925,6,46331.44,bbl,110752.52,mscf
ADR,Activité E&P,DP,OF,1925,7,21599.99,bbl,182328.19,mscf
ADR,Activité E&P,DP,OF,1925,8,9783.73,bbl,116186.62,mscf
ADR,Activité E&P,DP,OF,1925,9,27792.61,bbl,183385.83,mscf
ADR,Activité E&P,DP,OF,1925,10,27128.61,bbl,133241.2,mscf
ADR,Activité E&P,DP,OF,1925,11,16625.19,bbl,110620.33,mscf
ADR,Activité E&P,DP,OF,1925,12,38973.43,bbl,129439.02,mscf
ADR,Activité E&P,DP,OF,1926,1,1663.31,bbl,46011.9,mscf
ADR,Activité E&P,DP,OF,1926,2,34006.28,bbl,49073.52,mscf
ADR,Activité E&P,DP,OF,1926,3,42129.33,bbl,144968.7,mscf
ADR,Activité E&P,DP,OF,1926,4,39465.65,bbl,134546.47,mscf
ADR,Activité E&P,DP,OF,1926,5,35585.33,bbl,170753.56,mscf
ADR,Activité E&P,DP,OF,1926,6,45894.85,bbl,140428.31,mscf
ADR,Activité E&P,DP,OF,1926,7,20550.46,bbl,183982.0,mscf
ADR,Activité E&P,DP,OF,1926,8,5539.57,bbl,100128.03,mscf
ADR,Activité E&P,DP,OF,1926,9,48505.46,bbl,173663.76,mscf
ADR,Activité E&P,DP,OF,1926,10,29963.36,bbl,199386.6,mscf
ADR,Activité E&P,DP,OF,1926,11,11169.58,bbl,144741.16,mscf
ADR,Activité E&P,DP,OF,1926,12,2266.26,bbl,54419.42,mscf
ADR,Activité E&P,DP,OF,1927,1,40506.73,bbl,143693.3,mscf
ADR,Activité E&P,DP,OF,1927,2,27662.12,bbl,177555.4,mscf
ADR,Activité E&P,DP,OF,1927,3,11094.7,bbl,66777.8,mscf
ADR,Activité E&P,DP,OF,1927,4,47555.23,bbl,135179.62,mscf
ADR,Activité E&P,DP,OF,1927,5,49976.6,bbl,118039.69,mscf
ADR,Activité E&P,DP,OF,1927,6,19553.47,bbl,45882.47,mscf
ADR,Activité E&P,DP,OF,1927,7,42452.55,bbl,119164.21,mscf
ADR,Activité E&P,DP,OF,1927,8,39345.58,bbl,187901.67,mscf
ADR,Activité E&P,DP,OF,1927,9,2874.8,bbl,69995.95,mscf
ADR,Activité E&P,DP,OF,1927,10,42538.68,bbl,167228.6,mscf
ADR,Activité E&P,DP,OF,1927,11,27813.5,bbl,166845.17,mscf
ADR,Activité E&P,DP,OF,1927,12,18037.18,bbl,5735.68,mscf
ADR,Activité E&P,DP,OF,1928,1,36729.91,bbl,70425.42,mscf
ADR,Activité E&P,DP,OF,1928,2,34841.69,bbl,33966.36,mscf
ADR,Activité E&P,DP,OF,1928,3,20837.28,bbl,84086.41,mscf
ADR,Activité E&P,DP,OF,1928,4,36649.77,bbl,193628.92,mscf
ADR,Activité E&P,DP,OF,1928,5,17725.88,bbl,149789.26,mscf
ADR,Activité E&P,DP,OF,1928,6,15879.18,bbl,113492.05,mscf
ADR,Activité E&P,DP,OF,1928,7,32938.1,bbl,186937.87,mscf
ADR,Activité E&P,DP,OF,1928,8,16153.48,bbl,91256.9,mscf
ADR,Activité E&P,DP,OF,1928,9,1987.29,bbl,154639.36,mscf
ADR,Activité E&P,DP,OF,1928,10,48802.67,bbl,138260.64,mscf
ADR,Activité E&P,DP,OF,1928,11,11768.58,bbl,56452.83,mscf
ADR,Activité E&P,DP,OF,1928,12,30343.79,bbl,25547.24,mscf
ADR,Activité E&P,DP,OF,1929,1,29751.02,bbl,128172.8,mscf
ADR,Activité E&P,DP,OF,1929,2,39286.05,bbl,28716.2,mscf
ADR,Activité E&P,DP,OF,1929,3,4487.0,bbl,24853.7,mscf
ADR,Activité E&P,DP,OF,1929,4,34206.75,bbl,163309.18,mscf
ADR,Activité E&P,DP,OF,1929,5,31978.95,bbl,113243.1,mscf
ADR,Activité E&P,DP,OF,1929,6,47011.05,bbl,83340.02,mscf
ADR,Activité E&P,DP,OF,1929,7,4069.7,bbl,124920.78,mscf
ADR,Activité E&P,DP,OF,1929,8,4837.99,bbl,151532.98,mscf
ADR,Activité E&P,DP,OF,1929,9,5209.43,bbl,70257.42,mscf
ADR,Activité E&P,DP,OF,1929,10,31602.26,bbl,30048.35,mscf
ADR,Activité E&P,DP,OF,1929,11,40139.91,bbl,33221.75,mscf
ADR,Activité E&P,DP,OF,1929,12,1403.04,bbl,189819.0,mscf
ADR,Activité E&P,DP,OF,1930,1,23205.73,bbl,129936.33,mscf
ADR,Activité E&P,DP,OF,1930,2,10195.04,bbl,87019.37,mscf
ADR,Activité E&P,DP,OF,1930,3,36973.53,bbl,12171.85,mscf
ADR,Activité E&P,DP,OF,1930,4,44170.25,bbl,68187.73,mscf
ADR,Activité E&P,DP,OF,1930,5,47403.03,bbl,106037.18,mscf
ADR,Activité E&P,DP,OF,1930,6,20911.73,bbl,5203.74,mscf
ADR,Activité E&P,DP,OF,1930,7,30086.67,bbl,142932.6,mscf
ADR,Activité E&P,DP,OF,1930,8,40313.2,bbl,175790.58,mscf
ADR,Activité E&P,DP,OF,1930,9,22512.31,bbl,56516.67,mscf
ADR,Activité E&P,DP,OF,1930,10,43058.33,bbl,148212.46,mscf
ADR,Activité E&P,DP,OF,1930,11,16860.03,bbl,31487.62,mscf
ADR,Activité E&P,DP,OF,1930,12,1258.87,bbl,106793.82,mscf
ADR,Activité E&P,DP,OF,1931,1,21962.41,bbl,188567.58,mscf
ADR,Activité E&P,DP,OF,1931,2,45825.81,bbl,189294.2,mscf
ADR,Activité E&P,DP,OF,1931,3,5790.28,bbl,49191.15,mscf
ADR,Activité E&P,DP,OF,1931,4,24439.65,bbl,85323.66,mscf
ADR,Activité E&P,DP,OF,1931,5,19177.79,bbl,153403.41,mscf
ADR,Activité E&P,DP,OF,1931,6,31062.94,bbl,86639.71,mscf
ADR,Activité E&P,DP,OF,1931,7,46517.15,bbl,12344.25,mscf
ADR,Activité E&P,DP,OF,1931,8,31442.78,bbl,83226.92,mscf
ADR,Activité E&P,DP,OF,1931,9,10176.6,bbl,198336.0,mscf
ADR,Activité E&P,DP,OF,1931,10,26665.74,bbl,141225.5,mscf
ADR,Activité E&P,DP,OF,1931,11,13463.13,bbl,149452.59,mscf
ADR,Activité E&P,DP,OF,1931,12,28737.85,bbl,176177.84,mscf
ADR,Activité E&P,DP,OF,1932,1,9187.12,bbl,180665.9,mscf
ADR,Activité E&P,DP,OF,1932,2,45554.09,bbl,56927.52,mscf
ADR,Activité E&P,DP,OF,1932,3,14007.55,bbl,89184.01,mscf
ADR,Activité E&P,DP,OF,1932,4,8053.68,bbl,138870.81,mscf
ADR,Activité E&P,DP,OF,1932,5,28507.39,bbl,82684.95,mscf
ADR,Activité E&P,DP,OF,1932,6,46822.55,bbl,26230.07,mscf
ADR,Activité E&P,DP,OF,1932,7,29830.33,bbl,170101.34,mscf
ADR,Activité E&P,DP,OF,1932,8,9462.83,bbl,103644.3,mscf
ADR,Activité E&P,DP,OF,1932,9,1802.91,bbl,37348.47,mscf
ADR,Activité E&P,DP,OF,1932,10,12254.35,bbl,153154.96,mscf
ADR,Activité E&P,DP,OF,1932,11,15729.17,bbl,53005.92,mscf
ADR,Activité E&P,DP,OF,1932,12,1741.8,bbl,127458.42,mscf
ADR,Activité E&P,DP,OF,1933,1,38555.73,bbl,9189.85,mscf
ADR,Activité E&P,DP,OF,1933,2,34583.71,bbl,148265.89,mscf
ADR,Activité E&P,DP,OF,1933,3,44243.26,bbl,106044.18,mscf
ADR,Activité E&P,DP,OF,1933,4,26262.21,bbl,31544.4,mscf
ADR,Activité E&P,DP,OF,1933,5,16672.53,bbl,103198.82,mscf
ADR,Activité E&P,DP,OF,1933,6,7910.71,bbl,154442.6,mscf
ADR,Activité E&P,DP,OF,1933,7,35996.36,bbl,128707.7,mscf
ADR,Activité E&P,DP,OF,1933,8,23962.9,bbl,106333.65,mscf
ADR,Activité E&P,DP,OF,1933,9,40970.84,bbl,143471.48,mscf
ADR,Activité E&P,DP,OF,1933,10,19865.67,bbl,155666.36,mscf
ADR,Activité E&P,DP,OF,1933,11,49591.7,bbl,99953.26,mscf
ADR,Activité E&P,DP,OF,1933,12,1709.91,bbl,14044.93,mscf
ADR,Activité E&P,DP,OF,1934,1,9115.47,bbl,24643.82,mscf
ADR,Activité E&P,DP,OF,1934,2,47661.64,bbl,103716.93,mscf
ADR,Activité E&P,DP,OF,1934,3,4972.79,bbl,74057.79,mscf
ADR,Activité E&P,DP,OF,1934,4,39588.34,bbl,188542.37,mscf
ADR,Activité E&P,DP,OF,1934,5,25170.86,bbl,149964.38,mscf
ADR,Activité E&P,DP,OF,1934,6,40167.14,bbl,82864.19,mscf
ADR,Activité E&P,DP,OF,1934,7,33711.17,bbl,81905.32,mscf
ADR,Activité E&P,DP,OF,1934,8,44712.19,bbl,158215.62,mscf
ADR,Activité E&P,DP,OF,1934,9,49600.37,bbl,174836.11,mscf
ADR,Activité E&P,DP,OF,1934,10,31734.11,bbl,195264.69,mscf
ADR,Activité E&P,DP,OF,1934,11,8544.74,bbl,75727.37,mscf
ADR,Activité E&P,DP,OF,1934,12,35507.07,bbl,42278.57,mscf
ADR,Activité E&P,DP,OF,1935,1,7972.93,bbl,20272.47,mscf
ADR,Activité E&P,DP,OF,1935,2,46935.78,bbl,195482.59,mscf
ADR,Activité E&P,DP,OF,1935,3,37578.6,bbl,42148.56,mscf
ADR,Activité E&P,DP,OF,1935,4,38205.07,bbl,13265.08,mscf
ADR,Activité E&P,DP,OF,1935,5,24232.25,bbl,170167.69,mscf
ADR,Activité E&P,DP,OF,1935,6,14868.28,bbl,177445.16,mscf
ADR,Activité E&P,DP,OF,1935,7,2644.81,bbl,193998.61,mscf
ADR,Activité E&P,DP,OF,1935,8,12316.68,bbl,137810.17,mscf
ADR,Activité E&P,DP,OF,1935,9,37215.45,bbl,79841.95,mscf
ADR,Activité E&P,DP,OF,1935,10,24211.66,bbl,156503.59,mscf
ADR,Activité E&P,DP,OF,1935,11,26158.52,bbl,121460.23,mscf
ADR,Activité E&P,DP,OF,1935,12,7699.0,bbl,68873.37,mscf
ADR,Activité E&P,DP,OF,1936,1,13929.62,bbl,73318.82,mscf
ADR,Activité E&P,DP,OF,1936,2,34026.12,bbl,21396.45,mscf
ADR,Activité E&P,DP,OF,1936,3,38398.9,bbl,197176.06,mscf
ADR,Activité E&P,DP,OF,1936,4,20169.52,bbl,182577.02,mscf
ADR,Activité E&P,DP,OF,1936,5,23527.43,bbl,168669.66,mscf
ADR,Activité E&P,DP,OF,1936,6,20828.07,bbl,192743.1,mscf
ADR,Activité E&P,DP,OF,1936,7,5865.36,bbl,150045.56,mscf
ADR,Activité E&P,DP,OF,1936,8,48786.31,bbl,84910.22,mscf
ADR,Activité E&P,DP,OF,1936,9,13364.05,bbl,117353.87,mscf
ADR,Activité E&P,DP,OF,1936,10,28552.76,bbl,108810.76,mscf
ADR,Activité E&P,DP,OF,1936,11,27829.46,bbl,126054.84,mscf
ADR,Activité E&P,DP,OF,1936,12,26732.38,bbl,82376.88,mscf
ADR,Activité E&P,DP,OF,1937,1,12473.14,bbl,197806.05,mscf
ADR,Activité E&P,DP,OF,1937,2,22455.21,bbl,40661.93,mscf
ADR,Activité E&P,DP,OF,1937,3,4536.93,bbl,76772.13,mscf
ADR,Activité E&P,DP,OF,1937,4,32062.68,bbl,112603.04,mscf
ADR,Activité E&P,DP,OF,1937,5,43741.3,bbl,90748.09,mscf
ADR,Activité E&P,DP,OF,1937,6,28399.36,bbl,170131.7,mscf
ADR,Activité E&P,DP,OF,1937,7,46575.64,bbl,33582.03,mscf
ADR,Activité E&P,DP,OF,1937,8,5886.67,bbl,161924.0,mscf
ADR,Activité E&P,DP,OF,1937,9,29204.1,bbl,113353.15,mscf
ADR,Activité E&P,DP,OF,1937,10,15737.53,bbl,187921.28,mscf
ADR,Activité E&P,DP,OF,1937,11,32929.44,bbl,155610.37,mscf
ADR,Activité E&P,DP,OF,1937,12,29407.72,bbl,99581.03,mscf
ADR,Activité E&P,DP,OF,1938,1,41158.75,bbl,183163.11,mscf
ADR,Activité E&P,DP,OF,1938,2,8151.84,bbl,154081.12,mscf
ADR,Activité E&P,DP,OF,1938,3,18892.25,bbl,84942.39,mscf
ADR,Activité E&P,DP,OF,1938,4,27606.39,bbl,107168.2,mscf
ADR,Activité E&P,DP,OF,1938,5,1019.39,bbl,103714.69,mscf
ADR,Activité E&P,DP,OF,1938,6,18527.81,bbl,122793.0,mscf
ADR,Activité E&P,DP,OF,1938,7,27081.95,bbl,158486.14,mscf
ADR,Activité E&P,DP,OF,1938,8,49106.06,bbl,64245.9,mscf
ADR,Activité E&P,DP,OF,1938,9,23498.45,bbl,134382.66,mscf
ADR,Activité E&P,DP,OF,1938,10,33321.55,bbl,122917.67,mscf
ADR,Activité E&P,DP,OF,1938,11,28143.45,bbl,57389.64,mscf
ADR,Activité E&P,DP,OF,1938,12,48848.56,bbl,105140.07,mscf
ADR,Activité E&P,DP,OF,1939,1,14978.67,bbl,147103.76,mscf
ADR,Activité E&P,DP,OF,1939,2,12231.72,bbl,28123.39,mscf
ADR,Activité E&P,DP,OF,1939,3,40690.74,bbl,97972.77,mscf
ADR,Activité E&P,DP,OF,1939,4,29512.05,bbl,159467.5,mscf
ADR,Activité E&P,DP,OF,1939,5,17061.96,bbl,198671.43,mscf
ADR,Activité E&P,DP,OF,1939,6,5307.05,bbl,79709.42,mscf
ADR,Activité E&P,DP,OF,1939,7,45435.0,bbl,41891.78,mscf
ADR,Activité E&P,DP,OF,1939,8,42464.65,bbl,76092.91,mscf
ADR,Activité E&P,DP,OF,1939,9,3974.08,bbl,52101.59,mscf
ADR,Activité E&P,DP,OF,1939,10,27350.77,bbl,196154.21,mscf
ADR,Activité E&P,DP,OF,1939,11,46947.27,bbl,180265.92,mscf
ADR,Activité E&P,DP,OF,1939,12,8288.81,bbl,35615.23,mscf
ADR,Activité E&P,DP,OF,1940,1,11328.05,bbl,166564.89,mscf
ADR,Activité E&P,DP,OF,1940,2,38190.73,bbl,179878.68,mscf
ADR,Activité E&P,DP,OF,1940,3,28088.48,bbl,70627.87,mscf
ADR,Activité E&P,DP,OF,1940,4,40754.39,bbl,12012.28,mscf
ADR,Activité E&P,DP,OF,1940,5,3760.85,bbl,38628.19,mscf
ADR,Activité E&P,DP,OF,1940,6,38837.27,bbl,12996.94,mscf
ADR,Activité E&P,DP,OF,1940,7,7495.77,bbl,44487.12,mscf
ADR,Activité E&P,DP,OF,1940,8,18709.56,bbl,44952.35,mscf
ADR,Activité E&P,DP,OF,1940,9,15770.9,bbl,170017.06,mscf
ADR,Activité E&P,DP,OF,1940,10,13263.66,bbl,120126.67,mscf
ADR,Activité E&P,DP,OF,1940,11,42450.73,bbl,174677.9,mscf
ADR,Activité E&P,DP,OF,1940,12,39556.43,bbl,74059.38,mscf
ADR,Activité E&P,DP,OF,1941,1,37104.78,bbl,7752.63,mscf
ADR,Activité E&P,DP,OF,1941,2,43659.48,bbl,70249.24,mscf
ADR,Activité E&P,DP,OF,1941,3,9142.13,bbl,104571.85,mscf
ADR,Activité E&P,DP,OF,1941,4,24999.66,bbl,52257.35,mscf
ADR,Activité E&P,DP,OF,1941,5,22527.5,bbl,159067.89,mscf
ADR,Activité E&P,DP,OF,1941,6,23673.59,bbl,42600.37,mscf
ADR,Activité E&P,DP,OF,1941,7,11124.0,bbl,53350.96,mscf
ADR,Activité E&P,DP,OF,1941,8,7372.03,bbl,160287.25,mscf
ADR,Activité E&P,DP,OF,1941,9,34798.55,bbl,198159.73,mscf
ADR,Activité E&P,DP,OF,1941,10,16715.17,bbl,55076.04,mscf
ADR,Activité E&P,DP,OF,1941,11,3017.87,bbl,119692.46,mscf
ADR,Activité E&P,DP,OF,1941,12,42413.48,bbl,8258.33,mscf
ADR,Activité E&P,DP,OF,1942,1,45537.72,bbl,151886.36,mscf
ADR,Activité E&P,DP,OF,1942,2,18730.44,bbl,49725.07,mscf
ADR,Activité E&P,DP,OF,1942,3,7121.23,bbl,24243.79,mscf
ADR,Activité E&P,DP,OF,1942,4,7316.04,bbl,84742.91,mscf
ADR,Activité E&P,DP,OF,1942,5,1806.06,bbl,144118.57,mscf
ADR,Activité E&P,DP,OF,1942,6,29539.24,bbl,60502.35,mscf
ADR,Activité E&P,DP,OF,1942,7,49928.43,bbl,43090.95,mscf
ADR,Activité E&P,DP,OF,1942,8,9257.55,bbl,87764.0,mscf
ADR,Activité E&P,DP,OF,1942,9,24413.69,bbl,73181.43,mscf
ADR,Activité E&P,DP,OF,1942,10,45798.93,bbl,65161.15,mscf
ADR,Activité E&P,DP,OF,1942,11,31616.1,bbl,97781.01,mscf
ADR,Activité E&P,DP,OF,1942,12,13805.45,bbl,172436.15,mscf
ADR,Activité E&P,DP,OF,1943,1,27249.75,bbl,190289.84,mscf
ADR,Activité E&P,DP,OF,1943,2,28154.45,bbl,61011.9,mscf
ADR,Activité E&P,DP,OF,1943,3,43710.63,bbl,133312.81,mscf
ADR,Activité E&P,DP,OF,1943,4,24565.55,bbl,196902.46,mscf
ADR,Activité E&P,DP,OF,1943,5,34345.11,bbl,139660.33,mscf
ADR,Activité E&P,DP,OF,1943,6,25831.33,bbl,175705.75,mscf
ADR,Activité E&P,DP,OF,1943,7,5755.16,bbl,166428.49,mscf
ADR,Activité E&P,DP,OF,1943,8,21345.67,bbl,122694.8,mscf
ADR,Activité E&P,DP,OF,1943,9,5924.23,bbl,185423.21,mscf
ADR,Activité E&P,DP,OF,1943,10,43607.77,bbl,29069.48,mscf
ADR,Activité E&P,DP,OF,1943,11,35407.7,bbl,181043.09,mscf
ADR,Activité E&P,DP,OF,1943,12,24022.61,bbl,46566.12,mscf
ADR,Activité E&P,DP,OF,1944,1,32587.49,bbl,151626.61,mscf
ADR,Activité E&P,DP,OF,1944,2,33924.12,bbl,165518.71,mscf
ADR,Activité E&P,DP,OF,1944,3,15418.8,bbl,128952.69,mscf
ADR,Activité E&P,DP,OF,1944,4,42885.47,bbl,184318.17,mscf
ADR,Activité E&P,DP,OF,1944,5,22610.62,bbl,49114.53,mscf
ADR,Activité E&P,DP,OF,1944,6,14867.09,bbl,11339.54,mscf
ADR,Activité E&P,DP,OF,1944,7,44133.16,bbl,97224.48,mscf
ADR,Activité E&P,DP,OF,1944,8,36848.47,bbl,186827.36,mscf
ADR,Activité E&P,DP,OF,1944,9,13428.92,bbl,108255.12,mscf
ADR,Activité E&P,DP,OF,1944,10,47344.7,bbl,81916.08,mscf
ADR,Activité E&P,DP,OF,1944,11,4221.82,bbl,45403.47,mscf
ADR,Activité E&P,DP,OF,1944,12,18942.21,bbl,140237.94,mscf
ADR,Activité E&P,DP,OF,1945,1,7160.3,bbl,131371.35,mscf
ADR,Activité E&P,DP,OF,1945,2,41186.39,bbl,32032.69,mscf
ADR,Activité E&P,DP,OF,1945,3,1815.34,bbl,45593.86,mscf
ADR,Activité E&P,DP,OF,1945,4,27126.09,bbl,53510.92,mscf
ADR,Activité E&P,DP,OF,1945,5,11134.52,bbl,52583.69,mscf
ADR,Activité E&P,DP,OF,1945,6,49113.79,bbl,41908.64,mscf
ADR,Activité E&P,DP,OF,1945,7,38238.12,bbl,196112.93,mscf
ADR,Activité E&P,DP,OF,1945,8,37129.65,bbl,75213.29,mscf
ADR,Activité E&P,DP,OF,1945,9,28520.17,bbl,47956.57,mscf
ADR,Activité E&P,DP,OF,1945,10,3488.63,bbl,89471.42,mscf
ADR,Activité E&P,DP,OF,1945,11,31216.92,bbl,13572.06,mscf
ADR,Activité E&P,DP,OF,1945,12,21033.2,bbl,34230.73,mscf
ADR,Activité E&P,DP,OF,1946,1,42301.04,bbl,188330.61,mscf
ADR,Activité E&P,DP,OF,1946,2,46708.05,bbl,165209.47,mscf
ADR,Activité E&P,DP,OF,1946,3,23741.74,bbl,164550.29,mscf
ADR,Activité E&P,DP,OF,1946,4,42850.33,bbl,83302.72,mscf
ADR,Activité E&P,DP,OF,1946,5,37473.7,bbl,102623.87,mscf
ADR,Activité E&P,DP,OF,1946,6,8559.37,bbl,42726.82,mscf
ADR,Activité E&P,DP,OF,1946,7,22407.08,bbl,23789.62,mscf
ADR,Activité E&P,DP,OF,1946,8,1619.63,bbl,11278.78,mscf
ADR,Activité E&P,DP,OF,1946,9,31259.7,bbl,33489.12,mscf
ADR,Activité E&P,DP,OF,1946,10,18561.71,bbl,165469.63,mscf
ADR,Activité E&P,DP,OF,1946,11,23667.7,bbl,117346.88,mscf
ADR,Activité E&P,DP,OF,1946,12,14646.25,bbl,26223.74,mscf
ADR,Activité E&P,DP,OF,1947,1,17486.56,bbl,105406.14,mscf
ADR,Activité E&P,DP,OF,1947,2,30622.84,bbl,165078.09,mscf
ADR,Activité E&P,DP,OF,1947,3,36426.71,bbl,120068.62,mscf
ADR,Activité E&P,DP,OF,1947,4,19422.14,bbl,111023.14,mscf
ADR,Activité E&P,DP,OF,1947,5,20052.77,bbl,150868.91,mscf
ADR,Activité E&P,DP,OF,1947,6,9762.99,bbl,150329.18,mscf
ADR,Activité E&P,DP,OF,1947,7,41793.96,bbl,6026.25,mscf
ADR,Activité E&P,DP,OF,1947,8,22857.33,bbl,68602.37,mscf
ADR,Activité E&P,DP,OF,1947,9,11959.15,bbl,158371.7,mscf
ADR,Activité E&P,DP,OF,1947,10,21725.88,bbl,7516.69,mscf
ADR,Activité E&P,DP,OF,1947,11,48437.39,bbl,147474.03,mscf
ADR,Activité E&P,DP,OF,1947,12,42597.53,bbl,163313.8,mscf
ADR,Activité E&P,DP,OF,1948,1,49660.9,bbl,54499.15,mscf
ADR,Activité E&P,DP,OF,1948,2,22454.92,bbl,194375.99,mscf
ADR,Activité E&P,DP,OF,1948,3,42481.51,bbl,96793.92,mscf
ADR,Activité E&P,DP,OF,1948,4,21730.48,bbl,143651.8,mscf
ADR,Activité E&P,DP,OF,1948,5,11584.78,bbl,158650.36,mscf
ADR,Activité E&P,DP,OF,1948,6,44352.43,bbl,109027.91,mscf
ADR,Activité E&P,DP,OF,1948,7,6774.98,bbl,95692.83,mscf
ADR,Activité E&P,DP,OF,1948,8,46403.37,bbl,47557.8,mscf
ADR,Activité E&P,DP,OF,1948,9,19910.49,bbl,175673.86,mscf
ADR,Activité E&P,DP,OF,1948,10,42401.38,bbl,100020.87,mscf
ADR,Activité E&P,DP,OF,1948,11,4461.84,bbl,26073.46,mscf
ADR,Activité E&P,DP,OF,1948,12,23115.13,bbl,53818.72,mscf
ADR,Activité E&P,DP,OF,1949,1,3981.76,bbl,38186.63,mscf
ADR,Activité E&P,DP,OF,1949,2,41919.81,bbl,53250.84,mscf
ADR,Activité E&P,DP,OF,1949,3,6671.91,bbl,64104.16,mscf
ADR,Activité E&P,DP,OF,1949,4,41687.55,bbl,175896.29,mscf
ADR,Activité E&P,DP,OF,1949,5,3527.66,bbl,135571.67,mscf
ADR,Activité E&P,DP,OF,1949,6,18328.62,bbl,184669.69,mscf
ADR,Activité E&P,DP,OF,1949,7,18872.39,bbl,82512.77,mscf
ADR,Activité E&P,DP,OF,1949,8,9074.81,bbl,127579.96,mscf
ADR,Activité E&P,DP,OF,1949,9,34172.83,bbl,39993.55,mscf
ADR,Activité E&P,DP,OF,1949,10,21542.87,bbl,140236.78,mscf
ADR,Activité E&P,DP,OF,1949,11,23648.08,bbl,30777.4,mscf
ADR,Activité E&P,DP,OF,1949,12,24943.46,bbl,99418.81,mscf
REB,Activité E&P,DP,OF,1900,1,32260.91,bbl,128587.63,mscf
REB,Activité E&P,DP,OF,1900,2,2534.67,bbl,29309.27,mscf
REB,Activité E&P,DP,OF,1900,3,18140.24,bbl,150553.34,mscf
REB,Activité E&P,DP,OF,1900,4,24819.3,bbl,100883.69,mscf
REB,Activité E&P,DP,OF,1900,5,3973.1,bbl,64341.28,mscf
REB,Activité E&P,DP,OF,1900,6,3436.35,bbl,97013.34,mscf
REB,Activité E&P,DP,OF,1900,7,44397.48,bbl,110859.8,mscf
REB,Activité E&P,DP,OF,1900,8,14562.81,bbl,32797.44,mscf
REB,Activité E&P,DP,OF,1900,9,5545.1,bbl,41989.58,mscf
REB,Activité E&P,DP,OF,1900,10,18202.34,bbl,63434.52,mscf
REB,Activité E&P,DP,OF,1900,11,49545.72,bbl,32354.27,mscf
REB,Activité E&P,DP,OF,1900,12,30456.51,bbl,128960.63,mscf
REB,Activité E&P,DP,OF,1901,1,30150.6,bbl,74372.25,mscf
REB,Activité E&P,DP,OF,1901,2,41120.19,bbl,103908.54,mscf
REB,Activité E&P,DP,OF,1901,3,22906.0,bbl,105780.02,mscf
REB,Activité E&P,DP,OF,1901,4,3251.96,bbl,169290.37,mscf
REB,Activité E&P,DP,OF,1901,5,43395.45,bbl,114862.67,mscf
REB,Activité E&P,DP,OF,1901,6,36766.43,bbl,138658.96,mscf
REB,Activité E&P,DP,OF,1901,7,46527.31,bbl,96032.09,mscf
REB,Activité E&P,DP,OF,1901,8,42020.64,bbl,28884.67,mscf
REB,Activité E&P,DP,OF,1901,9,3675.38,bbl,45456.08,mscf
REB,Activité E&P,DP,OF,1901,10,22883.16,bbl,100253.07,mscf
REB,Activité E&P,DP,OF,1901,11,49950.31,bbl,186406.76,mscf
REB,Activité E&P,DP,OF,1901,12,20930.83,bbl,60442.5,mscf
REB,Activité E&P,DP,OF,1902,1,31931.08,bbl,101417.01,mscf
REB,Activité E&P,DP,OF,1902,2,44237.65,bbl,198442.72,mscf
REB,Activité E&P,DP,OF,1902,3,25958.4,bbl,115123.62,mscf
REB,Activité E&P,DP,OF,1902,4,49285.18,bbl,135775.04,mscf
REB,Activité E&P,DP,OF,1902,5,34878.81,bbl,73779.32,mscf
REB,Activité E&P,DP,OF,1902,6,23999.14,bbl,137976.29,mscf
REB,Activité E&P,DP,OF,1902,7,46491.87,bbl,81180.57,mscf
REB,Activité E&P,DP,OF,1902,8,38503.15,bbl,47212.48,mscf
REB,Activité E&P,DP,OF,1902,9,43156.53,bbl,96065.02,mscf
REB,Activité E&P,DP,OF,1902,10,37486.68,bbl,84612.37,mscf
REB,Activité E&P,DP,OF,1902,11,32908.56,bbl,123480.79,mscf
REB,Activité E&P,DP,OF,1902,12,11037.37,bbl,28993.3,mscf
REB,Activité E&P,DP,OF,1903,1,7979.79,bbl,135296.88,mscf
REB,Activité E&P,DP,OF,1903,2,42325.56,bbl,104400.4,mscf
REB,Activité E&P,DP,OF,1903,3,22269.38,bbl,83522.39,mscf
REB,Activité E&P,DP,OF,1903,4,19723.24,bbl,119408.09,mscf
REB,Activité E&P,DP,OF,1903,5,28518.39,bbl,112943.46,mscf
REB,Activité E&P,DP,OF,1903,6,6380.92,bbl,127573.12,mscf
REB,Activité E&P,DP,OF,1903,7,26236.2,bbl,66182.4,mscf
REB,Activité E&P,DP,OF,1903,8,19196.24,bbl,90644.19,mscf
REB,Activité E&P,DP,OF,1903,9,17652.2,bbl,62946.65,mscf
REB,Activité E&P,DP,OF,1903,10,39130.62,bbl,161619.9,mscf
REB,Activité E&P,DP,OF,1903,11,22327.63,bbl,85543.95,mscf
REB,Activité E&P,DP,OF,1903,12,47991.46,bbl,38500.9,mscf
REB,Activité E&P,DP,OF,1904,1,23141.74,bbl,13545.01,mscf
REB,Activité E&P,DP,OF,1904,2,8681.88,bbl,71891.87,mscf
REB,Activité E&P,DP,OF,1904,3,22789.03,bbl,134974.34,mscf
REB,Activité E&P,DP,OF,1904,4,28761.47,bbl,19734.72,mscf
REB,Activité E&P,DP,OF,1904,5,36780.07,bbl,66137.46,mscf
REB,Activité E&P,DP,OF,1904,6,21879.49,bbl,18019.72,mscf
REB,Activité E&P,DP,OF,1904,7,13087.94,bbl,28349.74,mscf
REB,Activité E&P,DP,OF,1904,8,1314.32,bbl,23115.94,mscf
REB,Activité E&P,DP,OF,1904,9,25404.2,bbl,151163.46,mscf
REB,Activité E&P,DP,OF,1904,10,4358.05,bbl,102170.17,mscf
REB,Activité E&P,DP,OF,1904,11,35481.26,bbl,46708.86,mscf
REB,Activité E&P,DP,OF,1904,12,1620.71,bbl,72176.52,mscf
REB,Activité E&P,DP,OF,1905,1,17732.73,bbl,31838.4,mscf
REB,Activité E&P,DP,OF,1905,2,19024.02,bbl,188754.42,mscf
REB,Activité E&P,DP,OF,1905,3,24187.36,bbl,55291.97,mscf
REB,Activité E&P,DP,OF,1905,4,37864.08,bbl,37585.91,mscf
REB,Activité E&P,DP,OF,1905,5,20184.62,bbl,171227.87,mscf
REB,Activité E&P,DP,OF,1905,6,49683.08,bbl,142918.29,mscf
REB,Activité E&P,DP,OF,1905,7,30878.22,bbl,122594.29,mscf
REB,Activité E&P,DP,OF,1905,8,18970.29,bbl,145013.81,mscf
REB,Activité E&P,DP,OF,1905,9,14135.03,bbl,195736.68,mscf
REB,Activité E&P,DP,OF,1905,10,6346.24,bbl,159272.57,mscf
REB,Activité E&P,DP,OF,1905,11,37687.63,bbl,14456.75,mscf
REB,Activité E&P,DP,OF,1905,12,34189.29,bbl,143345.58,mscf
REB,Activité E&P,DP,OF,1906,1,45543.52,bbl,29181.27,mscf
REB,Activité E&P,DP,OF,1906,2,7005.73,bbl,166287.04,mscf
REB,Activité E&P,DP,OF,1906,3,33698.33,bbl,167915.59,mscf
REB,Activité E&P,DP,OF,1906,4,25817.54,bbl,54409.78,mscf
REB,Activité E&P,DP,OF,1906,5,1327.36,bbl,52242.8,mscf
REB,Activité E&P,DP,OF,1906,6,8329.98,bbl,11727.91,mscf
REB,Activité E&P,DP,OF,1906,7,35338.38,bbl,72248.64,mscf
REB,Activité E&P,DP,OF,1906,8,45284.48,bbl,153246.43,mscf
REB,Activité E&P,DP,OF,1906,9,11428.2,bbl,197909.22,mscf
REB,Activité E&P,DP,OF,1906,10,38605.3,bbl,51066.44,mscf
REB,Activité E&P,DP,OF,1906,11,21248.19,bbl,42091.35,mscf
REB,Activité E&P,DP,OF,1906,12,39736.81,bbl,130096.77,mscf
REB,Activité E&P,DP,OF,1907,1,2058.38,bbl,136564.3,mscf
REB,Activité E&P,DP,OF,1907,2,34684.98,bbl,151396.85,mscf
REB,Activité E&P,DP,OF,1907,3,29925.35,bbl,48849.04,mscf
REB,Activité E&P,DP,OF,1907,4,1420.64,bbl,107637.18,mscf
REB,Activité E&P,DP,OF,1907,5,48714.26,bbl,166811.49,mscf
REB,Activité E&P,DP,OF,1907,6,10655.86,bbl,103067.82,mscf
REB,Activité E&P,DP,OF,1907,7,49501.81,bbl,138533.53,mscf
REB,Activité E&P,DP,OF,1907,8,45253.5,bbl,18318.77,mscf
REB,Activité E&P,DP,OF,1907,9,41078.69,bbl,147367.19,mscf
REB,Activité E&P,DP,OF,1907,10,42998.17,bbl,104335.72,mscf
REB,Activité E&P,DP,OF,1907,11,48441.36,bbl,138624.9,mscf
REB,Activité E&P,DP,OF,1907,12,8219.01,bbl,179371.83,mscf
REB,Activité E&P,DP,OF,1908,1,38095.1,bbl,199624.01,mscf
REB,Activité E&P,DP,OF,1908,2,30864.54,bbl,129260.92,mscf
REB,Activité E&P,DP,OF,1908,3,49376.09,bbl,195298.29,mscf
REB,Activité E&P,DP,OF,1908,4,45133.75,bbl,82086.29,mscf
REB,Activité E&P,DP,OF,1908,5,25961.87,bbl,82562.42,mscf
REB,Activité E&P,DP,OF,1908,6,25856.97,bbl,59087.16,mscf
REB,Activité E&P,DP,OF,1908,7,11412.64,bbl,176953.09,mscf
REB,Activité E&P,DP,OF,1908,8,49015.85,bbl,65026.68,mscf
REB,Activité E&P,DP,OF,1908,9,14789.26,bbl,57086.68,mscf
REB,Activité E&P,DP,OF,1908,10,31194.48,bbl,184478.26,mscf
REB,Activité E&P,DP,OF,1908,11,4057.7,bbl,38924.77,mscf
REB,Activité E&P,DP,OF,1908,12,38242.92,bbl,58519.39,mscf
REB,Activité E&P,DP,OF,1909,1,7662.54,bbl,124258.69,mscf
REB,Activité E&P,DP,OF,1909,2,12062.4,bbl,176968.02,mscf
REB,Activité E&P,DP,OF,1909,3,26441.72,bbl,153168.72,mscf
REB,Activité E&P,DP,OF,1909,4,5596.83,bbl,32020.08,mscf
REB,Activité E&P,DP,OF,1909,5,20983.44,bbl,190946.04,mscf
REB,Activité E&P,DP,OF,1909,6,16467.34,bbl,154043.16,mscf
REB,Activité E&P,DP,OF,1909,7,20554.71,bbl,48772.87,mscf
REB,Activité E&P,DP,OF,1909,8,17723.52,bbl,63487.89,mscf
REB,Activité E&P,DP,OF,1909,9,20163.63,bbl,176835.86,mscf
REB,Activité E&P,DP,OF,1909,10,13382.79,bbl,66435.44,mscf
REB,Activité E&P,DP,OF,1909,11,17278.39,bbl,131948.55,mscf
REB,Activité E&P,DP,OF,1909,12,47269.67,bbl,179170.31,mscf
REB,Activité E&P,DP,OF,1910,1,5832.7,bbl,111886.93,mscf
REB,Activité E&P,DP,OF,1910,2,34948.62,bbl,120584.26,mscf
REB,Activité E&P,DP,OF,1910,3,13834.55,bbl,165449.09,mscf
REB,Activité E&P,DP,OF,1910,4,27870.65,bbl,178303.68,mscf
REB,Activité E&P,DP,OF,1910,5,26526.02,bbl,52822.09,mscf
REB,Activité E&P,DP,OF,1910,6,35081.75,bbl,41781.66,mscf
REB,Activité E&P,DP,OF,1910,7,30408.47,bbl,156493.38,mscf
REB,Activité E&P,DP,OF,1910,8,7674.19,bbl,25059.51,mscf
REB,Activité E&P,DP,OF,1910,9,14043.69,bbl,16199.01,mscf
REB,Activité E&P,DP,OF,1910,10,5641.83,bbl,71740.48,mscf
REB,Activité E&P,DP,OF,1910,11,27026.67,bbl,35366.82,mscf
REB,Activité E&P,DP,OF,1910,12,8950.58,bbl,44676.43,mscf
REB,Activité E&P,DP,OF,1911,1,16631.72,bbl,125644.41,mscf
REB,Activité E&P,DP,OF,1911,2,5887.12,bbl,77664.89,mscf
REB,Activité E&P,DP,OF,1911,3,44093.78,bbl,135756.35,mscf
REB,Activité E&P,DP,OF,1911,4,26957.5,bbl,90391.25,mscf
REB,Activité E&P,DP,OF,1911,5,20712.6,bbl,194483.51,mscf
REB,Activité E&P,DP,OF,1911,6,5006.32,bbl,122523.37,mscf
REB,Activité E&P,DP,OF,1911,7,14410.67,bbl,84599.96,mscf
REB,Activité E&P,DP,OF,1911,8,17197.02,bbl,183463.98,mscf
REB,Activité E&P,DP,OF,1911,9,12216.29,bbl,160271.9,mscf
REB,Activité E&P,DP,OF,1911,10,26640.3,bbl,24914.15,mscf
REB,Activité E&P,DP,OF,1911,11,2360.95,bbl,134959.31,mscf
REB,Activité E&P,DP,OF,1911,12,15870.79,bbl,78495.84,mscf
REB,Activité E&P,DP,OF,1912,1,32776.24,bbl,48179.15,mscf
REB,Activité E&P,DP,OF,1912,2,49632.55,bbl,89147.65,mscf
REB,Activité E&P,DP,OF,1912,3,7313.18,bbl,63665.27,mscf
REB,Activité E&P,DP,OF,1912,4,45243.8,bbl,81211.7,mscf
REB,Activité E&P,DP,OF,1912,5,30454.57,bbl,94137.31,mscf
REB,Activité E&P,DP,OF,1912,6,11328.99,bbl,35045.6,mscf
REB,Activité E&P,DP,OF,1912,7,42231.78,bbl,67264.31,mscf
REB,Activité E&P,DP,OF,1912,8,32205.13,bbl,191657.51,mscf
REB,Activité E&P,DP,OF,1912,9,17024.63,bbl,43424.23,mscf
REB,Activité E&P,DP,OF,1912,10,13673.97,bbl,66394.99,mscf
REB,Activité E&P,DP,OF,1912,11,16721.99,bbl,15630.6,mscf
REB,Activité E&P,DP,OF,1912,12,14199.32,bbl,116605.52,mscf
REB,Activité E&P,DP,OF,1913,1,38468.6,bbl,106645.31,mscf
REB,Activité E&P,DP,OF,1913,2,20464.12,bbl,112341.66,mscf
REB,Activité E&P,DP,OF,1913,3,10623.81,bbl,103364.0,mscf
REB,Activité E&P,DP,OF,1913,4,23254.4,bbl,138717.11,mscf
REB,Activité E&P,DP,OF,1913,5,35475.46,bbl,157591.51,mscf
REB,Activité E&P,DP,OF,1913,6,49975.19,bbl,124023.37,mscf
REB,Activité E&P,DP,OF,1913,7,21871.24,bbl,98626.55,mscf
REB,Activité E&P,DP,OF,1913,8,3921.89,bbl,54695.16,mscf
REB,Activité E&P,DP,OF,1913,9,43158.87,bbl,129940.32,mscf
REB,Activité E&P,DP,OF,1913,10,29639.38,bbl,197586.73,mscf
REB,Activité E&P,DP,OF,1913,11,22852.6,bbl,139758.93,mscf
REB,Activité E&P,DP,OF,1913,12,1416.87,bbl,186689.96,mscf
REB,Activité E&P,DP,OF,1914,1,14522.91,bbl,32860.64,mscf
REB,Activité E&P,DP,OF,1914,2,46948.23,bbl,174373.51,mscf
REB,Activité E&P,DP,OF,1914,3,37317.6,bbl,157392.0,mscf
REB,Activité E&P,DP,OF,1914,4,34813.6,bbl,138203.69,mscf
REB,Activité E&P,DP,OF,1914,5,32998.83,bbl,169633.01,mscf
REB,Activité E&P,DP,OF,1914,6,28804.54,bbl,136264.88,mscf
REB,Activité E&P,DP,OF,1914,7,2899.15,bbl,32071.52,mscf
REB,Activité E&P,DP,OF,1914,8,35445.29,bbl,190799.76,mscf
REB,Activité E&P,DP,OF,1914,9,45679.79,bbl,53704.46,mscf
REB,Activité E&P,DP,OF,1914,10,5417.93,bbl,108556.62,mscf
REB,Activité E&P,DP,OF,1914,11,20165.68,bbl,183349.45,mscf
REB,Activité E&P,DP,OF,1914,12,20070.47,bbl,114667.91,mscf
REB,Activité E&P,DP,OF,1915,1,31094.63,bbl,174161.17,mscf
REB,Activité E&P,DP,OF,1915,2,8809.24,bbl,143439.54,mscf
REB,Activité E&P,DP,OF,1915,3,36174.57,bbl,117125.03,mscf
REB,Activité E&P,DP,OF,1915,4,29986.08,bbl,176265.58,mscf
REB,Activité E&P,DP,OF,1915,5,49065.27,bbl,84323.29,mscf
REB,Activité E&P,DP,OF,1915,6,37267.28,bbl,6486.7,mscf
REB,Activité E&P,DP,OF,1915,7,34747.83,bbl,96828.05,mscf
REB,Activité E&P,DP,OF,1915,8,23576.26,bbl,101629.12,mscf
REB,Activité E&P,DP,OF,1915,9,24144.15,bbl,84563.99,mscf
REB,Activité E&P,DP,OF,1915,10,46720.7,bbl,80739.05,mscf
REB,Activité E&P,DP,OF,1915,11,8177.79,bbl,52420.82,mscf
REB,Activité E&P,DP,OF,1915,12,42072.41,bbl,146051.29,mscf
REB,Activité E&P,DP,OF,1916,1,40367.75,bbl,20758.07,mscf
REB,Activité E&P,DP,OF,1916,2,23849.98,bbl,119233.33,mscf
REB,Activité E&P,DP,OF,1916,3,49119.09,bbl,112422.41,mscf
REB,Activité E&P,DP,OF,1916,4,21667.71,bbl,116736.33,mscf
REB,Activité E&P,DP,OF,1916,5,21548.03,bbl,154961.16,mscf
REB,Activité E&P,DP,OF,1916,6,30312.8,bbl,80957.57,mscf
REB,Activité E&P,DP,OF,1916,7,3564.45,bbl,47707.12,mscf
REB,Activité E&P,DP,OF,1916,8,10666.9,bbl,149262.11,mscf
REB,Activité E&P,DP,OF,1916,9,13687.41,bbl,189291.89,mscf
REB,Activité E&P,DP,OF,1916,10,48805.28,bbl,82493.72,mscf
REB,Activité E&P,DP,OF,1916,11,40190.26,bbl,107624.61,mscf
REB,Activité E&P,DP,OF,1916,12,46446.82,bbl,79394.95,mscf
REB,Activité E&P,DP,OF,1917,1,11638.44,bbl,133084.98,mscf
REB,Activité E&P,DP,OF,1917,2,34778.41,bbl,108103.22,mscf
REB,Activité E&P,DP,OF,1917,3,2924.68,bbl,116326.79,mscf
REB,Activité E&P,DP,OF,1917,4,12396.53,bbl,193741.38,mscf
REB,Activité E&P,DP,OF,1917,5,26552.71,bbl,160061.41,mscf
REB,Activité E&P,DP,OF,1917,6,23971.54,bbl,192660.84,mscf
REB,Activité E&P,DP,OF,1917,7,28640.32,bbl,141667.31,mscf
REB,Activité E&P,DP,OF,1917,8,31022.37,bbl,113486.87,mscf
REB,Activité E&P,DP,OF,1917,9,18762.86,bbl,82580.15,mscf
REB,Activité E&P,DP,OF,1917,10,23814.71,bbl,100556.89,mscf
REB,Activité E&P,DP,OF,1917,11,4538.98,bbl,148015.57,mscf
REB,Activité E&P,DP,OF,1917,12,46290.95,bbl,84339.12,mscf
REB,Activité E&P,DP,OF,1918,1,25713.81,bbl,146454.55,mscf
REB,Activité E&P,DP,OF,1918,2,15415.78,bbl,42488.77,mscf
REB,Activité E&P,DP,OF,1918,3,15965.68,bbl,41539.4,mscf
REB,Activité E&P,DP,OF,1918,4,44970.85,bbl,164436.93,mscf
REB,Activité E&P,DP,OF,1918,5,32975.63,bbl,42389.67,mscf
REB,Activité E&P,DP,OF,1918,6,28711.35,bbl,168159.65,mscf
REB,Activité E&P,DP,OF,1918,7,14657.69,bbl,186634.65,mscf
REB,Activité E&P,DP,OF,1918,8,29030.06,bbl,129511.3,mscf
REB,Activité E&P,DP,OF,1918,9,17319.44,bbl,115112.83,mscf
REB,Activité E&P,DP,OF,1918,10,41759.34,bbl,37668.13,mscf
REB,Activité E&P,DP,OF,1918,11,17678.37,bbl,69187.94,mscf
REB,Activité E&P,DP,OF,1918,12,22796.59,bbl,32339.47,mscf
REB,Activité E&P,DP,OF,1919,1,7647.62,bbl,145203.16,mscf
REB,Activité E&P,DP,OF,1919,2,42774.71,bbl,94286.46,mscf
REB,Activité E&P,DP,OF,1919,3,5435.34,bbl,26696.41,mscf
REB,Activité E&P,DP,OF,1919,4,8318.99,bbl,121737.5,mscf
REB,Activité E&P,DP,OF,1919,5,5491.13,bbl,15476.4,mscf
REB,Activité E&P,DP,OF,1919,6,6441.57,bbl,199321.64,mscf
REB,Activité E&P,DP,OF,1919,7,28145.5,bbl,174177.69,mscf
REB,Activité E&P,DP,OF,1919,8,2894.17,bbl,144415.85,mscf
REB,Activité E&P,DP,OF,1919,9,49243.25,bbl,89957.47,mscf
REB,Activité E&P,DP,OF,1919,10,48072.31,bbl,45289.9,mscf
REB,Activité E&P,DP,OF,1919,11,15615.36,bbl,119310.86,mscf
REB,Activité E&P,DP,OF,1919,12,30240.6,bbl,57942.75,mscf
REB,Activité E&P,DP,OF,1920,1,21996.33,bbl,129371.48,mscf
REB,Activité E&P,DP,OF,1920,2,6927.16,bbl,139828.27,mscf
REB,Activité E&P,DP,OF,1920,3,26110.48,bbl,40516.26,mscf
REB,Activité E&P,DP,OF,1920,4,14000.67,bbl,110462.0,mscf
REB,Activité E&P,DP,OF,1920,5,3674.57,bbl,102137.35,mscf
REB,Activité E&P,DP,OF,1920,6,25461.81,bbl,95152.75,mscf
REB,Activité E&P,DP,OF,1920,7,22653.51,bbl,55482.73,mscf
REB,Activité E&P,DP,OF,1920,8,10435.65,bbl,20049.08,mscf
REB,Activité E&P,DP,OF,1920,9,46955.27,bbl,69302.93,mscf
REB,Activité E&P,DP,OF,1920,10,36688.87,bbl,52559.42,mscf
REB,Activité E&P,DP,OF,1920,11,5526.31,bbl,123975.36,mscf
REB,Activité E&P,DP,OF,1920,12,16872.34,bbl,100212.71,mscf
REB,Activité E&P,DP,OF,1921,1,30513.36,bbl,124331.62,mscf
REB,Activité E&P,DP,OF,1921,2,36456.36,bbl,16500.85,mscf
REB,Activité E&P,DP,OF,1921,3,22352.54,bbl,86221.42,mscf
REB,Activité E&P,DP,OF,1921,4,44715.03,bbl,175924.48,mscf
REB,Activité E&P,DP,OF,1921,5,33230.96,bbl,132180.02,mscf
REB,Activité E&P,DP,OF,1921,6,27673.38,bbl,48986.84,mscf
REB,Activité E&P,DP,OF,1921,7,1747.93,bbl,192568.12,mscf
REB,Activité E&P,DP,OF,1921,8,11813.58,bbl,88536.59,mscf
REB,Activité E&P,DP,OF,1921,9,1319.21,bbl,126447.81,mscf
REB,Activité E&P,DP,OF,1921,10,18644.28,bbl,199951.7,mscf
REB,Activité E&P,DP,OF,1921,11,42510.26,bbl,161601.4,mscf
REB,Activité E&P,DP,OF,1921,12,38857.0,bbl,73334.21,mscf
REB,Activité E&P,DP,OF,1922,1,11216.44,bbl,59821.61,mscf
REB,Activité E&P,DP,OF,1922,2,19298.84,bbl,51228.02,mscf
REB,Activité E&P,DP,OF,1922,3,18353.71,bbl,78218.53,mscf
REB,Activité E&P,DP,OF,1922,4,48815.85,bbl,33422.83,mscf
REB,Activité E&P,DP,OF,1922,5,27355.93,bbl,122172.42,mscf
REB,Activité E&P,DP,OF,1922,6,31226.67,bbl,146144.15,mscf
REB,Activité E&P,DP,OF,1922,7,30963.54,bbl,109459.36,mscf
REB,Activité E&P,DP,OF,1922,8,39273.25,bbl,15560.25,mscf
REB,Activité E&P,DP,OF,1922,9,13134.74,bbl,157189.57,mscf
REB,Activité E&P,DP,OF,1922,10,38008.36,bbl,142710.58,mscf
REB,Activité E&P,DP,OF,1922,11,46098.76,bbl,65801.32,mscf
REB,Activité E&P,DP,OF,1922,12,48272.82,bbl,132737.55,mscf
REB,Activité E&P,DP,OF,1923,1,24643.06,bbl,75772.98,mscf
REB,Activité E&P,DP,OF,1923,2,20496.09,bbl,142902.08,mscf
REB,Activité E&P,DP,OF,1923,3,9100.57,bbl,122893.36,mscf
REB,Activité E&P,DP,OF,1923,4,45777.39,bbl,159859.46,mscf
REB,Activité E&P,DP,OF,1923,5,13842.02,bbl,78474.94,mscf
REB,Activité E&P,DP,OF,1923,6,12119.08,bbl,32655.68,mscf
REB,Activité E&P,DP,OF,1923,7,33879.6,bbl,165709.9,mscf
REB,Activité E&P,DP,OF,1923,8,7488.29,bbl,46669.7,mscf
REB,Activité E&P,DP,OF,1923,9,4572.7,bbl,122235.49,mscf
REB,Activité E&P,DP,OF,1923,10,13544.3,bbl,39608.38,mscf
REB,Activité E&P,DP,OF,1923,11,16434.71,bbl,87982.94,mscf
REB,Activité E&P,DP,OF,1923,12,17706.65,bbl,27054.44,mscf
REB,Activité E&P,DP,OF,1924,1,4064.91,bbl,130878.75,mscf
REB,Activité E&P,DP,OF,1924,2,1326.73,bbl,26547.96,mscf
REB,Activité E&P,DP,OF,1924,3,48459.97,bbl,133497.45,mscf
REB,Activité E&P,DP,OF,1924,4,3818.91,bbl,21372.98,mscf
REB,Activité E&P,DP,OF,1924,5,38390.84,bbl,186300.05,mscf
REB,Activité E&P,DP,OF,1924,6,40668.79,bbl,84595.82,mscf
REB,Activité E&P,DP,OF,1924,7,26494.27,bbl,131577.27,mscf
REB,Activité E&P,DP,OF,1924,8,42791.17,bbl,123943.87,mscf
REB,Activité E&P,DP,OF,1924,9,20810.95,bbl,132089.62,mscf
REB,Activité E&P,DP,OF,1924,10,36304.85,bbl,196556.64,mscf
REB,Activité E&P,DP,OF,1924,11,10418.7,bbl,9948.45,mscf
REB,Activité E&P,DP,OF,1924,12,5445.87,bbl,178757.05,mscf
REB,Activité E&P,DP,OF,1925,1,48137.84,bbl,147754.6,mscf
REB,Activité E&P,DP,OF,1925,2,35393.62,bbl,9554.27,mscf
REB,Activité E&P,DP,OF,1925,3,45099.89,bbl,80536.6,mscf
REB,Activité E&P,DP,OF,1925,4,14223.56,bbl,82223.47,mscf
REB,Activité E&P,DP,OF,1925,5,36334.86,bbl,132751.17,mscf
REB,Activité E&P,DP,OF,1925,6,37803.61,bbl,39489.81,mscf
REB,Activité E&P,DP,OF,1925,7,19790.82,bbl,95220.84,mscf
REB,Activité E&P,DP,OF,1925,8,19839.52,bbl,36963.22,mscf
REB,Activité E&P,DP,OF,1925,9,18081.14,bbl,99848.84,mscf
REB,Activité E&P,DP,OF,1925,10,24971.1,bbl,95521.98,mscf
REB,Activité E&P,DP,OF,1925,11,12333.68,bbl,170346.61,mscf
REB,Activité E&P,DP,OF,1925,12,14022.84,bbl,67761.82,mscf
REB,Activité E&P,DP,OF,1926,1,48156.79,bbl,180596.1,mscf
REB,Activité E&P,DP,OF,1926,2,2264.32,bbl,58721.77,mscf
REB,Activité E&P,DP,OF,1926,3,1168.73,bbl,8462.74,mscf
REB,Activité E&P,DP,OF,1926,4,31921.4,bbl,71005.83,mscf
REB,Activité E&P,DP,OF,1926,5,47691.91,bbl,121765.75,mscf
REB,Activité E&P,DP,OF,1926,6,30200.96,bbl,86857.08,mscf
REB,Activité E&P,DP,OF,1926,7,3164.06,bbl,162208.51,mscf
REB,Activité E&P,DP,OF,1926,8,48049.44,bbl,184042.99,mscf
REB,Activité E&P,DP,OF,1926,9,13482.66,bbl,154840.74,mscf
REB,Activité E&P,DP,OF,1926,10,11784.08,bbl,153842.11,mscf
REB,Activité E&P,DP,OF,1926,11,34666.05,bbl,32852.26,mscf
REB,Activité E&P,DP,OF,1926,12,20312.02,bbl,197604.2,mscf
REB,Activité E&P,DP,OF,1927,1,20950.16,bbl,192297.96,mscf
REB,Activité E&P,DP,OF,1927,2,41766.34,bbl,120951.0,mscf
REB,Activité E&P,DP,OF,1927,3,46657.3,bbl,134628.69,mscf
REB,Activité E&P,DP,OF,1927,4,16040.52,bbl,51760.65,mscf
REB,Activité E&P,DP,OF,1927,5,31979.26,bbl,33161.59,mscf
REB,Activité E&P,DP,OF,1927,6,22167.73,bbl,97341.63,mscf
REB,Activité E&P,DP,OF,1927,7,23196.32,bbl,63722.33,mscf
REB,Activité E&P,DP,OF,1927,8,3896.7,bbl,105860.99,mscf
REB,Activité E&P,DP,OF,1927,9,18187.57,bbl,37261.06,mscf
REB,Activité E&P,DP,OF,1927,10,25521.19,bbl,114753.71,mscf
REB,Activité E&P,DP,OF,1927,11,16115.36,bbl,78391.33,mscf
REB,Activité E&P,DP,OF,1927,12,28838.11,bbl,93563.0,mscf
REB,Activité E&P,DP,OF,1928,1,33639.95,bbl,144147.91,mscf
REB,Activité E&P,DP,OF,1928,2,28514.22,bbl,16797.86,mscf
REB,Activité E&P,DP,OF,1928,3,12149.38,bbl,127379.32,mscf
REB,Activité E&P,DP,OF,1928,4,28532.62,bbl,122032.45,mscf
REB,Activité E&P,DP,OF,1928,5,9656.74,bbl,56887.35,mscf
REB,Activité E&P,DP,OF,1928,6,13864.57,bbl,171131.74,mscf
REB,Activité E&P,DP,OF,1928,7,43367.44,bbl,33145.84,mscf
REB,Activité E&P,DP,OF,1928,8,8157.32,bbl,117204.23,mscf
REB,Activité E&P,DP,OF,1928,9,29678.92,bbl,52007.14,mscf
REB,Activité E&P,DP,OF,1928,10,21141.29,bbl,66909.09,mscf
REB,Activité E&P,DP,OF,1928,11,33812.8,bbl,28490.61,mscf
REB,Activité E&P,DP,OF,1928,12,21310.43,bbl,74905.96,mscf
REB,Activité E&P,DP,OF,1929,1,2581.29,bbl,176449.9,mscf
REB,Activité E&P,DP,OF,1929,2,29028.33,bbl,182461.38,mscf
REB,Activité E&P,DP,OF,1929,3,28146.76,bbl,194504.28,mscf
REB,Activité E&P,DP,OF,1929,4,9995.98,bbl,24015.78,mscf
REB,Activité E&P,DP,OF,1929,5,49578.67,bbl,197356.65,mscf
REB,Activité E&P,DP,OF,1929,6,28967.56,bbl,46898.56,mscf
REB,Activité E&P,DP,OF,1929,7,2395.87,bbl,180885.59,mscf
REB,Activité E&P,DP,OF,1929,8,5625.31,bbl,107602.5,mscf
REB,Activité E&P,DP,OF,1929,9,9646.08,bbl,198653.36,mscf
REB,Activité E&P,DP,OF,1929,10,42163.33,bbl,30104.49,mscf
REB,Activité E&P,DP,OF,1929,11,3651.86,bbl,129958.22,mscf
REB,Activité E&P,DP,OF,1929,12,8233.54,bbl,91063.83,mscf
REB,Activité E&P,DP,OF,1930,1,41302.32,bbl,150611.2,mscf
REB,Activité E&P,DP,OF,1930,2,30787.11,bbl,35420.78,mscf
REB,Activité E&P,DP,OF,1930,3,3637.72,bbl,66168.54,mscf
REB,Activité E&P,DP,OF,1930,4,48005.15,bbl,191514.12,mscf
REB,Activité E&P,DP,OF,1930,5,5779.79,bbl,21733.8,mscf
REB,Activité E&P,DP,OF,1930,6,31432.56,bbl,88443.18,mscf
REB,Activité E&P,DP,OF,1930,7,48080.24,bbl,144705.07,mscf
REB,Activité E&P,DP,OF,1930,8,13152.92,bbl,167261.89,mscf
REB,Activité E&P,DP,OF,1930,9,8565.13,bbl,71947.8,mscf
REB,Activité E&P,DP,OF,1930,10,45086.99,bbl,28105.72,mscf
REB,Activité E&P,DP,OF,1930,11,47946.92,bbl,111228.65,mscf
REB,Activité E&P,DP,OF,1930,12,47944.41,bbl,157169.69,mscf
REB,Activité E&P,DP,OF,1931,1,38188.69,bbl,19230.13,mscf
REB,Activité E&P,DP,OF,1931,2,38594.83,bbl,144086.12,mscf
REB,Activité E&P,DP,OF,1931,3,9199.12,bbl,40046.56,mscf
REB,Activité E&P,DP,OF,1931,4,21111.3,bbl,31804.38,mscf
REB,Activité E&P,DP,OF,1931,5,36158.47,bbl,151534.3,mscf
REB,Activité E&P,DP,OF,1931,6,9356.69,bbl,160760.6,mscf
REB,Activité E&P,DP,OF,1931,7,42942.62,bbl,176037.82,mscf
REB,Activité E&P,DP,OF,1931,8,19771.08,bbl,44317.64,mscf
REB,Activité E&P,DP,OF,1931,9,47378.33,bbl,28673.89,mscf
REB,Activité E&P,DP,OF,1931,10,28070.91,bbl,68397.77,mscf
REB,Activité E&P,DP,OF,1931,11,10161.11,bbl,137590.92,mscf
REB,Activité E&P,DP,OF,1931,12,5686.62,bbl,185986.23,mscf
REB,Activité E&P,DP,OF,1932,1,36167.78,bbl,19947.72,mscf
REB,Activité E&P,DP,OF,1932,2,4473.28,bbl,89815.05,mscf
REB,Activité E&P,DP,OF,1932,3,32231.47,bbl,120172.5,mscf
REB,Activité E&P,DP,OF,1932,4,35129.57,bbl,30151.42,mscf
REB,Activité E&P,DP,OF,1932,5,21009.21,bbl,116247.7,mscf
REB,Activité E&P,DP,OF,1932,6,35514.69,bbl,114261.5,mscf
REB,Activité E&P,DP,OF,1932,7,3571.28,bbl,155542.36,mscf
REB,Activité E&P,DP,OF,1932,8,13824.4,bbl,58967.71,mscf
REB,Activité E&P,DP,OF,1932,9,20271.24,bbl,176679.86,mscf
REB,Activité E&P,DP,OF,1932,10,35413.11,bbl,71757.01,mscf
REB,Activité E&P,DP,OF,1932,11,17113.96,bbl,133312.68,mscf
REB,Activité E&P,DP,OF,1932,12,25200.85,bbl,41124.88,mscf
REB,Activité E&P,DP,OF,1933,1,25818.99,bbl,36438.92,mscf
REB,Activité E&P,DP,OF,1933,2,49625.09,bbl,57758.45,mscf
REB,Activité E&P,DP,OF,1933,3,4597.02,bbl,11370.44,mscf
REB,Activité E&P,DP,OF,1933,4,34778.54,bbl,11073.62,mscf
REB,Activité E&P,DP,OF,1933,5,2769.49,bbl,155313.8,mscf
REB,Activité E&P,DP,OF,1933,6,12718.01,bbl,94956.78,mscf
REB,Activité E&P,DP,OF,1933,7,40388.4,bbl,148097.98,mscf
REB,Activité E&P,DP,OF,1933,8,12778.33,bbl,135643.73,mscf
REB,Activité E&P,DP,OF,1933,9,32747.99,bbl,35560.15,mscf
REB,Activité E&P,DP,OF,1933,10,44138.16,bbl,130311.94,mscf
REB,Activité E&P,DP,OF,1933,11,7756.9,bbl,194875.71,mscf
REB,Activité E&P,DP,OF,1933,12,49433.35,bbl,72523.17,mscf
REB,Activité E&P,DP,OF,1934,1,23121.72,bbl,90722.86,mscf
REB,Activité E&P,DP,OF,1934,2,7749.48,bbl,86034.23,mscf
REB,Activité E&P,DP,OF,1934,3,32583.83,bbl,188436.15,mscf
REB,Activité E&P,DP,OF,1934,4,48245.02,bbl,7060.57,mscf
REB,Activité E&P,DP,OF,1934,5,29358.2,bbl,54477.44,mscf
REB,Activité E&P,DP,OF,1934,6,9687.28,bbl,151606.53,mscf
REB,Activité E&P,DP,OF,1934,7,37284.27,bbl,71857.76,mscf
REB,Activité E&P,DP,OF,1934,8,27901.97,bbl,181449.19,mscf
REB,Activité E&P,DP,OF,1934,9,47300.36,bbl,110220.44,mscf
REB,Activité E&P,DP,OF,1934,10,24926.88,bbl,164600.06,mscf
REB,Activité E&P,DP,OF,1934,11,30658.89,bbl,107177.81,mscf
REB,Activité E&P,DP,OF,1934,12,24482.41,bbl,56668.38,mscf
REB,Activité E&P,DP,OF,1935,1,8533.41,bbl,109838.55,mscf
REB,Activité E&P,DP,OF,1935,2,49503.51,bbl,143168.44,mscf
REB,Activité E&P,DP,OF,1935,3,34026.3,bbl,132706.79,mscf
REB,Activité E&P,DP,OF,1935,4,8403.86,bbl,101662.09,mscf
REB,Activité E&P,DP,OF,1935,5,43784.72,bbl,95100.0,mscf
REB,Activité E&P,DP,OF,1935,6,6668.14,bbl,47907.15,mscf
REB,Activité E&P,DP,OF,1935,7,22617.18,bbl,19261.39,mscf
REB,Activité E&P,DP,OF,1935,8,31355.2,bbl,115352.41,mscf
REB,Activité E&P,DP,OF,1935,9,10304.09,bbl,141071.13,mscf
REB,Activité E&P,DP,OF,1935,10,26132.93,bbl,177111.33,mscf
REB,Activité E&P,DP,OF,1935,11,39682.58,bbl,89926.02,mscf
REB,Activité E&P,DP,OF,1935,12,13369.33,bbl,27592.53,mscf
REB,Activité E&P,DP,OF,1936,1,48295.37,bbl,14565.69,mscf
REB,Activité E&P,DP,OF,1936,2,48385.79,bbl,159958.96,mscf
REB,Activité E&P,DP,OF,1936,3,32027.31,bbl,19310.28,mscf
REB,Activité E&P,DP,OF,1936,4,9597.66,bbl,49220.98,mscf
REB,Activité E&P,DP,OF,1936,5,32421.36,bbl,134058.64,mscf
REB,Activité E&P,DP,OF,1936,6,23460.97,bbl,55794.46,mscf
REB,Activité E&P,DP,OF,1936,7,13169.46,bbl,65058.71,mscf
REB,Activité E&P,DP,OF,1936,8,45968.82,bbl,198878.59,mscf
REB,Activité E&P,DP,OF,1936,9,14316.56,bbl,167186.01,mscf
REB,Activité E&P,DP,OF,1936,10,3201.29,bbl,122620.81,mscf
REB,Activité E&P,DP,OF,1936,11,26608.47,bbl,153049.4,mscf
REB,Activité E&P,DP,OF,1936,12,48642.24,bbl,31553.89,mscf
REB,Activité E&P,DP,OF,1937,1,20787.57,bbl,139416.98,mscf
REB,Activité E&P,DP,OF,1937,2,4759.34,bbl,193284.54,mscf
REB,Activité E&P,DP,OF,1937,3,29754.2,bbl,27003.5,mscf
REB,Activité E&P,DP,OF,1937,4,2005.77,bbl,76138.31,mscf
REB,Activité E&P,DP,OF,1937,5,45493.08,bbl,61197.58,mscf
REB,Activité E&P,DP,OF,1937,6,43150.03,bbl,64058.53,mscf
REB,Activité E&P,DP,OF,1937,7,33100.62,bbl,59583.65,mscf
REB,Activité E&P,DP,OF,1937,8,19264.82,bbl,132555.34,mscf
REB,Activité E&P,DP,OF,1937,9,3030.2,bbl,60867.08,mscf
REB,Activité E&P,DP,OF,1937,10,32795.05,bbl,164592.34,mscf
REB,Activité E&P,DP,OF,1937,11,19126.44,bbl,85108.32,mscf
REB,Activité E&P,DP,OF,1937,12,45355.44,bbl,171947.58,mscf
REB,Activité E&P,DP,OF,1938,1,18221.27,bbl,192569.5,mscf
REB,Activité E&P,DP,OF,1938,2,10447.0,bbl,147040.67,mscf
REB,Activité E&P,DP,OF,1938,3,12745.22,bbl,114219.0,mscf
REB,Activité E&P,DP,OF,1938,4,36588.08,bbl,43170.77,mscf
REB,Activité E&P,DP,OF,1938,5,13867.42,bbl,120258.48,mscf
REB,Activité E&P,DP,OF,1938,6,38758.57,bbl,114309.92,mscf
REB,Activité E&P,DP,OF,1938,7,44947.24,bbl,47622.99,mscf
REB,Activité E&P,DP,OF,1938,8,15021.62,bbl,191168.54,mscf
REB,Activité E&P,DP,OF,1938,9,49009.01,bbl,107672.51,mscf
REB,Activité E&P,DP,OF,1938,10,20245.77,bbl,73659.45,mscf
REB,Activité E&P,DP,OF,1938,11,22546.91,bbl,69704.81,mscf
REB,Activité E&P,DP,OF,1938,12,9636.45,bbl,101044.63,mscf
REB,Activité E&P,DP,OF,1939,1,42822.26,bbl,55872.41,mscf
REB,Activité E&P,DP,OF,1939,2,23168.37,bbl,82052.4,mscf
REB,Activité E&P,DP,OF,1939,3,13876.81,bbl,154093.31,mscf
REB,Activité E&P,DP,OF,1939,4,30329.93,bbl,169853.49,mscf
REB,Activité E&P,DP,OF,1939,5,32828.88,bbl,126515.35,mscf
REB,Activité E&P,DP,OF,1939,6,7262.52,bbl,197554.83,mscf
REB,Activité E&P,DP,OF,1939,7,16511.01,bbl,141482.22,mscf
REB,Activité E&P,DP,OF,1939,8,44235.68,bbl,37675.32,mscf
REB,Activité E&P,DP,OF,1939,9,13117.82,bbl,194288.35,mscf
REB,Activité E&P,DP,OF,1939,10,43822.95,bbl,30014.24,mscf
REB,Activité E&P,DP,OF,1939,11,43817.88,bbl,116625.7,mscf
REB,Activité E&P,DP,OF,1939,12,29378.06,bbl,23155.7,mscf
REB,Activité E&P,DP,OF,1940,1,20514.81,bbl,52834.89,mscf
REB,Activité E&P,DP,OF,1940,2,17512.12,bbl,83029.42,mscf
REB,Activité E&P,DP,OF,1940,3,8021.95,bbl,181070.45,mscf
REB,Activité E&P,DP,OF,1940,4,14886.05,bbl,20891.66,mscf
REB,Activité E&P,DP,OF,1940,5,28979.34,bbl,26794.29,mscf
REB,Activité E&P,DP,OF,1940,6,27232.86,bbl,68643.09,mscf
REB,Activité E&P,DP,OF,1940,7,42373.14,bbl,162413.27,mscf
REB,Activité E&P,DP,OF,1940,8,24459.6,bbl,172806.75,mscf
REB,Activité E&P,DP,OF,1940,9,41367.14,bbl,50691.89,mscf
REB,Activité E&P,DP,OF,1940,10,6008.93,bbl,181723.28,mscf
REB,Activité E&P,DP,OF,1940,11,31794.22,bbl,137429.54,mscf
REB,Activité E&P,DP,OF,1940,12,7100.44,bbl,111568.64,mscf
REB,Activité E&P,DP,OF,1941,1,19501.97,bbl,118245.39,mscf
REB,Activité E&P,DP,OF,1941,2,39393.6,bbl,125953.05,mscf
REB,Activité E&P,DP,OF,1941,3,31898.04,bbl,151313.39,mscf
REB,Activité E&P,DP,OF,1941,4,46504.36,bbl,26819.33,mscf
REB,Activité E&P,DP,OF,1941,5,1398.34,bbl,156086.21,mscf
REB,Activité E&P,DP,OF,1941,6,41341.87,bbl,93360.87,mscf
REB,Activité E&P,DP,OF,1941,7,48256.15,bbl,144738.28,mscf
REB,Activité E&P,DP,OF,1941,8,47725.53,bbl,146625.73,mscf
REB,Activité E&P,DP,OF,1941,9,14825.99,bbl,55515.34,mscf
REB,Activité E&P,DP,OF,1941,10,36297.03,bbl,37440.53,mscf
REB,Activité E&P,DP,OF,1941,11,10117.73,bbl,79234.55,mscf
REB,Activité E&P,DP,OF,1941,12,39675.62,bbl,6116.64,mscf
REB,Activité E&P,DP,OF,1942,1,48425.65,bbl,5821.75,mscf
REB,Activité E&P,DP,OF,1942,2,47405.39,bbl,143797.14,mscf
REB,Activité E&P,DP,OF,1942,3,46836.18,bbl,84182.42,mscf
REB,Activité E&P,DP,OF,1942,4,36078.04,bbl,137203.89,mscf
REB,Activité E&P,DP,OF,1942,5,1604.41,bbl,60999.78,mscf
REB,Activité E&P,DP,OF,1942,6,5631.59,bbl,130142.82,mscf
REB,Activité E&P,DP,OF,1942,7,16745.11,bbl,86758.27,mscf
REB,Activité E&P,DP,OF,1942,8,32100.51,bbl,141298.78,mscf
REB,Activité E&P,DP,OF,1942,9,46974.36,bbl,115836.93,mscf
REB,Activité E&P,DP,OF,1942,10,31629.01,bbl,145805.43,mscf
REB,Activité E&P,DP,OF,1942,11,9476.58,bbl,156263.63,mscf
REB,Activité E&P,DP,OF,1942,12,19498.84,bbl,132214.85,mscf
REB,Activité E&P,DP,OF,1943,1,11715.05,bbl,163412.87,mscf
REB,Activité E&P,DP,OF,1943,2,49289.03,bbl,10877.38,mscf
REB,Activité E&P,DP,OF,1943,3,1792.17,bbl,80237.96,mscf
REB,Activité E&P,DP,OF,1943,4,14315.85,bbl,36391.27,mscf
REB,Activité E&P,DP,OF,1943,5,1851.96,bbl,146728.0,mscf
REB,Activité E&P,DP,OF,1943,6,25596.24,bbl,130486.95,mscf
REB,Activité E&P,DP,OF,1943,7,11873.47,bbl,179250.77,mscf
REB,Activité E&P,DP,OF,1943,8,42777.28,bbl,85728.29,mscf
REB,Activité E&P,DP,OF,1943,9,13633.36,bbl,70257.37,mscf
REB,Activité E&P,DP,OF,1943,10,47448.24,bbl,109063.81,mscf
REB,Activité E&P,DP,OF,1943,11,1216.48,bbl,148664.35,mscf
REB,Activité E&P,DP,OF,1943,12,29745.6,bbl,169171.1,mscf
REB,Activité E&P,DP,OF,1944,1,35275.81,bbl,49480.96,mscf
REB,Activité E&P,DP,OF,1944,2,36517.06,bbl,165851.37,mscf
REB,Activité E&P,DP,OF,1944,3,16391.1,bbl,169611.98,mscf
REB,Activité E&P,DP,OF,1944,4,7846.66,bbl,87191.75,mscf
REB,Activité E&P,DP,OF,1944,5,40363.0,bbl,155431.82,mscf
REB,Activité E&P,DP,OF,1944,6,28681.52,bbl,188173.05,mscf
REB,Activité E&P,DP,OF,1944,7,37336.94,bbl,121778.75,mscf
REB,Activité E&P,DP,OF,1944,8,16399.66,bbl,85004.81,mscf
REB,Activité E&P,DP,OF,1944,9,31042.19,bbl,144155.75,mscf
REB,Activité E&P,DP,OF,1944,10,6205.45,bbl,57365.54,mscf
REB,Activité E&P,DP,OF,1944,11,20405.63,bbl,140943.87,mscf
REB,Activité E&P,DP,OF,1944,12,20858.29,bbl,52312.85,mscf
REB,Activité E&P,DP,OF,1945,1,28442.63,bbl,10525.75,mscf
REB,Activité E&P,DP,OF,1945,2,4716.69,bbl,174777.11,mscf
REB,Activité E&P,DP,OF,1945,3,49083.49,bbl,22517.45,mscf
REB,Activité E&P,DP,OF,1945,4,19847.67,bbl,60560.21,mscf
REB,Activité E&P,DP,OF,1945,5,10954.2,bbl,13203.91,mscf
REB,Activité E&P,DP,OF,1945,6,14122.87,bbl,126923.39,mscf
REB,Activité E&P,DP,OF,1945,7,22454.46,bbl,62720.87,mscf
REB,Activité E&P,DP,OF,1945,8,30492.18,bbl,23219.72,mscf
REB,Activité E&P,DP,OF,1945,9,33813.56,bbl,53068.5,mscf
REB,Activité E&P,DP,OF,1945,10,46066.55,bbl,92644.82,mscf
REB,Activité E&P,DP,OF,1945,11,8286.56,bbl,152351.4,mscf
REB,Activité E&P,DP,OF,1945,12,16159.87,bbl,88339.01,mscf
REB,Activité E&P,DP,OF,1946,1,9742.8,bbl,50975.64,mscf
REB,Activité E&P,DP,OF,1946,2,15108.35,bbl,14150.94,mscf
REB,Activité E&P,DP,OF,1946,3,38744.8,bbl,198210.21,mscf
REB,Activité E&P,DP,OF,1946,4,18685.41,bbl,33134.23,mscf
REB,Activité E&P,DP,OF,1946,5,48922.4,bbl,101699.12,mscf
REB,Activité E&P,DP,OF,1946,6,10366.31,bbl,29326.63,mscf
REB,Activité E&P,DP,OF,1946,7,23150.85,bbl,36838.28,mscf
REB,Activité E&P,DP,OF,1946,8,21758.48,bbl,168298.3,mscf
REB,Activité E&P,DP,OF,1946,9,21037.27,bbl,188830.74,mscf
REB,Activité E&P,DP,OF,1946,10,21882.89,bbl,17569.62,mscf
REB,Activité E&P,DP,OF,1946,11,26571.43,bbl,65839.32,mscf
REB,Activité E&P,DP,OF,1946,12,37029.92,bbl,156251.1,mscf
REB,Activité E&P,DP,OF,1947,1,28216.48,bbl,110200.31,mscf
REB,Activité E&P,DP,OF,1947,2,11714.75,bbl,112404.53,mscf
REB,Activité E&P,DP,OF,1947,3,39520.53,bbl,59506.52,mscf
REB,Activité E&P,DP,OF,1947,4,34411.37,bbl,126796.9,mscf
REB,Activité E&P,DP,OF,1947,5,48236.39,bbl,180251.72,mscf
REB,Activité E&P,DP,OF,1947,6,25448.17,bbl,174443.2,mscf
REB,Activité E&P,DP,OF,1947,7,24440.98,bbl,192415.58,mscf
REB,Activité E&P,DP,OF,1947,8,32717.37,bbl,23443.89,mscf
REB,Activité E&P,DP,OF,1947,9,13823.59,bbl,181330.66,mscf
REB,Activité E&P,DP,OF,1947,10,18679.46,bbl,54492.83,mscf
REB,Activité E&P,DP,OF,1947,11,43476.67,bbl,173331.67,mscf
REB,Activité E&P,DP,OF,1947,12,41547.05,bbl,15840.17,mscf
REB,Activité E&P,DP,OF,1948,1,12156.62,bbl,195952.73,mscf
REB,Activité E&P,DP,OF,1948,2,32267.37,bbl,194826.69,mscf
REB,Activité E&P,DP,OF,1948,3,9734.08,bbl,159174.47,mscf
REB,Activité E&P,DP,OF,1948,4,26027.74,bbl,155719.8,mscf
REB,Activité E&P,DP,OF,1948,5,32839.25,bbl,7045.41,mscf
REB,Activité E&P,DP,OF,1948,6,26043.75,bbl,123511.89,mscf
REB,Activité E&P,DP,OF,1948,7,5945.85,bbl,90661.43,mscf
REB,Activité E&P,DP,OF,1948,8,2720.16,bbl,168072.88,mscf
REB,Activité E&P,DP,OF,1948,9,14697.65,bbl,163239.2,mscf
REB,Activité E&P,DP,OF,1948,10,7323.12,bbl,40066.21,mscf
REB,Activité E&P,DP,OF,1948,11,15693.29,bbl,140442.89,mscf
REB,Activité E&P,DP,OF,1948,12,6885.0,bbl,105416.64,mscf
REB,Activité E&P,DP,OF,1949,1,48164.7,bbl,95040.57,mscf
REB,Activité E&P,DP,OF,1949,2,33628.89,bbl,6262.8,mscf
REB,Activité E&P,DP,OF,1949,3,38264.48,bbl,146602.26,mscf
REB,Activité E&P,DP,OF,1949,4,47908.29,bbl,185494.27,mscf
REB,Activité E&P,DP,OF,1949,5,48316.09,bbl,177884.44,mscf
REB,Activité E&P,DP,OF,1949,6,23233.58,bbl,98691.11,mscf
REB,Activité E&P,DP,OF,1949,7,2098.73,bbl,40153.09,mscf
REB,Activité E&P,DP,OF,1949,8,24103.0,bbl,161621.91,mscf
REB,Activité E&P,DP,OF,1949,9,49830.4,bbl,119635.48,mscf
REB,Activité E&P,DP,OF,1949,10,4503.02,bbl,121233.68,mscf
REB,Activité E&P,DP,OF,1949,11,16298.81,bbl,61866.13,mscf
REB,Activité E&P,DP,OF,1949,12,25064.73,bbl,34485.88,mscf
HBK,Activité E&P,DP,GF,1900,1,30307.36,bbl,80534.93,mscf
HBK,Activité E&P,DP,GF,1900,2,17020.62,bbl,13191.28,mscf
HBK,Activité E&P,DP,GF,1900,3,46220.21,bbl,51987.82,mscf
HBK,Activité E&P,DP,GF,1900,4,31506.62,bbl,110773.42,mscf
HBK,Activité E&P,DP,GF,1900,5,48643.39,bbl,49344.29,mscf
HBK,Activité E&P,DP,GF,1900,6,40986.26,bbl,168971.19,mscf
HBK,Activité E&P,DP,GF,1900,7,34642.55,bbl,175338.89,mscf
HBK,Activité E&P,DP,GF,1900,8,22453.18,bbl,124883.25,mscf
HBK,Activité E&P,DP,GF,1900,9,24705.81,bbl,150875.66,mscf
HBK,Activité E&P,DP,GF,1900,10,40956.99,bbl,189441.95,mscf
HBK,Activité E&P,DP,GF,1900,11,45630.24,bbl,47314.05,mscf
HBK,Activité E&P,DP,GF,1900,12,33643.59,bbl,182424.45,mscf
HBK,Activité E&P,DP,GF,1901,1,30856.76,bbl,164149.32,mscf
HBK,Activité E&P,DP,GF,1901,2,12819.96,bbl,122796.24,mscf
HBK,Activité E&P,DP,GF,1901,3,24535.31,bbl,155136.63,mscf
HBK,Activité E&P,DP,GF,1901,4,27161.77,bbl,42910.32,mscf
HBK,Activité E&P,DP,GF,1901,5,29217.04,bbl,90362.98,mscf
HBK,Activité E&P,DP,GF,1901,6,4934.68,bbl,146031.16,mscf
HBK,Activité E&P,DP,GF,1901,7,9010.7,bbl,49270.32,mscf
HBK,Activité E&P,DP,GF,1901,8,2101.18,bbl,108420.1,mscf
HBK,Activité E&P,DP,GF,1901,9,17223.73,bbl,102643.36,mscf
HBK,Activité E&P,DP,GF,1901,10,25527.43,bbl,17562.19,mscf
HBK,Activité E&P,DP,GF,1901,11,48222.72,bbl,119395.46,mscf
HBK,Activité E&P,DP,GF,1901,12,31541.53,bbl,104200.84,mscf
HBK,Activité E&P,DP,GF,1902,1,24313.84,bbl,61184.93,mscf
HBK,Activité E&P,DP,GF,1902,2,7228.58,bbl,129624.3,mscf
HBK,Activité E&P,DP,GF,1902,3,32474.13,bbl,160706.2,mscf
HBK,Activité E&P,DP,GF,1902,4,18555.63,bbl,35420.4,mscf
HBK,Activité E&P,DP,GF,1902,5,26594.09,bbl,57202.16,mscf
HBK,Activité E&P,DP,GF,1902,6,3706.21,bbl,42578.64,mscf
HBK,Activité E&P,DP,GF,1902,7,11553.98,bbl,84290.69,mscf
HBK,Activité E&P,DP,GF,1902,8,12234.71,bbl,8837.16,mscf
HBK,Activité E&P,DP,GF,1902,9,25398.19,bbl,82986.46,mscf
HBK,Activité E&P,DP,GF,1902,10,38782.71,bbl,104812.04,mscf
HBK,Activité E&P,DP,GF,1902,11,45909.31,bbl,63123.46,mscf
HBK,Activité E&P,DP,GF,1902,12,30639.98,bbl,122753.95,mscf
HBK,Activité E&P,DP,GF,1903,1,16904.03,bbl,96418.19,mscf
HBK,Activité E&P,DP,GF,1903,2,7414.02,bbl,70750.8,mscf
HBK,Activité E&P,DP,GF,1903,3,44327.37,bbl,104411.23,mscf
HBK,Activité E&P,DP,GF,1903,4,25782.94,bbl,116380.68,mscf
HBK,Activité E&P,DP,GF,1903,5,20900.11,bbl,178747.82,mscf
HBK,Activité E&P,DP,GF,1903,6,6794.19,bbl,149129.83,mscf
HBK,Activité E&P,DP,GF,1903,7,6896.16,bbl,187662.69,mscf
HBK,Activité E&P,DP,GF,1903,8,49351.72,bbl,189173.16,mscf
HBK,Activité E&P,DP,GF,1903,9,26137.18,bbl,125315.86,mscf
HBK,Activité E&P,DP,GF,1903,10,40248.57,bbl,197369.05,mscf
HBK,Activité E&P,DP,GF,1903,11,6566.05,bbl,70379.05,mscf
HBK,Activité E&P,DP,GF,1903,12,43074.95,bbl,70570.64,mscf
HBK,Activité E&P,DP,GF,1904,1,19363.64,bbl,138441.96,mscf
HBK,Activité E&P,DP,GF,1904,2,9262.96,bbl,15514.83,mscf
HBK,Activité E&P,DP,GF,1904,3,15364.96,bbl,106926.75,mscf
HBK,Activité E&P,DP,GF,1904,4,32624.91,bbl,86136.96,mscf
HBK,Activité E&P,DP,GF,1904,5,35737.47,bbl,175867.53,mscf
HBK,Activité E&P,DP,GF,1904,6,47738.61,bbl,27363.16,mscf
HBK,Activité E&P,DP,GF,1904,7,19848.93,bbl,55364.46,mscf
HBK,Activité E&P,DP,GF,1904,8,21268.91,bbl,152785.84,mscf
HBK,Activité E&P,DP,GF,1904,9,17912.8,bbl,193468.42,mscf
HBK,Activité E&P,DP,GF,1904,10,14968.49,bbl,169010.84,mscf
HBK,Activité E&P,DP,GF,1904,11,24209.93,bbl,151966.84,mscf
HBK,Activité E&P,DP,GF,1904,12,10919.6,bbl,157652.26,mscf
HBK,Activité E&P,DP,GF,1905,1,35582.89,bbl,197417.75,mscf
HBK,Activité E&P,DP,GF,1905,2,12972.38,bbl,20512.45,mscf
HBK,Activité E&P,DP,GF,1905,3,20756.8,bbl,82110.57,mscf
HBK,Activité E&P,DP,GF,1905,4,43791.72,bbl,161895.92,mscf
HBK,Activité E&P,DP,GF,1905,5,4059.82,bbl,131759.49,mscf
HBK,Activité E&P,DP,GF,1905,6,33090.69,bbl,172218.6,mscf
HBK,Activité E&P,DP,GF,1905,7,8263.69,bbl,55297.78,mscf
HBK,Activité E&P,DP,GF,1905,8,23080.39,bbl,81752.23,mscf
HBK,Activité E&P,DP,GF,1905,9,16022.65,bbl,99777.74,mscf
HBK,Activité E&P,DP,GF,1905,10,43277.47,bbl,87911.02,mscf
HBK,Activité E&P,DP,GF,1905,11,22319.22,bbl,125368.39,mscf
HBK,Activité E&P,DP,GF,1905,12,9028.26,bbl,20403.34,mscf
HBK,Activité E&P,DP,GF,1906,1,20845.73,bbl,43476.65,mscf
HBK,Activité E&P,DP,GF,1906,2,26597.11,bbl,119604.2,mscf
HBK,Activité E&P,DP,GF,1906,3,2428.03,bbl,162032.0,mscf
HBK,Activité E&P,DP,GF,1906,4,49359.86,bbl,87390.74,mscf
HBK,Activité E&P,DP,GF,1906,5,33389.79,bbl,17507.24,mscf
HBK,Activité E&P,DP,GF,1906,6,8471.26,bbl,162621.18,mscf
HBK,Activité E&P,DP,GF,1906,7,23266.01,bbl,197609.33,mscf
HBK,Activité E&P,DP,GF,1906,8,13212.15,bbl,108439.26,mscf
HBK,Activité E&P,DP,GF,1906,9,23982.83,bbl,132594.77,mscf
HBK,Activité E&P,DP,GF,1906,10,19532.34,bbl,68474.85,mscf
HBK,Activité E&P,DP,GF,1906,11,38487.65,bbl,54851.19,mscf
HBK,Activité E&P,DP,GF,1906,12,17010.67,bbl,42737.63,mscf
HBK,Activité E&P,DP,GF,1907,1,7117.51,bbl,128764.82,mscf
HBK,Activité E&P,DP,GF,1907,2,35538.23,bbl,100013.14,mscf
HBK,Activité E&P,DP,GF,1907,3,35676.98,bbl,93835.37,mscf
HBK,Activité E&P,DP,GF,1907,4,18919.06,bbl,179364.8,mscf
HBK,Activité E&P,DP,GF,1907,5,9491.05,bbl,135602.19,mscf
HBK,Activité E&P,DP,GF,1907,6,5289.39,bbl,199553.59,mscf
HBK,Activité E&P,DP,GF,1907,7,30833.33,bbl,158438.96,mscf
HBK,Activité E&P,DP,GF,1907,8,39135.45,bbl,104313.83,mscf
HBK,Activité E&P,DP,GF,1907,9,7081.37,bbl,93110.45,mscf
HBK,Activité E&P,DP,GF,1907,10,47054.75,bbl,13549.26,mscf
HBK,Activité E&P,DP,GF,1907,11,38914.37,bbl,152440.41,mscf
HBK,Activité E&P,DP,GF,1907,12,5349.53,bbl,182021.94,mscf
HBK,Activité E&P,DP,GF,1908,1,46078.64,bbl,36869.38,mscf
HBK,Activité E&P,DP,GF,1908,2,1748.13,bbl,29701.23,mscf
HBK,Activité E&P,DP,GF,1908,3,18582.26,bbl,13223.09,mscf
HBK,Activité E&P,DP,GF,1908,4,7921.6,bbl,158760.23,mscf
HBK,Activité E&P,DP,GF,1908,5,47259.18,bbl,34471.28,mscf
HBK,Activité E&P,DP,GF,1908,6,12876.28,bbl,71686.06,mscf
HBK,Activité E&P,DP,GF,1908,7,16567.97,bbl,156527.51,mscf
HBK,Activité E&P,DP,GF,1908,8,30619.65,bbl,24873.94,mscf
HBK,Activité E&P,DP,GF,1908,9,35487.21,bbl,120688.25,mscf
HBK,Activité E&P,DP,GF,1908,10,27478.75,bbl,66594.45,mscf
HBK,Activité E&P,DP,GF,1908,11,14260.52,bbl,178842.69,mscf
HBK,Activité E&P,DP,GF,1908,12,14536.85,bbl,142450.9,mscf
HBK,Activité E&P,DP,GF,1909,1,6928.2,bbl,186503.31,mscf
HBK,Activité E&P,DP,GF,1909,2,42255.94,bbl,128506.63,mscf
HBK,Activité E&P,DP,GF,1909,3,32505.43,bbl,130865.04,mscf
HBK,Activité E&P,DP,GF,1909,4,25132.05,bbl,144105.87,mscf
HBK,Activité E&P,DP,GF,1909,5,12973.99,bbl,7158.23,mscf
HBK,Activité E&P,DP,GF,1909,6,16160.75,bbl,115195.13,mscf
HBK,Activité E&P,DP,GF,1909,7,32598.44,bbl,141089.37,mscf
HBK,Activité E&P,DP,GF,1909,8,40395.53,bbl,194253.18,mscf
HBK,Activité E&P,DP,GF,1909,9,1203.16,bbl,116504.21,mscf
HBK,Activité E&P,DP,GF,1909,10,7831.12,bbl,37935.82,mscf
HBK,Activité E&P,DP,GF,1909,11,36138.01,bbl,112449.72,mscf
HBK,Activité E&P,DP,GF,1909,12,44957.16,bbl,172655.21,mscf
HBK,Activité E&P,DP,GF,1910,1,42686.14,bbl,135878.78,mscf
HBK,Activité E&P,DP,GF,1910,2,41127.89,bbl,77190.91,mscf
HBK,Activité E&P,DP,GF,1910,3,8309.07,bbl,74888.77,mscf
HBK,Activité E&P,DP,GF,1910,4,1057.68,bbl,165313.7,mscf
HBK,Activité E&P,DP,GF,1910,5,34680.46,bbl,128501.79,mscf
HBK,Activité E&P,DP,GF,1910,6,33517.06,bbl,181027.82,mscf
HBK,Activité E&P,DP,GF,1910,7,27385.55,bbl,51860.32,mscf
HBK,Activité E&P,DP,GF,1910,8,23827.64,bbl,59957.57,mscf
HBK,Activité E&P,DP,GF,1910,9,33857.78,bbl,16572.96,mscf
HBK,Activité E&P,DP,GF,1910,10,33888.91,bbl,65982.73,mscf
HBK,Activité E&P,DP,GF,1910,11,42750.52,bbl,60539.63,mscf
HBK,Activité E&P,DP,GF,1910,12,13649.84,bbl,196686.19,mscf
HBK,Activité E&P,DP,GF,1911,1,14304.74,bbl,83125.95,mscf
HBK,Activité E&P,DP,GF,1911,2,15674.88,bbl,106774.98,mscf
HBK,Activité E&P,DP,GF,1911,3,43777.69,bbl,16051.18,mscf
HBK,Activité E&P,DP,GF,1911,4,39052.17,bbl,178915.62,mscf
HBK,Activité E&P,DP,GF,1911,5,23384.29,bbl,143469.08,mscf
HBK,Activité E&P,DP,GF,1911,6,47259.2,bbl,42229.03,mscf
HBK,Activité E&P,DP,GF,1911,7,34169.49,bbl,22150.63,mscf
HBK,Activité E&P,DP,GF,1911,8,47965.93,bbl,141782.24,mscf
HBK,Activité E&P,DP,GF,1911,9,34842.48,bbl,53178.57,mscf
HBK,Activité E&P,DP,GF,1911,10,26356.18,bbl,17256.07,mscf
HBK,Activité E&P,DP,GF,1911,11,48053.3,bbl,188372.33,mscf
HBK,Activité E&P,DP,GF,1911,12,29063.86,bbl,36267.54,mscf
HBK,Activité E&P,DP,GF,1912,1,37126.23,bbl,65091.18,mscf
HBK,Activité E&P,DP,GF,1912,2,40885.84,bbl,21274.58,mscf
HBK,Activité E&P,DP,GF,1912,3,46964.35,bbl,129497.7,mscf
HBK,Activité E&P,DP,GF,1912,4,9981.93,bbl,17699.76,mscf
HBK,Activité E&P,DP,GF,1912,5,43030.42,bbl,139795.8,mscf
HBK,Activité E&P,DP,GF,1912,6,24029.16,bbl,78605.4,mscf
HBK,Activité E&P,DP,GF,1912,7,20441.52,bbl,10230.21,mscf
HBK,Activité E&P,DP,GF,1912,8,33623.79,bbl,78383.6,mscf
HBK,Activité E&P,DP,GF,1912,9,16360.59,bbl,119809.69,mscf
HBK,Activité E&P,DP,GF,1912,10,48078.89,bbl,28653.91,mscf
HBK,Activité E&P,DP,GF,1912,11,33542.77,bbl,185710.02,mscf
HBK,Activité E&P,DP,GF,1912,12,41431.18,bbl,88303.88,mscf
HBK,Activité E&P,DP,GF,1913,1,25323.96,bbl,175523.93,mscf
HBK,Activité E&P,DP,GF,1913,2,28114.9,bbl,129885.66,mscf
HBK,Activité E&P,DP,GF,1913,3,20455.44,bbl,90963.09,mscf
HBK,Activité E&P,DP,GF,1913,4,18614.52,bbl,85471.89,mscf
HBK,Activité E&P,DP,GF,1913,5,25785.41,bbl,173137.15,mscf
HBK,Activité E&P,DP,GF,1913,6,2262.25,bbl,156485.45,mscf
HBK,Activité E&P,DP,GF,1913,7,13229.94,bbl,174776.89,mscf
HBK,Activité E&P,DP,GF,1913,8,17106.59,bbl,29008.1,mscf
HBK,Activité E&P,DP,GF,1913,9,17055.41,bbl,191146.36,mscf
HBK,Activité E&P,DP,GF,1913,10,49521.9,bbl,8976.75,mscf
HBK,Activité E&P,DP,GF,1913,11,41994.55,bbl,167676.0,mscf
HBK,Activité E&P,DP,GF,1913,12,31473.74,bbl,176560.2,mscf
HBK,Activité E&P,DP,GF,1914,1,41272.04,bbl,65327.85,mscf
HBK,Activité E&P,DP,GF,1914,2,23673.05,bbl,76251.1,mscf
HBK,Activité E&P,DP,GF,1914,3,23141.28,bbl,76258.11,mscf
HBK,Activité E&P,DP,GF,1914,4,11385.72,bbl,21909.55,mscf
HBK,Activité E&P,DP,GF,1914,5,31535.77,bbl,123469.48,mscf
HBK,Activité E&P,DP,GF,1914,6,46749.02,bbl,144457.83,mscf
HBK,Activité E&P,DP,GF,1914,7,16570.22,bbl,185348.15,mscf
HBK,Activité E&P,DP,GF,1914,8,24010.51,bbl,23456.03,mscf
HBK,Activité E&P,DP,GF,1914,9,2920.52,bbl,137158.86,mscf
HBK,Activité E&P,DP,GF,1914,10,23572.73,bbl,5263.28,mscf
HBK,Activité E&P,DP,GF,1914,11,24394.12,bbl,187727.64,mscf
HBK,Activité E&P,DP,GF,1914,12,34841.72,bbl,116833.38,mscf
HBK,Activité E&P,DP,GF,1915,1,6261.18,bbl,123141.14,mscf
HBK,Activité E&P,DP,GF,1915,2,26062.28,bbl,174277.5,mscf
HBK,Activité E&P,DP,GF,1915,3,8096.19,bbl,51954.59,mscf
HBK,Activité E&P,DP,GF,1915,4,23659.14,bbl,133977.9,mscf
HBK,Activité E&P,DP,GF,1915,5,19972.85,bbl,178158.96,mscf
HBK,Activité E&P,DP,GF,1915,6,9801.35,bbl,91479.95,mscf
HBK,Activité E&P,DP,GF,1915,7,49258.64,bbl,190683.14,mscf
HBK,Activité E&P,DP,GF,1915,8,34677.66,bbl,135979.18,mscf
HBK,Activité E&P,DP,GF,1915,9,44910.65,bbl,13874.88,mscf
HBK,Activité E&P,DP,GF,1915,10,15512.44,bbl,196653.91,mscf
HBK,Activité E&P,DP,GF,1915,11,42598.21,bbl,132614.14,mscf
HBK,Activité E&P,DP,GF,1915,12,38455.89,bbl,110090.9,mscf
HBK,Activité E&P,DP,GF,1916,1,31344.85,bbl,28173.08,mscf
HBK,Activité E&P,DP,GF,1916,2,30101.79,bbl,175247.46,mscf
HBK,Activité E&P,DP,GF,1916,3,36778.28,bbl,177320.64,mscf
HBK,Activité E&P,DP,GF,1916,4,49219.51,bbl,170995.82,mscf
HBK,Activité E&P,DP,GF,1916,5,31292.18,bbl,172094.07,mscf
HBK,Activité E&P,DP,GF,1916,6,42084.7,bbl,108751.76,mscf
HBK,Activité E&P,DP,GF,1916,7,42196.69,bbl,125895.9,mscf
HBK,Activité E&P,DP,GF,1916,8,26411.61,bbl,84296.73,mscf
HBK,Activité E&P,DP,GF,1916,9,32370.48,bbl,11377.85,mscf
HBK,Activité E&P,DP,GF,1916,10,16785.7,bbl,122218.3,mscf
HBK,Activité E&P,DP,GF,1916,11,32741.31,bbl,16234.25,mscf
HBK,Activité E&P,DP,GF,1916,12,34497.84,bbl,119346.33,mscf
HBK,Activité E&P,DP,GF,1917,1,18049.8,bbl,118679.03,mscf
HBK,Activité E&P,DP,GF,1917,2,14232.57,bbl,55763.41,mscf
HBK,Activité E&P,DP,GF,1917,3,4064.96,bbl,85235.77,mscf
HBK,Activité E&P,DP,GF,1917,4,4831.19,bbl,30307.11,mscf
HBK,Activité E&P,DP,GF,1917,5,29491.33,bbl,172296.18,mscf
HBK,Activité E&P,DP,GF,1917,6,24796.35,bbl,40778.82,mscf
HBK,Activité E&P,DP,GF,1917,7,34823.93,bbl,183065.38,mscf
HBK,Activité E&P,DP,GF,1917,8,13340.32,bbl,154412.11,mscf
HBK,Activité E&P,DP,GF,1917,9,5156.5,bbl,134594.69,mscf
HBK,Activité E&P,DP,GF,1917,10,16268.26,bbl,6795.51,mscf
HBK,Activité E&P,DP,GF,1917,11,8015.1,bbl,20319.02,mscf
HBK,Activité E&P,DP,GF,1917,12,33067.74,bbl,185427.0,mscf
HBK,Activité E&P,DP,GF,1918,1,28223.22,bbl,187156.6,mscf
HBK,Activité E&P,DP,GF,1918,2,3897.69,bbl,178737.47,mscf
HBK,Activité E&P,DP,GF,1918,3,5858.76,bbl,189973.36,mscf
HBK,Activité E&P,DP,GF,1918,4,29042.32,bbl,168619.65,mscf
HBK,Activité E&P,DP,GF,1918,5,39256.86,bbl,125762.44,mscf
HBK,Activité E&P,DP,GF,1918,6,32282.41,bbl,147324.16,mscf
HBK,Activité E&P,DP,GF,1918,7,43677.49,bbl,56281.51,mscf
HBK,Activité E&P,DP,GF,1918,8,49532.45,bbl,139267.14,mscf
HBK,Activité E&P,DP,GF,1918,9,1232.74,bbl,194320.69,mscf
HBK,Activité E&P,DP,GF,1918,10,34087.06,bbl,91764.56,mscf
HBK,Activité E&P,DP,GF,1918,11,15390.93,bbl,50273.83,mscf
HBK,Activité E&P,DP,GF,1918,12,24264.84,bbl,198366.97,mscf
HBK,Activité E&P,DP,GF,1919,1,24675.29,bbl,88633.55,mscf
HBK,Activité E&P,DP,GF,1919,2,15013.91,bbl,134262.8,mscf
HBK,Activité E&P,DP,GF,1919,3,3020.6,bbl,108263.96,mscf
HBK,Activité E&P,DP,GF,1919,4,34946.78,bbl,80657.52,mscf
HBK,Activité E&P,DP,GF,1919,5,27146.15,bbl,19873.1,mscf
HBK,Activité E&P,DP,GF,1919,6,30511.6,bbl,53330.36,mscf
HBK,Activité E&P,DP,GF,1919,7,27425.95,bbl,18180.01,mscf
HBK,Activité E&P,DP,GF,1919,8,7227.83,bbl,61727.5,mscf
HBK,Activité E&P,DP,GF,1919,9,25618.76,bbl,117248.99,mscf
HBK,Activité E&P,DP,GF,1919,10,19026.66,bbl,157818.29,mscf
HBK,Activité E&P,DP,GF,1919,11,28262.77,bbl,179781.32,mscf
HBK,Activité E&P,DP,GF,1919,12,9354.82,bbl,40324.82,mscf
HBK,Activité E&P,DP,GF,1920,1,42060.83,bbl,74726.07,mscf
HBK,Activité E&P,DP,GF,1920,2,40883.7,bbl,10116.1,mscf
HBK,Activité E&P,DP,GF,1920,3,45250.01,bbl,91924.67,mscf
HBK,Activité E&P,DP,GF,1920,4,7403.08,bbl,8982.97,mscf
HBK,Activité E&P,DP,GF,1920,5,23871.83,bbl,64458.94,mscf
HBK,Activité E&P,DP,GF,1920,6,2857.54,bbl,173545.1,mscf
HBK,Activité E&P,DP,GF,1920,7,28863.08,bbl,80557.02,mscf
HBK,Activité E&P,DP,GF,1920,8,38668.49,bbl,175109.36,mscf
HBK,Activité E&P,DP,GF,1920,9,49156.07,bbl,20548.8,mscf
HBK,Activité E&P,DP,GF,1920,10,23025.98,bbl,6469.25,mscf
HBK,Activité E&P,DP,GF,1920,11,47288.34,bbl,93417.0,mscf
HBK,Activité E&P,DP,GF,1920,12,46323.15,bbl,90840.57,mscf
HBK,Activité E&P,DP,GF,1921,1,10604.55,bbl,35990.73,mscf
HBK,Activité E&P,DP,GF,1921,2,43944.94,bbl,48744.95,mscf
HBK,Activité E&P,DP,GF,1921,3,47475.53,bbl,141267.66,mscf
HBK,Activité E&P,DP,GF,1921,4,28333.19,bbl,93571.29,mscf
HBK,Activité E&P,DP,GF,1921,5,13983.18,bbl,113302.61,mscf
HBK,Activité E&P,DP,GF,1921,6,15803.69,bbl,176077.45,mscf
HBK,Activité E&P,DP,GF,1921,7,22037.59,bbl,160167.99,mscf
HBK,Activité E&P,DP,GF,1921,8,17194.4,bbl,183464.5,mscf
HBK,Activité E&P,DP,GF,1921,9,42254.05,bbl,145785.2,mscf
HBK,Activité E&P,DP,GF,1921,10,43494.73,bbl,146600.89,mscf
HBK,Activité E&P,DP,GF,1921,11,8650.14,bbl,181574.66,mscf
HBK,Activité E&P,DP,GF,1921,12,7218.28,bbl,97515.87,mscf
HBK,Activité E&P,DP,GF,1922,1,23381.41,bbl,121525.34,mscf
HBK,Activité E&P,DP,GF,1922,2,18954.41,bbl,93463.18,mscf
HBK,Activité E&P,DP,GF,1922,3,27772.19,bbl,53509.94,mscf
HBK,Activité E&P,DP,GF,1922,4,15062.93,bbl,97612.69,mscf
HBK,Activité E&P,DP,GF,1922,5,48151.26,bbl,125432.31,mscf
HBK,Activité E&P,DP,GF,1922,6,44769.35,bbl,103735.38,mscf
HBK,Activité E&P,DP,GF,1922,7,2557.55,bbl,147299.9,mscf
HBK,Activité E&P,DP,GF,1922,8,31321.25,bbl,134308.09,mscf
HBK,Activité E&P,DP,GF,1922,9,7534.66,bbl,67783.46,mscf
HBK,Activité E&P,DP,GF,1922,10,37182.53,bbl,138330.48,mscf
HBK,Activité E&P,DP,GF,1922,11,43672.5,bbl,118032.58,mscf
HBK,Activité E&P,DP,GF,1922,12,47502.16,bbl,37470.28,mscf
HBK,Activité E&P,DP,GF,1923,1,7307.57,bbl,160973.18,mscf
HBK,Activité E&P,DP,GF,1923,2,24712.7,bbl,89256.33,mscf
HBK,Activité E&P,DP,GF,1923,3,35222.92,bbl,178226.2,mscf
HBK,Activité E&P,DP,GF,1923,4,29893.19,bbl,146503.32,mscf
HBK,Activité E&P,DP,GF,1923,5,39558.85,bbl,146775.91,mscf
HBK,Activité E&P,DP,GF,1923,6,33930.28,bbl,42972.97,mscf
HBK,Activité E&P,DP,GF,1923,7,49621.28,bbl,82514.82,mscf
HBK,Activité E&P,DP,GF,1923,8,6528.95,bbl,187229.25,mscf
HBK,Activité E&P,DP,GF,1923,9,32324.17,bbl,172092.73,mscf
HBK,Activité E&P,DP,GF,1923,10,6820.52,bbl,163581.61,mscf
HBK,Activité E&P,DP,GF,1923,11,29399.26,bbl,187451.5,mscf
HBK,Activité E&P,DP,GF,1923,12,28793.2,bbl,162358.81,mscf
HBK,Activité E&P,DP,GF,1924,1,21590.38,bbl,132997.68,mscf
HBK,Activité E&P,DP,GF,1924,2,1762.04,bbl,63154.96,mscf
HBK,Activité E&P,DP,GF,1924,3,13894.22,bbl,75518.42,mscf
HBK,Activité E&P,DP,GF,1924,4,20375.9,bbl,186307.8,mscf
HBK,Activité E&P,DP,GF,1924,5,27020.88,bbl,135791.79,mscf
HBK,Activité E&P,DP,GF,1924,6,31785.05,bbl,34621.06,mscf
HBK,Activité E&P,DP,GF,1924,7,1258.67,bbl,166913.35,mscf
HBK,Activité E&P,DP,GF,1924,8,6922.56,bbl,122884.42,mscf
HBK,Activité E&P,DP,GF,1924,9,9712.74,bbl,45049.83,mscf
HBK,Activité E&P,DP,GF,1924,10,30436.14,bbl,150617.1,mscf
HBK,Activité E&P,DP,GF,1924,11,15969.22,bbl,103934.11,mscf
HBK,Activité E&P,DP,GF,1924,12,41443.69,bbl,134676.47,mscf
HBK,Activité E&P,DP,GF,1925,1,12492.18,bbl,163188.45,mscf
HBK,Activité E&P,DP,GF,1925,2,16534.15,bbl,39633.79,mscf
HBK,Activité E&P,DP,GF,1925,3,35201.9,bbl,42407.47,mscf
HBK,Activité E&P,DP,GF,1925,4,13393.48,bbl,113260.43,mscf
HBK,Activité E&P,DP,GF,1925,5,10298.87,bbl,136204.99,mscf
HBK,Activité E&P,DP,GF,1925,6,10450.23,bbl,140654.85,mscf
HBK,Activité E&P,DP,GF,1925,7,44244.54,bbl,169989.24,mscf
HBK,Activité E&P,DP,GF,1925,8,14147.29,bbl,31201.58,mscf
HBK,Activité E&P,DP,GF,1925,9,4984.43,bbl,12649.03,mscf
HBK,Activité E&P,DP,GF,1925,10,40979.34,bbl,197068.95,mscf
HBK,Activité E&P,DP,GF,1925,11,39145.89,bbl,86452.85,mscf
HBK,Activité E&P,DP,GF,1925,12,15791.62,bbl,18009.64,mscf
HBK,Activité E&P,DP,GF,1926,1,33228.25,bbl,117383.65,mscf
HBK,Activité E&P,DP,GF,1926,2,24965.86,bbl,104680.13,mscf
HBK,Activité E&P,DP,GF,1926,3,41112.07,bbl,48928.58,mscf
HBK,Activité E&P,DP,GF,1926,4,18115.13,bbl,94226.13,mscf
HBK,Activité E&P,DP,GF,1926,5,41880.44,bbl,148896.63,mscf
HBK,Activité E&P,DP,GF,1926,6,5696.58,bbl,148775.38,mscf
HBK,Activité E&P,DP,GF,1926,7,30119.63,bbl,152250.96,mscf
HBK,Activité E&P,DP,GF,1926,8,22990.05,bbl,72636.63,mscf
HBK,Activité E&P,DP,GF,1926,9,4366.06,bbl,127582.18,mscf
HBK,Activité E&P,DP,GF,1926,10,9748.03,bbl,87241.16,mscf
HBK,Activité E&P,DP,GF,1926,11,16166.44,bbl,59163.22,mscf
HBK,Activité E&P,DP,GF,1926,12,23169.49,bbl,90490.95,mscf
HBK,Activité E&P,DP,GF,1927,1,34429.43,bbl,35933.47,mscf
HBK,Activité E&P,DP,GF,1927,2,46616.15,bbl,76678.5,mscf
HBK,Activité E&P,DP,GF,1927,3,9213.1,bbl,110883.7,mscf
HBK,Activité E&P,DP,GF,1927,4,26701.3,bbl,96596.67,mscf
HBK,Activité E&P,DP,GF,1927,5,28296.67,bbl,177384.14,mscf
HBK,Activité E&P,DP,GF,1927,6,15842.7,bbl,67798.1,mscf
HBK,Activité E&P,DP,GF,1927,7,49039.28,bbl,113373.86,mscf
HBK,Activité E&P,DP,GF,1927,8,43644.68,bbl,183653.27,mscf
HBK,Activité E&P,DP,GF,1927,9,36093.62,bbl,95744.59,mscf
HBK,Activité E&P,DP,GF,1927,10,31706.33,bbl,60960.53,mscf
HBK,Activité E&P,DP,GF,1927,11,3708.97,bbl,43893.73,mscf
HBK,Activité E&P,DP,GF,1927,12,33175.25,bbl,199451.66,mscf
HBK,Activité E&P,DP,GF,1928,1,3953.08,bbl,46805.15,mscf
HBK,Activité E&P,DP,GF,1928,2,11232.58,bbl,103294.7,mscf
HBK,Activité E&P,DP,GF,1928,3,6910.41,bbl,124200.72,mscf
HBK,Activité E&P,DP,GF,1928,4,11566.73,bbl,31540.86,mscf
HBK,Activité E&P,DP,GF,1928,5,24617.72,bbl,48801.37,mscf
HBK,Activité E&P,DP,GF,1928,6,38799.77,bbl,93436.07,mscf
HBK,Activité E&P,DP,GF,1928,7,35072.21,bbl,148529.8,mscf
HBK,Activité E&P,DP,GF,1928,8,4422.87,bbl,123624.87,mscf
HBK,Activité E&P,DP,GF,1928,9,1455.88,bbl,113466.21,mscf
HBK,Activité E&P,DP,GF,1928,10,30793.63,bbl,155418.13,mscf
HBK,Activité E&P,DP,GF,1928,11,39023.58,bbl,98537.53,mscf
HBK,Activité E&P,DP,GF,1928,12,11810.78,bbl,78200.33,mscf
HBK,Activité E&P,DP,GF,1929,1,24713.85,bbl,57528.67,mscf
HBK,Activité E&P,DP,GF,1929,2,43078.37,bbl,18174.35,mscf
HBK,Activité E&P,DP,GF,1929,3,10330.11,bbl,32587.94,mscf
HBK,Activité E&P,DP,GF,1929,4,49318.23,bbl,121437.46,mscf
HBK,Activité E&P,DP,GF,1929,5,36265.04,bbl,168288.28,mscf
HBK,Activité E&P,DP,GF,1929,6,7413.28,bbl,58737.11,mscf
HBK,Activité E&P,DP,GF,1929,7,34684.61,bbl,164209.74,mscf
HBK,Activité E&P,DP,GF,1929,8,16253.9,bbl,72952.85,mscf
HBK,Activité E&P,DP,GF,1929,9,33378.22,bbl,165142.23,mscf
HBK,Activité E&P,DP,GF,1929,10,45200.84,bbl,29219.59,mscf
HBK,Activité E&P,DP,GF,1929,11,14581.56,bbl,143458.55,mscf
HBK,Activité E&P,DP,GF,1929,12,5722.81,bbl,165233.66,mscf
HBK,Activité E&P,DP,GF,1930,1,19806.24,bbl,33625.5,mscf
HBK,Activité E&P,DP,GF,1930,2,43798.02,bbl,140524.65,mscf
HBK,Activité E&P,DP,GF,1930,3,2008.11,bbl,151368.99,mscf
HBK,Activité E&P,DP,GF,1930,4,18801.52,bbl,109986.79,mscf
HBK,Activité E&P,DP,GF,1930,5,42306.19,bbl,87249.86,mscf
HBK,Activité E&P,DP,GF,1930,6,5519.18,bbl,26926.79,mscf
HBK,Activité E&P,DP,GF,1930,7,41266.12,bbl,185407.65,mscf
HBK,Activité E&P,DP,GF,1930,8,28214.65,bbl,21484.04,mscf
HBK,Activité E&P,DP,GF,1930,9,17315.0,bbl,38421.11,mscf
HBK,Activité E&P,DP,GF,1930,10,36355.27,bbl,122006.58,mscf
HBK,Activité E&P,DP,GF,1930,11,18515.44,bbl,127320.2,mscf
HBK,Activité E&P,DP,GF,1930,12,37891.07,bbl,186147.56,mscf
HBK,Activité E&P,DP,GF,1931,1,38912.02,bbl,179455.29,mscf
HBK,Activité E&P,DP,GF,1931,2,23334.97,bbl,94095.44,mscf
HBK,Activité E&P,DP,GF,1931,3,2588.08,bbl,39310.51,mscf
HBK,Activité E&P,DP,GF,1931,4,18274.8,bbl,103419.97,mscf
HBK,Activité E&P,DP,GF,1931,5,14441.84,bbl,131863.16,mscf
HBK,Activité E&P,DP,GF,1931,6,39851.25,bbl,177973.98,mscf
HBK,Activité E&P,DP,GF,1931,7,37452.05,bbl,99165.48,mscf
HBK,Activité E&P,DP,GF,1931,8,31744.49,bbl,86667.75,mscf
HBK,Activité E&P,DP,GF,1931,9,35294.61,bbl,33014.87,mscf
HBK,Activité E&P,DP,GF,1931,10,6894.8,bbl,65609.58,mscf
HBK,Activité E&P,DP,GF,1931,11,23203.29,bbl,131519.85,mscf
HBK,Activité E&P,DP,GF,1931,12,11659.28,bbl,134752.81,mscf
HBK,Activité E&P,DP,GF,1932,1,41454.29,bbl,26560.24,mscf
HBK,Activité E&P,DP,GF,1932,2,32962.91,bbl,188776.2,mscf
HBK,Activité E&P,DP,GF,1932,3,30711.63,bbl,127446.93,mscf
HBK,Activité E&P,DP,GF,1932,4,33960.75,bbl,16161.28,mscf
HBK,Activité E&P,DP,GF,1932,5,21718.87,bbl,62182.91,mscf
HBK,Activité E&P,DP,GF,1932,6,9782.49,bbl,192391.0,mscf
HBK,Activité E&P,DP,GF,1932,7,47847.38,bbl,52190.47,mscf
HBK,Activité E&P,DP,GF,1932,8,15037.53,bbl,41399.1,mscf
HBK,Activité E&P,DP,GF,1932,9,25615.8,bbl,158162.28,mscf
HBK,Activité E&P,DP,GF,1932,10,25456.82,bbl,199784.22,mscf
HBK,Activité E&P,DP,GF,1932,11,14884.39,bbl,57553.24,mscf
HBK,Activité E&P,DP,GF,1932,12,4033.5,bbl,124601.98,mscf
HBK,Activité E&P,DP,GF,1933,1,43258.69,bbl,9882.52,mscf
HBK,Activité E&P,DP,GF,1933,2,10782.36,bbl,101773.64,mscf
HBK,Activité E&P,DP,GF,1933,3,38748.51,bbl,6406.27,mscf
HBK,Activité E&P,DP,GF,1933,4,6788.46,bbl,97121.09,mscf
HBK,Activité E&P,DP,GF,1933,5,2570.0,bbl,150799.69,mscf
HBK,Activité E&P,DP,GF,1933,6,8881.26,bbl,177178.14,mscf
HBK,Activité E&P,DP,GF,1933,7,41166.1,bbl,193688.11,mscf
HBK,Activité E&P,DP,GF,1933,8,35507.61,bbl,146142.09,mscf
HBK,Activité E&P,DP,GF,1933,9,22160.05,bbl,30918.85,mscf
HBK,Activité E&P,DP,GF,1933,10,16451.87,bbl,163493.77,mscf
HBK,Activité E&P,DP,GF,1933,11,34396.91,bbl,166059.96,mscf
HBK,Activité E&P,DP,GF,1933,12,21560.4,bbl,166210.26,mscf
HBK,Activité E&P,DP,GF,1934,1,2735.33,bbl,100950.02,mscf
HBK,Activité E&P,DP,GF,1934,2,41603.35,bbl,78393.99,mscf
HBK,Activité E&P,DP,GF,1934,3,23171.71,bbl,112377.56,mscf
HBK,Activité E&P,DP,GF,1934,4,5344.74,bbl,57736.51,mscf
HBK,Activité E&P,DP,GF,1934,5,14178.21,bbl,74225.81,mscf
HBK,Activité E&P,DP,GF,1934,6,39780.75,bbl,88521.59,mscf
HBK,Activité E&P,DP,GF,1934,7,38826.4,bbl,44233.62,mscf
HBK,Activité E&P,DP,GF,1934,8,17800.44,bbl,41494.6,mscf
HBK,Activité E&P,DP,GF,1934,9,14319.38,bbl,69459.16,mscf
HBK,Activité E&P,DP,GF,1934,10,41997.27,bbl,169029.87,mscf
HBK,Activité E&P,DP,GF,1934,11,39889.8,bbl,45536.12,mscf
HBK,Activité E&P,DP,GF,1934,12,15416.14,bbl,75420.7,mscf
HBK,Activité E&P,DP,GF,1935,1,12036.58,bbl,11696.1,mscf
HBK,Activité E&P,DP,GF,1935,2,47200.14,bbl,52684.55,mscf
HBK,Activité E&P,DP,GF,1935,3,47786.6,bbl,109062.55,mscf
HBK,Activité E&P,DP,GF,1935,4,35029.77,bbl,120010.61,mscf
HBK,Activité E&P,DP,GF,1935,5,2527.74,bbl,67052.8,mscf
HBK,Activité E&P,DP,GF,1935,6,17996.96,bbl,104797.54,mscf
HBK,Activité E&P,DP,GF,1935,7,5859.39,bbl,132797.32,mscf
HBK,Activité E&P,DP,GF,1935,8,2885.23,bbl,96017.86,mscf
HBK,Activité E&P,DP,GF,1935,9,40030.24,bbl,89711.37,mscf
HBK,Activité E&P,DP,GF,1935,10,43789.3,bbl,68746.04,mscf
HBK,Activité E&P,DP,GF,1935,11,31563.25,bbl,12043.16,mscf
HBK,Activité E&P,DP,GF,1935,12,9381.92,bbl,24140.0,mscf
HBK,Activité E&P,DP,GF,1936,1,11124.96,bbl,178422.96,mscf
HBK,Activité E&P,DP,GF,1936,2,42052.4,bbl,18145.32,mscf
HBK,Activité E&P,DP,GF,1936,3,26966.7,bbl,6644.46,mscf
HBK,Activité E&P,DP,GF,1936,4,31527.06,bbl,50329.1,mscf
HBK,Activité E&P,DP,GF,1936,5,33749.95,bbl,128805.6,mscf
HBK,Activité E&P,DP,GF,1936,6,12784.09,bbl,67168.13,mscf
HBK,Activité E&P,DP,GF,1936,7,48664.78,bbl,180945.08,mscf
HBK,Activité E&P,DP,GF,1936,8,4641.23,bbl,83387.88,mscf
HBK,Activité E&P,DP,GF,1936,9,14055.06,bbl,113264.11,mscf
HBK,Activité E&P,DP,GF,1936,10,47159.25,bbl,80420.81,mscf
HBK,Activité E&P,DP,GF,1936,11,1315.33,bbl,38145.24,mscf
HBK,Activité E&P,DP,GF,1936,12,15611.04,bbl,122740.26,mscf
HBK,Activité E&P,DP,GF,1937,1,6878.65,bbl,181006.51,mscf
HBK,Activité E&P,DP,GF,1937,2,38413.78,bbl,172808.92,mscf
HBK,Activité E&P,DP,GF,1937,3,41158.18,bbl,174543.84,mscf
HBK,Activité E&P,DP,GF,1937,4,33734.66,bbl,182764.68,mscf
HBK,Activité E&P,DP,GF,1937,5,41880.47,bbl,106876.14,mscf
HBK,Activité E&P,DP,GF,1937,6,4029.28,bbl,46616.01,mscf
HBK,Activité E&P,DP,GF,1937,7,40423.05,bbl,85980.27,mscf
HBK,Activité E&P,DP,GF,1937,8,22042.69,bbl,54045.27,mscf
HBK,Activité E&P,DP,GF,1937,9,48762.61,bbl,15884.2,mscf
HBK,Activité E&P,DP,GF,1937,10,24762.91,bbl,120020.55,mscf
HBK,Activité E&P,DP,GF,1937,11,15827.69,bbl,174020.98,mscf
HBK,Activité E&P,DP,GF,1937,12,36353.89,bbl,165493.36,mscf
HBK,Activité E&P,DP,GF,1938,1,33861.64,bbl,164235.7,mscf
HBK,Activité E&P,DP,GF,1938,2,5174.81,bbl,197833.1,mscf
HBK,Activité E&P,DP,GF,1938,3,11362.48,bbl,140715.57,mscf
HBK,Activité E&P,DP,GF,1938,4,37375.08,bbl,179529.3,mscf
HBK,Activité E&P,DP,GF,1938,5,6858.86,bbl,191811.0,mscf
HBK,Activité E&P,DP,GF,1938,6,29792.04,bbl,113125.86,mscf
HBK,Activité E&P,DP,GF,1938,7,4342.14,bbl,127901.65,mscf
HBK,Activité E&P,DP,GF,1938,8,43135.5,bbl,150509.12,mscf
HBK,Activité E&P,DP,GF,1938,9,9481.56,bbl,121304.42,mscf
HBK,Activité E&P,DP,GF,1938,10,17396.65,bbl,99975.26,mscf
HBK,Activité E&P,DP,GF,1938,11,33992.43,bbl,9005.04,mscf
HBK,Activité E&P,DP,GF,1938,12,25708.66,bbl,37889.0,mscf
HBK,Activité E&P,DP,GF,1939,1,49918.96,bbl,101154.33,mscf
HBK,Activité E&P,DP,GF,1939,2,27113.05,bbl,94051.29,mscf
HBK,Activité E&P,DP,GF,1939,3,38757.14,bbl,88292.18,mscf
HBK,Activité E&P,DP,GF,1939,4,33844.26,bbl,112632.62,mscf
HBK,Activité E&P,DP,GF,1939,5,13826.02,bbl,47084.52,mscf
HBK,Activité E&P,DP,GF,1939,6,38985.23,bbl,59869.39,mscf
HBK,Activité E&P,DP,GF,1939,7,10614.38,bbl,83009.93,mscf
HBK,Activité E&P,DP,GF,1939,8,19522.42,bbl,132900.59,mscf
HBK,Activité E&P,DP,GF,1939,9,7839.23,bbl,16191.51,mscf
HBK,Activité E&P,DP,GF,1939,10,22679.37,bbl,132159.23,mscf
HBK,Activité E&P,DP,GF,1939,11,5797.77,bbl,73666.79,mscf
HBK,Activité E&P,DP,GF,1939,12,12547.33,bbl,36996.64,mscf
HBK,Activité E&P,DP,GF,1940,1,24853.8,bbl,50507.11,mscf
HBK,Activité E&P,DP,GF,1940,2,37826.3,bbl,155559.91,mscf
HBK,Activité E&P,DP,GF,1940,3,4796.24,bbl,166247.08,mscf
HBK,Activité E&P,DP,GF,1940,4,11834.7,bbl,184105.91,mscf
HBK,Activité E&P,DP,GF,1940,5,23249.98,bbl,86107.16,mscf
HBK,Activité E&P,DP,GF,1940,6,11915.07,bbl,188279.12,mscf
HBK,Activité E&P,DP,GF,1940,7,17742.63,bbl,25816.95,mscf
HBK,Activité E&P,DP,GF,1940,8,24090.5,bbl,141502.0,mscf
HBK,Activité E&P,DP,GF,1940,9,36357.84,bbl,24228.31,mscf
HBK,Activité E&P,DP,GF,1940,10,17545.33,bbl,42725.56,mscf
HBK,Activité E&P,DP,GF,1940,11,3634.33,bbl,33450.41,mscf
HBK,Activité E&P,DP,GF,1940,12,38942.32,bbl,69272.3,mscf
HBK,Activité E&P,DP,GF,1941,1,5282.72,bbl,66379.18,mscf
HBK,Activité E&P,DP,GF,1941,2,27342.09,bbl,182313.26,mscf
HBK,Activité E&P,DP,GF,1941,3,25143.65,bbl,15660.93,mscf
HBK,Activité E&P,DP,GF,1941,4,42469.16,bbl,11670.38,mscf
HBK,Activité E&P,DP,GF,1941,5,23760.54,bbl,83971.35,mscf
HBK,Activité E&P,DP,GF,1941,6,42344.56,bbl,70046.82,mscf
HBK,Activité E&P,DP,GF,1941,7,17606.28,bbl,14474.37,mscf
HBK,Activité E&P,DP,GF,1941,8,1692.69,bbl,63482.29,mscf
HBK,Activité E&P,DP,GF,1941,9,11169.88,bbl,77997.59,mscf
HBK,Activité E&P,DP,GF,1941,10,10529.78,bbl,17395.09,mscf
HBK,Activité E&P,DP,GF,1941,11,11563.88,bbl,93253.98,mscf
HBK,Activité E&P,DP,GF,1941,12,28298.65,bbl,42895.69,mscf
HBK,Activité E&P,DP,GF,1942,1,29553.72,bbl,147207.43,mscf
HBK,Activité E&P,DP,GF,1942,2,35853.08,bbl,90915.29,mscf
HBK,Activité E&P,DP,GF,1942,3,27064.66,bbl,42050.94,mscf
HBK,Activité E&P,DP,GF,1942,4,21973.03,bbl,111093.56,mscf
HBK,Activité E&P,DP,GF,1942,5,1323.17,bbl,48468.84,mscf
HBK,Activité E&P,DP,GF,1942,6,38918.45,bbl,44375.9,mscf
HBK,Activité E&P,DP,GF,1942,7,23252.53,bbl,139218.61,mscf
HBK,Activité E&P,DP,GF,1942,8,15926.65,bbl,130896.06,mscf
HBK,Activité E&P,DP,GF,1942,9,25407.9,bbl,170751.04,mscf
HBK,Activité E&P,DP,GF,1942,10,34910.07,bbl,156249.24,mscf
HBK,Activité E&P,DP,GF,1942,11,8026.66,bbl,147974.99,mscf
HBK,Activité E&P,DP,GF,1942,12,17612.51,bbl,157124.64,mscf
HBK,Activité E&P,DP,GF,1943,1,45071.24,bbl,191762.43,mscf
HBK,Activité E&P,DP,GF,1943,2,21459.18,bbl,117347.91,mscf
HBK,Activité E&P,DP,GF,1943,3,37565.36,bbl,130585.03,mscf
HBK,Activité E&P,DP,GF,1943,4,7116.43,bbl,117475.81,mscf
HBK,Activité E&P,DP,GF,1943,5,37138.86,bbl,44939.9,mscf
HBK,Activité E&P,DP,GF,1943,6,29348.61,bbl,69245.11,mscf
HBK,Activité E&P,DP,GF,1943,7,10630.66,bbl,190960.66,mscf
HBK,Activité E&P,DP,GF,1943,8,3016.54,bbl,59879.45,mscf
HBK,Activité E&P,DP,GF,1943,9,43621.87,bbl,147559.34,mscf
HBK,Activité E&P,DP,GF,1943,10,42657.39,bbl,118821.51,mscf
HBK,Activité E&P,DP,GF,1943,11,41454.87,bbl,163274.25,mscf
HBK,Activité E&P,DP,GF,1943,12,39806.66,bbl,16648.53,mscf
HBK,Activité E&P,DP,GF,1944,1,19947.99,bbl,179564.84,mscf
HBK,Activité E&P,DP,GF,1944,2,38231.76,bbl,131522.37,mscf
HBK,Activité E&P,DP,GF,1944,3,14666.34,bbl,63183.74,mscf
HBK,Activité E&P,DP,GF,1944,4,25412.28,bbl,137191.49,mscf
HBK,Activité E&P,DP,GF,1944,5,30037.72,bbl,29850.21,mscf
HBK,Activité E&P,DP,GF,1944,6,44394.77,bbl,42379.06,mscf
HBK,Activité E&P,DP,GF,1944,7,16787.7,bbl,163759.58,mscf
HBK,Activité E&P,DP,GF,1944,8,6051.59,bbl,185986.69,mscf
HBK,Activité E&P,DP,GF,1944,9,39356.65,bbl,27886.62,mscf
HBK,Activité E&P,DP,GF,1944,10,42981.96,bbl,185561.4,mscf
HBK,Activité E&P,DP,GF,1944,11,22426.42,bbl,41703.75,mscf
HBK,Activité E&P,DP,GF,1944,12,7526.33,bbl,14482.6,mscf
HBK,Activité E&P,DP,GF,1945,1,19281.34,bbl,180105.63,mscf
HBK,Activité E&P,DP,GF,1945,2,37803.42,bbl,17436.45,mscf
HBK,Activité E&P,DP,GF,1945,3,8108.54,bbl,185513.39,mscf
HBK,Activité E&P,DP,GF,1945,4,33496.89,bbl,129132.25,mscf
HBK,Activité E&P,DP,GF,1945,5,46987.65,bbl,14644.9,mscf
HBK,Activité E&P,DP,GF,1945,6,18528.43,bbl,86874.91,mscf
HBK,Activité E&P,DP,GF,1945,7,21926.68,bbl,177913.06,mscf
HBK,Activité E&P,DP,GF,1945,8,35239.35,bbl,90530.27,mscf
HBK,Activité E&P,DP,GF,1945,9,19180.81,bbl,71946.89,mscf
HBK,Activité E&P,DP,GF,1945,10,19942.15,bbl,48856.57,mscf
HBK,Activité E&P,DP,GF,1945,11,27869.21,bbl,183453.11,mscf
HBK,Activité E&P,DP,GF,1945,12,17011.22,bbl,51504.81,mscf
HBK,Activité E&P,DP,GF,1946,1,49834.29,bbl,52406.82,mscf
HBK,Activité E&P,DP,GF,1946,2,34812.5,bbl,118796.23,mscf
HBK,Activité E&P,DP,GF,1946,3,26512.68,bbl,45833.92,mscf
HBK,Activité E&P,DP,GF,1946,4,22708.85,bbl,5847.64,mscf
HBK,Activité E&P,DP,GF,1946,5,4659.23,bbl,162282.23,mscf
HBK,Activité E&P,DP,GF,1946,6,12855.32,bbl,21664.22,mscf
HBK,Activité E&P,DP,GF,1946,7,46710.57,bbl,45999.5,mscf
HBK,Activité E&P,DP,GF,1946,8,9281.94,bbl,61753.95,mscf
HBK,Activité E&P,DP,GF,1946,9,40278.86,bbl,93368.92,mscf
HBK,Activité E&P,DP,GF,1946,10,7393.5,bbl,30562.32,mscf
HBK,Activité E&P,DP,GF,1946,11,40637.28,bbl,103522.66,mscf
HBK,Activité E&P,DP,GF,1946,12,1977.37,bbl,108732.81,mscf
HBK,Activité E&P,DP,GF,1947,1,25874.13,bbl,142434.16,mscf
HBK,Activité E&P,DP,GF,1947,2,11568.66,bbl,185018.28,mscf
HBK,Activité E&P,DP,GF,1947,3,30926.01,bbl,34038.25,mscf
HBK,Activité E&P,DP,GF,1947,4,14785.54,bbl,119549.72,mscf
HBK,Activité E&P,DP,GF,1947,5,25728.51,bbl,85258.86,mscf
HBK,Activité E&P,DP,GF,1947,6,44149.72,bbl,62083.03,mscf
HBK,Activité E&P,DP,GF,1947,7,22880.04,bbl,182920.79,mscf
HBK,Activité E&P,DP,GF,1947,8,14141.35,bbl,177851.47,mscf
HBK,Activité E&P,DP,GF,1947,9,40799.88,bbl,186788.95,mscf
HBK,Activité E&P,DP,GF,1947,10,14466.07,bbl,114237.71,mscf
HBK,Activité E&P,DP,GF,1947,11,5070.75,bbl,178263.06,mscf
HBK,Activité E&P,DP,GF,1947,12,19579.28,bbl,144821.48,mscf
HBK,Activité E&P,DP,GF,1948,1,29015.31,bbl,127974.1,mscf
HBK,Activité E&P,DP,GF,1948,2,3794.3,bbl,167892.86,mscf
HBK,Activité E&P,DP,GF,1948,3,7609.66,bbl,73043.52,mscf
HBK,Activité E&P,DP,GF,1948,4,46120.34,bbl,64535.77,mscf
HBK,Activité E&P,DP,GF,1948,5,25669.09,bbl,66261.06,mscf
HBK,Activité E&P,DP,GF,1948,6,5060.41,bbl,50279.64,mscf
HBK,Activité E&P,DP,GF,1948,7,35424.91,bbl,37512.66,mscf
HBK,Activité E&P,DP,GF,1948,8,15574.04,bbl,198214.57,mscf
HBK,Activité E&P,DP,GF,1948,9,48142.54,bbl,61462.58,mscf
HBK,Activité E&P,DP,GF,1948,10,13848.5,bbl,168126.96,mscf
HBK,Activité E&P,DP,GF,1948,11,39038.05,bbl,132158.72,mscf
HBK,Activité E&P,DP,GF,1948,12,7345.86,bbl,71884.59,mscf
HBK,Activité E&P,DP,GF,1949,1,24773.27,bbl,141407.2,mscf
HBK,Activité E&P,DP,GF,1949,2,45489.1,bbl,106535.33,mscf
HBK,Activité E&P,DP,GF,1949,3,38411.09,bbl,137789.51,mscf
HBK,Activité E&P,DP,GF,1949,4,26544.77,bbl,99542.83,mscf
HBK,Activité E&P,DP,GF,1949,5,4405.11,bbl,100641.67,mscf
HBK,Activité E&P,DP,GF,1949,6,22288.88,bbl,91218.49,mscf
HBK,Activité E&P,DP,GF,1949,7,1351.26,bbl,123415.75,mscf
HBK,Activité E&P,DP,GF,1949,8,32071.27,bbl,199514.87,mscf
HBK,Activité E&P,DP,GF,1949,9,16598.79,bbl,190142.39,mscf
HBK,Activité E&P,DP,GF,1949,10,3848.85,bbl,19372.8,mscf
HBK,Activité E&P,DP,GF,1949,11,49794.94,bbl,94389.59,mscf
HBK,Activité E&P,DP,GF,1949,12,18421.26,bbl,93850.37,mscf
GTL,Activité E&P,DP,GF,1900,1,23487.49,bbl,137671.24,mscf
GTL,Activité E&P,DP,GF,1900,2,44604.9,bbl,77601.51,mscf
GTL,Activité E&P,DP,GF,1900,3,44859.73,bbl,108251.7,mscf
GTL,Activité E&P,DP,GF,1900,4,17836.38,bbl,146248.85,mscf
GTL,Activité E&P,DP,GF,1900,5,18580.78,bbl,27537.8,mscf
GTL,Activité E&P,DP,GF,1900,6,17620.99,bbl,154145.93,mscf
GTL,Activité E&P,DP,GF,1900,7,18716.77,bbl,113884.03,mscf
GTL,Activité E&P,DP,GF,1900,8,37228.99,bbl,9204.05,mscf
GTL,Activité E&P,DP,GF,1900,9,44008.67,bbl,21910.23,mscf
GTL,Activité E&P,DP,GF,1900,10,16652.34,bbl,26500.37,mscf
GTL,Activité E&P,DP,GF,1900,11,19767.13,bbl,87932.54,mscf
GTL,Activité E&P,DP,GF,1900,12,3704.65,bbl,8022.75,mscf
GTL,Activité E&P,DP,GF,1901,1,21161.3,bbl,120102.27,mscf
GTL,Activité E&P,DP,GF,1901,2,35703.08,bbl,8305.97,mscf
GTL,Activité E&P,DP,GF,1901,3,16854.65,bbl,112284.3,mscf
GTL,Activité E&P,DP,GF,1901,4,30998.35,bbl,22166.63,mscf
GTL,Activité E&P,DP,GF,1901,5,25698.78,bbl,119255.16,mscf
GTL,Activité E&P,DP,GF,1901,6,2305.45,bbl,16753.31,mscf
GTL,Activité E&P,DP,GF,1901,7,28635.36,bbl,97270.99,mscf
GTL,Activité E&P,DP,GF,1901,8,38270.05,bbl,101211.87,mscf
GTL,Activité E&P,DP,GF,1901,9,44718.53,bbl,90354.39,mscf
GTL,Activité E&P,DP,GF,1901,10,31921.72,bbl,21913.58,mscf
GTL,Activité E&P,DP,GF,1901,11,29156.35,bbl,170302.77,mscf
GTL,Activité E&P,DP,GF,1901,12,29412.57,bbl,28155.17,mscf
GTL,Activité E&P,DP,GF,1902,1,31958.96,bbl,157834.43,mscf
GTL,Activité E&P,DP,GF,1902,2,42620.04,bbl,103807.11,mscf
GTL,Activité E&P,DP,GF,1902,3,28650.78,bbl,73360.93,mscf
GTL,Activité E&P,DP,GF,1902,4,19815.45,bbl,128851.56,mscf
GTL,Activité E&P,DP,GF,1902,5,47381.07,bbl,199318.6,mscf
GTL,Activité E&P,DP,GF,1902,6,42068.45,bbl,182317.9,mscf
GTL,Activité E&P,DP,GF,1902,7,22046.09,bbl,6733.24,mscf
GTL,Activité E&P,DP,GF,1902,8,41232.77,bbl,21925.01,mscf
GTL,Activité E&P,DP,GF,1902,9,39724.18,bbl,163062.43,mscf
GTL,Activité E&P,DP,GF,1902,10,11894.32,bbl,10965.16,mscf
GTL,Activité E&P,DP,GF,1902,11,46113.88,bbl,142238.02,mscf
GTL,Activité E&P,DP,GF,1902,12,40620.28,bbl,73137.61,mscf
GTL,Activité E&P,DP,GF,1903,1,11862.81,bbl,160282.71,mscf
GTL,Activité E&P,DP,GF,1903,2,2845.73,bbl,187135.87,mscf
GTL,Activité E&P,DP,GF,1903,3,13017.08,bbl,144083.77,mscf
GTL,Activité E&P,DP,GF,1903,4,40148.49,bbl,193298.16,mscf
GTL,Activité E&P,DP,GF,1903,5,32083.43,bbl,88386.33,mscf
GTL,Activité E&P,DP,GF,1903,6,4221.62,bbl,36320.69,mscf
GTL,Activité E&P,DP,GF,1903,7,43553.98,bbl,170184.77,mscf
GTL,Activité E&P,DP,GF,1903,8,31254.44,bbl,100066.0,mscf
GTL,Activité E&P,DP,GF,1903,9,41708.06,bbl,65970.38,mscf
GTL,Activité E&P,DP,GF,1903,10,21437.76,bbl,48156.61,mscf
GTL,Activité E&P,DP,GF,1903,11,37288.72,bbl,18642.68,mscf
GTL,Activité E&P,DP,GF,1903,12,30396.14,bbl,44276.75,mscf
GTL,Activité E&P,DP,GF,1904,1,17221.41,bbl,59291.63,mscf
GTL,Activité E&P,DP,GF,1904,2,10194.68,bbl,31360.57,mscf
GTL,Activité E&P,DP,GF,1904,3,46462.35,bbl,86218.35,mscf
GTL,Activité E&P,DP,GF,1904,4,12484.37,bbl,133836.09,mscf
GTL,Activité E&P,DP,GF,1904,5,36192.16,bbl,5089.56,mscf
GTL,Activité E&P,DP,GF,1904,6,26283.35,bbl,178232.69,mscf
GTL,Activité E&P,DP,GF,1904,7,38340.08,bbl,38088.28,mscf
GTL,Activité E&P,DP,GF,1904,8,24070.31,bbl,74191.58,mscf
GTL,Activité E&P,DP,GF,1904,9,46210.32,bbl,13512.57,mscf
GTL,Activité E&P,DP,GF,1904,10,4536.24,bbl,77533.61,mscf
GTL,Activité E&P,DP,GF,1904,11,41684.14,bbl,138896.69,mscf
GTL,Activité E&P,DP,GF,1904,12,25521.95,bbl,165141.0,mscf
GTL,Activité E&P,DP,GF,1905,1,28528.52,bbl,151569.69,mscf
GTL,Activité E&P,DP,GF,1905,2,42577.34,bbl,35168.74,mscf
GTL,Activité E&P,DP,GF,1905,3,18352.62,bbl,135881.7,mscf
GTL,Activité E&P,DP,GF,1905,4,3933.91,bbl,117744.15,mscf
GTL,Activité E&P,DP,GF,1905,5,2122.73,bbl,148495.67,mscf
GTL,Activité E&P,DP,GF,1905,6,32172.5,bbl,53460.52,mscf
GTL,Activité E&P,DP,GF,1905,7,10386.36,bbl,51844.14,mscf
GTL,Activité E&P,DP,GF,1905,8,30547.57,bbl,73683.98,mscf
GTL,Activité E&P,DP,GF,1905,9,32839.99,bbl,53920.79,mscf
GTL,Activité E&P,DP,GF,1905,10,1140.95,bbl,75753.28,mscf
GTL,Activité E&P,DP,GF,1905,11,36777.6,bbl,112106.24,mscf
GTL,Activité E&P,DP,GF,1905,12,24389.82,bbl,89468.8,mscf
GTL,Activité E&P,DP,GF,1906,1,17231.49,bbl,16281.09,mscf
GTL,Activité E&P,DP,GF,1906,2,4688.86,bbl,65966.39,mscf
GTL,Activité E&P,DP,GF,1906,3,4743.48,bbl,97430.54,mscf
GTL,Activité E&P,DP,GF,1906,4,16606.94,bbl,149525.93,mscf
GTL,Activité E&P,DP,GF,1906,5,48580.05,bbl,105633.34,mscf
GTL,Activité E&P,DP,GF,1906,6,15652.53,bbl,153134.41,mscf
GTL,Activité E&P,DP,GF,1906,7,28307.05,bbl,196498.95,mscf
GTL,Activité E&P,DP,GF,1906,8,25416.37,bbl,73551.84,mscf
GTL,Activité E&P,DP,GF,1906,9,37870.8,bbl,54923.95,mscf
GTL,Activité E&P,DP,GF,1906,10,11531.89,bbl,88169.09,mscf
GTL,Activité E&P,DP,GF,1906,11,44727.57,bbl,148446.58,mscf
GTL,Activité E&P,DP,GF,1906,12,18045.69,bbl,168515.92,mscf
GTL,Activité E&P,DP,GF,1907,1,37496.53,bbl,27475.78,mscf
GTL,Activité E&P,DP,GF,1907,2,39105.74,bbl,65844.36,mscf
GTL,Activité E&P,DP,GF,1907,3,26531.83,bbl,167406.59,mscf
GTL,Activité E&P,DP,GF,1907,4,22133.17,bbl,43488.62,mscf
GTL,Activité E&P,DP,GF,1907,5,49659.12,bbl,22472.38,mscf
GTL,Activité E&P,DP,GF,1907,6,38513.38,bbl,167073.98,mscf
GTL,Activité E&P,DP,GF,1907,7,6352.68,bbl,100695.14,mscf
GTL,Activité E&P,DP,GF,1907,8,27266.8,bbl,93814.66,mscf
GTL,Activité E&P,DP,GF,1907,9,33182.98,bbl,83941.94,mscf
GTL,Activité E&P,DP,GF,1907,10,48076.37,bbl,61790.66,mscf
GTL,Activité E&P,DP,GF,1907,11,46829.72,bbl,143168.88,mscf
GTL,Activité E&P,DP,GF,1907,12,31486.64,bbl,78556.85,mscf
GTL,Activité E&P,DP,GF,1908,1,23561.63,bbl,185594.75,mscf
GTL,Activité E&P,DP,GF,1908,2,12932.6,bbl,30465.86,mscf
GTL,Activité E&P,DP,GF,1908,3,28510.52,bbl,88732.63,mscf
GTL,Activité E&P,DP,GF,1908,4,21092.33,bbl,47577.21,mscf
GTL,Activité E&P,DP,GF,1908,5,13420.95,bbl,109175.58,mscf
GTL,Activité E&P,DP,GF,1908,6,6675.49,bbl,182975.23,mscf
GTL,Activité E&P,DP,GF,1908,7,4260.13,bbl,68375.17,mscf
GTL,Activité E&P,DP,GF,1908,8,9615.36,bbl,154754.69,mscf
GTL,Activité E&P,DP,GF,1908,9,39192.45,bbl,143384.58,mscf
GTL,Activité E&P,DP,GF,1908,10,25536.48,bbl,140975.55,mscf
GTL,Activité E&P,DP,GF,1908,11,41738.33,bbl,18736.82,mscf
GTL,Activité E&P,DP,GF,1908,12,19285.93,bbl,77461.85,mscf
GTL,Activité E&P,DP,GF,1909,1,39944.64,bbl,37624.71,mscf
GTL,Activité E&P,DP,GF,1909,2,20472.38,bbl,102865.54,mscf
GTL,Activité E&P,DP,GF,1909,3,34103.66,bbl,66317.69,mscf
GTL,Activité E&P,DP,GF,1909,4,7074.7,bbl,73591.09,mscf
GTL,Activité E&P,DP,GF,1909,5,23669.39,bbl,142626.01,mscf
GTL,Activité E&P,DP,GF,1909,6,7339.95,bbl,120172.34,mscf
GTL,Activité E&P,DP,GF,1909,7,35679.55,bbl,47838.96,mscf
GTL,Activité E&P,DP,GF,1909,8,2215.24,bbl,133966.14,mscf
GTL,Activité E&P,DP,GF,1909,9,2896.92,bbl,49794.65,mscf
GTL,Activité E&P,DP,GF,1909,10,2635.28,bbl,160141.07,mscf
GTL,Activité E&P,DP,GF,1909,11,48014.89,bbl,116144.27,mscf
GTL,Activité E&P,DP,GF,1909,12,14767.7,bbl,101386.47,mscf
GTL,Activité E&P,DP,GF,1910,1,43963.93,bbl,177970.6,mscf
GTL,Activité E&P,DP,GF,1910,2,19656.63,bbl,114666.66,mscf
GTL,Activité E&P,DP,GF,1910,3,43738.69,bbl,48090.61,mscf
GTL,Activité E&P,DP,GF,1910,4,42179.44,bbl,97791.89,mscf
GTL,Activité E&P,DP,GF,1910,5,43402.65,bbl,183078.82,mscf
GTL,Activité E&P,DP,GF,1910,6,10666.38,bbl,81841.48,mscf
GTL,Activité E&P,DP,GF,1910,7,30780.23,bbl,66159.72,mscf
GTL,Activité E&P,DP,GF,1910,8,48185.49,bbl,90376.03,mscf
GTL,Activité E&P,DP,GF,1910,9,25202.48,bbl,52286.01,mscf
GTL,Activité E&P,DP,GF,1910,10,37953.07,bbl,95099.52,mscf
GTL,Activité E&P,DP,GF,1910,11,46716.01,bbl,41028.46,mscf
GTL,Activité E&P,DP,GF,1910,12,26713.03,bbl,89874.55,mscf
GTL,Activité E&P,DP,GF,1911,1,47024.93,bbl,86010.5,mscf
GTL,Activité E&P,DP,GF,1911,2,10743.13,bbl,185186.91,mscf
GTL,Activité E&P,DP,GF,1911,3,3860.01,bbl,169568.16,mscf
GTL,Activité E&P,DP,GF,1911,4,27590.12,bbl,128359.81,mscf
GTL,Activité E&P,DP,GF,1911,5,2288.86,bbl,101073.15,mscf
GTL,Activité E&P,DP,GF,1911,6,1544.91,bbl,164821.69,mscf
GTL,Activité E&P,DP,GF,1911,7,22004.65,bbl,113123.33,mscf
GTL,Activité E&P,DP,GF,1911,8,34342.71,bbl,112514.37,mscf
GTL,Activité E&P,DP,GF,1911,9,42222.22,bbl,196078.94,mscf
GTL,Activité E&P,DP,GF,1911,10,7220.4,bbl,31846.69,mscf
GTL,Activité E&P,DP,GF,1911,11,33216.91,bbl,160048.11,mscf
GTL,Activité E&P,DP,GF,1911,12,19212.98,bbl,159080.54,mscf
GTL,Activité E&P,DP,GF,1912,1,23974.76,bbl,130368.24,mscf
GTL,Activité E&P,DP,GF,1912,2,16129.78,bbl,53516.33,mscf
GTL,Activité E&P,DP,GF,1912,3,2676.29,bbl,148426.96,mscf
GTL,Activité E&P,DP,GF,1912,4,40985.35,bbl,40910.38,mscf
GTL,Activité E&P,DP,GF,1912,5,14444.76,bbl,48342.48,mscf
GTL,Activité E&P,DP,GF,1912,6,10059.8,bbl,24673.6,mscf
GTL,Activité E&P,DP,GF,1912,7,8361.28,bbl,103345.46,mscf
GTL,Activité E&P,DP,GF,1912,8,46063.06,bbl,88717.72,mscf
GTL,Activité E&P,DP,GF,1912,9,39627.73,bbl,63175.19,mscf
GTL,Activité E&P,DP,GF,1912,10,7923.5,bbl,106414.32,mscf
GTL,Activité E&P,DP,GF,1912,11,49747.08,bbl,60990.69,mscf
GTL,Activité E&P,DP,GF,1912,12,17726.6,bbl,86491.11,mscf
GTL,Activité E&P,DP,GF,1913,1,49150.3,bbl,19781.92,mscf
GTL,Activité E&P,DP,GF,1913,2,11550.78,bbl,111540.39,mscf
GTL,Activité E&P,DP,GF,1913,3,46047.26,bbl,27805.23,mscf
GTL,Activité E&P,DP,GF,1913,4,16040.58,bbl,114020.52,mscf
GTL,Activité E&P,DP,GF,1913,5,38120.16,bbl,188198.74,mscf
GTL,Activité E&P,DP,GF,1913,6,49846.75,bbl,71432.87,mscf
GTL,Activité E&P,DP,GF,1913,7,36991.87,bbl,119501.26,mscf
GTL,Activité E&P,DP,GF,1913,8,6031.74,bbl,190237.4,mscf
GTL,Activité E&P,DP,GF,1913,9,47811.07,bbl,50543.16,mscf
GTL,Activité E&P,DP,GF,1913,10,38678.16,bbl,163270.35,mscf
GTL,Activité E&P,DP,GF,1913,11,20353.32,bbl,9882.7,mscf
GTL,Activité E&P,DP,GF,1913,12,30826.29,bbl,8636.91,mscf
GTL,Activité E&P,DP,GF,1914,1,14876.36,bbl,69830.77,mscf
GTL,Activité E&P,DP,GF,1914,2,34287.89,bbl,137378.1,mscf
GTL,Activité E&P,DP,GF,1914,3,10570.92,bbl,25044.12,mscf
GTL,Activité E&P,DP,GF,1914,4,48363.36,bbl,9299.48,mscf
GTL,Activité E&P,DP,GF,1914,5,42956.82,bbl,61866.88,mscf
GTL,Activité E&P,DP,GF,1914,6,5887.4,bbl,186461.64,mscf
GTL,Activité E&P,DP,GF,1914,7,45333.31,bbl,167289.41,mscf
GTL,Activité E&P,DP,GF,1914,8,24031.14,bbl,55283.55,mscf
GTL,Activité E&P,DP,GF,1914,9,3527.3,bbl,151124.02,mscf
GTL,Activité E&P,DP,GF,1914,10,44486.83,bbl,36113.06,mscf
GTL,Activité E&P,DP,GF,1914,11,1286.29,bbl,101263.46,mscf
GTL,Activité E&P,DP,GF,1914,12,29131.7,bbl,151339.68,mscf
GTL,Activité E&P,DP,GF,1915,1,31643.64,bbl,50307.56,mscf
GTL,Activité E&P,DP,GF,1915,2,48945.76,bbl,145167.76,mscf
GTL,Activité E&P,DP,GF,1915,3,23420.67,bbl,102110.34,mscf
GTL,Activité E&P,DP,GF,1915,4,42610.52,bbl,25399.1,mscf
GTL,Activité E&P,DP,GF,1915,5,33331.65,bbl,52222.63,mscf
GTL,Activité E&P,DP,GF,1915,6,27895.52,bbl,130761.16,mscf
GTL,Activité E&P,DP,GF,1915,7,12474.19,bbl,35488.56,mscf
GTL,Activité E&P,DP,GF,1915,8,32689.91,bbl,172898.49,mscf
GTL,Activité E&P,DP,GF,1915,9,10177.72,bbl,189240.72,mscf
GTL,Activité E&P,DP,GF,1915,10,37299.06,bbl,136756.26,mscf
GTL,Activité E&P,DP,GF,1915,11,32267.03,bbl,28474.21,mscf
GTL,Activité E&P,DP,GF,1915,12,8838.26,bbl,135128.13,mscf
GTL,Activité E&P,DP,GF,1916,1,29042.77,bbl,59757.44,mscf
GTL,Activité E&P,DP,GF,1916,2,41033.16,bbl,123904.05,mscf
GTL,Activité E&P,DP,GF,1916,3,17012.58,bbl,168461.39,mscf
GTL,Activité E&P,DP,GF,1916,4,44406.5,bbl,95207.44,mscf
GTL,Activité E&P,DP,GF,1916,5,5962.77,bbl,88003.29,mscf
GTL,Activité E&P,DP,GF,1916,6,43709.92,bbl,116491.65,mscf
GTL,Activité E&P,DP,GF,1916,7,13604.38,bbl,162673.97,mscf
GTL,Activité E&P,DP,GF,1916,8,35797.95,bbl,194210.54,mscf
GTL,Activité E&P,DP,GF,1916,9,29702.49,bbl,63676.47,mscf
GTL,Activité E&P,DP,GF,1916,10,20302.1,bbl,41867.23,mscf
GTL,Activité E&P,DP,GF,1916,11,39628.9,bbl,136616.27,mscf
GTL,Activité E&P,DP,GF,1916,12,47373.85,bbl,155175.88,mscf
GTL,Activité E&P,DP,GF,1917,1,4078.88,bbl,14112.38,mscf
GTL,Activité E&P,DP,GF,1917,2,7295.84,bbl,132513.84,mscf
GTL,Activité E&P,DP,GF,1917,3,1943.04,bbl,125649.31,mscf
GTL,Activité E&P,DP,GF,1917,4,37199.8,bbl,193555.54,mscf
GTL,Activité E&P,DP,GF,1917,5,22476.63,bbl,74998.9,mscf
GTL,Activité E&P,DP,GF,1917,6,13846.01,bbl,183365.15,mscf
GTL,Activité E&P,DP,GF,1917,7,43173.09,bbl,169786.02,mscf
GTL,Activité E&P,DP,GF,1917,8,32776.49,bbl,183838.07,mscf
GTL,Activité E&P,DP,GF,1917,9,32649.08,bbl,162786.51,mscf
GTL,Activité E&P,DP,GF,1917,10,5784.12,bbl,46490.72,mscf
GTL,Activité E&P,DP,GF,1917,11,7390.86,bbl,151584.6,mscf
GTL,Activité E&P,DP,GF,1917,12,43052.6,bbl,25249.44,mscf
GTL,Activité E&P,DP,GF,1918,1,39295.21,bbl,79504.83,mscf
GTL,Activité E&P,DP,GF,1918,2,30967.56,bbl,58355.01,mscf
GTL,Activité E&P,DP,GF,1918,3,35757.06,bbl,45410.72,mscf
GTL,Activité E&P,DP,GF,1918,4,10428.69,bbl,182200.14,mscf
GTL,Activité E&P,DP,GF,1918,5,40362.09,bbl,92747.18,mscf
GTL,Activité E&P,DP,GF,1918,6,41604.01,bbl,130755.23,mscf
GTL,Activité E&P,DP,GF,1918,7,47507.59,bbl,151177.0,mscf
GTL,Activité E&P,DP,GF,1918,8,28572.66,bbl,175376.06,mscf
GTL,Activité E&P,DP,GF,1918,9,46773.83,bbl,150527.44,mscf
GTL,Activité E&P,DP,GF,1918,10,24355.21,bbl,175257.87,mscf
GTL,Activité E&P,DP,GF,1918,11,48645.17,bbl,135642.9,mscf
GTL,Activité E&P,DP,GF,1918,12,43920.5,bbl,192283.83,mscf
GTL,Activité E&P,DP,GF,1919,1,6742.98,bbl,130127.2,mscf
GTL,Activité E&P,DP,GF,1919,2,14319.03,bbl,68825.43,mscf
GTL,Activité E&P,DP,GF,1919,3,35819.26,bbl,60156.37,mscf
GTL,Activité E&P,DP,GF,1919,4,9040.25,bbl,80396.6,mscf
GTL,Activité E&P,DP,GF,1919,5,1423.91,bbl,24228.51,mscf
GTL,Activité E&P,DP,GF,1919,6,47580.39,bbl,62380.81,mscf
GTL,Activité E&P,DP,GF,1919,7,11363.18,bbl,101364.0,mscf
GTL,Activité E&P,DP,GF,1919,8,46648.93,bbl,159959.68,mscf
GTL,Activité E&P,DP,GF,1919,9,15308.07,bbl,5136.15,mscf
GTL,Activité E&P,DP,GF,1919,10,44378.27,bbl,179228.96,mscf
GTL,Activité E&P,DP,GF,1919,11,45717.69,bbl,47194.36,mscf
GTL,Activité E&P,DP,GF,1919,12,22188.82,bbl,129698.44,mscf
GTL,Activité E&P,DP,GF,1920,1,6919.19,bbl,156906.11,mscf
GTL,Activité E&P,DP,GF,1920,2,28931.87,bbl,138945.45,mscf
GTL,Activité E&P,DP,GF,1920,3,17799.48,bbl,127800.29,mscf
GTL,Activité E&P,DP,GF,1920,4,20016.4,bbl,93198.39,mscf
GTL,Activité E&P,DP,GF,1920,5,45178.28,bbl,170921.3,mscf
GTL,Activité E&P,DP,GF,1920,6,33269.7,bbl,25012.84,mscf
GTL,Activité E&P,DP,GF,1920,7,24897.3,bbl,54806.9,mscf
GTL,Activité E&P,DP,GF,1920,8,48509.96,bbl,38951.57,mscf
GTL,Activité E&P,DP,GF,1920,9,27847.78,bbl,109747.09,mscf
GTL,Activité E&P,DP,GF,1920,10,41438.71,bbl,15068.38,mscf
GTL,Activité E&P,DP,GF,1920,11,26626.08,bbl,117755.51,mscf
GTL,Activité E&P,DP,GF,1920,12,22390.33,bbl,94426.55,mscf
GTL,Activité E&P,DP,GF,1921,1,15125.76,bbl,48390.38,mscf
GTL,Activité E&P,DP,GF,1921,2,13575.57,bbl,181185.84,mscf
GTL,Activité E&P,DP,GF,1921,3,27808.2,bbl,112170.45,mscf
GTL,Activité E&P,DP,GF,1921,4,7493.62,bbl,181682.85,mscf
GTL,Activité E&P,DP,GF,1921,5,1046.78,bbl,46959.96,mscf
GTL,Activité E&P,DP,GF,1921,6,7965.18,bbl,118035.97,mscf
GTL,Activité E&P,DP,GF,1921,7,8063.38,bbl,158072.45,mscf
GTL,Activité E&P,DP,GF,1921,8,33785.68,bbl,131799.58,mscf
GTL,Activité E&P,DP,GF,1921,9,20711.45,bbl,115215.16,mscf
GTL,Activité E&P,DP,GF,1921,10,47398.61,bbl,77788.87,mscf
GTL,Activité E&P,DP,GF,1921,11,39242.31,bbl,172473.12,mscf
GTL,Activité E&P,DP,GF,1921,12,49452.04,bbl,144030.31,mscf
GTL,Activité E&P,DP,GF,1922,1,27928.66,bbl,194053.52,mscf
GTL,Activité E&P,DP,GF,1922,2,4458.54,bbl,33252.17,mscf
GTL,Activité E&P,DP,GF,1922,3,22297.72,bbl,113494.76,mscf
GTL,Activité E&P,DP,GF,1922,4,19082.3,bbl,131817.98,mscf
GTL,Activité E&P,DP,GF,1922,5,6648.73,bbl,147076.82,mscf
GTL,Activité E&P,DP,GF,1922,6,41612.1,bbl,175634.93,mscf
GTL,Activité E&P,DP,GF,1922,7,18713.81,bbl,52488.31,mscf
GTL,Activité E&P,DP,GF,1922,8,27333.83,bbl,55885.59,mscf
GTL,Activité E&P,DP,GF,1922,9,7012.03,bbl,95252.11,mscf
GTL,Activité E&P,DP,GF,1922,10,37347.04,bbl,22179.86,mscf
GTL,Activité E&P,DP,GF,1922,11,1671.45,bbl,84562.21,mscf
GTL,Activité E&P,DP,GF,1922,12,7331.75,bbl,154390.2,mscf
GTL,Activité E&P,DP,GF,1923,1,37775.28,bbl,8143.62,mscf
GTL,Activité E&P,DP,GF,1923,2,14997.69,bbl,86329.79,mscf
GTL,Activité E&P,DP,GF,1923,3,22002.91,bbl,179140.02,mscf
GTL,Activité E&P,DP,GF,1923,4,3059.06,bbl,180655.65,mscf
GTL,Activité E&P,DP,GF,1923,5,26863.01,bbl,15222.91,mscf
GTL,Activité E&P,DP,GF,1923,6,25893.47,bbl,139620.99,mscf
GTL,Activité E&P,DP,GF,1923,7,35557.73,bbl,79030.06,mscf
GTL,Activité E&P,DP,GF,1923,8,15279.65,bbl,187121.91,mscf
GTL,Activité E&P,DP,GF,1923,9,36798.98,bbl,166004.08,mscf
GTL,Activité E&P,DP,GF,1923,10,34628.6,bbl,154523.82,mscf
GTL,Activité E&P,DP,GF,1923,11,37849.81,bbl,118704.69,mscf
GTL,Activité E&P,DP,GF,1923,12,22889.41,bbl,141533.67,mscf
GTL,Activité E&P,DP,GF,1924,1,25973.9,bbl,18756.12,mscf
GTL,Activité E&P,DP,GF,1924,2,13788.29,bbl,176639.22,mscf
GTL,Activité E&P,DP,GF,1924,3,30974.7,bbl,134107.91,mscf
GTL,Activité E&P,DP,GF,1924,4,40565.08,bbl,104687.16,mscf
GTL,Activité E&P,DP,GF,1924,5,47078.95,bbl,154283.4,mscf
GTL,Activité E&P,DP,GF,1924,6,35392.07,bbl,129484.3,mscf
GTL,Activité E&P,DP,GF,1924,7,2019.18,bbl,50512.06,mscf
GTL,Activité E&P,DP,GF,1924,8,43958.12,bbl,170313.78,mscf
GTL,Activité E&P,DP,GF,1924,9,25081.34,bbl,65560.06,mscf
GTL,Activité E&P,DP,GF,1924,10,14298.46,bbl,124985.44,mscf
GTL,Activité E&P,DP,GF,1924,11,23365.83,bbl,67214.05,mscf
GTL,Activité E&P,DP,GF,1924,12,19090.19,bbl,99264.07,mscf
GTL,Activité E&P,DP,GF,1925,1,7751.47,bbl,199394.27,mscf
GTL,Activité E&P,DP,GF,1925,2,5598.63,bbl,12496.35,mscf
GTL,Activité E&P,DP,GF,1925,3,2322.88,bbl,135952.32,mscf
GTL,Activité E&P,DP,GF,1925,4,1303.78,bbl,131793.91,mscf
GTL,Activité E&P,DP,GF,1925,5,41853.98,bbl,171951.96,mscf
GTL,Activité E&P,DP,GF,1925,6,16032.35,bbl,60004.02,mscf
GTL,Activité E&P,DP,GF,1925,7,46614.52,bbl,63783.15,mscf
GTL,Activité E&P,DP,GF,1925,8,3420.29,bbl,48182.75,mscf
GTL,Activité E&P,DP,GF,1925,9,32058.07,bbl,183797.19,mscf
GTL,Activité E&P,DP,GF,1925,10,43652.73,bbl,190798.52,mscf
GTL,Activité E&P,DP,GF,1925,11,1499.25,bbl,44680.24,mscf
GTL,Activité E&P,DP,GF,1925,12,28179.58,bbl,87823.19,mscf
GTL,Activité E&P,DP,GF,1926,1,35044.28,bbl,140930.93,mscf
GTL,Activité E&P,DP,GF,1926,2,24760.91,bbl,45958.14,mscf
GTL,Activité E&P,DP,GF,1926,3,27968.94,bbl,6680.04,mscf
GTL,Activité E&P,DP,GF,1926,4,29923.29,bbl,87145.69,mscf
GTL,Activité E&P,DP,GF,1926,5,15762.79,bbl,121807.41,mscf
GTL,Activité E&P,DP,GF,1926,6,46879.51,bbl,15574.34,mscf
GTL,Activité E&P,DP,GF,1926,7,31470.26,bbl,169922.79,mscf
GTL,Activité E&P,DP,GF,1926,8,37264.14,bbl,29121.84,mscf
GTL,Activité E&P,DP,GF,1926,9,46655.68,bbl,179029.54,mscf
GTL,Activité E&P,DP,GF,1926,10,30206.51,bbl,115956.31,mscf
GTL,Activité E&P,DP,GF,1926,11,41128.7,bbl,152383.25,mscf
GTL,Activité E&P,DP,GF,1926,12,8805.8,bbl,171946.98,mscf
GTL,Activité E&P,DP,GF,1927,1,35868.57,bbl,85283.73,mscf
GTL,Activité E&P,DP,GF,1927,2,8881.27,bbl,42292.31,mscf
GTL,Activité E&P,DP,GF,1927,3,14754.95,bbl,20524.97,mscf
GTL,Activité E&P,DP,GF,1927,4,36320.8,bbl,129843.11,mscf
GTL,Activité E&P,DP,GF,1927,5,29108.09,bbl,132593.12,mscf
GTL,Activité E&P,DP,GF,1927,6,3893.66,bbl,57697.99,mscf
GTL,Activité E&P,DP,GF,1927,7,25703.68,bbl,66147.92,mscf
GTL,Activité E&P,DP,GF,1927,8,38360.2,bbl,79379.67,mscf
GTL,Activité E&P,DP,GF,1927,9,47835.0,bbl,160584.99,mscf
GTL,Activité E&P,DP,GF,1927,10,28353.16,bbl,56500.7,mscf
GTL,Activité E&P,DP,GF,1927,11,30099.73,bbl,136477.89,mscf
GTL,Activité E&P,DP,GF,1927,12,33830.71,bbl,84049.64,mscf
GTL,Activité E&P,DP,GF,1928,1,26092.36,bbl,19312.12,mscf
GTL,Activité E&P,DP,GF,1928,2,30310.22,bbl,143153.16,mscf
GTL,Activité E&P,DP,GF,1928,3,41383.23,bbl,24417.67,mscf
GTL,Activité E&P,DP,GF,1928,4,16306.47,bbl,132034.41,mscf
GTL,Activité E&P,DP,GF,1928,5,48941.94,bbl,158236.22,mscf
GTL,Activité E&P,DP,GF,1928,6,38379.52,bbl,25451.25,mscf
GTL,Activité E&P,DP,GF,1928,7,45321.13,bbl,81621.46,mscf
GTL,Activité E&P,DP,GF,1928,8,44433.69,bbl,176968.89,mscf
GTL,Activité E&P,DP,GF,1928,9,26573.39,bbl,35193.32,mscf
GTL,Activité E&P,DP,GF,1928,10,45817.26,bbl,147059.95,mscf
GTL,Activité E&P,DP,GF,1928,11,43668.25,bbl,61952.92,mscf
GTL,Activité E&P,DP,GF,1928,12,19625.12,bbl,77199.8,mscf
GTL,Activité E&P,DP,GF,1929,1,1907.77,bbl,196064.91,mscf
GTL,Activité E&P,DP,GF,1929,2,20238.38,bbl,144320.71,mscf
GTL,Activité E&P,DP,GF,1929,3,20846.96,bbl,135150.41,mscf
GTL,Activité E&P,DP,GF,1929,4,28666.5,bbl,10363.27,mscf
GTL,Activité E&P,DP,GF,1929,5,13890.92,bbl,173336.08,mscf
GTL,Activité E&P,DP,GF,1929,6,16096.32,bbl,127881.42,mscf
GTL,Activité E&P,DP,GF,1929,7,46049.83,bbl,94644.57,mscf
GTL,Activité E&P,DP,GF,1929,8,21055.58,bbl,183387.99,mscf
GTL,Activité E&P,DP,GF,1929,9,32284.23,bbl,5034.03,mscf
GTL,Activité E&P,DP,GF,1929,10,7554.89,bbl,67348.61,mscf
GTL,Activité E&P,DP,GF,1929,11,33194.69,bbl,167740.63,mscf
GTL,Activité E&P,DP,GF,1929,12,28684.0,bbl,171615.2,mscf
GTL,Activité E&P,DP,GF,1930,1,38932.53,bbl,7816.46,mscf
GTL,Activité E&P,DP,GF,1930,2,23961.35,bbl,115265.65,mscf
GTL,Activité E&P,DP,GF,1930,3,19220.2,bbl,177615.24,mscf
GTL,Activité E&P,DP,GF,1930,4,6800.15,bbl,5454.46,mscf
GTL,Activité E&P,DP,GF,1930,5,35048.08,bbl,65881.19,mscf
GTL,Activité E&P,DP,GF,1930,6,1716.42,bbl,157838.27,mscf
GTL,Activité E&P,DP,GF,1930,7,33812.58,bbl,86774.06,mscf
GTL,Activité E&P,DP,GF,1930,8,44627.83,bbl,178980.41,mscf
GTL,Activité E&P,DP,GF,1930,9,2811.34,bbl,54332.23,mscf
GTL,Activité E&P,DP,GF,1930,10,13721.26,bbl,101762.77,mscf
GTL,Activité E&P,DP,GF,1930,11,33087.88,bbl,163561.26,mscf
GTL,Activité E&P,DP,GF,1930,12,18842.13,bbl,12691.24,mscf
GTL,Activité E&P,DP,GF,1931,1,1385.66,bbl,166198.18,mscf
GTL,Activité E&P,DP,GF,1931,2,19712.93,bbl,60891.48,mscf
GTL,Activité E&P,DP,GF,1931,3,14095.88,bbl,153662.89,mscf
GTL,Activité E&P,DP,GF,1931,4,30480.64,bbl,138635.53,mscf
GTL,Activité E&P,DP,GF,1931,5,10204.19,bbl,14021.51,mscf
GTL,Activité E&P,DP,GF,1931,6,31482.88,bbl,112605.11,mscf
GTL,Activité E&P,DP,GF,1931,7,39038.54,bbl,52725.11,mscf
GTL,Activité E&P,DP,GF,1931,8,19890.43,bbl,132131.88,mscf
GTL,Activité E&P,DP,GF,1931,9,20589.09,bbl,31860.78,mscf
GTL,Activité E&P,DP,GF,1931,10,10775.49,bbl,188405.29,mscf
GTL,Activité E&P,DP,GF,1931,11,7977.56,bbl,186013.57,mscf
GTL,Activité E&P,DP,GF,1931,12,4772.17,bbl,173914.28,mscf
GTL,Activité E&P,DP,GF,1932,1,41798.0,bbl,178433.32,mscf
GTL,Activité E&P,DP,GF,1932,2,14215.08,bbl,152746.29,mscf
GTL,Activité E&P,DP,GF,1932,3,28464.49,bbl,23758.2,mscf
GTL,Activité E&P,DP,GF,1932,4,17196.26,bbl,19244.87,mscf
GTL,Activité E&P,DP,GF,1932,5,4930.13,bbl,79258.19,mscf
GTL,Activité E&P,DP,GF,1932,6,31465.05,bbl,96787.01,mscf
GTL,Activité E&P,DP,GF,1932,7,1334.65,bbl,142812.45,mscf
GTL,Activité E&P,DP,GF,1932,8,22277.61,bbl,100958.93,mscf
GTL,Activité E&P,DP,GF,1932,9,36970.1,bbl,16958.24,mscf
GTL,Activité E&P,DP,GF,1932,10,44238.82,bbl,88481.1,mscf
GTL,Activité E&P,DP,GF,1932,11,21882.91,bbl,161702.25,mscf
GTL,Activité E&P,DP,GF,1932,12,8267.6,bbl,95352.11,mscf
GTL,Activité E&P,DP,GF,1933,1,32118.21,bbl,148180.74,mscf
GTL,Activité E&P,DP,GF,1933,2,42979.34,bbl,190473.4,mscf
GTL,Activité E&P,DP,GF,1933,3,16851.44,bbl,125665.0,mscf
GTL,Activité E&P,DP,GF,1933,4,35298.62,bbl,88315.55,mscf
GTL,Activité E&P,DP,GF,1933,5,25256.96,bbl,43369.43,mscf
GTL,Activité E&P,DP,GF,1933,6,21577.43,bbl,76157.2,mscf
GTL,Activité E&P,DP,GF,1933,7,1452.82,bbl,175300.27,mscf
GTL,Activité E&P,DP,GF,1933,8,22308.88,bbl,109878.58,mscf
GTL,Activité E&P,DP,GF,1933,9,29756.91,bbl,162721.19,mscf
GTL,Activité E&P,DP,GF,1933,10,27278.06,bbl,45502.62,mscf
GTL,Activité E&P,DP,GF,1933,11,42137.33,bbl,11253.73,mscf
GTL,Activité E&P,DP,GF,1933,12,33051.15,bbl,146167.92,mscf
GTL,Activité E&P,DP,GF,1934,1,4636.45,bbl,77018.24,mscf
GTL,Activité E&P,DP,GF,1934,2,40157.62,bbl,160373.44,mscf
GTL,Activité E&P,DP,GF,1934,3,46362.03,bbl,53944.68,mscf
GTL,Activité E&P,DP,GF,1934,4,47690.02,bbl,50365.93,mscf
GTL,Activité E&P,DP,GF,1934,5,41435.75,bbl,50043.92,mscf
GTL,Activité E&P,DP,GF,1934,6,2932.73,bbl,127183.72,mscf
GTL,Activité E&P,DP,GF,1934,7,21353.23,bbl,177550.97,mscf
GTL,Activité E&P,DP,GF,1934,8,24419.62,bbl,86665.6,mscf
GTL,Activité E&P,DP,GF,1934,9,32132.34,bbl,105516.64,mscf
GTL,Activité E&P,DP,GF,1934,10,3095.1,bbl,137298.04,mscf
GTL,Activité E&P,DP,GF,1934,11,3705.73,bbl,174787.69,mscf
GTL,Activité E&P,DP,GF,1934,12,27435.36,bbl,39369.28,mscf
GTL,Activité E&P,DP,GF,1935,1,49653.23,bbl,91096.37,mscf
GTL,Activité E&P,DP,GF,1935,2,6662.4,bbl,134808.28,mscf
GTL,Activité E&P,DP,GF,1935,3,19455.97,bbl,137406.73,mscf
GTL,Activité E&P,DP,GF,1935,4,28559.57,bbl,190525.09,mscf
GTL,Activité E&P,DP,GF,1935,5,40735.0,bbl,174885.71,mscf
GTL,Activité E&P,DP,GF,1935,6,41637.02,bbl,177859.79,mscf
GTL,Activité E&P,DP,GF,1935,7,26034.58,bbl,129327.86,mscf
GTL,Activité E&P,DP,GF,1935,8,14084.67,bbl,147270.9,mscf
GTL,Activité E&P,DP,GF,1935,9,20717.92,bbl,75468.33,mscf
GTL,Activité E&P,DP,GF,1935,10,34246.2,bbl,33777.85,mscf
GTL,Activité E&P,DP,GF,1935,11,16554.2,bbl,85064.3,mscf
GTL,Activité E&P,DP,GF,1935,12,38879.96,bbl,97967.85,mscf
GTL,Activité E&P,DP,GF,1936,1,42475.9,bbl,135283.71,mscf
GTL,Activité E&P,DP,GF,1936,2,24503.17,bbl,118761.41,mscf
GTL,Activité E&P,DP,GF,1936,3,30254.76,bbl,124482.26,mscf
GTL,Activité E&P,DP,GF,1936,4,36937.83,bbl,84045.02,mscf
GTL,Activité E&P,DP,GF,1936,5,11005.95,bbl,84170.72,mscf
GTL,Activité E&P,DP,GF,1936,6,5781.12,bbl,14702.61,mscf
GTL,Activité E&P,DP,GF,1936,7,4564.63,bbl,45495.84,mscf
GTL,Activité E&P,DP,GF,1936,8,22091.96,bbl,179162.7,mscf
GTL,Activité E&P,DP,GF,1936,9,2914.71,bbl,60511.58,mscf
GTL,Activité E&P,DP,GF,1936,10,15047.43,bbl,196925.05,mscf
GTL,Activité E&P,DP,GF,1936,11,47382.54,bbl,190602.89,mscf
GTL,Activité E&P,DP,GF,1936,12,39058.13,bbl,23558.48,mscf
GTL,Activité E&P,DP,GF,1937,1,49378.51,bbl,11448.41,mscf
GTL,Activité E&P,DP,GF,1937,2,41457.15,bbl,47360.47,mscf
GTL,Activité E&P,DP,GF,1937,3,47125.63,bbl,34980.68,mscf
GTL,Activité E&P,DP,GF,1937,4,10014.37,bbl,12331.96,mscf
GTL,Activité E&P,DP,GF,1937,5,21196.26,bbl,49603.79,mscf
GTL,Activité E&P,DP,GF,1937,6,3716.25,bbl,146182.33,mscf
GTL,Activité E&P,DP,GF,1937,7,18050.7,bbl,58174.77,mscf
GTL,Activité E&P,DP,GF,1937,8,35968.25,bbl,9085.13,mscf
GTL,Activité E&P,DP,GF,1937,9,11491.58,bbl,197285.63,mscf
GTL,Activité E&P,DP,GF,1937,10,30319.38,bbl,196987.54,mscf
GTL,Activité E&P,DP,GF,1937,11,26357.85,bbl,54744.57,mscf
GTL,Activité E&P,DP,GF,1937,12,13829.04,bbl,40445.29,mscf
GTL,Activité E&P,DP,GF,1938,1,46020.96,bbl,108241.33,mscf
GTL,Activité E&P,DP,GF,1938,2,12510.24,bbl,164916.23,mscf
GTL,Activité E&P,DP,GF,1938,3,42072.91,bbl,149538.11,mscf
GTL,Activité E&P,DP,GF,1938,4,19183.64,bbl,34197.25,mscf
GTL,Activité E&P,DP,GF,1938,5,44148.54,bbl,191709.41,mscf
GTL,Activité E&P,DP,GF,1938,6,1711.34,bbl,192015.81,mscf
GTL,Activité E&P,DP,GF,1938,7,2983.84,bbl,93711.94,mscf
GTL,Activité E&P,DP,GF,1938,8,26690.28,bbl,31527.39,mscf
GTL,Activité E&P,DP,GF,1938,9,24413.75,bbl,187896.37,mscf
GTL,Activité E&P,DP,GF,1938,10,17867.18,bbl,63245.73,mscf
GTL,Activité E&P,DP,GF,1938,11,32159.01,bbl,90202.49,mscf
GTL,Activité E&P,DP,GF,1938,12,41900.81,bbl,140571.52,mscf
GTL,Activité E&P,DP,GF,1939,1,49901.67,bbl,197132.75,mscf
GTL,Activité E&P,DP,GF,1939,2,42869.02,bbl,51917.88,mscf
GTL,Activité E&P,DP,GF,1939,3,30904.84,bbl,166948.68,mscf
GTL,Activité E&P,DP,GF,1939,4,9952.75,bbl,53245.79,mscf
GTL,Activité E&P,DP,GF,1939,5,49550.16,bbl,53029.01,mscf
GTL,Activité E&P,DP,GF,1939,6,22775.77,bbl,176738.14,mscf
GTL,Activité E&P,DP,GF,1939,7,38490.05,bbl,140356.41,mscf
GTL,Activité E&P,DP,GF,1939,8,31247.38,bbl,121587.21,mscf
GTL,Activité E&P,DP,GF,1939,9,2574.84,bbl,156351.94,mscf
GTL,Activité E&P,DP,GF,1939,10,46850.88,bbl,6480.21,mscf
GTL,Activité E&P,DP,GF,1939,11,45139.91,bbl,26358.23,mscf
GTL,Activité E&P,DP,GF,1939,12,17458.6,bbl,47766.1,mscf
GTL,Activité E&P,DP,GF,1940,1,39868.31,bbl,139611.56,mscf
GTL,Activité E&P,DP,GF,1940,2,37810.46,bbl,129308.41,mscf
GTL,Activité E&P,DP,GF,1940,3,7126.62,bbl,164718.4,mscf
GTL,Activité E&P,DP,GF,1940,4,29486.39,bbl,71940.51,mscf
GTL,Activité E&P,DP,GF,1940,5,23092.53,bbl,65138.27,mscf
GTL,Activité E&P,DP,GF,1940,6,47265.75,bbl,51596.76,mscf
GTL,Activité E&P,DP,GF,1940,7,36413.64,bbl,187162.66,mscf
GTL,Activité E&P,DP,GF,1940,8,10350.77,bbl,134754.68,mscf
GTL,Activité E&P,DP,GF,1940,9,41022.24,bbl,118345.67,mscf
GTL,Activité E&P,DP,GF,1940,10,11237.28,bbl,145951.77,mscf
GTL,Activité E&P,DP,GF,1940,11,18139.98,bbl,97374.95,mscf
GTL,Activité E&P,DP,GF,1940,12,8645.81,bbl,184750.92,mscf
GTL,Activité E&P,DP,GF,1941,1,44481.72,bbl,66932.67,mscf
GTL,Activité E&P,DP,GF,1941,2,26933.32,bbl,5024.5,mscf
GTL,Activité E&P,DP,GF,1941,3,18420.53,bbl,8953.96,mscf
GTL,Activité E&P,DP,GF,1941,4,46810.46,bbl,193049.64,mscf
GTL,Activité E&P,DP,GF,1941,5,1363.47,bbl,161189.27,mscf
GTL,Activité E&P,DP,GF,1941,6,8726.09,bbl,144460.76,mscf
GTL,Activité E&P,DP,GF,1941,7,25903.32,bbl,28431.3,mscf
GTL,Activité E&P,DP,GF,1941,8,42546.25,bbl,176749.33,mscf
GTL,Activité E&P,DP,GF,1941,9,44119.36,bbl,34173.15,mscf
GTL,Activité E&P,DP,GF,1941,10,14216.57,bbl,132567.76,mscf
GTL,Activité E&P,DP,GF,1941,11,23293.98,bbl,11045.94,mscf
GTL,Activité E&P,DP,GF,1941,12,18638.8,bbl,176366.46,mscf
GTL,Activité E&P,DP,GF,1942,1,33752.89,bbl,39851.33,mscf
GTL,Activité E&P,DP,GF,1942,2,10334.38,bbl,40538.55,mscf
GTL,Activité E&P,DP,GF,1942,3,11829.19,bbl,192660.77,mscf
GTL,Activité E&P,DP,GF,1942,4,1084.5,bbl,124181.67,mscf
GTL,Activité E&P,DP,GF,1942,5,23127.67,bbl,173342.12,mscf
GTL,Activité E&P,DP,GF,1942,6,30087.43,bbl,9155.93,mscf
GTL,Activité E&P,DP,GF,1942,7,45643.58,bbl,7741.6,mscf
GTL,Activité E&P,DP,GF,1942,8,2110.46,bbl,74154.63,mscf
GTL,Activité E&P,DP,GF,1942,9,30748.91,bbl,37629.14,mscf
GTL,Activité E&P,DP,GF,1942,10,9417.46,bbl,174856.33,mscf
GTL,Activité E&P,DP,GF,1942,11,36352.41,bbl,71208.02,mscf
GTL,Activité E&P,DP,GF,1942,12,15863.61,bbl,63574.46,mscf
GTL,Activité E&P,DP,GF,1943,1,5755.33,bbl,194859.4,mscf
GTL,Activité E&P,DP,GF,1943,2,37049.12,bbl,185762.82,mscf
GTL,Activité E&P,DP,GF,1943,3,15573.39,bbl,146728.05,mscf
GTL,Activité E&P,DP,GF,1943,4,18070.27,bbl,122720.22,mscf
GTL,Activité E&P,DP,GF,1943,5,45573.35,bbl,51311.67,mscf
GTL,Activité E&P,DP,GF,1943,6,32547.29,bbl,186025.88,mscf
GTL,Activité E&P,DP,GF,1943,7,33638.03,bbl,88986.81,mscf
GTL,Activité E&P,DP,GF,1943,8,44395.56,bbl,40648.58,mscf
GTL,Activité E&P,DP,GF,1943,9,18465.2,bbl,83279.62,mscf
GTL,Activité E&P,DP,GF,1943,10,10434.6,bbl,65991.39,mscf
GTL,Activité E&P,DP,GF,1943,11,37733.04,bbl,99805.64,mscf
GTL,Activité E&P,DP,GF,1943,12,41921.76,bbl,91300.78,mscf
GTL,Activité E&P,DP,GF,1944,1,10926.46,bbl,86280.73,mscf
GTL,Activité E&P,DP,GF,1944,2,14046.02,bbl,180543.82,mscf
GTL,Activité E&P,DP,GF,1944,3,47858.29,bbl,121847.76,mscf
GTL,Activité E&P,DP,GF,1944,4,24772.86,bbl,111462.31,mscf
GTL,Activité E&P,DP,GF,1944,5,35143.4,bbl,126274.27,mscf
GTL,Activité E&P,DP,GF,1944,6,12082.23,bbl,172306.58,mscf
GTL,Activité E&P,DP,GF,1944,7,46898.07,bbl,187327.68,mscf
GTL,Activité E&P,DP,GF,1944,8,45459.1,bbl,95713.04,mscf
GTL,Activité E&P,DP,GF,1944,9,33567.87,bbl,150032.87,mscf
GTL,Activité E&P,DP,GF,1944,10,34174.22,bbl,168347.69,mscf
GTL,Activité E&P,DP,GF,1944,11,13201.86,bbl,131033.01,mscf
GTL,Activité E&P,DP,GF,1944,12,31036.36,bbl,164778.45,mscf
GTL,Activité E&P,DP,GF,1945,1,3889.22,bbl,178251.68,mscf
GTL,Activité E&P,DP,GF,1945,2,4124.34,bbl,72611.14,mscf
GTL,Activité E&P,DP,GF,1945,3,41098.16,bbl,198410.78,mscf
GTL,Activité E&P,DP,GF,1945,4,34219.27,bbl,66066.02,mscf
GTL,Activité E&P,DP,GF,1945,5,9919.19,bbl,93543.3,mscf
GTL,Activité E&P,DP,GF,1945,6,21725.28,bbl,97295.81,mscf
GTL,Activité E&P,DP,GF,1945,7,7442.9,bbl,169679.82,mscf
GTL,Activité E&P,DP,GF,1945,8,16268.77,bbl,40891.56,mscf
GTL,Activité E&P,DP,GF,1945,9,17469.61,bbl,12327.65,mscf
GTL,Activité E&P,DP,GF,1945,10,19896.72,bbl,43272.87,mscf
GTL,Activité E&P,DP,GF,1945,11,46984.8,bbl,47689.97,mscf
GTL,Activité E&P,DP,GF,1945,12,2949.55,bbl,139971.72,mscf
GTL,Activité E&P,DP,GF,1946,1,11487.95,bbl,26862.52,mscf
GTL,Activité E&P,DP,GF,1946,2,35253.54,bbl,121938.26,mscf
GTL,Activité E&P,DP,GF,1946,3,36590.69,bbl,187701.97,mscf
GTL,Activité E&P,DP,GF,1946,4,9209.61,bbl,63633.95,mscf
GTL,Activité E&P,DP,GF,1946,5,6762.5,bbl,158954.07,mscf
GTL,Activité E&P,DP,GF,1946,6,26129.12,bbl,187049.06,mscf
GTL,Activité E&P,DP,GF,1946,7,10104.43,bbl,181370.4,mscf
GTL,Activité E&P,DP,GF,1946,8,27195.43,bbl,174006.62,mscf
GTL,Activité E&P,DP,GF,1946,9,24713.08,bbl,106599.37,mscf
GTL,Activité E&P,DP,GF,1946,10,32094.5,bbl,70750.2,mscf
GTL,Activité E&P,DP,GF,1946,11,16593.3,bbl,85079.43,mscf
GTL,Activité E&P,DP,GF,1946,12,31761.6,bbl,73905.51,mscf
GTL,Activité E&P,DP,GF,1947,1,30339.78,bbl,115055.4,mscf
GTL,Activité E&P,DP,GF,1947,2,32497.5,bbl,9065.66,mscf
GTL,Activité E&P,DP,GF,1947,3,28697.4,bbl,181781.27,mscf
GTL,Activité E&P,DP,GF,1947,4,24993.12,bbl,148800.08,mscf
GTL,Activité E&P,DP,GF,1947,5,14997.27,bbl,25682.63,mscf
GTL,Activité E&P,DP,GF,1947,6,4707.81,bbl,17818.32,mscf
GTL,Activité E&P,DP,GF,1947,7,30350.7,bbl,21013.12,mscf
GTL,Activité E&P,DP,GF,1947,8,4498.77,bbl,21105.26,mscf
GTL,Activité E&P,DP,GF,1947,9,35542.27,bbl,24669.16,mscf
GTL,Activité E&P,DP,GF,1947,10,7452.46,bbl,131174.23,mscf
GTL,Activité E&P,DP,GF,1947,11,44321.45,bbl,196346.96,mscf
GTL,Activité E&P,DP,GF,1947,12,30127.22,bbl,126751.35,mscf
GTL,Activité E&P,DP,GF,1948,1,44029.8,bbl,98319.96,mscf
GTL,Activité E&P,DP,GF,1948,2,12742.81,bbl,182873.48,mscf
GTL,Activité E&P,DP,GF,1948,3,30625.87,bbl,78827.2,mscf
GTL,Activité E&P,DP,GF,1948,4,1971.27,bbl,77333.74,mscf
GTL,Activité E&P,DP,GF,1948,5,38289.78,bbl,38026.75,mscf
GTL,Activité E&P,DP,GF,1948,6,21162.93,bbl,44450.73,mscf
GTL,Activité E&P,DP,GF,1948,7,23317.78,bbl,177068.62,mscf
GTL,Activité E&P,DP,GF,1948,8,35195.56,bbl,67375.61,mscf
GTL,Activité E&P,DP,GF,1948,9,4783.74,bbl,104717.14,mscf
GTL,Activité E&P,DP,GF,1948,10,15611.53,bbl,11785.54,mscf
GTL,Activité E&P,DP,GF,1948,11,5094.08,bbl,34793.62,mscf
GTL,Activité E&P,DP,GF,1948,12,40128.02,bbl,17533.61,mscf
GTL,Activité E&P,DP,GF,1949,1,6895.36,bbl,129886.65,mscf
GTL,Activité E&P,DP,GF,1949,2,3794.81,bbl,13019.48,mscf
GTL,Activité E&P,DP,GF,1949,3,31072.95,bbl,121113.8,mscf
GTL,Activité E&P,DP,GF,1949,4,36313.43,bbl,38656.22,mscf
GTL,Activité E&P,DP,GF,1949,5,29850.59,bbl,86805.51,mscf
GTL,Activité E&P,DP,GF,1949,6,8182.24,bbl,27021.86,mscf
GTL,Activité E&P,DP,GF,1949,7,11830.08,bbl,78859.35,mscf
GTL,Activité E&P,DP,GF,1949,8,14743.77,bbl,50154.15,mscf
GTL,Activité E&P,DP,GF,1949,9,24541.65,bbl,141570.64,mscf
GTL,Activité E&P,DP,GF,1949,10,48630.42,bbl,100299.11,mscf
GTL,Activité E&P,DP,GF,1949,11,30395.68,bbl,71586.91,mscf
GTL,Activité E&P,DP,GF,1949,12,47202.07,bbl,152920.85,mscf
OHT,Activité E&P,DP,GF,1900,1,42785.09,bbl,9547.82,mscf
OHT,Activité E&P,DP,GF,1900,2,11471.0,bbl,9092.55,mscf
OHT,Activité E&P,DP,GF,1900,3,38225.01,bbl,14657.11,mscf
OHT,Activité E&P,DP,GF,1900,4,24903.49,bbl,5487.05,mscf
OHT,Activité E&P,DP,GF,1900,5,34028.33,bbl,47400.5,mscf
OHT,Activité E&P,DP,GF,1900,6,39953.76,bbl,156406.36,mscf
OHT,Activité E&P,DP,GF,1900,7,37817.84,bbl,51464.76,mscf
OHT,Activité E&P,DP,GF,1900,8,13872.34,bbl,198466.32,mscf
OHT,Activité E&P,DP,GF,1900,9,12174.65,bbl,124490.52,mscf
OHT,Activité E&P,DP,GF,1900,10,7391.63,bbl,49598.74,mscf
OHT,Activité E&P,DP,GF,1900,11,31662.33,bbl,108537.52,mscf
OHT,Activité E&P,DP,GF,1900,12,24966.66,bbl,49324.65,mscf
OHT,Activité E&P,DP,GF,1901,1,35797.61,bbl,143904.96,mscf
OHT,Activité E&P,DP,GF,1901,2,44032.78,bbl,25345.99,mscf
OHT,Activité E&P,DP,GF,1901,3,19773.85,bbl,74844.08,mscf
OHT,Activité E&P,DP,GF,1901,4,19106.65,bbl,118181.02,mscf
OHT,Activité E&P,DP,GF,1901,5,31452.62,bbl,25216.12,mscf
OHT,Activité E&P,DP,GF,1901,6,17291.0,bbl,149863.17,mscf
OHT,Activité E&P,DP,GF,1901,7,15841.51,bbl,144030.96,mscf
OHT,Activité E&P,DP,GF,1901,8,24106.68,bbl,196134.3,mscf
OHT,Activité E&P,DP,GF,1901,9,28053.93,bbl,187080.7,mscf
OHT,Activité E&P,DP,GF,1901,10,1089.05,bbl,49590.02,mscf
OHT,Activité E&P,DP,GF,1901,11,26218.88,bbl,122721.05,mscf
OHT,Activité E&P,DP,GF,1901,12,42113.55,bbl,190153.3,mscf
OHT,Activité E&P,DP,GF,1902,1,45177.01,bbl,183474.47,mscf
OHT,Activité E&P,DP,GF,1902,2,31403.95,bbl,33367.94,mscf
OHT,Activité E&P,DP,GF,1902,3,9681.61,bbl,27729.17,mscf
OHT,Activité E&P,DP,GF,1902,4,8896.94,bbl,17381.03,mscf
OHT,Activité E&P,DP,GF,1902,5,11490.49,bbl,19026.8,mscf
OHT,Activité E&P,DP,GF,1902,6,32456.26,bbl,197501.11,mscf
OHT,Activité E&P,DP,GF,1902,7,26110.84,bbl,63008.62,mscf
OHT,Activité E&P,DP,GF,1902,8,3356.29,bbl,123324.62,mscf
OHT,Activité E&P,DP,GF,1902,9,32236.28,bbl,90769.31,mscf
OHT,Activité E&P,DP,GF,1902,10,24137.8,bbl,192106.28,mscf
OHT,Activité E&P,DP,GF,1902,11,25050.25,bbl,132402.06,mscf
OHT,Activité E&P,DP,GF,1902,12,31760.32,bbl,38092.43,mscf
OHT,Activité E&P,DP,GF,1903,1,22543.71,bbl,87028.17,mscf
OHT,Activité E&P,DP,GF,1903,2,47786.6,bbl,72308.01,mscf
OHT,Activité E&P,DP,GF,1903,3,34611.03,bbl,123553.2,mscf
OHT,Activité E&P,DP,GF,1903,4,7995.82,bbl,74811.08,mscf
OHT,Activité E&P,DP,GF,1903,5,5134.12,bbl,41260.43,mscf
OHT,Activité E&P,DP,GF,1903,6,40682.73,bbl,26520.2,mscf
OHT,Activité E&P,DP,GF,1903,7,39265.16,bbl,171294.44,mscf
OHT,Activité E&P,DP,GF,1903,8,42868.07,bbl,143994.48,mscf
OHT,Activité E&P,DP,GF,1903,9,49620.72,bbl,44447.9,mscf
OHT,Activité E&P,DP,GF,1903,10,12607.37,bbl,196438.96,mscf
OHT,Activité E&P,DP,GF,1903,11,33381.13,bbl,152403.36,mscf
OHT,Activité E&P,DP,GF,1903,12,45096.45,bbl,196303.2,mscf
OHT,Activité E&P,DP,GF,1904,1,30691.73,bbl,176075.3,mscf
OHT,Activité E&P,DP,GF,1904,2,3075.51,bbl,154269.48,mscf
OHT,Activité E&P,DP,GF,1904,3,3061.66,bbl,13060.56,mscf
OHT,Activité E&P,DP,GF,1904,4,41828.3,bbl,117915.96,mscf
OHT,Activité E&P,DP,GF,1904,5,8809.11,bbl,110037.6,mscf
OHT,Activité E&P,DP,GF,1904,6,7302.1,bbl,99841.15,mscf
OHT,Activité E&P,DP,GF,1904,7,10384.28,bbl,103192.01,mscf
OHT,Activité E&P,DP,GF,1904,8,17704.55,bbl,89194.68,mscf
OHT,Activité E&P,DP,GF,1904,9,34039.23,bbl,12571.88,mscf
OHT,Activité E&P,DP,GF,1904,10,44174.37,bbl,38874.69,mscf
OHT,Activité E&P,DP,GF,1904,11,15337.12,bbl,58727.35,mscf
OHT,Activité E&P,DP,GF,1904,12,24148.18,bbl,170567.01,mscf
OHT,Activité E&P,DP,GF,1905,1,44347.46,bbl,154700.1,mscf
OHT,Activité E&P,DP,GF,1905,2,41901.44,bbl,196881.86,mscf
OHT,Activité E&P,DP,GF,1905,3,8691.38,bbl,105538.39,mscf
OHT,Activité E&P,DP,GF,1905,4,35087.11,bbl,177694.69,mscf
OHT,Activité E&P,DP,GF,1905,5,14493.51,bbl,31826.96,mscf
OHT,Activité E&P,DP,GF,1905,6,35550.89,bbl,68590.71,mscf
OHT,Activité E&P,DP,GF,1905,7,28323.31,bbl,174938.27,mscf
OHT,Activité E&P,DP,GF,1905,8,8837.35,bbl,154188.42,mscf
OHT,Activité E&P,DP,GF,1905,9,28242.14,bbl,102170.14,mscf
OHT,Activité E&P,DP,GF,1905,10,4637.91,bbl,63588.3,mscf
OHT,Activité E&P,DP,GF,1905,11,48230.61,bbl,50200.78,mscf
OHT,Activité E&P,DP,GF,1905,12,29404.89,bbl,130138.28,mscf
OHT,Activité E&P,DP,GF,1906,1,5241.32,bbl,86541.75,mscf
OHT,Activité E&P,DP,GF,1906,2,8195.64,bbl,141323.95,mscf
OHT,Activité E&P,DP,GF,1906,3,44970.8,bbl,162722.27,mscf
OHT,Activité E&P,DP,GF,1906,4,41161.77,bbl,149905.82,mscf
OHT,Activité E&P,DP,GF,1906,5,6537.92,bbl,76226.01,mscf
OHT,Activité E&P,DP,GF,1906,6,46498.82,bbl,196263.31,mscf
OHT,Activité E&P,DP,GF,1906,7,42259.33,bbl,32201.5,mscf
OHT,Activité E&P,DP,GF,1906,8,40190.21,bbl,87573.43,mscf
OHT,Activité E&P,DP,GF,1906,9,19227.58,bbl,191474.4,mscf
OHT,Activité E&P,DP,GF,1906,10,40135.58,bbl,125419.66,mscf
OHT,Activité E&P,DP,GF,1906,11,44784.06,bbl,59803.85,mscf
OHT,Activité E&P,DP,GF,1906,12,26910.55,bbl,81884.89,mscf
OHT,Activité E&P,DP,GF,1907,1,14711.01,bbl,12443.72,mscf
OHT,Activité E&P,DP,GF,1907,2,4637.8,bbl,118473.41,mscf
OHT,Activité E&P,DP,GF,1907,3,35357.9,bbl,171182.26,mscf
OHT,Activité E&P,DP,GF,1907,4,27114.89,bbl,65455.28,mscf
OHT,Activité E&P,DP,GF,1907,5,38766.64,bbl,168949.24,mscf
OHT,Activité E&P,DP,GF,1907,6,34863.68,bbl,152331.61,mscf
OHT,Activité E&P,DP,GF,1907,7,6642.59,bbl,142761.31,mscf
OHT,Activité E&P,DP,GF,1907,8,11814.17,bbl,101230.74,mscf
OHT,Activité E&P,DP,GF,1907,9,44876.6,bbl,128122.94,mscf
OHT,Activité E&P,DP,GF,1907,10,4891.55,bbl,178113.14,mscf
OHT,Activité E&P,DP,GF,1907,11,37633.03,bbl,76209.09,mscf
OHT,Activité E&P,DP,GF,1907,12,8351.69,bbl,10129.98,mscf
OHT,Activité E&P,DP,GF,1908,1,27032.23,bbl,162273.97,mscf
OHT,Activité E&P,DP,GF,1908,2,33610.73,bbl,126888.22,mscf
OHT,Activité E&P,DP,GF,1908,3,43821.33,bbl,104255.96,mscf
OHT,Activité E&P,DP,GF,1908,4,15079.94,bbl,92884.04,mscf
OHT,Activité E&P,DP,GF,1908,5,18199.78,bbl,25985.19,mscf
OHT,Activité E&P,DP,GF,1908,6,25305.34,bbl,95530.53,mscf
OHT,Activité E&P,DP,GF,1908,7,5943.53,bbl,51118.11,mscf
OHT,Activité E&P,DP,GF,1908,8,21542.67,bbl,6411.82,mscf
OHT,Activité E&P,DP,GF,1908,9,10731.7,bbl,135844.57,mscf
OHT,Activité E&P,DP,GF,1908,10,20463.59,bbl,137513.35,mscf
OHT,Activité E&P,DP,GF,1908,11,15961.97,bbl,137648.99,mscf
OHT,Activité E&P,DP,GF,1908,12,10186.95,bbl,57714.32,mscf
OHT,Activité E&P,DP,GF,1909,1,26820.16,bbl,180991.69,mscf
OHT,Activité E&P,DP,GF,1909,2,37903.18,bbl,125795.28,mscf
OHT,Activité E&P,DP,GF,1909,3,40776.79,bbl,18324.35,mscf
OHT,Activité E&P,DP,GF,1909,4,18158.71,bbl,183830.97,mscf
OHT,Activité E&P,DP,GF,1909,5,28451.29,bbl,174115.65,mscf
OHT,Activité E&P,DP,GF,1909,6,11112.83,bbl,26267.98,mscf
OHT,Activité E&P,DP,GF,1909,7,48662.75,bbl,40608.4,mscf
OHT,Activité E&P,DP,GF,1909,8,41280.27,bbl,63082.47,mscf
OHT,Activité E&P,DP,GF,1909,9,33691.57,bbl,183344.44,mscf
OHT,Activité E&P,DP,GF,1909,10,20300.36,bbl,47148.91,mscf
OHT,Activité E&P,DP,GF,1909,11,36669.42,bbl,134292.05,mscf
OHT,Activité E&P,DP,GF,1909,12,33447.97,bbl,58877.21,mscf
OHT,Activité E&P,DP,GF,1910,1,6971.86,bbl,184467.05,mscf
OHT,Activité E&P,DP,GF,1910,2,25701.72,bbl,182746.71,mscf
OHT,Activité E&P,DP,GF,1910,3,39167.86,bbl,90745.46,mscf
OHT,Activité E&P,DP,GF,1910,4,3428.78,bbl,95505.86,mscf
OHT,Activité E&P,DP,GF,1910,5,43765.86,bbl,28384.49,mscf
OHT,Activité E&P,DP,GF,1910,6,29320.21,bbl,152258.16,mscf
OHT,Activité E&P,DP,GF,1910,7,26275.68,bbl,70825.82,mscf
OHT,Activité E&P,DP,GF,1910,8,40103.21,bbl,169192.65,mscf
OHT,Activité E&P,DP,GF,1910,9,41660.59,bbl,138087.67,mscf
OHT,Activité E&P,DP,GF,1910,10,48825.88,bbl,78911.96,mscf
OHT,Activité E&P,DP,GF,1910,11,4992.37,bbl,114835.63,mscf
OHT,Activité E&P,DP,GF,1910,12,17727.07,bbl,49145.71,mscf
OHT,Activité E&P,DP,GF,1911,1,10782.81,bbl,99730.32,mscf
OHT,Activité E&P,DP,GF,1911,2,7316.78,bbl,54002.0,mscf
OHT,Activité E&P,DP,GF,1911,3,27868.42,bbl,185381.44,mscf
OHT,Activité E&P,DP,GF,1911,4,18718.95,bbl,7614.7,mscf
OHT,Activité E&P,DP,GF,1911,5,14292.03,bbl,7571.79,mscf
OHT,Activité E&P,DP,GF,1911,6,45664.89,bbl,117741.08,mscf
OHT,Activité E&P,DP,GF,1911,7,24751.9,bbl,128031.04,mscf
OHT,Activité E&P,DP,GF,1911,8,15876.69,bbl,53485.01,mscf
OHT,Activité E&P,DP,GF,1911,9,3247.78,bbl,28300.96,mscf
OHT,Activité E&P,DP,GF,1911,10,19867.49,bbl,146453.81,mscf
OHT,Activité E&P,DP,GF,1911,11,37085.13,bbl,161958.73,mscf
OHT,Activité E&P,DP,GF,1911,12,39888.6,bbl,108689.08,mscf
OHT,Activité E&P,DP,GF,1912,1,44618.6,bbl,129485.07,mscf
OHT,Activité E&P,DP,GF,1912,2,3725.47,bbl,42875.12,mscf
OHT,Activité E&P,DP,GF,1912,3,15476.01,bbl,189735.69,mscf
OHT,Activité E&P,DP,GF,1912,4,41737.68,bbl,60890.43,mscf
OHT,Activité E&P,DP,GF,1912,5,27800.72,bbl,10381.09,mscf
OHT,Activité E&P,DP,GF,1912,6,12598.69,bbl,142687.63,mscf
OHT,Activité E&P,DP,GF,1912,7,48221.24,bbl,30413.35,mscf
OHT,Activité E&P,DP,GF,1912,8,30602.24,bbl,159341.04,mscf
OHT,Activité E&P,DP,GF,1912,9,3969.38,bbl,38891.95,mscf
OHT,Activité E&P,DP,GF,1912,10,28263.44,bbl,52120.28,mscf
OHT,Activité E&P,DP,GF,1912,11,20187.25,bbl,27742.04,mscf
OHT,Activité E&P,DP,GF,1912,12,47318.63,bbl,140063.33,mscf
OHT,Activité E&P,DP,GF,1913,1,5120.46,bbl,113319.84,mscf
OHT,Activité E&P,DP,GF,1913,2,18030.14,bbl,98583.31,mscf
OHT,Activité E&P,DP,GF,1913,3,19141.41,bbl,57506.22,mscf
OHT,Activité E&P,DP,GF,1913,4,34112.29,bbl,49325.83,mscf
OHT,Activité E&P,DP,GF,1913,5,28422.09,bbl,180958.14,mscf
OHT,Activité E&P,DP,GF,1913,6,20629.85,bbl,115591.03,mscf
OHT,Activité E&P,DP,GF,1913,7,24017.66,bbl,185936.41,mscf
OHT,Activité E&P,DP,GF,1913,8,24595.91,bbl,193965.13,mscf
OHT,Activité E&P,DP,GF,1913,9,20521.18,bbl,177839.26,mscf
OHT,Activité E&P,DP,GF,1913,10,26267.68,bbl,50356.97,mscf
OHT,Activité E&P,DP,GF,1913,11,40717.38,bbl,51925.62,mscf
OHT,Activité E&P,DP,GF,1913,12,40044.63,bbl,20194.77,mscf
OHT,Activité E&P,DP,GF,1914,1,48256.93,bbl,163715.88,mscf
OHT,Activité E&P,DP,GF,1914,2,29062.91,bbl,118600.43,mscf
OHT,Activité E&P,DP,GF,1914,3,26287.53,bbl,131611.02,mscf
OHT,Activité E&P,DP,GF,1914,4,25779.8,bbl,26581.19,mscf
OHT,Activité E&P,DP,GF,1914,5,27417.65,bbl,107314.34,mscf
OHT,Activité E&P,DP,GF,1914,6,28599.49,bbl,18421.88,mscf
OHT,Activité E&P,DP,GF,1914,7,33130.92,bbl,80653.3,mscf
OHT,Activité E&P,DP,GF,1914,8,39806.37,bbl,197383.13,mscf
OHT,Activité E&P,DP,GF,1914,9,18725.67,bbl,146123.78,mscf
OHT,Activité E&P,DP,GF,1914,10,39501.82,bbl,151759.73,mscf
OHT,Activité E&P,DP,GF,1914,11,8813.16,bbl,33123.62,mscf
OHT,Activité E&P,DP,GF,1914,12,40015.3,bbl,146348.74,mscf
OHT,Activité E&P,DP,GF,1915,1,2751.65,bbl,149799.46,mscf
OHT,Activité E&P,DP,GF,1915,2,16369.09,bbl,193190.32,mscf
OHT,Activité E&P,DP,GF,1915,3,49534.24,bbl,114847.97,mscf
OHT,Activité E&P,DP,GF,1915,4,47608.08,bbl,61969.06,mscf
OHT,Activité E&P,DP,GF,1915,5,24118.16,bbl,132773.72,mscf
OHT,Activité E&P,DP,GF,1915,6,20662.89,bbl,79387.38,mscf
OHT,Activité E&P,DP,GF,1915,7,11925.39,bbl,100610.93,mscf
OHT,Activité E&P,DP,GF,1915,8,40144.22,bbl,40642.13,mscf
OHT,Activité E&P,DP,GF,1915,9,38220.8,bbl,84300.65,mscf
OHT,Activité E&P,DP,GF,1915,10,5123.11,bbl,105382.61,mscf
OHT,Activité E&P,DP,GF,1915,11,28188.57,bbl,66243.25,mscf
OHT,Activité E&P,DP,GF,1915,12,41021.29,bbl,32530.13,mscf
OHT,Activité E&P,DP,GF,1916,1,16166.92,bbl,199114.09,mscf
OHT,Activité E&P,DP,GF,1916,2,4326.63,bbl,74443.97,mscf
OHT,Activité E&P,DP,GF,1916,3,5850.39,bbl,41541.6,mscf
OHT,Activité E&P,DP,GF,1916,4,30022.18,bbl,39928.68,mscf
OHT,Activité E&P,DP,GF,1916,5,42782.58,bbl,156437.72,mscf
OHT,Activité E&P,DP,GF,1916,6,11993.12,bbl,181011.43,mscf
OHT,Activité E&P,DP,GF,1916,7,13007.42,bbl,32490.88,mscf
OHT,Activité E&P,DP,GF,1916,8,19615.26,bbl,69676.69,mscf
OHT,Activité E&P,DP,GF,1916,9,29245.02,bbl,159342.79,mscf
OHT,Activité E&P,DP,GF,1916,10,30605.4,bbl,67411.88,mscf
OHT,Activité E&P,DP,GF,1916,11,29497.89,bbl,81996.38,mscf
OHT,Activité E&P,DP,GF,1916,12,7109.8,bbl,39005.24,mscf
OHT,Activité E&P,DP,GF,1917,1,30961.11,bbl,140415.54,mscf
OHT,Activité E&P,DP,GF,1917,2,25630.89,bbl,67159.34,mscf
OHT,Activité E&P,DP,GF,1917,3,29359.06,bbl,102989.86,mscf
OHT,Activité E&P,DP,GF,1917,4,8174.41,bbl,92973.2,mscf
OHT,Activité E&P,DP,GF,1917,5,48015.43,bbl,112059.68,mscf
OHT,Activité E&P,DP,GF,1917,6,9252.98,bbl,154456.83,mscf
OHT,Activité E&P,DP,GF,1917,7,22990.88,bbl,185594.86,mscf
OHT,Activité E&P,DP,GF,1917,8,38010.77,bbl,141135.91,mscf
OHT,Activité E&P,DP,GF,1917,9,38153.59,bbl,124412.48,mscf
OHT,Activité E&P,DP,GF,1917,10,17529.16,bbl,197666.29,mscf
OHT,Activité E&P,DP,GF,1917,11,13726.14,bbl,137058.57,mscf
OHT,Activité E&P,DP,GF,1917,12,26366.03,bbl,187146.25,mscf
OHT,Activité E&P,DP,GF,1918,1,21110.44,bbl,137756.6,mscf
OHT,Activité E&P,DP,GF,1918,2,7918.54,bbl,36891.45,mscf
OHT,Activité E&P,DP,GF,1918,3,2576.97,bbl,126074.72,mscf
OHT,Activité E&P,DP,GF,1918,4,5611.57,bbl,135418.59,mscf
OHT,Activité E&P,DP,GF,1918,5,19215.66,bbl,67110.45,mscf
OHT,Activité E&P,DP,GF,1918,6,49931.09,bbl,22703.34,mscf
OHT,Activité E&P,DP,GF,1918,7,29070.7,bbl,88837.21,mscf
OHT,Activité E&P,DP,GF,1918,8,36382.2,bbl,109519.63,mscf
OHT,Activité E&P,DP,GF,1918,9,17416.35,bbl,61266.76,mscf
OHT,Activité E&P,DP,GF,1918,10,40606.55,bbl,158843.36,mscf
OHT,Activité E&P,DP,GF,1918,11,9523.58,bbl,74647.19,mscf
OHT,Activité E&P,DP,GF,1918,12,6748.14,bbl,162335.6,mscf
OHT,Activité E&P,DP,GF,1919,1,30190.17,bbl,147120.3,mscf
OHT,Activité E&P,DP,GF,1919,2,17465.52,bbl,47793.17,mscf
OHT,Activité E&P,DP,GF,1919,3,38444.64,bbl,92952.81,mscf
OHT,Activité E&P,DP,GF,1919,4,35497.17,bbl,83701.01,mscf
OHT,Activité E&P,DP,GF,1919,5,45609.06,bbl,123344.86,mscf
OHT,Activité E&P,DP,GF,1919,6,35102.62,bbl,25979.7,mscf
OHT,Activité E&P,DP,GF,1919,7,26092.49,bbl,93419.56,mscf
OHT,Activité E&P,DP,GF,1919,8,25032.25,bbl,166607.92,mscf
OHT,Activité E&P,DP,GF,1919,9,33202.56,bbl,105800.69,mscf
OHT,Activité E&P,DP,GF,1919,10,16955.48,bbl,105745.02,mscf
OHT,Activité E&P,DP,GF,1919,11,3278.02,bbl,166451.04,mscf
OHT,Activité E&P,DP,GF,1919,12,2174.15,bbl,59050.19,mscf
OHT,Activité E&P,DP,GF,1920,1,20131.33,bbl,120363.75,mscf
OHT,Activité E&P,DP,GF,1920,2,1491.65,bbl,138316.92,mscf
OHT,Activité E&P,DP,GF,1920,3,25115.97,bbl,120793.6,mscf
OHT,Activité E&P,DP,GF,1920,4,46947.98,bbl,147892.78,mscf
OHT,Activité E&P,DP,GF,1920,5,31982.05,bbl,93548.89,mscf
OHT,Activité E&P,DP,GF,1920,6,36131.69,bbl,112771.35,mscf
OHT,Activité E&P,DP,GF,1920,7,35975.38,bbl,153493.49,mscf
OHT,Activité E&P,DP,GF,1920,8,44338.01,bbl,36541.36,mscf
OHT,Activité E&P,DP,GF,1920,9,49760.27,bbl,48803.27,mscf
OHT,Activité E&P,DP,GF,1920,10,31526.62,bbl,111705.72,mscf
OHT,Activité E&P,DP,GF,1920,11,29680.27,bbl,80163.72,mscf
OHT,Activité E&P,DP,GF,1920,12,24105.4,bbl,196930.95,mscf
OHT,Activité E&P,DP,GF,1921,1,42270.65,bbl,77914.36,mscf
OHT,Activité E&P,DP,GF,1921,2,12490.24,bbl,121510.92,mscf
OHT,Activité E&P,DP,GF,1921,3,12441.48,bbl,46941.64,mscf
OHT,Activité E&P,DP,GF,1921,4,40450.3,bbl,66515.96,mscf
OHT,Activité E&P,DP,GF,1921,5,22118.47,bbl,97506.11,mscf
OHT,Activité E&P,DP,GF,1921,6,17514.22,bbl,157947.1,mscf
OHT,Activité E&P,DP,GF,1921,7,37074.69,bbl,87821.64,mscf
OHT,Activité E&P,DP,GF,1921,8,12621.1,bbl,170483.87,mscf
OHT,Activité E&P,DP,GF,1921,9,32399.73,bbl,85062.15,mscf
OHT,Activité E&P,DP,GF,1921,10,27493.88,bbl,41881.91,mscf
OHT,Activité E&P,DP,GF,1921,11,37271.19,bbl,186761.54,mscf
OHT,Activité E&P,DP,GF,1921,12,26065.03,bbl,191542.8,mscf
OHT,Activité E&P,DP,GF,1922,1,46486.06,bbl,70986.79,mscf
OHT,Activité E&P,DP,GF,1922,2,16559.31,bbl,27638.69,mscf
OHT,Activité E&P,DP,GF,1922,3,6531.97,bbl,92880.15,mscf
OHT,Activité E&P,DP,GF,1922,4,24417.14,bbl,120371.02,mscf
OHT,Activité E&P,DP,GF,1922,5,21279.66,bbl,194789.12,mscf
OHT,Activité E&P,DP,GF,1922,6,9195.87,bbl,54580.43,mscf
OHT,Activité E&P,DP,GF,1922,7,24839.32,bbl,143651.52,mscf
OHT,Activité E&P,DP,GF,1922,8,46905.94,bbl,90451.6,mscf
OHT,Activité E&P,DP,GF,1922,9,10315.56,bbl,111301.52,mscf
OHT,Activité E&P,DP,GF,1922,10,1609.26,bbl,13018.55,mscf
OHT,Activité E&P,DP,GF,1922,11,33594.08,bbl,131411.17,mscf
OHT,Activité E&P,DP,GF,1922,12,45470.04,bbl,184016.64,mscf
OHT,Activité E&P,DP,GF,1923,1,8607.8,bbl,29799.44,mscf
OHT,Activité E&P,DP,GF,1923,2,49894.42,bbl,35358.32,mscf
OHT,Activité E&P,DP,GF,1923,3,29202.13,bbl,75296.92,mscf
OHT,Activité E&P,DP,GF,1923,4,46265.64,bbl,129695.66,mscf
OHT,Activité E&P,DP,GF,1923,5,33792.52,bbl,190712.48,mscf
OHT,Activité E&P,DP,GF,1923,6,8787.39,bbl,104313.05,mscf
OHT,Activité E&P,DP,GF,1923,7,1974.64,bbl,93615.6,mscf
OHT,Activité E&P,DP,GF,1923,8,5730.97,bbl,19964.95,mscf
OHT,Activité E&P,DP,GF,1923,9,44540.43,bbl,71209.03,mscf
OHT,Activité E&P,DP,GF,1923,10,3591.63,bbl,105379.61,mscf
OHT,Activité E&P,DP,GF,1923,11,24989.65,bbl,177525.81,mscf
OHT,Activité E&P,DP,GF,1923,12,28968.97,bbl,55791.03,mscf
OHT,Activité E&P,DP,GF,1924,1,26636.37,bbl,96988.29,mscf
OHT,Activité E&P,DP,GF,1924,2,4277.75,bbl,17385.96,mscf
OHT,Activité E&P,DP,GF,1924,3,14312.21,bbl,62986.45,mscf
OHT,Activité E&P,DP,GF,1924,4,3772.53,bbl,139773.95,mscf
OHT,Activité E&P,DP,GF,1924,5,9471.51,bbl,79808.08,mscf
OHT,Activité E&P,DP,GF,1924,6,31438.79,bbl,71855.85,mscf
OHT,Activité E&P,DP,GF,1924,7,38007.16,bbl,143614.67,mscf
OHT,Activité E&P,DP,GF,1924,8,47304.54,bbl,177628.72,mscf
OHT,Activité E&P,DP,GF,1924,9,14224.04,bbl,181360.95,mscf
OHT,Activité E&P,DP,GF,1924,10,30527.95,bbl,12076.37,mscf
OHT,Activité E&P,DP,GF,1924,11,39557.49,bbl,167526.57,mscf
OHT,Activité E&P,DP,GF,1924,12,10767.9,bbl,122967.02,mscf
OHT,Activité E&P,DP,GF,1925,1,33537.31,bbl,26356.04,mscf
OHT,Activité E&P,DP,GF,1925,2,4724.55,bbl,155514.16,mscf
OHT,Activité E&P,DP,GF,1925,3,20070.27,bbl,61284.29,mscf
OHT,Activité E&P,DP,GF,1925,4,18157.93,bbl,157479.26,mscf
OHT,Activité E&P,DP,GF,1925,5,12252.09,bbl,181966.7,mscf
OHT,Activité E&P,DP,GF,1925,6,12101.1,bbl,161270.68,mscf
OHT,Activité E&P,DP,GF,1925,7,20588.31,bbl,147621.54,mscf
OHT,Activité E&P,DP,GF,1925,8,5557.39,bbl,130352.25,mscf
OHT,Activité E&P,DP,GF,1925,9,43211.36,bbl,115154.03,mscf
OHT,Activité E&P,DP,GF,1925,10,6528.45,bbl,16907.52,mscf
OHT,Activité E&P,DP,GF,1925,11,5451.7,bbl,177063.58,mscf
OHT,Activité E&P,DP,GF,1925,12,2480.28,bbl,148389.6,mscf
OHT,Activité E&P,DP,GF,1926,1,20403.58,bbl,149276.0,mscf
OHT,Activité E&P,DP,GF,1926,2,44362.87,bbl,8508.0,mscf
OHT,Activité E&P,DP,GF,1926,3,46526.45,bbl,105867.77,mscf
OHT,Activité E&P,DP,GF,1926,4,17639.18,bbl,69440.28,mscf
OHT,Activité E&P,DP,GF,1926,5,31110.97,bbl,94488.28,mscf
OHT,Activité E&P,DP,GF,1926,6,16336.15,bbl,108916.52,mscf
OHT,Activité E&P,DP,GF,1926,7,39287.42,bbl,31096.75,mscf
OHT,Activité E&P,DP,GF,1926,8,30229.19,bbl,6970.61,mscf
OHT,Activité E&P,DP,GF,1926,9,11829.95,bbl,158933.0,mscf
OHT,Activité E&P,DP,GF,1926,10,15497.73,bbl,29447.82,mscf
OHT,Activité E&P,DP,GF,1926,11,27994.45,bbl,86136.81,mscf
OHT,Activité E&P,DP,GF,1926,12,40661.82,bbl,47759.65,mscf
OHT,Activité E&P,DP,GF,1927,1,13185.35,bbl,118230.75,mscf
OHT,Activité E&P,DP,GF,1927,2,12017.34,bbl,86401.86,mscf
OHT,Activité E&P,DP,GF,1927,3,46172.21,bbl,184885.76,mscf
OHT,Activité E&P,DP,GF,1927,4,37686.59,bbl,62893.73,mscf
OHT,Activité E&P,DP,GF,1927,5,10821.29,bbl,194632.08,mscf
OHT,Activité E&P,DP,GF,1927,6,47756.13,bbl,63817.07,mscf
OHT,Activité E&P,DP,GF,1927,7,30304.02,bbl,166757.1,mscf
OHT,Activité E&P,DP,GF,1927,8,30718.38,bbl,98303.38,mscf
OHT,Activité E&P,DP,GF,1927,9,37254.91,bbl,65245.77,mscf
OHT,Activité E&P,DP,GF,1927,10,28579.83,bbl,71533.44,mscf
OHT,Activité E&P,DP,GF,1927,11,43801.84,bbl,171661.92,mscf
OHT,Activité E&P,DP,GF,1927,12,27838.26,bbl,198984.57,mscf
OHT,Activité E&P,DP,GF,1928,1,25480.72,bbl,122929.6,mscf
OHT,Activité E&P,DP,GF,1928,2,29702.35,bbl,121748.07,mscf
OHT,Activité E&P,DP,GF,1928,3,41056.0,bbl,136086.15,mscf
OHT,Activité E&P,DP,GF,1928,4,47780.84,bbl,15459.87,mscf
OHT,Activité E&P,DP,GF,1928,5,37818.64,bbl,139083.02,mscf
OHT,Activité E&P,DP,GF,1928,6,18553.91,bbl,95611.74,mscf
OHT,Activité E&P,DP,GF,1928,7,15832.39,bbl,113216.95,mscf
OHT,Activité E&P,DP,GF,1928,8,4509.41,bbl,59846.28,mscf
OHT,Activité E&P,DP,GF,1928,9,16913.93,bbl,161206.44,mscf
OHT,Activité E&P,DP,GF,1928,10,37164.41,bbl,162856.02,mscf
OHT,Activité E&P,DP,GF,1928,11,22556.41,bbl,151081.29,mscf
OHT,Activité E&P,DP,GF,1928,12,28999.12,bbl,74379.67,mscf
OHT,Activité E&P,DP,GF,1929,1,41437.97,bbl,188961.71,mscf
OHT,Activité E&P,DP,GF,1929,2,34518.76,bbl,122508.04,mscf
OHT,Activité E&P,DP,GF,1929,3,16453.7,bbl,46645.5,mscf
OHT,Activité E&P,DP,GF,1929,4,1490.46,bbl,102070.86,mscf
OHT,Activité E&P,DP,GF,1929,5,37822.17,bbl,19612.32,mscf
OHT,Activité E&P,DP,GF,1929,6,18011.36,bbl,85371.19,mscf
OHT,Activité E&P,DP,GF,1929,7,3948.08,bbl,5143.15,mscf
OHT,Activité E&P,DP,GF,1929,8,48138.3,bbl,184807.54,mscf
OHT,Activité E&P,DP,GF,1929,9,37576.01,bbl,23511.64,mscf
OHT,Activité E&P,DP,GF,1929,10,10393.02,bbl,186546.36,mscf
OHT,Activité E&P,DP,GF,1929,11,41166.86,bbl,26266.41,mscf
OHT,Activité E&P,DP,GF,1929,12,34424.49,bbl,111275.28,mscf
OHT,Activité E&P,DP,GF,1930,1,13260.55,bbl,82528.04,mscf
OHT,Activité E&P,DP,GF,1930,2,28814.56,bbl,163959.2,mscf
OHT,Activité E&P,DP,GF,1930,3,7354.08,bbl,116066.12,mscf
OHT,Activité E&P,DP,GF,1930,4,46425.26,bbl,68609.7,mscf
OHT,Activité E&P,DP,GF,1930,5,9222.21,bbl,88608.1,mscf
OHT,Activité E&P,DP,GF,1930,6,28038.99,bbl,188229.58,mscf
OHT,Activité E&P,DP,GF,1930,7,1886.56,bbl,108364.23,mscf
OHT,Activité E&P,DP,GF,1930,8,33923.71,bbl,20352.86,mscf
OHT,Activité E&P,DP,GF,1930,9,25894.25,bbl,16050.84,mscf
OHT,Activité E&P,DP,GF,1930,10,49483.69,bbl,116694.14,mscf
OHT,Activité E&P,DP,GF,1930,11,43250.3,bbl,36427.24,mscf
OHT,Activité E&P,DP,GF,1930,12,1283.73,bbl,75106.58,mscf
OHT,Activité E&P,DP,GF,1931,1,39326.49,bbl,74123.84,mscf
OHT,Activité E&P,DP,GF,1931,2,7921.69,bbl,47703.06,mscf
OHT,Activité E&P,DP,GF,1931,3,43101.92,bbl,119848.03,mscf
OHT,Activité E&P,DP,GF,1931,4,42973.52,bbl,197308.11,mscf
OHT,Activité E&P,DP,GF,1931,5,3061.54,bbl,7971.63,mscf
OHT,Activité E&P,DP,GF,1931,6,46186.12,bbl,120091.4,mscf
OHT,Activité E&P,DP,GF,1931,7,37356.02,bbl,123738.7,mscf
OHT,Activité E&P,DP,GF,1931,8,30370.16,bbl,158123.44,mscf
OHT,Activité E&P,DP,GF,1931,9,7566.47,bbl,162726.0,mscf
OHT,Activité E&P,DP,GF,1931,10,22032.46,bbl,153976.29,mscf
OHT,Activité E&P,DP,GF,1931,11,35361.82,bbl,116691.27,mscf
OHT,Activité E&P,DP,GF,1931,12,2712.66,bbl,31050.05,mscf
OHT,Activité E&P,DP,GF,1932,1,14882.01,bbl,19358.46,mscf
OHT,Activité E&P,DP,GF,1932,2,2288.21,bbl,185947.8,mscf
OHT,Activité E&P,DP,GF,1932,3,3662.5,bbl,120690.27,mscf
OHT,Activité E&P,DP,GF,1932,4,35871.67,bbl,95732.64,mscf
OHT,Activité E&P,DP,GF,1932,5,29680.78,bbl,33075.7,mscf
OHT,Activité E&P,DP,GF,1932,6,5430.68,bbl,67717.99,mscf
OHT,Activité E&P,DP,GF,1932,7,30487.9,bbl,189729.95,mscf
OHT,Activité E&P,DP,GF,1932,8,35414.28,bbl,135446.12,mscf
OHT,Activité E&P,DP,GF,1932,9,27718.03,bbl,50277.29,mscf
OHT,Activité E&P,DP,GF,1932,10,18882.26,bbl,108172.02,mscf
OHT,Activité E&P,DP,GF,1932,11,39162.19,bbl,184206.89,mscf
OHT,Activité E&P,DP,GF,1932,12,20468.36,bbl,35850.64,mscf
OHT,Activité E&P,DP,GF,1933,1,17140.34,bbl,94351.73,mscf
OHT,Activité E&P,DP,GF,1933,2,5125.12,bbl,86746.38,mscf
OHT,Activité E&P,DP,GF,1933,3,49874.52,bbl,74984.6,mscf
OHT,Activité E&P,DP,GF,1933,4,39162.66,bbl,19200.69,mscf
OHT,Activité E&P,DP,GF,1933,5,46658.83,bbl,39751.11,mscf
OHT,Activité E&P,DP,GF,1933,6,5944.69,bbl,125978.59,mscf
OHT,Activité E&P,DP,GF,1933,7,10885.09,bbl,100937.93,mscf
OHT,Activité E&P,DP,GF,1933,8,44592.68,bbl,143226.46,mscf
OHT,Activité E&P,DP,GF,1933,9,37123.33,bbl,134013.77,mscf
OHT,Activité E&P,DP,GF,1933,10,3444.67,bbl,161123.02,mscf
OHT,Activité E&P,DP,GF,1933,11,18854.05,bbl,6256.14,mscf
OHT,Activité E&P,DP,GF,1933,12,34737.74,bbl,160133.01,mscf
OHT,Activité E&P,DP,GF,1934,1,4025.28,bbl,54580.78,mscf
OHT,Activité E&P,DP,GF,1934,2,10635.02,bbl,194905.78,mscf
OHT,Activité E&P,DP,GF,1934,3,29051.28,bbl,32396.61,mscf
OHT,Activité E&P,DP,GF,1934,4,27068.14,bbl,163408.28,mscf
OHT,Activité E&P,DP,GF,1934,5,41476.2,bbl,114867.63,mscf
OHT,Activité E&P,DP,GF,1934,6,33950.39,bbl,80914.28,mscf
OHT,Activité E&P,DP,GF,1934,7,8938.23,bbl,70455.53,mscf
OHT,Activité E&P,DP,GF,1934,8,10708.43,bbl,109476.45,mscf
OHT,Activité E&P,DP,GF,1934,9,9867.93,bbl,60285.82,mscf
OHT,Activité E&P,DP,GF,1934,10,15016.35,bbl,121191.76,mscf
OHT,Activité E&P,DP,GF,1934,11,41998.86,bbl,86740.28,mscf
OHT,Activité E&P,DP,GF,1934,12,10728.6,bbl,129888.57,mscf
OHT,Activité E&P,DP,GF,1935,1,47770.75,bbl,138079.98,mscf
OHT,Activité E&P,DP,GF,1935,2,45456.48,bbl,21455.95,mscf
OHT,Activité E&P,DP,GF,1935,3,11212.13,bbl,81521.14,mscf
OHT,Activité E&P,DP,GF,1935,4,12354.12,bbl,130992.07,mscf
OHT,Activité E&P,DP,GF,1935,5,31677.24,bbl,86842.03,mscf
OHT,Activité E&P,DP,GF,1935,6,34634.62,bbl,166150.64,mscf
OHT,Activité E&P,DP,GF,1935,7,49274.98,bbl,106613.57,mscf
OHT,Activité E&P,DP,GF,1935,8,7078.19,bbl,107923.78,mscf
OHT,Activité E&P,DP,GF,1935,9,49500.78,bbl,124117.12,mscf
OHT,Activité E&P,DP,GF,1935,10,9034.34,bbl,130171.92,mscf
OHT,Activité E&P,DP,GF,1935,11,28345.05,bbl,114689.32,mscf
OHT,Activité E&P,DP,GF,1935,12,3355.76,bbl,191046.46,mscf
OHT,Activité E&P,DP,GF,1936,1,21648.93,bbl,155173.38,mscf
OHT,Activité E&P,DP,GF,1936,2,11629.45,bbl,71658.37,mscf
OHT,Activité E&P,DP,GF,1936,3,25992.72,bbl,11532.97,mscf
OHT,Activité E&P,DP,GF,1936,4,5474.81,bbl,128573.34,mscf
OHT,Activité E&P,DP,GF,1936,5,6920.23,bbl,43485.4,mscf
OHT,Activité E&P,DP,GF,1936,6,49432.42,bbl,171827.26,mscf
OHT,Activité E&P,DP,GF,1936,7,36979.82,bbl,55714.63,mscf
OHT,Activité E&P,DP,GF,1936,8,28075.39,bbl,132830.13,mscf
OHT,Activité E&P,DP,GF,1936,9,8039.9,bbl,45401.51,mscf
OHT,Activité E&P,DP,GF,1936,10,10867.9,bbl,76463.56,mscf
OHT,Activité E&P,DP,GF,1936,11,31213.98,bbl,69115.13,mscf
OHT,Activité E&P,DP,GF,1936,12,16853.01,bbl,68787.55,mscf
OHT,Activité E&P,DP,GF,1937,1,38431.67,bbl,85411.46,mscf
OHT,Activité E&P,DP,GF,1937,2,26941.38,bbl,41093.16,mscf
OHT,Activité E&P,DP,GF,1937,3,37913.05,bbl,168754.83,mscf
OHT,Activité E&P,DP,GF,1937,4,5465.36,bbl,94260.61,mscf
OHT,Activité E&P,DP,GF,1937,5,41666.42,bbl,55250.43,mscf
OHT,Activité E&P,DP,GF,1937,6,44941.5,bbl,146262.59,mscf
OHT,Activité E&P,DP,GF,1937,7,35850.32,bbl,18577.72,mscf
OHT,Activité E&P,DP,GF,1937,8,6521.54,bbl,31195.37,mscf
OHT,Activité E&P,DP,GF,1937,9,44215.56,bbl,134157.53,mscf
OHT,Activité E&P,DP,GF,1937,10,41279.65,bbl,88121.2,mscf
OHT,Activité E&P,DP,GF,1937,11,9419.68,bbl,173235.51,mscf
OHT,Activité E&P,DP,GF,1937,12,48393.63,bbl,138024.87,mscf
OHT,Activité E&P,DP,GF,1938,1,32141.68,bbl,27682.34,mscf
OHT,Activité E&P,DP,GF,1938,2,27720.78,bbl,59893.33,mscf
OHT,Activité E&P,DP,GF,1938,3,41786.31,bbl,196730.11,mscf
OHT,Activité E&P,DP,GF,1938,4,40783.27,bbl,91239.43,mscf
OHT,Activité E&P,DP,GF,1938,5,47846.01,bbl,148299.95,mscf
OHT,Activité E&P,DP,GF,1938,6,48277.3,bbl,176822.35,mscf
OHT,Activité E&P,DP,GF,1938,7,10020.52,bbl,53777.96,mscf
OHT,Activité E&P,DP,GF,1938,8,14226.6,bbl,115730.34,mscf
OHT,Activité E&P,DP,GF,1938,9,1334.62,bbl,111534.44,mscf
OHT,Activité E&P,DP,GF,1938,10,45099.26,bbl,190459.49,mscf
OHT,Activité E&P,DP,GF,1938,11,16826.31,bbl,60111.85,mscf
OHT,Activité E&P,DP,GF,1938,12,7800.62,bbl,80578.35,mscf
OHT,Activité E&P,DP,GF,1939,1,3685.53,bbl,6256.05,mscf
OHT,Activité E&P,DP,GF,1939,2,34109.48,bbl,161328.4,mscf
OHT,Activité E&P,DP,GF,1939,3,11824.65,bbl,124560.33,mscf
OHT,Activité E&P,DP,GF,1939,4,33348.76,bbl,85786.12,mscf
OHT,Activité E&P,DP,GF,1939,5,16417.57,bbl,176028.78,mscf
OHT,Activité E&P,DP,GF,1939,6,3950.66,bbl,110429.37,mscf
OHT,Activité E&P,DP,GF,1939,7,21870.82,bbl,179657.83,mscf
OHT,Activité E&P,DP,GF,1939,8,7907.3,bbl,199332.52,mscf
OHT,Activité E&P,DP,GF,1939,9,44305.18,bbl,80038.1,mscf
OHT,Activité E&P,DP,GF,1939,10,29991.02,bbl,199883.83,mscf
OHT,Activité E&P,DP,GF,1939,11,35125.73,bbl,188348.07,mscf
OHT,Activité E&P,DP,GF,1939,12,42884.38,bbl,184306.91,mscf
OHT,Activité E&P,DP,GF,1940,1,1994.07,bbl,116163.9,mscf
OHT,Activité E&P,DP,GF,1940,2,40444.64,bbl,98018.59,mscf
OHT,Activité E&P,DP,GF,1940,3,1170.67,bbl,168455.59,mscf
OHT,Activité E&P,DP,GF,1940,4,43200.13,bbl,58524.87,mscf
OHT,Activité E&P,DP,GF,1940,5,34819.28,bbl,146821.07,mscf
OHT,Activité E&P,DP,GF,1940,6,19438.73,bbl,127628.86,mscf
OHT,Activité E&P,DP,GF,1940,7,45721.43,bbl,168791.83,mscf
OHT,Activité E&P,DP,GF,1940,8,34890.1,bbl,16966.1,mscf
OHT,Activité E&P,DP,GF,1940,9,44126.79,bbl,151523.31,mscf
OHT,Activité E&P,DP,GF,1940,10,45687.6,bbl,114017.01,mscf
OHT,Activité E&P,DP,GF,1940,11,35063.76,bbl,102606.16,mscf
OHT,Activité E&P,DP,GF,1940,12,13523.64,bbl,114010.3,mscf
OHT,Activité E&P,DP,GF,1941,1,23071.17,bbl,13263.44,mscf
OHT,Activité E&P,DP,GF,1941,2,26126.37,bbl,68200.78,mscf
OHT,Activité E&P,DP,GF,1941,3,39266.12,bbl,53053.48,mscf
OHT,Activité E&P,DP,GF,1941,4,21320.98,bbl,144472.73,mscf
OHT,Activité E&P,DP,GF,1941,5,35857.91,bbl,43358.31,mscf
OHT,Activité E&P,DP,GF,1941,6,42106.57,bbl,84403.97,mscf
OHT,Activité E&P,DP,GF,1941,7,5309.87,bbl,180833.62,mscf
OHT,Activité E&P,DP,GF,1941,8,41006.83,bbl,28046.38,mscf
OHT,Activité E&P,DP,GF,1941,9,4490.15,bbl,117590.46,mscf
OHT,Activité E&P,DP,GF,1941,10,42609.37,bbl,22762.69,mscf
OHT,Activité E&P,DP,GF,1941,11,3683.84,bbl,120713.8,mscf
OHT,Activité E&P,DP,GF,1941,12,46936.8,bbl,172865.95,mscf
OHT,Activité E&P,DP,GF,1942,1,32693.94,bbl,54629.85,mscf
OHT,Activité E&P,DP,GF,1942,2,2184.4,bbl,168104.05,mscf
OHT,Activité E&P,DP,GF,1942,3,8905.64,bbl,47174.02,mscf
OHT,Activité E&P,DP,GF,1942,4,19039.34,bbl,54044.09,mscf
OHT,Activité E&P,DP,GF,1942,5,4874.66,bbl,100949.44,mscf
OHT,Activité E&P,DP,GF,1942,6,38500.11,bbl,77919.74,mscf
OHT,Activité E&P,DP,GF,1942,7,7646.88,bbl,133744.96,mscf
OHT,Activité E&P,DP,GF,1942,8,24319.8,bbl,29489.54,mscf
OHT,Activité E&P,DP,GF,1942,9,9457.75,bbl,196285.07,mscf
OHT,Activité E&P,DP,GF,1942,10,29044.84,bbl,194969.44,mscf
OHT,Activité E&P,DP,GF,1942,11,37253.22,bbl,38311.0,mscf
OHT,Activité E&P,DP,GF,1942,12,45944.04,bbl,101799.42,mscf
OHT,Activité E&P,DP,GF,1943,1,33493.12,bbl,22856.31,mscf
OHT,Activité E&P,DP,GF,1943,2,20931.4,bbl,65967.24,mscf
OHT,Activité E&P,DP,GF,1943,3,23474.14,bbl,151375.45,mscf
OHT,Activité E&P,DP,GF,1943,4,33455.12,bbl,149895.16,mscf
OHT,Activité E&P,DP,GF,1943,5,34157.34,bbl,135395.97,mscf
OHT,Activité E&P,DP,GF,1943,6,1494.15,bbl,98575.81,mscf
OHT,Activité E&P,DP,GF,1943,7,27167.88,bbl,41923.81,mscf
OHT,Activité E&P,DP,GF,1943,8,18817.18,bbl,193834.29,mscf
OHT,Activité E&P,DP,GF,1943,9,15860.93,bbl,146844.21,mscf
OHT,Activité E&P,DP,GF,1943,10,27352.39,bbl,101785.56,mscf
OHT,Activité E&P,DP,GF,1943,11,40378.25,bbl,131438.55,mscf
OHT,Activité E&P,DP,GF,1943,12,45118.26,bbl,31346.81,mscf
OHT,Activité E&P,DP,GF,1944,1,15532.97,bbl,120951.06,mscf
OHT,Activité E&P,DP,GF,1944,2,11130.95,bbl,69297.06,mscf
OHT,Activité E&P,DP,GF,1944,3,47943.29,bbl,153860.84,mscf
OHT,Activité E&P,DP,GF,1944,4,21260.34,bbl,150492.79,mscf
OHT,Activité E&P,DP,GF,1944,5,24361.47,bbl,97148.17,mscf
OHT,Activité E&P,DP,GF,1944,6,5536.94,bbl,115228.55,mscf
OHT,Activité E&P,DP,GF,1944,7,22352.99,bbl,30255.57,mscf
OHT,Activité E&P,DP,GF,1944,8,39809.46,bbl,48160.51,mscf
OHT,Activité E&P,DP,GF,1944,9,3258.37,bbl,97030.26,mscf
OHT,Activité E&P,DP,GF,1944,10,13167.88,bbl,101198.82,mscf
OHT,Activité E&P,DP,GF,1944,11,30993.62,bbl,35714.27,mscf
OHT,Activité E&P,DP,GF,1944,12,10910.22,bbl,103483.25,mscf
OHT,Activité E&P,DP,GF,1945,1,42994.2,bbl,145022.64,mscf
OHT,Activité E&P,DP,GF,1945,2,30494.52,bbl,177960.23,mscf
OHT,Activité E&P,DP,GF,1945,3,40563.14,bbl,126403.98,mscf
OHT,Activité E&P,DP,GF,1945,4,29473.51,bbl,198111.16,mscf
OHT,Activité E&P,DP,GF,1945,5,10841.21,bbl,158638.73,mscf
OHT,Activité E&P,DP,GF,1945,6,37987.68,bbl,123763.92,mscf
OHT,Activité E&P,DP,GF,1945,7,16979.05,bbl,68110.66,mscf
OHT,Activité E&P,DP,GF,1945,8,38635.4,bbl,62016.52,mscf
OHT,Activité E&P,DP,GF,1945,9,6502.24,bbl,76083.87,mscf
OHT,Activité E&P,DP,GF,1945,10,1284.75,bbl,158240.55,mscf
OHT,Activité E&P,DP,GF,1945,11,20582.5,bbl,163874.29,mscf
OHT,Activité E&P,DP,GF,1945,12,20489.99,bbl,6699.51,mscf
OHT,Activité E&P,DP,GF,1946,1,43358.62,bbl,83184.36,mscf
OHT,Activité E&P,DP,GF,1946,2,41846.54,bbl,95449.53,mscf
OHT,Activité E&P,DP,GF,1946,3,20148.09,bbl,137848.34,mscf
OHT,Activité E&P,DP,GF,1946,4,3403.77,bbl,27699.83,mscf
OHT,Activité E&P,DP,GF,1946,5,39006.59,bbl,98092.07,mscf
OHT,Activité E&P,DP,GF,1946,6,34402.21,bbl,171097.33,mscf
OHT,Activité E&P,DP,GF,1946,7,29928.92,bbl,106572.26,mscf
OHT,Activité E&P,DP,GF,1946,8,31751.54,bbl,102611.67,mscf
OHT,Activité E&P,DP,GF,1946,9,28154.17,bbl,166103.35,mscf
OHT,Activité E&P,DP,GF,1946,10,38994.48,bbl,157860.46,mscf
OHT,Activité E&P,DP,GF,1946,11,35057.17,bbl,84778.59,mscf
OHT,Activité E&P,DP,GF,1946,12,45068.48,bbl,30003.85,mscf
OHT,Activité E&P,DP,GF,1947,1,18806.12,bbl,142965.43,mscf
OHT,Activité E&P,DP,GF,1947,2,11414.84,bbl,89775.94,mscf
OHT,Activité E&P,DP,GF,1947,3,44339.66,bbl,141624.29,mscf
OHT,Activité E&P,DP,GF,1947,4,5548.53,bbl,128666.62,mscf
OHT,Activité E&P,DP,GF,1947,5,33974.3,bbl,44223.22,mscf
OHT,Activité E&P,DP,GF,1947,6,49531.34,bbl,75918.99,mscf
OHT,Activité E&P,DP,GF,1947,7,39463.04,bbl,161366.71,mscf
OHT,Activité E&P,DP,GF,1947,8,38570.28,bbl,14478.42,mscf
OHT,Activité E&P,DP,GF,1947,9,9452.68,bbl,89235.03,mscf
OHT,Activité E&P,DP,GF,1947,10,6807.82,bbl,99790.33,mscf
OHT,Activité E&P,DP,GF,1947,11,20523.67,bbl,180567.56,mscf
OHT,Activité E&P,DP,GF,1947,12,13238.16,bbl,128909.06,mscf
OHT,Activité E&P,DP,GF,1948,1,4206.67,bbl,93903.13,mscf
OHT,Activité E&P,DP,GF,1948,2,19117.61,bbl,68688.87,mscf
OHT,Activité E&P,DP,GF,1948,3,42197.72,bbl,88262.21,mscf
OHT,Activité E&P,DP,GF,1948,4,29247.43,bbl,196607.52,mscf
OHT,Activité E&P,DP,GF,1948,5,3378.55,bbl,42963.62,mscf
OHT,Activité E&P,DP,GF,1948,6,2634.64,bbl,177364.68,mscf
OHT,Activité E&P,DP,GF,1948,7,16885.58,bbl,18504.81,mscf
OHT,Activité E&P,DP,GF,1948,8,18636.65,bbl,86188.99,mscf
OHT,Activité E&P,DP,GF,1948,9,40735.52,bbl,163990.3,mscf
OHT,Activité E&P,DP,GF,1948,10,42394.84,bbl,108621.37,mscf
OHT,Activité E&P,DP,GF,1948,11,42245.47,bbl,122173.39,mscf
OHT,Activité E&P,DP,GF,1948,12,43651.41,bbl,133139.55,mscf
OHT,Activité E&P,DP,GF,1949,1,15937.95,bbl,117969.51,mscf
OHT,Activité E&P,DP,GF,1949,2,47029.9,bbl,115699.29,mscf
OHT,Activité E&P,DP,GF,1949,3,16166.2,bbl,58746.49,mscf
OHT,Activité E&P,DP,GF,1949,4,3466.78,bbl,143232.18,mscf
OHT,Activité E&P,DP,GF,1949,5,26873.92,bbl,149822.12,mscf
OHT,Activité E&P,DP,GF,1949,6,11355.49,bbl,22780.44,mscf
OHT,Activité E&P,DP,GF,1949,7,30523.61,bbl,158165.93,mscf
OHT,Activité E&P,DP,GF,1949,8,12331.24,bbl,105259.18,mscf
OHT,Activité E&P,DP,GF,1949,9,19657.0,bbl,71473.61,mscf
OHT,Activité E&P,DP,GF,1949,10,16414.43,bbl,131188.7,mscf
OHT,Activité E&P,DP,GF,1949,11,11346.62,bbl,39016.57,mscf
OHT,Activité E&P,DP,GF,1949,12,18490.36,bbl,148719.35,mscf
STAH,Activité E&P,DP,OF,1900,1,34968.46,bbl,58160.82,mscf
STAH,Activité E&P,DP,OF,1900,2,29214.75,bbl,71443.02,mscf
STAH,Activité E&P,DP,OF,1900,3,5159.12,bbl,76875.02,mscf
STAH,Activité E&P,DP,OF,1900,4,11635.6,bbl,97038.62,mscf
STAH,Activité E&P,DP,OF,1900,5,21914.85,bbl,198949.66,mscf
STAH,Activité E&P,DP,OF,1900,6,34512.46,bbl,136550.02,mscf
STAH,Activité E&P,DP,OF,1900,7,33685.91,bbl,61019.91,mscf
STAH,Activité E&P,DP,OF,1900,8,3939.06,bbl,83573.35,mscf
STAH,Activité E&P,DP,OF,1900,9,44541.85,bbl,137469.1,mscf
STAH,Activité E&P,DP,OF,1900,10,13273.87,bbl,184799.0,mscf
STAH,Activité E&P,DP,OF,1900,11,34093.22,bbl,153588.1,mscf
STAH,Activité E&P,DP,OF,1900,12,38138.64,bbl,163195.83,mscf
STAH,Activité E&P,DP,OF,1901,1,8833.21,bbl,179176.63,mscf
STAH,Activité E&P,DP,OF,1901,2,9074.16,bbl,172096.03,mscf
STAH,Activité E&P,DP,OF,1901,3,44453.32,bbl,60608.37,mscf
STAH,Activité E&P,DP,OF,1901,4,30525.26,bbl,125708.34,mscf
STAH,Activité E&P,DP,OF,1901,5,6465.72,bbl,58859.55,mscf
STAH,Activité E&P,DP,OF,1901,6,13088.24,bbl,142994.04,mscf
STAH,Activité E&P,DP,OF,1901,7,29583.81,bbl,22217.87,mscf
STAH,Activité E&P,DP,OF,1901,8,36818.19,bbl,180271.04,mscf
STAH,Activité E&P,DP,OF,1901,9,42608.19,bbl,80226.5,mscf
STAH,Activité E&P,DP,OF,1901,10,9874.36,bbl,147353.95,mscf
STAH,Activité E&P,DP,OF,1901,11,10899.42,bbl,53525.77,mscf
STAH,Activité E&P,DP,OF,1901,12,13742.15,bbl,49746.19,mscf
STAH,Activité E&P,DP,OF,1902,1,25091.99,bbl,111173.81,mscf
STAH,Activité E&P,DP,OF,1902,2,16530.5,bbl,144984.51,mscf
STAH,Activité E&P,DP,OF,1902,3,42405.07,bbl,56352.56,mscf
STAH,Activité E&P,DP,OF,1902,4,2241.51,bbl,41377.83,mscf
STAH,Activité E&P,DP,OF,1902,5,9193.6,bbl,153496.14,mscf
STAH,Activité E&P,DP,OF,1902,6,27628.24,bbl,152738.55,mscf
STAH,Activité E&P,DP,OF,1902,7,17321.57,bbl,18401.19,mscf
STAH,Activité E&P,DP,OF,1902,8,36051.87,bbl,100433.07,mscf
STAH,Activité E&P,DP,OF,1902,9,39189.23,bbl,129146.41,mscf
STAH,Activité E&P,DP,OF,1902,10,5402.21,bbl,69684.64,mscf
STAH,Activité E&P,DP,OF,1902,11,24172.79,bbl,66862.06,mscf
STAH,Activité E&P,DP,OF,1902,12,25759.56,bbl,144669.95,mscf
STAH,Activité E&P,DP,OF,1903,1,2607.79,bbl,18854.25,mscf
STAH,Activité E&P,DP,OF,1903,2,40879.41,bbl,8363.37,mscf
STAH,Activité E&P,DP,OF,1903,3,27395.08,bbl,121705.32,mscf
STAH,Activité E&P,DP,OF,1903,4,35997.33,bbl,148990.9,mscf
STAH,Activité E&P,DP,OF,1903,5,16300.65,bbl,15909.61,mscf
STAH,Activité E&P,DP,OF,1903,6,22477.67,bbl,41505.61,mscf
STAH,Activité E&P,DP,OF,1903,7,47138.35,bbl,64853.72,mscf
STAH,Activité E&P,DP,OF,1903,8,27855.27,bbl,69135.99,mscf
STAH,Activité E&P,DP,OF,1903,9,29458.62,bbl,197198.58,mscf
STAH,Activité E&P,DP,OF,1903,10,27535.13,bbl,105598.33,mscf
STAH,Activité E&P,DP,OF,1903,11,33288.9,bbl,198864.5,mscf
STAH,Activité E&P,DP,OF,1903,12,5760.12,bbl,128973.76,mscf
STAH,Activité E&P,DP,OF,1904,1,39442.26,bbl,30880.26,mscf
STAH,Activité E&P,DP,OF,1904,2,23338.68,bbl,167872.1,mscf
STAH,Activité E&P,DP,OF,1904,3,28254.75,bbl,163158.46,mscf
STAH,Activité E&P,DP,OF,1904,4,12442.05,bbl,178494.66,mscf
STAH,Activité E&P,DP,OF,1904,5,44233.59,bbl,35226.85,mscf
STAH,Activité E&P,DP,OF,1904,6,1658.29,bbl,138022.91,mscf
STAH,Activité E&P,DP,OF,1904,7,37863.95,bbl,170937.85,mscf
STAH,Activité E&P,DP,OF,1904,8,13867.1,bbl,182567.96,mscf
STAH,Activité E&P,DP,OF,1904,9,7934.24,bbl,59139.9,mscf
STAH,Activité E&P,DP,OF,1904,10,27848.0,bbl,92581.53,mscf
STAH,Activité E&P,DP,OF,1904,11,3929.68,bbl,62931.28,mscf
STAH,Activité E&P,DP,OF,1904,12,10544.91,bbl,20703.25,mscf
STAH,Activité E&P,DP,OF,1905,1,23179.64,bbl,113102.32,mscf
STAH,Activité E&P,DP,OF,1905,2,10090.23,bbl,35019.3,mscf
STAH,Activité E&P,DP,OF,1905,3,6508.36,bbl,122434.42,mscf
STAH,Activité E&P,DP,OF,1905,4,47879.26,bbl,175953.49,mscf
STAH,Activité E&P,DP,OF,1905,5,9568.84,bbl,59871.53,mscf
STAH,Activité E&P,DP,OF,1905,6,26364.15,bbl,8870.66,mscf
STAH,Activité E&P,DP,OF,1905,7,8514.28,bbl,44095.44,mscf
STAH,Activité E&P,DP,OF,1905,8,24179.03,bbl,138419.38,mscf
STAH,Activité E&P,DP,OF,1905,9,13717.31,bbl,49043.58,mscf
STAH,Activité E&P,DP,OF,1905,10,14238.89,bbl,68884.69,mscf
STAH,Activité E&P,DP,OF,1905,11,21958.62,bbl,117679.06,mscf
STAH,Activité E&P,DP,OF,1905,12,14957.27,bbl,160764.31,mscf
STAH,Activité E&P,DP,OF,1906,1,1774.46,bbl,107669.76,mscf
STAH,Activité E&P,DP,OF,1906,2,29591.31,bbl,176760.28,mscf
STAH,Activité E&P,DP,OF,1906,3,46976.53,bbl,95996.86,mscf
STAH,Activité E&P,DP,OF,1906,4,49050.41,bbl,33817.9,mscf
STAH,Activité E&P,DP,OF,1906,5,42754.68,bbl,10613.76,mscf
STAH,Activité E&P,DP,OF,1906,6,39375.01,bbl,177120.91,mscf
STAH,Activité E&P,DP,OF,1906,7,20783.62,bbl,131790.99,mscf
STAH,Activité E&P,DP,OF,1906,8,41906.9,bbl,93096.92,mscf
STAH,Activité E&P,DP,OF,1906,9,32861.89,bbl,149179.79,mscf
STAH,Activité E&P,DP,OF,1906,10,15506.71,bbl,61129.05,mscf
STAH,Activité E&P,DP,OF,1906,11,43745.74,bbl,137368.44,mscf
STAH,Activité E&P,DP,OF,1906,12,15708.91,bbl,149531.84,mscf
STAH,Activité E&P,DP,OF,1907,1,32745.23,bbl,14918.83,mscf
STAH,Activité E&P,DP,OF,1907,2,38910.4,bbl,46002.33,mscf
STAH,Activité E&P,DP,OF,1907,3,48531.22,bbl,86566.53,mscf
STAH,Activité E&P,DP,OF,1907,4,13287.84,bbl,186638.49,mscf
STAH,Activité E&P,DP,OF,1907,5,39088.84,bbl,117892.83,mscf
STAH,Activité E&P,DP,OF,1907,6,10768.98,bbl,128551.33,mscf
STAH,Activité E&P,DP,OF,1907,7,28353.09,bbl,39590.99,mscf
STAH,Activité E&P,DP,OF,1907,8,48362.1,bbl,38608.23,mscf
STAH,Activité E&P,DP,OF,1907,9,2426.27,bbl,114495.05,mscf
STAH,Activité E&P,DP,OF,1907,10,20933.52,bbl,121344.2,mscf
STAH,Activité E&P,DP,OF,1907,11,41188.23,bbl,98047.68,mscf
STAH,Activité E&P,DP,OF,1907,12,36491.37,bbl,84924.23,mscf
STAH,Activité E&P,DP,OF,1908,1,1071.65,bbl,85787.1,mscf
STAH,Activité E&P,DP,OF,1908,2,26762.83,bbl,183769.75,mscf
STAH,Activité E&P,DP,OF,1908,3,42123.43,bbl,61619.69,mscf
STAH,Activité E&P,DP,OF,1908,4,25628.9,bbl,70481.19,mscf
STAH,Activité E&P,DP,OF,1908,5,49716.76,bbl,195035.63,mscf
STAH,Activité E&P,DP,OF,1908,6,24612.94,bbl,163292.42,mscf
STAH,Activité E&P,DP,OF,1908,7,1802.96,bbl,36213.94,mscf
STAH,Activité E&P,DP,OF,1908,8,33336.07,bbl,73921.34,mscf
STAH,Activité E&P,DP,OF,1908,9,3403.81,bbl,157483.54,mscf
STAH,Activité E&P,DP,OF,1908,10,20153.32,bbl,116888.46,mscf
STAH,Activité E&P,DP,OF,1908,11,2673.08,bbl,48215.53,mscf
STAH,Activité E&P,DP,OF,1908,12,6810.57,bbl,78447.17,mscf
STAH,Activité E&P,DP,OF,1909,1,5256.05,bbl,157903.34,mscf
STAH,Activité E&P,DP,OF,1909,2,18406.18,bbl,50500.68,mscf
STAH,Activité E&P,DP,OF,1909,3,48168.02,bbl,73426.77,mscf
STAH,Activité E&P,DP,OF,1909,4,43599.98,bbl,12735.71,mscf
STAH,Activité E&P,DP,OF,1909,5,17963.07,bbl,82018.02,mscf
STAH,Activité E&P,DP,OF,1909,6,1686.29,bbl,49455.39,mscf
STAH,Activité E&P,DP,OF,1909,7,26238.24,bbl,173167.14,mscf
STAH,Activité E&P,DP,OF,1909,8,11671.3,bbl,162282.06,mscf
STAH,Activité E&P,DP,OF,1909,9,19732.86,bbl,96990.04,mscf
STAH,Activité E&P,DP,OF,1909,10,34200.71,bbl,38833.93,mscf
STAH,Activité E&P,DP,OF,1909,11,32299.76,bbl,156006.96,mscf
STAH,Activité E&P,DP,OF,1909,12,26509.43,bbl,51185.3,mscf
STAH,Activité E&P,DP,OF,1910,1,6124.83,bbl,80472.0,mscf
STAH,Activité E&P,DP,OF,1910,2,45745.14,bbl,6137.26,mscf
STAH,Activité E&P,DP,OF,1910,3,5653.93,bbl,5549.37,mscf
STAH,Activité E&P,DP,OF,1910,4,1190.69,bbl,60812.2,mscf
STAH,Activité E&P,DP,OF,1910,5,27206.35,bbl,99073.58,mscf
STAH,Activité E&P,DP,OF,1910,6,8250.39,bbl,26856.77,mscf
STAH,Activité E&P,DP,OF,1910,7,14476.39,bbl,120935.07,mscf
STAH,Activité E&P,DP,OF,1910,8,7897.09,bbl,85018.95,mscf
STAH,Activité E&P,DP,OF,1910,9,33099.59,bbl,28649.07,mscf
STAH,Activité E&P,DP,OF,1910,10,21135.96,bbl,49575.63,mscf
STAH,Activité E&P,DP,OF,1910,11,35910.36,bbl,176888.53,mscf
STAH,Activité E&P,DP,OF,1910,12,27182.99,bbl,199220.42,mscf
STAH,Activité E&P,DP,OF,1911,1,40015.69,bbl,69492.51,mscf
STAH,Activité E&P,DP,OF,1911,2,14514.46,bbl,198070.99,mscf
STAH,Activité E&P,DP,OF,1911,3,24284.92,bbl,28427.44,mscf
STAH,Activité E&P,DP,OF,1911,4,37428.59,bbl,29601.46,mscf
STAH,Activité E&P,DP,OF,1911,5,39866.99,bbl,26298.86,mscf
STAH,Activité E&P,DP,OF,1911,6,14663.88,bbl,23992.56,mscf
STAH,Activité E&P,DP,OF,1911,7,47024.98,bbl,13828.26,mscf
STAH,Activité E&P,DP,OF,1911,8,13146.33,bbl,106099.13,mscf
STAH,Activité E&P,DP,OF,1911,9,40807.53,bbl,91785.72,mscf
STAH,Activité E&P,DP,OF,1911,10,48353.14,bbl,22681.37,mscf
STAH,Activité E&P,DP,OF,1911,11,43599.35,bbl,36022.71,mscf
STAH,Activité E&P,DP,OF,1911,12,42692.15,bbl,89969.93,mscf
STAH,Activité E&P,DP,OF,1912,1,31033.36,bbl,12174.03,mscf
STAH,Activité E&P,DP,OF,1912,2,30309.91,bbl,5796.52,mscf
STAH,Activité E&P,DP,OF,1912,3,15818.81,bbl,97648.21,mscf
STAH,Activité E&P,DP,OF,1912,4,44254.64,bbl,158153.34,mscf
STAH,Activité E&P,DP,OF,1912,5,47492.69,bbl,125334.75,mscf
STAH,Activité E&P,DP,OF,1912,6,8437.09,bbl,87639.67,mscf
STAH,Activité E&P,DP,OF,1912,7,41692.75,bbl,7724.57,mscf
STAH,Activité E&P,DP,OF,1912,8,42150.08,bbl,166884.23,mscf
STAH,Activité E&P,DP,OF,1912,9,27082.67,bbl,42080.75,mscf
STAH,Activité E&P,DP,OF,1912,10,3905.19,bbl,56740.32,mscf
STAH,Activité E&P,DP,OF,1912,11,33044.54,bbl,69611.03,mscf
STAH,Activité E&P,DP,OF,1912,12,11516.77,bbl,89719.48,mscf
STAH,Activité E&P,DP,OF,1913,1,29471.52,bbl,52144.89,mscf
STAH,Activité E&P,DP,OF,1913,2,39495.69,bbl,183119.56,mscf
STAH,Activité E&P,DP,OF,1913,3,39172.27,bbl,47254.63,mscf
STAH,Activité E&P,DP,OF,1913,4,7222.66,bbl,172756.51,mscf
STAH,Activité E&P,DP,OF,1913,5,4242.17,bbl,92579.98,mscf
STAH,Activité E&P,DP,OF,1913,6,21870.64,bbl,153611.86,mscf
STAH,Activité E&P,DP,OF,1913,7,30581.89,bbl,160391.39,mscf
STAH,Activité E&P,DP,OF,1913,8,26033.71,bbl,148104.15,mscf
STAH,Activité E&P,DP,OF,1913,9,35507.75,bbl,124698.97,mscf
STAH,Activité E&P,DP,OF,1913,10,39689.76,bbl,199106.08,mscf
STAH,Activité E&P,DP,OF,1913,11,7971.22,bbl,33796.04,mscf
STAH,Activité E&P,DP,OF,1913,12,7820.49,bbl,64940.76,mscf
STAH,Activité E&P,DP,OF,1914,1,48898.65,bbl,75483.03,mscf
STAH,Activité E&P,DP,OF,1914,2,38213.62,bbl,172892.67,mscf
STAH,Activité E&P,DP,OF,1914,3,3071.4,bbl,43717.7,mscf
STAH,Activité E&P,DP,OF,1914,4,19906.51,bbl,71781.46,mscf
STAH,Activité E&P,DP,OF,1914,5,22514.96,bbl,34901.81,mscf
STAH,Activité E&P,DP,OF,1914,6,1935.4,bbl,145035.75,mscf
STAH,Activité E&P,DP,OF,1914,7,41400.35,bbl,42847.56,mscf
STAH,Activité E&P,DP,OF,1914,8,18102.62,bbl,162225.98,mscf
STAH,Activité E&P,DP,OF,1914,9,22795.01,bbl,34798.52,mscf
STAH,Activité E&P,DP,OF,1914,10,6868.13,bbl,187452.39,mscf
STAH,Activité E&P,DP,OF,1914,11,41954.7,bbl,57713.42,mscf
STAH,Activité E&P,DP,OF,1914,12,4570.54,bbl,83199.44,mscf
STAH,Activité E&P,DP,OF,1915,1,15814.63,bbl,131599.07,mscf
STAH,Activité E&P,DP,OF,1915,2,24520.33,bbl,68460.37,mscf
STAH,Activité E&P,DP,OF,1915,3,30476.0,bbl,53408.73,mscf
STAH,Activité E&P,DP,OF,1915,4,14875.5,bbl,9391.44,mscf
STAH,Activité E&P,DP,OF,1915,5,29941.65,bbl,81245.28,mscf
STAH,Activité E&P,DP,OF,1915,6,41756.21,bbl,132962.74,mscf
STAH,Activité E&P,DP,OF,1915,7,23535.0,bbl,76985.33,mscf
STAH,Activité E&P,DP,OF,1915,8,9086.19,bbl,179837.9,mscf
STAH,Activité E&P,DP,OF,1915,9,17471.78,bbl,118004.76,mscf
STAH,Activité E&P,DP,OF,1915,10,13587.6,bbl,165196.81,mscf
STAH,Activité E&P,DP,OF,1915,11,23923.37,bbl,181366.01,mscf
STAH,Activité E&P,DP,OF,1915,12,43512.24,bbl,174233.94,mscf
STAH,Activité E&P,DP,OF,1916,1,35203.38,bbl,139231.48,mscf
STAH,Activité E&P,DP,OF,1916,2,38578.29,bbl,127435.36,mscf
STAH,Activité E&P,DP,OF,1916,3,36847.71,bbl,160723.61,mscf
STAH,Activité E&P,DP,OF,1916,4,7332.76,bbl,150488.51,mscf
STAH,Activité E&P,DP,OF,1916,5,19549.32,bbl,166093.42,mscf
STAH,Activité E&P,DP,OF,1916,6,45651.92,bbl,196533.27,mscf
STAH,Activité E&P,DP,OF,1916,7,19578.37,bbl,121621.63,mscf
STAH,Activité E&P,DP,OF,1916,8,24186.35,bbl,69440.61,mscf
STAH,Activité E&P,DP,OF,1916,9,3361.89,bbl,26406.41,mscf
STAH,Activité E&P,DP,OF,1916,10,45562.53,bbl,101978.86,mscf
STAH,Activité E&P,DP,OF,1916,11,7576.61,bbl,92150.92,mscf
STAH,Activité E&P,DP,OF,1916,12,38769.08,bbl,132442.13,mscf
STAH,Activité E&P,DP,OF,1917,1,12704.85,bbl,19829.29,mscf
STAH,Activité E&P,DP,OF,1917,2,1168.55,bbl,43272.36,mscf
STAH,Activité E&P,DP,OF,1917,3,31764.95,bbl,101066.81,mscf
STAH,Activité E&P,DP,OF,1917,4,21851.14,bbl,26881.53,mscf
STAH,Activité E&P,DP,OF,1917,5,49202.93,bbl,126142.27,mscf
STAH,Activité E&P,DP,OF,1917,6,34465.96,bbl,116677.94,mscf
STAH,Activité E&P,DP,OF,1917,7,2389.33,bbl,147657.04,mscf
STAH,Activité E&P,DP,OF,1917,8,8020.15,bbl,157327.8,mscf
STAH,Activité E&P,DP,OF,1917,9,48304.87,bbl,132727.6,mscf
STAH,Activité E&P,DP,OF,1917,10,18641.47,bbl,67440.05,mscf
STAH,Activité E&P,DP,OF,1917,11,29549.85,bbl,67322.89,mscf
STAH,Activité E&P,DP,OF,1917,12,10880.01,bbl,192037.64,mscf
STAH,Activité E&P,DP,OF,1918,1,46093.85,bbl,137600.44,mscf
STAH,Activité E&P,DP,OF,1918,2,22805.17,bbl,97069.58,mscf
STAH,Activité E&P,DP,OF,1918,3,13492.59,bbl,103142.79,mscf
STAH,Activité E&P,DP,OF,1918,4,20387.5,bbl,171783.88,mscf
STAH,Activité E&P,DP,OF,1918,5,48496.03,bbl,118626.28,mscf
STAH,Activité E&P,DP,OF,1918,6,43078.07,bbl,49513.87,mscf
STAH,Activité E&P,DP,OF,1918,7,37200.08,bbl,157538.4,mscf
STAH,Activité E&P,DP,OF,1918,8,36681.59,bbl,147485.9,mscf
STAH,Activité E&P,DP,OF,1918,9,13044.47,bbl,93210.08,mscf
STAH,Activité E&P,DP,OF,1918,10,25498.52,bbl,80650.98,mscf
STAH,Activité E&P,DP,OF,1918,11,26697.59,bbl,111791.71,mscf
STAH,Activité E&P,DP,OF,1918,12,23939.87,bbl,122268.71,mscf
STAH,Activité E&P,DP,OF,1919,1,2754.15,bbl,55814.76,mscf
STAH,Activité E&P,DP,OF,1919,2,49996.71,bbl,67979.04,mscf
STAH,Activité E&P,DP,OF,1919,3,30769.17,bbl,179808.0,mscf
STAH,Activité E&P,DP,OF,1919,4,34858.52,bbl,88725.71,mscf
STAH,Activité E&P,DP,OF,1919,5,12163.0,bbl,145525.04,mscf
STAH,Activité E&P,DP,OF,1919,6,48038.77,bbl,127135.47,mscf
STAH,Activité E&P,DP,OF,1919,7,6787.12,bbl,17829.48,mscf
STAH,Activité E&P,DP,OF,1919,8,1314.28,bbl,101894.16,mscf
STAH,Activité E&P,DP,OF,1919,9,10866.68,bbl,126506.84,mscf
STAH,Activité E&P,DP,OF,1919,10,34745.98,bbl,54383.31,mscf
STAH,Activité E&P,DP,OF,1919,11,1224.71,bbl,153995.49,mscf
STAH,Activité E&P,DP,OF,1919,12,15834.0,bbl,158953.22,mscf
STAH,Activité E&P,DP,OF,1920,1,43797.34,bbl,197369.65,mscf
STAH,Activité E&P,DP,OF,1920,2,7433.04,bbl,61434.4,mscf
STAH,Activité E&P,DP,OF,1920,3,45137.05,bbl,160229.18,mscf
STAH,Activité E&P,DP,OF,1920,4,24922.37,bbl,190916.75,mscf
STAH,Activité E&P,DP,OF,1920,5,41378.25,bbl,195151.13,mscf
STAH,Activité E&P,DP,OF,1920,6,37213.96,bbl,33441.84,mscf
STAH,Activité E&P,DP,OF,1920,7,42588.62,bbl,87194.9,mscf
STAH,Activité E&P,DP,OF,1920,8,10123.46,bbl,189798.54,mscf
STAH,Activité E&P,DP,OF,1920,9,17556.96,bbl,103215.34,mscf
STAH,Activité E&P,DP,OF,1920,10,40316.5,bbl,90386.06,mscf
STAH,Activité E&P,DP,OF,1920,11,32718.98,bbl,171448.54,mscf
STAH,Activité E&P,DP,OF,1920,12,15574.05,bbl,164464.67,mscf
STAH,Activité E&P,DP,OF,1921,1,21193.77,bbl,137520.09,mscf
STAH,Activité E&P,DP,OF,1921,2,22539.05,bbl,13754.2,mscf
STAH,Activité E&P,DP,OF,1921,3,36645.89,bbl,93369.77,mscf
STAH,Activité E&P,DP,OF,1921,4,3509.88,bbl,115110.36,mscf
STAH,Activité E&P,DP,OF,1921,5,3102.97,bbl,25933.73,mscf
STAH,Activité E&P,DP,OF,1921,6,25906.54,bbl,149826.69,mscf
STAH,Activité E&P,DP,OF,1921,7,20106.44,bbl,85206.58,mscf
STAH,Activité E&P,DP,OF,1921,8,12482.05,bbl,155887.55,mscf
STAH,Activité E&P,DP,OF,1921,9,27276.69,bbl,133950.41,mscf
STAH,Activité E&P,DP,OF,1921,10,44238.83,bbl,15768.43,mscf
STAH,Activité E&P,DP,OF,1921,11,40547.78,bbl,82543.84,mscf
STAH,Activité E&P,DP,OF,1921,12,11315.11,bbl,199092.83,mscf
STAH,Activité E&P,DP,OF,1922,1,2543.52,bbl,151703.02,mscf
STAH,Activité E&P,DP,OF,1922,2,46753.92,bbl,83583.59,mscf
STAH,Activité E&P,DP,OF,1922,3,41905.56,bbl,174989.36,mscf
STAH,Activité E&P,DP,OF,1922,4,13788.1,bbl,101035.43,mscf
STAH,Activité E&P,DP,OF,1922,5,18314.93,bbl,57952.36,mscf
STAH,Activité E&P,DP,OF,1922,6,31594.72,bbl,10216.85,mscf
STAH,Activité E&P,DP,OF,1922,7,36793.34,bbl,51893.17,mscf
STAH,Activité E&P,DP,OF,1922,8,29122.84,bbl,172851.97,mscf
STAH,Activité E&P,DP,OF,1922,9,40363.92,bbl,39941.85,mscf
STAH,Activité E&P,DP,OF,1922,10,39947.49,bbl,99824.36,mscf
STAH,Activité E&P,DP,OF,1922,11,22213.47,bbl,21969.89,mscf
STAH,Activité E&P,DP,OF,1922,12,35479.73,bbl,103627.19,mscf
STAH,Activité E&P,DP,OF,1923,1,41157.71,bbl,101081.61,mscf
STAH,Activité E&P,DP,OF,1923,2,6226.99,bbl,90688.77,mscf
STAH,Activité E&P,DP,OF,1923,3,44354.35,bbl,148036.91,mscf
STAH,Activité E&P,DP,OF,1923,4,6774.34,bbl,78936.57,mscf
STAH,Activité E&P,DP,OF,1923,5,26662.42,bbl,66602.26,mscf
STAH,Activité E&P,DP,OF,1923,6,20535.17,bbl,120140.49,mscf
STAH,Activité E&P,DP,OF,1923,7,3921.98,bbl,88384.32,mscf
STAH,Activité E&P,DP,OF,1923,8,8218.44,bbl,110909.66,mscf
STAH,Activité E&P,DP,OF,1923,9,5078.37,bbl,93003.24,mscf
STAH,Activité E&P,DP,OF,1923,10,46220.09,bbl,34189.47,mscf
STAH,Activité E&P,DP,OF,1923,11,48854.08,bbl,147288.08,mscf
STAH,Activité E&P,DP,OF,1923,12,19175.22,bbl,129723.36,mscf
STAH,Activité E&P,DP,OF,1924,1,3467.96,bbl,80075.44,mscf
STAH,Activité E&P,DP,OF,1924,2,39909.99,bbl,68980.22,mscf
STAH,Activité E&P,DP,OF,1924,3,18459.52,bbl,152365.99,mscf
STAH,Activité E&P,DP,OF,1924,4,3625.46,bbl,152735.28,mscf
STAH,Activité E&P,DP,OF,1924,5,26274.82,bbl,47097.46,mscf
STAH,Activité E&P,DP,OF,1924,6,26743.91,bbl,193888.88,mscf
STAH,Activité E&P,DP,OF,1924,7,21463.38,bbl,79988.83,mscf
STAH,Activité E&P,DP,OF,1924,8,24784.62,bbl,153560.93,mscf
STAH,Activité E&P,DP,OF,1924,9,2169.14,bbl,11245.7,mscf
STAH,Activité E&P,DP,OF,1924,10,12524.66,bbl,15875.59,mscf
STAH,Activité E&P,DP,OF,1924,11,17455.41,bbl,57191.78,mscf
STAH,Activité E&P,DP,OF,1924,12,38089.62,bbl,110125.83,mscf
STAH,Activité E&P,DP,OF,1925,1,37041.66,bbl,35864.89,mscf
STAH,Activité E&P,DP,OF,1925,2,35863.22,bbl,184093.91,mscf
STAH,Activité E&P,DP,OF,1925,3,6313.19,bbl,8831.09,mscf
STAH,Activité E&P,DP,OF,1925,4,35852.08,bbl,32361.5,mscf
STAH,Activité E&P,DP,OF,1925,5,37545.43,bbl,69171.48,mscf
STAH,Activité E&P,DP,OF,1925,6,12279.98,bbl,148019.51,mscf
STAH,Activité E&P,DP,OF,1925,7,24840.83,bbl,5007.98,mscf
STAH,Activité E&P,DP,OF,1925,8,12392.37,bbl,18281.1,mscf
STAH,Activité E&P,DP,OF,1925,9,13837.3,bbl,129986.49,mscf
STAH,Activité E&P,DP,OF,1925,10,13642.95,bbl,100064.44,mscf
STAH,Activité E&P,DP,OF,1925,11,25889.24,bbl,162302.83,mscf
STAH,Activité E&P,DP,OF,1925,12,46889.94,bbl,145216.81,mscf
STAH,Activité E&P,DP,OF,1926,1,31493.89,bbl,69510.65,mscf
STAH,Activité E&P,DP,OF,1926,2,42968.98,bbl,45484.22,mscf
STAH,Activité E&P,DP,OF,1926,3,4331.44,bbl,26653.49,mscf
STAH,Activité E&P,DP,OF,1926,4,38839.83,bbl,64011.57,mscf
STAH,Activité E&P,DP,OF,1926,5,35067.37,bbl,42352.96,mscf
STAH,Activité E&P,DP,OF,1926,6,7666.55,bbl,165846.98,mscf
STAH,Activité E&P,DP,OF,1926,7,21268.91,bbl,187045.49,mscf
STAH,Activité E&P,DP,OF,1926,8,16606.27,bbl,130324.56,mscf
STAH,Activité E&P,DP,OF,1926,9,22399.98,bbl,184699.51,mscf
STAH,Activité E&P,DP,OF,1926,10,28187.05,bbl,137768.66,mscf
STAH,Activité E&P,DP,OF,1926,11,26134.81,bbl,125438.61,mscf
STAH,Activité E&P,DP,OF,1926,12,47573.86,bbl,79794.42,mscf
STAH,Activité E&P,DP,OF,1927,1,28510.75,bbl,44850.64,mscf
STAH,Activité E&P,DP,OF,1927,2,1376.61,bbl,93722.92,mscf
STAH,Activité E&P,DP,OF,1927,3,34933.15,bbl,147382.05,mscf
STAH,Activité E&P,DP,OF,1927,4,9836.47,bbl,61895.86,mscf
STAH,Activité E&P,DP,OF,1927,5,36490.52,bbl,195886.06,mscf
STAH,Activité E&P,DP,OF,1927,6,41046.84,bbl,69665.0,mscf
STAH,Activité E&P,DP,OF,1927,7,41775.96,bbl,149927.24,mscf
STAH,Activité E&P,DP,OF,1927,8,22718.0,bbl,95288.55,mscf
STAH,Activité E&P,DP,OF,1927,9,37673.97,bbl,128836.92,mscf
STAH,Activité E&P,DP,OF,1927,10,42098.82,bbl,156694.82,mscf
STAH,Activité E&P,DP,OF,1927,11,12825.14,bbl,40509.47,mscf
STAH,Activité E&P,DP,OF,1927,12,14900.89,bbl,45494.8,mscf
STAH,Activité E&P,DP,OF,1928,1,12534.72,bbl,70106.17,mscf
STAH,Activité E&P,DP,OF,1928,2,35148.77,bbl,179481.78,mscf
STAH,Activité E&P,DP,OF,1928,3,28975.87,bbl,79467.3,mscf
STAH,Activité E&P,DP,OF,1928,4,8132.33,bbl,93067.41,mscf
STAH,Activité E&P,DP,OF,1928,5,23133.29,bbl,67796.72,mscf
STAH,Activité E&P,DP,OF,1928,6,24393.32,bbl,17255.6,mscf
STAH,Activité E&P,DP,OF,1928,7,19112.21,bbl,54389.29,mscf
STAH,Activité E&P,DP,OF,1928,8,48173.29,bbl,20399.09,mscf
STAH,Activité E&P,DP,OF,1928,9,25021.05,bbl,92798.89,mscf
STAH,Activité E&P,DP,OF,1928,10,10069.53,bbl,165299.97,mscf
STAH,Activité E&P,DP,OF,1928,11,1293.45,bbl,53238.99,mscf
STAH,Activité E&P,DP,OF,1928,12,16368.46,bbl,88752.71,mscf
STAH,Activité E&P,DP,OF,1929,1,43641.52,bbl,143280.64,mscf
STAH,Activité E&P,DP,OF,1929,2,46993.77,bbl,180241.3,mscf
STAH,Activité E&P,DP,OF,1929,3,8761.15,bbl,47046.13,mscf
STAH,Activité E&P,DP,OF,1929,4,22023.09,bbl,92886.54,mscf
STAH,Activité E&P,DP,OF,1929,5,43736.17,bbl,137512.6,mscf
STAH,Activité E&P,DP,OF,1929,6,26281.4,bbl,7475.42,mscf
STAH,Activité E&P,DP,OF,1929,7,35521.35,bbl,144090.44,mscf
STAH,Activité E&P,DP,OF,1929,8,32876.14,bbl,79995.01,mscf
STAH,Activité E&P,DP,OF,1929,9,10739.13,bbl,163027.5,mscf
STAH,Activité E&P,DP,OF,1929,10,22396.91,bbl,24202.44,mscf
STAH,Activité E&P,DP,OF,1929,11,1704.54,bbl,138935.68,mscf
STAH,Activité E&P,DP,OF,1929,12,4113.23,bbl,62613.02,mscf
STAH,Activité E&P,DP,OF,1930,1,34105.58,bbl,145076.64,mscf
STAH,Activité E&P,DP,OF,1930,2,4966.89,bbl,115553.59,mscf
STAH,Activité E&P,DP,OF,1930,3,32485.92,bbl,188127.21,mscf
STAH,Activité E&P,DP,OF,1930,4,11219.09,bbl,69286.98,mscf
STAH,Activité E&P,DP,OF,1930,5,33510.56,bbl,94309.51,mscf
STAH,Activité E&P,DP,OF,1930,6,35555.62,bbl,195923.27,mscf
STAH,Activité E&P,DP,OF,1930,7,8773.62,bbl,166905.87,mscf
STAH,Activité E&P,DP,OF,1930,8,26925.51,bbl,190744.36,mscf
STAH,Activité E&P,DP,OF,1930,9,10763.93,bbl,93863.51,mscf
STAH,Activité E&P,DP,OF,1930,10,44371.63,bbl,164514.82,mscf
STAH,Activité E&P,DP,OF,1930,11,10058.55,bbl,59465.2,mscf
STAH,Activité E&P,DP,OF,1930,12,2051.58,bbl,62857.05,mscf
STAH,Activité E&P,DP,OF,1931,1,48972.33,bbl,105062.5,mscf
STAH,Activité E&P,DP,OF,1931,2,7610.45,bbl,133002.32,mscf
STAH,Activité E&P,DP,OF,1931,3,41050.14,bbl,53298.64,mscf
STAH,Activité E&P,DP,OF,1931,4,44002.79,bbl,165233.49,mscf
STAH,Activité E&P,DP,OF,1931,5,11562.19,bbl,186916.58,mscf
STAH,Activité E&P,DP,OF,1931,6,42708.53,bbl,70763.51,mscf
STAH,Activité E&P,DP,OF,1931,7,25105.91,bbl,195141.61,mscf
STAH,Activité E&P,DP,OF,1931,8,48908.66,bbl,191679.01,mscf
STAH,Activité E&P,DP,OF,1931,9,22903.6,bbl,46641.04,mscf
STAH,Activité E&P,DP,OF,1931,10,40395.29,bbl,129921.03,mscf
STAH,Activité E&P,DP,OF,1931,11,36901.73,bbl,33672.17,mscf
STAH,Activité E&P,DP,OF,1931,12,8094.92,bbl,89594.97,mscf
STAH,Activité E&P,DP,OF,1932,1,39245.79,bbl,141066.32,mscf
STAH,Activité E&P,DP,OF,1932,2,1564.16,bbl,80804.06,mscf
STAH,Activité E&P,DP,OF,1932,3,36851.98,bbl,152746.6,mscf
STAH,Activité E&P,DP,OF,1932,4,18328.83,bbl,129960.17,mscf
STAH,Activité E&P,DP,OF,1932,5,48945.84,bbl,180405.38,mscf
STAH,Activité E&P,DP,OF,1932,6,10091.14,bbl,191005.27,mscf
STAH,Activité E&P,DP,OF,1932,7,10500.31,bbl,27887.56,mscf
STAH,Activité E&P,DP,OF,1932,8,11003.08,bbl,121555.65,mscf
STAH,Activité E&P,DP,OF,1932,9,31963.68,bbl,133743.47,mscf
STAH,Activité E&P,DP,OF,1932,10,41142.04,bbl,12252.95,mscf
STAH,Activité E&P,DP,OF,1932,11,2460.98,bbl,131106.54,mscf
STAH,Activité E&P,DP,OF,1932,12,36248.52,bbl,137051.06,mscf
STAH,Activité E&P,DP,OF,1933,1,32211.14,bbl,6320.03,mscf
STAH,Activité E&P,DP,OF,1933,2,47776.59,bbl,140274.78,mscf
STAH,Activité E&P,DP,OF,1933,3,37420.45,bbl,41308.71,mscf
STAH,Activité E&P,DP,OF,1933,4,25235.2,bbl,17550.07,mscf
STAH,Activité E&P,DP,OF,1933,5,7054.17,bbl,190746.52,mscf
STAH,Activité E&P,DP,OF,1933,6,49018.38,bbl,86330.96,mscf
STAH,Activité E&P,DP,OF,1933,7,2171.31,bbl,132223.11,mscf
STAH,Activité E&P,DP,OF,1933,8,37994.06,bbl,128514.07,mscf
STAH,Activité E&P,DP,OF,1933,9,36087.93,bbl,116303.5,mscf
STAH,Activité E&P,DP,OF,1933,10,11958.8,bbl,35523.1,mscf
STAH,Activité E&P,DP,OF,1933,11,17669.59,bbl,71587.63,mscf
STAH,Activité E&P,DP,OF,1933,12,31898.95,bbl,164188.52,mscf
STAH,Activité E&P,DP,OF,1934,1,5456.15,bbl,172504.73,mscf
STAH,Activité E&P,DP,OF,1934,2,44660.96,bbl,35767.7,mscf
STAH,Activité E&P,DP,OF,1934,3,4573.68,bbl,115280.4,mscf
STAH,Activité E&P,DP,OF,1934,4,1923.25,bbl,43987.56,mscf
STAH,Activité E&P,DP,OF,1934,5,41503.15,bbl,31332.68,mscf
STAH,Activité E&P,DP,OF,1934,6,2187.18,bbl,187371.24,mscf
STAH,Activité E&P,DP,OF,1934,7,30998.68,bbl,22320.93,mscf
STAH,Activité E&P,DP,OF,1934,8,9944.59,bbl,148708.43,mscf
STAH,Activité E&P,DP,OF,1934,9,23738.83,bbl,102984.64,mscf
STAH,Activité E&P,DP,OF,1934,10,24705.05,bbl,130749.07,mscf
STAH,Activité E&P,DP,OF,1934,11,33767.26,bbl,83804.16,mscf
STAH,Activité E&P,DP,OF,1934,12,34951.86,bbl,126235.53,mscf
STAH,Activité E&P,DP,OF,1935,1,34764.76,bbl,9082.28,mscf
STAH,Activité E&P,DP,OF,1935,2,39723.73,bbl,144871.78,mscf
STAH,Activité E&P,DP,OF,1935,3,9427.9,bbl,61262.67,mscf
STAH,Activité E&P,DP,OF,1935,4,11539.93,bbl,182178.37,mscf
STAH,Activité E&P,DP,OF,1935,5,14548.76,bbl,96883.77,mscf
STAH,Activité E&P,DP,OF,1935,6,33976.43,bbl,174251.51,mscf
STAH,Activité E&P,DP,OF,1935,7,39290.32,bbl,124483.07,mscf
STAH,Activité E&P,DP,OF,1935,8,40704.89,bbl,79410.66,mscf
STAH,Activité E&P,DP,OF,1935,9,1695.78,bbl,42248.56,mscf
STAH,Activité E&P,DP,OF,1935,10,11501.74,bbl,121335.58,mscf
STAH,Activité E&P,DP,OF,1935,11,5611.73,bbl,145348.01,mscf
STAH,Activité E&P,DP,OF,1935,12,34646.08,bbl,21166.65,mscf
STAH,Activité E&P,DP,OF,1936,1,19437.59,bbl,143318.93,mscf
STAH,Activité E&P,DP,OF,1936,2,9941.42,bbl,110786.44,mscf
STAH,Activité E&P,DP,OF,1936,3,46413.14,bbl,99091.35,mscf
STAH,Activité E&P,DP,OF,1936,4,15310.63,bbl,177678.11,mscf
STAH,Activité E&P,DP,OF,1936,5,40898.51,bbl,47114.63,mscf
STAH,Activité E&P,DP,OF,1936,6,30892.7,bbl,24288.98,mscf
STAH,Activité E&P,DP,OF,1936,7,48570.82,bbl,151865.73,mscf
STAH,Activité E&P,DP,OF,1936,8,23637.93,bbl,138902.83,mscf
STAH,Activité E&P,DP,OF,1936,9,48757.56,bbl,120535.03,mscf
STAH,Activité E&P,DP,OF,1936,10,44777.34,bbl,167862.27,mscf
STAH,Activité E&P,DP,OF,1936,11,46125.78,bbl,163361.93,mscf
STAH,Activité E&P,DP,OF,1936,12,11427.16,bbl,15163.26,mscf
STAH,Activité E&P,DP,OF,1937,1,45431.01,bbl,183378.64,mscf
STAH,Activité E&P,DP,OF,1937,2,43420.48,bbl,123390.7,mscf
STAH,Activité E&P,DP,OF,1937,3,9910.54,bbl,174345.37,mscf
STAH,Activité E&P,DP,OF,1937,4,37418.4,bbl,14262.88,mscf
STAH,Activité E&P,DP,OF,1937,5,13882.57,bbl,47265.14,mscf
STAH,Activité E&P,DP,OF,1937,6,48535.99,bbl,15636.09,mscf
STAH,Activité E&P,DP,OF,1937,7,25142.31,bbl,24337.1,mscf
STAH,Activité E&P,DP,OF,1937,8,29040.84,bbl,53947.86,mscf
STAH,Activité E&P,DP,OF,1937,9,40878.23,bbl,47851.93,mscf
STAH,Activité E&P,DP,OF,1937,10,44058.64,bbl,112964.47,mscf
STAH,Activité E&P,DP,OF,1937,11,49709.14,bbl,155672.65,mscf
STAH,Activité E&P,DP,OF,1937,12,16021.3,bbl,25384.12,mscf
STAH,Activité E&P,DP,OF,1938,1,35140.7,bbl,24431.66,mscf
STAH,Activité E&P,DP,OF,1938,2,18546.88,bbl,110105.93,mscf
STAH,Activité E&P,DP,OF,1938,3,49405.8,bbl,145716.01,mscf
STAH,Activité E&P,DP,OF,1938,4,9237.66,bbl,104590.66,mscf
STAH,Activité E&P,DP,OF,1938,5,11150.37,bbl,161558.59,mscf
STAH,Activité E&P,DP,OF,1938,6,44605.53,bbl,182525.69,mscf
STAH,Activité E&P,DP,OF,1938,7,11807.33,bbl,64011.86,mscf
STAH,Activité E&P,DP,OF,1938,8,4715.05,bbl,155681.5,mscf
STAH,Activité E&P,DP,OF,1938,9,20603.59,bbl,185296.55,mscf
STAH,Activité E&P,DP,OF,1938,10,30947.67,bbl,49550.21,mscf
STAH,Activité E&P,DP,OF,1938,11,36880.75,bbl,157689.41,mscf
STAH,Activité E&P,DP,OF,1938,12,18511.86,bbl,77475.9,mscf
STAH,Activité E&P,DP,OF,1939,1,11154.31,bbl,57025.44,mscf
STAH,Activité E&P,DP,OF,1939,2,37146.05,bbl,176593.99,mscf
STAH,Activité E&P,DP,OF,1939,3,36074.37,bbl,67462.02,mscf
STAH,Activité E&P,DP,OF,1939,4,34342.85,bbl,26489.59,mscf
STAH,Activité E&P,DP,OF,1939,5,8734.97,bbl,198197.97,mscf
STAH,Activité E&P,DP,OF,1939,6,22397.91,bbl,41681.22,mscf
STAH,Activité E&P,DP,OF,1939,7,15086.14,bbl,95071.74,mscf
STAH,Activité E&P,DP,OF,1939,8,18210.38,bbl,132421.1,mscf
STAH,Activité E&P,DP,OF,1939,9,42624.67,bbl,158158.4,mscf
STAH,Activité E&P,DP,OF,1939,10,19167.18,bbl,17823.22,mscf
STAH,Activité E&P,DP,OF,1939,11,27696.53,bbl,20703.59,mscf
STAH,Activité E&P,DP,OF,1939,12,2797.09,bbl,187282.76,mscf
STAH,Activité E&P,DP,OF,1940,1,23259.09,bbl,132355.96,mscf
STAH,Activité E&P,DP,OF,1940,2,45703.82,bbl,19404.95,mscf
STAH,Activité E&P,DP,OF,1940,3,44708.9,bbl,179830.94,mscf
STAH,Activité E&P,DP,OF,1940,4,2513.63,bbl,19358.61,mscf
STAH,Activité E&P,DP,OF,1940,5,26091.56,bbl,30594.15,mscf
STAH,Activité E&P,DP,OF,1940,6,47141.39,bbl,153975.11,mscf
STAH,Activité E&P,DP,OF,1940,7,6837.64,bbl,39358.0,mscf
STAH,Activité E&P,DP,OF,1940,8,25457.84,bbl,160288.77,mscf
STAH,Activité E&P,DP,OF,1940,9,48192.0,bbl,90354.48,mscf
STAH,Activité E&P,DP,OF,1940,10,31874.11,bbl,130053.9,mscf
STAH,Activité E&P,DP,OF,1940,11,5730.22,bbl,102246.36,mscf
STAH,Activité E&P,DP,OF,1940,12,35908.32,bbl,19106.51,mscf
STAH,Activité E&P,DP,OF,1941,1,9712.67,bbl,55603.15,mscf
STAH,Activité E&P,DP,OF,1941,2,21389.35,bbl,107366.72,mscf
STAH,Activité E&P,DP,OF,1941,3,3781.77,bbl,88686.54,mscf
STAH,Activité E&P,DP,OF,1941,4,37988.02,bbl,135601.4,mscf
STAH,Activité E&P,DP,OF,1941,5,20828.55,bbl,81318.18,mscf
STAH,Activité E&P,DP,OF,1941,6,1054.55,bbl,88363.67,mscf
STAH,Activité E&P,DP,OF,1941,7,28782.51,bbl,134860.31,mscf
STAH,Activité E&P,DP,OF,1941,8,30601.39,bbl,173342.41,mscf
STAH,Activité E&P,DP,OF,1941,9,26835.02,bbl,118773.63,mscf
STAH,Activité E&P,DP,OF,1941,10,3438.7,bbl,92457.69,mscf
STAH,Activité E&P,DP,OF,1941,11,47097.2,bbl,143858.96,mscf
STAH,Activité E&P,DP,OF,1941,12,17340.0,bbl,14244.62,mscf
STAH,Activité E&P,DP,OF,1942,1,14067.0,bbl,33195.21,mscf
STAH,Activité E&P,DP,OF,1942,2,2057.17,bbl,136150.83,mscf
STAH,Activité E&P,DP,OF,1942,3,44755.72,bbl,183114.89,mscf
STAH,Activité E&P,DP,OF,1942,4,10363.29,bbl,140275.5,mscf
STAH,Activité E&P,DP,OF,1942,5,8669.81,bbl,5019.63,mscf
STAH,Activité E&P,DP,OF,1942,6,47486.89,bbl,105413.45,mscf
STAH,Activité E&P,DP,OF,1942,7,26020.85,bbl,90368.86,mscf
STAH,Activité E&P,DP,OF,1942,8,10927.61,bbl,32301.02,mscf
STAH,Activité E&P,DP,OF,1942,9,21347.71,bbl,59431.15,mscf
STAH,Activité E&P,DP,OF,1942,10,29217.86,bbl,144046.34,mscf
STAH,Activité E&P,DP,OF,1942,11,29290.1,bbl,78541.82,mscf
STAH,Activité E&P,DP,OF,1942,12,37339.39,bbl,187615.68,mscf
STAH,Activité E&P,DP,OF,1943,1,17008.87,bbl,18250.79,mscf
STAH,Activité E&P,DP,OF,1943,2,12224.45,bbl,150832.04,mscf
STAH,Activité E&P,DP,OF,1943,3,5341.92,bbl,33317.96,mscf
STAH,Activité E&P,DP,OF,1943,4,40894.39,bbl,45670.77,mscf
STAH,Activité E&P,DP,OF,1943,5,13197.16,bbl,171075.71,mscf
STAH,Activité E&P,DP,OF,1943,6,2387.62,bbl,63433.34,mscf
STAH,Activité E&P,DP,OF,1943,7,16141.77,bbl,177948.59,mscf
STAH,Activité E&P,DP,OF,1943,8,27036.96,bbl,85103.97,mscf
STAH,Activité E&P,DP,OF,1943,9,44413.45,bbl,42410.41,mscf
STAH,Activité E&P,DP,OF,1943,10,18776.29,bbl,170516.94,mscf
STAH,Activité E&P,DP,OF,1943,11,27419.99,bbl,162101.14,mscf
STAH,Activité E&P,DP,OF,1943,12,9843.32,bbl,13420.61,mscf
STAH,Activité E&P,DP,OF,1944,1,44693.74,bbl,166946.65,mscf
STAH,Activité E&P,DP,OF,1944,2,18465.15,bbl,93592.85,mscf
STAH,Activité E&P,DP,OF,1944,3,48772.48,bbl,66974.64,mscf
STAH,Activité E&P,DP,OF,1944,4,44568.53,bbl,105060.05,mscf
STAH,Activité E&P,DP,OF,1944,5,11325.15,bbl,70053.21,mscf
STAH,Activité E&P,DP,OF,1944,6,34198.04,bbl,67523.85,mscf
STAH,Activité E&P,DP,OF,1944,7,21769.06,bbl,96137.68,mscf
STAH,Activité E&P,DP,OF,1944,8,49288.22,bbl,152706.14,mscf
STAH,Activité E&P,DP,OF,1944,9,36824.38,bbl,49048.83,mscf
STAH,Activité E&P,DP,OF,1944,10,35879.92,bbl,125034.04,mscf
STAH,Activité E&P,DP,OF,1944,11,2560.49,bbl,29768.64,mscf
STAH,Activité E&P,DP,OF,1944,12,40282.41,bbl,102246.23,mscf
STAH,Activité E&P,DP,OF,1945,1,10930.16,bbl,187551.14,mscf
STAH,Activité E&P,DP,OF,1945,2,34213.78,bbl,120033.58,mscf
STAH,Activité E&P,DP,OF,1945,3,45283.08,bbl,51902.06,mscf
STAH,Activité E&P,DP,OF,1945,4,45038.94,bbl,187174.91,mscf
STAH,Activité E&P,DP,OF,1945,5,39922.62,bbl,183987.22,mscf
STAH,Activité E&P,DP,OF,1945,6,20648.66,bbl,93067.41,mscf
STAH,Activité E&P,DP,OF,1945,7,5697.75,bbl,19969.95,mscf
STAH,Activité E&P,DP,OF,1945,8,37455.59,bbl,111325.61,mscf
STAH,Activité E&P,DP,OF,1945,9,19848.83,bbl,120516.31,mscf
STAH,Activité E&P,DP,OF,1945,10,32360.88,bbl,197916.85,mscf
STAH,Activité E&P,DP,OF,1945,11,10259.29,bbl,143499.12,mscf
STAH,Activité E&P,DP,OF,1945,12,29196.13,bbl,138397.56,mscf
STAH,Activité E&P,DP,OF,1946,1,49311.6,bbl,166270.25,mscf
STAH,Activité E&P,DP,OF,1946,2,17378.78,bbl,142596.35,mscf
STAH,Activité E&P,DP,OF,1946,3,13905.45,bbl,167373.56,mscf
STAH,Activité E&P,DP,OF,1946,4,7507.61,bbl,125837.09,mscf
STAH,Activité E&P,DP,OF,1946,5,48776.68,bbl,118236.3,mscf
STAH,Activité E&P,DP,OF,1946,6,19508.9,bbl,112613.32,mscf
STAH,Activité E&P,DP,OF,1946,7,35121.2,bbl,52690.51,mscf
STAH,Activité E&P,DP,OF,1946,8,36103.17,bbl,184017.72,mscf
STAH,Activité E&P,DP,OF,1946,9,6595.86,bbl,36269.61,mscf
STAH,Activité E&P,DP,OF,1946,10,3818.94,bbl,18670.82,mscf
STAH,Activité E&P,DP,OF,1946,11,24112.7,bbl,52188.64,mscf
STAH,Activité E&P,DP,OF,1946,12,29043.06,bbl,146663.49,mscf
STAH,Activité E&P,DP,OF,1947,1,21072.35,bbl,178591.34,mscf
STAH,Activité E&P,DP,OF,1947,2,41541.69,bbl,27424.59,mscf
STAH,Activité E&P,DP,OF,1947,3,35461.71,bbl,62330.54,mscf
STAH,Activité E&P,DP,OF,1947,4,25574.32,bbl,12776.16,mscf
STAH,Activité E&P,DP,OF,1947,5,22195.18,bbl,85032.39,mscf
STAH,Activité E&P,DP,OF,1947,6,35797.77,bbl,169280.26,mscf
STAH,Activité E&P,DP,OF,1947,7,12650.37,bbl,178673.09,mscf
STAH,Activité E&P,DP,OF,1947,8,30708.91,bbl,140092.33,mscf
STAH,Activité E&P,DP,OF,1947,9,19603.37,bbl,87356.87,mscf
STAH,Activité E&P,DP,OF,1947,10,3546.8,bbl,67566.44,mscf
STAH,Activité E&P,DP,OF,1947,11,7851.36,bbl,42245.33,mscf
STAH,Activité E&P,DP,OF,1947,12,16112.72,bbl,152987.15,mscf
STAH,Activité E&P,DP,OF,1948,1,38380.24,bbl,140299.51,mscf
STAH,Activité E&P,DP,OF,1948,2,3148.72,bbl,148296.66,mscf
STAH,Activité E&P,DP,OF,1948,3,49899.21,bbl,36108.52,mscf
STAH,Activité E&P,DP,OF,1948,4,36698.81,bbl,5671.07,mscf
STAH,Activité E&P,DP,OF,1948,5,37291.11,bbl,38114.62,mscf
STAH,Activité E&P,DP,OF,1948,6,49934.55,bbl,62807.97,mscf
STAH,Activité E&P,DP,OF,1948,7,13234.63,bbl,184468.68,mscf
STAH,Activité E&P,DP,OF,1948,8,32469.86,bbl,76807.98,mscf
STAH,Activité E&P,DP,OF,1948,9,48226.41,bbl,88687.61,mscf
STAH,Activité E&P,DP,OF,1948,10,48419.04,bbl,53459.23,mscf
STAH,Activité E&P,DP,OF,1948,11,37588.34,bbl,117196.56,mscf
STAH,Activité E&P,DP,OF,1948,12,22288.94,bbl,71211.41,mscf
STAH,Activité E&P,DP,OF,1949,1,28128.33,bbl,190187.06,mscf
STAH,Activité E&P,DP,OF,1949,2,24861.5,bbl,49125.5,mscf
STAH,Activité E&P,DP,OF,1949,3,26974.61,bbl,88317.44,mscf
STAH,Activité E&P,DP,OF,1949,4,46136.14,bbl,91932.94,mscf
STAH,Activité E&P,DP,OF,1949,5,42545.68,bbl,82834.17,mscf
STAH,Activité E&P,DP,OF,1949,6,2802.57,bbl,68032.42,mscf
STAH,Activité E&P,DP,OF,1949,7,13832.86,bbl,53770.13,mscf
STAH,Activité E&P,DP,OF,1949,8,1871.91,bbl,47623.85,mscf
STAH,Activité E&P,DP,OF,1949,9,2631.81,bbl,177522.79,mscf
STAH,Activité E&P,DP,OF,1949,10,19695.36,bbl,32650.26,mscf
STAH,Activité E&P,DP,OF,1949,11,33249.6,bbl,189986.21,mscf
STAH,Activité E&P,DP,OF,1949,12,45834.49,bbl,137515.09,mscf
TFT,Activité E&P,DP,GF,1900,1,1084.46,bbl,85675.05,mscf
TFT,Activité E&P,DP,GF,1900,2,16655.2,bbl,166412.86,mscf
TFT,Activité E&P,DP,GF,1900,3,9938.34,bbl,191150.96,mscf
TFT,Activité E&P,DP,GF,1900,4,44435.97,bbl,104609.47,mscf
TFT,Activité E&P,DP,GF,1900,5,11462.57,bbl,13458.03,mscf
TFT,Activité E&P,DP,GF,1900,6,43119.93,bbl,126839.48,mscf
TFT,Activité E&P,DP,GF,1900,7,49864.23,bbl,166227.88,mscf
TFT,Activité E&P,DP,GF,1900,8,48894.93,bbl,82785.3,mscf
TFT,Activité E&P,DP,GF,1900,9,10363.59,bbl,162543.24,mscf
TFT,Activité E&P,DP,GF,1900,10,47253.84,bbl,151076.2,mscf
TFT,Activité E&P,DP,GF,1900,11,49667.59,bbl,60597.71,mscf
TFT,Activité E&P,DP,GF,1900,12,23286.07,bbl,159932.32,mscf
TFT,Activité E&P,DP,GF,1901,1,19116.69,bbl,8912.97,mscf
TFT,Activité E&P,DP,GF,1901,2,21398.22,bbl,42562.78,mscf
TFT,Activité E&P,DP,GF,1901,3,39568.66,bbl,131213.89,mscf
TFT,Activité E&P,DP,GF,1901,4,24154.77,bbl,156512.16,mscf
TFT,Activité E&P,DP,GF,1901,5,49012.04,bbl,66798.43,mscf
TFT,Activité E&P,DP,GF,1901,6,2856.41,bbl,39795.07,mscf
TFT,Activité E&P,DP,GF,1901,7,37363.78,bbl,102553.26,mscf
TFT,Activité E&P,DP,GF,1901,8,34616.0,bbl,15501.18,mscf
TFT,Activité E&P,DP,GF,1901,9,17067.09,bbl,88647.56,mscf
TFT,Activité E&P,DP,GF,1901,10,43798.67,bbl,73708.0,mscf
TFT,Activité E&P,DP,GF,1901,11,25979.72,bbl,33289.82,mscf
TFT,Activité E&P,DP,GF,1901,12,18890.17,bbl,8770.01,mscf
TFT,Activité E&P,DP,GF,1902,1,30316.13,bbl,121832.97,mscf
TFT,Activité E&P,DP,GF,1902,2,42114.61,bbl,105519.76,mscf
TFT,Activité E&P,DP,GF,1902,3,46485.11,bbl,163044.61,mscf
TFT,Activité E&P,DP,GF,1902,4,42458.53,bbl,169742.47,mscf
TFT,Activité E&P,DP,GF,1902,5,7831.17,bbl,179491.62,mscf
TFT,Activité E&P,DP,GF,1902,6,49324.23,bbl,125677.67,mscf
TFT,Activité E&P,DP,GF,1902,7,45405.43,bbl,61848.93,mscf
TFT,Activité E&P,DP,GF,1902,8,23963.33,bbl,159577.29,mscf
TFT,Activité E&P,DP,GF,1902,9,37084.87,bbl,53080.84,mscf
TFT,Activité E&P,DP,GF,1902,10,23010.22,bbl,40878.31,mscf
TFT,Activité E&P,DP,GF,1902,11,31347.06,bbl,192403.25,mscf
TFT,Activité E&P,DP,GF,1902,12,6192.95,bbl,177344.46,mscf
TFT,Activité E&P,DP,GF,1903,1,33279.43,bbl,12718.99,mscf
TFT,Activité E&P,DP,GF,1903,2,16629.55,bbl,139386.99,mscf
TFT,Activité E&P,DP,GF,1903,3,26993.15,bbl,162495.71,mscf
TFT,Activité E&P,DP,GF,1903,4,47151.32,bbl,157977.35,mscf
TFT,Activité E&P,DP,GF,1903,5,26073.58,bbl,82138.78,mscf
TFT,Activité E&P,DP,GF,1903,6,17283.5,bbl,84872.63,mscf
TFT,Activité E&P,DP,GF,1903,7,3979.87,bbl,137471.2,mscf
TFT,Activité E&P,DP,GF,1903,8,13603.22,bbl,112626.62,mscf
TFT,Activité E&P,DP,GF,1903,9,24388.4,bbl,189231.85,mscf
TFT,Activité E&P,DP,GF,1903,10,17923.35,bbl,123228.7,mscf
TFT,Activité E&P,DP,GF,1903,11,20784.9,bbl,165916.36,mscf
TFT,Activité E&P,DP,GF,1903,12,17439.88,bbl,111792.67,mscf
TFT,Activité E&P,DP,GF,1904,1,8521.95,bbl,5770.01,mscf
TFT,Activité E&P,DP,GF,1904,2,41410.08,bbl,99279.18,mscf
TFT,Activité E&P,DP,GF,1904,3,27223.55,bbl,115963.57,mscf
TFT,Activité E&P,DP,GF,1904,4,2946.61,bbl,98970.1,mscf
TFT,Activité E&P,DP,GF,1904,5,1149.71,bbl,66854.15,mscf
TFT,Activité E&P,DP,GF,1904,6,16372.52,bbl,93394.79,mscf
TFT,Activité E&P,DP,GF,1904,7,32050.82,bbl,187812.05,mscf
TFT,Activité E&P,DP,GF,1904,8,33141.26,bbl,164773.51,mscf
TFT,Activité E&P,DP,GF,1904,9,17508.45,bbl,134557.4,mscf
TFT,Activité E&P,DP,GF,1904,10,12059.26,bbl,11279.62,mscf
TFT,Activité E&P,DP,GF,1904,11,2828.53,bbl,141258.03,mscf
TFT,Activité E&P,DP,GF,1904,12,33198.65,bbl,157384.84,mscf
TFT,Activité E&P,DP,GF,1905,1,40458.04,bbl,127321.79,mscf
TFT,Activité E&P,DP,GF,1905,2,22504.86,bbl,91692.89,mscf
TFT,Activité E&P,DP,GF,1905,3,44972.66,bbl,111604.44,mscf
TFT,Activité E&P,DP,GF,1905,4,47345.14,bbl,100275.89,mscf
TFT,Activité E&P,DP,GF,1905,5,36357.91,bbl,26131.99,mscf
TFT,Activité E&P,DP,GF,1905,6,4002.4,bbl,98770.97,mscf
TFT,Activité E&P,DP,GF,1905,7,15276.11,bbl,82156.17,mscf
TFT,Activité E&P,DP,GF,1905,8,46653.19,bbl,97279.72,mscf
TFT,Activité E&P,DP,GF,1905,9,2178.86,bbl,77631.33,mscf
TFT,Activité E&P,DP,GF,1905,10,18980.01,bbl,31400.37,mscf
TFT,Activité E&P,DP,GF,1905,11,4267.56,bbl,98897.92,mscf
TFT,Activité E&P,DP,GF,1905,12,5086.63,bbl,148724.98,mscf
TFT,Activité E&P,DP,GF,1906,1,48468.64,bbl,16212.9,mscf
TFT,Activité E&P,DP,GF,1906,2,27948.77,bbl,65374.6,mscf
TFT,Activité E&P,DP,GF,1906,3,40092.06,bbl,83131.44,mscf
TFT,Activité E&P,DP,GF,1906,4,49474.07,bbl,118905.38,mscf
TFT,Activité E&P,DP,GF,1906,5,24527.84,bbl,140742.82,mscf
TFT,Activité E&P,DP,GF,1906,6,2496.53,bbl,173573.32,mscf
TFT,Activité E&P,DP,GF,1906,7,8020.67,bbl,83875.22,mscf
TFT,Activité E&P,DP,GF,1906,8,34218.31,bbl,123094.21,mscf
TFT,Activité E&P,DP,GF,1906,9,24445.64,bbl,30892.06,mscf
TFT,Activité E&P,DP,GF,1906,10,33797.05,bbl,167214.07,mscf
TFT,Activité E&P,DP,GF,1906,11,5355.84,bbl,117082.68,mscf
TFT,Activité E&P,DP,GF,1906,12,39564.15,bbl,72334.73,mscf
TFT,Activité E&P,DP,GF,1907,1,48675.22,bbl,194890.44,mscf
TFT,Activité E&P,DP,GF,1907,2,16866.88,bbl,96700.08,mscf
TFT,Activité E&P,DP,GF,1907,3,34284.03,bbl,21570.87,mscf
TFT,Activité E&P,DP,GF,1907,4,29908.24,bbl,162508.36,mscf
TFT,Activité E&P,DP,GF,1907,5,26684.47,bbl,130307.99,mscf
TFT,Activité E&P,DP,GF,1907,6,3488.18,bbl,24265.96,mscf
TFT,Activité E&P,DP,GF,1907,7,41708.39,bbl,143225.73,mscf
TFT,Activité E&P,DP,GF,1907,8,19330.9,bbl,109565.97,mscf
TFT,Activité E&P,DP,GF,1907,9,24956.97,bbl,55341.5,mscf
TFT,Activité E&P,DP,GF,1907,10,22888.5,bbl,85392.91,mscf
TFT,Activité E&P,DP,GF,1907,11,15793.22,bbl,118312.02,mscf
TFT,Activité E&P,DP,GF,1907,12,42385.03,bbl,101478.73,mscf
TFT,Activité E&P,DP,GF,1908,1,46398.91,bbl,87827.84,mscf
TFT,Activité E&P,DP,GF,1908,2,30850.36,bbl,175338.87,mscf
TFT,Activité E&P,DP,GF,1908,3,25443.04,bbl,178434.96,mscf
TFT,Activité E&P,DP,GF,1908,4,14038.55,bbl,116148.07,mscf
TFT,Activité E&P,DP,GF,1908,5,42799.38,bbl,161768.03,mscf
TFT,Activité E&P,DP,GF,1908,6,38436.61,bbl,146908.36,mscf
TFT,Activité E&P,DP,GF,1908,7,16147.95,bbl,23030.55,mscf
TFT,Activité E&P,DP,GF,1908,8,2751.84,bbl,41568.62,mscf
TFT,Activité E&P,DP,GF,1908,9,32994.99,bbl,142021.07,mscf
TFT,Activité E&P,DP,GF,1908,10,9868.54,bbl,150689.93,mscf
TFT,Activité E&P,DP,GF,1908,11,12176.81,bbl,127568.96,mscf
TFT,Activité E&P,DP,GF,1908,12,4508.09,bbl,10590.62,mscf
TFT,Activité E&P,DP,GF,1909,1,31778.35,bbl,8970.68,mscf
TFT,Activité E&P,DP,GF,1909,2,42408.02,bbl,61933.76,mscf
TFT,Activité E&P,DP,GF,1909,3,45054.21,bbl,103027.83,mscf
TFT,Activité E&P,DP,GF,1909,4,35123.8,bbl,182538.01,mscf
TFT,Activité E&P,DP,GF,1909,5,24207.73,bbl,53381.03,mscf
TFT,Activité E&P,DP,GF,1909,6,35422.14,bbl,155032.46,mscf
TFT,Activité E&P,DP,GF,1909,7,17544.11,bbl,85528.98,mscf
TFT,Activité E&P,DP,GF,1909,8,7592.08,bbl,180373.61,mscf
TFT,Activité E&P,DP,GF,1909,9,25668.51,bbl,18012.99,mscf
TFT,Activité E&P,DP,GF,1909,10,26958.83,bbl,149021.09,mscf
TFT,Activité E&P,DP,GF,1909,11,24918.48,bbl,15843.21,mscf
TFT,Activité E&P,DP,GF,1909,12,20951.6,bbl,42794.06,mscf
TFT,Activité E&P,DP,GF,1910,1,17461.42,bbl,165500.17,mscf
TFT,Activité E&P,DP,GF,1910,2,3342.58,bbl,13266.35,mscf
TFT,Activité E&P,DP,GF,1910,3,13639.98,bbl,176418.7,mscf
TFT,Activité E&P,DP,GF,1910,4,31937.74,bbl,58561.8,mscf
TFT,Activité E&P,DP,GF,1910,5,25593.2,bbl,109326.23,mscf
TFT,Activité E&P,DP,GF,1910,6,13757.06,bbl,198523.94,mscf
TFT,Activité E&P,DP,GF,1910,7,38739.66,bbl,153994.96,mscf
TFT,Activité E&P,DP,GF,1910,8,13931.01,bbl,85031.82,mscf
TFT,Activité E&P,DP,GF,1910,9,28373.94,bbl,162408.03,mscf
TFT,Activité E&P,DP,GF,1910,10,27209.29,bbl,156452.33,mscf
TFT,Activité E&P,DP,GF,1910,11,9113.42,bbl,54690.53,mscf
TFT,Activité E&P,DP,GF,1910,12,28863.66,bbl,33528.88,mscf
TFT,Activité E&P,DP,GF,1911,1,13624.96,bbl,119880.38,mscf
TFT,Activité E&P,DP,GF,1911,2,31026.81,bbl,168885.83,mscf
TFT,Activité E&P,DP,GF,1911,3,31755.22,bbl,187555.19,mscf
TFT,Activité E&P,DP,GF,1911,4,12344.78,bbl,27820.89,mscf
TFT,Activité E&P,DP,GF,1911,5,44462.57,bbl,18199.6,mscf
TFT,Activité E&P,DP,GF,1911,6,38576.32,bbl,70792.24,mscf
TFT,Activité E&P,DP,GF,1911,7,37465.99,bbl,181287.62,mscf
TFT,Activité E&P,DP,GF,1911,8,23807.3,bbl,141231.89,mscf
TFT,Activité E&P,DP,GF,1911,9,47716.43,bbl,194137.41,mscf
TFT,Activité E&P,DP,GF,1911,10,49745.02,bbl,48716.02,mscf
TFT,Activité E&P,DP,GF,1911,11,16210.92,bbl,134037.26,mscf
TFT,Activité E&P,DP,GF,1911,12,48193.68,bbl,164049.95,mscf
TFT,Activité E&P,DP,GF,1912,1,3055.97,bbl,88968.38,mscf
TFT,Activité E&P,DP,GF,1912,2,38102.03,bbl,143838.16,mscf
TFT,Activité E&P,DP,GF,1912,3,49006.24,bbl,41495.22,mscf
TFT,Activité E&P,DP,GF,1912,4,18928.84,bbl,84728.87,mscf
TFT,Activité E&P,DP,GF,1912,5,40392.66,bbl,67454.39,mscf
TFT,Activité E&P,DP,GF,1912,6,44812.42,bbl,19870.59,mscf
TFT,Activité E&P,DP,GF,1912,7,19918.94,bbl,71802.12,mscf
TFT,Activité E&P,DP,GF,1912,8,31539.77,bbl,27856.74,mscf
TFT,Activité E&P,DP,GF,1912,9,13158.97,bbl,47704.57,mscf
TFT,Activité E&P,DP,GF,1912,10,23114.16,bbl,130434.93,mscf
TFT,Activité E&P,DP,GF,1912,11,31961.93,bbl,192226.74,mscf
TFT,Activité E&P,DP,GF,1912,12,49725.13,bbl,120907.19,mscf
TFT,Activité E&P,DP,GF,1913,1,39395.74,bbl,166172.04,mscf
TFT,Activité E&P,DP,GF,1913,2,10422.96,bbl,173663.55,mscf
TFT,Activité E&P,DP,GF,1913,3,45529.37,bbl,38563.82,mscf
TFT,Activité E&P,DP,GF,1913,4,18384.85,bbl,39193.78,mscf
TFT,Activité E&P,DP,GF,1913,5,6295.46,bbl,93256.43,mscf
TFT,Activité E&P,DP,GF,1913,6,18296.74,bbl,45561.12,mscf
TFT,Activité E&P,DP,GF,1913,7,19230.84,bbl,193397.47,mscf
TFT,Activité E&P,DP,GF,1913,8,21728.03,bbl,11383.58,mscf
TFT,Activité E&P,DP,GF,1913,9,31465.5,bbl,79297.24,mscf
TFT,Activité E&P,DP,GF,1913,10,33346.7,bbl,168080.51,mscf
TFT,Activité E&P,DP,GF,1913,11,8580.74,bbl,84549.58,mscf
TFT,Activité E&P,DP,GF,1913,12,20263.32,bbl,120410.14,mscf
TFT,Activité E&P,DP,GF,1914,1,22900.2,bbl,141166.08,mscf
TFT,Activité E&P,DP,GF,1914,2,38160.89,bbl,88458.36,mscf
TFT,Activité E&P,DP,GF,1914,3,41330.43,bbl,85641.93,mscf
TFT,Activité E&P,DP,GF,1914,4,12429.87,bbl,183104.1,mscf
TFT,Activité E&P,DP,GF,1914,5,26754.64,bbl,68951.27,mscf
TFT,Activité E&P,DP,GF,1914,6,32019.1,bbl,66172.13,mscf
TFT,Activité E&P,DP,GF,1914,7,7503.61,bbl,62323.53,mscf
TFT,Activité E&P,DP,GF,1914,8,17934.72,bbl,5975.17,mscf
TFT,Activité E&P,DP,GF,1914,9,13772.75,bbl,17854.89,mscf
TFT,Activité E&P,DP,GF,1914,10,2611.35,bbl,70293.37,mscf
TFT,Activité E&P,DP,GF,1914,11,25256.49,bbl,84122.47,mscf
TFT,Activité E&P,DP,GF,1914,12,15465.23,bbl,143423.68,mscf
TFT,Activité E&P,DP,GF,1915,1,9938.5,bbl,119673.61,mscf
TFT,Activité E&P,DP,GF,1915,2,27867.57,bbl,126496.18,mscf
TFT,Activité E&P,DP,GF,1915,3,21478.46,bbl,114545.03,mscf
TFT,Activité E&P,DP,GF,1915,4,41420.19,bbl,89235.53,mscf
TFT,Activité E&P,DP,GF,1915,5,2717.2,bbl,157900.19,mscf
TFT,Activité E&P,DP,GF,1915,6,46352.5,bbl,21616.8,mscf
TFT,Activité E&P,DP,GF,1915,7,33404.19,bbl,110611.72,mscf
TFT,Activité E&P,DP,GF,1915,8,42794.86,bbl,15278.43,mscf
TFT,Activité E&P,DP,GF,1915,9,25224.42,bbl,184237.73,mscf
TFT,Activité E&P,DP,GF,1915,10,47064.92,bbl,61587.98,mscf
TFT,Activité E&P,DP,GF,1915,11,37134.14,bbl,27591.71,mscf
TFT,Activité E&P,DP,GF,1915,12,17103.3,bbl,189233.05,mscf
TFT,Activité E&P,DP,GF,1916,1,37932.21,bbl,146830.96,mscf
TFT,Activité E&P,DP,GF,1916,2,20757.61,bbl,135475.4,mscf
TFT,Activité E&P,DP,GF,1916,3,34251.27,bbl,193357.56,mscf
TFT,Activité E&P,DP,GF,1916,4,22666.62,bbl,110096.97,mscf
TFT,Activité E&P,DP,GF,1916,5,49626.8,bbl,162325.14,mscf
TFT,Activité E&P,DP,GF,1916,6,21465.54,bbl,93662.74,mscf
TFT,Activité E&P,DP,GF,1916,7,22123.97,bbl,112234.86,mscf
TFT,Activité E&P,DP,GF,1916,8,14728.53,bbl,61266.35,mscf
TFT,Activité E&P,DP,GF,1916,9,34242.52,bbl,99592.48,mscf
TFT,Activité E&P,DP,GF,1916,10,48839.9,bbl,75112.92,mscf
TFT,Activité E&P,DP,GF,1916,11,43983.92,bbl,49950.27,mscf
TFT,Activité E&P,DP,GF,1916,12,9281.35,bbl,160509.78,mscf
TFT,Activité E&P,DP,GF,1917,1,8245.95,bbl,40288.56,mscf
TFT,Activité E&P,DP,GF,1917,2,16976.75,bbl,39187.34,mscf
TFT,Activité E&P,DP,GF,1917,3,21094.85,bbl,139622.93,mscf
TFT,Activité E&P,DP,GF,1917,4,33346.79,bbl,113128.44,mscf
TFT,Activité E&P,DP,GF,1917,5,26259.77,bbl,152626.39,mscf
TFT,Activité E&P,DP,GF,1917,6,48159.12,bbl,145768.91,mscf
TFT,Activité E&P,DP,GF,1917,7,10520.86,bbl,11531.81,mscf
TFT,Activité E&P,DP,GF,1917,8,14290.43,bbl,36877.41,mscf
TFT,Activité E&P,DP,GF,1917,9,18740.66,bbl,179315.87,mscf
TFT,Activité E&P,DP,GF,1917,10,45719.48,bbl,185318.4,mscf
TFT,Activité E&P,DP,GF,1917,11,36497.61,bbl,192535.31,mscf
TFT,Activité E&P,DP,GF,1917,12,41256.93,bbl,32564.94,mscf
TFT,Activité E&P,DP,GF,1918,1,40947.62,bbl,104932.06,mscf
TFT,Activité E&P,DP,GF,1918,2,18807.39,bbl,174387.85,mscf
TFT,Activité E&P,DP,GF,1918,3,23316.0,bbl,10006.81,mscf
TFT,Activité E&P,DP,GF,1918,4,45335.4,bbl,22432.93,mscf
TFT,Activité E&P,DP,GF,1918,5,20406.96,bbl,23529.8,mscf
TFT,Activité E&P,DP,GF,1918,6,41118.95,bbl,35287.39,mscf
TFT,Activité E&P,DP,GF,1918,7,6500.56,bbl,67044.25,mscf
TFT,Activité E&P,DP,GF,1918,8,29299.39,bbl,190545.93,mscf
TFT,Activité E&P,DP,GF,1918,9,23838.68,bbl,177055.83,mscf
TFT,Activité E&P,DP,GF,1918,10,9352.98,bbl,30338.86,mscf
TFT,Activité E&P,DP,GF,1918,11,3004.1,bbl,152611.98,mscf
TFT,Activité E&P,DP,GF,1918,12,14068.47,bbl,196952.5,mscf
TFT,Activité E&P,DP,GF,1919,1,22944.45,bbl,175822.97,mscf
TFT,Activité E&P,DP,GF,1919,2,3788.21,bbl,118118.07,mscf
TFT,Activité E&P,DP,GF,1919,3,4574.97,bbl,111571.57,mscf
TFT,Activité E&P,DP,GF,1919,4,31314.0,bbl,45146.14,mscf
TFT,Activité E&P,DP,GF,1919,5,13738.78,bbl,49928.99,mscf
TFT,Activité E&P,DP,GF,1919,6,17855.5,bbl,156624.24,mscf
TFT,Activité E&P,DP,GF,1919,7,48940.0,bbl,163847.31,mscf
TFT,Activité E&P,DP,GF,1919,8,10487.34,bbl,118927.24,mscf
TFT,Activité E&P,DP,GF,1919,9,39030.81,bbl,62412.69,mscf
TFT,Activité E&P,DP,GF,1919,10,31027.42,bbl,105165.52,mscf
TFT,Activité E&P,DP,GF,1919,11,41036.5,bbl,102969.78,mscf
TFT,Activité E&P,DP,GF,1919,12,46109.56,bbl,184389.07,mscf
TFT,Activité E&P,DP,GF,1920,1,5864.71,bbl,80919.04,mscf
TFT,Activité E&P,DP,GF,1920,2,38438.35,bbl,67557.3,mscf
TFT,Activité E&P,DP,GF,1920,3,33277.36,bbl,19772.62,mscf
TFT,Activité E&P,DP,GF,1920,4,39929.62,bbl,13754.75,mscf
TFT,Activité E&P,DP,GF,1920,5,34353.84,bbl,59578.06,mscf
TFT,Activité E&P,DP,GF,1920,6,11688.29,bbl,141658.53,mscf
TFT,Activité E&P,DP,GF,1920,7,49996.66,bbl,23181.89,mscf
TFT,Activité E&P,DP,GF,1920,8,38783.16,bbl,59076.36,mscf
TFT,Activité E&P,DP,GF,1920,9,8348.93,bbl,64687.46,mscf
TFT,Activité E&P,DP,GF,1920,10,6784.43,bbl,166264.25,mscf
TFT,Activité E&P,DP,GF,1920,11,32991.07,bbl,100133.19,mscf
TFT,Activité E&P,DP,GF,1920,12,34374.85,bbl,117872.58,mscf
TFT,Activité E&P,DP,GF,1921,1,24499.17,bbl,137297.07,mscf
TFT,Activité E&P,DP,GF,1921,2,8832.71,bbl,172154.21,mscf
TFT,Activité E&P,DP,GF,1921,3,29908.51,bbl,159246.58,mscf
TFT,Activité E&P,DP,GF,1921,4,47688.08,bbl,160748.94,mscf
TFT,Activité E&P,DP,GF,1921,5,26268.44,bbl,40102.81,mscf
TFT,Activité E&P,DP,GF,1921,6,49313.57,bbl,57880.77,mscf
TFT,Activité E&P,DP,GF,1921,7,10034.04,bbl,17478.78,mscf
TFT,Activité E&P,DP,GF,1921,8,42382.48,bbl,181177.97,mscf
TFT,Activité E&P,DP,GF,1921,9,28705.83,bbl,46656.06,mscf
TFT,Activité E&P,DP,GF,1921,10,1651.24,bbl,55181.95,mscf
TFT,Activité E&P,DP,GF,1921,11,39261.92,bbl,22532.84,mscf
TFT,Activité E&P,DP,GF,1921,12,24232.35,bbl,82815.94,mscf
TFT,Activité E&P,DP,GF,1922,1,43827.43,bbl,25866.73,mscf
TFT,Activité E&P,DP,GF,1922,2,36649.36,bbl,11673.12,mscf
TFT,Activité E&P,DP,GF,1922,3,6326.1,bbl,20304.93,mscf
TFT,Activité E&P,DP,GF,1922,4,37999.34,bbl,108176.78,mscf
TFT,Activité E&P,DP,GF,1922,5,13219.56,bbl,33843.26,mscf
TFT,Activité E&P,DP,GF,1922,6,41957.12,bbl,67892.03,mscf
TFT,Activité E&P,DP,GF,1922,7,24277.44,bbl,13523.93,mscf
TFT,Activité E&P,DP,GF,1922,8,49831.02,bbl,53478.79,mscf
TFT,Activité E&P,DP,GF,1922,9,14493.49,bbl,190493.66,mscf
TFT,Activité E&P,DP,GF,1922,10,2404.34,bbl,46524.08,mscf
TFT,Activité E&P,DP,GF,1922,11,12766.56,bbl,120148.34,mscf
TFT,Activité E&P,DP,GF,1922,12,12831.83,bbl,75308.54,mscf
TFT,Activité E&P,DP,GF,1923,1,20750.23,bbl,24153.34,mscf
TFT,Activité E&P,DP,GF,1923,2,45695.0,bbl,131637.03,mscf
TFT,Activité E&P,DP,GF,1923,3,44649.58,bbl,10437.9,mscf
TFT,Activité E&P,DP,GF,1923,4,48570.93,bbl,10566.12,mscf
TFT,Activité E&P,DP,GF,1923,5,6900.05,bbl,70296.21,mscf
TFT,Activité E&P,DP,GF,1923,6,15994.98,bbl,54680.62,mscf
TFT,Activité E&P,DP,GF,1923,7,34021.05,bbl,128121.66,mscf
TFT,Activité E&P,DP,GF,1923,8,30653.7,bbl,107558.07,mscf
TFT,Activité E&P,DP,GF,1923,9,20873.11,bbl,130436.52,mscf
TFT,Activité E&P,DP,GF,1923,10,12233.87,bbl,47340.84,mscf
TFT,Activité E&P,DP,GF,1923,11,42405.2,bbl,29514.37,mscf
TFT,Activité E&P,DP,GF,1923,12,6235.56,bbl,102688.16,mscf
TFT,Activité E&P,DP,GF,1924,1,16961.51,bbl,187306.63,mscf
TFT,Activité E&P,DP,GF,1924,2,21988.48,bbl,144025.09,mscf
TFT,Activité E&P,DP,GF,1924,3,1784.74,bbl,188596.14,mscf
TFT,Activité E&P,DP,GF,1924,4,21707.66,bbl,45638.37,mscf
TFT,Activité E&P,DP,GF,1924,5,44786.33,bbl,85097.5,mscf
TFT,Activité E&P,DP,GF,1924,6,9616.13,bbl,124537.89,mscf
TFT,Activité E&P,DP,GF,1924,7,3229.59,bbl,61950.43,mscf
TFT,Activité E&P,DP,GF,1924,8,49737.71,bbl,96916.94,mscf
TFT,Activité E&P,DP,GF,1924,9,38628.27,bbl,27326.7,mscf
TFT,Activité E&P,DP,GF,1924,10,19445.9,bbl,81130.48,mscf
TFT,Activité E&P,DP,GF,1924,11,11679.09,bbl,160910.72,mscf
TFT,Activité E&P,DP,GF,1924,12,28769.96,bbl,142171.12,mscf
TFT,Activité E&P,DP,GF,1925,1,13739.0,bbl,170414.55,mscf
TFT,Activité E&P,DP,GF,1925,2,40336.0,bbl,180243.69,mscf
TFT,Activité E&P,DP,GF,1925,3,13221.54,bbl,76222.96,mscf
TFT,Activité E&P,DP,GF,1925,4,47035.03,bbl,123264.55,mscf
TFT,Activité E&P,DP,GF,1925,5,26538.7,bbl,196182.12,mscf
TFT,Activité E&P,DP,GF,1925,6,14464.07,bbl,155416.56,mscf
TFT,Activité E&P,DP,GF,1925,7,8063.02,bbl,174406.73,mscf
TFT,Activité E&P,DP,GF,1925,8,1153.67,bbl,164880.17,mscf
TFT,Activité E&P,DP,GF,1925,9,5604.41,bbl,196275.53,mscf
TFT,Activité E&P,DP,GF,1925,10,21581.74,bbl,67110.15,mscf
TFT,Activité E&P,DP,GF,1925,11,1196.07,bbl,176387.5,mscf
TFT,Activité E&P,DP,GF,1925,12,5906.73,bbl,151206.75,mscf
TFT,Activité E&P,DP,GF,1926,1,16777.65,bbl,76358.76,mscf
TFT,Activité E&P,DP,GF,1926,2,23810.03,bbl,40227.6,mscf
TFT,Activité E&P,DP,GF,1926,3,44265.35,bbl,80598.56,mscf
TFT,Activité E&P,DP,GF,1926,4,12733.37,bbl,40282.65,mscf
TFT,Activité E&P,DP,GF,1926,5,6943.35,bbl,96797.75,mscf
TFT,Activité E&P,DP,GF,1926,6,11085.2,bbl,166512.92,mscf
TFT,Activité E&P,DP,GF,1926,7,11075.9,bbl,91462.1,mscf
TFT,Activité E&P,DP,GF,1926,8,48515.63,bbl,131536.0,mscf
TFT,Activité E&P,DP,GF,1926,9,13236.09,bbl,152250.87,mscf
TFT,Activité E&P,DP,GF,1926,10,5766.72,bbl,25649.99,mscf
TFT,Activité E&P,DP,GF,1926,11,9462.37,bbl,46975.45,mscf
TFT,Activité E&P,DP,GF,1926,12,41786.8,bbl,104304.1,mscf
TFT,Activité E&P,DP,GF,1927,1,20870.33,bbl,169233.0,mscf
TFT,Activité E&P,DP,GF,1927,2,18110.08,bbl,147649.64,mscf
TFT,Activité E&P,DP,GF,1927,3,43530.43,bbl,61332.82,mscf
TFT,Activité E&P,DP,GF,1927,4,22851.05,bbl,71824.94,mscf
TFT,Activité E&P,DP,GF,1927,5,7651.18,bbl,5091.99,mscf
TFT,Activité E&P,DP,GF,1927,6,12626.79,bbl,138842.28,mscf
TFT,Activité E&P,DP,GF,1927,7,40875.1,bbl,163667.04,mscf
TFT,Activité E&P,DP,GF,1927,8,3661.61,bbl,175184.04,mscf
TFT,Activité E&P,DP,GF,1927,9,35741.38,bbl,13435.26,mscf
TFT,Activité E&P,DP,GF,1927,10,18273.14,bbl,97129.34,mscf
TFT,Activité E&P,DP,GF,1927,11,48977.95,bbl,22687.73,mscf
TFT,Activité E&P,DP,GF,1927,12,1313.11,bbl,176035.36,mscf
TFT,Activité E&P,DP,GF,1928,1,34067.33,bbl,181311.03,mscf
TFT,Activité E&P,DP,GF,1928,2,1421.5,bbl,41566.71,mscf
TFT,Activité E&P,DP,GF,1928,3,26942.3,bbl,70965.16,mscf
TFT,Activité E&P,DP,GF,1928,4,40041.45,bbl,100039.04,mscf
TFT,Activité E&P,DP,GF,1928,5,44061.06,bbl,98996.23,mscf
TFT,Activité E&P,DP,GF,1928,6,1847.51,bbl,120828.34,mscf
TFT,Activité E&P,DP,GF,1928,7,6399.66,bbl,134531.36,mscf
TFT,Activité E&P,DP,GF,1928,8,45900.35,bbl,92294.05,mscf
TFT,Activité E&P,DP,GF,1928,9,45102.17,bbl,143577.45,mscf
TFT,Activité E&P,DP,GF,1928,10,34078.14,bbl,191451.75,mscf
TFT,Activité E&P,DP,GF,1928,11,6581.2,bbl,111266.77,mscf
TFT,Activité E&P,DP,GF,1928,12,5399.32,bbl,73845.15,mscf
TFT,Activité E&P,DP,GF,1929,1,33657.71,bbl,131428.91,mscf
TFT,Activité E&P,DP,GF,1929,2,33605.37,bbl,22407.76,mscf
TFT,Activité E&P,DP,GF,1929,3,48404.5,bbl,56616.48,mscf
TFT,Activité E&P,DP,GF,1929,4,45823.82,bbl,66444.45,mscf
TFT,Activité E&P,DP,GF,1929,5,7150.73,bbl,11220.03,mscf
TFT,Activité E&P,DP,GF,1929,6,6325.52,bbl,134807.87,mscf
TFT,Activité E&P,DP,GF,1929,7,16150.34,bbl,189523.03,mscf
TFT,Activité E&P,DP,GF,1929,8,40090.87,bbl,50794.72,mscf
TFT,Activité E&P,DP,GF,1929,9,18906.83,bbl,82092.85,mscf
TFT,Activité E&P,DP,GF,1929,10,13898.76,bbl,82055.29,mscf
TFT,Activité E&P,DP,GF,1929,11,47950.88,bbl,58860.26,mscf
TFT,Activité E&P,DP,GF,1929,12,32545.31,bbl,180910.32,mscf
TFT,Activité E&P,DP,GF,1930,1,7041.03,bbl,171865.75,mscf
TFT,Activité E&P,DP,GF,1930,2,46934.7,bbl,38967.72,mscf
TFT,Activité E&P,DP,GF,1930,3,7413.65,bbl,193077.33,mscf
TFT,Activité E&P,DP,GF,1930,4,30801.72,bbl,93287.12,mscf
TFT,Activité E&P,DP,GF,1930,5,27391.62,bbl,76878.85,mscf
TFT,Activité E&P,DP,GF,1930,6,1088.17,bbl,134065.02,mscf
TFT,Activité E&P,DP,GF,1930,7,17136.22,bbl,114804.33,mscf
TFT,Activité E&P,DP,GF,1930,8,35337.47,bbl,76755.09,mscf
TFT,Activité E&P,DP,GF,1930,9,28137.98,bbl,11784.11,mscf
TFT,Activité E&P,DP,GF,1930,10,3220.68,bbl,159134.06,mscf
TFT,Activité E&P,DP,GF,1930,11,27616.84,bbl,188700.16,mscf
TFT,Activité E&P,DP,GF,1930,12,7319.72,bbl,86195.71,mscf
TFT,Activité E&P,DP,GF,1931,1,29369.09,bbl,179514.93,mscf
TFT,Activité E&P,DP,GF,1931,2,38012.72,bbl,166046.88,mscf
TFT,Activité E&P,DP,GF,1931,3,20475.95,bbl,69910.56,mscf
TFT,Activité E&P,DP,GF,1931,4,35020.41,bbl,123751.21,mscf
TFT,Activité E&P,DP,GF,1931,5,32990.69,bbl,155036.5,mscf
TFT,Activité E&P,DP,GF,1931,6,28088.89,bbl,67647.8,mscf
TFT,Activité E&P,DP,GF,1931,7,22711.57,bbl,85290.59,mscf
TFT,Activité E&P,DP,GF,1931,8,34638.13,bbl,170950.69,mscf
TFT,Activité E&P,DP,GF,1931,9,23745.55,bbl,144910.27,mscf
TFT,Activité E&P,DP,GF,1931,10,28611.2,bbl,125703.84,mscf
TFT,Activité E&P,DP,GF,1931,11,1889.32,bbl,137460.24,mscf
TFT,Activité E&P,DP,GF,1931,12,19817.4,bbl,184690.82,mscf
TFT,Activité E&P,DP,GF,1932,1,7843.1,bbl,28868.64,mscf
TFT,Activité E&P,DP,GF,1932,2,10521.84,bbl,19756.02,mscf
TFT,Activité E&P,DP,GF,1932,3,13842.77,bbl,168992.83,mscf
TFT,Activité E&P,DP,GF,1932,4,6191.8,bbl,36449.34,mscf
TFT,Activité E&P,DP,GF,1932,5,12543.83,bbl,149435.66,mscf
TFT,Activité E&P,DP,GF,1932,6,42660.43,bbl,56580.8,mscf
TFT,Activité E&P,DP,GF,1932,7,1801.43,bbl,50942.7,mscf
TFT,Activité E&P,DP,GF,1932,8,23039.07,bbl,125005.16,mscf
TFT,Activité E&P,DP,GF,1932,9,23320.88,bbl,23538.66,mscf
TFT,Activité E&P,DP,GF,1932,10,10359.38,bbl,103111.91,mscf
TFT,Activité E&P,DP,GF,1932,11,36112.93,bbl,187674.85,mscf
TFT,Activité E&P,DP,GF,1932,12,17454.91,bbl,48384.12,mscf
TFT,Activité E&P,DP,GF,1933,1,14982.32,bbl,8492.74,mscf
TFT,Activité E&P,DP,GF,1933,2,25522.07,bbl,133335.01,mscf
TFT,Activité E&P,DP,GF,1933,3,8959.34,bbl,143580.51,mscf
TFT,Activité E&P,DP,GF,1933,4,13485.97,bbl,134964.32,mscf
TFT,Activité E&P,DP,GF,1933,5,6461.53,bbl,170082.32,mscf
TFT,Activité E&P,DP,GF,1933,6,20897.57,bbl,50863.93,mscf
TFT,Activité E&P,DP,GF,1933,7,25880.86,bbl,198999.65,mscf
TFT,Activité E&P,DP,GF,1933,8,26410.48,bbl,101040.25,mscf
TFT,Activité E&P,DP,GF,1933,9,2348.84,bbl,88474.48,mscf
TFT,Activité E&P,DP,GF,1933,10,17731.19,bbl,61800.63,mscf
TFT,Activité E&P,DP,GF,1933,11,4577.37,bbl,68942.32,mscf
TFT,Activité E&P,DP,GF,1933,12,15179.79,bbl,188317.16,mscf
TFT,Activité E&P,DP,GF,1934,1,9749.51,bbl,179125.07,mscf
TFT,Activité E&P,DP,GF,1934,2,5495.12,bbl,40418.08,mscf
TFT,Activité E&P,DP,GF,1934,3,29096.5,bbl,127148.78,mscf
TFT,Activité E&P,DP,GF,1934,4,49289.77,bbl,160660.69,mscf
TFT,Activité E&P,DP,GF,1934,5,45306.04,bbl,36725.46,mscf
TFT,Activité E&P,DP,GF,1934,6,16110.14,bbl,107475.33,mscf
TFT,Activité E&P,DP,GF,1934,7,20163.33,bbl,133300.2,mscf
TFT,Activité E&P,DP,GF,1934,8,37215.3,bbl,9067.18,mscf
TFT,Activité E&P,DP,GF,1934,9,23757.92,bbl,115149.33,mscf
TFT,Activité E&P,DP,GF,1934,10,44936.45,bbl,17001.37,mscf
TFT,Activité E&P,DP,GF,1934,11,9256.69,bbl,180859.05,mscf
TFT,Activité E&P,DP,GF,1934,12,6657.57,bbl,89854.57,mscf
TFT,Activité E&P,DP,GF,1935,1,22301.94,bbl,9046.41,mscf
TFT,Activité E&P,DP,GF,1935,2,37946.15,bbl,52940.96,mscf
TFT,Activité E&P,DP,GF,1935,3,44291.28,bbl,164974.12,mscf
TFT,Activité E&P,DP,GF,1935,4,41526.69,bbl,85113.04,mscf
TFT,Activité E&P,DP,GF,1935,5,20830.44,bbl,60024.29,mscf
TFT,Activité E&P,DP,GF,1935,6,30111.44,bbl,182854.44,mscf
TFT,Activité E&P,DP,GF,1935,7,34327.96,bbl,14642.04,mscf
TFT,Activité E&P,DP,GF,1935,8,49403.07,bbl,178395.99,mscf
TFT,Activité E&P,DP,GF,1935,9,46296.7,bbl,155684.8,mscf
TFT,Activité E&P,DP,GF,1935,10,39362.64,bbl,147340.13,mscf
TFT,Activité E&P,DP,GF,1935,11,22056.22,bbl,106898.17,mscf
TFT,Activité E&P,DP,GF,1935,12,43016.01,bbl,144533.52,mscf
TFT,Activité E&P,DP,GF,1936,1,1675.42,bbl,35303.91,mscf
TFT,Activité E&P,DP,GF,1936,2,3567.76,bbl,22495.98,mscf
TFT,Activité E&P,DP,GF,1936,3,44460.42,bbl,84034.49,mscf
TFT,Activité E&P,DP,GF,1936,4,28009.33,bbl,65972.49,mscf
TFT,Activité E&P,DP,GF,1936,5,45991.96,bbl,120188.53,mscf
TFT,Activité E&P,DP,GF,1936,6,12743.1,bbl,192870.54,mscf
TFT,Activité E&P,DP,GF,1936,7,47503.83,bbl,75690.7,mscf
TFT,Activité E&P,DP,GF,1936,8,1383.44,bbl,179179.3,mscf
TFT,Activité E&P,DP,GF,1936,9,10434.21,bbl,138949.96,mscf
TFT,Activité E&P,DP,GF,1936,10,27635.4,bbl,130409.4,mscf
TFT,Activité E&P,DP,GF,1936,11,42218.79,bbl,17313.55,mscf
TFT,Activité E&P,DP,GF,1936,12,46748.88,bbl,48451.71,mscf
TFT,Activité E&P,DP,GF,1937,1,29452.6,bbl,147757.11,mscf
TFT,Activité E&P,DP,GF,1937,2,10047.85,bbl,134307.98,mscf
TFT,Activité E&P,DP,GF,1937,3,22369.86,bbl,10114.85,mscf
TFT,Activité E&P,DP,GF,1937,4,11242.02,bbl,97604.83,mscf
TFT,Activité E&P,DP,GF,1937,5,1036.68,bbl,61718.5,mscf
TFT,Activité E&P,DP,GF,1937,6,12428.97,bbl,24419.13,mscf
TFT,Activité E&P,DP,GF,1937,7,44576.1,bbl,44821.8,mscf
TFT,Activité E&P,DP,GF,1937,8,33475.2,bbl,175149.6,mscf
TFT,Activité E&P,DP,GF,1937,9,10339.35,bbl,96309.36,mscf
TFT,Activité E&P,DP,GF,1937,10,21568.8,bbl,150338.33,mscf
TFT,Activité E&P,DP,GF,1937,11,40162.04,bbl,123084.89,mscf
TFT,Activité E&P,DP,GF,1937,12,24027.1,bbl,42911.1,mscf
TFT,Activité E&P,DP,GF,1938,1,15562.44,bbl,59788.17,mscf
TFT,Activité E&P,DP,GF,1938,2,35864.2,bbl,185630.68,mscf
TFT,Activité E&P,DP,GF,1938,3,31008.52,bbl,69016.33,mscf
TFT,Activité E&P,DP,GF,1938,4,47286.49,bbl,67701.0,mscf
TFT,Activité E&P,DP,GF,1938,5,44612.87,bbl,155639.29,mscf
TFT,Activité E&P,DP,GF,1938,6,48856.42,bbl,40657.63,mscf
TFT,Activité E&P,DP,GF,1938,7,28469.85,bbl,186757.61,mscf
TFT,Activité E&P,DP,GF,1938,8,46275.73,bbl,121958.05,mscf
TFT,Activité E&P,DP,GF,1938,9,1518.59,bbl,137216.19,mscf
TFT,Activité E&P,DP,GF,1938,10,41337.27,bbl,189016.53,mscf
TFT,Activité E&P,DP,GF,1938,11,47139.92,bbl,123270.55,mscf
TFT,Activité E&P,DP,GF,1938,12,20092.19,bbl,7909.6,mscf
TFT,Activité E&P,DP,GF,1939,1,21177.52,bbl,77196.14,mscf
TFT,Activité E&P,DP,GF,1939,2,11130.43,bbl,49357.31,mscf
TFT,Activité E&P,DP,GF,1939,3,46830.5,bbl,29791.0,mscf
TFT,Activité E&P,DP,GF,1939,4,44824.33,bbl,81842.24,mscf
TFT,Activité E&P,DP,GF,1939,5,36288.54,bbl,95204.8,mscf
TFT,Activité E&P,DP,GF,1939,6,10460.28,bbl,174881.24,mscf
TFT,Activité E&P,DP,GF,1939,7,34380.24,bbl,12061.18,mscf
TFT,Activité E&P,DP,GF,1939,8,20621.11,bbl,180709.35,mscf
TFT,Activité E&P,DP,GF,1939,9,22668.45,bbl,197373.6,mscf
TFT,Activité E&P,DP,GF,1939,10,43485.88,bbl,173406.0,mscf
TFT,Activité E&P,DP,GF,1939,11,24935.47,bbl,181656.35,mscf
TFT,Activité E&P,DP,GF,1939,12,47400.65,bbl,130683.57,mscf
TFT,Activité E&P,DP,GF,1940,1,45727.13,bbl,94133.77,mscf
TFT,Activité E&P,DP,GF,1940,2,1544.86,bbl,60638.69,mscf
TFT,Activité E&P,DP,GF,1940,3,21707.81,bbl,114744.73,mscf
TFT,Activité E&P,DP,GF,1940,4,6719.74,bbl,94460.47,mscf
TFT,Activité E&P,DP,GF,1940,5,49777.55,bbl,66126.14,mscf
TFT,Activité E&P,DP,GF,1940,6,21263.71,bbl,195522.12,mscf
TFT,Activité E&P,DP,GF,1940,7,5716.54,bbl,140365.15,mscf
TFT,Activité E&P,DP,GF,1940,8,4034.97,bbl,183998.09,mscf
TFT,Activité E&P,DP,GF,1940,9,35350.04,bbl,14080.83,mscf
TFT,Activité E&P,DP,GF,1940,10,26522.47,bbl,92500.01,mscf
TFT,Activité E&P,DP,GF,1940,11,46619.33,bbl,106569.64,mscf
TFT,Activité E&P,DP,GF,1940,12,31552.32,bbl,32280.36,mscf
TFT,Activité E&P,DP,GF,1941,1,41936.6,bbl,129198.32,mscf
TFT,Activité E&P,DP,GF,1941,2,25449.92,bbl,159688.02,mscf
TFT,Activité E&P,DP,GF,1941,3,19150.12,bbl,184736.76,mscf
TFT,Activité E&P,DP,GF,1941,4,9974.64,bbl,161584.31,mscf
TFT,Activité E&P,DP,GF,1941,5,33335.36,bbl,193120.44,mscf
TFT,Activité E&P,DP,GF,1941,6,23001.11,bbl,10408.2,mscf
TFT,Activité E&P,DP,GF,1941,7,42888.37,bbl,174989.8,mscf
TFT,Activité E&P,DP,GF,1941,8,37391.35,bbl,69949.31,mscf
TFT,Activité E&P,DP,GF,1941,9,43859.46,bbl,91911.94,mscf
TFT,Activité E&P,DP,GF,1941,10,46392.43,bbl,171037.42,mscf
TFT,Activité E&P,DP,GF,1941,11,24515.66,bbl,99174.51,mscf
TFT,Activité E&P,DP,GF,1941,12,48513.43,bbl,131546.32,mscf
TFT,Activité E&P,DP,GF,1942,1,31759.04,bbl,98434.3,mscf
TFT,Activité E&P,DP,GF,1942,2,49828.3,bbl,34634.37,mscf
TFT,Activité E&P,DP,GF,1942,3,19724.51,bbl,36240.61,mscf
TFT,Activité E&P,DP,GF,1942,4,22583.58,bbl,59208.25,mscf
TFT,Activité E&P,DP,GF,1942,5,21732.81,bbl,181664.0,mscf
TFT,Activité E&P,DP,GF,1942,6,14269.56,bbl,154334.51,mscf
TFT,Activité E&P,DP,GF,1942,7,18882.95,bbl,32112.99,mscf
TFT,Activité E&P,DP,GF,1942,8,46281.07,bbl,69527.12,mscf
TFT,Activité E&P,DP,GF,1942,9,33526.0,bbl,144522.44,mscf
TFT,Activité E&P,DP,GF,1942,10,11956.49,bbl,97716.41,mscf
TFT,Activité E&P,DP,GF,1942,11,39034.93,bbl,189530.19,mscf
TFT,Activité E&P,DP,GF,1942,12,3127.39,bbl,121428.36,mscf
TFT,Activité E&P,DP,GF,1943,1,11317.08,bbl,23947.13,mscf
TFT,Activité E&P,DP,GF,1943,2,37442.29,bbl,74530.16,mscf
TFT,Activité E&P,DP,GF,1943,3,4299.35,bbl,36653.06,mscf
TFT,Activité E&P,DP,GF,1943,4,17245.74,bbl,80942.28,mscf
TFT,Activité E&P,DP,GF,1943,5,20562.23,bbl,175280.9,mscf
TFT,Activité E&P,DP,GF,1943,6,25922.2,bbl,80501.07,mscf
TFT,Activité E&P,DP,GF,1943,7,1875.82,bbl,27128.49,mscf
TFT,Activité E&P,DP,GF,1943,8,45480.54,bbl,117356.5,mscf
TFT,Activité E&P,DP,GF,1943,9,1536.19,bbl,98972.76,mscf
TFT,Activité E&P,DP,GF,1943,10,10489.76,bbl,35733.55,mscf
TFT,Activité E&P,DP,GF,1943,11,23404.9,bbl,149323.24,mscf
TFT,Activité E&P,DP,GF,1943,12,35493.57,bbl,183261.12,mscf
TFT,Activité E&P,DP,GF,1944,1,17550.3,bbl,176808.33,mscf
TFT,Activité E&P,DP,GF,1944,2,33230.5,bbl,149071.34,mscf
TFT,Activité E&P,DP,GF,1944,3,42547.02,bbl,139436.64,mscf
TFT,Activité E&P,DP,GF,1944,4,27728.77,bbl,112740.51,mscf
TFT,Activité E&P,DP,GF,1944,5,31293.93,bbl,43624.96,mscf
TFT,Activité E&P,DP,GF,1944,6,5006.29,bbl,107444.48,mscf
TFT,Activité E&P,DP,GF,1944,7,1144.12,bbl,190970.1,mscf
TFT,Activité E&P,DP,GF,1944,8,4079.26,bbl,139323.78,mscf
TFT,Activité E&P,DP,GF,1944,9,19922.44,bbl,34619.75,mscf
TFT,Activité E&P,DP,GF,1944,10,2596.08,bbl,33618.32,mscf
TFT,Activité E&P,DP,GF,1944,11,21468.56,bbl,27621.54,mscf
TFT,Activité E&P,DP,GF,1944,12,28466.82,bbl,107435.77,mscf
TFT,Activité E&P,DP,GF,1945,1,19744.5,bbl,113458.68,mscf
TFT,Activité E&P,DP,GF,1945,2,15756.85,bbl,72228.71,mscf
TFT,Activité E&P,DP,GF,1945,3,41430.89,bbl,160404.07,mscf
TFT,Activité E&P,DP,GF,1945,4,14205.4,bbl,20766.77,mscf
TFT,Activité E&P,DP,GF,1945,5,16453.73,bbl,181721.8,mscf
TFT,Activité E&P,DP,GF,1945,6,39194.68,bbl,61603.89,mscf
TFT,Activité E&P,DP,GF,1945,7,49892.96,bbl,67775.17,mscf
TFT,Activité E&P,DP,GF,1945,8,12126.78,bbl,92790.39,mscf
TFT,Activité E&P,DP,GF,1945,9,22042.98,bbl,199490.46,mscf
TFT,Activité E&P,DP,GF,1945,10,49874.27,bbl,198901.89,mscf
TFT,Activité E&P,DP,GF,1945,11,36387.88,bbl,19085.1,mscf
TFT,Activité E&P,DP,GF,1945,12,38267.12,bbl,57438.91,mscf
TFT,Activité E&P,DP,GF,1946,1,34398.08,bbl,15468.86,mscf
TFT,Activité E&P,DP,GF,1946,2,37235.86,bbl,162901.6,mscf
TFT,Activité E&P,DP,GF,1946,3,1295.26,bbl,137935.91,mscf
TFT,Activité E&P,DP,GF,1946,4,49845.08,bbl,85031.23,mscf
TFT,Activité E&P,DP,GF,1946,5,28571.89,bbl,77808.25,mscf
TFT,Activité E&P,DP,GF,1946,6,26101.42,bbl,159568.01,mscf
TFT,Activité E&P,DP,GF,1946,7,32978.25,bbl,118764.3,mscf
TFT,Activité E&P,DP,GF,1946,8,43913.91,bbl,79784.34,mscf
TFT,Activité E&P,DP,GF,1946,9,7109.28,bbl,124771.5,mscf
TFT,Activité E&P,DP,GF,1946,10,2295.37,bbl,76664.41,mscf
TFT,Activité E&P,DP,GF,1946,11,1277.51,bbl,118301.16,mscf
TFT,Activité E&P,DP,GF,1946,12,15778.61,bbl,96533.67,mscf
TFT,Activité E&P,DP,GF,1947,1,15164.32,bbl,189272.94,mscf
TFT,Activité E&P,DP,GF,1947,2,27028.63,bbl,185679.76,mscf
TFT,Activité E&P,DP,GF,1947,3,22377.4,bbl,154159.91,mscf
TFT,Activité E&P,DP,GF,1947,4,25407.58,bbl,5703.99,mscf
TFT,Activité E&P,DP,GF,1947,5,4208.38,bbl,45875.08,mscf
TFT,Activité E&P,DP,GF,1947,6,33198.93,bbl,43455.37,mscf
TFT,Activité E&P,DP,GF,1947,7,32494.57,bbl,90298.43,mscf
TFT,Activité E&P,DP,GF,1947,8,39851.9,bbl,63223.57,mscf
TFT,Activité E&P,DP,GF,1947,9,4313.79,bbl,17932.06,mscf
TFT,Activité E&P,DP,GF,1947,10,49957.43,bbl,109688.56,mscf
TFT,Activité E&P,DP,GF,1947,11,29595.7,bbl,22144.1,mscf
TFT,Activité E&P,DP,GF,1947,12,37624.37,bbl,101382.67,mscf
TFT,Activité E&P,DP,GF,1948,1,41745.66,bbl,18527.76,mscf
TFT,Activité E&P,DP,GF,1948,2,24882.24,bbl,52067.29,mscf
TFT,Activité E&P,DP,GF,1948,3,27213.91,bbl,150698.2,mscf
TFT,Activité E&P,DP,GF,1948,4,36297.53,bbl,170029.29,mscf
TFT,Activité E&P,DP,GF,1948,5,4833.05,bbl,133279.67,mscf
TFT,Activité E&P,DP,GF,1948,6,13748.7,bbl,22061.04,mscf
TFT,Activité E&P,DP,GF,1948,7,11640.98,bbl,87174.24,mscf
TFT,Activité E&P,DP,GF,1948,8,4082.73,bbl,6276.67,mscf
TFT,Activité E&P,DP,GF,1948,9,42151.19,bbl,197745.08,mscf
TFT,Activité E&P,DP,GF,1948,10,16527.47,bbl,38161.26,mscf
TFT,Activité E&P,DP,GF,1948,11,24129.6,bbl,46891.36,mscf
TFT,Activité E&P,DP,GF,1948,12,9258.61,bbl,128980.9,mscf
TFT,Activité E&P,DP,GF,1949,1,4443.98,bbl,126535.28,mscf
TFT,Activité E&P,DP,GF,1949,2,36023.69,bbl,180879.64,mscf
TFT,Activité E&P,DP,GF,1949,3,21413.27,bbl,48455.45,mscf
TFT,Activité E&P,DP,GF,1949,4,32917.57,bbl,149662.01,mscf
TFT,Activité E&P,DP,GF,1949,5,7097.37,bbl,147133.94,mscf
TFT,Activité E&P,DP,GF,1949,6,32531.96,bbl,153559.71,mscf
TFT,Activité E&P,DP,GF,1949,7,35471.72,bbl,115527.05,mscf
TFT,Activité E&P,DP,GF,1949,8,31879.12,bbl,146040.01,mscf
TFT,Activité E&P,DP,GF,1949,9,39351.23,bbl,150834.86,mscf
TFT,Activité E&P,DP,GF,1949,10,47810.63,bbl,103393.29,mscf
TFT,Activité E&P,DP,GF,1949,11,26298.08,bbl,120537.23,mscf
TFT,Activité E&P,DP,GF,1949,12,28194.29,bbl,128079.46,mscf
HMD,Activité E&P,DP,OF,1900,1,4790.26,bbl,159861.12,mscf
HMD,Activité E&P,DP,OF,1900,2,43119.44,bbl,65848.01,mscf
HMD,Activité E&P,DP,OF,1900,3,47400.39,bbl,17314.01,mscf
HMD,Activité E&P,DP,OF,1900,4,21277.75,bbl,140653.65,mscf
HMD,Activité E&P,DP,OF,1900,5,35029.14,bbl,20501.78,mscf
HMD,Activité E&P,DP,OF,1900,6,6965.94,bbl,165230.81,mscf
HMD,Activité E&P,DP,OF,1900,7,5266.98,bbl,57917.35,mscf
HMD,Activité E&P,DP,OF,1900,8,9738.55,bbl,141255.25,mscf
HMD,Activité E&P,DP,OF,1900,9,2006.22,bbl,133538.88,mscf
HMD,Activité E&P,DP,OF,1900,10,38265.85,bbl,47511.94,mscf
HMD,Activité E&P,DP,OF,1900,11,30669.91,bbl,84930.65,mscf
HMD,Activité E&P,DP,OF,1900,12,15616.53,bbl,57297.85,mscf
HMD,Activité E&P,DP,OF,1901,1,46827.7,bbl,49570.29,mscf
HMD,Activité E&P,DP,OF,1901,2,21176.01,bbl,37156.34,mscf
HMD,Activité E&P,DP,OF,1901,3,29108.52,bbl,84032.79,mscf
HMD,Activité E&P,DP,OF,1901,4,29999.02,bbl,58638.45,mscf
HMD,Activité E&P,DP,OF,1901,5,5557.61,bbl,129375.79,mscf
HMD,Activité E&P,DP,OF,1901,6,1272.8,bbl,28593.23,mscf
HMD,Activité E&P,DP,OF,1901,7,32790.82,bbl,191355.32,mscf
HMD,Activité E&P,DP,OF,1901,8,4404.7,bbl,44598.04,mscf
HMD,Activité E&P,DP,OF,1901,9,15808.91,bbl,113845.39,mscf
HMD,Activité E&P,DP,OF,1901,10,48115.49,bbl,163549.46,mscf
HMD,Activité E&P,DP,OF,1901,11,38371.76,bbl,125105.79,mscf
HMD,Activité E&P,DP,OF,1901,12,30098.35,bbl,70569.28,mscf
HMD,Activité E&P,DP,OF,1902,1,10660.77,bbl,174392.36,mscf
HMD,Activité E&P,DP,OF,1902,2,28754.69,bbl,163219.73,mscf
HMD,Activité E&P,DP,OF,1902,3,44320.21,bbl,62902.37,mscf
HMD,Activité E&P,DP,OF,1902,4,3589.57,bbl,7364.58,mscf
HMD,Activité E&P,DP,OF,1902,5,9087.53,bbl,157021.27,mscf
HMD,Activité E&P,DP,OF,1902,6,30028.23,bbl,62730.97,mscf
HMD,Activité E&P,DP,OF,1902,7,16615.93,bbl,139349.99,mscf
HMD,Activité E&P,DP,OF,1902,8,19100.27,bbl,115667.13,mscf
HMD,Activité E&P,DP,OF,1902,9,22377.35,bbl,56738.82,mscf
HMD,Activité E&P,DP,OF,1902,10,4513.95,bbl,189757.87,mscf
HMD,Activité E&P,DP,OF,1902,11,22051.99,bbl,120560.21,mscf
HMD,Activité E&P,DP,OF,1902,12,2234.14,bbl,142900.74,mscf
HMD,Activité E&P,DP,OF,1903,1,8367.52,bbl,95614.63,mscf
HMD,Activité E&P,DP,OF,1903,2,47718.59,bbl,51442.91,mscf
HMD,Activité E&P,DP,OF,1903,3,31238.37,bbl,35104.49,mscf
HMD,Activité E&P,DP,OF,1903,4,30682.1,bbl,171922.81,mscf
HMD,Activité E&P,DP,OF,1903,5,18797.53,bbl,69209.49,mscf
HMD,Activité E&P,DP,OF,1903,6,27890.08,bbl,56788.47,mscf
HMD,Activité E&P,DP,OF,1903,7,4643.54,bbl,22867.08,mscf
HMD,Activité E&P,DP,OF,1903,8,20272.82,bbl,189279.1,mscf
HMD,Activité E&P,DP,OF,1903,9,8033.91,bbl,135463.58,mscf
HMD,Activité E&P,DP,OF,1903,10,48466.63,bbl,169261.19,mscf
HMD,Activité E&P,DP,OF,1903,11,40877.92,bbl,29702.2,mscf
HMD,Activité E&P,DP,OF,1903,12,7421.77,bbl,153531.73,mscf
HMD,Activité E&P,DP,OF,1904,1,49381.35,bbl,5752.92,mscf
HMD,Activité E&P,DP,OF,1904,2,37194.7,bbl,197440.62,mscf
HMD,Activité E&P,DP,OF,1904,3,49853.99,bbl,179837.31,mscf
HMD,Activité E&P,DP,OF,1904,4,33704.87,bbl,33647.41,mscf
HMD,Activité E&P,DP,OF,1904,5,45065.37,bbl,131213.16,mscf
HMD,Activité E&P,DP,OF,1904,6,23599.11,bbl,23930.94,mscf
HMD,Activité E&P,DP,OF,1904,7,5460.44,bbl,26710.87,mscf
HMD,Activité E&P,DP,OF,1904,8,20025.63,bbl,92147.33,mscf
HMD,Activité E&P,DP,OF,1904,9,5923.84,bbl,135402.55,mscf
HMD,Activité E&P,DP,OF,1904,10,6687.53,bbl,128447.26,mscf
HMD,Activité E&P,DP,OF,1904,11,22015.03,bbl,164132.43,mscf
HMD,Activité E&P,DP,OF,1904,12,45628.33,bbl,47951.06,mscf
HMD,Activité E&P,DP,OF,1905,1,42659.96,bbl,98564.34,mscf
HMD,Activité E&P,DP,OF,1905,2,25525.52,bbl,114515.36,mscf
HMD,Activité E&P,DP,OF,1905,3,16041.76,bbl,157207.69,mscf
HMD,Activité E&P,DP,OF,1905,4,14347.84,bbl,171422.89,mscf
HMD,Activité E&P,DP,OF,1905,5,6695.07,bbl,93888.8,mscf
HMD,Activité E&P,DP,OF,1905,6,22796.6,bbl,25538.35,mscf
HMD,Activité E&P,DP,OF,1905,7,33035.6,bbl,59700.28,mscf
HMD,Activité E&P,DP,OF,1905,8,15355.44,bbl,18818.92,mscf
HMD,Activité E&P,DP,OF,1905,9,29382.3,bbl,82811.36,mscf
HMD,Activité E&P,DP,OF,1905,10,31061.87,bbl,177298.76,mscf
HMD,Activité E&P,DP,OF,1905,11,22660.88,bbl,81623.11,mscf
HMD,Activité E&P,DP,OF,1905,12,8568.68,bbl,110505.57,mscf
HMD,Activité E&P,DP,OF,1906,1,37681.65,bbl,55300.8,mscf
HMD,Activité E&P,DP,OF,1906,2,47102.53,bbl,105088.69,mscf
HMD,Activité E&P,DP,OF,1906,3,49930.88,bbl,80631.66,mscf
HMD,Activité E&P,DP,OF,1906,4,13185.47,bbl,103802.47,mscf
HMD,Activité E&P,DP,OF,1906,5,14769.53,bbl,44749.25,mscf
HMD,Activité E&P,DP,OF,1906,6,1486.62,bbl,148214.32,mscf
HMD,Activité E&P,DP,OF,1906,7,21066.21,bbl,21500.33,mscf
HMD,Activité E&P,DP,OF,1906,8,19156.96,bbl,77655.66,mscf
HMD,Activité E&P,DP,OF,1906,9,47199.88,bbl,141993.56,mscf
HMD,Activité E&P,DP,OF,1906,10,22470.69,bbl,91301.3,mscf
HMD,Activité E&P,DP,OF,1906,11,9957.71,bbl,44416.7,mscf
HMD,Activité E&P,DP,OF,1906,12,31018.31,bbl,42148.91,mscf
HMD,Activité E&P,DP,OF,1907,1,48671.72,bbl,10744.97,mscf
HMD,Activité E&P,DP,OF,1907,2,41021.62,bbl,171961.43,mscf
HMD,Activité E&P,DP,OF,1907,3,31533.1,bbl,15902.79,mscf
HMD,Activité E&P,DP,OF,1907,4,3306.79,bbl,125576.96,mscf
HMD,Activité E&P,DP,OF,1907,5,10692.48,bbl,111912.48,mscf
HMD,Activité E&P,DP,OF,1907,6,49505.55,bbl,64735.45,mscf
HMD,Activité E&P,DP,OF,1907,7,1445.43,bbl,103659.15,mscf
HMD,Activité E&P,DP,OF,1907,8,34843.46,bbl,45902.03,mscf
HMD,Activité E&P,DP,OF,1907,9,29841.67,bbl,158783.88,mscf
HMD,Activité E&P,DP,OF,1907,10,49812.09,bbl,98562.79,mscf
HMD,Activité E&P,DP,OF,1907,11,44816.55,bbl,64102.4,mscf
HMD,Activité E&P,DP,OF,1907,12,33191.88,bbl,155255.1,mscf
HMD,Activité E&P,DP,OF,1908,1,41694.48,bbl,64293.92,mscf
HMD,Activité E&P,DP,OF,1908,2,31473.76,bbl,145260.67,mscf
HMD,Activité E&P,DP,OF,1908,3,42735.64,bbl,149084.07,mscf
HMD,Activité E&P,DP,OF,1908,4,16187.69,bbl,77661.78,mscf
HMD,Activité E&P,DP,OF,1908,5,18099.94,bbl,195530.0,mscf
HMD,Activité E&P,DP,OF,1908,6,38428.37,bbl,122400.29,mscf
HMD,Activité E&P,DP,OF,1908,7,24633.66,bbl,75621.99,mscf
HMD,Activité E&P,DP,OF,1908,8,10319.09,bbl,81771.79,mscf
HMD,Activité E&P,DP,OF,1908,9,46538.49,bbl,186796.25,mscf
HMD,Activité E&P,DP,OF,1908,10,6604.7,bbl,143138.03,mscf
HMD,Activité E&P,DP,OF,1908,11,33100.23,bbl,189213.94,mscf
HMD,Activité E&P,DP,OF,1908,12,39548.3,bbl,149470.56,mscf
HMD,Activité E&P,DP,OF,1909,1,17594.93,bbl,192173.24,mscf
HMD,Activité E&P,DP,OF,1909,2,38230.39,bbl,127994.02,mscf
HMD,Activité E&P,DP,OF,1909,3,13704.28,bbl,57506.12,mscf
HMD,Activité E&P,DP,OF,1909,4,3369.17,bbl,94423.1,mscf
HMD,Activité E&P,DP,OF,1909,5,8894.03,bbl,183244.7,mscf
HMD,Activité E&P,DP,OF,1909,6,27700.12,bbl,160861.41,mscf
HMD,Activité E&P,DP,OF,1909,7,8257.97,bbl,82407.14,mscf
HMD,Activité E&P,DP,OF,1909,8,7199.13,bbl,100878.92,mscf
HMD,Activité E&P,DP,OF,1909,9,43573.1,bbl,49081.7,mscf
HMD,Activité E&P,DP,OF,1909,10,28939.08,bbl,93861.96,mscf
HMD,Activité E&P,DP,OF,1909,11,42898.81,bbl,164752.6,mscf
HMD,Activité E&P,DP,OF,1909,12,2649.29,bbl,140279.82,mscf
HMD,Activité E&P,DP,OF,1910,1,7634.4,bbl,161852.98,mscf
HMD,Activité E&P,DP,OF,1910,2,28064.66,bbl,69212.74,mscf
HMD,Activité E&P,DP,OF,1910,3,35226.63,bbl,101707.12,mscf
HMD,Activité E&P,DP,OF,1910,4,45734.87,bbl,137625.05,mscf
HMD,Activité E&P,DP,OF,1910,5,30352.0,bbl,152794.52,mscf
HMD,Activité E&P,DP,OF,1910,6,49903.68,bbl,53757.77,mscf
HMD,Activité E&P,DP,OF,1910,7,34562.26,bbl,174084.01,mscf
HMD,Activité E&P,DP,OF,1910,8,38804.73,bbl,70623.07,mscf
HMD,Activité E&P,DP,OF,1910,9,7515.86,bbl,184319.83,mscf
HMD,Activité E&P,DP,OF,1910,10,49804.73,bbl,177693.75,mscf
HMD,Activité E&P,DP,OF,1910,11,31577.65,bbl,53070.82,mscf
HMD,Activité E&P,DP,OF,1910,12,8413.82,bbl,16950.45,mscf
HMD,Activité E&P,DP,OF,1911,1,34389.42,bbl,53150.26,mscf
HMD,Activité E&P,DP,OF,1911,2,35364.76,bbl,165623.64,mscf
HMD,Activité E&P,DP,OF,1911,3,15452.01,bbl,37904.62,mscf
HMD,Activité E&P,DP,OF,1911,4,36924.08,bbl,147982.93,mscf
HMD,Activité E&P,DP,OF,1911,5,9857.34,bbl,37293.9,mscf
HMD,Activité E&P,DP,OF,1911,6,30282.5,bbl,86762.01,mscf
HMD,Activité E&P,DP,OF,1911,7,3398.9,bbl,53562.06,mscf
HMD,Activité E&P,DP,OF,1911,8,16857.34,bbl,193267.45,mscf
HMD,Activité E&P,DP,OF,1911,9,2189.9,bbl,131047.3,mscf
HMD,Activité E&P,DP,OF,1911,10,8567.13,bbl,94340.56,mscf
HMD,Activité E&P,DP,OF,1911,11,14109.21,bbl,78246.23,mscf
HMD,Activité E&P,DP,OF,1911,12,42153.92,bbl,75584.76,mscf
HMD,Activité E&P,DP,OF,1912,1,27613.98,bbl,160655.11,mscf
HMD,Activité E&P,DP,OF,1912,2,8695.21,bbl,8924.4,mscf
HMD,Activité E&P,DP,OF,1912,3,27755.42,bbl,189305.81,mscf
HMD,Activité E&P,DP,OF,1912,4,1910.51,bbl,18682.49,mscf
HMD,Activité E&P,DP,OF,1912,5,44150.76,bbl,86082.22,mscf
HMD,Activité E&P,DP,OF,1912,6,13726.02,bbl,84133.52,mscf
HMD,Activité E&P,DP,OF,1912,7,43495.85,bbl,19533.54,mscf
HMD,Activité E&P,DP,OF,1912,8,12685.75,bbl,83415.26,mscf
HMD,Activité E&P,DP,OF,1912,9,24434.94,bbl,53242.05,mscf
HMD,Activité E&P,DP,OF,1912,10,19457.07,bbl,78730.85,mscf
HMD,Activité E&P,DP,OF,1912,11,6829.08,bbl,38049.11,mscf
HMD,Activité E&P,DP,OF,1912,12,8165.57,bbl,185510.17,mscf
HMD,Activité E&P,DP,OF,1913,1,4934.94,bbl,195767.85,mscf
HMD,Activité E&P,DP,OF,1913,2,4770.98,bbl,5008.25,mscf
HMD,Activité E&P,DP,OF,1913,3,31147.77,bbl,89637.31,mscf
HMD,Activité E&P,DP,OF,1913,4,11234.24,bbl,176263.9,mscf
HMD,Activité E&P,DP,OF,1913,5,19367.82,bbl,87494.08,mscf
HMD,Activité E&P,DP,OF,1913,6,36868.51,bbl,59570.86,mscf
HMD,Activité E&P,DP,OF,1913,7,20867.01,bbl,49855.9,mscf
HMD,Activité E&P,DP,OF,1913,8,19460.6,bbl,53902.84,mscf
HMD,Activité E&P,DP,OF,1913,9,45823.76,bbl,145831.25,mscf
HMD,Activité E&P,DP,OF,1913,10,47418.92,bbl,51128.54,mscf
HMD,Activité E&P,DP,OF,1913,11,39580.28,bbl,30423.35,mscf
HMD,Activité E&P,DP,OF,1913,12,14514.75,bbl,159125.82,mscf
HMD,Activité E&P,DP,OF,1914,1,35091.13,bbl,6986.25,mscf
HMD,Activité E&P,DP,OF,1914,2,38680.98,bbl,113248.31,mscf
HMD,Activité E&P,DP,OF,1914,3,39635.33,bbl,165237.51,mscf
HMD,Activité E&P,DP,OF,1914,4,31828.38,bbl,141736.5,mscf
HMD,Activité E&P,DP,OF,1914,5,44355.04,bbl,197216.1,mscf
HMD,Activité E&P,DP,OF,1914,6,23878.76,bbl,91923.19,mscf
HMD,Activité E&P,DP,OF,1914,7,27705.66,bbl,15588.11,mscf
HMD,Activité E&P,DP,OF,1914,8,35978.6,bbl,176587.31,mscf
HMD,Activité E&P,DP,OF,1914,9,14120.97,bbl,123198.36,mscf
HMD,Activité E&P,DP,OF,1914,10,42702.71,bbl,26986.0,mscf
HMD,Activité E&P,DP,OF,1914,11,38586.82,bbl,163797.98,mscf
HMD,Activité E&P,DP,OF,1914,12,46592.87,bbl,179261.77,mscf
HMD,Activité E&P,DP,OF,1915,1,47092.89,bbl,7831.02,mscf
HMD,Activité E&P,DP,OF,1915,2,5692.22,bbl,153685.74,mscf
HMD,Activité E&P,DP,OF,1915,3,4465.82,bbl,50221.92,mscf
HMD,Activité E&P,DP,OF,1915,4,48159.44,bbl,110315.66,mscf
HMD,Activité E&P,DP,OF,1915,5,31399.66,bbl,116187.67,mscf
HMD,Activité E&P,DP,OF,1915,6,9119.95,bbl,97925.11,mscf
HMD,Activité E&P,DP,OF,1915,7,11994.08,bbl,146539.16,mscf
HMD,Activité E&P,DP,OF,1915,8,32331.35,bbl,100195.72,mscf
HMD,Activité E&P,DP,OF,1915,9,18801.53,bbl,60421.17,mscf
HMD,Activité E&P,DP,OF,1915,10,44942.24,bbl,168509.53,mscf
HMD,Activité E&P,DP,OF,1915,11,1740.8,bbl,112429.61,mscf
HMD,Activité E&P,DP,OF,1915,12,15204.84,bbl,167530.39,mscf
HMD,Activité E&P,DP,OF,1916,1,26857.84,bbl,84579.08,mscf
HMD,Activité E&P,DP,OF,1916,2,3523.42,bbl,120928.41,mscf
HMD,Activité E&P,DP,OF,1916,3,3470.43,bbl,100744.71,mscf
HMD,Activité E&P,DP,OF,1916,4,32313.9,bbl,121784.3,mscf
HMD,Activité E&P,DP,OF,1916,5,31229.32,bbl,54311.61,mscf
HMD,Activité E&P,DP,OF,1916,6,17003.38,bbl,95629.07,mscf
HMD,Activité E&P,DP,OF,1916,7,28331.74,bbl,6782.34,mscf
HMD,Activité E&P,DP,OF,1916,8,44438.18,bbl,99795.92,mscf
HMD,Activité E&P,DP,OF,1916,9,2323.45,bbl,106098.36,mscf
HMD,Activité E&P,DP,OF,1916,10,34558.41,bbl,68567.71,mscf
HMD,Activité E&P,DP,OF,1916,11,2056.16,bbl,198953.75,mscf
HMD,Activité E&P,DP,OF,1916,12,3264.8,bbl,154931.72,mscf
HMD,Activité E&P,DP,OF,1917,1,42894.18,bbl,11332.21,mscf
HMD,Activité E&P,DP,OF,1917,2,44010.24,bbl,14953.6,mscf
HMD,Activité E&P,DP,OF,1917,3,17658.28,bbl,53608.99,mscf
HMD,Activité E&P,DP,OF,1917,4,48803.12,bbl,161269.56,mscf
HMD,Activité E&P,DP,OF,1917,5,37885.03,bbl,116428.93,mscf
HMD,Activité E&P,DP,OF,1917,6,38647.01,bbl,57143.39,mscf
HMD,Activité E&P,DP,OF,1917,7,20335.93,bbl,78031.56,mscf
HMD,Activité E&P,DP,OF,1917,8,11042.45,bbl,134439.36,mscf
HMD,Activité E&P,DP,OF,1917,9,16064.3,bbl,129322.49,mscf
HMD,Activité E&P,DP,OF,1917,10,49766.7,bbl,9907.7,mscf
HMD,Activité E&P,DP,OF,1917,11,47227.15,bbl,96548.48,mscf
HMD,Activité E&P,DP,OF,1917,12,47495.13,bbl,120493.09,mscf
HMD,Activité E&P,DP,OF,1918,1,2259.76,bbl,62151.74,mscf
HMD,Activité E&P,DP,OF,1918,2,10469.88,bbl,144017.7,mscf
HMD,Activité E&P,DP,OF,1918,3,40370.43,bbl,112458.71,mscf
HMD,Activité E&P,DP,OF,1918,4,33253.96,bbl,173329.07,mscf
HMD,Activité E&P,DP,OF,1918,5,41985.67,bbl,174122.71,mscf
HMD,Activité E&P,DP,OF,1918,6,17268.16,bbl,36052.12,mscf
HMD,Activité E&P,DP,OF,1918,7,30130.23,bbl,80292.61,mscf
HMD,Activité E&P,DP,OF,1918,8,16899.37,bbl,125615.71,mscf
HMD,Activité E&P,DP,OF,1918,9,15721.6,bbl,108943.22,mscf
HMD,Activité E&P,DP,OF,1918,10,19794.37,bbl,125516.28,mscf
HMD,Activité E&P,DP,OF,1918,11,37286.65,bbl,70166.75,mscf
HMD,Activité E&P,DP,OF,1918,12,32702.76,bbl,64907.1,mscf
HMD,Activité E&P,DP,OF,1919,1,36869.55,bbl,59557.21,mscf
HMD,Activité E&P,DP,OF,1919,2,4504.1,bbl,14567.34,mscf
HMD,Activité E&P,DP,OF,1919,3,15414.42,bbl,173247.39,mscf
HMD,Activité E&P,DP,OF,1919,4,27473.8,bbl,51175.8,mscf
HMD,Activité E&P,DP,OF,1919,5,38392.82,bbl,139574.95,mscf
HMD,Activité E&P,DP,OF,1919,6,3815.46,bbl,157499.11,mscf
HMD,Activité E&P,DP,OF,1919,7,7363.45,bbl,180398.22,mscf
HMD,Activité E&P,DP,OF,1919,8,20992.32,bbl,96604.86,mscf
HMD,Activité E&P,DP,OF,1919,9,7905.93,bbl,28625.69,mscf
HMD,Activité E&P,DP,OF,1919,10,15675.05,bbl,88740.54,mscf
HMD,Activité E&P,DP,OF,1919,11,25971.26,bbl,106373.98,mscf
HMD,Activité E&P,DP,OF,1919,12,18377.04,bbl,76942.85,mscf
HMD,Activité E&P,DP,OF,1920,1,19723.83,bbl,175058.04,mscf
HMD,Activité E&P,DP,OF,1920,2,28720.96,bbl,33675.97,mscf
HMD,Activité E&P,DP,OF,1920,3,19382.43,bbl,135787.25,mscf
HMD,Activité E&P,DP,OF,1920,4,44448.59,bbl,147766.22,mscf
HMD,Activité E&P,DP,OF,1920,5,40507.9,bbl,75846.58,mscf
HMD,Activité E&P,DP,OF,1920,6,10106.51,bbl,62394.09,mscf
HMD,Activité E&P,DP,OF,1920,7,34004.31,bbl,162482.44,mscf
HMD,Activité E&P,DP,OF,1920,8,33676.32,bbl,87144.56,mscf
HMD,Activité E&P,DP,OF,1920,9,48480.29,bbl,194709.41,mscf
HMD,Activité E&P,DP,OF,1920,10,23270.84,bbl,146385.16,mscf
HMD,Activité E&P,DP,OF,1920,11,17288.6,bbl,63992.6,mscf
HMD,Activité E&P,DP,OF,1920,12,14663.89,bbl,34062.75,mscf
HMD,Activité E&P,DP,OF,1921,1,16927.68,bbl,44779.86,mscf
HMD,Activité E&P,DP,OF,1921,2,2159.44,bbl,61192.96,mscf
HMD,Activité E&P,DP,OF,1921,3,13655.2,bbl,34076.83,mscf
HMD,Activité E&P,DP,OF,1921,4,44070.01,bbl,68792.57,mscf
HMD,Activité E&P,DP,OF,1921,5,32668.42,bbl,71945.61,mscf
HMD,Activité E&P,DP,OF,1921,6,23100.47,bbl,127573.55,mscf
HMD,Activité E&P,DP,OF,1921,7,28554.56,bbl,68873.3,mscf
HMD,Activité E&P,DP,OF,1921,8,6155.48,bbl,8721.38,mscf
HMD,Activité E&P,DP,OF,1921,9,39042.64,bbl,44192.57,mscf
HMD,Activité E&P,DP,OF,1921,10,3741.2,bbl,118891.14,mscf
HMD,Activité E&P,DP,OF,1921,11,49854.47,bbl,187151.05,mscf
HMD,Activité E&P,DP,OF,1921,12,25652.59,bbl,129167.73,mscf
HMD,Activité E&P,DP,OF,1922,1,8367.19,bbl,98304.01,mscf
HMD,Activité E&P,DP,OF,1922,2,2046.01,bbl,87281.77,mscf
HMD,Activité E&P,DP,OF,1922,3,37393.71,bbl,134034.84,mscf
HMD,Activité E&P,DP,OF,1922,4,35228.8,bbl,97509.01,mscf
HMD,Activité E&P,DP,OF,1922,5,45626.6,bbl,194467.95,mscf
HMD,Activité E&P,DP,OF,1922,6,11490.13,bbl,97778.65,mscf
HMD,Activité E&P,DP,OF,1922,7,33866.85,bbl,52656.08,mscf
HMD,Activité E&P,DP,OF,1922,8,45626.5,bbl,129219.78,mscf
HMD,Activité E&P,DP,OF,1922,9,10914.28,bbl,35987.57,mscf
HMD,Activité E&P,DP,OF,1922,10,38241.78,bbl,14582.13,mscf
HMD,Activité E&P,DP,OF,1922,11,47909.96,bbl,62224.14,mscf
HMD,Activité E&P,DP,OF,1922,12,31790.68,bbl,86577.56,mscf
HMD,Activité E&P,DP,OF,1923,1,33652.8,bbl,109381.92,mscf
HMD,Activité E&P,DP,OF,1923,2,24250.84,bbl,197410.13,mscf
HMD,Activité E&P,DP,OF,1923,3,27730.07,bbl,22106.05,mscf
HMD,Activité E&P,DP,OF,1923,4,1543.28,bbl,129708.01,mscf
HMD,Activité E&P,DP,OF,1923,5,33151.93,bbl,93668.38,mscf
HMD,Activité E&P,DP,OF,1923,6,2564.37,bbl,12131.43,mscf
HMD,Activité E&P,DP,OF,1923,7,1432.81,bbl,90864.54,mscf
HMD,Activité E&P,DP,OF,1923,8,37551.28,bbl,109154.09,mscf
HMD,Activité E&P,DP,OF,1923,9,41621.04,bbl,171112.81,mscf
HMD,Activité E&P,DP,OF,1923,10,20925.85,bbl,140154.14,mscf
HMD,Activité E&P,DP,OF,1923,11,46859.94,bbl,77494.21,mscf
HMD,Activité E&P,DP,OF,1923,12,2913.73,bbl,63682.3,mscf
HMD,Activité E&P,DP,OF,1924,1,34527.12,bbl,142322.04,mscf
HMD,Activité E&P,DP,OF,1924,2,28306.95,bbl,51164.23,mscf
HMD,Activité E&P,DP,OF,1924,3,13354.58,bbl,184847.04,mscf
HMD,Activité E&P,DP,OF,1924,4,38252.99,bbl,85585.77,mscf
HMD,Activité E&P,DP,OF,1924,5,47369.2,bbl,39075.07,mscf
HMD,Activité E&P,DP,OF,1924,6,28011.37,bbl,197271.46,mscf
HMD,Activité E&P,DP,OF,1924,7,31187.51,bbl,155043.18,mscf
HMD,Activité E&P,DP,OF,1924,8,7329.61,bbl,174804.52,mscf
HMD,Activité E&P,DP,OF,1924,9,6130.11,bbl,159417.39,mscf
HMD,Activité E&P,DP,OF,1924,10,28513.91,bbl,64430.41,mscf
HMD,Activité E&P,DP,OF,1924,11,38686.51,bbl,153653.99,mscf
HMD,Activité E&P,DP,OF,1924,12,45436.12,bbl,101506.58,mscf
HMD,Activité E&P,DP,OF,1925,1,13425.55,bbl,149311.47,mscf
HMD,Activité E&P,DP,OF,1925,2,49886.42,bbl,125613.66,mscf
HMD,Activité E&P,DP,OF,1925,3,20525.1,bbl,173339.2,mscf
HMD,Activité E&P,DP,OF,1925,4,21223.41,bbl,157382.91,mscf
HMD,Activité E&P,DP,OF,1925,5,24435.4,bbl,143619.38,mscf
HMD,Activité E&P,DP,OF,1925,6,6240.44,bbl,55683.44,mscf
HMD,Activité E&P,DP,OF,1925,7,34586.31,bbl,125619.6,mscf
HMD,Activité E&P,DP,OF,1925,8,9428.06,bbl,8099.8,mscf
HMD,Activité E&P,DP,OF,1925,9,23170.85,bbl,117386.46,mscf
HMD,Activité E&P,DP,OF,1925,10,31823.91,bbl,180283.31,mscf
HMD,Activité E&P,DP,OF,1925,11,28729.98,bbl,191010.71,mscf
HMD,Activité E&P,DP,OF,1925,12,36880.13,bbl,33934.69,mscf
HMD,Activité E&P,DP,OF,1926,1,30172.22,bbl,188668.42,mscf
HMD,Activité E&P,DP,OF,1926,2,43900.15,bbl,93442.83,mscf
HMD,Activité E&P,DP,OF,1926,3,31132.27,bbl,115727.39,mscf
HMD,Activité E&P,DP,OF,1926,4,42622.61,bbl,73977.14,mscf
HMD,Activité E&P,DP,OF,1926,5,49409.09,bbl,71180.37,mscf
HMD,Activité E&P,DP,OF,1926,6,16058.87,bbl,18416.88,mscf
HMD,Activité E&P,DP,OF,1926,7,48185.48,bbl,46804.3,mscf
HMD,Activité E&P,DP,OF,1926,8,38292.94,bbl,137329.8,mscf
HMD,Activité E&P,DP,OF,1926,9,41504.14,bbl,175751.59,mscf
HMD,Activité E&P,DP,OF,1926,10,22680.06,bbl,23319.45,mscf
HMD,Activité E&P,DP,OF,1926,11,14809.58,bbl,108252.9,mscf
HMD,Activité E&P,DP,OF,1926,12,17265.14,bbl,67250.27,mscf
HMD,Activité E&P,DP,OF,1927,1,15660.58,bbl,175766.75,mscf
HMD,Activité E&P,DP,OF,1927,2,6301.31,bbl,146389.38,mscf
HMD,Activité E&P,DP,OF,1927,3,45805.68,bbl,92865.74,mscf
HMD,Activité E&P,DP,OF,1927,4,33907.25,bbl,141104.53,mscf
HMD,Activité E&P,DP,OF,1927,5,32035.46,bbl,102722.99,mscf
HMD,Activité E&P,DP,OF,1927,6,20277.17,bbl,17302.44,mscf
HMD,Activité E&P,DP,OF,1927,7,25981.31,bbl,182431.12,mscf
HMD,Activité E&P,DP,OF,1927,8,5463.61,bbl,83458.55,mscf
HMD,Activité E&P,DP,OF,1927,9,34323.82,bbl,64582.08,mscf
HMD,Activité E&P,DP,OF,1927,10,10501.26,bbl,129642.65,mscf
HMD,Activité E&P,DP,OF,1927,11,20832.35,bbl,62061.12,mscf
HMD,Activité E&P,DP,OF,1927,12,19494.25,bbl,199639.74,mscf
HMD,Activité E&P,DP,OF,1928,1,23774.96,bbl,79157.93,mscf
HMD,Activité E&P,DP,OF,1928,2,40475.8,bbl,173583.94,mscf
HMD,Activité E&P,DP,OF,1928,3,20340.44,bbl,132387.39,mscf
HMD,Activité E&P,DP,OF,1928,4,16317.56,bbl,180089.37,mscf
HMD,Activité E&P,DP,OF,1928,5,14868.61,bbl,133780.14,mscf
HMD,Activité E&P,DP,OF,1928,6,21747.34,bbl,195091.4,mscf
HMD,Activité E&P,DP,OF,1928,7,36908.02,bbl,112375.76,mscf
HMD,Activité E&P,DP,OF,1928,8,39482.76,bbl,98115.4,mscf
HMD,Activité E&P,DP,OF,1928,9,40096.53,bbl,164064.12,mscf
HMD,Activité E&P,DP,OF,1928,10,46955.3,bbl,104165.35,mscf
HMD,Activité E&P,DP,OF,1928,11,8322.21,bbl,26508.78,mscf
HMD,Activité E&P,DP,OF,1928,12,19685.06,bbl,97818.16,mscf
HMD,Activité E&P,DP,OF,1929,1,40483.4,bbl,33646.23,mscf
HMD,Activité E&P,DP,OF,1929,2,19906.12,bbl,101966.13,mscf
HMD,Activité E&P,DP,OF,1929,3,33170.61,bbl,63380.89,mscf
HMD,Activité E&P,DP,OF,1929,4,7743.91,bbl,23575.26,mscf
HMD,Activité E&P,DP,OF,1929,5,32987.3,bbl,164579.48,mscf
HMD,Activité E&P,DP,OF,1929,6,10932.68,bbl,64447.8,mscf
HMD,Activité E&P,DP,OF,1929,7,32007.63,bbl,148294.98,mscf
HMD,Activité E&P,DP,OF,1929,8,15887.11,bbl,123101.33,mscf
HMD,Activité E&P,DP,OF,1929,9,4126.25,bbl,79114.66,mscf
HMD,Activité E&P,DP,OF,1929,10,35873.63,bbl,36746.58,mscf
HMD,Activité E&P,DP,OF,1929,11,23564.95,bbl,100420.31,mscf
HMD,Activité E&P,DP,OF,1929,12,29328.71,bbl,190877.79,mscf
HMD,Activité E&P,DP,OF,1930,1,38278.83,bbl,161449.97,mscf
HMD,Activité E&P,DP,OF,1930,2,1047.61,bbl,5218.45,mscf
HMD,Activité E&P,DP,OF,1930,3,16487.19,bbl,119080.98,mscf
HMD,Activité E&P,DP,OF,1930,4,8238.13,bbl,102731.19,mscf
HMD,Activité E&P,DP,OF,1930,5,4555.57,bbl,35571.83,mscf
HMD,Activité E&P,DP,OF,1930,6,16559.41,bbl,79900.35,mscf
HMD,Activité E&P,DP,OF,1930,7,20903.79,bbl,48653.74,mscf
HMD,Activité E&P,DP,OF,1930,8,22709.71,bbl,57704.03,mscf
HMD,Activité E&P,DP,OF,1930,9,36532.18,bbl,168042.53,mscf
HMD,Activité E&P,DP,OF,1930,10,47780.47,bbl,163240.92,mscf
HMD,Activité E&P,DP,OF,1930,11,28124.49,bbl,124855.03,mscf
HMD,Activité E&P,DP,OF,1930,12,28790.36,bbl,67657.51,mscf
HMD,Activité E&P,DP,OF,1931,1,6399.74,bbl,100514.2,mscf
HMD,Activité E&P,DP,OF,1931,2,49896.14,bbl,32729.33,mscf
HMD,Activité E&P,DP,OF,1931,3,46613.44,bbl,59382.68,mscf
HMD,Activité E&P,DP,OF,1931,4,6180.73,bbl,180133.96,mscf
HMD,Activité E&P,DP,OF,1931,5,49729.62,bbl,180940.2,mscf
HMD,Activité E&P,DP,OF,1931,6,13354.12,bbl,10429.82,mscf
HMD,Activité E&P,DP,OF,1931,7,7296.69,bbl,108296.46,mscf
HMD,Activité E&P,DP,OF,1931,8,31275.5,bbl,101782.97,mscf
HMD,Activité E&P,DP,OF,1931,9,25841.03,bbl,87214.0,mscf
HMD,Activité E&P,DP,OF,1931,10,16080.71,bbl,136473.97,mscf
HMD,Activité E&P,DP,OF,1931,11,5913.96,bbl,169731.13,mscf
HMD,Activité E&P,DP,OF,1931,12,25881.88,bbl,61015.94,mscf
HMD,Activité E&P,DP,OF,1932,1,20844.4,bbl,29863.16,mscf
HMD,Activité E&P,DP,OF,1932,2,5564.94,bbl,163689.0,mscf
HMD,Activité E&P,DP,OF,1932,3,43011.96,bbl,112374.4,mscf
HMD,Activité E&P,DP,OF,1932,4,20653.92,bbl,80951.84,mscf
HMD,Activité E&P,DP,OF,1932,5,42883.57,bbl,143715.82,mscf
HMD,Activité E&P,DP,OF,1932,6,17167.26,bbl,130737.0,mscf
HMD,Activité E&P,DP,OF,1932,7,12078.78,bbl,15635.19,mscf
HMD,Activité E&P,DP,OF,1932,8,40895.7,bbl,167264.01,mscf
HMD,Activité E&P,DP,OF,1932,9,29356.16,bbl,25832.79,mscf
HMD,Activité E&P,DP,OF,1932,10,6542.24,bbl,177920.01,mscf
HMD,Activité E&P,DP,OF,1932,11,10492.59,bbl,197831.94,mscf
HMD,Activité E&P,DP,OF,1932,12,23599.89,bbl,34025.77,mscf
HMD,Activité E&P,DP,OF,1933,1,17483.89,bbl,146860.49,mscf
HMD,Activité E&P,DP,OF,1933,2,3213.15,bbl,13200.43,mscf
HMD,Activité E&P,DP,OF,1933,3,9708.96,bbl,150539.09,mscf
HMD,Activité E&P,DP,OF,1933,4,4527.33,bbl,36343.19,mscf
HMD,Activité E&P,DP,OF,1933,5,32601.26,bbl,105440.02,mscf
HMD,Activité E&P,DP,OF,1933,6,25512.67,bbl,196398.84,mscf
HMD,Activité E&P,DP,OF,1933,7,25417.5,bbl,180487.9,mscf
HMD,Activité E&P,DP,OF,1933,8,39841.17,bbl,141945.19,mscf
HMD,Activité E&P,DP,OF,1933,9,15344.42,bbl,27195.3,mscf
HMD,Activité E&P,DP,OF,1933,10,47950.72,bbl,25099.63,mscf
HMD,Activité E&P,DP,OF,1933,11,44767.45,bbl,109175.61,mscf
HMD,Activité E&P,DP,OF,1933,12,37107.53,bbl,41855.72,mscf
HMD,Activité E&P,DP,OF,1934,1,18310.0,bbl,123577.96,mscf
HMD,Activité E&P,DP,OF,1934,2,34633.94,bbl,108167.26,mscf
HMD,Activité E&P,DP,OF,1934,3,23104.71,bbl,26014.67,mscf
HMD,Activité E&P,DP,OF,1934,4,45655.32,bbl,79197.03,mscf
HMD,Activité E&P,DP,OF,1934,5,15220.88,bbl,16088.08,mscf
HMD,Activité E&P,DP,OF,1934,6,13281.56,bbl,190066.86,mscf
HMD,Activité E&P,DP,OF,1934,7,45924.61,bbl,66419.7,mscf
HMD,Activité E&P,DP,OF,1934,8,20984.66,bbl,109389.69,mscf
HMD,Activité E&P,DP,OF,1934,9,10116.58,bbl,174794.87,mscf
HMD,Activité E&P,DP,OF,1934,10,49587.16,bbl,162410.41,mscf
HMD,Activité E&P,DP,OF,1934,11,33194.84,bbl,107346.31,mscf
HMD,Activité E&P,DP,OF,1934,12,7764.39,bbl,98171.73,mscf
HMD,Activité E&P,DP,OF,1935,1,14272.48,bbl,28465.1,mscf
HMD,Activité E&P,DP,OF,1935,2,3414.66,bbl,138501.04,mscf
HMD,Activité E&P,DP,OF,1935,3,38636.38,bbl,158170.73,mscf
HMD,Activité E&P,DP,OF,1935,4,46359.82,bbl,114549.66,mscf
HMD,Activité E&P,DP,OF,1935,5,28299.3,bbl,82138.5,mscf
HMD,Activité E&P,DP,OF,1935,6,13726.74,bbl,28198.45,mscf
HMD,Activité E&P,DP,OF,1935,7,47971.68,bbl,128082.24,mscf
HMD,Activité E&P,DP,OF,1935,8,29806.99,bbl,102055.53,mscf
HMD,Activité E&P,DP,OF,1935,9,32966.14,bbl,177824.62,mscf
HMD,Activité E&P,DP,OF,1935,10,14575.65,bbl,20700.12,mscf
HMD,Activité E&P,DP,OF,1935,11,40620.58,bbl,176926.34,mscf
HMD,Activité E&P,DP,OF,1935,12,5126.61,bbl,164080.72,mscf
HMD,Activité E&P,DP,OF,1936,1,38594.39,bbl,44196.82,mscf
HMD,Activité E&P,DP,OF,1936,2,40571.78,bbl,39344.26,mscf
HMD,Activité E&P,DP,OF,1936,3,30477.42,bbl,144261.04,mscf
HMD,Activité E&P,DP,OF,1936,4,1203.1,bbl,158966.96,mscf
HMD,Activité E&P,DP,OF,1936,5,14046.18,bbl,183022.97,mscf
HMD,Activité E&P,DP,OF,1936,6,24903.8,bbl,66754.63,mscf
HMD,Activité E&P,DP,OF,1936,7,13491.13,bbl,77721.49,mscf
HMD,Activité E&P,DP,OF,1936,8,34108.61,bbl,144957.7,mscf
HMD,Activité E&P,DP,OF,1936,9,4003.31,bbl,56154.03,mscf
HMD,Activité E&P,DP,OF,1936,10,7567.81,bbl,44346.61,mscf
HMD,Activité E&P,DP,OF,1936,11,32868.78,bbl,74282.11,mscf
HMD,Activité E&P,DP,OF,1936,12,41655.72,bbl,157758.47,mscf
HMD,Activité E&P,DP,OF,1937,1,20768.12,bbl,128631.99,mscf
HMD,Activité E&P,DP,OF,1937,2,24493.93,bbl,115464.86,mscf
HMD,Activité E&P,DP,OF,1937,3,23196.45,bbl,47954.31,mscf
HMD,Activité E&P,DP,OF,1937,4,16852.62,bbl,174848.63,mscf
HMD,Activité E&P,DP,OF,1937,5,2789.57,bbl,166642.89,mscf
HMD,Activité E&P,DP,OF,1937,6,45786.11,bbl,192146.11,mscf
HMD,Activité E&P,DP,OF,1937,7,44403.55,bbl,30941.31,mscf
HMD,Activité E&P,DP,OF,1937,8,6298.77,bbl,34356.39,mscf
HMD,Activité E&P,DP,OF,1937,9,29689.67,bbl,79519.74,mscf
HMD,Activité E&P,DP,OF,1937,10,36502.03,bbl,24323.59,mscf
HMD,Activité E&P,DP,OF,1937,11,2452.93,bbl,45622.39,mscf
HMD,Activité E&P,DP,OF,1937,12,34075.9,bbl,126207.54,mscf
HMD,Activité E&P,DP,OF,1938,1,49927.82,bbl,190512.31,mscf
HMD,Activité E&P,DP,OF,1938,2,11058.59,bbl,121109.3,mscf
HMD,Activité E&P,DP,OF,1938,3,2323.59,bbl,190565.41,mscf
HMD,Activité E&P,DP,OF,1938,4,37195.32,bbl,140743.36,mscf
HMD,Activité E&P,DP,OF,1938,5,8606.44,bbl,63789.26,mscf
HMD,Activité E&P,DP,OF,1938,6,27831.95,bbl,128072.54,mscf
HMD,Activité E&P,DP,OF,1938,7,9159.98,bbl,78504.48,mscf
HMD,Activité E&P,DP,OF,1938,8,9707.98,bbl,87947.55,mscf
HMD,Activité E&P,DP,OF,1938,9,19738.77,bbl,110553.39,mscf
HMD,Activité E&P,DP,OF,1938,10,47757.58,bbl,103598.99,mscf
HMD,Activité E&P,DP,OF,1938,11,15760.11,bbl,117324.31,mscf
HMD,Activité E&P,DP,OF,1938,12,35297.19,bbl,35960.62,mscf
HMD,Activité E&P,DP,OF,1939,1,33739.59,bbl,154006.12,mscf
HMD,Activité E&P,DP,OF,1939,2,45867.6,bbl,13224.17,mscf
HMD,Activité E&P,DP,OF,1939,3,11160.86,bbl,187580.68,mscf
HMD,Activité E&P,DP,OF,1939,4,15350.09,bbl,62494.73,mscf
HMD,Activité E&P,DP,OF,1939,5,27378.78,bbl,65694.06,mscf
HMD,Activité E&P,DP,OF,1939,6,19793.01,bbl,124220.79,mscf
HMD,Activité E&P,DP,OF,1939,7,44412.66,bbl,110861.95,mscf
HMD,Activité E&P,DP,OF,1939,8,27100.48,bbl,94567.23,mscf
HMD,Activité E&P,DP,OF,1939,9,18280.04,bbl,36953.48,mscf
HMD,Activité E&P,DP,OF,1939,10,37091.9,bbl,14175.76,mscf
HMD,Activité E&P,DP,OF,1939,11,36950.06,bbl,167377.64,mscf
HMD,Activité E&P,DP,OF,1939,12,26422.95,bbl,170361.85,mscf
HMD,Activité E&P,DP,OF,1940,1,26379.57,bbl,11999.37,mscf
HMD,Activité E&P,DP,OF,1940,2,37183.64,bbl,160776.26,mscf
HMD,Activité E&P,DP,OF,1940,3,17517.55,bbl,61380.09,mscf
HMD,Activité E&P,DP,OF,1940,4,49025.59,bbl,106686.41,mscf
HMD,Activité E&P,DP,OF,1940,5,39577.05,bbl,181156.82,mscf
HMD,Activité E&P,DP,OF,1940,6,15264.3,bbl,191652.73,mscf
HMD,Activité E&P,DP,OF,1940,7,46011.11,bbl,139777.04,mscf
HMD,Activité E&P,DP,OF,1940,8,44585.86,bbl,21651.47,mscf
HMD,Activité E&P,DP,OF,1940,9,37175.74,bbl,37729.38,mscf
HMD,Activité E&P,DP,OF,1940,10,11290.36,bbl,56800.32,mscf
HMD,Activité E&P,DP,OF,1940,11,5882.86,bbl,197052.44,mscf
HMD,Activité E&P,DP,OF,1940,12,17770.33,bbl,95895.52,mscf
HMD,Activité E&P,DP,OF,1941,1,41741.21,bbl,125748.68,mscf
HMD,Activité E&P,DP,OF,1941,2,49619.62,bbl,13267.31,mscf
HMD,Activité E&P,DP,OF,1941,3,27450.55,bbl,17400.17,mscf
HMD,Activité E&P,DP,OF,1941,4,13569.71,bbl,143491.52,mscf
HMD,Activité E&P,DP,OF,1941,5,36606.21,bbl,27462.58,mscf
HMD,Activité E&P,DP,OF,1941,6,27067.4,bbl,36152.64,mscf
HMD,Activité E&P,DP,OF,1941,7,23460.5,bbl,165442.01,mscf
HMD,Activité E&P,DP,OF,1941,8,6473.24,bbl,30748.03,mscf
HMD,Activité E&P,DP,OF,1941,9,19547.87,bbl,88344.43,mscf
HMD,Activité E&P,DP,OF,1941,10,11284.08,bbl,19032.13,mscf
HMD,Activité E&P,DP,OF,1941,11,14703.19,bbl,96268.79,mscf
HMD,Activité E&P,DP,OF,1941,12,37612.32,bbl,14658.7,mscf
HMD,Activité E&P,DP,OF,1942,1,5295.88,bbl,148270.29,mscf
HMD,Activité E&P,DP,OF,1942,2,14184.37,bbl,101128.48,mscf
HMD,Activité E&P,DP,OF,1942,3,17968.68,bbl,137657.12,mscf
HMD,Activité E&P,DP,OF,1942,4,48404.16,bbl,199474.38,mscf
HMD,Activité E&P,DP,OF,1942,5,7283.72,bbl,187162.72,mscf
HMD,Activité E&P,DP,OF,1942,6,5379.53,bbl,135937.61,mscf
HMD,Activité E&P,DP,OF,1942,7,4996.5,bbl,162808.57,mscf
HMD,Activité E&P,DP,OF,1942,8,6779.97,bbl,126375.31,mscf
HMD,Activité E&P,DP,OF,1942,9,44522.71,bbl,11325.09,mscf
HMD,Activité E&P,DP,OF,1942,10,26760.18,bbl,14363.43,mscf
HMD,Activité E&P,DP,OF,1942,11,28131.69,bbl,70108.67,mscf
HMD,Activité E&P,DP,OF,1942,12,13070.24,bbl,82912.23,mscf
HMD,Activité E&P,DP,OF,1943,1,28666.65,bbl,114168.09,mscf
HMD,Activité E&P,DP,OF,1943,2,14281.02,bbl,131085.12,mscf
HMD,Activité E&P,DP,OF,1943,3,5682.02,bbl,119417.5,mscf
HMD,Activité E&P,DP,OF,1943,4,15961.49,bbl,29076.6,mscf
HMD,Activité E&P,DP,OF,1943,5,13749.98,bbl,188740.3,mscf
HMD,Activité E&P,DP,OF,1943,6,22517.75,bbl,164148.63,mscf
HMD,Activité E&P,DP,OF,1943,7,11306.02,bbl,138707.11,mscf
HMD,Activité E&P,DP,OF,1943,8,36887.14,bbl,35367.83,mscf
HMD,Activité E&P,DP,OF,1943,9,34004.1,bbl,121828.59,mscf
HMD,Activité E&P,DP,OF,1943,10,22029.73,bbl,71024.59,mscf
HMD,Activité E&P,DP,OF,1943,11,15941.79,bbl,33264.12,mscf
HMD,Activité E&P,DP,OF,1943,12,20464.94,bbl,170959.15,mscf
HMD,Activité E&P,DP,OF,1944,1,24684.99,bbl,116892.52,mscf
HMD,Activité E&P,DP,OF,1944,2,17590.66,bbl,84550.8,mscf
HMD,Activité E&P,DP,OF,1944,3,1519.65,bbl,131500.02,mscf
HMD,Activité E&P,DP,OF,1944,4,30432.9,bbl,118315.62,mscf
HMD,Activité E&P,DP,OF,1944,5,43236.57,bbl,182887.53,mscf
HMD,Activité E&P,DP,OF,1944,6,45227.11,bbl,95235.14,mscf
HMD,Activité E&P,DP,OF,1944,7,20773.89,bbl,44340.04,mscf
HMD,Activité E&P,DP,OF,1944,8,34990.49,bbl,96231.05,mscf
HMD,Activité E&P,DP,OF,1944,9,17341.32,bbl,138906.05,mscf
HMD,Activité E&P,DP,OF,1944,10,48285.7,bbl,71818.02,mscf
HMD,Activité E&P,DP,OF,1944,11,41061.64,bbl,137305.04,mscf
HMD,Activité E&P,DP,OF,1944,12,33343.04,bbl,123304.11,mscf
HMD,Activité E&P,DP,OF,1945,1,25730.72,bbl,183499.75,mscf
HMD,Activité E&P,DP,OF,1945,2,48295.78,bbl,62953.7,mscf
HMD,Activité E&P,DP,OF,1945,3,40609.65,bbl,196652.82,mscf
HMD,Activité E&P,DP,OF,1945,4,31137.56,bbl,181072.87,mscf
HMD,Activité E&P,DP,OF,1945,5,14965.71,bbl,163462.44,mscf
HMD,Activité E&P,DP,OF,1945,6,29178.93,bbl,151725.86,mscf
HMD,Activité E&P,DP,OF,1945,7,18054.64,bbl,43922.62,mscf
HMD,Activité E&P,DP,OF,1945,8,21846.14,bbl,123894.27,mscf
HMD,Activité E&P,DP,OF,1945,9,8295.76,bbl,126552.17,mscf
HMD,Activité E&P,DP,OF,1945,10,19375.76,bbl,187039.41,mscf
HMD,Activité E&P,DP,OF,1945,11,12119.37,bbl,58505.84,mscf
HMD,Activité E&P,DP,OF,1945,12,21314.08,bbl,69715.39,mscf
HMD,Activité E&P,DP,OF,1946,1,35057.26,bbl,89510.65,mscf
HMD,Activité E&P,DP,OF,1946,2,9038.27,bbl,62043.07,mscf
HMD,Activité E&P,DP,OF,1946,3,42683.96,bbl,45489.35,mscf
HMD,Activité E&P,DP,OF,1946,4,25239.59,bbl,90218.3,mscf
HMD,Activité E&P,DP,OF,1946,5,28144.18,bbl,53372.87,mscf
HMD,Activité E&P,DP,OF,1946,6,3561.77,bbl,191403.86,mscf
HMD,Activité E&P,DP,OF,1946,7,43249.47,bbl,55247.76,mscf
HMD,Activité E&P,DP,OF,1946,8,43043.82,bbl,162288.94,mscf
HMD,Activité E&P,DP,OF,1946,9,34513.59,bbl,111792.24,mscf
HMD,Activité E&P,DP,OF,1946,10,19659.29,bbl,19774.74,mscf
HMD,Activité E&P,DP,OF,1946,11,40506.41,bbl,178319.61,mscf
HMD,Activité E&P,DP,OF,1946,12,6040.19,bbl,198542.92,mscf
HMD,Activité E&P,DP,OF,1947,1,38792.64,bbl,121390.34,mscf
HMD,Activité E&P,DP,OF,1947,2,21217.01,bbl,24789.82,mscf
HMD,Activité E&P,DP,OF,1947,3,24925.76,bbl,62554.65,mscf
HMD,Activité E&P,DP,OF,1947,4,16895.05,bbl,28690.73,mscf
HMD,Activité E&P,DP,OF,1947,5,25190.82,bbl,121037.71,mscf
HMD,Activité E&P,DP,OF,1947,6,35515.03,bbl,23745.5,mscf
HMD,Activité E&P,DP,OF,1947,7,23232.14,bbl,56613.91,mscf
HMD,Activité E&P,DP,OF,1947,8,44257.21,bbl,89887.41,mscf
HMD,Activité E&P,DP,OF,1947,9,33584.73,bbl,12200.23,mscf
HMD,Activité E&P,DP,OF,1947,10,6386.24,bbl,19517.18,mscf
HMD,Activité E&P,DP,OF,1947,11,11060.36,bbl,10976.43,mscf
HMD,Activité E&P,DP,OF,1947,12,35261.79,bbl,23528.82,mscf
HMD,Activité E&P,DP,OF,1948,1,21519.09,bbl,100211.85,mscf
HMD,Activité E&P,DP,OF,1948,2,48188.25,bbl,174431.8,mscf
HMD,Activité E&P,DP,OF,1948,3,42684.36,bbl,33844.18,mscf
HMD,Activité E&P,DP,OF,1948,4,44578.51,bbl,73180.56,mscf
HMD,Activité E&P,DP,OF,1948,5,12696.85,bbl,155147.66,mscf
HMD,Activité E&P,DP,OF,1948,6,43030.66,bbl,165356.37,mscf
HMD,Activité E&P,DP,OF,1948,7,36333.59,bbl,33479.86,mscf
HMD,Activité E&P,DP,OF,1948,8,33312.79,bbl,89810.64,mscf
HMD,Activité E&P,DP,OF,1948,9,8847.97,bbl,81187.95,mscf
HMD,Activité E&P,DP,OF,1948,10,46330.64,bbl,91137.81,mscf
HMD,Activité E&P,DP,OF,1948,11,39479.04,bbl,49684.71,mscf
HMD,Activité E&P,DP,OF,1948,12,27341.63,bbl,32374.96,mscf
HMD,Activité E&P,DP,OF,1949,1,8700.4,bbl,35796.64,mscf
HMD,Activité E&P,DP,OF,1949,2,39566.26,bbl,129975.0,mscf
HMD,Activité E&P,DP,OF,1949,3,43150.35,bbl,31240.89,mscf
HMD,Activité E&P,DP,OF,1949,4,42819.25,bbl,32763.24,mscf
HMD,Activité E&P,DP,OF,1949,5,36294.66,bbl,37872.28,mscf
HMD,Activité E&P,DP,OF,1949,6,48240.58,bbl,76807.38,mscf
HMD,Activité E&P,DP,OF,1949,7,30246.49,bbl,23352.47,mscf
HMD,Activité E&P,DP,OF,1949,8,24379.53,bbl,90088.24,mscf
HMD,Activité E&P,DP,OF,1949,9,45309.66,bbl,64375.86,mscf
HMD,Activité E&P,DP,OF,1949,10,8959.54,bbl,107456.46,mscf
HMD,Activité E&P,DP,OF,1949,11,48332.05,bbl,191802.83,mscf
HMD,Activité E&P,DP,OF,1949,12,30968.3,bbl,155364.62,mscf
RNS,Activité E&P,DP,GF,1900,1,22292.67,bbl,70866.39,mscf
RNS,Activité E&P,DP,GF,1900,2,11413.68,bbl,179946.39,mscf
RNS,Activité E&P,DP,GF,1900,3,19948.87,bbl,20946.18,mscf
RNS,Activité E&P,DP,GF,1900,4,36228.56,bbl,125438.12,mscf
RNS,Activité E&P,DP,GF,1900,5,7709.39,bbl,131903.55,mscf
RNS,Activité E&P,DP,GF,1900,6,10692.51,bbl,164478.83,mscf
RNS,Activité E&P,DP,GF,1900,7,28450.37,bbl,25352.98,mscf
RNS,Activité E&P,DP,GF,1900,8,21502.29,bbl,23660.59,mscf
RNS,Activité E&P,DP,GF,1900,9,38353.72,bbl,164242.15,mscf
RNS,Activité E&P,DP,GF,1900,10,46414.2,bbl,50240.83,mscf
RNS,Activité E&P,DP,GF,1900,11,39772.17,bbl,125928.68,mscf
RNS,Activité E&P,DP,GF,1900,12,10643.82,bbl,28275.1,mscf
RNS,Activité E&P,DP,GF,1901,1,12796.01,bbl,72604.03,mscf
RNS,Activité E&P,DP,GF,1901,2,2789.36,bbl,16830.95,mscf
RNS,Activité E&P,DP,GF,1901,3,48156.3,bbl,60792.15,mscf
RNS,Activité E&P,DP,GF,1901,4,3309.74,bbl,105751.42,mscf
RNS,Activité E&P,DP,GF,1901,5,11268.49,bbl,23569.98,mscf
RNS,Activité E&P,DP,GF,1901,6,31534.42,bbl,24408.72,mscf
RNS,Activité E&P,DP,GF,1901,7,31776.04,bbl,136913.59,mscf
RNS,Activité E&P,DP,GF,1901,8,19206.49,bbl,147335.15,mscf
RNS,Activité E&P,DP,GF,1901,9,20446.89,bbl,100625.13,mscf
RNS,Activité E&P,DP,GF,1901,10,42531.77,bbl,137750.66,mscf
RNS,Activité E&P,DP,GF,1901,11,47201.79,bbl,121772.81,mscf
RNS,Activité E&P,DP,GF,1901,12,9537.69,bbl,48285.59,mscf
RNS,Activité E&P,DP,GF,1902,1,41969.6,bbl,35168.16,mscf
RNS,Activité E&P,DP,GF,1902,2,4251.08,bbl,177765.73,mscf
RNS,Activité E&P,DP,GF,1902,3,5325.28,bbl,182495.6,mscf
RNS,Activité E&P,DP,GF,1902,4,24688.41,bbl,143913.22,mscf
RNS,Activité E&P,DP,GF,1902,5,39914.85,bbl,92372.65,mscf
RNS,Activité E&P,DP,GF,1902,6,35821.74,bbl,59341.41,mscf
RNS,Activité E&P,DP,GF,1902,7,15028.52,bbl,133210.58,mscf
RNS,Activité E&P,DP,GF,1902,8,24307.25,bbl,10934.63,mscf
RNS,Activité E&P,DP,GF,1902,9,28685.15,bbl,129356.32,mscf
RNS,Activité E&P,DP,GF,1902,10,36904.0,bbl,164863.23,mscf
RNS,Activité E&P,DP,GF,1902,11,39813.69,bbl,169283.27,mscf
RNS,Activité E&P,DP,GF,1902,12,40323.44,bbl,140737.16,mscf
RNS,Activité E&P,DP,GF,1903,1,19494.88,bbl,19027.19,mscf
RNS,Activité E&P,DP,GF,1903,2,9081.02,bbl,192393.92,mscf
RNS,Activité E&P,DP,GF,1903,3,33781.64,bbl,85962.5,mscf
RNS,Activité E&P,DP,GF,1903,4,25632.41,bbl,182336.07,mscf
RNS,Activité E&P,DP,GF,1903,5,4631.11,bbl,196534.68,mscf
RNS,Activité E&P,DP,GF,1903,6,31497.36,bbl,115371.53,mscf
RNS,Activité E&P,DP,GF,1903,7,46731.74,bbl,149136.61,mscf
RNS,Activité E&P,DP,GF,1903,8,46091.16,bbl,32543.62,mscf
RNS,Activité E&P,DP,GF,1903,9,23814.05,bbl,24214.91,mscf
RNS,Activité E&P,DP,GF,1903,10,25384.26,bbl,96033.95,mscf
RNS,Activité E&P,DP,GF,1903,11,38821.43,bbl,53142.38,mscf
RNS,Activité E&P,DP,GF,1903,12,27671.4,bbl,138983.41,mscf
RNS,Activité E&P,DP,GF,1904,1,26424.21,bbl,189955.91,mscf
RNS,Activité E&P,DP,GF,1904,2,28850.35,bbl,9365.79,mscf
RNS,Activité E&P,DP,GF,1904,3,3931.26,bbl,32548.71,mscf
RNS,Activité E&P,DP,GF,1904,4,16014.77,bbl,164771.31,mscf
RNS,Activité E&P,DP,GF,1904,5,48199.77,bbl,79509.52,mscf
RNS,Activité E&P,DP,GF,1904,6,3750.59,bbl,136268.43,mscf
RNS,Activité E&P,DP,GF,1904,7,28735.99,bbl,30963.89,mscf
RNS,Activité E&P,DP,GF,1904,8,26805.67,bbl,116151.28,mscf
RNS,Activité E&P,DP,GF,1904,9,20189.8,bbl,115607.59,mscf
RNS,Activité E&P,DP,GF,1904,10,22098.74,bbl,187762.73,mscf
RNS,Activité E&P,DP,GF,1904,11,30370.11,bbl,5775.83,mscf
RNS,Activité E&P,DP,GF,1904,12,23570.15,bbl,101923.47,mscf
RNS,Activité E&P,DP,GF,1905,1,8443.15,bbl,82148.61,mscf
RNS,Activité E&P,DP,GF,1905,2,49866.17,bbl,54264.87,mscf
RNS,Activité E&P,DP,GF,1905,3,34856.78,bbl,89567.78,mscf
RNS,Activité E&P,DP,GF,1905,4,33992.39,bbl,9435.84,mscf
RNS,Activité E&P,DP,GF,1905,5,7214.83,bbl,113890.79,mscf
RNS,Activité E&P,DP,GF,1905,6,29942.2,bbl,5350.49,mscf
RNS,Activité E&P,DP,GF,1905,7,28742.92,bbl,50988.02,mscf
RNS,Activité E&P,DP,GF,1905,8,37130.72,bbl,78037.1,mscf
RNS,Activité E&P,DP,GF,1905,9,36630.5,bbl,65820.39,mscf
RNS,Activité E&P,DP,GF,1905,10,37217.27,bbl,93157.29,mscf
RNS,Activité E&P,DP,GF,1905,11,36151.79,bbl,120291.83,mscf
RNS,Activité E&P,DP,GF,1905,12,9225.07,bbl,28698.37,mscf
RNS,Activité E&P,DP,GF,1906,1,44344.46,bbl,182712.42,mscf
RNS,Activité E&P,DP,GF,1906,2,46783.82,bbl,76567.0,mscf
RNS,Activité E&P,DP,GF,1906,3,36902.69,bbl,176010.76,mscf
RNS,Activité E&P,DP,GF,1906,4,37216.73,bbl,58594.6,mscf
RNS,Activité E&P,DP,GF,1906,5,4369.46,bbl,199322.16,mscf
RNS,Activité E&P,DP,GF,1906,6,2704.42,bbl,176114.27,mscf
RNS,Activité E&P,DP,GF,1906,7,29144.68,bbl,16452.36,mscf
RNS,Activité E&P,DP,GF,1906,8,36570.92,bbl,115350.38,mscf
RNS,Activité E&P,DP,GF,1906,9,2040.91,bbl,28904.81,mscf
RNS,Activité E&P,DP,GF,1906,10,26323.84,bbl,93511.02,mscf
RNS,Activité E&P,DP,GF,1906,11,24777.2,bbl,161068.95,mscf
RNS,Activité E&P,DP,GF,1906,12,8116.48,bbl,70892.93,mscf
RNS,Activité E&P,DP,GF,1907,1,6198.04,bbl,155373.09,mscf
RNS,Activité E&P,DP,GF,1907,2,36961.96,bbl,121458.72,mscf
RNS,Activité E&P,DP,GF,1907,3,2101.52,bbl,60341.37,mscf
RNS,Activité E&P,DP,GF,1907,4,1973.44,bbl,133262.02,mscf
RNS,Activité E&P,DP,GF,1907,5,32686.87,bbl,106895.01,mscf
RNS,Activité E&P,DP,GF,1907,6,17469.75,bbl,32203.39,mscf
RNS,Activité E&P,DP,GF,1907,7,4113.34,bbl,134552.87,mscf
RNS,Activité E&P,DP,GF,1907,8,15634.37,bbl,192853.0,mscf
RNS,Activité E&P,DP,GF,1907,9,12427.12,bbl,18344.03,mscf
RNS,Activité E&P,DP,GF,1907,10,10385.69,bbl,9196.58,mscf
RNS,Activité E&P,DP,GF,1907,11,16519.12,bbl,154778.94,mscf
RNS,Activité E&P,DP,GF,1907,12,24915.85,bbl,113564.58,mscf
RNS,Activité E&P,DP,GF,1908,1,31951.88,bbl,37817.08,mscf
RNS,Activité E&P,DP,GF,1908,2,42016.83,bbl,29525.38,mscf
RNS,Activité E&P,DP,GF,1908,3,37024.11,bbl,44790.2,mscf
RNS,Activité E&P,DP,GF,1908,4,18415.03,bbl,186391.71,mscf
RNS,Activité E&P,DP,GF,1908,5,12172.31,bbl,30183.42,mscf
RNS,Activité E&P,DP,GF,1908,6,14688.36,bbl,5542.77,mscf
RNS,Activité E&P,DP,GF,1908,7,9236.98,bbl,7044.32,mscf
RNS,Activité E&P,DP,GF,1908,8,19819.45,bbl,141539.74,mscf
RNS,Activité E&P,DP,GF,1908,9,13060.43,bbl,192682.01,mscf
RNS,Activité E&P,DP,GF,1908,10,45661.44,bbl,101236.72,mscf
RNS,Activité E&P,DP,GF,1908,11,5342.38,bbl,11782.62,mscf
RNS,Activité E&P,DP,GF,1908,12,17616.27,bbl,136811.49,mscf
RNS,Activité E&P,DP,GF,1909,1,33828.76,bbl,118736.48,mscf
RNS,Activité E&P,DP,GF,1909,2,22388.47,bbl,165454.06,mscf
RNS,Activité E&P,DP,GF,1909,3,21675.19,bbl,57661.39,mscf
RNS,Activité E&P,DP,GF,1909,4,13672.14,bbl,117063.73,mscf
RNS,Activité E&P,DP,GF,1909,5,25056.02,bbl,179667.29,mscf
RNS,Activité E&P,DP,GF,1909,6,30267.88,bbl,176089.28,mscf
RNS,Activité E&P,DP,GF,1909,7,42509.33,bbl,69560.15,mscf
RNS,Activité E&P,DP,GF,1909,8,4246.68,bbl,173566.38,mscf
RNS,Activité E&P,DP,GF,1909,9,21110.13,bbl,159988.3,mscf
RNS,Activité E&P,DP,GF,1909,10,24419.78,bbl,70285.28,mscf
RNS,Activité E&P,DP,GF,1909,11,21434.92,bbl,33642.83,mscf
RNS,Activité E&P,DP,GF,1909,12,6375.41,bbl,161471.24,mscf
RNS,Activité E&P,DP,GF,1910,1,7727.02,bbl,132753.34,mscf
RNS,Activité E&P,DP,GF,1910,2,13619.55,bbl,8596.77,mscf
RNS,Activité E&P,DP,GF,1910,3,1198.09,bbl,84402.19,mscf
RNS,Activité E&P,DP,GF,1910,4,40634.98,bbl,75044.26,mscf
RNS,Activité E&P,DP,GF,1910,5,45655.07,bbl,87131.97,mscf
RNS,Activité E&P,DP,GF,1910,6,31745.41,bbl,11566.46,mscf
RNS,Activité E&P,DP,GF,1910,7,21586.47,bbl,165877.2,mscf
RNS,Activité E&P,DP,GF,1910,8,16010.08,bbl,121116.17,mscf
RNS,Activité E&P,DP,GF,1910,9,26364.39,bbl,161163.14,mscf
RNS,Activité E&P,DP,GF,1910,10,9658.14,bbl,150344.18,mscf
RNS,Activité E&P,DP,GF,1910,11,39009.55,bbl,160758.46,mscf
RNS,Activité E&P,DP,GF,1910,12,29890.62,bbl,114168.93,mscf
RNS,Activité E&P,DP,GF,1911,1,35067.76,bbl,186847.52,mscf
RNS,Activité E&P,DP,GF,1911,2,48957.42,bbl,171469.25,mscf
RNS,Activité E&P,DP,GF,1911,3,35691.19,bbl,19718.19,mscf
RNS,Activité E&P,DP,GF,1911,4,8991.45,bbl,160372.27,mscf
RNS,Activité E&P,DP,GF,1911,5,44524.26,bbl,142795.89,mscf
RNS,Activité E&P,DP,GF,1911,6,34784.23,bbl,71067.71,mscf
RNS,Activité E&P,DP,GF,1911,7,25043.41,bbl,72623.87,mscf
RNS,Activité E&P,DP,GF,1911,8,46177.18,bbl,155539.72,mscf
RNS,Activité E&P,DP,GF,1911,9,17561.83,bbl,125203.42,mscf
RNS,Activité E&P,DP,GF,1911,10,40931.28,bbl,167129.75,mscf
RNS,Activité E&P,DP,GF,1911,11,41489.36,bbl,112873.53,mscf
RNS,Activité E&P,DP,GF,1911,12,30797.36,bbl,112513.28,mscf
RNS,Activité E&P,DP,GF,1912,1,36141.06,bbl,176931.41,mscf
RNS,Activité E&P,DP,GF,1912,2,18208.44,bbl,95082.01,mscf
RNS,Activité E&P,DP,GF,1912,3,1113.74,bbl,188784.1,mscf
RNS,Activité E&P,DP,GF,1912,4,32883.05,bbl,24066.93,mscf
RNS,Activité E&P,DP,GF,1912,5,9983.24,bbl,40630.16,mscf
RNS,Activité E&P,DP,GF,1912,6,44253.88,bbl,183100.21,mscf
RNS,Activité E&P,DP,GF,1912,7,34981.29,bbl,139700.16,mscf
RNS,Activité E&P,DP,GF,1912,8,32001.59,bbl,161192.64,mscf
RNS,Activité E&P,DP,GF,1912,9,37608.33,bbl,147713.93,mscf
RNS,Activité E&P,DP,GF,1912,10,17533.62,bbl,88171.87,mscf
RNS,Activité E&P,DP,GF,1912,11,11388.43,bbl,186072.58,mscf
RNS,Activité E&P,DP,GF,1912,12,45805.82,bbl,132823.17,mscf
RNS,Activité E&P,DP,GF,1913,1,8900.77,bbl,179050.82,mscf
RNS,Activité E&P,DP,GF,1913,2,30299.38,bbl,57962.8,mscf
RNS,Activité E&P,DP,GF,1913,3,8264.17,bbl,120098.01,mscf
RNS,Activité E&P,DP,GF,1913,4,15679.53,bbl,28178.11,mscf
RNS,Activité E&P,DP,GF,1913,5,19364.35,bbl,167223.44,mscf
RNS,Activité E&P,DP,GF,1913,6,32131.13,bbl,127008.87,mscf
RNS,Activité E&P,DP,GF,1913,7,48325.97,bbl,33697.52,mscf
RNS,Activité E&P,DP,GF,1913,8,12209.63,bbl,126194.89,mscf
RNS,Activité E&P,DP,GF,1913,9,32881.43,bbl,40653.3,mscf
RNS,Activité E&P,DP,GF,1913,10,24437.67,bbl,77104.65,mscf
RNS,Activité E&P,DP,GF,1913,11,18693.17,bbl,165106.45,mscf
RNS,Activité E&P,DP,GF,1913,12,29575.61,bbl,124721.83,mscf
RNS,Activité E&P,DP,GF,1914,1,15016.52,bbl,112846.05,mscf
RNS,Activité E&P,DP,GF,1914,2,37482.69,bbl,183333.6,mscf
RNS,Activité E&P,DP,GF,1914,3,34657.0,bbl,62360.16,mscf
RNS,Activité E&P,DP,GF,1914,4,49545.35,bbl,12568.63,mscf
RNS,Activité E&P,DP,GF,1914,5,4810.67,bbl,62221.93,mscf
RNS,Activité E&P,DP,GF,1914,6,6770.78,bbl,180475.62,mscf
RNS,Activité E&P,DP,GF,1914,7,39285.25,bbl,60782.71,mscf
RNS,Activité E&P,DP,GF,1914,8,48806.82,bbl,92839.87,mscf
RNS,Activité E&P,DP,GF,1914,9,1970.0,bbl,74247.31,mscf
RNS,Activité E&P,DP,GF,1914,10,23175.69,bbl,156547.39,mscf
RNS,Activité E&P,DP,GF,1914,11,49465.01,bbl,189379.11,mscf
RNS,Activité E&P,DP,GF,1914,12,16892.76,bbl,186464.79,mscf
RNS,Activité E&P,DP,GF,1915,1,15784.76,bbl,111157.56,mscf
RNS,Activité E&P,DP,GF,1915,2,17595.54,bbl,122737.93,mscf
RNS,Activité E&P,DP,GF,1915,3,10030.46,bbl,60769.67,mscf
RNS,Activité E&P,DP,GF,1915,4,29011.15,bbl,32911.05,mscf
RNS,Activité E&P,DP,GF,1915,5,37326.34,bbl,6125.48,mscf
RNS,Activité E&P,DP,GF,1915,6,34660.28,bbl,65904.07,mscf
RNS,Activité E&P,DP,GF,1915,7,9026.0,bbl,76869.15,mscf
RNS,Activité E&P,DP,GF,1915,8,15840.56,bbl,144894.9,mscf
RNS,Activité E&P,DP,GF,1915,9,1548.39,bbl,86539.01,mscf
RNS,Activité E&P,DP,GF,1915,10,39477.14,bbl,64777.43,mscf
RNS,Activité E&P,DP,GF,1915,11,18224.01,bbl,125491.99,mscf
RNS,Activité E&P,DP,GF,1915,12,40785.37,bbl,74669.96,mscf
RNS,Activité E&P,DP,GF,1916,1,14439.7,bbl,178154.11,mscf
RNS,Activité E&P,DP,GF,1916,2,14028.21,bbl,182711.05,mscf
RNS,Activité E&P,DP,GF,1916,3,38012.83,bbl,171758.97,mscf
RNS,Activité E&P,DP,GF,1916,4,30021.39,bbl,13848.77,mscf
RNS,Activité E&P,DP,GF,1916,5,18200.48,bbl,195496.61,mscf
RNS,Activité E&P,DP,GF,1916,6,36098.51,bbl,102711.79,mscf
RNS,Activité E&P,DP,GF,1916,7,42800.53,bbl,162386.25,mscf
RNS,Activité E&P,DP,GF,1916,8,28093.3,bbl,113206.76,mscf
RNS,Activité E&P,DP,GF,1916,9,2371.12,bbl,105386.26,mscf
RNS,Activité E&P,DP,GF,1916,10,25616.88,bbl,111029.45,mscf
RNS,Activité E&P,DP,GF,1916,11,12587.72,bbl,165642.68,mscf
RNS,Activité E&P,DP,GF,1916,12,41363.12,bbl,148076.75,mscf
RNS,Activité E&P,DP,GF,1917,1,15822.61,bbl,147376.67,mscf
RNS,Activité E&P,DP,GF,1917,2,4338.74,bbl,55369.54,mscf
RNS,Activité E&P,DP,GF,1917,3,37526.12,bbl,149780.92,mscf
RNS,Activité E&P,DP,GF,1917,4,40433.16,bbl,159145.8,mscf
RNS,Activité E&P,DP,GF,1917,5,29982.01,bbl,159495.11,mscf
RNS,Activité E&P,DP,GF,1917,6,9842.87,bbl,166682.82,mscf
RNS,Activité E&P,DP,GF,1917,7,27314.98,bbl,136771.43,mscf
RNS,Activité E&P,DP,GF,1917,8,13222.54,bbl,83545.07,mscf
RNS,Activité E&P,DP,GF,1917,9,48208.62,bbl,84237.15,mscf
RNS,Activité E&P,DP,GF,1917,10,44160.1,bbl,158751.17,mscf
RNS,Activité E&P,DP,GF,1917,11,29248.24,bbl,117782.19,mscf
RNS,Activité E&P,DP,GF,1917,12,38849.7,bbl,46966.73,mscf
RNS,Activité E&P,DP,GF,1918,1,6511.49,bbl,95166.53,mscf
RNS,Activité E&P,DP,GF,1918,2,35203.46,bbl,173075.99,mscf
RNS,Activité E&P,DP,GF,1918,3,24384.84,bbl,75654.75,mscf
RNS,Activité E&P,DP,GF,1918,4,12322.84,bbl,141243.22,mscf
RNS,Activité E&P,DP,GF,1918,5,22942.89,bbl,172858.07,mscf
RNS,Activité E&P,DP,GF,1918,6,43872.85,bbl,85183.15,mscf
RNS,Activité E&P,DP,GF,1918,7,25072.22,bbl,197207.52,mscf
RNS,Activité E&P,DP,GF,1918,8,20531.74,bbl,45948.79,mscf
RNS,Activité E&P,DP,GF,1918,9,3165.59,bbl,51591.52,mscf
RNS,Activité E&P,DP,GF,1918,10,6247.83,bbl,73792.24,mscf
RNS,Activité E&P,DP,GF,1918,11,41220.68,bbl,163863.01,mscf
RNS,Activité E&P,DP,GF,1918,12,46762.52,bbl,108441.89,mscf
RNS,Activité E&P,DP,GF,1919,1,26800.71,bbl,90842.76,mscf
RNS,Activité E&P,DP,GF,1919,2,42692.03,bbl,100011.52,mscf
RNS,Activité E&P,DP,GF,1919,3,46523.82,bbl,183509.71,mscf
RNS,Activité E&P,DP,GF,1919,4,6773.05,bbl,120487.66,mscf
RNS,Activité E&P,DP,GF,1919,5,20365.82,bbl,174127.96,mscf
RNS,Activité E&P,DP,GF,1919,6,36116.94,bbl,188342.13,mscf
RNS,Activité E&P,DP,GF,1919,7,29716.67,bbl,196966.13,mscf
RNS,Activité E&P,DP,GF,1919,8,12934.87,bbl,156753.66,mscf
RNS,Activité E&P,DP,GF,1919,9,35343.36,bbl,166288.6,mscf
RNS,Activité E&P,DP,GF,1919,10,2569.32,bbl,13709.81,mscf
RNS,Activité E&P,DP,GF,1919,11,17266.93,bbl,189003.42,mscf
RNS,Activité E&P,DP,GF,1919,12,27433.97,bbl,44904.69,mscf
RNS,Activité E&P,DP,GF,1920,1,24477.77,bbl,179413.45,mscf
RNS,Activité E&P,DP,GF,1920,2,20935.87,bbl,99700.51,mscf
RNS,Activité E&P,DP,GF,1920,3,14867.63,bbl,126002.43,mscf
RNS,Activité E&P,DP,GF,1920,4,20985.08,bbl,114230.88,mscf
RNS,Activité E&P,DP,GF,1920,5,30819.34,bbl,51903.52,mscf
RNS,Activité E&P,DP,GF,1920,6,11591.11,bbl,38981.38,mscf
RNS,Activité E&P,DP,GF,1920,7,16836.89,bbl,8547.39,mscf
RNS,Activité E&P,DP,GF,1920,8,18531.58,bbl,145844.23,mscf
RNS,Activité E&P,DP,GF,1920,9,1216.67,bbl,92606.11,mscf
RNS,Activité E&P,DP,GF,1920,10,4356.27,bbl,136299.36,mscf
RNS,Activité E&P,DP,GF,1920,11,27135.13,bbl,155433.49,mscf
RNS,Activité E&P,DP,GF,1920,12,35730.63,bbl,17170.32,mscf
RNS,Activité E&P,DP,GF,1921,1,16791.79,bbl,198951.68,mscf
RNS,Activité E&P,DP,GF,1921,2,1872.22,bbl,75052.21,mscf
RNS,Activité E&P,DP,GF,1921,3,46023.59,bbl,96988.65,mscf
RNS,Activité E&P,DP,GF,1921,4,29790.07,bbl,138639.81,mscf
RNS,Activité E&P,DP,GF,1921,5,44221.03,bbl,39861.92,mscf
RNS,Activité E&P,DP,GF,1921,6,24280.39,bbl,12149.05,mscf
RNS,Activité E&P,DP,GF,1921,7,22896.87,bbl,10155.25,mscf
RNS,Activité E&P,DP,GF,1921,8,11607.34,bbl,25352.71,mscf
RNS,Activité E&P,DP,GF,1921,9,44886.98,bbl,153579.13,mscf
RNS,Activité E&P,DP,GF,1921,10,30105.86,bbl,144489.8,mscf
RNS,Activité E&P,DP,GF,1921,11,31665.62,bbl,84762.62,mscf
RNS,Activité E&P,DP,GF,1921,12,3740.27,bbl,172800.09,mscf
RNS,Activité E&P,DP,GF,1922,1,8822.48,bbl,7614.49,mscf
RNS,Activité E&P,DP,GF,1922,2,44463.09,bbl,40935.81,mscf
RNS,Activité E&P,DP,GF,1922,3,9759.67,bbl,136535.25,mscf
RNS,Activité E&P,DP,GF,1922,4,30174.64,bbl,190674.76,mscf
RNS,Activité E&P,DP,GF,1922,5,22086.52,bbl,138668.99,mscf
RNS,Activité E&P,DP,GF,1922,6,29636.89,bbl,198140.18,mscf
RNS,Activité E&P,DP,GF,1922,7,48829.2,bbl,64012.35,mscf
RNS,Activité E&P,DP,GF,1922,8,3389.01,bbl,148640.4,mscf
RNS,Activité E&P,DP,GF,1922,9,49980.34,bbl,91029.24,mscf
RNS,Activité E&P,DP,GF,1922,10,42495.33,bbl,122848.71,mscf
RNS,Activité E&P,DP,GF,1922,11,7072.61,bbl,85828.05,mscf
RNS,Activité E&P,DP,GF,1922,12,26110.29,bbl,71870.73,mscf
RNS,Activité E&P,DP,GF,1923,1,11676.13,bbl,128066.85,mscf
RNS,Activité E&P,DP,GF,1923,2,10266.4,bbl,175767.31,mscf
RNS,Activité E&P,DP,GF,1923,3,44376.37,bbl,163960.44,mscf
RNS,Activité E&P,DP,GF,1923,4,31581.81,bbl,37204.33,mscf
RNS,Activité E&P,DP,GF,1923,5,42192.63,bbl,127434.8,mscf
RNS,Activité E&P,DP,GF,1923,6,4485.66,bbl,56763.63,mscf
RNS,Activité E&P,DP,GF,1923,7,38518.37,bbl,184788.55,mscf
RNS,Activité E&P,DP,GF,1923,8,22128.37,bbl,111668.6,mscf
RNS,Activité E&P,DP,GF,1923,9,21913.22,bbl,7787.04,mscf
RNS,Activité E&P,DP,GF,1923,10,48525.73,bbl,88999.51,mscf
RNS,Activité E&P,DP,GF,1923,11,8062.21,bbl,169881.05,mscf
RNS,Activité E&P,DP,GF,1923,12,16524.92,bbl,19784.61,mscf
RNS,Activité E&P,DP,GF,1924,1,45721.59,bbl,108128.99,mscf
RNS,Activité E&P,DP,GF,1924,2,9643.57,bbl,70956.16,mscf
RNS,Activité E&P,DP,GF,1924,3,3793.61,bbl,92315.39,mscf
RNS,Activité E&P,DP,GF,1924,4,35136.88,bbl,182227.34,mscf
RNS,Activité E&P,DP,GF,1924,5,3572.64,bbl,156516.78,mscf
RNS,Activité E&P,DP,GF,1924,6,38451.47,bbl,185950.47,mscf
RNS,Activité E&P,DP,GF,1924,7,31416.6,bbl,84155.02,mscf
RNS,Activité E&P,DP,GF,1924,8,33083.26,bbl,7209.01,mscf
RNS,Activité E&P,DP,GF,1924,9,23798.05,bbl,51327.7,mscf
RNS,Activité E&P,DP,GF,1924,10,45605.38,bbl,56968.75,mscf
RNS,Activité E&P,DP,GF,1924,11,3526.7,bbl,84554.69,mscf
RNS,Activité E&P,DP,GF,1924,12,12342.97,bbl,163301.97,mscf
RNS,Activité E&P,DP,GF,1925,1,46843.75,bbl,157371.81,mscf
RNS,Activité E&P,DP,GF,1925,2,35707.0,bbl,44186.95,mscf
RNS,Activité E&P,DP,GF,1925,3,44359.85,bbl,36631.95,mscf
RNS,Activité E&P,DP,GF,1925,4,5491.07,bbl,45714.52,mscf
RNS,Activité E&P,DP,GF,1925,5,30685.42,bbl,148020.26,mscf
RNS,Activité E&P,DP,GF,1925,6,30498.78,bbl,185146.78,mscf
RNS,Activité E&P,DP,GF,1925,7,37058.67,bbl,177827.49,mscf
RNS,Activité E&P,DP,GF,1925,8,26729.28,bbl,26982.34,mscf
RNS,Activité E&P,DP,GF,1925,9,8972.58,bbl,48393.23,mscf
RNS,Activité E&P,DP,GF,1925,10,42674.54,bbl,72617.04,mscf
RNS,Activité E&P,DP,GF,1925,11,15863.59,bbl,149084.69,mscf
RNS,Activité E&P,DP,GF,1925,12,7293.15,bbl,190135.44,mscf
RNS,Activité E&P,DP,GF,1926,1,20921.95,bbl,97733.93,mscf
RNS,Activité E&P,DP,GF,1926,2,10112.51,bbl,51182.12,mscf
RNS,Activité E&P,DP,GF,1926,3,34032.59,bbl,73427.91,mscf
RNS,Activité E&P,DP,GF,1926,4,5733.93,bbl,131748.71,mscf
RNS,Activité E&P,DP,GF,1926,5,35422.91,bbl,66285.22,mscf
RNS,Activité E&P,DP,GF,1926,6,43360.94,bbl,160753.42,mscf
RNS,Activité E&P,DP,GF,1926,7,38729.64,bbl,94316.66,mscf
RNS,Activité E&P,DP,GF,1926,8,27309.55,bbl,88366.46,mscf
RNS,Activité E&P,DP,GF,1926,9,6952.01,bbl,105771.96,mscf
RNS,Activité E&P,DP,GF,1926,10,44080.31,bbl,157173.3,mscf
RNS,Activité E&P,DP,GF,1926,11,19084.59,bbl,68974.73,mscf
RNS,Activité E&P,DP,GF,1926,12,24701.89,bbl,182964.8,mscf
RNS,Activité E&P,DP,GF,1927,1,4504.59,bbl,143475.85,mscf
RNS,Activité E&P,DP,GF,1927,2,25024.48,bbl,170128.07,mscf
RNS,Activité E&P,DP,GF,1927,3,47073.5,bbl,29000.59,mscf
RNS,Activité E&P,DP,GF,1927,4,7158.36,bbl,98183.0,mscf
RNS,Activité E&P,DP,GF,1927,5,5015.41,bbl,112800.15,mscf
RNS,Activité E&P,DP,GF,1927,6,35545.72,bbl,103203.28,mscf
RNS,Activité E&P,DP,GF,1927,7,19958.89,bbl,93614.82,mscf
RNS,Activité E&P,DP,GF,1927,8,13332.96,bbl,62939.61,mscf
RNS,Activité E&P,DP,GF,1927,9,39926.73,bbl,85111.78,mscf
RNS,Activité E&P,DP,GF,1927,10,31402.54,bbl,140578.1,mscf
RNS,Activité E&P,DP,GF,1927,11,23950.6,bbl,156351.84,mscf
RNS,Activité E&P,DP,GF,1927,12,49685.83,bbl,84201.3,mscf
RNS,Activité E&P,DP,GF,1928,1,21482.27,bbl,40780.91,mscf
RNS,Activité E&P,DP,GF,1928,2,2502.6,bbl,142043.68,mscf
RNS,Activité E&P,DP,GF,1928,3,11802.74,bbl,140505.63,mscf
RNS,Activité E&P,DP,GF,1928,4,6406.55,bbl,16303.79,mscf
RNS,Activité E&P,DP,GF,1928,5,42469.78,bbl,174024.67,mscf
RNS,Activité E&P,DP,GF,1928,6,8351.58,bbl,103307.85,mscf
RNS,Activité E&P,DP,GF,1928,7,39195.7,bbl,72532.08,mscf
RNS,Activité E&P,DP,GF,1928,8,45639.1,bbl,68629.65,mscf
RNS,Activité E&P,DP,GF,1928,9,23295.05,bbl,137337.94,mscf
RNS,Activité E&P,DP,GF,1928,10,42030.33,bbl,117671.22,mscf
RNS,Activité E&P,DP,GF,1928,11,31300.44,bbl,66503.73,mscf
RNS,Activité E&P,DP,GF,1928,12,15303.08,bbl,164655.93,mscf
RNS,Activité E&P,DP,GF,1929,1,5545.81,bbl,44408.09,mscf
RNS,Activité E&P,DP,GF,1929,2,9130.6,bbl,46779.43,mscf
RNS,Activité E&P,DP,GF,1929,3,43908.27,bbl,80802.88,mscf
RNS,Activité E&P,DP,GF,1929,4,11632.88,bbl,164736.91,mscf
RNS,Activité E&P,DP,GF,1929,5,18576.11,bbl,35088.53,mscf
RNS,Activité E&P,DP,GF,1929,6,18432.93,bbl,99511.65,mscf
RNS,Activité E&P,DP,GF,1929,7,10236.03,bbl,9196.28,mscf
RNS,Activité E&P,DP,GF,1929,8,42425.6,bbl,77781.35,mscf
RNS,Activité E&P,DP,GF,1929,9,38808.2,bbl,94701.87,mscf
RNS,Activité E&P,DP,GF,1929,10,16628.84,bbl,112430.33,mscf
RNS,Activité E&P,DP,GF,1929,11,26860.33,bbl,184139.28,mscf
RNS,Activité E&P,DP,GF,1929,12,5111.5,bbl,89660.23,mscf
RNS,Activité E&P,DP,GF,1930,1,12676.5,bbl,153292.58,mscf
RNS,Activité E&P,DP,GF,1930,2,30285.85,bbl,83497.51,mscf
RNS,Activité E&P,DP,GF,1930,3,23004.61,bbl,107750.75,mscf
RNS,Activité E&P,DP,GF,1930,4,22655.2,bbl,184538.47,mscf
RNS,Activité E&P,DP,GF,1930,5,36833.1,bbl,143917.32,mscf
RNS,Activité E&P,DP,GF,1930,6,5180.18,bbl,121400.86,mscf
RNS,Activité E&P,DP,GF,1930,7,39064.08,bbl,101142.68,mscf
RNS,Activité E&P,DP,GF,1930,8,19905.82,bbl,110027.43,mscf
RNS,Activité E&P,DP,GF,1930,9,24691.87,bbl,97941.69,mscf
RNS,Activité E&P,DP,GF,1930,10,41805.92,bbl,53438.33,mscf
RNS,Activité E&P,DP,GF,1930,11,12325.52,bbl,73547.93,mscf
RNS,Activité E&P,DP,GF,1930,12,26318.15,bbl,164759.07,mscf
RNS,Activité E&P,DP,GF,1931,1,37790.75,bbl,53815.27,mscf
RNS,Activité E&P,DP,GF,1931,2,33649.92,bbl,102223.37,mscf
RNS,Activité E&P,DP,GF,1931,3,18976.35,bbl,21935.18,mscf
RNS,Activité E&P,DP,GF,1931,4,14116.24,bbl,132725.85,mscf
RNS,Activité E&P,DP,GF,1931,5,47040.43,bbl,57888.29,mscf
RNS,Activité E&P,DP,GF,1931,6,27804.85,bbl,104988.21,mscf
RNS,Activité E&P,DP,GF,1931,7,23127.13,bbl,96686.95,mscf
RNS,Activité E&P,DP,GF,1931,8,37733.42,bbl,134356.38,mscf
RNS,Activité E&P,DP,GF,1931,9,14983.45,bbl,45380.94,mscf
RNS,Activité E&P,DP,GF,1931,10,8455.0,bbl,34638.08,mscf
RNS,Activité E&P,DP,GF,1931,11,35027.75,bbl,67213.87,mscf
RNS,Activité E&P,DP,GF,1931,12,19843.35,bbl,113417.45,mscf
RNS,Activité E&P,DP,GF,1932,1,35828.27,bbl,195529.67,mscf
RNS,Activité E&P,DP,GF,1932,2,14844.68,bbl,38211.82,mscf
RNS,Activité E&P,DP,GF,1932,3,23305.77,bbl,166707.82,mscf
RNS,Activité E&P,DP,GF,1932,4,36134.35,bbl,185386.5,mscf
RNS,Activité E&P,DP,GF,1932,5,40855.59,bbl,60822.54,mscf
RNS,Activité E&P,DP,GF,1932,6,5138.68,bbl,25346.69,mscf
RNS,Activité E&P,DP,GF,1932,7,32052.27,bbl,43628.48,mscf
RNS,Activité E&P,DP,GF,1932,8,4717.52,bbl,6762.75,mscf
RNS,Activité E&P,DP,GF,1932,9,34795.12,bbl,82567.12,mscf
RNS,Activité E&P,DP,GF,1932,10,38851.56,bbl,33959.58,mscf
RNS,Activité E&P,DP,GF,1932,11,18923.32,bbl,36478.77,mscf
RNS,Activité E&P,DP,GF,1932,12,44679.25,bbl,167152.15,mscf
RNS,Activité E&P,DP,GF,1933,1,3899.42,bbl,136379.26,mscf
RNS,Activité E&P,DP,GF,1933,2,23096.0,bbl,127427.43,mscf
RNS,Activité E&P,DP,GF,1933,3,22449.44,bbl,186789.12,mscf
RNS,Activité E&P,DP,GF,1933,4,26439.03,bbl,70887.04,mscf
RNS,Activité E&P,DP,GF,1933,5,6088.33,bbl,190940.08,mscf
RNS,Activité E&P,DP,GF,1933,6,33470.74,bbl,138783.19,mscf
RNS,Activité E&P,DP,GF,1933,7,4921.16,bbl,179387.38,mscf
RNS,Activité E&P,DP,GF,1933,8,49465.25,bbl,17727.04,mscf
RNS,Activité E&P,DP,GF,1933,9,18576.5,bbl,7868.14,mscf
RNS,Activité E&P,DP,GF,1933,10,44281.46,bbl,142692.49,mscf
RNS,Activité E&P,DP,GF,1933,11,20532.38,bbl,191961.07,mscf
RNS,Activité E&P,DP,GF,1933,12,33811.62,bbl,20048.2,mscf
RNS,Activité E&P,DP,GF,1934,1,12374.51,bbl,37946.61,mscf
RNS,Activité E&P,DP,GF,1934,2,43352.48,bbl,146292.31,mscf
RNS,Activité E&P,DP,GF,1934,3,30361.79,bbl,156666.98,mscf
RNS,Activité E&P,DP,GF,1934,4,15564.91,bbl,54087.9,mscf
RNS,Activité E&P,DP,GF,1934,5,23339.08,bbl,146779.48,mscf
RNS,Activité E&P,DP,GF,1934,6,38277.04,bbl,157066.13,mscf
RNS,Activité E&P,DP,GF,1934,7,6745.61,bbl,28322.89,mscf
RNS,Activité E&P,DP,GF,1934,8,32105.06,bbl,120777.43,mscf
RNS,Activité E&P,DP,GF,1934,9,15042.27,bbl,50946.84,mscf
RNS,Activité E&P,DP,GF,1934,10,7942.55,bbl,50583.53,mscf
RNS,Activité E&P,DP,GF,1934,11,21414.35,bbl,42438.64,mscf
RNS,Activité E&P,DP,GF,1934,12,28384.41,bbl,176403.2,mscf
RNS,Activité E&P,DP,GF,1935,1,46527.4,bbl,181951.84,mscf
RNS,Activité E&P,DP,GF,1935,2,9417.51,bbl,83658.91,mscf
RNS,Activité E&P,DP,GF,1935,3,22871.01,bbl,24317.97,mscf
RNS,Activité E&P,DP,GF,1935,4,1286.32,bbl,188336.0,mscf
RNS,Activité E&P,DP,GF,1935,5,23668.06,bbl,8335.59,mscf
RNS,Activité E&P,DP,GF,1935,6,33377.52,bbl,176238.09,mscf
RNS,Activité E&P,DP,GF,1935,7,9704.14,bbl,27361.19,mscf
RNS,Activité E&P,DP,GF,1935,8,30814.4,bbl,125463.07,mscf
RNS,Activité E&P,DP,GF,1935,9,35197.39,bbl,61561.85,mscf
RNS,Activité E&P,DP,GF,1935,10,34256.64,bbl,142630.84,mscf
RNS,Activité E&P,DP,GF,1935,11,40918.85,bbl,188332.13,mscf
RNS,Activité E&P,DP,GF,1935,12,17465.84,bbl,143187.8,mscf
RNS,Activité E&P,DP,GF,1936,1,16542.07,bbl,67667.03,mscf
RNS,Activité E&P,DP,GF,1936,2,5143.54,bbl,163823.5,mscf
RNS,Activité E&P,DP,GF,1936,3,30749.55,bbl,63097.72,mscf
RNS,Activité E&P,DP,GF,1936,4,7898.21,bbl,20283.86,mscf
RNS,Activité E&P,DP,GF,1936,5,13350.22,bbl,33331.71,mscf
RNS,Activité E&P,DP,GF,1936,6,43888.23,bbl,27377.71,mscf
RNS,Activité E&P,DP,GF,1936,7,12233.29,bbl,181035.14,mscf
RNS,Activité E&P,DP,GF,1936,8,36247.47,bbl,95725.93,mscf
RNS,Activité E&P,DP,GF,1936,9,13018.65,bbl,133766.46,mscf
RNS,Activité E&P,DP,GF,1936,10,48930.05,bbl,42293.93,mscf
RNS,Activité E&P,DP,GF,1936,11,27231.45,bbl,114755.44,mscf
RNS,Activité E&P,DP,GF,1936,12,32226.68,bbl,150696.99,mscf
RNS,Activité E&P,DP,GF,1937,1,20943.92,bbl,15510.13,mscf
RNS,Activité E&P,DP,GF,1937,2,13143.6,bbl,144376.89,mscf
RNS,Activité E&P,DP,GF,1937,3,41403.14,bbl,197925.29,mscf
RNS,Activité E&P,DP,GF,1937,4,5445.41,bbl,191884.59,mscf
RNS,Activité E&P,DP,GF,1937,5,24992.32,bbl,191484.29,mscf
RNS,Activité E&P,DP,GF,1937,6,38336.4,bbl,65509.48,mscf
RNS,Activité E&P,DP,GF,1937,7,4574.87,bbl,114106.02,mscf
RNS,Activité E&P,DP,GF,1937,8,39026.92,bbl,85048.85,mscf
RNS,Activité E&P,DP,GF,1937,9,27284.73,bbl,16218.98,mscf
RNS,Activité E&P,DP,GF,1937,10,43904.03,bbl,161631.62,mscf
RNS,Activité E&P,DP,GF,1937,11,34028.36,bbl,77341.31,mscf
RNS,Activité E&P,DP,GF,1937,12,47379.77,bbl,5347.25,mscf
RNS,Activité E&P,DP,GF,1938,1,3172.79,bbl,139668.31,mscf
RNS,Activité E&P,DP,GF,1938,2,28814.88,bbl,63180.54,mscf
RNS,Activité E&P,DP,GF,1938,3,2308.42,bbl,189913.9,mscf
RNS,Activité E&P,DP,GF,1938,4,5236.48,bbl,168138.07,mscf
RNS,Activité E&P,DP,GF,1938,5,35098.92,bbl,59138.13,mscf
RNS,Activité E&P,DP,GF,1938,6,36281.84,bbl,160176.77,mscf
RNS,Activité E&P,DP,GF,1938,7,49034.92,bbl,187061.69,mscf
RNS,Activité E&P,DP,GF,1938,8,29058.77,bbl,18388.06,mscf
RNS,Activité E&P,DP,GF,1938,9,14958.49,bbl,59000.77,mscf
RNS,Activité E&P,DP,GF,1938,10,10882.75,bbl,161252.45,mscf
RNS,Activité E&P,DP,GF,1938,11,15648.09,bbl,26342.46,mscf
RNS,Activité E&P,DP,GF,1938,12,18715.14,bbl,74906.02,mscf
RNS,Activité E&P,DP,GF,1939,1,33447.63,bbl,160982.4,mscf
RNS,Activité E&P,DP,GF,1939,2,16733.77,bbl,89879.12,mscf
RNS,Activité E&P,DP,GF,1939,3,5262.46,bbl,143191.55,mscf
RNS,Activité E&P,DP,GF,1939,4,8478.4,bbl,192257.11,mscf
RNS,Activité E&P,DP,GF,1939,5,38313.91,bbl,111030.94,mscf
RNS,Activité E&P,DP,GF,1939,6,2575.7,bbl,71013.53,mscf
RNS,Activité E&P,DP,GF,1939,7,41506.19,bbl,93943.09,mscf
RNS,Activité E&P,DP,GF,1939,8,31215.62,bbl,79093.31,mscf
RNS,Activité E&P,DP,GF,1939,9,24456.63,bbl,101970.93,mscf
RNS,Activité E&P,DP,GF,1939,10,39925.54,bbl,136941.44,mscf
RNS,Activité E&P,DP,GF,1939,11,21727.59,bbl,44468.14,mscf
RNS,Activité E&P,DP,GF,1939,12,20247.39,bbl,46604.43,mscf
RNS,Activité E&P,DP,GF,1940,1,5071.16,bbl,65377.16,mscf
RNS,Activité E&P,DP,GF,1940,2,6669.72,bbl,112850.37,mscf
RNS,Activité E&P,DP,GF,1940,3,22207.71,bbl,87442.49,mscf
RNS,Activité E&P,DP,GF,1940,4,16187.37,bbl,58967.91,mscf
RNS,Activité E&P,DP,GF,1940,5,44260.85,bbl,41083.89,mscf
RNS,Activité E&P,DP,GF,1940,6,45634.22,bbl,196886.75,mscf
RNS,Activité E&P,DP,GF,1940,7,39812.46,bbl,94653.5,mscf
RNS,Activité E&P,DP,GF,1940,8,45997.25,bbl,11600.67,mscf
RNS,Activité E&P,DP,GF,1940,9,10145.57,bbl,82367.29,mscf
RNS,Activité E&P,DP,GF,1940,10,4768.04,bbl,72543.24,mscf
RNS,Activité E&P,DP,GF,1940,11,37491.89,bbl,150145.86,mscf
RNS,Activité E&P,DP,GF,1940,12,15740.75,bbl,43829.85,mscf
RNS,Activité E&P,DP,GF,1941,1,36663.09,bbl,127517.07,mscf
RNS,Activité E&P,DP,GF,1941,2,9914.12,bbl,172371.97,mscf
RNS,Activité E&P,DP,GF,1941,3,30996.16,bbl,184582.57,mscf
RNS,Activité E&P,DP,GF,1941,4,18347.72,bbl,138151.36,mscf
RNS,Activité E&P,DP,GF,1941,5,33464.92,bbl,172758.71,mscf
RNS,Activité E&P,DP,GF,1941,6,3409.55,bbl,14290.85,mscf
RNS,Activité E&P,DP,GF,1941,7,9908.27,bbl,92992.52,mscf
RNS,Activité E&P,DP,GF,1941,8,9360.75,bbl,138450.95,mscf
RNS,Activité E&P,DP,GF,1941,9,10517.68,bbl,116242.03,mscf
RNS,Activité E&P,DP,GF,1941,10,8091.95,bbl,170718.75,mscf
RNS,Activité E&P,DP,GF,1941,11,34616.7,bbl,125202.86,mscf
RNS,Activité E&P,DP,GF,1941,12,10694.86,bbl,150523.89,mscf
RNS,Activité E&P,DP,GF,1942,1,17421.49,bbl,57466.89,mscf
RNS,Activité E&P,DP,GF,1942,2,20551.81,bbl,75988.35,mscf
RNS,Activité E&P,DP,GF,1942,3,13229.71,bbl,139657.9,mscf
RNS,Activité E&P,DP,GF,1942,4,36157.51,bbl,184902.76,mscf
RNS,Activité E&P,DP,GF,1942,5,27001.99,bbl,171691.37,mscf
RNS,Activité E&P,DP,GF,1942,6,18359.91,bbl,141511.83,mscf
RNS,Activité E&P,DP,GF,1942,7,14519.11,bbl,45548.88,mscf
RNS,Activité E&P,DP,GF,1942,8,14492.12,bbl,196932.97,mscf
RNS,Activité E&P,DP,GF,1942,9,41997.44,bbl,75432.44,mscf
RNS,Activité E&P,DP,GF,1942,10,39253.5,bbl,195339.87,mscf
RNS,Activité E&P,DP,GF,1942,11,42801.36,bbl,81824.97,mscf
RNS,Activité E&P,DP,GF,1942,12,47905.05,bbl,85397.1,mscf
RNS,Activité E&P,DP,GF,1943,1,18752.39,bbl,80050.64,mscf
RNS,Activité E&P,DP,GF,1943,2,8950.16,bbl,169842.26,mscf
RNS,Activité E&P,DP,GF,1943,3,37893.42,bbl,142263.57,mscf
RNS,Activité E&P,DP,GF,1943,4,31407.62,bbl,150935.11,mscf
RNS,Activité E&P,DP,GF,1943,5,2400.21,bbl,59795.2,mscf
RNS,Activité E&P,DP,GF,1943,6,24637.41,bbl,169763.89,mscf
RNS,Activité E&P,DP,GF,1943,7,1008.08,bbl,191474.97,mscf
RNS,Activité E&P,DP,GF,1943,8,5788.37,bbl,44527.66,mscf
RNS,Activité E&P,DP,GF,1943,9,3432.16,bbl,181412.03,mscf
RNS,Activité E&P,DP,GF,1943,10,5493.37,bbl,104554.3,mscf
RNS,Activité E&P,DP,GF,1943,11,15582.49,bbl,114701.86,mscf
RNS,Activité E&P,DP,GF,1943,12,14834.79,bbl,182908.81,mscf
RNS,Activité E&P,DP,GF,1944,1,29055.11,bbl,130277.53,mscf
RNS,Activité E&P,DP,GF,1944,2,32551.85,bbl,168342.1,mscf
RNS,Activité E&P,DP,GF,1944,3,13636.0,bbl,19719.2,mscf
RNS,Activité E&P,DP,GF,1944,4,20639.25,bbl,46153.32,mscf
RNS,Activité E&P,DP,GF,1944,5,49013.07,bbl,151464.52,mscf
RNS,Activité E&P,DP,GF,1944,6,15332.95,bbl,148058.52,mscf
RNS,Activité E&P,DP,GF,1944,7,20077.97,bbl,157451.83,mscf
RNS,Activité E&P,DP,GF,1944,8,8847.89,bbl,173144.67,mscf
RNS,Activité E&P,DP,GF,1944,9,12077.86,bbl,57840.88,mscf
RNS,Activité E&P,DP,GF,1944,10,39660.7,bbl,124171.2,mscf
RNS,Activité E&P,DP,GF,1944,11,47828.46,bbl,70349.04,mscf
RNS,Activité E&P,DP,GF,1944,12,9823.84,bbl,143581.78,mscf
RNS,Activité E&P,DP,GF,1945,1,33834.83,bbl,87658.71,mscf
RNS,Activité E&P,DP,GF,1945,2,12381.12,bbl,179805.8,mscf
RNS,Activité E&P,DP,GF,1945,3,47210.13,bbl,151859.18,mscf
RNS,Activité E&P,DP,GF,1945,4,8132.07,bbl,162241.35,mscf
RNS,Activité E&P,DP,GF,1945,5,30902.03,bbl,182873.31,mscf
RNS,Activité E&P,DP,GF,1945,6,9618.1,bbl,79642.48,mscf
RNS,Activité E&P,DP,GF,1945,7,10588.51,bbl,87211.05,mscf
RNS,Activité E&P,DP,GF,1945,8,19911.61,bbl,174725.11,mscf
RNS,Activité E&P,DP,GF,1945,9,25101.3,bbl,105777.94,mscf
RNS,Activité E&P,DP,GF,1945,10,33400.03,bbl,13049.37,mscf
RNS,Activité E&P,DP,GF,1945,11,6039.24,bbl,77869.55,mscf
RNS,Activité E&P,DP,GF,1945,12,47902.04,bbl,176447.51,mscf
RNS,Activité E&P,DP,GF,1946,1,44741.75,bbl,123531.48,mscf
RNS,Activité E&P,DP,GF,1946,2,32438.63,bbl,71698.64,mscf
RNS,Activité E&P,DP,GF,1946,3,22569.89,bbl,41270.5,mscf
RNS,Activité E&P,DP,GF,1946,4,9282.35,bbl,127727.67,mscf
RNS,Activité E&P,DP,GF,1946,5,32776.85,bbl,83920.68,mscf
RNS,Activité E&P,DP,GF,1946,6,11323.16,bbl,148557.44,mscf
RNS,Activité E&P,DP,GF,1946,7,37467.54,bbl,86976.33,mscf
RNS,Activité E&P,DP,GF,1946,8,37942.02,bbl,159574.61,mscf
RNS,Activité E&P,DP,GF,1946,9,48449.03,bbl,189683.37,mscf
RNS,Activité E&P,DP,GF,1946,10,21569.73,bbl,17791.58,mscf
RNS,Activité E&P,DP,GF,1946,11,20855.62,bbl,166128.09,mscf
RNS,Activité E&P,DP,GF,1946,12,3414.95,bbl,131865.38,mscf
RNS,Activité E&P,DP,GF,1947,1,10615.81,bbl,8715.85,mscf
RNS,Activité E&P,DP,GF,1947,2,35149.07,bbl,66213.74,mscf
RNS,Activité E&P,DP,GF,1947,3,37371.44,bbl,160170.98,mscf
RNS,Activité E&P,DP,GF,1947,4,41397.5,bbl,187855.93,mscf
RNS,Activité E&P,DP,GF,1947,5,46709.37,bbl,8672.0,mscf
RNS,Activité E&P,DP,GF,1947,6,21224.82,bbl,157371.12,mscf
RNS,Activité E&P,DP,GF,1947,7,7048.55,bbl,143458.41,mscf
RNS,Activité E&P,DP,GF,1947,8,33909.03,bbl,141958.71,mscf
RNS,Activité E&P,DP,GF,1947,9,20127.83,bbl,174940.73,mscf
RNS,Activité E&P,DP,GF,1947,10,4123.19,bbl,90138.09,mscf
RNS,Activité E&P,DP,GF,1947,11,34885.66,bbl,35189.25,mscf
RNS,Activité E&P,DP,GF,1947,12,6956.54,bbl,108196.32,mscf
RNS,Activité E&P,DP,GF,1948,1,35213.16,bbl,76778.72,mscf
RNS,Activité E&P,DP,GF,1948,2,21190.13,bbl,60379.17,mscf
RNS,Activité E&P,DP,GF,1948,3,35356.96,bbl,85924.86,mscf
RNS,Activité E&P,DP,GF,1948,4,22581.53,bbl,29885.47,mscf
RNS,Activité E&P,DP,GF,1948,5,8067.8,bbl,96087.34,mscf
RNS,Activité E&P,DP,GF,1948,6,38468.09,bbl,153187.76,mscf
RNS,Activité E&P,DP,GF,1948,7,40512.54,bbl,198998.18,mscf
RNS,Activité E&P,DP,GF,1948,8,8983.86,bbl,145051.25,mscf
RNS,Activité E&P,DP,GF,1948,9,49837.28,bbl,49321.9,mscf
RNS,Activité E&P,DP,GF,1948,10,8386.92,bbl,127979.21,mscf
RNS,Activité E&P,DP,GF,1948,11,17574.67,bbl,20044.52,mscf
RNS,Activité E&P,DP,GF,1948,12,9703.11,bbl,67559.63,mscf
RNS,Activité E&P,DP,GF,1949,1,45816.9,bbl,46662.87,mscf
RNS,Activité E&P,DP,GF,1949,2,10662.72,bbl,154430.07,mscf
RNS,Activité E&P,DP,GF,1949,3,39867.34,bbl,172182.33,mscf
RNS,Activité E&P,DP,GF,1949,4,5160.72,bbl,64635.41,mscf
RNS,Activité E&P,DP,GF,1949,5,22124.25,bbl,62028.45,mscf
RNS,Activité E&P,DP,GF,1949,6,8555.67,bbl,113823.88,mscf
RNS,Activité E&P,DP,GF,1949,7,4215.66,bbl,65377.32,mscf
RNS,Activité E&P,DP,GF,1949,8,9469.28,bbl,131015.23,mscf
RNS,Activité E&P,DP,GF,1949,9,43107.11,bbl,116260.33,mscf
RNS,Activité E&P,DP,GF,1949,10,44857.63,bbl,84017.76,mscf
RNS,Activité E&P,DP,GF,1949,11,10675.41,bbl,74885.6,mscf
RNS,Activité E&P,DP,GF,1949,12,3640.01,bbl,93398.52,mscf
HRM,Activité E&P,DP,GF,1900,1,7454.24,bbl,91819.38,mscf
HRM,Activité E&P,DP,GF,1900,2,42611.66,bbl,35950.52,mscf
HRM,Activité E&P,DP,GF,1900,3,3391.32,bbl,87097.95,mscf
HRM,Activité E&P,DP,GF,1900,4,31970.68,bbl,187084.83,mscf
HRM,Activité E&P,DP,GF,1900,5,8784.34,bbl,175056.39,mscf
HRM,Activité E&P,DP,GF,1900,6,30518.42,bbl,45376.77,mscf
HRM,Activité E&P,DP,GF,1900,7,42726.16,bbl,75691.07,mscf
HRM,Activité E&P,DP,GF,1900,8,12647.19,bbl,114504.6,mscf
HRM,Activité E&P,DP,GF,1900,9,17492.1,bbl,104605.75,mscf
HRM,Activité E&P,DP,GF,1900,10,17071.46,bbl,52104.31,mscf
HRM,Activité E&P,DP,GF,1900,11,31995.88,bbl,167201.89,mscf
HRM,Activité E&P,DP,GF,1900,12,37747.42,bbl,51997.88,mscf
HRM,Activité E&P,DP,GF,1901,1,17017.74,bbl,102813.14,mscf
HRM,Activité E&P,DP,GF,1901,2,32815.48,bbl,189170.74,mscf
HRM,Activité E&P,DP,GF,1901,3,38658.27,bbl,130156.52,mscf
HRM,Activité E&P,DP,GF,1901,4,30209.84,bbl,60911.16,mscf
HRM,Activité E&P,DP,GF,1901,5,6472.73,bbl,148287.21,mscf
HRM,Activité E&P,DP,GF,1901,6,4188.55,bbl,94769.74,mscf
HRM,Activité E&P,DP,GF,1901,7,2794.73,bbl,125796.42,mscf
HRM,Activité E&P,DP,GF,1901,8,17536.13,bbl,67499.78,mscf
HRM,Activité E&P,DP,GF,1901,9,47556.74,bbl,136831.87,mscf
HRM,Activité E&P,DP,GF,1901,10,20873.06,bbl,89481.7,mscf
HRM,Activité E&P,DP,GF,1901,11,33426.34,bbl,159172.26,mscf
HRM,Activité E&P,DP,GF,1901,12,45023.88,bbl,181747.44,mscf
HRM,Activité E&P,DP,GF,1902,1,38516.43,bbl,128214.88,mscf
HRM,Activité E&P,DP,GF,1902,2,35735.98,bbl,174465.66,mscf
HRM,Activité E&P,DP,GF,1902,3,7604.72,bbl,115423.92,mscf
HRM,Activité E&P,DP,GF,1902,4,48384.23,bbl,89417.71,mscf
HRM,Activité E&P,DP,GF,1902,5,7524.72,bbl,65631.41,mscf
HRM,Activité E&P,DP,GF,1902,6,21922.1,bbl,188989.08,mscf
HRM,Activité E&P,DP,GF,1902,7,29608.26,bbl,171183.75,mscf
HRM,Activité E&P,DP,GF,1902,8,35986.9,bbl,131722.58,mscf
HRM,Activité E&P,DP,GF,1902,9,34021.29,bbl,59155.81,mscf
HRM,Activité E&P,DP,GF,1902,10,21185.65,bbl,175058.65,mscf
HRM,Activité E&P,DP,GF,1902,11,41124.77,bbl,119917.01,mscf
HRM,Activité E&P,DP,GF,1902,12,4051.02,bbl,74120.4,mscf
HRM,Activité E&P,DP,GF,1903,1,30017.8,bbl,175925.22,mscf
HRM,Activité E&P,DP,GF,1903,2,13250.93,bbl,142772.87,mscf
HRM,Activité E&P,DP,GF,1903,3,2283.43,bbl,81022.73,mscf
HRM,Activité E&P,DP,GF,1903,4,19428.86,bbl,43165.93,mscf
HRM,Activité E&P,DP,GF,1903,5,45083.21,bbl,159615.88,mscf
HRM,Activité E&P,DP,GF,1903,6,22253.78,bbl,9040.9,mscf
HRM,Activité E&P,DP,GF,1903,7,18669.28,bbl,14063.72,mscf
HRM,Activité E&P,DP,GF,1903,8,19098.08,bbl,50304.5,mscf
HRM,Activité E&P,DP,GF,1903,9,35557.73,bbl,133944.14,mscf
HRM,Activité E&P,DP,GF,1903,10,8174.48,bbl,161076.3,mscf
HRM,Activité E&P,DP,GF,1903,11,19297.62,bbl,72314.85,mscf
HRM,Activité E&P,DP,GF,1903,12,42043.36,bbl,30763.04,mscf
HRM,Activité E&P,DP,GF,1904,1,25745.87,bbl,160245.18,mscf
HRM,Activité E&P,DP,GF,1904,2,47698.54,bbl,70168.16,mscf
HRM,Activité E&P,DP,GF,1904,3,26704.47,bbl,142035.99,mscf
HRM,Activité E&P,DP,GF,1904,4,5000.44,bbl,143075.83,mscf
HRM,Activité E&P,DP,GF,1904,5,44477.5,bbl,140463.44,mscf
HRM,Activité E&P,DP,GF,1904,6,35915.75,bbl,168463.47,mscf
HRM,Activité E&P,DP,GF,1904,7,17836.93,bbl,129234.07,mscf
HRM,Activité E&P,DP,GF,1904,8,40954.9,bbl,62426.26,mscf
HRM,Activité E&P,DP,GF,1904,9,23055.3,bbl,135712.72,mscf
HRM,Activité E&P,DP,GF,1904,10,27615.07,bbl,94996.71,mscf
HRM,Activité E&P,DP,GF,1904,11,2218.68,bbl,70970.83,mscf
HRM,Activité E&P,DP,GF,1904,12,18922.07,bbl,131241.6,mscf
HRM,Activité E&P,DP,GF,1905,1,19428.94,bbl,99783.8,mscf
HRM,Activité E&P,DP,GF,1905,2,36826.28,bbl,161794.72,mscf
HRM,Activité E&P,DP,GF,1905,3,1309.48,bbl,132507.68,mscf
HRM,Activité E&P,DP,GF,1905,4,21691.15,bbl,74868.78,mscf
HRM,Activité E&P,DP,GF,1905,5,2666.14,bbl,37903.19,mscf
HRM,Activité E&P,DP,GF,1905,6,24490.4,bbl,72631.08,mscf
HRM,Activité E&P,DP,GF,1905,7,24102.92,bbl,85818.33,mscf
HRM,Activité E&P,DP,GF,1905,8,27949.58,bbl,121853.04,mscf
HRM,Activité E&P,DP,GF,1905,9,7617.96,bbl,74335.39,mscf
HRM,Activité E&P,DP,GF,1905,10,32385.96,bbl,25342.96,mscf
HRM,Activité E&P,DP,GF,1905,11,36856.06,bbl,153746.59,mscf
HRM,Activité E&P,DP,GF,1905,12,48500.13,bbl,27825.16,mscf
HRM,Activité E&P,DP,GF,1906,1,33346.1,bbl,22541.34,mscf
HRM,Activité E&P,DP,GF,1906,2,46455.24,bbl,10010.47,mscf
HRM,Activité E&P,DP,GF,1906,3,46866.02,bbl,21468.42,mscf
HRM,Activité E&P,DP,GF,1906,4,19651.57,bbl,198251.49,mscf
HRM,Activité E&P,DP,GF,1906,5,39280.05,bbl,71952.65,mscf
HRM,Activité E&P,DP,GF,1906,6,33653.02,bbl,150498.24,mscf
HRM,Activité E&P,DP,GF,1906,7,22230.71,bbl,185150.72,mscf
HRM,Activité E&P,DP,GF,1906,8,39719.64,bbl,28503.24,mscf
HRM,Activité E&P,DP,GF,1906,9,47838.01,bbl,173682.99,mscf
HRM,Activité E&P,DP,GF,1906,10,36752.64,bbl,96226.81,mscf
HRM,Activité E&P,DP,GF,1906,11,4125.1,bbl,135663.53,mscf
HRM,Activité E&P,DP,GF,1906,12,16835.71,bbl,94040.87,mscf
HRM,Activité E&P,DP,GF,1907,1,10111.04,bbl,99423.05,mscf
HRM,Activité E&P,DP,GF,1907,2,13673.87,bbl,53644.53,mscf
HRM,Activité E&P,DP,GF,1907,3,41924.96,bbl,196322.77,mscf
HRM,Activité E&P,DP,GF,1907,4,43865.89,bbl,88989.47,mscf
HRM,Activité E&P,DP,GF,1907,5,25163.29,bbl,8182.42,mscf
HRM,Activité E&P,DP,GF,1907,6,39086.09,bbl,39176.58,mscf
HRM,Activité E&P,DP,GF,1907,7,13751.34,bbl,11313.52,mscf
HRM,Activité E&P,DP,GF,1907,8,12341.01,bbl,171479.16,mscf
HRM,Activité E&P,DP,GF,1907,9,43182.34,bbl,66292.55,mscf
HRM,Activité E&P,DP,GF,1907,10,29157.66,bbl,175064.48,mscf
HRM,Activité E&P,DP,GF,1907,11,28378.62,bbl,37696.63,mscf
HRM,Activité E&P,DP,GF,1907,12,29904.71,bbl,140906.96,mscf
HRM,Activité E&P,DP,GF,1908,1,24727.14,bbl,184651.03,mscf
HRM,Activité E&P,DP,GF,1908,2,20717.74,bbl,123026.42,mscf
HRM,Activité E&P,DP,GF,1908,3,36730.08,bbl,197429.06,mscf
HRM,Activité E&P,DP,GF,1908,4,46528.12,bbl,68017.22,mscf
HRM,Activité E&P,DP,GF,1908,5,49684.09,bbl,70268.72,mscf
HRM,Activité E&P,DP,GF,1908,6,17445.56,bbl,178980.48,mscf
HRM,Activité E&P,DP,GF,1908,7,48190.49,bbl,141619.63,mscf
HRM,Activité E&P,DP,GF,1908,8,43577.63,bbl,89634.07,mscf
HRM,Activité E&P,DP,GF,1908,9,2949.5,bbl,174718.76,mscf
HRM,Activité E&P,DP,GF,1908,10,20189.08,bbl,183495.11,mscf
HRM,Activité E&P,DP,GF,1908,11,37320.32,bbl,19577.14,mscf
HRM,Activité E&P,DP,GF,1908,12,7677.54,bbl,104731.69,mscf
HRM,Activité E&P,DP,GF,1909,1,6351.83,bbl,22398.3,mscf
HRM,Activité E&P,DP,GF,1909,2,23694.27,bbl,132983.02,mscf
HRM,Activité E&P,DP,GF,1909,3,34855.26,bbl,23112.35,mscf
HRM,Activité E&P,DP,GF,1909,4,20737.27,bbl,187496.04,mscf
HRM,Activité E&P,DP,GF,1909,5,25293.1,bbl,137414.05,mscf
HRM,Activité E&P,DP,GF,1909,6,1280.93,bbl,66586.35,mscf
HRM,Activité E&P,DP,GF,1909,7,43510.76,bbl,22931.76,mscf
HRM,Activité E&P,DP,GF,1909,8,46247.84,bbl,12667.1,mscf
HRM,Activité E&P,DP,GF,1909,9,45847.56,bbl,117330.15,mscf
HRM,Activité E&P,DP,GF,1909,10,1559.94,bbl,56079.0,mscf
HRM,Activité E&P,DP,GF,1909,11,46880.78,bbl,160225.02,mscf
HRM,Activité E&P,DP,GF,1909,12,6181.37,bbl,62934.59,mscf
HRM,Activité E&P,DP,GF,1910,1,42064.33,bbl,180973.88,mscf
HRM,Activité E&P,DP,GF,1910,2,21952.12,bbl,183101.87,mscf
HRM,Activité E&P,DP,GF,1910,3,17867.65,bbl,55251.49,mscf
HRM,Activité E&P,DP,GF,1910,4,21641.85,bbl,35302.43,mscf
HRM,Activité E&P,DP,GF,1910,5,11809.95,bbl,36032.72,mscf
HRM,Activité E&P,DP,GF,1910,6,16364.3,bbl,100299.12,mscf
HRM,Activité E&P,DP,GF,1910,7,23470.05,bbl,146864.63,mscf
HRM,Activité E&P,DP,GF,1910,8,5196.1,bbl,77269.45,mscf
HRM,Activité E&P,DP,GF,1910,9,25430.93,bbl,87014.79,mscf
HRM,Activité E&P,DP,GF,1910,10,47493.56,bbl,148114.09,mscf
HRM,Activité E&P,DP,GF,1910,11,4050.35,bbl,28867.6,mscf
HRM,Activité E&P,DP,GF,1910,12,36781.71,bbl,144052.2,mscf
HRM,Activité E&P,DP,GF,1911,1,35089.77,bbl,59856.6,mscf
HRM,Activité E&P,DP,GF,1911,2,2143.95,bbl,164801.06,mscf
HRM,Activité E&P,DP,GF,1911,3,31659.82,bbl,164671.73,mscf
HRM,Activité E&P,DP,GF,1911,4,4735.79,bbl,103298.99,mscf
HRM,Activité E&P,DP,GF,1911,5,45458.03,bbl,180919.04,mscf
HRM,Activité E&P,DP,GF,1911,6,23780.52,bbl,144549.64,mscf
HRM,Activité E&P,DP,GF,1911,7,24973.02,bbl,91534.2,mscf
HRM,Activité E&P,DP,GF,1911,8,33847.3,bbl,25397.5,mscf
HRM,Activité E&P,DP,GF,1911,9,12852.06,bbl,13690.33,mscf
HRM,Activité E&P,DP,GF,1911,10,39691.52,bbl,84174.26,mscf
HRM,Activité E&P,DP,GF,1911,11,2482.88,bbl,149639.45,mscf
HRM,Activité E&P,DP,GF,1911,12,6844.1,bbl,189602.05,mscf
HRM,Activité E&P,DP,GF,1912,1,39555.95,bbl,112276.71,mscf
HRM,Activité E&P,DP,GF,1912,2,3284.46,bbl,165596.66,mscf
HRM,Activité E&P,DP,GF,1912,3,20018.54,bbl,64341.73,mscf
HRM,Activité E&P,DP,GF,1912,4,16806.5,bbl,192682.59,mscf
HRM,Activité E&P,DP,GF,1912,5,6229.16,bbl,144770.64,mscf
HRM,Activité E&P,DP,GF,1912,6,19449.94,bbl,97318.36,mscf
HRM,Activité E&P,DP,GF,1912,7,22058.12,bbl,47557.82,mscf
HRM,Activité E&P,DP,GF,1912,8,24637.2,bbl,73840.08,mscf
HRM,Activité E&P,DP,GF,1912,9,42095.56,bbl,20800.96,mscf
HRM,Activité E&P,DP,GF,1912,10,46331.3,bbl,121159.39,mscf
HRM,Activité E&P,DP,GF,1912,11,29066.98,bbl,52666.05,mscf
HRM,Activité E&P,DP,GF,1912,12,27321.9,bbl,80005.07,mscf
HRM,Activité E&P,DP,GF,1913,1,49339.83,bbl,20084.45,mscf
HRM,Activité E&P,DP,GF,1913,2,29846.4,bbl,124285.72,mscf
HRM,Activité E&P,DP,GF,1913,3,35339.79,bbl,13396.22,mscf
HRM,Activité E&P,DP,GF,1913,4,28081.93,bbl,161459.76,mscf
HRM,Activité E&P,DP,GF,1913,5,3233.92,bbl,190195.08,mscf
HRM,Activité E&P,DP,GF,1913,6,43735.94,bbl,51818.0,mscf
HRM,Activité E&P,DP,GF,1913,7,42191.55,bbl,175785.44,mscf
HRM,Activité E&P,DP,GF,1913,8,41096.5,bbl,113881.8,mscf
HRM,Activité E&P,DP,GF,1913,9,24159.94,bbl,38633.44,mscf
HRM,Activité E&P,DP,GF,1913,10,1194.76,bbl,199927.34,mscf
HRM,Activité E&P,DP,GF,1913,11,38730.35,bbl,165210.24,mscf
HRM,Activité E&P,DP,GF,1913,12,3282.24,bbl,159569.78,mscf
HRM,Activité E&P,DP,GF,1914,1,30322.71,bbl,20511.01,mscf
HRM,Activité E&P,DP,GF,1914,2,35591.52,bbl,55557.48,mscf
HRM,Activité E&P,DP,GF,1914,3,18681.22,bbl,125172.45,mscf
HRM,Activité E&P,DP,GF,1914,4,26627.72,bbl,110963.1,mscf
HRM,Activité E&P,DP,GF,1914,5,8709.27,bbl,156493.02,mscf
HRM,Activité E&P,DP,GF,1914,6,14246.97,bbl,130355.8,mscf
HRM,Activité E&P,DP,GF,1914,7,26101.3,bbl,134600.49,mscf
HRM,Activité E&P,DP,GF,1914,8,30783.81,bbl,58873.45,mscf
HRM,Activité E&P,DP,GF,1914,9,5773.83,bbl,144962.17,mscf
HRM,Activité E&P,DP,GF,1914,10,12550.62,bbl,61045.67,mscf
HRM,Activité E&P,DP,GF,1914,11,33791.19,bbl,6081.38,mscf
HRM,Activité E&P,DP,GF,1914,12,31997.86,bbl,143607.99,mscf
HRM,Activité E&P,DP,GF,1915,1,45715.61,bbl,197457.34,mscf
HRM,Activité E&P,DP,GF,1915,2,18029.93,bbl,154360.94,mscf
HRM,Activité E&P,DP,GF,1915,3,16306.52,bbl,59760.43,mscf
HRM,Activité E&P,DP,GF,1915,4,45719.07,bbl,52301.21,mscf
HRM,Activité E&P,DP,GF,1915,5,3237.39,bbl,65676.5,mscf
HRM,Activité E&P,DP,GF,1915,6,26700.71,bbl,29479.52,mscf
HRM,Activité E&P,DP,GF,1915,7,3523.07,bbl,166776.68,mscf
HRM,Activité E&P,DP,GF,1915,8,12284.74,bbl,123900.65,mscf
HRM,Activité E&P,DP,GF,1915,9,6207.2,bbl,142094.48,mscf
HRM,Activité E&P,DP,GF,1915,10,38074.93,bbl,131930.58,mscf
HRM,Activité E&P,DP,GF,1915,11,45179.38,bbl,46391.33,mscf
HRM,Activité E&P,DP,GF,1915,12,49233.92,bbl,71995.26,mscf
HRM,Activité E&P,DP,GF,1916,1,24927.59,bbl,117137.4,mscf
HRM,Activité E&P,DP,GF,1916,2,13585.11,bbl,11365.21,mscf
HRM,Activité E&P,DP,GF,1916,3,11821.68,bbl,57796.73,mscf
HRM,Activité E&P,DP,GF,1916,4,1290.11,bbl,79937.76,mscf
HRM,Activité E&P,DP,GF,1916,5,10087.13,bbl,65629.48,mscf
HRM,Activité E&P,DP,GF,1916,6,29013.21,bbl,126637.89,mscf
HRM,Activité E&P,DP,GF,1916,7,15358.72,bbl,17601.01,mscf
HRM,Activité E&P,DP,GF,1916,8,4383.28,bbl,67924.29,mscf
HRM,Activité E&P,DP,GF,1916,9,15680.52,bbl,168903.36,mscf
HRM,Activité E&P,DP,GF,1916,10,11694.65,bbl,180365.58,mscf
HRM,Activité E&P,DP,GF,1916,11,38654.96,bbl,152729.34,mscf
HRM,Activité E&P,DP,GF,1916,12,34507.88,bbl,142041.33,mscf
HRM,Activité E&P,DP,GF,1917,1,35917.28,bbl,198442.48,mscf
HRM,Activité E&P,DP,GF,1917,2,48340.71,bbl,146694.45,mscf
HRM,Activité E&P,DP,GF,1917,3,5504.82,bbl,146517.76,mscf
HRM,Activité E&P,DP,GF,1917,4,31912.21,bbl,39833.99,mscf
HRM,Activité E&P,DP,GF,1917,5,21441.53,bbl,61257.81,mscf
HRM,Activité E&P,DP,GF,1917,6,22066.68,bbl,100246.68,mscf
HRM,Activité E&P,DP,GF,1917,7,34752.8,bbl,64544.06,mscf
HRM,Activité E&P,DP,GF,1917,8,21170.88,bbl,160363.99,mscf
HRM,Activité E&P,DP,GF,1917,9,6765.61,bbl,13503.35,mscf
HRM,Activité E&P,DP,GF,1917,10,44062.51,bbl,125851.28,mscf
HRM,Activité E&P,DP,GF,1917,11,49391.63,bbl,167808.28,mscf
HRM,Activité E&P,DP,GF,1917,12,33333.35,bbl,179723.2,mscf
HRM,Activité E&P,DP,GF,1918,1,32314.34,bbl,63031.48,mscf
HRM,Activité E&P,DP,GF,1918,2,42203.88,bbl,159979.91,mscf
HRM,Activité E&P,DP,GF,1918,3,9124.38,bbl,153819.74,mscf
HRM,Activité E&P,DP,GF,1918,4,7309.29,bbl,103731.66,mscf
HRM,Activité E&P,DP,GF,1918,5,18071.54,bbl,184931.64,mscf
HRM,Activité E&P,DP,GF,1918,6,23265.66,bbl,99042.29,mscf
HRM,Activité E&P,DP,GF,1918,7,49775.21,bbl,124527.59,mscf
HRM,Activité E&P,DP,GF,1918,8,25619.7,bbl,189858.74,mscf
HRM,Activité E&P,DP,GF,1918,9,26299.33,bbl,95990.47,mscf
HRM,Activité E&P,DP,GF,1918,10,10250.06,bbl,194312.88,mscf
HRM,Activité E&P,DP,GF,1918,11,18445.15,bbl,37451.78,mscf
HRM,Activité E&P,DP,GF,1918,12,30179.85,bbl,38388.1,mscf
HRM,Activité E&P,DP,GF,1919,1,21538.23,bbl,108502.6,mscf
HRM,Activité E&P,DP,GF,1919,2,2326.19,bbl,158235.82,mscf
HRM,Activité E&P,DP,GF,1919,3,43490.91,bbl,131833.1,mscf
HRM,Activité E&P,DP,GF,1919,4,31691.01,bbl,92168.16,mscf
HRM,Activité E&P,DP,GF,1919,5,7983.57,bbl,56956.72,mscf
HRM,Activité E&P,DP,GF,1919,6,9288.8,bbl,72790.25,mscf
HRM,Activité E&P,DP,GF,1919,7,11797.74,bbl,46176.95,mscf
HRM,Activité E&P,DP,GF,1919,8,12007.93,bbl,32719.59,mscf
HRM,Activité E&P,DP,GF,1919,9,39804.47,bbl,11242.24,mscf
HRM,Activité E&P,DP,GF,1919,10,36013.05,bbl,70892.58,mscf
HRM,Activité E&P,DP,GF,1919,11,31920.22,bbl,180235.59,mscf
HRM,Activité E&P,DP,GF,1919,12,33308.48,bbl,94448.15,mscf
HRM,Activité E&P,DP,GF,1920,1,9447.48,bbl,133013.86,mscf
HRM,Activité E&P,DP,GF,1920,2,4436.46,bbl,42012.8,mscf
HRM,Activité E&P,DP,GF,1920,3,30631.65,bbl,85106.8,mscf
HRM,Activité E&P,DP,GF,1920,4,35333.64,bbl,188027.77,mscf
HRM,Activité E&P,DP,GF,1920,5,2975.71,bbl,45694.44,mscf
HRM,Activité E&P,DP,GF,1920,6,19680.87,bbl,44929.61,mscf
HRM,Activité E&P,DP,GF,1920,7,23699.79,bbl,46938.83,mscf
HRM,Activité E&P,DP,GF,1920,8,6881.39,bbl,138894.68,mscf
HRM,Activité E&P,DP,GF,1920,9,48909.85,bbl,6540.78,mscf
HRM,Activité E&P,DP,GF,1920,10,10180.56,bbl,104254.52,mscf
HRM,Activité E&P,DP,GF,1920,11,23221.81,bbl,47527.45,mscf
HRM,Activité E&P,DP,GF,1920,12,21997.97,bbl,143886.2,mscf
HRM,Activité E&P,DP,GF,1921,1,39513.35,bbl,174316.5,mscf
HRM,Activité E&P,DP,GF,1921,2,14264.41,bbl,119946.72,mscf
HRM,Activité E&P,DP,GF,1921,3,46108.47,bbl,76593.84,mscf
HRM,Activité E&P,DP,GF,1921,4,7031.14,bbl,191143.33,mscf
HRM,Activité E&P,DP,GF,1921,5,8135.51,bbl,39335.44,mscf
HRM,Activité E&P,DP,GF,1921,6,40664.88,bbl,193363.21,mscf
HRM,Activité E&P,DP,GF,1921,7,12209.06,bbl,110950.13,mscf
HRM,Activité E&P,DP,GF,1921,8,35731.54,bbl,122457.02,mscf
HRM,Activité E&P,DP,GF,1921,9,11572.84,bbl,168623.96,mscf
HRM,Activité E&P,DP,GF,1921,10,25426.03,bbl,33788.28,mscf
HRM,Activité E&P,DP,GF,1921,11,48275.98,bbl,17817.45,mscf
HRM,Activité E&P,DP,GF,1921,12,19913.71,bbl,140136.6,mscf
HRM,Activité E&P,DP,GF,1922,1,26374.26,bbl,131800.69,mscf
HRM,Activité E&P,DP,GF,1922,2,48067.46,bbl,151053.16,mscf
HRM,Activité E&P,DP,GF,1922,3,4646.66,bbl,194426.79,mscf
HRM,Activité E&P,DP,GF,1922,4,39951.33,bbl,131605.6,mscf
HRM,Activité E&P,DP,GF,1922,5,17770.32,bbl,173214.33,mscf
HRM,Activité E&P,DP,GF,1922,6,9371.31,bbl,67583.63,mscf
HRM,Activité E&P,DP,GF,1922,7,6794.09,bbl,105036.03,mscf
HRM,Activité E&P,DP,GF,1922,8,22361.08,bbl,64056.02,mscf
HRM,Activité E&P,DP,GF,1922,9,7724.97,bbl,155226.11,mscf
HRM,Activité E&P,DP,GF,1922,10,38821.11,bbl,187908.18,mscf
HRM,Activité E&P,DP,GF,1922,11,31429.58,bbl,91835.26,mscf
HRM,Activité E&P,DP,GF,1922,12,21061.57,bbl,73343.82,mscf
HRM,Activité E&P,DP,GF,1923,1,48695.95,bbl,196462.18,mscf
HRM,Activité E&P,DP,GF,1923,2,23140.61,bbl,146516.62,mscf
HRM,Activité E&P,DP,GF,1923,3,12915.08,bbl,158087.92,mscf
HRM,Activité E&P,DP,GF,1923,4,17013.89,bbl,113043.12,mscf
HRM,Activité E&P,DP,GF,1923,5,13037.75,bbl,137052.64,mscf
HRM,Activité E&P,DP,GF,1923,6,9065.29,bbl,89242.74,mscf
HRM,Activité E&P,DP,GF,1923,7,32856.29,bbl,37725.08,mscf
HRM,Activité E&P,DP,GF,1923,8,11624.7,bbl,143673.08,mscf
HRM,Activité E&P,DP,GF,1923,9,48857.02,bbl,182827.28,mscf
HRM,Activité E&P,DP,GF,1923,10,33762.65,bbl,191284.39,mscf
HRM,Activité E&P,DP,GF,1923,11,4893.29,bbl,128292.75,mscf
HRM,Activité E&P,DP,GF,1923,12,32642.07,bbl,161650.67,mscf
HRM,Activité E&P,DP,GF,1924,1,21036.09,bbl,35587.69,mscf
HRM,Activité E&P,DP,GF,1924,2,33587.21,bbl,118933.95,mscf
HRM,Activité E&P,DP,GF,1924,3,15972.12,bbl,186678.38,mscf
HRM,Activité E&P,DP,GF,1924,4,29441.76,bbl,47252.97,mscf
HRM,Activité E&P,DP,GF,1924,5,30550.5,bbl,89188.83,mscf
HRM,Activité E&P,DP,GF,1924,6,42076.0,bbl,101047.25,mscf
HRM,Activité E&P,DP,GF,1924,7,17303.03,bbl,145284.76,mscf
HRM,Activité E&P,DP,GF,1924,8,14948.04,bbl,98992.23,mscf
HRM,Activité E&P,DP,GF,1924,9,7459.28,bbl,37717.9,mscf
HRM,Activité E&P,DP,GF,1924,10,15389.35,bbl,176036.49,mscf
HRM,Activité E&P,DP,GF,1924,11,26233.57,bbl,41610.43,mscf
HRM,Activité E&P,DP,GF,1924,12,18312.65,bbl,152913.19,mscf
HRM,Activité E&P,DP,GF,1925,1,7411.08,bbl,139119.44,mscf
HRM,Activité E&P,DP,GF,1925,2,4159.71,bbl,45019.37,mscf
HRM,Activité E&P,DP,GF,1925,3,32438.01,bbl,88697.9,mscf
HRM,Activité E&P,DP,GF,1925,4,18724.66,bbl,173238.89,mscf
HRM,Activité E&P,DP,GF,1925,5,37200.85,bbl,56389.52,mscf
HRM,Activité E&P,DP,GF,1925,6,17090.68,bbl,148227.56,mscf
HRM,Activité E&P,DP,GF,1925,7,28524.1,bbl,158995.96,mscf
HRM,Activité E&P,DP,GF,1925,8,4898.34,bbl,140000.93,mscf
HRM,Activité E&P,DP,GF,1925,9,16329.26,bbl,174427.76,mscf
HRM,Activité E&P,DP,GF,1925,10,37138.24,bbl,22198.83,mscf
HRM,Activité E&P,DP,GF,1925,11,3480.55,bbl,186880.37,mscf
HRM,Activité E&P,DP,GF,1925,12,29328.02,bbl,169794.41,mscf
HRM,Activité E&P,DP,GF,1926,1,31077.35,bbl,195590.19,mscf
HRM,Activité E&P,DP,GF,1926,2,5828.92,bbl,19134.8,mscf
HRM,Activité E&P,DP,GF,1926,3,22090.54,bbl,31313.54,mscf
HRM,Activité E&P,DP,GF,1926,4,14762.42,bbl,33039.21,mscf
HRM,Activité E&P,DP,GF,1926,5,18591.92,bbl,173341.3,mscf
HRM,Activité E&P,DP,GF,1926,6,31388.58,bbl,120856.43,mscf
HRM,Activité E&P,DP,GF,1926,7,6515.82,bbl,174649.43,mscf
HRM,Activité E&P,DP,GF,1926,8,23505.35,bbl,147440.16,mscf
HRM,Activité E&P,DP,GF,1926,9,42665.4,bbl,130879.77,mscf
HRM,Activité E&P,DP,GF,1926,10,26829.81,bbl,106984.06,mscf
HRM,Activité E&P,DP,GF,1926,11,29928.18,bbl,13683.82,mscf
HRM,Activité E&P,DP,GF,1926,12,39149.17,bbl,132193.14,mscf
HRM,Activité E&P,DP,GF,1927,1,37418.27,bbl,194156.97,mscf
HRM,Activité E&P,DP,GF,1927,2,19117.41,bbl,130250.69,mscf
HRM,Activité E&P,DP,GF,1927,3,22245.48,bbl,146046.75,mscf
HRM,Activité E&P,DP,GF,1927,4,45887.41,bbl,64471.52,mscf
HRM,Activité E&P,DP,GF,1927,5,4480.71,bbl,72646.02,mscf
HRM,Activité E&P,DP,GF,1927,6,36115.37,bbl,63664.56,mscf
HRM,Activité E&P,DP,GF,1927,7,9169.66,bbl,29868.15,mscf
HRM,Activité E&P,DP,GF,1927,8,35340.01,bbl,172336.15,mscf
HRM,Activité E&P,DP,GF,1927,9,40739.21,bbl,110650.3,mscf
HRM,Activité E&P,DP,GF,1927,10,15321.38,bbl,81158.9,mscf
HRM,Activité E&P,DP,GF,1927,11,45638.9,bbl,108647.85,mscf
HRM,Activité E&P,DP,GF,1927,12,39817.48,bbl,22735.02,mscf
HRM,Activité E&P,DP,GF,1928,1,12026.42,bbl,190280.71,mscf
HRM,Activité E&P,DP,GF,1928,2,17710.68,bbl,23474.17,mscf
HRM,Activité E&P,DP,GF,1928,3,33759.2,bbl,137318.12,mscf
HRM,Activité E&P,DP,GF,1928,4,48239.17,bbl,154620.76,mscf
HRM,Activité E&P,DP,GF,1928,5,42533.5,bbl,185376.61,mscf
HRM,Activité E&P,DP,GF,1928,6,14273.13,bbl,30685.54,mscf
HRM,Activité E&P,DP,GF,1928,7,32252.93,bbl,73677.44,mscf
HRM,Activité E&P,DP,GF,1928,8,6850.33,bbl,107147.53,mscf
HRM,Activité E&P,DP,GF,1928,9,11489.08,bbl,58241.76,mscf
HRM,Activité E&P,DP,GF,1928,10,33561.03,bbl,15502.31,mscf
HRM,Activité E&P,DP,GF,1928,11,47914.12,bbl,8903.71,mscf
HRM,Activité E&P,DP,GF,1928,12,9435.2,bbl,169053.18,mscf
HRM,Activité E&P,DP,GF,1929,1,33326.56,bbl,103625.18,mscf
HRM,Activité E&P,DP,GF,1929,2,43473.33,bbl,96932.21,mscf
HRM,Activité E&P,DP,GF,1929,3,15213.44,bbl,41657.11,mscf
HRM,Activité E&P,DP,GF,1929,4,43596.5,bbl,122400.64,mscf
HRM,Activité E&P,DP,GF,1929,5,12812.05,bbl,150348.56,mscf
HRM,Activité E&P,DP,GF,1929,6,36643.67,bbl,33079.44,mscf
HRM,Activité E&P,DP,GF,1929,7,43402.78,bbl,169418.83,mscf
HRM,Activité E&P,DP,GF,1929,8,35885.82,bbl,82825.87,mscf
HRM,Activité E&P,DP,GF,1929,9,36407.68,bbl,49510.57,mscf
HRM,Activité E&P,DP,GF,1929,10,41972.79,bbl,121897.71,mscf
HRM,Activité E&P,DP,GF,1929,11,33886.8,bbl,39946.13,mscf
HRM,Activité E&P,DP,GF,1929,12,15770.77,bbl,14839.68,mscf
HRM,Activité E&P,DP,GF,1930,1,41725.29,bbl,96111.7,mscf
HRM,Activité E&P,DP,GF,1930,2,44040.93,bbl,178852.84,mscf
HRM,Activité E&P,DP,GF,1930,3,38777.63,bbl,56805.55,mscf
HRM,Activité E&P,DP,GF,1930,4,41577.65,bbl,194911.95,mscf
HRM,Activité E&P,DP,GF,1930,5,18239.29,bbl,18698.63,mscf
HRM,Activité E&P,DP,GF,1930,6,21611.57,bbl,77629.52,mscf
HRM,Activité E&P,DP,GF,1930,7,40823.04,bbl,173410.56,mscf
HRM,Activité E&P,DP,GF,1930,8,3356.71,bbl,116413.04,mscf
HRM,Activité E&P,DP,GF,1930,9,30310.63,bbl,157304.79,mscf
HRM,Activité E&P,DP,GF,1930,10,6287.11,bbl,155737.27,mscf
HRM,Activité E&P,DP,GF,1930,11,15440.33,bbl,115671.02,mscf
HRM,Activité E&P,DP,GF,1930,12,17871.52,bbl,180803.04,mscf
HRM,Activité E&P,DP,GF,1931,1,3659.02,bbl,194369.42,mscf
HRM,Activité E&P,DP,GF,1931,2,17730.23,bbl,50132.47,mscf
HRM,Activité E&P,DP,GF,1931,3,42473.54,bbl,24820.01,mscf
HRM,Activité E&P,DP,GF,1931,4,16211.76,bbl,39195.78,mscf
HRM,Activité E&P,DP,GF,1931,5,33728.12,bbl,29397.84,mscf
HRM,Activité E&P,DP,GF,1931,6,46187.29,bbl,58988.18,mscf
HRM,Activité E&P,DP,GF,1931,7,47567.99,bbl,161049.85,mscf
HRM,Activité E&P,DP,GF,1931,8,45611.33,bbl,115619.52,mscf
HRM,Activité E&P,DP,GF,1931,9,10876.95,bbl,131108.6,mscf
HRM,Activité E&P,DP,GF,1931,10,46439.46,bbl,41144.5,mscf
HRM,Activité E&P,DP,GF,1931,11,31699.21,bbl,133661.53,mscf
HRM,Activité E&P,DP,GF,1931,12,18602.78,bbl,10558.25,mscf
HRM,Activité E&P,DP,GF,1932,1,6321.71,bbl,187739.61,mscf
HRM,Activité E&P,DP,GF,1932,2,27677.42,bbl,8198.52,mscf
HRM,Activité E&P,DP,GF,1932,3,28921.3,bbl,32146.15,mscf
HRM,Activité E&P,DP,GF,1932,4,10077.98,bbl,6731.06,mscf
HRM,Activité E&P,DP,GF,1932,5,35110.88,bbl,187606.77,mscf
HRM,Activité E&P,DP,GF,1932,6,24937.17,bbl,157985.0,mscf
HRM,Activité E&P,DP,GF,1932,7,46293.61,bbl,123246.68,mscf
HRM,Activité E&P,DP,GF,1932,8,24303.78,bbl,183685.95,mscf
HRM,Activité E&P,DP,GF,1932,9,14985.73,bbl,96916.07,mscf
HRM,Activité E&P,DP,GF,1932,10,29652.0,bbl,145049.08,mscf
HRM,Activité E&P,DP,GF,1932,11,40856.95,bbl,191611.66,mscf
HRM,Activité E&P,DP,GF,1932,12,43018.93,bbl,17111.15,mscf
HRM,Activité E&P,DP,GF,1933,1,8848.4,bbl,190785.5,mscf
HRM,Activité E&P,DP,GF,1933,2,11639.73,bbl,90226.26,mscf
HRM,Activité E&P,DP,GF,1933,3,8557.1,bbl,134796.19,mscf
HRM,Activité E&P,DP,GF,1933,4,14955.95,bbl,56260.14,mscf
HRM,Activité E&P,DP,GF,1933,5,12805.12,bbl,161542.65,mscf
HRM,Activité E&P,DP,GF,1933,6,49705.53,bbl,114029.11,mscf
HRM,Activité E&P,DP,GF,1933,7,24617.93,bbl,156210.08,mscf
HRM,Activité E&P,DP,GF,1933,8,17406.28,bbl,13911.74,mscf
HRM,Activité E&P,DP,GF,1933,9,32526.55,bbl,13037.6,mscf
HRM,Activité E&P,DP,GF,1933,10,29035.32,bbl,108293.63,mscf
HRM,Activité E&P,DP,GF,1933,11,30714.9,bbl,26650.53,mscf
HRM,Activité E&P,DP,GF,1933,12,18233.84,bbl,99381.75,mscf
HRM,Activité E&P,DP,GF,1934,1,38348.26,bbl,118388.58,mscf
HRM,Activité E&P,DP,GF,1934,2,32649.95,bbl,166148.43,mscf
HRM,Activité E&P,DP,GF,1934,3,8176.25,bbl,163728.84,mscf
HRM,Activité E&P,DP,GF,1934,4,23667.31,bbl,13184.14,mscf
HRM,Activité E&P,DP,GF,1934,5,19240.39,bbl,178425.06,mscf
HRM,Activité E&P,DP,GF,1934,6,46801.66,bbl,45762.31,mscf
HRM,Activité E&P,DP,GF,1934,7,6311.42,bbl,154212.06,mscf
HRM,Activité E&P,DP,GF,1934,8,31810.83,bbl,18025.81,mscf
HRM,Activité E&P,DP,GF,1934,9,32844.75,bbl,199622.11,mscf
HRM,Activité E&P,DP,GF,1934,10,48224.27,bbl,113505.0,mscf
HRM,Activité E&P,DP,GF,1934,11,38650.89,bbl,29970.6,mscf
HRM,Activité E&P,DP,GF,1934,12,22502.4,bbl,134802.53,mscf
HRM,Activité E&P,DP,GF,1935,1,37137.51,bbl,75621.36,mscf
HRM,Activité E&P,DP,GF,1935,2,19346.31,bbl,160738.29,mscf
HRM,Activité E&P,DP,GF,1935,3,6990.69,bbl,198544.91,mscf
HRM,Activité E&P,DP,GF,1935,4,13905.24,bbl,96804.77,mscf
HRM,Activité E&P,DP,GF,1935,5,45591.37,bbl,104270.31,mscf
HRM,Activité E&P,DP,GF,1935,6,36476.7,bbl,25770.3,mscf
HRM,Activité E&P,DP,GF,1935,7,3815.9,bbl,115044.09,mscf
HRM,Activité E&P,DP,GF,1935,8,1390.48,bbl,166512.67,mscf
HRM,Activité E&P,DP,GF,1935,9,27428.94,bbl,116621.85,mscf
HRM,Activité E&P,DP,GF,1935,10,6184.26,bbl,186652.99,mscf
HRM,Activité E&P,DP,GF,1935,11,24120.23,bbl,173184.15,mscf
HRM,Activité E&P,DP,GF,1935,12,24057.07,bbl,28973.11,mscf
HRM,Activité E&P,DP,GF,1936,1,30813.27,bbl,103929.66,mscf
HRM,Activité E&P,DP,GF,1936,2,36071.97,bbl,31526.65,mscf
HRM,Activité E&P,DP,GF,1936,3,19782.42,bbl,102701.4,mscf
HRM,Activité E&P,DP,GF,1936,4,49983.78,bbl,126145.03,mscf
HRM,Activité E&P,DP,GF,1936,5,39143.27,bbl,88489.05,mscf
HRM,Activité E&P,DP,GF,1936,6,1316.81,bbl,29773.41,mscf
HRM,Activité E&P,DP,GF,1936,7,5836.35,bbl,133958.84,mscf
HRM,Activité E&P,DP,GF,1936,8,26793.91,bbl,187257.25,mscf
HRM,Activité E&P,DP,GF,1936,9,26888.61,bbl,78344.04,mscf
HRM,Activité E&P,DP,GF,1936,10,2579.9,bbl,29796.67,mscf
HRM,Activité E&P,DP,GF,1936,11,48669.84,bbl,17474.51,mscf
HRM,Activité E&P,DP,GF,1936,12,6497.04,bbl,83874.8,mscf
HRM,Activité E&P,DP,GF,1937,1,33743.78,bbl,140137.51,mscf
HRM,Activité E&P,DP,GF,1937,2,49194.73,bbl,58690.62,mscf
HRM,Activité E&P,DP,GF,1937,3,42964.58,bbl,159298.9,mscf
HRM,Activité E&P,DP,GF,1937,4,44062.66,bbl,70665.55,mscf
HRM,Activité E&P,DP,GF,1937,5,12030.39,bbl,28514.55,mscf
HRM,Activité E&P,DP,GF,1937,6,36187.39,bbl,181730.28,mscf
HRM,Activité E&P,DP,GF,1937,7,38240.4,bbl,61885.95,mscf
HRM,Activité E&P,DP,GF,1937,8,46440.44,bbl,151840.25,mscf
HRM,Activité E&P,DP,GF,1937,9,19570.08,bbl,97988.42,mscf
HRM,Activité E&P,DP,GF,1937,10,8779.0,bbl,148744.91,mscf
HRM,Activité E&P,DP,GF,1937,11,16513.49,bbl,55643.66,mscf
HRM,Activité E&P,DP,GF,1937,12,48607.47,bbl,51438.49,mscf
HRM,Activité E&P,DP,GF,1938,1,11718.66,bbl,38386.11,mscf
HRM,Activité E&P,DP,GF,1938,2,36193.76,bbl,197062.67,mscf
HRM,Activité E&P,DP,GF,1938,3,17977.2,bbl,110271.41,mscf
HRM,Activité E&P,DP,GF,1938,4,22950.08,bbl,97858.99,mscf
HRM,Activité E&P,DP,GF,1938,5,29742.34,bbl,178257.24,mscf
HRM,Activité E&P,DP,GF,1938,6,24991.08,bbl,22544.15,mscf
HRM,Activité E&P,DP,GF,1938,7,8513.41,bbl,46930.91,mscf
HRM,Activité E&P,DP,GF,1938,8,16409.65,bbl,85937.4,mscf
HRM,Activité E&P,DP,GF,1938,9,14417.57,bbl,110943.05,mscf
HRM,Activité E&P,DP,GF,1938,10,34193.61,bbl,83114.53,mscf
HRM,Activité E&P,DP,GF,1938,11,23322.08,bbl,20236.94,mscf
HRM,Activité E&P,DP,GF,1938,12,31592.58,bbl,177736.65,mscf
HRM,Activité E&P,DP,GF,1939,1,45180.29,bbl,142490.63,mscf
HRM,Activité E&P,DP,GF,1939,2,28343.79,bbl,159346.87,mscf
HRM,Activité E&P,DP,GF,1939,3,32236.56,bbl,192513.83,mscf
HRM,Activité E&P,DP,GF,1939,4,42767.27,bbl,135322.07,mscf
HRM,Activité E&P,DP,GF,1939,5,34201.71,bbl,118169.1,mscf
HRM,Activité E&P,DP,GF,1939,6,49782.39,bbl,161434.45,mscf
HRM,Activité E&P,DP,GF,1939,7,11859.61,bbl,153299.72,mscf
HRM,Activité E&P,DP,GF,1939,8,49116.7,bbl,148160.13,mscf
HRM,Activité E&P,DP,GF,1939,9,10234.69,bbl,84931.31,mscf
HRM,Activité E&P,DP,GF,1939,10,18521.07,bbl,193630.21,mscf
HRM,Activité E&P,DP,GF,1939,11,17433.65,bbl,56476.49,mscf
HRM,Activité E&P,DP,GF,1939,12,22446.24,bbl,154975.6,mscf
HRM,Activité E&P,DP,GF,1940,1,3389.48,bbl,150046.41,mscf
HRM,Activité E&P,DP,GF,1940,2,24964.16,bbl,87566.56,mscf
HRM,Activité E&P,DP,GF,1940,3,14149.98,bbl,5479.87,mscf
HRM,Activité E&P,DP,GF,1940,4,3080.92,bbl,121853.01,mscf
HRM,Activité E&P,DP,GF,1940,5,9899.81,bbl,155024.51,mscf
HRM,Activité E&P,DP,GF,1940,6,41380.56,bbl,157740.12,mscf
HRM,Activité E&P,DP,GF,1940,7,37663.76,bbl,145490.85,mscf
HRM,Activité E&P,DP,GF,1940,8,11212.81,bbl,146695.93,mscf
HRM,Activité E&P,DP,GF,1940,9,16095.51,bbl,36612.63,mscf
HRM,Activité E&P,DP,GF,1940,10,38003.53,bbl,173763.3,mscf
HRM,Activité E&P,DP,GF,1940,11,44048.3,bbl,127997.95,mscf
HRM,Activité E&P,DP,GF,1940,12,39181.23,bbl,55900.74,mscf
HRM,Activité E&P,DP,GF,1941,1,20038.88,bbl,16388.26,mscf
HRM,Activité E&P,DP,GF,1941,2,32407.66,bbl,18710.56,mscf
HRM,Activité E&P,DP,GF,1941,3,1557.8,bbl,122010.82,mscf
HRM,Activité E&P,DP,GF,1941,4,6774.38,bbl,194344.51,mscf
HRM,Activité E&P,DP,GF,1941,5,4104.65,bbl,9489.57,mscf
HRM,Activité E&P,DP,GF,1941,6,13933.77,bbl,162016.37,mscf
HRM,Activité E&P,DP,GF,1941,7,23815.59,bbl,189463.45,mscf
HRM,Activité E&P,DP,GF,1941,8,39484.26,bbl,101077.93,mscf
HRM,Activité E&P,DP,GF,1941,9,35115.95,bbl,77385.56,mscf
HRM,Activité E&P,DP,GF,1941,10,40338.98,bbl,25057.8,mscf
HRM,Activité E&P,DP,GF,1941,11,20726.85,bbl,81682.64,mscf
HRM,Activité E&P,DP,GF,1941,12,24566.76,bbl,18533.62,mscf
HRM,Activité E&P,DP,GF,1942,1,33895.01,bbl,42116.69,mscf
HRM,Activité E&P,DP,GF,1942,2,31722.89,bbl,26158.13,mscf
HRM,Activité E&P,DP,GF,1942,3,26643.12,bbl,19524.28,mscf
HRM,Activité E&P,DP,GF,1942,4,18766.41,bbl,37079.86,mscf
HRM,Activité E&P,DP,GF,1942,5,30744.05,bbl,185080.68,mscf
HRM,Activité E&P,DP,GF,1942,6,26766.15,bbl,21934.78,mscf
HRM,Activité E&P,DP,GF,1942,7,1697.35,bbl,198324.68,mscf
HRM,Activité E&P,DP,GF,1942,8,46533.26,bbl,144480.63,mscf
HRM,Activité E&P,DP,GF,1942,9,22932.78,bbl,31676.8,mscf
HRM,Activité E&P,DP,GF,1942,10,5466.73,bbl,32105.66,mscf
HRM,Activité E&P,DP,GF,1942,11,19239.74,bbl,196238.36,mscf
HRM,Activité E&P,DP,GF,1942,12,17136.52,bbl,83081.09,mscf
HRM,Activité E&P,DP,GF,1943,1,31174.74,bbl,174827.5,mscf
HRM,Activité E&P,DP,GF,1943,2,1261.43,bbl,174780.25,mscf
HRM,Activité E&P,DP,GF,1943,3,7371.31,bbl,162828.82,mscf
HRM,Activité E&P,DP,GF,1943,4,10406.85,bbl,125450.23,mscf
HRM,Activité E&P,DP,GF,1943,5,47405.1,bbl,38124.29,mscf
HRM,Activité E&P,DP,GF,1943,6,2793.47,bbl,131234.7,mscf
HRM,Activité E&P,DP,GF,1943,7,11871.49,bbl,199791.42,mscf
HRM,Activité E&P,DP,GF,1943,8,36979.95,bbl,116451.74,mscf
HRM,Activité E&P,DP,GF,1943,9,18796.26,bbl,152358.69,mscf
HRM,Activité E&P,DP,GF,1943,10,21397.06,bbl,84298.76,mscf
HRM,Activité E&P,DP,GF,1943,11,4216.53,bbl,145983.34,mscf
HRM,Activité E&P,DP,GF,1943,12,31367.89,bbl,36563.65,mscf
HRM,Activité E&P,DP,GF,1944,1,17660.58,bbl,88733.37,mscf
HRM,Activité E&P,DP,GF,1944,2,33425.21,bbl,118808.23,mscf
HRM,Activité E&P,DP,GF,1944,3,30044.81,bbl,57778.6,mscf
HRM,Activité E&P,DP,GF,1944,4,46812.38,bbl,146217.79,mscf
HRM,Activité E&P,DP,GF,1944,5,48997.87,bbl,176987.89,mscf
HRM,Activité E&P,DP,GF,1944,6,9171.43,bbl,28090.15,mscf
HRM,Activité E&P,DP,GF,1944,7,21903.18,bbl,168413.39,mscf
HRM,Activité E&P,DP,GF,1944,8,44413.67,bbl,173170.14,mscf
HRM,Activité E&P,DP,GF,1944,9,1923.07,bbl,42788.12,mscf
HRM,Activité E&P,DP,GF,1944,10,11319.16,bbl,86840.69,mscf
HRM,Activité E&P,DP,GF,1944,11,41564.44,bbl,137912.28,mscf
HRM,Activité E&P,DP,GF,1944,12,24101.91,bbl,72257.93,mscf
HRM,Activité E&P,DP,GF,1945,1,24385.5,bbl,134368.07,mscf
HRM,Activité E&P,DP,GF,1945,2,44835.76,bbl,116814.21,mscf
HRM,Activité E&P,DP,GF,1945,3,29824.79,bbl,101687.29,mscf
HRM,Activité E&P,DP,GF,1945,4,44731.82,bbl,40416.55,mscf
HRM,Activité E&P,DP,GF,1945,5,32312.19,bbl,172305.78,mscf
HRM,Activité E&P,DP,GF,1945,6,48065.08,bbl,132332.72,mscf
HRM,Activité E&P,DP,GF,1945,7,31103.36,bbl,146924.61,mscf
HRM,Activité E&P,DP,GF,1945,8,10629.56,bbl,85628.61,mscf
HRM,Activité E&P,DP,GF,1945,9,22586.99,bbl,100653.19,mscf
HRM,Activité E&P,DP,GF,1945,10,49910.02,bbl,120570.0,mscf
HRM,Activité E&P,DP,GF,1945,11,28112.01,bbl,161866.18,mscf
HRM,Activité E&P,DP,GF,1945,12,43160.14,bbl,77448.54,mscf
HRM,Activité E&P,DP,GF,1946,1,14821.6,bbl,46151.05,mscf
HRM,Activité E&P,DP,GF,1946,2,41585.58,bbl,66034.29,mscf
HRM,Activité E&P,DP,GF,1946,3,46299.85,bbl,123439.8,mscf
HRM,Activité E&P,DP,GF,1946,4,37323.29,bbl,132450.81,mscf
HRM,Activité E&P,DP,GF,1946,5,40147.4,bbl,82000.4,mscf
HRM,Activité E&P,DP,GF,1946,6,36507.11,bbl,70787.24,mscf
HRM,Activité E&P,DP,GF,1946,7,37915.95,bbl,34313.58,mscf
HRM,Activité E&P,DP,GF,1946,8,46932.64,bbl,119877.36,mscf
HRM,Activité E&P,DP,GF,1946,9,4520.51,bbl,43581.1,mscf
HRM,Activité E&P,DP,GF,1946,10,23177.67,bbl,60212.69,mscf
HRM,Activité E&P,DP,GF,1946,11,23861.76,bbl,39260.82,mscf
HRM,Activité E&P,DP,GF,1946,12,4548.97,bbl,11184.75,mscf
HRM,Activité E&P,DP,GF,1947,1,24602.04,bbl,81545.98,mscf
HRM,Activité E&P,DP,GF,1947,2,16940.39,bbl,29525.82,mscf
HRM,Activité E&P,DP,GF,1947,3,8233.92,bbl,86996.79,mscf
HRM,Activité E&P,DP,GF,1947,4,24690.94,bbl,102261.76,mscf
HRM,Activité E&P,DP,GF,1947,5,1724.34,bbl,70435.68,mscf
HRM,Activité E&P,DP,GF,1947,6,5620.1,bbl,106797.74,mscf
HRM,Activité E&P,DP,GF,1947,7,35789.19,bbl,124644.91,mscf
HRM,Activité E&P,DP,GF,1947,8,29436.39,bbl,20386.26,mscf
HRM,Activité E&P,DP,GF,1947,9,15248.87,bbl,164275.64,mscf
HRM,Activité E&P,DP,GF,1947,10,3463.39,bbl,28521.61,mscf
HRM,Activité E&P,DP,GF,1947,11,38299.61,bbl,31264.84,mscf
HRM,Activité E&P,DP,GF,1947,12,4840.38,bbl,136197.27,mscf
HRM,Activité E&P,DP,GF,1948,1,43377.47,bbl,197442.19,mscf
HRM,Activité E&P,DP,GF,1948,2,23661.74,bbl,150314.91,mscf
HRM,Activité E&P,DP,GF,1948,3,15816.85,bbl,6870.84,mscf
HRM,Activité E&P,DP,GF,1948,4,13154.37,bbl,27033.26,mscf
HRM,Activité E&P,DP,GF,1948,5,4833.91,bbl,177213.74,mscf
HRM,Activité E&P,DP,GF,1948,6,1917.64,bbl,92745.35,mscf
HRM,Activité E&P,DP,GF,1948,7,9529.58,bbl,132282.49,mscf
HRM,Activité E&P,DP,GF,1948,8,7595.26,bbl,143959.93,mscf
HRM,Activité E&P,DP,GF,1948,9,37268.02,bbl,77722.44,mscf
HRM,Activité E&P,DP,GF,1948,10,9933.7,bbl,61060.33,mscf
HRM,Activité E&P,DP,GF,1948,11,41490.38,bbl,132102.97,mscf
HRM,Activité E&P,DP,GF,1948,12,23229.24,bbl,72169.05,mscf
HRM,Activité E&P,DP,GF,1949,1,21905.12,bbl,169599.75,mscf
HRM,Activité E&P,DP,GF,1949,2,15076.35,bbl,108246.19,mscf
HRM,Activité E&P,DP,GF,1949,3,13269.43,bbl,30385.05,mscf
HRM,Activité E&P,DP,GF,1949,4,24412.89,bbl,54137.23,mscf
HRM,Activité E&P,DP,GF,1949,5,21955.8,bbl,22601.86,mscf
HRM,Activité E&P,DP,GF,1949,6,18739.21,bbl,192280.94,mscf
HRM,Activité E&P,DP,GF,1949,7,11694.87,bbl,37955.51,mscf
HRM,Activité E&P,DP,GF,1949,8,49153.73,bbl,161619.81,mscf
HRM,Activité E&P,DP,GF,1949,9,22597.85,bbl,52639.04,mscf
HRM,Activité E&P,DP,GF,1949,10,2252.65,bbl,41663.55,mscf
HRM,Activité E&P,DP,GF,1949,11,32734.42,bbl,163759.89,mscf
HRM,Activité E&P,DP,GF,1949,12,9503.22,bbl,56350.33,mscf
INAS,Activité E&P,DP,GF,1900,1,5400.96,bbl,133061.57,mscf
INAS,Activité E&P,DP,GF,1900,2,29246.01,bbl,192007.42,mscf
INAS,Activité E&P,DP,GF,1900,3,17629.04,bbl,131137.26,mscf
INAS,Activité E&P,DP,GF,1900,4,10129.88,bbl,38386.28,mscf
INAS,Activité E&P,DP,GF,1900,5,1870.55,bbl,106946.44,mscf
INAS,Activité E&P,DP,GF,1900,6,16317.68,bbl,82085.58,mscf
INAS,Activité E&P,DP,GF,1900,7,40097.03,bbl,193123.16,mscf
INAS,Activité E&P,DP,GF,1900,8,5122.18,bbl,52174.52,mscf
INAS,Activité E&P,DP,GF,1900,9,16333.6,bbl,145580.81,mscf
INAS,Activité E&P,DP,GF,1900,10,23076.31,bbl,85382.63,mscf
INAS,Activité E&P,DP,GF,1900,11,42246.52,bbl,175768.46,mscf
INAS,Activité E&P,DP,GF,1900,12,18213.21,bbl,115741.96,mscf
INAS,Activité E&P,DP,GF,1901,1,21369.77,bbl,109461.98,mscf
INAS,Activité E&P,DP,GF,1901,2,15489.65,bbl,174861.37,mscf
INAS,Activité E&P,DP,GF,1901,3,7273.17,bbl,93238.89,mscf
INAS,Activité E&P,DP,GF,1901,4,18693.69,bbl,136475.57,mscf
INAS,Activité E&P,DP,GF,1901,5,3435.19,bbl,197506.15,mscf
INAS,Activité E&P,DP,GF,1901,6,41599.14,bbl,185308.3,mscf
INAS,Activité E&P,DP,GF,1901,7,20518.48,bbl,36017.4,mscf
INAS,Activité E&P,DP,GF,1901,8,29810.73,bbl,161642.5,mscf
INAS,Activité E&P,DP,GF,1901,9,4848.42,bbl,163503.18,mscf
INAS,Activité E&P,DP,GF,1901,10,1575.52,bbl,100333.46,mscf
INAS,Activité E&P,DP,GF,1901,11,32343.36,bbl,56849.68,mscf
INAS,Activité E&P,DP,GF,1901,12,34170.9,bbl,6091.33,mscf
INAS,Activité E&P,DP,GF,1902,1,15566.44,bbl,76932.1,mscf
INAS,Activité E&P,DP,GF,1902,2,33591.53,bbl,18428.43,mscf
INAS,Activité E&P,DP,GF,1902,3,14514.28,bbl,62150.9,mscf
INAS,Activité E&P,DP,GF,1902,4,19592.74,bbl,40750.67,mscf
INAS,Activité E&P,DP,GF,1902,5,23558.97,bbl,197960.4,mscf
INAS,Activité E&P,DP,GF,1902,6,20006.15,bbl,42685.63,mscf
INAS,Activité E&P,DP,GF,1902,7,28759.8,bbl,189559.31,mscf
INAS,Activité E&P,DP,GF,1902,8,20312.26,bbl,63159.55,mscf
INAS,Activité E&P,DP,GF,1902,9,21608.1,bbl,25434.66,mscf
INAS,Activité E&P,DP,GF,1902,10,1784.55,bbl,142581.21,mscf
INAS,Activité E&P,DP,GF,1902,11,4408.43,bbl,194431.61,mscf
INAS,Activité E&P,DP,GF,1902,12,30426.96,bbl,156011.32,mscf
INAS,Activité E&P,DP,GF,1903,1,38839.73,bbl,172001.92,mscf
INAS,Activité E&P,DP,GF,1903,2,16746.67,bbl,101746.87,mscf
INAS,Activité E&P,DP,GF,1903,3,45639.04,bbl,71828.24,mscf
INAS,Activité E&P,DP,GF,1903,4,35455.07,bbl,183224.91,mscf
INAS,Activité E&P,DP,GF,1903,5,9110.39,bbl,151356.27,mscf
INAS,Activité E&P,DP,GF,1903,6,26118.73,bbl,43357.11,mscf
INAS,Activité E&P,DP,GF,1903,7,33193.51,bbl,85146.21,mscf
INAS,Activité E&P,DP,GF,1903,8,27170.37,bbl,66690.6,mscf
INAS,Activité E&P,DP,GF,1903,9,14800.26,bbl,58338.24,mscf
INAS,Activité E&P,DP,GF,1903,10,44714.61,bbl,116530.53,mscf
INAS,Activité E&P,DP,GF,1903,11,14233.18,bbl,92830.68,mscf
INAS,Activité E&P,DP,GF,1903,12,4620.22,bbl,102778.15,mscf
INAS,Activité E&P,DP,GF,1904,1,12270.23,bbl,88535.69,mscf
INAS,Activité E&P,DP,GF,1904,2,1710.62,bbl,168338.73,mscf
INAS,Activité E&P,DP,GF,1904,3,18437.3,bbl,41225.4,mscf
INAS,Activité E&P,DP,GF,1904,4,11629.49,bbl,180993.06,mscf
INAS,Activité E&P,DP,GF,1904,5,9021.18,bbl,105014.66,mscf
INAS,Activité E&P,DP,GF,1904,6,4354.79,bbl,127871.43,mscf
INAS,Activité E&P,DP,GF,1904,7,23304.43,bbl,140967.72,mscf
INAS,Activité E&P,DP,GF,1904,8,2790.66,bbl,85620.2,mscf
INAS,Activité E&P,DP,GF,1904,9,37041.02,bbl,40088.47,mscf
INAS,Activité E&P,DP,GF,1904,10,16960.55,bbl,164800.31,mscf
INAS,Activité E&P,DP,GF,1904,11,23677.66,bbl,39776.51,mscf
INAS,Activité E&P,DP,GF,1904,12,36932.94,bbl,45886.11,mscf
INAS,Activité E&P,DP,GF,1905,1,20241.75,bbl,186354.16,mscf
INAS,Activité E&P,DP,GF,1905,2,21578.37,bbl,129261.6,mscf
INAS,Activité E&P,DP,GF,1905,3,44894.14,bbl,74889.79,mscf
INAS,Activité E&P,DP,GF,1905,4,3663.03,bbl,144059.57,mscf
INAS,Activité E&P,DP,GF,1905,5,45732.38,bbl,178046.96,mscf
INAS,Activité E&P,DP,GF,1905,6,49768.89,bbl,62692.67,mscf
INAS,Activité E&P,DP,GF,1905,7,31962.41,bbl,75365.23,mscf
INAS,Activité E&P,DP,GF,1905,8,23885.94,bbl,53136.17,mscf
INAS,Activité E&P,DP,GF,1905,9,22321.24,bbl,78875.92,mscf
INAS,Activité E&P,DP,GF,1905,10,6105.82,bbl,197048.18,mscf
INAS,Activité E&P,DP,GF,1905,11,15922.6,bbl,27287.2,mscf
INAS,Activité E&P,DP,GF,1905,12,21075.6,bbl,195641.93,mscf
INAS,Activité E&P,DP,GF,1906,1,17592.0,bbl,99683.59,mscf
INAS,Activité E&P,DP,GF,1906,2,11148.96,bbl,145313.04,mscf
INAS,Activité E&P,DP,GF,1906,3,41632.32,bbl,54942.39,mscf
INAS,Activité E&P,DP,GF,1906,4,16377.6,bbl,72734.68,mscf
INAS,Activité E&P,DP,GF,1906,5,11390.16,bbl,127121.27,mscf
INAS,Activité E&P,DP,GF,1906,6,10741.76,bbl,66564.08,mscf
INAS,Activité E&P,DP,GF,1906,7,41816.57,bbl,11944.06,mscf
INAS,Activité E&P,DP,GF,1906,8,40835.4,bbl,191457.59,mscf
INAS,Activité E&P,DP,GF,1906,9,21792.3,bbl,168926.75,mscf
INAS,Activité E&P,DP,GF,1906,10,23701.38,bbl,23003.33,mscf
INAS,Activité E&P,DP,GF,1906,11,26895.01,bbl,99485.84,mscf
INAS,Activité E&P,DP,GF,1906,12,27182.96,bbl,149398.92,mscf
INAS,Activité E&P,DP,GF,1907,1,32835.23,bbl,30199.73,mscf
INAS,Activité E&P,DP,GF,1907,2,46407.53,bbl,138966.38,mscf
INAS,Activité E&P,DP,GF,1907,3,7914.05,bbl,199904.14,mscf
INAS,Activité E&P,DP,GF,1907,4,14022.06,bbl,96561.93,mscf
INAS,Activité E&P,DP,GF,1907,5,15417.0,bbl,86499.03,mscf
INAS,Activité E&P,DP,GF,1907,6,2567.44,bbl,97071.23,mscf
INAS,Activité E&P,DP,GF,1907,7,10661.03,bbl,108014.29,mscf
INAS,Activité E&P,DP,GF,1907,8,18637.61,bbl,132609.3,mscf
INAS,Activité E&P,DP,GF,1907,9,6260.85,bbl,41668.67,mscf
INAS,Activité E&P,DP,GF,1907,10,47846.85,bbl,21234.87,mscf
INAS,Activité E&P,DP,GF,1907,11,31594.99,bbl,66060.48,mscf
INAS,Activité E&P,DP,GF,1907,12,3926.42,bbl,188386.08,mscf
INAS,Activité E&P,DP,GF,1908,1,31864.57,bbl,125951.32,mscf
INAS,Activité E&P,DP,GF,1908,2,1050.64,bbl,174167.57,mscf
INAS,Activité E&P,DP,GF,1908,3,4564.72,bbl,22068.65,mscf
INAS,Activité E&P,DP,GF,1908,4,41413.09,bbl,87492.62,mscf
INAS,Activité E&P,DP,GF,1908,5,22964.48,bbl,168736.21,mscf
INAS,Activité E&P,DP,GF,1908,6,47697.34,bbl,8124.24,mscf
INAS,Activité E&P,DP,GF,1908,7,42907.98,bbl,42259.22,mscf
INAS,Activité E&P,DP,GF,1908,8,7905.44,bbl,19357.73,mscf
INAS,Activité E&P,DP,GF,1908,9,6277.09,bbl,128018.92,mscf
INAS,Activité E&P,DP,GF,1908,10,48082.9,bbl,36702.56,mscf
INAS,Activité E&P,DP,GF,1908,11,8283.37,bbl,167487.45,mscf
INAS,Activité E&P,DP,GF,1908,12,24838.47,bbl,131333.91,mscf
INAS,Activité E&P,DP,GF,1909,1,12619.19,bbl,98427.34,mscf
INAS,Activité E&P,DP,GF,1909,2,13263.61,bbl,75621.62,mscf
INAS,Activité E&P,DP,GF,1909,3,46547.28,bbl,96131.81,mscf
INAS,Activité E&P,DP,GF,1909,4,48578.03,bbl,157737.66,mscf
INAS,Activité E&P,DP,GF,1909,5,5940.84,bbl,40094.13,mscf
INAS,Activité E&P,DP,GF,1909,6,16016.32,bbl,65225.46,mscf
INAS,Activité E&P,DP,GF,1909,7,31728.19,bbl,35689.32,mscf
INAS,Activité E&P,DP,GF,1909,8,33822.49,bbl,157039.57,mscf
INAS,Activité E&P,DP,GF,1909,9,23941.69,bbl,130603.26,mscf
INAS,Activité E&P,DP,GF,1909,10,42797.38,bbl,120250.15,mscf
INAS,Activité E&P,DP,GF,1909,11,22864.96,bbl,33573.65,mscf
INAS,Activité E&P,DP,GF,1909,12,44532.52,bbl,96702.75,mscf
INAS,Activité E&P,DP,GF,1910,1,27997.58,bbl,169534.45,mscf
INAS,Activité E&P,DP,GF,1910,2,6367.49,bbl,74177.16,mscf
INAS,Activité E&P,DP,GF,1910,3,39385.75,bbl,94423.93,mscf
INAS,Activité E&P,DP,GF,1910,4,47055.96,bbl,79512.23,mscf
INAS,Activité E&P,DP,GF,1910,5,23735.34,bbl,99325.02,mscf
INAS,Activité E&P,DP,GF,1910,6,3542.5,bbl,161662.29,mscf
INAS,Activité E&P,DP,GF,1910,7,31273.25,bbl,93350.82,mscf
INAS,Activité E&P,DP,GF,1910,8,10476.35,bbl,37668.28,mscf
INAS,Activité E&P,DP,GF,1910,9,15067.98,bbl,26244.35,mscf
INAS,Activité E&P,DP,GF,1910,10,32946.87,bbl,46521.93,mscf
INAS,Activité E&P,DP,GF,1910,11,27587.24,bbl,89510.7,mscf
INAS,Activité E&P,DP,GF,1910,12,16326.41,bbl,92317.65,mscf
INAS,Activité E&P,DP,GF,1911,1,8918.4,bbl,177856.81,mscf
INAS,Activité E&P,DP,GF,1911,2,5545.44,bbl,195165.2,mscf
INAS,Activité E&P,DP,GF,1911,3,1130.91,bbl,196659.5,mscf
INAS,Activité E&P,DP,GF,1911,4,24709.99,bbl,68468.47,mscf
INAS,Activité E&P,DP,GF,1911,5,42073.78,bbl,89639.3,mscf
INAS,Activité E&P,DP,GF,1911,6,8109.12,bbl,148674.06,mscf
INAS,Activité E&P,DP,GF,1911,7,24168.36,bbl,15295.39,mscf
INAS,Activité E&P,DP,GF,1911,8,21788.06,bbl,9945.48,mscf
INAS,Activité E&P,DP,GF,1911,9,5037.41,bbl,63908.52,mscf
INAS,Activité E&P,DP,GF,1911,10,3703.42,bbl,167756.96,mscf
INAS,Activité E&P,DP,GF,1911,11,20165.91,bbl,10007.41,mscf
INAS,Activité E&P,DP,GF,1911,12,39842.2,bbl,113715.22,mscf
INAS,Activité E&P,DP,GF,1912,1,28002.16,bbl,101554.27,mscf
INAS,Activité E&P,DP,GF,1912,2,28577.5,bbl,137517.4,mscf
INAS,Activité E&P,DP,GF,1912,3,27411.4,bbl,48094.55,mscf
INAS,Activité E&P,DP,GF,1912,4,43384.08,bbl,81194.91,mscf
INAS,Activité E&P,DP,GF,1912,5,2359.24,bbl,194175.59,mscf
INAS,Activité E&P,DP,GF,1912,6,10775.87,bbl,21902.26,mscf
INAS,Activité E&P,DP,GF,1912,7,8805.24,bbl,163309.23,mscf
INAS,Activité E&P,DP,GF,1912,8,4522.68,bbl,135814.32,mscf
INAS,Activité E&P,DP,GF,1912,9,3961.15,bbl,91956.96,mscf
INAS,Activité E&P,DP,GF,1912,10,23055.96,bbl,157460.44,mscf
INAS,Activité E&P,DP,GF,1912,11,40786.14,bbl,42033.75,mscf
INAS,Activité E&P,DP,GF,1912,12,35142.55,bbl,198892.28,mscf
INAS,Activité E&P,DP,GF,1913,1,49093.34,bbl,88814.36,mscf
INAS,Activité E&P,DP,GF,1913,2,39475.79,bbl,183603.98,mscf
INAS,Activité E&P,DP,GF,1913,3,38588.51,bbl,123366.2,mscf
INAS,Activité E&P,DP,GF,1913,4,33490.45,bbl,8693.56,mscf
INAS,Activité E&P,DP,GF,1913,5,27412.23,bbl,192472.2,mscf
INAS,Activité E&P,DP,GF,1913,6,5460.21,bbl,85389.97,mscf
INAS,Activité E&P,DP,GF,1913,7,47912.64,bbl,69563.02,mscf
INAS,Activité E&P,DP,GF,1913,8,11951.28,bbl,60727.23,mscf
INAS,Activité E&P,DP,GF,1913,9,48984.43,bbl,159197.18,mscf
INAS,Activité E&P,DP,GF,1913,10,23911.33,bbl,59044.65,mscf
INAS,Activité E&P,DP,GF,1913,11,26922.61,bbl,10224.27,mscf
INAS,Activité E&P,DP,GF,1913,12,24362.65,bbl,9658.09,mscf
INAS,Activité E&P,DP,GF,1914,1,44686.46,bbl,189991.71,mscf
INAS,Activité E&P,DP,GF,1914,2,25926.81,bbl,67812.56,mscf
INAS,Activité E&P,DP,GF,1914,3,43106.46,bbl,129787.14,mscf
INAS,Activité E&P,DP,GF,1914,4,45378.22,bbl,117811.12,mscf
INAS,Activité E&P,DP,GF,1914,5,1412.29,bbl,154458.06,mscf
INAS,Activité E&P,DP,GF,1914,6,41318.08,bbl,144268.77,mscf
INAS,Activité E&P,DP,GF,1914,7,24166.04,bbl,155793.35,mscf
INAS,Activité E&P,DP,GF,1914,8,23345.42,bbl,78556.49,mscf
INAS,Activité E&P,DP,GF,1914,9,11311.66,bbl,64763.39,mscf
INAS,Activité E&P,DP,GF,1914,10,45576.75,bbl,161574.63,mscf
INAS,Activité E&P,DP,GF,1914,11,37264.44,bbl,14275.04,mscf
INAS,Activité E&P,DP,GF,1914,12,23746.36,bbl,170980.15,mscf
INAS,Activité E&P,DP,GF,1915,1,17463.49,bbl,17627.58,mscf
INAS,Activité E&P,DP,GF,1915,2,20787.33,bbl,172181.79,mscf
INAS,Activité E&P,DP,GF,1915,3,4645.21,bbl,190647.17,mscf
INAS,Activité E&P,DP,GF,1915,4,44106.31,bbl,115054.05,mscf
INAS,Activité E&P,DP,GF,1915,5,23197.23,bbl,67119.47,mscf
INAS,Activité E&P,DP,GF,1915,6,13599.96,bbl,79603.9,mscf
INAS,Activité E&P,DP,GF,1915,7,44751.46,bbl,174617.46,mscf
INAS,Activité E&P,DP,GF,1915,8,49308.8,bbl,46505.57,mscf
INAS,Activité E&P,DP,GF,1915,9,9151.02,bbl,166735.36,mscf
INAS,Activité E&P,DP,GF,1915,10,30779.97,bbl,38416.82,mscf
INAS,Activité E&P,DP,GF,1915,11,38815.71,bbl,173933.72,mscf
INAS,Activité E&P,DP,GF,1915,12,16074.99,bbl,88033.11,mscf
INAS,Activité E&P,DP,GF,1916,1,41337.18,bbl,84154.26,mscf
INAS,Activité E&P,DP,GF,1916,2,27607.54,bbl,17828.54,mscf
INAS,Activité E&P,DP,GF,1916,3,23504.73,bbl,8516.25,mscf
INAS,Activité E&P,DP,GF,1916,4,41651.16,bbl,95245.45,mscf
INAS,Activité E&P,DP,GF,1916,5,3689.29,bbl,35781.91,mscf
INAS,Activité E&P,DP,GF,1916,6,7488.96,bbl,90611.3,mscf
INAS,Activité E&P,DP,GF,1916,7,1440.0,bbl,106585.11,mscf
INAS,Activité E&P,DP,GF,1916,8,30864.92,bbl,112542.32,mscf
INAS,Activité E&P,DP,GF,1916,9,14362.65,bbl,122773.29,mscf
INAS,Activité E&P,DP,GF,1916,10,43511.35,bbl,146145.62,mscf
INAS,Activité E&P,DP,GF,1916,11,6653.24,bbl,80932.81,mscf
INAS,Activité E&P,DP,GF,1916,12,18097.81,bbl,10360.88,mscf
INAS,Activité E&P,DP,GF,1917,1,26449.03,bbl,74473.79,mscf
INAS,Activité E&P,DP,GF,1917,2,37189.88,bbl,96496.88,mscf
INAS,Activité E&P,DP,GF,1917,3,14043.63,bbl,178717.82,mscf
INAS,Activité E&P,DP,GF,1917,4,5732.62,bbl,192046.95,mscf
INAS,Activité E&P,DP,GF,1917,5,2296.95,bbl,106477.82,mscf
INAS,Activité E&P,DP,GF,1917,6,33292.0,bbl,101077.94,mscf
INAS,Activité E&P,DP,GF,1917,7,21670.82,bbl,54996.83,mscf
INAS,Activité E&P,DP,GF,1917,8,11645.3,bbl,9769.51,mscf
INAS,Activité E&P,DP,GF,1917,9,17856.75,bbl,6239.44,mscf
INAS,Activité E&P,DP,GF,1917,10,13884.46,bbl,161096.93,mscf
INAS,Activité E&P,DP,GF,1917,11,37919.29,bbl,171696.59,mscf
INAS,Activité E&P,DP,GF,1917,12,18997.69,bbl,91332.6,mscf
INAS,Activité E&P,DP,GF,1918,1,43139.29,bbl,51913.84,mscf
INAS,Activité E&P,DP,GF,1918,2,34497.37,bbl,72600.52,mscf
INAS,Activité E&P,DP,GF,1918,3,28977.99,bbl,67812.89,mscf
INAS,Activité E&P,DP,GF,1918,4,32411.97,bbl,174666.94,mscf
INAS,Activité E&P,DP,GF,1918,5,41133.36,bbl,143914.79,mscf
INAS,Activité E&P,DP,GF,1918,6,12006.59,bbl,33185.75,mscf
INAS,Activité E&P,DP,GF,1918,7,7583.29,bbl,166686.28,mscf
INAS,Activité E&P,DP,GF,1918,8,12631.15,bbl,89367.52,mscf
INAS,Activité E&P,DP,GF,1918,9,31807.44,bbl,27168.19,mscf
INAS,Activité E&P,DP,GF,1918,10,39974.02,bbl,162639.49,mscf
INAS,Activité E&P,DP,GF,1918,11,7834.51,bbl,67752.11,mscf
INAS,Activité E&P,DP,GF,1918,12,43255.89,bbl,191545.63,mscf
INAS,Activité E&P,DP,GF,1919,1,18212.42,bbl,68637.86,mscf
INAS,Activité E&P,DP,GF,1919,2,29488.39,bbl,13748.04,mscf
INAS,Activité E&P,DP,GF,1919,3,24660.86,bbl,81166.18,mscf
INAS,Activité E&P,DP,GF,1919,4,17975.67,bbl,125322.86,mscf
INAS,Activité E&P,DP,GF,1919,5,8925.65,bbl,53731.98,mscf
INAS,Activité E&P,DP,GF,1919,6,43275.19,bbl,190418.25,mscf
INAS,Activité E&P,DP,GF,1919,7,2440.12,bbl,180222.08,mscf
INAS,Activité E&P,DP,GF,1919,8,14799.57,bbl,191216.9,mscf
INAS,Activité E&P,DP,GF,1919,9,42131.43,bbl,155086.05,mscf
INAS,Activité E&P,DP,GF,1919,10,19757.84,bbl,74187.26,mscf
INAS,Activité E&P,DP,GF,1919,11,47746.64,bbl,167337.36,mscf
INAS,Activité E&P,DP,GF,1919,12,49128.98,bbl,68312.35,mscf
INAS,Activité E&P,DP,GF,1920,1,31350.52,bbl,107881.92,mscf
INAS,Activité E&P,DP,GF,1920,2,16332.31,bbl,157902.81,mscf
INAS,Activité E&P,DP,GF,1920,3,38151.36,bbl,137182.83,mscf
INAS,Activité E&P,DP,GF,1920,4,43236.5,bbl,32155.62,mscf
INAS,Activité E&P,DP,GF,1920,5,44296.65,bbl,56038.32,mscf
INAS,Activité E&P,DP,GF,1920,6,9318.98,bbl,177018.23,mscf
INAS,Activité E&P,DP,GF,1920,7,28434.9,bbl,25085.82,mscf
INAS,Activité E&P,DP,GF,1920,8,31663.64,bbl,66134.47,mscf
INAS,Activité E&P,DP,GF,1920,9,18923.29,bbl,30203.67,mscf
INAS,Activité E&P,DP,GF,1920,10,23515.12,bbl,22102.19,mscf
INAS,Activité E&P,DP,GF,1920,11,1326.0,bbl,22883.23,mscf
INAS,Activité E&P,DP,GF,1920,12,2999.29,bbl,33198.89,mscf
INAS,Activité E&P,DP,GF,1921,1,17702.26,bbl,134813.38,mscf
INAS,Activité E&P,DP,GF,1921,2,12989.8,bbl,190189.29,mscf
INAS,Activité E&P,DP,GF,1921,3,39525.39,bbl,32961.98,mscf
INAS,Activité E&P,DP,GF,1921,4,2021.46,bbl,72362.62,mscf
INAS,Activité E&P,DP,GF,1921,5,3998.74,bbl,141174.19,mscf
INAS,Activité E&P,DP,GF,1921,6,14723.35,bbl,97422.28,mscf
INAS,Activité E&P,DP,GF,1921,7,29195.83,bbl,186734.8,mscf
INAS,Activité E&P,DP,GF,1921,8,18979.83,bbl,85387.21,mscf
INAS,Activité E&P,DP,GF,1921,9,43719.07,bbl,44730.42,mscf
INAS,Activité E&P,DP,GF,1921,10,33719.83,bbl,113089.22,mscf
INAS,Activité E&P,DP,GF,1921,11,18528.26,bbl,119330.4,mscf
INAS,Activité E&P,DP,GF,1921,12,10900.36,bbl,181499.32,mscf
INAS,Activité E&P,DP,GF,1922,1,40481.04,bbl,57978.24,mscf
INAS,Activité E&P,DP,GF,1922,2,9730.51,bbl,92172.12,mscf
INAS,Activité E&P,DP,GF,1922,3,35025.47,bbl,6619.09,mscf
INAS,Activité E&P,DP,GF,1922,4,8064.05,bbl,74106.99,mscf
INAS,Activité E&P,DP,GF,1922,5,31042.46,bbl,179773.36,mscf
INAS,Activité E&P,DP,GF,1922,6,36706.28,bbl,95044.24,mscf
INAS,Activité E&P,DP,GF,1922,7,6181.79,bbl,57191.17,mscf
INAS,Activité E&P,DP,GF,1922,8,23042.85,bbl,93477.5,mscf
INAS,Activité E&P,DP,GF,1922,9,21619.16,bbl,45457.23,mscf
INAS,Activité E&P,DP,GF,1922,10,29915.08,bbl,70691.9,mscf
INAS,Activité E&P,DP,GF,1922,11,45711.7,bbl,179913.81,mscf
INAS,Activité E&P,DP,GF,1922,12,8001.88,bbl,160373.33,mscf
INAS,Activité E&P,DP,GF,1923,1,10070.93,bbl,122847.09,mscf
INAS,Activité E&P,DP,GF,1923,2,46075.02,bbl,80202.21,mscf
INAS,Activité E&P,DP,GF,1923,3,45057.33,bbl,173314.54,mscf
INAS,Activité E&P,DP,GF,1923,4,21690.02,bbl,70832.76,mscf
INAS,Activité E&P,DP,GF,1923,5,46054.7,bbl,54275.3,mscf
INAS,Activité E&P,DP,GF,1923,6,41188.7,bbl,120634.98,mscf
INAS,Activité E&P,DP,GF,1923,7,40828.63,bbl,13489.99,mscf
INAS,Activité E&P,DP,GF,1923,8,14652.46,bbl,17856.92,mscf
INAS,Activité E&P,DP,GF,1923,9,28724.98,bbl,10667.04,mscf
INAS,Activité E&P,DP,GF,1923,10,31434.05,bbl,48696.66,mscf
INAS,Activité E&P,DP,GF,1923,11,22330.28,bbl,165468.68,mscf
INAS,Activité E&P,DP,GF,1923,12,17349.55,bbl,199244.51,mscf
INAS,Activité E&P,DP,GF,1924,1,30283.06,bbl,105171.61,mscf
INAS,Activité E&P,DP,GF,1924,2,18191.78,bbl,183765.11,mscf
INAS,Activité E&P,DP,GF,1924,3,15011.39,bbl,58421.93,mscf
INAS,Activité E&P,DP,GF,1924,4,45942.53,bbl,124937.79,mscf
INAS,Activité E&P,DP,GF,1924,5,34937.34,bbl,90380.32,mscf
INAS,Activité E&P,DP,GF,1924,6,35837.26,bbl,95407.16,mscf
INAS,Activité E&P,DP,GF,1924,7,7612.83,bbl,196385.52,mscf
INAS,Activité E&P,DP,GF,1924,8,42335.32,bbl,160112.92,mscf
INAS,Activité E&P,DP,GF,1924,9,23097.62,bbl,158643.68,mscf
INAS,Activité E&P,DP,GF,1924,10,8950.23,bbl,145944.37,mscf
INAS,Activité E&P,DP,GF,1924,11,27536.94,bbl,155859.76,mscf
INAS,Activité E&P,DP,GF,1924,12,2896.75,bbl,120869.33,mscf
INAS,Activité E&P,DP,GF,1925,1,12104.04,bbl,7541.33,mscf
INAS,Activité E&P,DP,GF,1925,2,3999.17,bbl,37246.81,mscf
INAS,Activité E&P,DP,GF,1925,3,33720.57,bbl,134819.83,mscf
INAS,Activité E&P,DP,GF,1925,4,11288.12,bbl,43476.49,mscf
INAS,Activité E&P,DP,GF,1925,5,18740.25,bbl,112445.7,mscf
INAS,Activité E&P,DP,GF,1925,6,7755.69,bbl,188579.81,mscf
INAS,Activité E&P,DP,GF,1925,7,49002.81,bbl,34998.35,mscf
INAS,Activité E&P,DP,GF,1925,8,24882.33,bbl,163735.4,mscf
INAS,Activité E&P,DP,GF,1925,9,15896.47,bbl,144592.05,mscf
INAS,Activité E&P,DP,GF,1925,10,41656.25,bbl,117775.58,mscf
INAS,Activité E&P,DP,GF,1925,11,41504.89,bbl,96793.0,mscf
INAS,Activité E&P,DP,GF,1925,12,13218.06,bbl,26899.24,mscf
INAS,Activité E&P,DP,GF,1926,1,9179.48,bbl,116207.21,mscf
INAS,Activité E&P,DP,GF,1926,2,26515.49,bbl,157056.61,mscf
INAS,Activité E&P,DP,GF,1926,3,35441.88,bbl,110593.45,mscf
INAS,Activité E&P,DP,GF,1926,4,31309.29,bbl,57932.11,mscf
INAS,Activité E&P,DP,GF,1926,5,2787.68,bbl,75638.8,mscf
INAS,Activité E&P,DP,GF,1926,6,14127.32,bbl,144480.17,mscf
INAS,Activité E&P,DP,GF,1926,7,45014.03,bbl,24298.07,mscf
INAS,Activité E&P,DP,GF,1926,8,8502.67,bbl,172657.9,mscf
INAS,Activité E&P,DP,GF,1926,9,27994.91,bbl,44222.45,mscf
INAS,Activité E&P,DP,GF,1926,10,35375.75,bbl,99901.82,mscf
INAS,Activité E&P,DP,GF,1926,11,39898.77,bbl,71956.5,mscf
INAS,Activité E&P,DP,GF,1926,12,27879.8,bbl,162227.46,mscf
INAS,Activité E&P,DP,GF,1927,1,28415.77,bbl,167967.54,mscf
INAS,Activité E&P,DP,GF,1927,2,1409.32,bbl,106649.59,mscf
INAS,Activité E&P,DP,GF,1927,3,3755.16,bbl,73668.9,mscf
INAS,Activité E&P,DP,GF,1927,4,41154.99,bbl,195100.93,mscf
INAS,Activité E&P,DP,GF,1927,5,34099.29,bbl,72729.21,mscf
INAS,Activité E&P,DP,GF,1927,6,3769.44,bbl,142041.04,mscf
INAS,Activité E&P,DP,GF,1927,7,7263.87,bbl,13764.45,mscf
INAS,Activité E&P,DP,GF,1927,8,6443.81,bbl,110275.48,mscf
INAS,Activité E&P,DP,GF,1927,9,11401.61,bbl,90167.78,mscf
INAS,Activité E&P,DP,GF,1927,10,3922.36,bbl,66864.8,mscf
INAS,Activité E&P,DP,GF,1927,11,42223.48,bbl,129300.88,mscf
INAS,Activité E&P,DP,GF,1927,12,35364.06,bbl,198917.86,mscf
INAS,Activité E&P,DP,GF,1928,1,36006.86,bbl,19117.9,mscf
INAS,Activité E&P,DP,GF,1928,2,31558.5,bbl,164538.31,mscf
INAS,Activité E&P,DP,GF,1928,3,33606.73,bbl,47059.62,mscf
INAS,Activité E&P,DP,GF,1928,4,7263.43,bbl,84281.57,mscf
INAS,Activité E&P,DP,GF,1928,5,11257.79,bbl,7989.91,mscf
INAS,Activité E&P,DP,GF,1928,6,30577.99,bbl,176635.27,mscf
INAS,Activité E&P,DP,GF,1928,7,27901.09,bbl,56823.02,mscf
INAS,Activité E&P,DP,GF,1928,8,15657.02,bbl,34126.44,mscf
INAS,Activité E&P,DP,GF,1928,9,27128.7,bbl,101728.52,mscf
INAS,Activité E&P,DP,GF,1928,10,29795.56,bbl,151627.46,mscf
INAS,Activité E&P,DP,GF,1928,11,18645.11,bbl,129947.58,mscf
INAS,Activité E&P,DP,GF,1928,12,15352.15,bbl,159610.8,mscf
INAS,Activité E&P,DP,GF,1929,1,27701.16,bbl,178014.5,mscf
INAS,Activité E&P,DP,GF,1929,2,3938.88,bbl,107886.43,mscf
INAS,Activité E&P,DP,GF,1929,3,29960.74,bbl,112883.85,mscf
INAS,Activité E&P,DP,GF,1929,4,5065.91,bbl,70731.12,mscf
INAS,Activité E&P,DP,GF,1929,5,44676.96,bbl,118343.24,mscf
INAS,Activité E&P,DP,GF,1929,6,35453.17,bbl,116763.65,mscf
INAS,Activité E&P,DP,GF,1929,7,22143.36,bbl,186709.98,mscf
INAS,Activité E&P,DP,GF,1929,8,5195.8,bbl,62429.91,mscf
INAS,Activité E&P,DP,GF,1929,9,16931.33,bbl,172055.56,mscf
INAS,Activité E&P,DP,GF,1929,10,23253.65,bbl,19448.62,mscf
INAS,Activité E&P,DP,GF,1929,11,45601.01,bbl,44559.6,mscf
INAS,Activité E&P,DP,GF,1929,12,30693.15,bbl,36831.8,mscf
INAS,Activité E&P,DP,GF,1930,1,16662.13,bbl,39185.41,mscf
INAS,Activité E&P,DP,GF,1930,2,6670.13,bbl,182780.32,mscf
INAS,Activité E&P,DP,GF,1930,3,20176.47,bbl,116386.53,mscf
INAS,Activité E&P,DP,GF,1930,4,18007.24,bbl,149516.72,mscf
INAS,Activité E&P,DP,GF,1930,5,39956.47,bbl,24508.15,mscf
INAS,Activité E&P,DP,GF,1930,6,40749.98,bbl,50839.51,mscf
INAS,Activité E&P,DP,GF,1930,7,40912.67,bbl,170432.6,mscf
INAS,Activité E&P,DP,GF,1930,8,1099.93,bbl,53350.58,mscf
INAS,Activité E&P,DP,GF,1930,9,28715.09,bbl,14548.28,mscf
INAS,Activité E&P,DP,GF,1930,10,40930.78,bbl,190104.8,mscf
INAS,Activité E&P,DP,GF,1930,11,18709.36,bbl,54044.91,mscf
INAS,Activité E&P,DP,GF,1930,12,48736.13,bbl,132966.63,mscf
INAS,Activité E&P,DP,GF,1931,1,24502.68,bbl,141182.94,mscf
INAS,Activité E&P,DP,GF,1931,2,46425.24,bbl,87128.33,mscf
INAS,Activité E&P,DP,GF,1931,3,36552.71,bbl,162264.42,mscf
INAS,Activité E&P,DP,GF,1931,4,8090.35,bbl,39125.82,mscf
INAS,Activité E&P,DP,GF,1931,5,44239.58,bbl,141292.48,mscf
INAS,Activité E&P,DP,GF,1931,6,46654.7,bbl,35215.25,mscf
INAS,Activité E&P,DP,GF,1931,7,22902.39,bbl,26519.6,mscf
INAS,Activité E&P,DP,GF,1931,8,15471.82,bbl,124534.02,mscf
INAS,Activité E&P,DP,GF,1931,9,23004.35,bbl,47288.35,mscf
INAS,Activité E&P,DP,GF,1931,10,41095.58,bbl,6751.27,mscf
INAS,Activité E&P,DP,GF,1931,11,7664.68,bbl,156602.5,mscf
INAS,Activité E&P,DP,GF,1931,12,38615.97,bbl,141542.62,mscf
INAS,Activité E&P,DP,GF,1932,1,38511.24,bbl,51408.37,mscf
INAS,Activité E&P,DP,GF,1932,2,27180.94,bbl,170287.94,mscf
INAS,Activité E&P,DP,GF,1932,3,13549.69,bbl,67034.5,mscf
INAS,Activité E&P,DP,GF,1932,4,9232.92,bbl,132456.61,mscf
INAS,Activité E&P,DP,GF,1932,5,15074.88,bbl,154697.79,mscf
INAS,Activité E&P,DP,GF,1932,6,18699.98,bbl,80756.76,mscf
INAS,Activité E&P,DP,GF,1932,7,40619.2,bbl,57493.8,mscf
INAS,Activité E&P,DP,GF,1932,8,23140.36,bbl,18423.53,mscf
INAS,Activité E&P,DP,GF,1932,9,1506.49,bbl,21630.72,mscf
INAS,Activité E&P,DP,GF,1932,10,39987.4,bbl,188822.54,mscf
INAS,Activité E&P,DP,GF,1932,11,20479.27,bbl,16742.48,mscf
INAS,Activité E&P,DP,GF,1932,12,25141.69,bbl,94712.61,mscf
INAS,Activité E&P,DP,GF,1933,1,11125.89,bbl,58456.1,mscf
INAS,Activité E&P,DP,GF,1933,2,29614.1,bbl,82999.18,mscf
INAS,Activité E&P,DP,GF,1933,3,9821.79,bbl,68317.3,mscf
INAS,Activité E&P,DP,GF,1933,4,29178.49,bbl,39258.08,mscf
INAS,Activité E&P,DP,GF,1933,5,37495.01,bbl,58330.22,mscf
INAS,Activité E&P,DP,GF,1933,6,45587.2,bbl,98540.0,mscf
INAS,Activité E&P,DP,GF,1933,7,28782.43,bbl,162286.6,mscf
INAS,Activité E&P,DP,GF,1933,8,5003.3,bbl,102213.64,mscf
INAS,Activité E&P,DP,GF,1933,9,31859.0,bbl,116514.51,mscf
INAS,Activité E&P,DP,GF,1933,10,20387.22,bbl,52599.78,mscf
INAS,Activité E&P,DP,GF,1933,11,6986.54,bbl,8565.6,mscf
INAS,Activité E&P,DP,GF,1933,12,23878.55,bbl,98348.98,mscf
INAS,Activité E&P,DP,GF,1934,1,11839.67,bbl,14828.57,mscf
INAS,Activité E&P,DP,GF,1934,2,35807.45,bbl,39511.28,mscf
INAS,Activité E&P,DP,GF,1934,3,37951.05,bbl,94003.56,mscf
INAS,Activité E&P,DP,GF,1934,4,12671.97,bbl,147438.42,mscf
INAS,Activité E&P,DP,GF,1934,5,2645.87,bbl,29274.83,mscf
INAS,Activité E&P,DP,GF,1934,6,19931.39,bbl,61367.74,mscf
INAS,Activité E&P,DP,GF,1934,7,6500.21,bbl,147058.35,mscf
INAS,Activité E&P,DP,GF,1934,8,14571.42,bbl,77171.66,mscf
INAS,Activité E&P,DP,GF,1934,9,37364.46,bbl,47614.57,mscf
INAS,Activité E&P,DP,GF,1934,10,11746.52,bbl,194908.06,mscf
INAS,Activité E&P,DP,GF,1934,11,49650.85,bbl,136133.02,mscf
INAS,Activité E&P,DP,GF,1934,12,27903.5,bbl,184077.6,mscf
INAS,Activité E&P,DP,GF,1935,1,40196.31,bbl,59250.13,mscf
INAS,Activité E&P,DP,GF,1935,2,2495.01,bbl,146872.08,mscf
INAS,Activité E&P,DP,GF,1935,3,28141.62,bbl,43137.38,mscf
INAS,Activité E&P,DP,GF,1935,4,37414.13,bbl,100978.54,mscf
INAS,Activité E&P,DP,GF,1935,5,44696.13,bbl,144237.6,mscf
INAS,Activité E&P,DP,GF,1935,6,7395.33,bbl,112123.81,mscf
INAS,Activité E&P,DP,GF,1935,7,18601.55,bbl,191032.61,mscf
INAS,Activité E&P,DP,GF,1935,8,38385.41,bbl,129373.9,mscf
INAS,Activité E&P,DP,GF,1935,9,12095.75,bbl,52379.6,mscf
INAS,Activité E&P,DP,GF,1935,10,32859.86,bbl,109264.69,mscf
INAS,Activité E&P,DP,GF,1935,11,35873.33,bbl,21507.51,mscf
INAS,Activité E&P,DP,GF,1935,12,34767.61,bbl,63303.49,mscf
INAS,Activité E&P,DP,GF,1936,1,20312.88,bbl,103409.35,mscf
INAS,Activité E&P,DP,GF,1936,2,32040.21,bbl,36621.33,mscf
INAS,Activité E&P,DP,GF,1936,3,39514.11,bbl,57118.8,mscf
INAS,Activité E&P,DP,GF,1936,4,4393.58,bbl,170244.84,mscf
INAS,Activité E&P,DP,GF,1936,5,34704.1,bbl,12083.52,mscf
INAS,Activité E&P,DP,GF,1936,6,37036.41,bbl,63227.91,mscf
INAS,Activité E&P,DP,GF,1936,7,24007.5,bbl,41706.03,mscf
INAS,Activité E&P,DP,GF,1936,8,39898.36,bbl,115994.77,mscf
INAS,Activité E&P,DP,GF,1936,9,7697.63,bbl,164059.84,mscf
INAS,Activité E&P,DP,GF,1936,10,39648.47,bbl,104001.52,mscf
INAS,Activité E&P,DP,GF,1936,11,46407.59,bbl,29699.74,mscf
INAS,Activité E&P,DP,GF,1936,12,25459.08,bbl,67855.44,mscf
INAS,Activité E&P,DP,GF,1937,1,5116.78,bbl,189829.37,mscf
INAS,Activité E&P,DP,GF,1937,2,25173.11,bbl,18759.29,mscf
INAS,Activité E&P,DP,GF,1937,3,9509.54,bbl,123722.33,mscf
INAS,Activité E&P,DP,GF,1937,4,37186.18,bbl,194605.57,mscf
INAS,Activité E&P,DP,GF,1937,5,41409.88,bbl,99021.0,mscf
INAS,Activité E&P,DP,GF,1937,6,3015.88,bbl,186509.19,mscf
INAS,Activité E&P,DP,GF,1937,7,10266.62,bbl,87419.55,mscf
INAS,Activité E&P,DP,GF,1937,8,7837.04,bbl,132151.44,mscf
INAS,Activité E&P,DP,GF,1937,9,4559.48,bbl,72892.05,mscf
INAS,Activité E&P,DP,GF,1937,10,29526.83,bbl,39063.35,mscf
INAS,Activité E&P,DP,GF,1937,11,49472.23,bbl,29222.73,mscf
INAS,Activité E&P,DP,GF,1937,12,27611.27,bbl,174698.34,mscf
INAS,Activité E&P,DP,GF,1938,1,44965.4,bbl,156698.75,mscf
INAS,Activité E&P,DP,GF,1938,2,35724.77,bbl,46222.76,mscf
INAS,Activité E&P,DP,GF,1938,3,13407.19,bbl,103441.44,mscf
INAS,Activité E&P,DP,GF,1938,4,37003.23,bbl,56320.63,mscf
INAS,Activité E&P,DP,GF,1938,5,25101.09,bbl,123940.79,mscf
INAS,Activité E&P,DP,GF,1938,6,8303.82,bbl,149755.44,mscf
INAS,Activité E&P,DP,GF,1938,7,31042.32,bbl,121697.04,mscf
INAS,Activité E&P,DP,GF,1938,8,31254.55,bbl,151862.99,mscf
INAS,Activité E&P,DP,GF,1938,9,24398.73,bbl,133504.92,mscf
INAS,Activité E&P,DP,GF,1938,10,21516.58,bbl,181701.5,mscf
INAS,Activité E&P,DP,GF,1938,11,18709.95,bbl,36803.29,mscf
INAS,Activité E&P,DP,GF,1938,12,38238.33,bbl,199738.87,mscf
INAS,Activité E&P,DP,GF,1939,1,35531.46,bbl,29611.87,mscf
INAS,Activité E&P,DP,GF,1939,2,31704.02,bbl,123364.79,mscf
INAS,Activité E&P,DP,GF,1939,3,27595.83,bbl,96704.21,mscf
INAS,Activité E&P,DP,GF,1939,4,16425.53,bbl,173194.06,mscf
INAS,Activité E&P,DP,GF,1939,5,15164.26,bbl,96396.09,mscf
INAS,Activité E&P,DP,GF,1939,6,42018.35,bbl,23111.88,mscf
INAS,Activité E&P,DP,GF,1939,7,37541.33,bbl,121842.78,mscf
INAS,Activité E&P,DP,GF,1939,8,16667.54,bbl,110040.4,mscf
INAS,Activité E&P,DP,GF,1939,9,7261.09,bbl,10120.67,mscf
INAS,Activité E&P,DP,GF,1939,10,28789.72,bbl,53184.83,mscf
INAS,Activité E&P,DP,GF,1939,11,38899.22,bbl,159678.82,mscf
INAS,Activité E&P,DP,GF,1939,12,11355.32,bbl,181135.3,mscf
INAS,Activité E&P,DP,GF,1940,1,38023.42,bbl,118503.37,mscf
INAS,Activité E&P,DP,GF,1940,2,9605.46,bbl,136285.11,mscf
INAS,Activité E&P,DP,GF,1940,3,49533.52,bbl,62571.91,mscf
INAS,Activité E&P,DP,GF,1940,4,49896.29,bbl,81432.02,mscf
INAS,Activité E&P,DP,GF,1940,5,39118.17,bbl,8984.56,mscf
INAS,Activité E&P,DP,GF,1940,6,19374.64,bbl,182066.35,mscf
INAS,Activité E&P,DP,GF,1940,7,23502.12,bbl,186777.16,mscf
INAS,Activité E&P,DP,GF,1940,8,30703.8,bbl,62818.99,mscf
INAS,Activité E&P,DP,GF,1940,9,14690.29,bbl,139153.34,mscf
INAS,Activité E&P,DP,GF,1940,10,15987.0,bbl,136419.21,mscf
INAS,Activité E&P,DP,GF,1940,11,15851.82,bbl,194813.44,mscf
INAS,Activité E&P,DP,GF,1940,12,41007.09,bbl,54818.94,mscf
INAS,Activité E&P,DP,GF,1941,1,27635.96,bbl,61876.73,mscf
INAS,Activité E&P,DP,GF,1941,2,45910.03,bbl,139121.43,mscf
INAS,Activité E&P,DP,GF,1941,3,39412.66,bbl,84935.03,mscf
INAS,Activité E&P,DP,GF,1941,4,19551.12,bbl,100593.48,mscf
INAS,Activité E&P,DP,GF,1941,5,34952.35,bbl,45880.23,mscf
INAS,Activité E&P,DP,GF,1941,6,46588.59,bbl,52880.55,mscf
INAS,Activité E&P,DP,GF,1941,7,43257.23,bbl,144435.64,mscf
INAS,Activité E&P,DP,GF,1941,8,46819.6,bbl,186854.41,mscf
INAS,Activité E&P,DP,GF,1941,9,14443.63,bbl,135457.21,mscf
INAS,Activité E&P,DP,GF,1941,10,30853.41,bbl,56479.65,mscf
INAS,Activité E&P,DP,GF,1941,11,12980.4,bbl,21014.32,mscf
INAS,Activité E&P,DP,GF,1941,12,7822.22,bbl,79194.37,mscf
INAS,Activité E&P,DP,GF,1942,1,47695.87,bbl,148371.58,mscf
INAS,Activité E&P,DP,GF,1942,2,25335.09,bbl,49878.71,mscf
INAS,Activité E&P,DP,GF,1942,3,19589.15,bbl,52497.22,mscf
INAS,Activité E&P,DP,GF,1942,4,47733.99,bbl,63257.68,mscf
INAS,Activité E&P,DP,GF,1942,5,18871.39,bbl,21886.38,mscf
INAS,Activité E&P,DP,GF,1942,6,49480.3,bbl,171141.35,mscf
INAS,Activité E&P,DP,GF,1942,7,26561.8,bbl,74076.95,mscf
INAS,Activité E&P,DP,GF,1942,8,19949.71,bbl,21867.78,mscf
INAS,Activité E&P,DP,GF,1942,9,26426.85,bbl,97558.65,mscf
INAS,Activité E&P,DP,GF,1942,10,1260.87,bbl,130065.27,mscf
INAS,Activité E&P,DP,GF,1942,11,33667.48,bbl,6914.76,mscf
INAS,Activité E&P,DP,GF,1942,12,22719.68,bbl,99135.55,mscf
INAS,Activité E&P,DP,GF,1943,1,37266.45,bbl,164729.93,mscf
INAS,Activité E&P,DP,GF,1943,2,20965.0,bbl,198021.85,mscf
INAS,Activité E&P,DP,GF,1943,3,3975.73,bbl,163557.44,mscf
INAS,Activité E&P,DP,GF,1943,4,24543.29,bbl,119713.4,mscf
INAS,Activité E&P,DP,GF,1943,5,30950.45,bbl,5339.59,mscf
INAS,Activité E&P,DP,GF,1943,6,43821.39,bbl,117550.35,mscf
INAS,Activité E&P,DP,GF,1943,7,6586.24,bbl,40029.38,mscf
INAS,Activité E&P,DP,GF,1943,8,42243.03,bbl,91201.7,mscf
INAS,Activité E&P,DP,GF,1943,9,42874.15,bbl,84692.96,mscf
INAS,Activité E&P,DP,GF,1943,10,27306.95,bbl,18834.55,mscf
INAS,Activité E&P,DP,GF,1943,11,9540.91,bbl,54243.92,mscf
INAS,Activité E&P,DP,GF,1943,12,23132.37,bbl,48389.07,mscf
INAS,Activité E&P,DP,GF,1944,1,44854.26,bbl,84830.71,mscf
INAS,Activité E&P,DP,GF,1944,2,26151.53,bbl,188294.3,mscf
INAS,Activité E&P,DP,GF,1944,3,3418.3,bbl,192671.12,mscf
INAS,Activité E&P,DP,GF,1944,4,23494.18,bbl,175983.76,mscf
INAS,Activité E&P,DP,GF,1944,5,45361.29,bbl,127004.82,mscf
INAS,Activité E&P,DP,GF,1944,6,36675.32,bbl,175430.71,mscf
INAS,Activité E&P,DP,GF,1944,7,10587.7,bbl,142074.35,mscf
INAS,Activité E&P,DP,GF,1944,8,38120.06,bbl,65456.02,mscf
INAS,Activité E&P,DP,GF,1944,9,5368.21,bbl,105587.53,mscf
INAS,Activité E&P,DP,GF,1944,10,6466.37,bbl,38994.63,mscf
INAS,Activité E&P,DP,GF,1944,11,43481.65,bbl,104902.1,mscf
INAS,Activité E&P,DP,GF,1944,12,18625.41,bbl,180973.08,mscf
INAS,Activité E&P,DP,GF,1945,1,49743.76,bbl,173479.88,mscf
INAS,Activité E&P,DP,GF,1945,2,40889.15,bbl,74894.43,mscf
INAS,Activité E&P,DP,GF,1945,3,10492.31,bbl,130258.38,mscf
INAS,Activité E&P,DP,GF,1945,4,21792.33,bbl,5112.77,mscf
INAS,Activité E&P,DP,GF,1945,5,41686.89,bbl,148264.41,mscf
INAS,Activité E&P,DP,GF,1945,6,15688.47,bbl,173388.32,mscf
INAS,Activité E&P,DP,GF,1945,7,12143.5,bbl,178608.32,mscf
INAS,Activité E&P,DP,GF,1945,8,39893.14,bbl,198844.03,mscf
INAS,Activité E&P,DP,GF,1945,9,24419.94,bbl,62475.73,mscf
INAS,Activité E&P,DP,GF,1945,10,34121.83,bbl,115013.13,mscf
INAS,Activité E&P,DP,GF,1945,11,30624.22,bbl,18536.84,mscf
INAS,Activité E&P,DP,GF,1945,12,2221.42,bbl,152723.76,mscf
INAS,Activité E&P,DP,GF,1946,1,1039.84,bbl,60194.41,mscf
INAS,Activité E&P,DP,GF,1946,2,1494.68,bbl,9091.11,mscf
INAS,Activité E&P,DP,GF,1946,3,29167.71,bbl,104186.73,mscf
INAS,Activité E&P,DP,GF,1946,4,2035.14,bbl,6598.7,mscf
INAS,Activité E&P,DP,GF,1946,5,48559.07,bbl,95113.76,mscf
INAS,Activité E&P,DP,GF,1946,6,47603.08,bbl,90707.66,mscf
INAS,Activité E&P,DP,GF,1946,7,11367.32,bbl,94799.35,mscf
INAS,Activité E&P,DP,GF,1946,8,24217.18,bbl,32080.25,mscf
INAS,Activité E&P,DP,GF,1946,9,47477.42,bbl,82626.24,mscf
INAS,Activité E&P,DP,GF,1946,10,33734.2,bbl,41090.25,mscf
INAS,Activité E&P,DP,GF,1946,11,13965.59,bbl,71891.02,mscf
INAS,Activité E&P,DP,GF,1946,12,10628.08,bbl,90428.44,mscf
INAS,Activité E&P,DP,GF,1947,1,21890.96,bbl,34633.08,mscf
INAS,Activité E&P,DP,GF,1947,2,25972.66,bbl,52907.98,mscf
INAS,Activité E&P,DP,GF,1947,3,23659.13,bbl,165083.68,mscf
INAS,Activité E&P,DP,GF,1947,4,22290.46,bbl,139086.85,mscf
INAS,Activité E&P,DP,GF,1947,5,30349.72,bbl,24362.87,mscf
INAS,Activité E&P,DP,GF,1947,6,11123.33,bbl,169418.02,mscf
INAS,Activité E&P,DP,GF,1947,7,32355.19,bbl,94446.79,mscf
INAS,Activité E&P,DP,GF,1947,8,42861.33,bbl,62425.6,mscf
INAS,Activité E&P,DP,GF,1947,9,38814.04,bbl,73090.32,mscf
INAS,Activité E&P,DP,GF,1947,10,27065.64,bbl,111076.64,mscf
INAS,Activité E&P,DP,GF,1947,11,31931.03,bbl,23410.52,mscf
INAS,Activité E&P,DP,GF,1947,12,48990.41,bbl,150457.08,mscf
INAS,Activité E&P,DP,GF,1948,1,37293.97,bbl,24832.24,mscf
INAS,Activité E&P,DP,GF,1948,2,21364.06,bbl,25696.64,mscf
INAS,Activité E&P,DP,GF,1948,3,19862.38,bbl,111843.31,mscf
INAS,Activité E&P,DP,GF,1948,4,7264.4,bbl,84525.74,mscf
INAS,Activité E&P,DP,GF,1948,5,1585.13,bbl,120477.51,mscf
INAS,Activité E&P,DP,GF,1948,6,22114.77,bbl,130343.26,mscf
INAS,Activité E&P,DP,GF,1948,7,24794.71,bbl,131700.61,mscf
INAS,Activité E&P,DP,GF,1948,8,40402.68,bbl,160584.12,mscf
INAS,Activité E&P,DP,GF,1948,9,1864.0,bbl,92190.49,mscf
INAS,Activité E&P,DP,GF,1948,10,40533.58,bbl,126549.96,mscf
INAS,Activité E&P,DP,GF,1948,11,45242.31,bbl,178004.57,mscf
INAS,Activité E&P,DP,GF,1948,12,5317.34,bbl,55764.45,mscf
INAS,Activité E&P,DP,GF,1949,1,11450.06,bbl,27995.37,mscf
INAS,Activité E&P,DP,GF,1949,2,6851.21,bbl,73741.59,mscf
INAS,Activité E&P,DP,GF,1949,3,15429.65,bbl,188843.23,mscf
INAS,Activité E&P,DP,GF,1949,4,42709.86,bbl,168849.95,mscf
INAS,Activité E&P,DP,GF,1949,5,13007.81,bbl,6800.76,mscf
INAS,Activité E&P,DP,GF,1949,6,2361.66,bbl,64469.03,mscf
INAS,Activité E&P,DP,GF,1949,7,13685.39,bbl,14398.46,mscf
INAS,Activité E&P,DP,GF,1949,8,27338.17,bbl,132887.73,mscf
INAS,Activité E&P,DP,GF,1949,9,11192.84,bbl,83970.48,mscf
INAS,Activité E&P,DP,GF,1949,10,34271.57,bbl,191957.64,mscf
INAS,Activité E&P,DP,GF,1949,11,9069.54,bbl,95588.13,mscf
INAS,Activité E&P,DP,GF,1949,12,16995.83,bbl,154532.86,mscf
BRS,Activité E&P,AST,OF,1900,1,15796.99,bbl,168342.99,mscf
BRS,Activité E&P,AST,OF,1900,2,24134.44,bbl,198738.45,mscf
BRS,Activité E&P,AST,OF,1900,3,36297.48,bbl,90023.13,mscf
BRS,Activité E&P,AST,OF,1900,4,2067.98,bbl,109086.02,mscf
BRS,Activité E&P,AST,OF,1900,5,43589.78,bbl,149091.25,mscf
BRS,Activité E&P,AST,OF,1900,6,4386.3,bbl,157278.42,mscf
BRS,Activité E&P,AST,OF,1900,7,12532.03,bbl,57938.0,mscf
BRS,Activité E&P,AST,OF,1900,8,49862.22,bbl,194948.4,mscf
BRS,Activité E&P,AST,OF,1900,9,19949.49,bbl,183080.52,mscf
BRS,Activité E&P,AST,OF,1900,10,3657.39,bbl,101909.64,mscf
BRS,Activité E&P,AST,OF,1900,11,19037.68,bbl,149455.0,mscf
BRS,Activité E&P,AST,OF,1900,12,10413.82,bbl,69372.95,mscf
BRS,Activité E&P,AST,OF,1901,1,33679.53,bbl,92494.08,mscf
BRS,Activité E&P,AST,OF,1901,2,38129.18,bbl,47404.32,mscf
BRS,Activité E&P,AST,OF,1901,3,29695.48,bbl,98311.75,mscf
BRS,Activité E&P,AST,OF,1901,4,27140.29,bbl,110279.51,mscf
BRS,Activité E&P,AST,OF,1901,5,27907.64,bbl,128748.81,mscf
BRS,Activité E&P,AST,OF,1901,6,26931.25,bbl,197793.94,mscf
BRS,Activité E&P,AST,OF,1901,7,15486.16,bbl,32055.34,mscf
BRS,Activité E&P,AST,OF,1901,8,4844.48,bbl,35360.26,mscf
BRS,Activité E&P,AST,OF,1901,9,17917.71,bbl,155670.06,mscf
BRS,Activité E&P,AST,OF,1901,10,12723.37,bbl,139581.96,mscf
BRS,Activité E&P,AST,OF,1901,11,12373.21,bbl,146570.91,mscf
BRS,Activité E&P,AST,OF,1901,12,36596.57,bbl,38040.84,mscf
BRS,Activité E&P,AST,OF,1902,1,30526.0,bbl,196925.69,mscf
BRS,Activité E&P,AST,OF,1902,2,41794.46,bbl,75641.87,mscf
BRS,Activité E&P,AST,OF,1902,3,3131.72,bbl,124806.9,mscf
BRS,Activité E&P,AST,OF,1902,4,1019.58,bbl,160794.29,mscf
BRS,Activité E&P,AST,OF,1902,5,1026.98,bbl,68763.26,mscf
BRS,Activité E&P,AST,OF,1902,6,5790.39,bbl,82306.09,mscf
BRS,Activité E&P,AST,OF,1902,7,9069.8,bbl,183780.25,mscf
BRS,Activité E&P,AST,OF,1902,8,19796.97,bbl,96823.75,mscf
BRS,Activité E&P,AST,OF,1902,9,33454.11,bbl,41965.83,mscf
BRS,Activité E&P,AST,OF,1902,10,8234.61,bbl,85446.47,mscf
BRS,Activité E&P,AST,OF,1902,11,21697.5,bbl,23834.95,mscf
BRS,Activité E&P,AST,OF,1902,12,40065.52,bbl,182867.04,mscf
BRS,Activité E&P,AST,OF,1903,1,8614.7,bbl,39204.91,mscf
BRS,Activité E&P,AST,OF,1903,2,20051.02,bbl,55741.23,mscf
BRS,Activité E&P,AST,OF,1903,3,31993.98,bbl,107652.7,mscf
BRS,Activité E&P,AST,OF,1903,4,1452.14,bbl,48560.75,mscf
BRS,Activité E&P,AST,OF,1903,5,19649.28,bbl,20185.33,mscf
BRS,Activité E&P,AST,OF,1903,6,16880.03,bbl,73714.56,mscf
BRS,Activité E&P,AST,OF,1903,7,29230.33,bbl,186539.05,mscf
BRS,Activité E&P,AST,OF,1903,8,46721.96,bbl,127386.65,mscf
BRS,Activité E&P,AST,OF,1903,9,21178.44,bbl,122950.39,mscf
BRS,Activité E&P,AST,OF,1903,10,24639.24,bbl,152809.49,mscf
BRS,Activité E&P,AST,OF,1903,11,15941.32,bbl,187024.78,mscf
BRS,Activité E&P,AST,OF,1903,12,16248.06,bbl,134179.11,mscf
BRS,Activité E&P,AST,OF,1904,1,22275.25,bbl,131175.92,mscf
BRS,Activité E&P,AST,OF,1904,2,39606.68,bbl,56262.18,mscf
BRS,Activité E&P,AST,OF,1904,3,16686.41,bbl,120857.55,mscf
BRS,Activité E&P,AST,OF,1904,4,1622.73,bbl,160243.03,mscf
BRS,Activité E&P,AST,OF,1904,5,35344.12,bbl,19385.92,mscf
BRS,Activité E&P,AST,OF,1904,6,49026.97,bbl,92860.87,mscf
BRS,Activité E&P,AST,OF,1904,7,2235.25,bbl,114804.31,mscf
BRS,Activité E&P,AST,OF,1904,8,24725.92,bbl,26460.31,mscf
BRS,Activité E&P,AST,OF,1904,9,47202.55,bbl,135872.57,mscf
BRS,Activité E&P,AST,OF,1904,10,19481.22,bbl,32019.12,mscf
BRS,Activité E&P,AST,OF,1904,11,37496.13,bbl,164130.49,mscf
BRS,Activité E&P,AST,OF,1904,12,49845.02,bbl,181187.13,mscf
BRS,Activité E&P,AST,OF,1905,1,11915.44,bbl,129871.4,mscf
BRS,Activité E&P,AST,OF,1905,2,36690.89,bbl,140897.11,mscf
BRS,Activité E&P,AST,OF,1905,3,33987.92,bbl,100125.11,mscf
BRS,Activité E&P,AST,OF,1905,4,13999.62,bbl,126454.75,mscf
BRS,Activité E&P,AST,OF,1905,5,7819.05,bbl,128491.14,mscf
BRS,Activité E&P,AST,OF,1905,6,10859.5,bbl,28120.63,mscf
BRS,Activité E&P,AST,OF,1905,7,13415.51,bbl,89587.85,mscf
BRS,Activité E&P,AST,OF,1905,8,37156.8,bbl,86201.0,mscf
BRS,Activité E&P,AST,OF,1905,9,33981.09,bbl,32281.61,mscf
BRS,Activité E&P,AST,OF,1905,10,19536.25,bbl,44786.36,mscf
BRS,Activité E&P,AST,OF,1905,11,27400.34,bbl,48838.91,mscf
BRS,Activité E&P,AST,OF,1905,12,22793.6,bbl,178403.75,mscf
BRS,Activité E&P,AST,OF,1906,1,34137.81,bbl,104660.27,mscf
BRS,Activité E&P,AST,OF,1906,2,20347.64,bbl,132235.87,mscf
BRS,Activité E&P,AST,OF,1906,3,25467.0,bbl,142447.4,mscf
BRS,Activité E&P,AST,OF,1906,4,8068.79,bbl,191128.53,mscf
BRS,Activité E&P,AST,OF,1906,5,33947.66,bbl,154810.03,mscf
BRS,Activité E&P,AST,OF,1906,6,7642.07,bbl,103216.54,mscf
BRS,Activité E&P,AST,OF,1906,7,37332.77,bbl,161948.41,mscf
BRS,Activité E&P,AST,OF,1906,8,28360.46,bbl,80919.6,mscf
BRS,Activité E&P,AST,OF,1906,9,6323.67,bbl,123789.88,mscf
BRS,Activité E&P,AST,OF,1906,10,19458.99,bbl,85453.59,mscf
BRS,Activité E&P,AST,OF,1906,11,33932.67,bbl,52632.86,mscf
BRS,Activité E&P,AST,OF,1906,12,27839.23,bbl,196070.21,mscf
BRS,Activité E&P,AST,OF,1907,1,36538.0,bbl,137182.28,mscf
BRS,Activité E&P,AST,OF,1907,2,41110.98,bbl,102949.18,mscf
BRS,Activité E&P,AST,OF,1907,3,9138.89,bbl,172174.74,mscf
BRS,Activité E&P,AST,OF,1907,4,5680.71,bbl,121631.97,mscf
BRS,Activité E&P,AST,OF,1907,5,24364.04,bbl,90650.07,mscf
BRS,Activité E&P,AST,OF,1907,6,27799.24,bbl,120894.87,mscf
BRS,Activité E&P,AST,OF,1907,7,30961.97,bbl,100507.65,mscf
BRS,Activité E&P,AST,OF,1907,8,20516.05,bbl,195457.14,mscf
BRS,Activité E&P,AST,OF,1907,9,12144.11,bbl,24353.93,mscf
BRS,Activité E&P,AST,OF,1907,10,25930.22,bbl,127335.61,mscf
BRS,Activité E&P,AST,OF,1907,11,7268.55,bbl,44160.33,mscf
BRS,Activité E&P,AST,OF,1907,12,1328.44,bbl,115092.45,mscf
BRS,Activité E&P,AST,OF,1908,1,10339.21,bbl,65552.52,mscf
BRS,Activité E&P,AST,OF,1908,2,21414.85,bbl,94644.68,mscf
BRS,Activité E&P,AST,OF,1908,3,10122.85,bbl,96236.72,mscf
BRS,Activité E&P,AST,OF,1908,4,24763.77,bbl,28099.72,mscf
BRS,Activité E&P,AST,OF,1908,5,23032.4,bbl,45798.13,mscf
BRS,Activité E&P,AST,OF,1908,6,28622.65,bbl,67927.89,mscf
BRS,Activité E&P,AST,OF,1908,7,29047.18,bbl,168259.62,mscf
BRS,Activité E&P,AST,OF,1908,8,34271.55,bbl,196300.77,mscf
BRS,Activité E&P,AST,OF,1908,9,39717.12,bbl,59944.52,mscf
BRS,Activité E&P,AST,OF,1908,10,3844.14,bbl,181814.86,mscf
BRS,Activité E&P,AST,OF,1908,11,15624.55,bbl,31040.57,mscf
BRS,Activité E&P,AST,OF,1908,12,20107.75,bbl,84210.92,mscf
BRS,Activité E&P,AST,OF,1909,1,1457.6,bbl,6558.54,mscf
BRS,Activité E&P,AST,OF,1909,2,22761.95,bbl,172240.57,mscf
BRS,Activité E&P,AST,OF,1909,3,38931.92,bbl,85794.92,mscf
BRS,Activité E&P,AST,OF,1909,4,32591.51,bbl,192291.36,mscf
BRS,Activité E&P,AST,OF,1909,5,18239.68,bbl,36016.7,mscf
BRS,Activité E&P,AST,OF,1909,6,22986.47,bbl,70858.33,mscf
BRS,Activité E&P,AST,OF,1909,7,4226.25,bbl,169094.49,mscf
BRS,Activité E&P,AST,OF,1909,8,6129.53,bbl,37804.49,mscf
BRS,Activité E&P,AST,OF,1909,9,39095.54,bbl,82051.26,mscf
BRS,Activité E&P,AST,OF,1909,10,4998.45,bbl,140257.01,mscf
BRS,Activité E&P,AST,OF,1909,11,41232.49,bbl,77165.01,mscf
BRS,Activité E&P,AST,OF,1909,12,34402.06,bbl,39417.99,mscf
BRS,Activité E&P,AST,OF,1910,1,33130.8,bbl,159322.65,mscf
BRS,Activité E&P,AST,OF,1910,2,34844.79,bbl,165929.03,mscf
BRS,Activité E&P,AST,OF,1910,3,35603.71,bbl,48184.71,mscf
BRS,Activité E&P,AST,OF,1910,4,6050.87,bbl,134658.0,mscf
BRS,Activité E&P,AST,OF,1910,5,44011.17,bbl,50517.72,mscf
BRS,Activité E&P,AST,OF,1910,6,30633.75,bbl,46147.48,mscf
BRS,Activité E&P,AST,OF,1910,7,4662.1,bbl,123206.81,mscf
BRS,Activité E&P,AST,OF,1910,8,30141.44,bbl,128388.33,mscf
BRS,Activité E&P,AST,OF,1910,9,24966.54,bbl,163791.17,mscf
BRS,Activité E&P,AST,OF,1910,10,24839.52,bbl,124704.78,mscf
BRS,Activité E&P,AST,OF,1910,11,43289.23,bbl,101966.57,mscf
BRS,Activité E&P,AST,OF,1910,12,35019.01,bbl,192913.43,mscf
BRS,Activité E&P,AST,OF,1911,1,6215.5,bbl,155202.06,mscf
BRS,Activité E&P,AST,OF,1911,2,35218.54,bbl,124142.8,mscf
BRS,Activité E&P,AST,OF,1911,3,32460.25,bbl,73561.5,mscf
BRS,Activité E&P,AST,OF,1911,4,2309.44,bbl,188690.87,mscf
BRS,Activité E&P,AST,OF,1911,5,33925.38,bbl,182397.14,mscf
BRS,Activité E&P,AST,OF,1911,6,34878.35,bbl,195532.0,mscf
BRS,Activité E&P,AST,OF,1911,7,4150.65,bbl,87132.75,mscf
BRS,Activité E&P,AST,OF,1911,8,7809.95,bbl,9958.73,mscf
BRS,Activité E&P,AST,OF,1911,9,43125.37,bbl,171133.39,mscf
BRS,Activité E&P,AST,OF,1911,10,45934.25,bbl,101833.79,mscf
BRS,Activité E&P,AST,OF,1911,11,11044.43,bbl,179375.12,mscf
BRS,Activité E&P,AST,OF,1911,12,32006.86,bbl,163555.65,mscf
BRS,Activité E&P,AST,OF,1912,1,15924.88,bbl,142696.63,mscf
BRS,Activité E&P,AST,OF,1912,2,22773.07,bbl,10397.77,mscf
BRS,Activité E&P,AST,OF,1912,3,22029.51,bbl,62378.56,mscf
BRS,Activité E&P,AST,OF,1912,4,14453.92,bbl,153158.59,mscf
BRS,Activité E&P,AST,OF,1912,5,37164.95,bbl,29468.47,mscf
BRS,Activité E&P,AST,OF,1912,6,3059.71,bbl,179679.72,mscf
BRS,Activité E&P,AST,OF,1912,7,8639.55,bbl,49822.95,mscf
BRS,Activité E&P,AST,OF,1912,8,18309.54,bbl,77685.16,mscf
BRS,Activité E&P,AST,OF,1912,9,29551.29,bbl,106193.62,mscf
BRS,Activité E&P,AST,OF,1912,10,12271.12,bbl,21722.13,mscf
BRS,Activité E&P,AST,OF,1912,11,45254.06,bbl,5137.88,mscf
BRS,Activité E&P,AST,OF,1912,12,38997.87,bbl,25395.46,mscf
BRS,Activité E&P,AST,OF,1913,1,36368.96,bbl,51390.37,mscf
BRS,Activité E&P,AST,OF,1913,2,23443.6,bbl,88201.45,mscf
BRS,Activité E&P,AST,OF,1913,3,22024.4,bbl,193076.17,mscf
BRS,Activité E&P,AST,OF,1913,4,33074.39,bbl,37101.36,mscf
BRS,Activité E&P,AST,OF,1913,5,17237.08,bbl,89784.64,mscf
BRS,Activité E&P,AST,OF,1913,6,1142.86,bbl,32255.27,mscf
BRS,Activité E&P,AST,OF,1913,7,42173.72,bbl,32780.76,mscf
BRS,Activité E&P,AST,OF,1913,8,32174.13,bbl,91344.22,mscf
BRS,Activité E&P,AST,OF,1913,9,32301.76,bbl,138191.28,mscf
BRS,Activité E&P,AST,OF,1913,10,11317.67,bbl,86705.72,mscf
BRS,Activité E&P,AST,OF,1913,11,27498.94,bbl,31368.86,mscf
BRS,Activité E&P,AST,OF,1913,12,49024.21,bbl,109694.57,mscf
BRS,Activité E&P,AST,OF,1914,1,7584.8,bbl,46572.39,mscf
BRS,Activité E&P,AST,OF,1914,2,34863.22,bbl,71847.1,mscf
BRS,Activité E&P,AST,OF,1914,3,43406.2,bbl,181012.49,mscf
BRS,Activité E&P,AST,OF,1914,4,22478.28,bbl,77917.48,mscf
BRS,Activité E&P,AST,OF,1914,5,43244.39,bbl,77649.31,mscf
BRS,Activité E&P,AST,OF,1914,6,6001.24,bbl,44797.43,mscf
BRS,Activité E&P,AST,OF,1914,7,15950.86,bbl,112560.98,mscf
BRS,Activité E&P,AST,OF,1914,8,31503.74,bbl,137560.97,mscf
BRS,Activité E&P,AST,OF,1914,9,33532.89,bbl,105119.65,mscf
BRS,Activité E&P,AST,OF,1914,10,42830.58,bbl,107479.8,mscf
BRS,Activité E&P,AST,OF,1914,11,20191.6,bbl,108675.45,mscf
BRS,Activité E&P,AST,OF,1914,12,14530.72,bbl,106543.81,mscf
BRS,Activité E&P,AST,OF,1915,1,27015.32,bbl,45602.49,mscf
BRS,Activité E&P,AST,OF,1915,2,41374.6,bbl,77576.19,mscf
BRS,Activité E&P,AST,OF,1915,3,33937.89,bbl,44286.27,mscf
BRS,Activité E&P,AST,OF,1915,4,13837.8,bbl,12528.72,mscf
BRS,Activité E&P,AST,OF,1915,5,35728.04,bbl,161261.97,mscf
BRS,Activité E&P,AST,OF,1915,6,43295.84,bbl,95661.11,mscf
BRS,Activité E&P,AST,OF,1915,7,28257.78,bbl,89290.29,mscf
BRS,Activité E&P,AST,OF,1915,8,23809.34,bbl,13311.38,mscf
BRS,Activité E&P,AST,OF,1915,9,37091.79,bbl,98300.04,mscf
BRS,Activité E&P,AST,OF,1915,10,22634.59,bbl,115598.41,mscf
BRS,Activité E&P,AST,OF,1915,11,26604.33,bbl,120834.38,mscf
BRS,Activité E&P,AST,OF,1915,12,33774.37,bbl,54534.52,mscf
BRS,Activité E&P,AST,OF,1916,1,36609.86,bbl,119133.38,mscf
BRS,Activité E&P,AST,OF,1916,2,17901.52,bbl,155125.69,mscf
BRS,Activité E&P,AST,OF,1916,3,3816.81,bbl,81459.14,mscf
BRS,Activité E&P,AST,OF,1916,4,15643.02,bbl,165295.9,mscf
BRS,Activité E&P,AST,OF,1916,5,36557.25,bbl,118916.73,mscf
BRS,Activité E&P,AST,OF,1916,6,31467.23,bbl,185775.94,mscf
BRS,Activité E&P,AST,OF,1916,7,2670.88,bbl,142244.13,mscf
BRS,Activité E&P,AST,OF,1916,8,49911.27,bbl,31615.04,mscf
BRS,Activité E&P,AST,OF,1916,9,12534.09,bbl,81021.58,mscf
BRS,Activité E&P,AST,OF,1916,10,47386.91,bbl,194174.65,mscf
BRS,Activité E&P,AST,OF,1916,11,44043.95,bbl,181430.79,mscf
BRS,Activité E&P,AST,OF,1916,12,11641.01,bbl,135165.7,mscf
BRS,Activité E&P,AST,OF,1917,1,10044.3,bbl,80726.24,mscf
BRS,Activité E&P,AST,OF,1917,2,19182.46,bbl,126584.75,mscf
BRS,Activité E&P,AST,OF,1917,3,9676.57,bbl,79501.02,mscf
BRS,Activité E&P,AST,OF,1917,4,36180.09,bbl,186847.01,mscf
BRS,Activité E&P,AST,OF,1917,5,8732.03,bbl,161013.89,mscf
BRS,Activité E&P,AST,OF,1917,6,45203.99,bbl,142776.32,mscf
BRS,Activité E&P,AST,OF,1917,7,10208.02,bbl,30372.4,mscf
BRS,Activité E&P,AST,OF,1917,8,16930.94,bbl,79604.07,mscf
BRS,Activité E&P,AST,OF,1917,9,43914.8,bbl,47333.01,mscf
BRS,Activité E&P,AST,OF,1917,10,7154.5,bbl,86215.2,mscf
BRS,Activité E&P,AST,OF,1917,11,34014.53,bbl,196155.75,mscf
BRS,Activité E&P,AST,OF,1917,12,22851.25,bbl,137543.18,mscf
BRS,Activité E&P,AST,OF,1918,1,28712.81,bbl,46215.56,mscf
BRS,Activité E&P,AST,OF,1918,2,26266.92,bbl,100758.97,mscf
BRS,Activité E&P,AST,OF,1918,3,15708.66,bbl,54754.1,mscf
BRS,Activité E&P,AST,OF,1918,4,18251.91,bbl,55535.14,mscf
BRS,Activité E&P,AST,OF,1918,5,17293.72,bbl,11660.4,mscf
BRS,Activité E&P,AST,OF,1918,6,2820.85,bbl,187516.13,mscf
BRS,Activité E&P,AST,OF,1918,7,1862.05,bbl,97725.45,mscf
BRS,Activité E&P,AST,OF,1918,8,6575.5,bbl,131285.1,mscf
BRS,Activité E&P,AST,OF,1918,9,4129.54,bbl,88674.36,mscf
BRS,Activité E&P,AST,OF,1918,10,24075.26,bbl,41097.26,mscf
BRS,Activité E&P,AST,OF,1918,11,25724.4,bbl,41767.67,mscf
BRS,Activité E&P,AST,OF,1918,12,1791.12,bbl,111914.36,mscf
BRS,Activité E&P,AST,OF,1919,1,4356.61,bbl,74081.16,mscf
BRS,Activité E&P,AST,OF,1919,2,32931.89,bbl,167672.31,mscf
BRS,Activité E&P,AST,OF,1919,3,37451.43,bbl,178364.55,mscf
BRS,Activité E&P,AST,OF,1919,4,46129.96,bbl,121746.84,mscf
BRS,Activité E&P,AST,OF,1919,5,3628.36,bbl,117025.23,mscf
BRS,Activité E&P,AST,OF,1919,6,45912.6,bbl,66508.18,mscf
BRS,Activité E&P,AST,OF,1919,7,9621.56,bbl,39495.88,mscf
BRS,Activité E&P,AST,OF,1919,8,37320.27,bbl,93581.06,mscf
BRS,Activité E&P,AST,OF,1919,9,35212.48,bbl,6601.08,mscf
BRS,Activité E&P,AST,OF,1919,10,49489.9,bbl,98561.6,mscf
BRS,Activité E&P,AST,OF,1919,11,20274.86,bbl,135943.14,mscf
BRS,Activité E&P,AST,OF,1919,12,31642.24,bbl,113651.23,mscf
BRS,Activité E&P,AST,OF,1920,1,43369.98,bbl,57400.05,mscf
BRS,Activité E&P,AST,OF,1920,2,9967.88,bbl,45796.95,mscf
BRS,Activité E&P,AST,OF,1920,3,12507.03,bbl,88871.94,mscf
BRS,Activité E&P,AST,OF,1920,4,4087.47,bbl,26359.38,mscf
BRS,Activité E&P,AST,OF,1920,5,35957.21,bbl,50594.9,mscf
BRS,Activité E&P,AST,OF,1920,6,6700.96,bbl,106878.86,mscf
BRS,Activité E&P,AST,OF,1920,7,33266.53,bbl,148477.61,mscf
BRS,Activité E&P,AST,OF,1920,8,21649.44,bbl,144077.88,mscf
BRS,Activité E&P,AST,OF,1920,9,36966.28,bbl,184041.1,mscf
BRS,Activité E&P,AST,OF,1920,10,34552.75,bbl,81795.82,mscf
BRS,Activité E&P,AST,OF,1920,11,30408.51,bbl,81893.32,mscf
BRS,Activité E&P,AST,OF,1920,12,48094.67,bbl,157398.82,mscf
BRS,Activité E&P,AST,OF,1921,1,9317.44,bbl,56299.01,mscf
BRS,Activité E&P,AST,OF,1921,2,47225.46,bbl,170029.26,mscf
BRS,Activité E&P,AST,OF,1921,3,35275.88,bbl,193567.77,mscf
BRS,Activité E&P,AST,OF,1921,4,46953.82,bbl,150886.14,mscf
BRS,Activité E&P,AST,OF,1921,5,30725.54,bbl,114531.22,mscf
BRS,Activité E&P,AST,OF,1921,6,26984.46,bbl,170125.44,mscf
BRS,Activité E&P,AST,OF,1921,7,4847.8,bbl,133231.91,mscf
BRS,Activité E&P,AST,OF,1921,8,15128.44,bbl,38928.05,mscf
BRS,Activité E&P,AST,OF,1921,9,16897.65,bbl,150030.21,mscf
BRS,Activité E&P,AST,OF,1921,10,17272.19,bbl,20617.31,mscf
BRS,Activité E&P,AST,OF,1921,11,17650.1,bbl,172221.16,mscf
BRS,Activité E&P,AST,OF,1921,12,35042.77,bbl,83203.34,mscf
BRS,Activité E&P,AST,OF,1922,1,22124.29,bbl,136595.49,mscf
BRS,Activité E&P,AST,OF,1922,2,5745.35,bbl,166815.86,mscf
BRS,Activité E&P,AST,OF,1922,3,39644.39,bbl,160679.08,mscf
BRS,Activité E&P,AST,OF,1922,4,35639.24,bbl,176607.22,mscf
BRS,Activité E&P,AST,OF,1922,5,49291.82,bbl,174892.94,mscf
BRS,Activité E&P,AST,OF,1922,6,5823.24,bbl,123911.63,mscf
BRS,Activité E&P,AST,OF,1922,7,39295.38,bbl,61016.95,mscf
BRS,Activité E&P,AST,OF,1922,8,8654.79,bbl,81552.65,mscf
BRS,Activité E&P,AST,OF,1922,9,38200.85,bbl,29414.56,mscf
BRS,Activité E&P,AST,OF,1922,10,24085.52,bbl,64128.63,mscf
BRS,Activité E&P,AST,OF,1922,11,43893.53,bbl,147052.0,mscf
BRS,Activité E&P,AST,OF,1922,12,19265.2,bbl,130324.58,mscf
BRS,Activité E&P,AST,OF,1923,1,28479.46,bbl,145356.15,mscf
BRS,Activité E&P,AST,OF,1923,2,4326.75,bbl,126826.8,mscf
BRS,Activité E&P,AST,OF,1923,3,41444.42,bbl,144166.69,mscf
BRS,Activité E&P,AST,OF,1923,4,29434.84,bbl,143551.02,mscf
BRS,Activité E&P,AST,OF,1923,5,17505.36,bbl,38228.39,mscf
BRS,Activité E&P,AST,OF,1923,6,23358.59,bbl,43441.85,mscf
BRS,Activité E&P,AST,OF,1923,7,22806.21,bbl,99512.5,mscf
BRS,Activité E&P,AST,OF,1923,8,1625.38,bbl,40730.16,mscf
BRS,Activité E&P,AST,OF,1923,9,44731.56,bbl,11387.46,mscf
BRS,Activité E&P,AST,OF,1923,10,30250.2,bbl,175369.37,mscf
BRS,Activité E&P,AST,OF,1923,11,17845.99,bbl,83028.53,mscf
BRS,Activité E&P,AST,OF,1923,12,46646.26,bbl,97671.92,mscf
BRS,Activité E&P,AST,OF,1924,1,33020.76,bbl,93505.88,mscf
BRS,Activité E&P,AST,OF,1924,2,39257.12,bbl,152856.32,mscf
BRS,Activité E&P,AST,OF,1924,3,1611.63,bbl,141459.4,mscf
BRS,Activité E&P,AST,OF,1924,4,16588.5,bbl,10180.35,mscf
BRS,Activité E&P,AST,OF,1924,5,38831.34,bbl,192040.69,mscf
BRS,Activité E&P,AST,OF,1924,6,23026.7,bbl,69808.25,mscf
BRS,Activité E&P,AST,OF,1924,7,3802.64,bbl,62604.25,mscf
BRS,Activité E&P,AST,OF,1924,8,46373.34,bbl,197592.13,mscf
BRS,Activité E&P,AST,OF,1924,9,18101.51,bbl,184416.74,mscf
BRS,Activité E&P,AST,OF,1924,10,17993.06,bbl,127140.68,mscf
BRS,Activité E&P,AST,OF,1924,11,1361.36,bbl,64866.66,mscf
BRS,Activité E&P,AST,OF,1924,12,22591.97,bbl,48946.74,mscf
BRS,Activité E&P,AST,OF,1925,1,13460.1,bbl,103466.44,mscf
BRS,Activité E&P,AST,OF,1925,2,2234.04,bbl,107619.06,mscf
BRS,Activité E&P,AST,OF,1925,3,49006.53,bbl,35748.9,mscf
BRS,Activité E&P,AST,OF,1925,4,33709.7,bbl,75385.17,mscf
BRS,Activité E&P,AST,OF,1925,5,45192.65,bbl,21599.48,mscf
BRS,Activité E&P,AST,OF,1925,6,32106.79,bbl,101375.66,mscf
BRS,Activité E&P,AST,OF,1925,7,21754.22,bbl,161746.44,mscf
BRS,Activité E&P,AST,OF,1925,8,24608.08,bbl,195172.17,mscf
BRS,Activité E&P,AST,OF,1925,9,48830.11,bbl,192614.97,mscf
BRS,Activité E&P,AST,OF,1925,10,25841.92,bbl,86201.82,mscf
BRS,Activité E&P,AST,OF,1925,11,24021.56,bbl,134996.54,mscf
BRS,Activité E&P,AST,OF,1925,12,20622.68,bbl,63259.64,mscf
BRS,Activité E&P,AST,OF,1926,1,48635.6,bbl,71950.52,mscf
BRS,Activité E&P,AST,OF,1926,2,45428.41,bbl,89731.27,mscf
BRS,Activité E&P,AST,OF,1926,3,17043.37,bbl,28817.08,mscf
BRS,Activité E&P,AST,OF,1926,4,11416.0,bbl,78342.61,mscf
BRS,Activité E&P,AST,OF,1926,5,20434.88,bbl,148133.72,mscf
BRS,Activité E&P,AST,OF,1926,6,45633.22,bbl,168811.02,mscf
BRS,Activité E&P,AST,OF,1926,7,9029.22,bbl,157484.28,mscf
BRS,Activité E&P,AST,OF,1926,8,20521.83,bbl,81892.4,mscf
BRS,Activité E&P,AST,OF,1926,9,8828.44,bbl,120841.63,mscf
BRS,Activité E&P,AST,OF,1926,10,22531.94,bbl,20027.4,mscf
BRS,Activité E&P,AST,OF,1926,11,16266.81,bbl,168032.38,mscf
BRS,Activité E&P,AST,OF,1926,12,41105.42,bbl,153261.38,mscf
BRS,Activité E&P,AST,OF,1927,1,8386.89,bbl,128084.9,mscf
BRS,Activité E&P,AST,OF,1927,2,10864.72,bbl,21237.92,mscf
BRS,Activité E&P,AST,OF,1927,3,28993.53,bbl,91580.12,mscf
BRS,Activité E&P,AST,OF,1927,4,40046.29,bbl,165950.19,mscf
BRS,Activité E&P,AST,OF,1927,5,39473.17,bbl,6562.74,mscf
BRS,Activité E&P,AST,OF,1927,6,18511.03,bbl,48110.33,mscf
BRS,Activité E&P,AST,OF,1927,7,32728.07,bbl,163009.95,mscf
BRS,Activité E&P,AST,OF,1927,8,11768.46,bbl,199578.09,mscf
BRS,Activité E&P,AST,OF,1927,9,12103.46,bbl,152301.05,mscf
BRS,Activité E&P,AST,OF,1927,10,20149.22,bbl,69440.38,mscf
BRS,Activité E&P,AST,OF,1927,11,34915.39,bbl,67111.65,mscf
BRS,Activité E&P,AST,OF,1927,12,33253.21,bbl,57873.24,mscf
BRS,Activité E&P,AST,OF,1928,1,11839.08,bbl,43940.02,mscf
BRS,Activité E&P,AST,OF,1928,2,44598.67,bbl,42117.16,mscf
BRS,Activité E&P,AST,OF,1928,3,9465.88,bbl,82093.42,mscf
BRS,Activité E&P,AST,OF,1928,4,29177.02,bbl,195701.82,mscf
BRS,Activité E&P,AST,OF,1928,5,27434.02,bbl,147527.15,mscf
BRS,Activité E&P,AST,OF,1928,6,16224.66,bbl,32675.84,mscf
BRS,Activité E&P,AST,OF,1928,7,37445.28,bbl,172833.78,mscf
BRS,Activité E&P,AST,OF,1928,8,48458.02,bbl,109299.44,mscf
BRS,Activité E&P,AST,OF,1928,9,1695.32,bbl,74377.77,mscf
BRS,Activité E&P,AST,OF,1928,10,31236.57,bbl,15673.87,mscf
BRS,Activité E&P,AST,OF,1928,11,23265.63,bbl,182997.55,mscf
BRS,Activité E&P,AST,OF,1928,12,5479.32,bbl,158658.63,mscf
BRS,Activité E&P,AST,OF,1929,1,24820.93,bbl,196554.94,mscf
BRS,Activité E&P,AST,OF,1929,2,47201.05,bbl,180794.82,mscf
BRS,Activité E&P,AST,OF,1929,3,28067.75,bbl,60974.7,mscf
BRS,Activité E&P,AST,OF,1929,4,42827.89,bbl,161436.62,mscf
BRS,Activité E&P,AST,OF,1929,5,9304.03,bbl,116469.42,mscf
BRS,Activité E&P,AST,OF,1929,6,40859.83,bbl,59409.96,mscf
BRS,Activité E&P,AST,OF,1929,7,48104.34,bbl,153872.43,mscf
BRS,Activité E&P,AST,OF,1929,8,29557.92,bbl,19555.59,mscf
BRS,Activité E&P,AST,OF,1929,9,8035.36,bbl,109754.85,mscf
BRS,Activité E&P,AST,OF,1929,10,20542.2,bbl,57762.98,mscf
BRS,Activité E&P,AST,OF,1929,11,21174.78,bbl,152861.53,mscf
BRS,Activité E&P,AST,OF,1929,12,3894.05,bbl,124782.13,mscf
BRS,Activité E&P,AST,OF,1930,1,9839.72,bbl,105062.99,mscf
BRS,Activité E&P,AST,OF,1930,2,4387.66,bbl,50737.83,mscf
BRS,Activité E&P,AST,OF,1930,3,43526.81,bbl,12654.55,mscf
BRS,Activité E&P,AST,OF,1930,4,2843.18,bbl,62492.24,mscf
BRS,Activité E&P,AST,OF,1930,5,28681.12,bbl,131305.59,mscf
BRS,Activité E&P,AST,OF,1930,6,4483.04,bbl,136452.09,mscf
BRS,Activité E&P,AST,OF,1930,7,43527.35,bbl,158340.88,mscf
BRS,Activité E&P,AST,OF,1930,8,45088.33,bbl,25331.44,mscf
BRS,Activité E&P,AST,OF,1930,9,37858.11,bbl,198719.07,mscf
BRS,Activité E&P,AST,OF,1930,10,49781.19,bbl,81082.9,mscf
BRS,Activité E&P,AST,OF,1930,11,19357.98,bbl,81733.94,mscf
BRS,Activité E&P,AST,OF,1930,12,20557.3,bbl,166139.19,mscf
BRS,Activité E&P,AST,OF,1931,1,49960.48,bbl,195564.93,mscf
BRS,Activité E&P,AST,OF,1931,2,41726.38,bbl,33426.22,mscf
BRS,Activité E&P,AST,OF,1931,3,44073.84,bbl,111723.97,mscf
BRS,Activité E&P,AST,OF,1931,4,1705.7,bbl,135821.59,mscf
BRS,Activité E&P,AST,OF,1931,5,36686.85,bbl,196267.62,mscf
BRS,Activité E&P,AST,OF,1931,6,46766.93,bbl,20164.69,mscf
BRS,Activité E&P,AST,OF,1931,7,39029.76,bbl,112451.49,mscf
BRS,Activité E&P,AST,OF,1931,8,7459.08,bbl,79502.85,mscf
BRS,Activité E&P,AST,OF,1931,9,44431.52,bbl,8475.25,mscf
BRS,Activité E&P,AST,OF,1931,10,40534.24,bbl,142856.09,mscf
BRS,Activité E&P,AST,OF,1931,11,18438.06,bbl,110909.46,mscf
BRS,Activité E&P,AST,OF,1931,12,39108.9,bbl,155788.54,mscf
BRS,Activité E&P,AST,OF,1932,1,22159.58,bbl,106830.23,mscf
BRS,Activité E&P,AST,OF,1932,2,46760.61,bbl,104903.79,mscf
BRS,Activité E&P,AST,OF,1932,3,22795.19,bbl,70394.62,mscf
BRS,Activité E&P,AST,OF,1932,4,24205.59,bbl,44050.57,mscf
BRS,Activité E&P,AST,OF,1932,5,29352.37,bbl,105932.76,mscf
BRS,Activité E&P,AST,OF,1932,6,24422.3,bbl,105420.49,mscf
BRS,Activité E&P,AST,OF,1932,7,5091.3,bbl,63448.85,mscf
BRS,Activité E&P,AST,OF,1932,8,22077.66,bbl,121879.6,mscf
BRS,Activité E&P,AST,OF,1932,9,19354.29,bbl,64611.55,mscf
BRS,Activité E&P,AST,OF,1932,10,13161.92,bbl,11008.15,mscf
BRS,Activité E&P,AST,OF,1932,11,43192.89,bbl,126192.54,mscf
BRS,Activité E&P,AST,OF,1932,12,35240.7,bbl,162299.05,mscf
BRS,Activité E&P,AST,OF,1933,1,24022.92,bbl,32353.41,mscf
BRS,Activité E&P,AST,OF,1933,2,15117.27,bbl,11450.94,mscf
BRS,Activité E&P,AST,OF,1933,3,31060.41,bbl,32749.22,mscf
BRS,Activité E&P,AST,OF,1933,4,7330.87,bbl,193973.91,mscf
BRS,Activité E&P,AST,OF,1933,5,15718.79,bbl,181530.43,mscf
BRS,Activité E&P,AST,OF,1933,6,8433.28,bbl,21091.97,mscf
BRS,Activité E&P,AST,OF,1933,7,22408.52,bbl,83862.53,mscf
BRS,Activité E&P,AST,OF,1933,8,35392.78,bbl,77414.56,mscf
BRS,Activité E&P,AST,OF,1933,9,27235.53,bbl,191419.63,mscf
BRS,Activité E&P,AST,OF,1933,10,9087.39,bbl,84622.69,mscf
BRS,Activité E&P,AST,OF,1933,11,27345.1,bbl,166439.72,mscf
BRS,Activité E&P,AST,OF,1933,12,46293.56,bbl,196644.94,mscf
BRS,Activité E&P,AST,OF,1934,1,33648.31,bbl,48698.45,mscf
BRS,Activité E&P,AST,OF,1934,2,47676.71,bbl,87842.18,mscf
BRS,Activité E&P,AST,OF,1934,3,22411.78,bbl,89544.61,mscf
BRS,Activité E&P,AST,OF,1934,4,25464.04,bbl,98229.86,mscf
BRS,Activité E&P,AST,OF,1934,5,6705.55,bbl,140143.85,mscf
BRS,Activité E&P,AST,OF,1934,6,2864.77,bbl,188908.45,mscf
BRS,Activité E&P,AST,OF,1934,7,20151.55,bbl,161048.86,mscf
BRS,Activité E&P,AST,OF,1934,8,35502.56,bbl,182431.25,mscf
BRS,Activité E&P,AST,OF,1934,9,10018.38,bbl,33843.25,mscf
BRS,Activité E&P,AST,OF,1934,10,46591.7,bbl,199046.05,mscf
BRS,Activité E&P,AST,OF,1934,11,42989.83,bbl,170696.95,mscf
BRS,Activité E&P,AST,OF,1934,12,30567.69,bbl,122881.42,mscf
BRS,Activité E&P,AST,OF,1935,1,45537.31,bbl,35780.84,mscf
BRS,Activité E&P,AST,OF,1935,2,49904.87,bbl,186481.42,mscf
BRS,Activité E&P,AST,OF,1935,3,44661.11,bbl,95444.51,mscf
BRS,Activité E&P,AST,OF,1935,4,13814.66,bbl,198015.06,mscf
BRS,Activité E&P,AST,OF,1935,5,5428.31,bbl,73489.62,mscf
BRS,Activité E&P,AST,OF,1935,6,18720.31,bbl,101245.28,mscf
BRS,Activité E&P,AST,OF,1935,7,15639.44,bbl,189272.16,mscf
BRS,Activité E&P,AST,OF,1935,8,3182.42,bbl,87766.84,mscf
BRS,Activité E&P,AST,OF,1935,9,38760.41,bbl,85449.04,mscf
BRS,Activité E&P,AST,OF,1935,10,36722.02,bbl,59309.62,mscf
BRS,Activité E&P,AST,OF,1935,11,20957.11,bbl,146259.66,mscf
BRS,Activité E&P,AST,OF,1935,12,19684.76,bbl,181521.09,mscf
BRS,Activité E&P,AST,OF,1936,1,39454.49,bbl,51526.95,mscf
BRS,Activité E&P,AST,OF,1936,2,15645.14,bbl,161684.17,mscf
BRS,Activité E&P,AST,OF,1936,3,19063.99,bbl,196493.23,mscf
BRS,Activité E&P,AST,OF,1936,4,49946.3,bbl,141199.1,mscf
BRS,Activité E&P,AST,OF,1936,5,32812.5,bbl,28883.29,mscf
BRS,Activité E&P,AST,OF,1936,6,32404.33,bbl,26905.67,mscf
BRS,Activité E&P,AST,OF,1936,7,47124.49,bbl,20427.78,mscf
BRS,Activité E&P,AST,OF,1936,8,25322.36,bbl,192759.51,mscf
BRS,Activité E&P,AST,OF,1936,9,21047.32,bbl,12837.35,mscf
BRS,Activité E&P,AST,OF,1936,10,8155.3,bbl,194035.91,mscf
BRS,Activité E&P,AST,OF,1936,11,25270.15,bbl,32090.65,mscf
BRS,Activité E&P,AST,OF,1936,12,25127.32,bbl,116698.78,mscf
BRS,Activité E&P,AST,OF,1937,1,47082.25,bbl,50586.13,mscf
BRS,Activité E&P,AST,OF,1937,2,7269.48,bbl,16596.48,mscf
BRS,Activité E&P,AST,OF,1937,3,32161.98,bbl,118691.42,mscf
BRS,Activité E&P,AST,OF,1937,4,6899.1,bbl,160447.55,mscf
BRS,Activité E&P,AST,OF,1937,5,28310.35,bbl,109404.32,mscf
BRS,Activité E&P,AST,OF,1937,6,26612.8,bbl,42006.95,mscf
BRS,Activité E&P,AST,OF,1937,7,2086.46,bbl,131978.33,mscf
BRS,Activité E&P,AST,OF,1937,8,17378.75,bbl,90914.61,mscf
BRS,Activité E&P,AST,OF,1937,9,45601.22,bbl,79467.74,mscf
BRS,Activité E&P,AST,OF,1937,10,27328.2,bbl,10038.52,mscf
BRS,Activité E&P,AST,OF,1937,11,12444.33,bbl,31473.97,mscf
BRS,Activité E&P,AST,OF,1937,12,10546.0,bbl,40909.27,mscf
BRS,Activité E&P,AST,OF,1938,1,44466.2,bbl,144152.09,mscf
BRS,Activité E&P,AST,OF,1938,2,35519.24,bbl,16072.89,mscf
BRS,Activité E&P,AST,OF,1938,3,41922.31,bbl,6455.21,mscf
BRS,Activité E&P,AST,OF,1938,4,14397.76,bbl,122573.3,mscf
BRS,Activité E&P,AST,OF,1938,5,12404.15,bbl,48219.63,mscf
BRS,Activité E&P,AST,OF,1938,6,48932.96,bbl,140181.58,mscf
BRS,Activité E&P,AST,OF,1938,7,7627.13,bbl,197039.6,mscf
BRS,Activité E&P,AST,OF,1938,8,7627.85,bbl,60417.16,mscf
BRS,Activité E&P,AST,OF,1938,9,45081.3,bbl,128907.99,mscf
BRS,Activité E&P,AST,OF,1938,10,44813.77,bbl,25631.62,mscf
BRS,Activité E&P,AST,OF,1938,11,24646.3,bbl,116462.36,mscf
BRS,Activité E&P,AST,OF,1938,12,22988.23,bbl,118614.22,mscf
BRS,Activité E&P,AST,OF,1939,1,48727.59,bbl,139735.43,mscf
BRS,Activité E&P,AST,OF,1939,2,5433.85,bbl,174980.8,mscf
BRS,Activité E&P,AST,OF,1939,3,33271.76,bbl,159979.52,mscf
BRS,Activité E&P,AST,OF,1939,4,42394.19,bbl,173654.47,mscf
BRS,Activité E&P,AST,OF,1939,5,16559.07,bbl,36111.89,mscf
BRS,Activité E&P,AST,OF,1939,6,29548.53,bbl,165607.38,mscf
BRS,Activité E&P,AST,OF,1939,7,28805.86,bbl,199707.12,mscf
BRS,Activité E&P,AST,OF,1939,8,49226.09,bbl,48310.57,mscf
BRS,Activité E&P,AST,OF,1939,9,40753.98,bbl,113421.82,mscf
BRS,Activité E&P,AST,OF,1939,10,30365.05,bbl,123835.74,mscf
BRS,Activité E&P,AST,OF,1939,11,27888.71,bbl,43013.16,mscf
BRS,Activité E&P,AST,OF,1939,12,44020.64,bbl,90731.51,mscf
BRS,Activité E&P,AST,OF,1940,1,38018.34,bbl,89823.71,mscf
BRS,Activité E&P,AST,OF,1940,2,16253.9,bbl,177607.8,mscf
BRS,Activité E&P,AST,OF,1940,3,5911.35,bbl,63303.59,mscf
BRS,Activité E&P,AST,OF,1940,4,12029.64,bbl,136900.75,mscf
BRS,Activité E&P,AST,OF,1940,5,22865.49,bbl,167953.21,mscf
BRS,Activité E&P,AST,OF,1940,6,17338.34,bbl,126529.68,mscf
BRS,Activité E&P,AST,OF,1940,7,14482.38,bbl,42363.81,mscf
BRS,Activité E&P,AST,OF,1940,8,43289.0,bbl,16352.06,mscf
BRS,Activité E&P,AST,OF,1940,9,43323.46,bbl,51343.94,mscf
BRS,Activité E&P,AST,OF,1940,10,18694.47,bbl,174490.65,mscf
BRS,Activité E&P,AST,OF,1940,11,48701.48,bbl,70436.57,mscf
BRS,Activité E&P,AST,OF,1940,12,19180.66,bbl,77241.23,mscf
BRS,Activité E&P,AST,OF,1941,1,13084.45,bbl,42764.42,mscf
BRS,Activité E&P,AST,OF,1941,2,36201.26,bbl,130959.11,mscf
BRS,Activité E&P,AST,OF,1941,3,26838.91,bbl,74236.57,mscf
BRS,Activité E&P,AST,OF,1941,4,25102.68,bbl,114042.67,mscf
BRS,Activité E&P,AST,OF,1941,5,31324.4,bbl,29658.03,mscf
BRS,Activité E&P,AST,OF,1941,6,48602.21,bbl,150343.21,mscf
BRS,Activité E&P,AST,OF,1941,7,11427.83,bbl,172043.41,mscf
BRS,Activité E&P,AST,OF,1941,8,11764.83,bbl,194841.88,mscf
BRS,Activité E&P,AST,OF,1941,9,36059.38,bbl,101561.03,mscf
BRS,Activité E&P,AST,OF,1941,10,30024.81,bbl,172270.11,mscf
BRS,Activité E&P,AST,OF,1941,11,13104.53,bbl,64736.71,mscf
BRS,Activité E&P,AST,OF,1941,12,13578.29,bbl,135686.42,mscf
BRS,Activité E&P,AST,OF,1942,1,48944.77,bbl,148273.05,mscf
BRS,Activité E&P,AST,OF,1942,2,49705.1,bbl,112243.78,mscf
BRS,Activité E&P,AST,OF,1942,3,34347.0,bbl,83335.99,mscf
BRS,Activité E&P,AST,OF,1942,4,46166.56,bbl,92636.32,mscf
BRS,Activité E&P,AST,OF,1942,5,25355.16,bbl,189848.67,mscf
BRS,Activité E&P,AST,OF,1942,6,23809.28,bbl,65118.54,mscf
BRS,Activité E&P,AST,OF,1942,7,17877.37,bbl,138756.89,mscf
BRS,Activité E&P,AST,OF,1942,8,42473.12,bbl,174748.19,mscf
BRS,Activité E&P,AST,OF,1942,9,2115.38,bbl,48116.86,mscf
BRS,Activité E&P,AST,OF,1942,10,21962.42,bbl,104340.27,mscf
BRS,Activité E&P,AST,OF,1942,11,7737.59,bbl,42344.58,mscf
BRS,Activité E&P,AST,OF,1942,12,12940.22,bbl,155787.03,mscf
BRS,Activité E&P,AST,OF,1943,1,5281.46,bbl,60582.06,mscf
BRS,Activité E&P,AST,OF,1943,2,6707.02,bbl,97769.53,mscf
BRS,Activité E&P,AST,OF,1943,3,13877.99,bbl,131367.35,mscf
BRS,Activité E&P,AST,OF,1943,4,5262.52,bbl,91743.36,mscf
BRS,Activité E&P,AST,OF,1943,5,47292.79,bbl,58044.98,mscf
BRS,Activité E&P,AST,OF,1943,6,30285.88,bbl,90571.21,mscf
BRS,Activité E&P,AST,OF,1943,7,15363.58,bbl,53485.25,mscf
BRS,Activité E&P,AST,OF,1943,8,5711.93,bbl,70480.53,mscf
BRS,Activité E&P,AST,OF,1943,9,38338.7,bbl,24507.08,mscf
BRS,Activité E&P,AST,OF,1943,10,40708.33,bbl,185201.29,mscf
BRS,Activité E&P,AST,OF,1943,11,38271.48,bbl,65180.38,mscf
BRS,Activité E&P,AST,OF,1943,12,1009.3,bbl,138160.02,mscf
BRS,Activité E&P,AST,OF,1944,1,36732.1,bbl,180607.37,mscf
BRS,Activité E&P,AST,OF,1944,2,41158.52,bbl,32084.3,mscf
BRS,Activité E&P,AST,OF,1944,3,24306.63,bbl,10914.58,mscf
BRS,Activité E&P,AST,OF,1944,4,20505.47,bbl,184306.66,mscf
BRS,Activité E&P,AST,OF,1944,5,18904.69,bbl,97446.0,mscf
BRS,Activité E&P,AST,OF,1944,6,14114.5,bbl,119892.32,mscf
BRS,Activité E&P,AST,OF,1944,7,12377.18,bbl,118069.46,mscf
BRS,Activité E&P,AST,OF,1944,8,8885.99,bbl,118835.65,mscf
BRS,Activité E&P,AST,OF,1944,9,28954.47,bbl,54715.35,mscf
BRS,Activité E&P,AST,OF,1944,10,33628.98,bbl,169814.96,mscf
BRS,Activité E&P,AST,OF,1944,11,29256.51,bbl,9415.33,mscf
BRS,Activité E&P,AST,OF,1944,12,36597.46,bbl,138762.49,mscf
BRS,Activité E&P,AST,OF,1945,1,42058.11,bbl,103930.39,mscf
BRS,Activité E&P,AST,OF,1945,2,41785.88,bbl,11887.21,mscf
BRS,Activité E&P,AST,OF,1945,3,41288.18,bbl,148295.16,mscf
BRS,Activité E&P,AST,OF,1945,4,28754.75,bbl,35795.35,mscf
BRS,Activité E&P,AST,OF,1945,5,21742.57,bbl,153652.66,mscf
BRS,Activité E&P,AST,OF,1945,6,45527.18,bbl,7969.86,mscf
BRS,Activité E&P,AST,OF,1945,7,17815.72,bbl,191344.59,mscf
BRS,Activité E&P,AST,OF,1945,8,46012.14,bbl,129169.75,mscf
BRS,Activité E&P,AST,OF,1945,9,35619.4,bbl,98041.73,mscf
BRS,Activité E&P,AST,OF,1945,10,24240.72,bbl,92629.59,mscf
BRS,Activité E&P,AST,OF,1945,11,49792.67,bbl,184835.87,mscf
BRS,Activité E&P,AST,OF,1945,12,28893.01,bbl,137580.52,mscf
BRS,Activité E&P,AST,OF,1946,1,17534.26,bbl,101846.54,mscf
BRS,Activité E&P,AST,OF,1946,2,14475.6,bbl,81635.0,mscf
BRS,Activité E&P,AST,OF,1946,3,29192.73,bbl,134574.14,mscf
BRS,Activité E&P,AST,OF,1946,4,9496.48,bbl,40412.54,mscf
BRS,Activité E&P,AST,OF,1946,5,18769.42,bbl,148886.17,mscf
BRS,Activité E&P,AST,OF,1946,6,12714.28,bbl,51014.8,mscf
BRS,Activité E&P,AST,OF,1946,7,11498.68,bbl,102059.0,mscf
BRS,Activité E&P,AST,OF,1946,8,6486.05,bbl,37896.7,mscf
BRS,Activité E&P,AST,OF,1946,9,24554.81,bbl,25320.77,mscf
BRS,Activité E&P,AST,OF,1946,10,47979.82,bbl,78175.72,mscf
BRS,Activité E&P,AST,OF,1946,11,22422.95,bbl,183409.28,mscf
BRS,Activité E&P,AST,OF,1946,12,39314.37,bbl,129324.28,mscf
BRS,Activité E&P,AST,OF,1947,1,32077.23,bbl,177371.39,mscf
BRS,Activité E&P,AST,OF,1947,2,22712.34,bbl,167556.77,mscf
BRS,Activité E&P,AST,OF,1947,3,47030.94,bbl,87440.87,mscf
BRS,Activité E&P,AST,OF,1947,4,42649.23,bbl,67533.93,mscf
BRS,Activité E&P,AST,OF,1947,5,19009.32,bbl,105230.88,mscf
BRS,Activité E&P,AST,OF,1947,6,23697.22,bbl,153127.47,mscf
BRS,Activité E&P,AST,OF,1947,7,26230.57,bbl,79322.0,mscf
BRS,Activité E&P,AST,OF,1947,8,3628.11,bbl,61818.06,mscf
BRS,Activité E&P,AST,OF,1947,9,46342.11,bbl,11318.91,mscf
BRS,Activité E&P,AST,OF,1947,10,24921.01,bbl,95007.96,mscf
BRS,Activité E&P,AST,OF,1947,11,6406.68,bbl,154712.82,mscf
BRS,Activité E&P,AST,OF,1947,12,5641.31,bbl,48576.77,mscf
BRS,Activité E&P,AST,OF,1948,1,44945.42,bbl,140047.41,mscf
BRS,Activité E&P,AST,OF,1948,2,43263.11,bbl,122744.51,mscf
BRS,Activité E&P,AST,OF,1948,3,17932.48,bbl,60898.12,mscf
BRS,Activité E&P,AST,OF,1948,4,47580.14,bbl,140428.15,mscf
BRS,Activité E&P,AST,OF,1948,5,11279.23,bbl,155759.48,mscf
BRS,Activité E&P,AST,OF,1948,6,4498.24,bbl,41449.11,mscf
BRS,Activité E&P,AST,OF,1948,7,9698.58,bbl,190721.9,mscf
BRS,Activité E&P,AST,OF,1948,8,17012.1,bbl,119471.62,mscf
BRS,Activité E&P,AST,OF,1948,9,19023.69,bbl,148561.33,mscf
BRS,Activité E&P,AST,OF,1948,10,10166.76,bbl,85494.4,mscf
BRS,Activité E&P,AST,OF,1948,11,6992.39,bbl,64870.02,mscf
BRS,Activité E&P,AST,OF,1948,12,2370.27,bbl,104162.83,mscf
BRS,Activité E&P,AST,OF,1949,1,14589.59,bbl,138356.53,mscf
BRS,Activité E&P,AST,OF,1949,2,14331.19,bbl,86098.0,mscf
BRS,Activité E&P,AST,OF,1949,3,18162.35,bbl,159849.81,mscf
BRS,Activité E&P,AST,OF,1949,4,1943.27,bbl,143181.55,mscf
BRS,Activité E&P,AST,OF,1949,5,34340.01,bbl,107806.41,mscf
BRS,Activité E&P,AST,OF,1949,6,25146.85,bbl,152917.46,mscf
BRS,Activité E&P,AST,OF,1949,7,25388.31,bbl,12039.5,mscf
BRS,Activité E&P,AST,OF,1949,8,45634.6,bbl,141960.69,mscf
BRS,Activité E&P,AST,OF,1949,9,2611.98,bbl,62689.08,mscf
BRS,Activité E&P,AST,OF,1949,10,17501.91,bbl,11313.29,mscf
BRS,Activité E&P,AST,OF,1949,11,49362.27,bbl,117269.18,mscf
BRS,Activité E&P,AST,OF,1949,12,14447.97,bbl,65826.66,mscf
MLN,Activité E&P,AST,OF,1900,1,3631.92,bbl,154807.43,mscf
MLN,Activité E&P,AST,OF,1900,2,17243.4,bbl,71195.62,mscf
MLN,Activité E&P,AST,OF,1900,3,20909.41,bbl,195420.44,mscf
MLN,Activité E&P,AST,OF,1900,4,34642.9,bbl,96846.53,mscf
MLN,Activité E&P,AST,OF,1900,5,25238.89,bbl,73204.54,mscf
MLN,Activité E&P,AST,OF,1900,6,5168.57,bbl,29837.85,mscf
MLN,Activité E&P,AST,OF,1900,7,14461.31,bbl,156843.43,mscf
MLN,Activité E&P,AST,OF,1900,8,6525.22,bbl,121489.33,mscf
MLN,Activité E&P,AST,OF,1900,9,39070.76,bbl,190247.31,mscf
MLN,Activité E&P,AST,OF,1900,10,20995.93,bbl,156458.36,mscf
MLN,Activité E&P,AST,OF,1900,11,4345.9,bbl,110226.81,mscf
MLN,Activité E&P,AST,OF,1900,12,5526.56,bbl,131303.92,mscf
MLN,Activité E&P,AST,OF,1901,1,27042.4,bbl,116028.71,mscf
MLN,Activité E&P,AST,OF,1901,2,48429.85,bbl,9364.86,mscf
MLN,Activité E&P,AST,OF,1901,3,4167.5,bbl,112535.77,mscf
MLN,Activité E&P,AST,OF,1901,4,12722.38,bbl,56868.26,mscf
MLN,Activité E&P,AST,OF,1901,5,28302.65,bbl,39517.73,mscf
MLN,Activité E&P,AST,OF,1901,6,3570.32,bbl,153981.43,mscf
MLN,Activité E&P,AST,OF,1901,7,23901.71,bbl,183001.99,mscf
MLN,Activité E&P,AST,OF,1901,8,37554.98,bbl,11977.93,mscf
MLN,Activité E&P,AST,OF,1901,9,22560.35,bbl,194554.69,mscf
MLN,Activité E&P,AST,OF,1901,10,1399.24,bbl,91326.98,mscf
MLN,Activité E&P,AST,OF,1901,11,38648.85,bbl,48244.17,mscf
MLN,Activité E&P,AST,OF,1901,12,34333.21,bbl,34141.34,mscf
MLN,Activité E&P,AST,OF,1902,1,16000.72,bbl,89441.01,mscf
MLN,Activité E&P,AST,OF,1902,2,49673.23,bbl,129224.46,mscf
MLN,Activité E&P,AST,OF,1902,3,27600.97,bbl,154875.38,mscf
MLN,Activité E&P,AST,OF,1902,4,36794.26,bbl,127968.5,mscf
MLN,Activité E&P,AST,OF,1902,5,6988.84,bbl,5046.31,mscf
MLN,Activité E&P,AST,OF,1902,6,12156.55,bbl,160756.66,mscf
MLN,Activité E&P,AST,OF,1902,7,28786.07,bbl,170329.79,mscf
MLN,Activité E&P,AST,OF,1902,8,48160.71,bbl,79245.77,mscf
MLN,Activité E&P,AST,OF,1902,9,4569.37,bbl,28277.03,mscf
MLN,Activité E&P,AST,OF,1902,10,38946.52,bbl,14346.36,mscf
MLN,Activité E&P,AST,OF,1902,11,1672.13,bbl,112158.68,mscf
MLN,Activité E&P,AST,OF,1902,12,49262.89,bbl,24572.25,mscf
MLN,Activité E&P,AST,OF,1903,1,20922.43,bbl,112254.32,mscf
MLN,Activité E&P,AST,OF,1903,2,41307.95,bbl,7844.92,mscf
MLN,Activité E&P,AST,OF,1903,3,17186.13,bbl,48215.68,mscf
MLN,Activité E&P,AST,OF,1903,4,48653.54,bbl,62988.68,mscf
MLN,Activité E&P,AST,OF,1903,5,24378.16,bbl,142152.83,mscf
MLN,Activité E&P,AST,OF,1903,6,6049.74,bbl,5888.67,mscf
MLN,Activité E&P,AST,OF,1903,7,3144.07,bbl,100992.9,mscf
MLN,Activité E&P,AST,OF,1903,8,15141.9,bbl,100096.92,mscf
MLN,Activité E&P,AST,OF,1903,9,40809.6,bbl,197532.23,mscf
MLN,Activité E&P,AST,OF,1903,10,5325.26,bbl,196284.21,mscf
MLN,Activité E&P,AST,OF,1903,11,30686.4,bbl,34290.05,mscf
MLN,Activité E&P,AST,OF,1903,12,13505.28,bbl,101962.21,mscf
MLN,Activité E&P,AST,OF,1904,1,44930.04,bbl,133638.4,mscf
MLN,Activité E&P,AST,OF,1904,2,6017.42,bbl,92566.99,mscf
MLN,Activité E&P,AST,OF,1904,3,3229.09,bbl,196726.81,mscf
MLN,Activité E&P,AST,OF,1904,4,3165.21,bbl,59208.21,mscf
MLN,Activité E&P,AST,OF,1904,5,7791.8,bbl,77130.06,mscf
MLN,Activité E&P,AST,OF,1904,6,14769.51,bbl,123756.41,mscf
MLN,Activité E&P,AST,OF,1904,7,8156.61,bbl,129672.67,mscf
MLN,Activité E&P,AST,OF,1904,8,3928.25,bbl,114752.37,mscf
MLN,Activité E&P,AST,OF,1904,9,8204.77,bbl,17297.03,mscf
MLN,Activité E&P,AST,OF,1904,10,11564.23,bbl,142485.2,mscf
MLN,Activité E&P,AST,OF,1904,11,43019.71,bbl,50428.57,mscf
MLN,Activité E&P,AST,OF,1904,12,34084.35,bbl,70916.0,mscf
MLN,Activité E&P,AST,OF,1905,1,4395.0,bbl,67095.6,mscf
MLN,Activité E&P,AST,OF,1905,2,13043.31,bbl,90682.54,mscf
MLN,Activité E&P,AST,OF,1905,3,10708.74,bbl,114740.77,mscf
MLN,Activité E&P,AST,OF,1905,4,20606.27,bbl,123723.69,mscf
MLN,Activité E&P,AST,OF,1905,5,11104.04,bbl,77402.69,mscf
MLN,Activité E&P,AST,OF,1905,6,41857.14,bbl,100126.9,mscf
MLN,Activité E&P,AST,OF,1905,7,34578.97,bbl,114648.95,mscf
MLN,Activité E&P,AST,OF,1905,8,33670.26,bbl,38544.52,mscf
MLN,Activité E&P,AST,OF,1905,9,30538.87,bbl,185618.63,mscf
MLN,Activité E&P,AST,OF,1905,10,8634.89,bbl,96282.89,mscf
MLN,Activité E&P,AST,OF,1905,11,12580.67,bbl,76590.6,mscf
MLN,Activité E&P,AST,OF,1905,12,15264.88,bbl,121633.53,mscf
MLN,Activité E&P,AST,OF,1906,1,24667.84,bbl,24848.83,mscf
MLN,Activité E&P,AST,OF,1906,2,8423.36,bbl,135191.22,mscf
MLN,Activité E&P,AST,OF,1906,3,23073.8,bbl,181581.15,mscf
MLN,Activité E&P,AST,OF,1906,4,20014.9,bbl,37869.76,mscf
MLN,Activité E&P,AST,OF,1906,5,31365.92,bbl,144085.26,mscf
MLN,Activité E&P,AST,OF,1906,6,30328.36,bbl,22686.06,mscf
MLN,Activité E&P,AST,OF,1906,7,42525.56,bbl,22323.74,mscf
MLN,Activité E&P,AST,OF,1906,8,25420.04,bbl,71632.46,mscf
MLN,Activité E&P,AST,OF,1906,9,43117.4,bbl,182223.16,mscf
MLN,Activité E&P,AST,OF,1906,10,3238.76,bbl,154625.73,mscf
MLN,Activité E&P,AST,OF,1906,11,25469.8,bbl,5794.59,mscf
MLN,Activité E&P,AST,OF,1906,12,23178.81,bbl,136177.14,mscf
MLN,Activité E&P,AST,OF,1907,1,11510.56,bbl,58895.35,mscf
MLN,Activité E&P,AST,OF,1907,2,31037.0,bbl,12328.29,mscf
MLN,Activité E&P,AST,OF,1907,3,16053.53,bbl,177089.95,mscf
MLN,Activité E&P,AST,OF,1907,4,1684.65,bbl,147653.31,mscf
MLN,Activité E&P,AST,OF,1907,5,47868.31,bbl,187070.99,mscf
MLN,Activité E&P,AST,OF,1907,6,40957.0,bbl,83505.32,mscf
MLN,Activité E&P,AST,OF,1907,7,11995.05,bbl,53628.11,mscf
MLN,Activité E&P,AST,OF,1907,8,32503.93,bbl,73599.28,mscf
MLN,Activité E&P,AST,OF,1907,9,26161.59,bbl,161853.58,mscf
MLN,Activité E&P,AST,OF,1907,10,4466.43,bbl,182119.33,mscf
MLN,Activité E&P,AST,OF,1907,11,36281.39,bbl,197800.79,mscf
MLN,Activité E&P,AST,OF,1907,12,34680.62,bbl,85969.28,mscf
MLN,Activité E&P,AST,OF,1908,1,14864.93,bbl,85938.29,mscf
MLN,Activité E&P,AST,OF,1908,2,33110.79,bbl,39746.65,mscf
MLN,Activité E&P,AST,OF,1908,3,19881.32,bbl,52943.4,mscf
MLN,Activité E&P,AST,OF,1908,4,45053.98,bbl,118555.18,mscf
MLN,Activité E&P,AST,OF,1908,5,23810.49,bbl,147485.28,mscf
MLN,Activité E&P,AST,OF,1908,6,31590.21,bbl,168074.73,mscf
MLN,Activité E&P,AST,OF,1908,7,23348.66,bbl,48708.48,mscf
MLN,Activité E&P,AST,OF,1908,8,41182.38,bbl,28710.75,mscf
MLN,Activité E&P,AST,OF,1908,9,37223.97,bbl,192244.91,mscf
MLN,Activité E&P,AST,OF,1908,10,18818.82,bbl,193690.61,mscf
MLN,Activité E&P,AST,OF,1908,11,2829.33,bbl,140038.39,mscf
MLN,Activité E&P,AST,OF,1908,12,35140.13,bbl,58987.62,mscf
MLN,Activité E&P,AST,OF,1909,1,22723.85,bbl,9583.97,mscf
MLN,Activité E&P,AST,OF,1909,2,45078.98,bbl,113011.3,mscf
MLN,Activité E&P,AST,OF,1909,3,28657.74,bbl,114398.05,mscf
MLN,Activité E&P,AST,OF,1909,4,23427.59,bbl,170324.82,mscf
MLN,Activité E&P,AST,OF,1909,5,15239.7,bbl,116563.67,mscf
MLN,Activité E&P,AST,OF,1909,6,46594.13,bbl,125345.44,mscf
MLN,Activité E&P,AST,OF,1909,7,4631.84,bbl,69853.48,mscf
MLN,Activité E&P,AST,OF,1909,8,49940.96,bbl,120280.07,mscf
MLN,Activité E&P,AST,OF,1909,9,10522.17,bbl,42990.87,mscf
MLN,Activité E&P,AST,OF,1909,10,49163.85,bbl,11612.17,mscf
MLN,Activité E&P,AST,OF,1909,11,22741.36,bbl,156829.05,mscf
MLN,Activité E&P,AST,OF,1909,12,11580.67,bbl,70127.81,mscf
MLN,Activité E&P,AST,OF,1910,1,6684.2,bbl,42107.51,mscf
MLN,Activité E&P,AST,OF,1910,2,47422.06,bbl,176734.91,mscf
MLN,Activité E&P,AST,OF,1910,3,47280.85,bbl,9748.27,mscf
MLN,Activité E&P,AST,OF,1910,4,28130.23,bbl,89650.2,mscf
MLN,Activité E&P,AST,OF,1910,5,29863.35,bbl,105846.91,mscf
MLN,Activité E&P,AST,OF,1910,6,48985.53,bbl,137503.67,mscf
MLN,Activité E&P,AST,OF,1910,7,45445.96,bbl,85396.35,mscf
MLN,Activité E&P,AST,OF,1910,8,1990.81,bbl,41845.31,mscf
MLN,Activité E&P,AST,OF,1910,9,41924.59,bbl,142468.73,mscf
MLN,Activité E&P,AST,OF,1910,10,38425.17,bbl,133452.79,mscf
MLN,Activité E&P,AST,OF,1910,11,18681.07,bbl,98885.83,mscf
MLN,Activité E&P,AST,OF,1910,12,24982.02,bbl,110069.38,mscf
MLN,Activité E&P,AST,OF,1911,1,15544.49,bbl,178001.82,mscf
MLN,Activité E&P,AST,OF,1911,2,15966.6,bbl,71251.15,mscf
MLN,Activité E&P,AST,OF,1911,3,23271.33,bbl,13318.36,mscf
MLN,Activité E&P,AST,OF,1911,4,37553.5,bbl,190179.04,mscf
MLN,Activité E&P,AST,OF,1911,5,28515.74,bbl,161849.97,mscf
MLN,Activité E&P,AST,OF,1911,6,29345.74,bbl,185131.05,mscf
MLN,Activité E&P,AST,OF,1911,7,25217.51,bbl,43454.73,mscf
MLN,Activité E&P,AST,OF,1911,8,16529.99,bbl,74676.49,mscf
MLN,Activité E&P,AST,OF,1911,9,46230.94,bbl,33386.15,mscf
MLN,Activité E&P,AST,OF,1911,10,47854.97,bbl,135432.0,mscf
MLN,Activité E&P,AST,OF,1911,11,35691.15,bbl,121256.39,mscf
MLN,Activité E&P,AST,OF,1911,12,22933.29,bbl,179170.84,mscf
MLN,Activité E&P,AST,OF,1912,1,6239.52,bbl,143846.59,mscf
MLN,Activité E&P,AST,OF,1912,2,4825.52,bbl,86671.93,mscf
MLN,Activité E&P,AST,OF,1912,3,8565.55,bbl,144074.04,mscf
MLN,Activité E&P,AST,OF,1912,4,49539.09,bbl,163798.33,mscf
MLN,Activité E&P,AST,OF,1912,5,25538.82,bbl,43676.82,mscf
MLN,Activité E&P,AST,OF,1912,6,20200.41,bbl,130476.27,mscf
MLN,Activité E&P,AST,OF,1912,7,48617.64,bbl,192898.15,mscf
MLN,Activité E&P,AST,OF,1912,8,1844.53,bbl,85165.2,mscf
MLN,Activité E&P,AST,OF,1912,9,9725.95,bbl,54481.0,mscf
MLN,Activité E&P,AST,OF,1912,10,31313.55,bbl,99422.61,mscf
MLN,Activité E&P,AST,OF,1912,11,8804.55,bbl,183868.32,mscf
MLN,Activité E&P,AST,OF,1912,12,30005.68,bbl,101389.24,mscf
MLN,Activité E&P,AST,OF,1913,1,37599.45,bbl,159680.95,mscf
MLN,Activité E&P,AST,OF,1913,2,38545.15,bbl,144191.86,mscf
MLN,Activité E&P,AST,OF,1913,3,38678.87,bbl,124443.26,mscf
MLN,Activité E&P,AST,OF,1913,4,20691.35,bbl,59298.95,mscf
MLN,Activité E&P,AST,OF,1913,5,40697.52,bbl,87785.38,mscf
MLN,Activité E&P,AST,OF,1913,6,10066.98,bbl,127834.16,mscf
MLN,Activité E&P,AST,OF,1913,7,29907.47,bbl,148928.64,mscf
MLN,Activité E&P,AST,OF,1913,8,17444.11,bbl,174569.65,mscf
MLN,Activité E&P,AST,OF,1913,9,14007.07,bbl,177409.61,mscf
MLN,Activité E&P,AST,OF,1913,10,30931.01,bbl,153826.68,mscf
MLN,Activité E&P,AST,OF,1913,11,14792.53,bbl,37916.43,mscf
MLN,Activité E&P,AST,OF,1913,12,15709.91,bbl,133646.24,mscf
MLN,Activité E&P,AST,OF,1914,1,7360.25,bbl,188323.89,mscf
MLN,Activité E&P,AST,OF,1914,2,18256.95,bbl,127680.82,mscf
MLN,Activité E&P,AST,OF,1914,3,34957.39,bbl,147581.91,mscf
MLN,Activité E&P,AST,OF,1914,4,47001.33,bbl,120229.16,mscf
MLN,Activité E&P,AST,OF,1914,5,29911.89,bbl,52071.18,mscf
MLN,Activité E&P,AST,OF,1914,6,3326.0,bbl,140617.57,mscf
MLN,Activité E&P,AST,OF,1914,7,5857.46,bbl,187119.23,mscf
MLN,Activité E&P,AST,OF,1914,8,12607.87,bbl,48093.28,mscf
MLN,Activité E&P,AST,OF,1914,9,48634.08,bbl,91834.21,mscf
MLN,Activité E&P,AST,OF,1914,10,46668.23,bbl,16564.97,mscf
MLN,Activité E&P,AST,OF,1914,11,2901.9,bbl,92799.09,mscf
MLN,Activité E&P,AST,OF,1914,12,41497.32,bbl,190892.42,mscf
MLN,Activité E&P,AST,OF,1915,1,10537.35,bbl,66114.09,mscf
MLN,Activité E&P,AST,OF,1915,2,16271.93,bbl,158889.66,mscf
MLN,Activité E&P,AST,OF,1915,3,38502.97,bbl,51160.55,mscf
MLN,Activité E&P,AST,OF,1915,4,45118.09,bbl,190652.6,mscf
MLN,Activité E&P,AST,OF,1915,5,35802.65,bbl,154848.85,mscf
MLN,Activité E&P,AST,OF,1915,6,43012.16,bbl,182499.49,mscf
MLN,Activité E&P,AST,OF,1915,7,12816.89,bbl,155493.03,mscf
MLN,Activité E&P,AST,OF,1915,8,20918.92,bbl,72037.13,mscf
MLN,Activité E&P,AST,OF,1915,9,17641.56,bbl,59964.81,mscf
MLN,Activité E&P,AST,OF,1915,10,37254.57,bbl,64080.44,mscf
MLN,Activité E&P,AST,OF,1915,11,5509.65,bbl,13704.77,mscf
MLN,Activité E&P,AST,OF,1915,12,10317.61,bbl,174462.55,mscf
MLN,Activité E&P,AST,OF,1916,1,3788.5,bbl,54553.92,mscf
MLN,Activité E&P,AST,OF,1916,2,47520.53,bbl,33824.02,mscf
MLN,Activité E&P,AST,OF,1916,3,34845.01,bbl,144728.56,mscf
MLN,Activité E&P,AST,OF,1916,4,32146.75,bbl,52725.98,mscf
MLN,Activité E&P,AST,OF,1916,5,41178.12,bbl,195250.51,mscf
MLN,Activité E&P,AST,OF,1916,6,38420.48,bbl,133049.55,mscf
MLN,Activité E&P,AST,OF,1916,7,40513.2,bbl,95597.65,mscf
MLN,Activité E&P,AST,OF,1916,8,19267.45,bbl,127512.67,mscf
MLN,Activité E&P,AST,OF,1916,9,16636.94,bbl,111545.87,mscf
MLN,Activité E&P,AST,OF,1916,10,39795.17,bbl,61621.72,mscf
MLN,Activité E&P,AST,OF,1916,11,29796.02,bbl,42250.5,mscf
MLN,Activité E&P,AST,OF,1916,12,34195.07,bbl,124610.79,mscf
MLN,Activité E&P,AST,OF,1917,1,4506.21,bbl,67697.0,mscf
MLN,Activité E&P,AST,OF,1917,2,23981.66,bbl,121261.5,mscf
MLN,Activité E&P,AST,OF,1917,3,35428.44,bbl,75032.29,mscf
MLN,Activité E&P,AST,OF,1917,4,49071.68,bbl,17081.96,mscf
MLN,Activité E&P,AST,OF,1917,5,4749.45,bbl,57931.89,mscf
MLN,Activité E&P,AST,OF,1917,6,46456.34,bbl,185298.03,mscf
MLN,Activité E&P,AST,OF,1917,7,32388.79,bbl,49187.56,mscf
MLN,Activité E&P,AST,OF,1917,8,20210.63,bbl,30283.52,mscf
MLN,Activité E&P,AST,OF,1917,9,8364.09,bbl,81500.09,mscf
MLN,Activité E&P,AST,OF,1917,10,14999.13,bbl,175546.15,mscf
MLN,Activité E&P,AST,OF,1917,11,32623.89,bbl,14707.08,mscf
MLN,Activité E&P,AST,OF,1917,12,13972.47,bbl,39946.33,mscf
MLN,Activité E&P,AST,OF,1918,1,14665.36,bbl,60911.14,mscf
MLN,Activité E&P,AST,OF,1918,2,32164.73,bbl,173310.17,mscf
MLN,Activité E&P,AST,OF,1918,3,39878.93,bbl,67610.48,mscf
MLN,Activité E&P,AST,OF,1918,4,36957.24,bbl,124848.3,mscf
MLN,Activité E&P,AST,OF,1918,5,47763.63,bbl,34257.53,mscf
MLN,Activité E&P,AST,OF,1918,6,47352.68,bbl,184788.44,mscf
MLN,Activité E&P,AST,OF,1918,7,37107.72,bbl,56152.61,mscf
MLN,Activité E&P,AST,OF,1918,8,49530.06,bbl,85183.21,mscf
MLN,Activité E&P,AST,OF,1918,9,7332.45,bbl,170326.91,mscf
MLN,Activité E&P,AST,OF,1918,10,31269.4,bbl,158198.82,mscf
MLN,Activité E&P,AST,OF,1918,11,9443.02,bbl,39513.15,mscf
MLN,Activité E&P,AST,OF,1918,12,8796.96,bbl,15856.44,mscf
MLN,Activité E&P,AST,OF,1919,1,12885.74,bbl,55790.73,mscf
MLN,Activité E&P,AST,OF,1919,2,34517.78,bbl,127800.46,mscf
MLN,Activité E&P,AST,OF,1919,3,44198.83,bbl,29748.9,mscf
MLN,Activité E&P,AST,OF,1919,4,40707.06,bbl,22250.71,mscf
MLN,Activité E&P,AST,OF,1919,5,33597.03,bbl,22428.43,mscf
MLN,Activité E&P,AST,OF,1919,6,42514.43,bbl,70992.27,mscf
MLN,Activité E&P,AST,OF,1919,7,23089.01,bbl,154120.62,mscf
MLN,Activité E&P,AST,OF,1919,8,1610.34,bbl,71010.87,mscf
MLN,Activité E&P,AST,OF,1919,9,40747.45,bbl,39136.94,mscf
MLN,Activité E&P,AST,OF,1919,10,41589.91,bbl,26666.44,mscf
MLN,Activité E&P,AST,OF,1919,11,41920.33,bbl,64958.6,mscf
MLN,Activité E&P,AST,OF,1919,12,17767.74,bbl,167521.08,mscf
MLN,Activité E&P,AST,OF,1920,1,49970.65,bbl,32651.73,mscf
MLN,Activité E&P,AST,OF,1920,2,21782.71,bbl,184875.04,mscf
MLN,Activité E&P,AST,OF,1920,3,35160.57,bbl,101211.84,mscf
MLN,Activité E&P,AST,OF,1920,4,7607.58,bbl,103676.02,mscf
MLN,Activité E&P,AST,OF,1920,5,20069.07,bbl,27680.46,mscf
MLN,Activité E&P,AST,OF,1920,6,26449.74,bbl,195185.76,mscf
MLN,Activité E&P,AST,OF,1920,7,4124.64,bbl,151418.05,mscf
MLN,Activité E&P,AST,OF,1920,8,25615.83,bbl,159077.09,mscf
MLN,Activité E&P,AST,OF,1920,9,4324.87,bbl,151340.46,mscf
MLN,Activité E&P,AST,OF,1920,10,39285.62,bbl,48041.68,mscf
MLN,Activité E&P,AST,OF,1920,11,27087.16,bbl,36392.07,mscf
MLN,Activité E&P,AST,OF,1920,12,40246.95,bbl,48650.34,mscf
MLN,Activité E&P,AST,OF,1921,1,48923.52,bbl,109819.58,mscf
MLN,Activité E&P,AST,OF,1921,2,31625.03,bbl,164184.77,mscf
MLN,Activité E&P,AST,OF,1921,3,15915.09,bbl,44711.73,mscf
MLN,Activité E&P,AST,OF,1921,4,6105.41,bbl,53135.76,mscf
MLN,Activité E&P,AST,OF,1921,5,13739.45,bbl,67468.83,mscf
MLN,Activité E&P,AST,OF,1921,6,41102.95,bbl,54609.19,mscf
MLN,Activité E&P,AST,OF,1921,7,14538.57,bbl,43668.72,mscf
MLN,Activité E&P,AST,OF,1921,8,29182.71,bbl,195340.68,mscf
MLN,Activité E&P,AST,OF,1921,9,29454.06,bbl,58679.79,mscf
MLN,Activité E&P,AST,OF,1921,10,10931.52,bbl,83386.99,mscf
MLN,Activité E&P,AST,OF,1921,11,10145.62,bbl,98576.5,mscf
MLN,Activité E&P,AST,OF,1921,12,9219.08,bbl,42295.41,mscf
MLN,Activité E&P,AST,OF,1922,1,42545.55,bbl,85919.47,mscf
MLN,Activité E&P,AST,OF,1922,2,14343.78,bbl,13644.82,mscf
MLN,Activité E&P,AST,OF,1922,3,13449.72,bbl,67066.42,mscf
MLN,Activité E&P,AST,OF,1922,4,7080.79,bbl,25299.41,mscf
MLN,Activité E&P,AST,OF,1922,5,16875.99,bbl,49315.82,mscf
MLN,Activité E&P,AST,OF,1922,6,45474.65,bbl,157322.23,mscf
MLN,Activité E&P,AST,OF,1922,7,10951.54,bbl,87321.46,mscf
MLN,Activité E&P,AST,OF,1922,8,41635.6,bbl,183015.7,mscf
MLN,Activité E&P,AST,OF,1922,9,36921.88,bbl,37796.39,mscf
MLN,Activité E&P,AST,OF,1922,10,12804.0,bbl,27850.78,mscf
MLN,Activité E&P,AST,OF,1922,11,19548.61,bbl,137606.46,mscf
MLN,Activité E&P,AST,OF,1922,12,35618.41,bbl,62458.5,mscf
MLN,Activité E&P,AST,OF,1923,1,35539.77,bbl,56587.35,mscf
MLN,Activité E&P,AST,OF,1923,2,18008.75,bbl,60287.75,mscf
MLN,Activité E&P,AST,OF,1923,3,1458.03,bbl,133228.88,mscf
MLN,Activité E&P,AST,OF,1923,4,16892.48,bbl,85017.29,mscf
MLN,Activité E&P,AST,OF,1923,5,5481.03,bbl,129719.13,mscf
MLN,Activité E&P,AST,OF,1923,6,10975.3,bbl,47777.18,mscf
MLN,Activité E&P,AST,OF,1923,7,34004.36,bbl,85290.34,mscf
MLN,Activité E&P,AST,OF,1923,8,18310.95,bbl,5658.01,mscf
MLN,Activité E&P,AST,OF,1923,9,19676.61,bbl,84030.82,mscf
MLN,Activité E&P,AST,OF,1923,10,18759.35,bbl,7769.15,mscf
MLN,Activité E&P,AST,OF,1923,11,28215.2,bbl,25661.64,mscf
MLN,Activité E&P,AST,OF,1923,12,14134.14,bbl,11641.52,mscf
MLN,Activité E&P,AST,OF,1924,1,1474.37,bbl,6000.08,mscf
MLN,Activité E&P,AST,OF,1924,2,24318.15,bbl,141479.46,mscf
MLN,Activité E&P,AST,OF,1924,3,36301.83,bbl,157228.17,mscf
MLN,Activité E&P,AST,OF,1924,4,28613.54,bbl,191639.76,mscf
MLN,Activité E&P,AST,OF,1924,5,13305.78,bbl,157934.57,mscf
MLN,Activité E&P,AST,OF,1924,6,47572.78,bbl,119483.32,mscf
MLN,Activité E&P,AST,OF,1924,7,23237.69,bbl,199737.06,mscf
MLN,Activité E&P,AST,OF,1924,8,26494.57,bbl,122386.11,mscf
MLN,Activité E&P,AST,OF,1924,9,32859.98,bbl,74572.02,mscf
MLN,Activité E&P,AST,OF,1924,10,39167.75,bbl,70843.03,mscf
MLN,Activité E&P,AST,OF,1924,11,2705.81,bbl,182815.44,mscf
MLN,Activité E&P,AST,OF,1924,12,6890.53,bbl,108448.33,mscf
MLN,Activité E&P,AST,OF,1925,1,31451.9,bbl,37822.18,mscf
MLN,Activité E&P,AST,OF,1925,2,24558.13,bbl,125756.7,mscf
MLN,Activité E&P,AST,OF,1925,3,38001.41,bbl,102143.36,mscf
MLN,Activité E&P,AST,OF,1925,4,11265.94,bbl,166723.63,mscf
MLN,Activité E&P,AST,OF,1925,5,34869.17,bbl,178165.33,mscf
MLN,Activité E&P,AST,OF,1925,6,11977.63,bbl,199185.71,mscf
MLN,Activité E&P,AST,OF,1925,7,17678.0,bbl,131416.39,mscf
MLN,Activité E&P,AST,OF,1925,8,11370.14,bbl,75860.32,mscf
MLN,Activité E&P,AST,OF,1925,9,37008.68,bbl,177583.26,mscf
MLN,Activité E&P,AST,OF,1925,10,43574.15,bbl,90589.04,mscf
MLN,Activité E&P,AST,OF,1925,11,39934.65,bbl,34750.28,mscf
MLN,Activité E&P,AST,OF,1925,12,2393.62,bbl,50463.22,mscf
MLN,Activité E&P,AST,OF,1926,1,22985.05,bbl,132027.99,mscf
MLN,Activité E&P,AST,OF,1926,2,42353.3,bbl,76671.92,mscf
MLN,Activité E&P,AST,OF,1926,3,39496.27,bbl,198722.09,mscf
MLN,Activité E&P,AST,OF,1926,4,18492.5,bbl,78247.31,mscf
MLN,Activité E&P,AST,OF,1926,5,45418.62,bbl,56945.87,mscf
MLN,Activité E&P,AST,OF,1926,6,10626.77,bbl,25414.36,mscf
MLN,Activité E&P,AST,OF,1926,7,31937.0,bbl,119168.05,mscf
MLN,Activité E&P,AST,OF,1926,8,43277.64,bbl,38047.94,mscf
MLN,Activité E&P,AST,OF,1926,9,15983.96,bbl,74940.37,mscf
MLN,Activité E&P,AST,OF,1926,10,42816.62,bbl,99019.65,mscf
MLN,Activité E&P,AST,OF,1926,11,40723.28,bbl,186469.68,mscf
MLN,Activité E&P,AST,OF,1926,12,12185.18,bbl,66010.01,mscf
MLN,Activité E&P,AST,OF,1927,1,13649.27,bbl,183044.92,mscf
MLN,Activité E&P,AST,OF,1927,2,18803.32,bbl,152004.55,mscf
MLN,Activité E&P,AST,OF,1927,3,12355.77,bbl,182911.2,mscf
MLN,Activité E&P,AST,OF,1927,4,45577.5,bbl,20380.37,mscf
MLN,Activité E&P,AST,OF,1927,5,30085.35,bbl,63828.46,mscf
MLN,Activité E&P,AST,OF,1927,6,48150.27,bbl,35145.27,mscf
MLN,Activité E&P,AST,OF,1927,7,31430.07,bbl,45955.66,mscf
MLN,Activité E&P,AST,OF,1927,8,12172.56,bbl,153055.13,mscf
MLN,Activité E&P,AST,OF,1927,9,20434.97,bbl,90520.73,mscf
MLN,Activité E&P,AST,OF,1927,10,48147.62,bbl,58273.7,mscf
MLN,Activité E&P,AST,OF,1927,11,2613.88,bbl,156556.22,mscf
MLN,Activité E&P,AST,OF,1927,12,30157.56,bbl,183725.54,mscf
MLN,Activité E&P,AST,OF,1928,1,6383.85,bbl,40956.84,mscf
MLN,Activité E&P,AST,OF,1928,2,31427.38,bbl,81223.43,mscf
MLN,Activité E&P,AST,OF,1928,3,33522.41,bbl,6843.9,mscf
MLN,Activité E&P,AST,OF,1928,4,40407.39,bbl,16402.51,mscf
MLN,Activité E&P,AST,OF,1928,5,1525.97,bbl,97930.48,mscf
MLN,Activité E&P,AST,OF,1928,6,21396.12,bbl,183114.96,mscf
MLN,Activité E&P,AST,OF,1928,7,16018.92,bbl,22951.39,mscf
MLN,Activité E&P,AST,OF,1928,8,20451.73,bbl,24998.29,mscf
MLN,Activité E&P,AST,OF,1928,9,42445.25,bbl,90535.95,mscf
MLN,Activité E&P,AST,OF,1928,10,7115.07,bbl,122975.46,mscf
MLN,Activité E&P,AST,OF,1928,11,42211.25,bbl,63996.49,mscf
MLN,Activité E&P,AST,OF,1928,12,15466.26,bbl,67542.83,mscf
MLN,Activité E&P,AST,OF,1929,1,4687.73,bbl,20107.57,mscf
MLN,Activité E&P,AST,OF,1929,2,20967.63,bbl,44975.07,mscf
MLN,Activité E&P,AST,OF,1929,3,28286.54,bbl,32599.64,mscf
MLN,Activité E&P,AST,OF,1929,4,17447.73,bbl,166546.18,mscf
MLN,Activité E&P,AST,OF,1929,5,5559.82,bbl,13488.89,mscf
MLN,Activité E&P,AST,OF,1929,6,46517.72,bbl,196947.18,mscf
MLN,Activité E&P,AST,OF,1929,7,33055.59,bbl,183399.32,mscf
MLN,Activité E&P,AST,OF,1929,8,48505.25,bbl,173730.87,mscf
MLN,Activité E&P,AST,OF,1929,9,6518.77,bbl,119099.79,mscf
MLN,Activité E&P,AST,OF,1929,10,14011.59,bbl,104238.62,mscf
MLN,Activité E&P,AST,OF,1929,11,11680.81,bbl,96641.54,mscf
MLN,Activité E&P,AST,OF,1929,12,21211.66,bbl,134473.5,mscf
MLN,Activité E&P,AST,OF,1930,1,15568.27,bbl,169725.65,mscf
MLN,Activité E&P,AST,OF,1930,2,39636.2,bbl,181946.53,mscf
MLN,Activité E&P,AST,OF,1930,3,13944.96,bbl,36439.0,mscf
MLN,Activité E&P,AST,OF,1930,4,28518.73,bbl,193649.4,mscf
MLN,Activité E&P,AST,OF,1930,5,27382.5,bbl,40822.14,mscf
MLN,Activité E&P,AST,OF,1930,6,43565.87,bbl,63425.22,mscf
MLN,Activité E&P,AST,OF,1930,7,48436.94,bbl,53322.85,mscf
MLN,Activité E&P,AST,OF,1930,8,45671.33,bbl,76840.29,mscf
MLN,Activité E&P,AST,OF,1930,9,3869.1,bbl,151569.69,mscf
MLN,Activité E&P,AST,OF,1930,10,1741.54,bbl,167348.48,mscf
MLN,Activité E&P,AST,OF,1930,11,40026.04,bbl,177875.87,mscf
MLN,Activité E&P,AST,OF,1930,12,48446.29,bbl,96535.85,mscf
MLN,Activité E&P,AST,OF,1931,1,29592.74,bbl,139774.89,mscf
MLN,Activité E&P,AST,OF,1931,2,14280.79,bbl,98731.16,mscf
MLN,Activité E&P,AST,OF,1931,3,7088.72,bbl,150130.73,mscf
MLN,Activité E&P,AST,OF,1931,4,10332.75,bbl,89922.03,mscf
MLN,Activité E&P,AST,OF,1931,5,39988.96,bbl,120400.85,mscf
MLN,Activité E&P,AST,OF,1931,6,31449.02,bbl,87064.56,mscf
MLN,Activité E&P,AST,OF,1931,7,26559.4,bbl,70637.85,mscf
MLN,Activité E&P,AST,OF,1931,8,42901.17,bbl,181668.61,mscf
MLN,Activité E&P,AST,OF,1931,9,40616.23,bbl,61742.23,mscf
MLN,Activité E&P,AST,OF,1931,10,47111.22,bbl,7577.67,mscf
MLN,Activité E&P,AST,OF,1931,11,3233.59,bbl,157982.17,mscf
MLN,Activité E&P,AST,OF,1931,12,48956.69,bbl,106697.77,mscf
MLN,Activité E&P,AST,OF,1932,1,28225.15,bbl,8603.51,mscf
MLN,Activité E&P,AST,OF,1932,2,15290.33,bbl,139937.09,mscf
MLN,Activité E&P,AST,OF,1932,3,41053.27,bbl,87715.84,mscf
MLN,Activité E&P,AST,OF,1932,4,40363.51,bbl,55683.86,mscf
MLN,Activité E&P,AST,OF,1932,5,1663.8,bbl,137259.91,mscf
MLN,Activité E&P,AST,OF,1932,6,7599.73,bbl,137966.58,mscf
MLN,Activité E&P,AST,OF,1932,7,48687.77,bbl,21356.85,mscf
MLN,Activité E&P,AST,OF,1932,8,33582.97,bbl,79849.18,mscf
MLN,Activité E&P,AST,OF,1932,9,40263.95,bbl,113066.66,mscf
MLN,Activité E&P,AST,OF,1932,10,12923.3,bbl,107053.81,mscf
MLN,Activité E&P,AST,OF,1932,11,25452.85,bbl,157100.68,mscf
MLN,Activité E&P,AST,OF,1932,12,30828.35,bbl,26794.15,mscf
MLN,Activité E&P,AST,OF,1933,1,33033.5,bbl,161221.04,mscf
MLN,Activité E&P,AST,OF,1933,2,6390.04,bbl,173839.54,mscf
MLN,Activité E&P,AST,OF,1933,3,25381.17,bbl,97570.37,mscf
MLN,Activité E&P,AST,OF,1933,4,35540.23,bbl,125308.15,mscf
MLN,Activité E&P,AST,OF,1933,5,31655.5,bbl,84808.86,mscf
MLN,Activité E&P,AST,OF,1933,6,47715.44,bbl,129771.99,mscf
MLN,Activité E&P,AST,OF,1933,7,49395.61,bbl,52615.51,mscf
MLN,Activité E&P,AST,OF,1933,8,40452.03,bbl,71905.86,mscf
MLN,Activité E&P,AST,OF,1933,9,11622.59,bbl,125812.18,mscf
MLN,Activité E&P,AST,OF,1933,10,24932.37,bbl,150800.96,mscf
MLN,Activité E&P,AST,OF,1933,11,23490.85,bbl,23457.95,mscf
MLN,Activité E&P,AST,OF,1933,12,25122.4,bbl,194855.26,mscf
MLN,Activité E&P,AST,OF,1934,1,21407.52,bbl,10938.63,mscf
MLN,Activité E&P,AST,OF,1934,2,31197.13,bbl,50681.38,mscf
MLN,Activité E&P,AST,OF,1934,3,12661.78,bbl,70974.0,mscf
MLN,Activité E&P,AST,OF,1934,4,30477.46,bbl,95484.26,mscf
MLN,Activité E&P,AST,OF,1934,5,35185.26,bbl,123183.55,mscf
MLN,Activité E&P,AST,OF,1934,6,22243.68,bbl,122151.04,mscf
MLN,Activité E&P,AST,OF,1934,7,3808.68,bbl,104979.33,mscf
MLN,Activité E&P,AST,OF,1934,8,5226.21,bbl,184654.4,mscf
MLN,Activité E&P,AST,OF,1934,9,49033.74,bbl,9493.34,mscf
MLN,Activité E&P,AST,OF,1934,10,25535.72,bbl,114038.45,mscf
MLN,Activité E&P,AST,OF,1934,11,6716.48,bbl,30962.92,mscf
MLN,Activité E&P,AST,OF,1934,12,6152.37,bbl,36531.55,mscf
MLN,Activité E&P,AST,OF,1935,1,42710.3,bbl,192821.92,mscf
MLN,Activité E&P,AST,OF,1935,2,21728.7,bbl,179621.92,mscf
MLN,Activité E&P,AST,OF,1935,3,33261.67,bbl,114690.57,mscf
MLN,Activité E&P,AST,OF,1935,4,2728.71,bbl,83814.27,mscf
MLN,Activité E&P,AST,OF,1935,5,48240.59,bbl,175162.69,mscf
MLN,Activité E&P,AST,OF,1935,6,21370.68,bbl,112632.83,mscf
MLN,Activité E&P,AST,OF,1935,7,47833.46,bbl,145584.93,mscf
MLN,Activité E&P,AST,OF,1935,8,31991.32,bbl,190571.2,mscf
MLN,Activité E&P,AST,OF,1935,9,48978.57,bbl,102514.57,mscf
MLN,Activité E&P,AST,OF,1935,10,43701.14,bbl,149647.24,mscf
MLN,Activité E&P,AST,OF,1935,11,40724.76,bbl,124992.77,mscf
MLN,Activité E&P,AST,OF,1935,12,45416.91,bbl,84783.8,mscf
MLN,Activité E&P,AST,OF,1936,1,13531.99,bbl,149020.22,mscf
MLN,Activité E&P,AST,OF,1936,2,21739.23,bbl,149877.33,mscf
MLN,Activité E&P,AST,OF,1936,3,20556.73,bbl,104810.01,mscf
MLN,Activité E&P,AST,OF,1936,4,13801.86,bbl,115158.64,mscf
MLN,Activité E&P,AST,OF,1936,5,44284.42,bbl,69783.64,mscf
MLN,Activité E&P,AST,OF,1936,6,45297.05,bbl,23116.16,mscf
MLN,Activité E&P,AST,OF,1936,7,11723.16,bbl,47167.95,mscf
MLN,Activité E&P,AST,OF,1936,8,26482.31,bbl,78137.4,mscf
MLN,Activité E&P,AST,OF,1936,9,46417.81,bbl,11225.38,mscf
MLN,Activité E&P,AST,OF,1936,10,1745.41,bbl,33552.86,mscf
MLN,Activité E&P,AST,OF,1936,11,24768.38,bbl,199704.12,mscf
MLN,Activité E&P,AST,OF,1936,12,14699.89,bbl,80916.27,mscf
MLN,Activité E&P,AST,OF,1937,1,5470.77,bbl,180429.77,mscf
MLN,Activité E&P,AST,OF,1937,2,12246.74,bbl,171254.99,mscf
MLN,Activité E&P,AST,OF,1937,3,37853.12,bbl,87260.43,mscf
MLN,Activité E&P,AST,OF,1937,4,2543.8,bbl,79926.08,mscf
MLN,Activité E&P,AST,OF,1937,5,43613.16,bbl,151771.12,mscf
MLN,Activité E&P,AST,OF,1937,6,37436.43,bbl,9235.26,mscf
MLN,Activité E&P,AST,OF,1937,7,43828.07,bbl,69567.31,mscf
MLN,Activité E&P,AST,OF,1937,8,22623.91,bbl,131839.03,mscf
MLN,Activité E&P,AST,OF,1937,9,37931.35,bbl,40507.08,mscf
MLN,Activité E&P,AST,OF,1937,10,43597.72,bbl,162163.28,mscf
MLN,Activité E&P,AST,OF,1937,11,24838.99,bbl,54817.82,mscf
MLN,Activité E&P,AST,OF,1937,12,3735.73,bbl,19512.46,mscf
MLN,Activité E&P,AST,OF,1938,1,6066.67,bbl,98590.73,mscf
MLN,Activité E&P,AST,OF,1938,2,46932.96,bbl,102021.46,mscf
MLN,Activité E&P,AST,OF,1938,3,15050.24,bbl,76803.96,mscf
MLN,Activité E&P,AST,OF,1938,4,11453.36,bbl,159682.22,mscf
MLN,Activité E&P,AST,OF,1938,5,26097.17,bbl,15877.17,mscf
MLN,Activité E&P,AST,OF,1938,6,24938.17,bbl,133863.08,mscf
MLN,Activité E&P,AST,OF,1938,7,2323.69,bbl,143869.62,mscf
MLN,Activité E&P,AST,OF,1938,8,18770.31,bbl,67584.18,mscf
MLN,Activité E&P,AST,OF,1938,9,46849.93,bbl,172166.63,mscf
MLN,Activité E&P,AST,OF,1938,10,13370.43,bbl,130215.28,mscf
MLN,Activité E&P,AST,OF,1938,11,38469.51,bbl,112895.64,mscf
MLN,Activité E&P,AST,OF,1938,12,14864.52,bbl,109435.15,mscf
MLN,Activité E&P,AST,OF,1939,1,41771.49,bbl,160155.85,mscf
MLN,Activité E&P,AST,OF,1939,2,2248.23,bbl,74095.15,mscf
MLN,Activité E&P,AST,OF,1939,3,41944.76,bbl,134655.86,mscf
MLN,Activité E&P,AST,OF,1939,4,19673.02,bbl,15754.82,mscf
MLN,Activité E&P,AST,OF,1939,5,18535.89,bbl,66214.31,mscf
MLN,Activité E&P,AST,OF,1939,6,30168.67,bbl,193056.32,mscf
MLN,Activité E&P,AST,OF,1939,7,12957.48,bbl,84279.84,mscf
MLN,Activité E&P,AST,OF,1939,8,18825.06,bbl,162388.46,mscf
MLN,Activité E&P,AST,OF,1939,9,42528.06,bbl,184701.02,mscf
MLN,Activité E&P,AST,OF,1939,10,27484.8,bbl,199600.85,mscf
MLN,Activité E&P,AST,OF,1939,11,5068.72,bbl,151781.93,mscf
MLN,Activité E&P,AST,OF,1939,12,13415.13,bbl,167075.89,mscf
MLN,Activité E&P,AST,OF,1940,1,3738.28,bbl,52528.62,mscf
MLN,Activité E&P,AST,OF,1940,2,1563.41,bbl,134158.25,mscf
MLN,Activité E&P,AST,OF,1940,3,43403.14,bbl,34447.59,mscf
MLN,Activité E&P,AST,OF,1940,4,49728.69,bbl,156194.48,mscf
MLN,Activité E&P,AST,OF,1940,5,31822.4,bbl,113124.9,mscf
MLN,Activité E&P,AST,OF,1940,6,45051.31,bbl,104595.02,mscf
MLN,Activité E&P,AST,OF,1940,7,20233.0,bbl,92371.9,mscf
MLN,Activité E&P,AST,OF,1940,8,43995.81,bbl,45125.29,mscf
MLN,Activité E&P,AST,OF,1940,9,10675.66,bbl,119132.99,mscf
MLN,Activité E&P,AST,OF,1940,10,4361.53,bbl,18145.08,mscf
MLN,Activité E&P,AST,OF,1940,11,21966.64,bbl,55395.33,mscf
MLN,Activité E&P,AST,OF,1940,12,22645.11,bbl,148402.59,mscf
MLN,Activité E&P,AST,OF,1941,1,21500.03,bbl,191040.72,mscf
MLN,Activité E&P,AST,OF,1941,2,24844.25,bbl,45372.65,mscf
MLN,Activité E&P,AST,OF,1941,3,42420.45,bbl,47336.68,mscf
MLN,Activité E&P,AST,OF,1941,4,33263.4,bbl,123233.45,mscf
MLN,Activité E&P,AST,OF,1941,5,49582.9,bbl,127516.05,mscf
MLN,Activité E&P,AST,OF,1941,6,29871.58,bbl,14736.62,mscf
MLN,Activité E&P,AST,OF,1941,7,34940.7,bbl,87314.06,mscf
MLN,Activité E&P,AST,OF,1941,8,29793.2,bbl,72206.94,mscf
MLN,Activité E&P,AST,OF,1941,9,47328.63,bbl,171710.63,mscf
MLN,Activité E&P,AST,OF,1941,10,31352.04,bbl,165894.1,mscf
MLN,Activité E&P,AST,OF,1941,11,7458.75,bbl,114797.1,mscf
MLN,Activité E&P,AST,OF,1941,12,4315.07,bbl,123869.19,mscf
MLN,Activité E&P,AST,OF,1942,1,35300.45,bbl,107612.86,mscf
MLN,Activité E&P,AST,OF,1942,2,25413.22,bbl,157896.86,mscf
MLN,Activité E&P,AST,OF,1942,3,6151.51,bbl,163019.45,mscf
MLN,Activité E&P,AST,OF,1942,4,18336.45,bbl,75099.64,mscf
MLN,Activité E&P,AST,OF,1942,5,15793.85,bbl,155073.86,mscf
MLN,Activité E&P,AST,OF,1942,6,45721.76,bbl,140739.59,mscf
MLN,Activité E&P,AST,OF,1942,7,25126.5,bbl,136609.16,mscf
MLN,Activité E&P,AST,OF,1942,8,2791.12,bbl,75581.7,mscf
MLN,Activité E&P,AST,OF,1942,9,43093.15,bbl,92300.7,mscf
MLN,Activité E&P,AST,OF,1942,10,9601.42,bbl,52488.64,mscf
MLN,Activité E&P,AST,OF,1942,11,2102.92,bbl,184539.36,mscf
MLN,Activité E&P,AST,OF,1942,12,16047.27,bbl,82998.15,mscf
MLN,Activité E&P,AST,OF,1943,1,22599.54,bbl,135109.41,mscf
MLN,Activité E&P,AST,OF,1943,2,3227.74,bbl,174957.45,mscf
MLN,Activité E&P,AST,OF,1943,3,45083.19,bbl,77917.67,mscf
MLN,Activité E&P,AST,OF,1943,4,40122.69,bbl,14855.96,mscf
MLN,Activité E&P,AST,OF,1943,5,36254.91,bbl,56994.43,mscf
MLN,Activité E&P,AST,OF,1943,6,40696.32,bbl,144476.06,mscf
MLN,Activité E&P,AST,OF,1943,7,2048.97,bbl,185494.92,mscf
MLN,Activité E&P,AST,OF,1943,8,33572.0,bbl,136173.74,mscf
MLN,Activité E&P,AST,OF,1943,9,41963.0,bbl,138113.22,mscf
MLN,Activité E&P,AST,OF,1943,10,14474.85,bbl,138844.58,mscf
MLN,Activité E&P,AST,OF,1943,11,49531.04,bbl,57662.9,mscf
MLN,Activité E&P,AST,OF,1943,12,6203.88,bbl,169826.2,mscf
MLN,Activité E&P,AST,OF,1944,1,36886.73,bbl,128529.19,mscf
MLN,Activité E&P,AST,OF,1944,2,24254.46,bbl,88758.75,mscf
MLN,Activité E&P,AST,OF,1944,3,7901.43,bbl,160243.05,mscf
MLN,Activité E&P,AST,OF,1944,4,48013.35,bbl,123767.34,mscf
MLN,Activité E&P,AST,OF,1944,5,33890.03,bbl,138394.71,mscf
MLN,Activité E&P,AST,OF,1944,6,49490.76,bbl,178991.87,mscf
MLN,Activité E&P,AST,OF,1944,7,26644.03,bbl,105971.34,mscf
MLN,Activité E&P,AST,OF,1944,8,24875.07,bbl,186374.13,mscf
MLN,Activité E&P,AST,OF,1944,9,1604.67,bbl,87492.11,mscf
MLN,Activité E&P,AST,OF,1944,10,38987.41,bbl,122139.13,mscf
MLN,Activité E&P,AST,OF,1944,11,17663.09,bbl,67176.61,mscf
MLN,Activité E&P,AST,OF,1944,12,12278.89,bbl,199189.05,mscf
MLN,Activité E&P,AST,OF,1945,1,44029.0,bbl,122222.02,mscf
MLN,Activité E&P,AST,OF,1945,2,13572.88,bbl,141922.12,mscf
MLN,Activité E&P,AST,OF,1945,3,37108.53,bbl,42927.49,mscf
MLN,Activité E&P,AST,OF,1945,4,19850.98,bbl,163858.75,mscf
MLN,Activité E&P,AST,OF,1945,5,37958.72,bbl,161441.27,mscf
MLN,Activité E&P,AST,OF,1945,6,41583.9,bbl,59668.74,mscf
MLN,Activité E&P,AST,OF,1945,7,48048.51,bbl,101804.05,mscf
MLN,Activité E&P,AST,OF,1945,8,13585.41,bbl,21598.87,mscf
MLN,Activité E&P,AST,OF,1945,9,29494.96,bbl,126488.53,mscf
MLN,Activité E&P,AST,OF,1945,10,13132.63,bbl,65147.59,mscf
MLN,Activité E&P,AST,OF,1945,11,8774.29,bbl,98072.62,mscf
MLN,Activité E&P,AST,OF,1945,12,11030.21,bbl,59503.95,mscf
MLN,Activité E&P,AST,OF,1946,1,24062.33,bbl,80680.73,mscf
MLN,Activité E&P,AST,OF,1946,2,46149.4,bbl,8624.58,mscf
MLN,Activité E&P,AST,OF,1946,3,16189.67,bbl,174119.48,mscf
MLN,Activité E&P,AST,OF,1946,4,43381.45,bbl,122550.45,mscf
MLN,Activité E&P,AST,OF,1946,5,8586.46,bbl,16629.47,mscf
MLN,Activité E&P,AST,OF,1946,6,8456.48,bbl,135828.62,mscf
MLN,Activité E&P,AST,OF,1946,7,33069.98,bbl,116582.04,mscf
MLN,Activité E&P,AST,OF,1946,8,18516.15,bbl,92826.01,mscf
MLN,Activité E&P,AST,OF,1946,9,28048.41,bbl,130329.67,mscf
MLN,Activité E&P,AST,OF,1946,10,30466.34,bbl,78564.69,mscf
MLN,Activité E&P,AST,OF,1946,11,45871.27,bbl,179911.83,mscf
MLN,Activité E&P,AST,OF,1946,12,11865.84,bbl,198947.84,mscf
MLN,Activité E&P,AST,OF,1947,1,36333.07,bbl,112860.28,mscf
MLN,Activité E&P,AST,OF,1947,2,5994.26,bbl,34211.38,mscf
MLN,Activité E&P,AST,OF,1947,3,7033.8,bbl,89081.59,mscf
MLN,Activité E&P,AST,OF,1947,4,5766.17,bbl,86735.56,mscf
MLN,Activité E&P,AST,OF,1947,5,18413.56,bbl,72607.67,mscf
MLN,Activité E&P,AST,OF,1947,6,35215.55,bbl,160841.19,mscf
MLN,Activité E&P,AST,OF,1947,7,38889.28,bbl,9401.89,mscf
MLN,Activité E&P,AST,OF,1947,8,24737.54,bbl,11688.4,mscf
MLN,Activité E&P,AST,OF,1947,9,6770.0,bbl,16519.56,mscf
MLN,Activité E&P,AST,OF,1947,10,22253.2,bbl,93208.82,mscf
MLN,Activité E&P,AST,OF,1947,11,20366.09,bbl,11107.84,mscf
MLN,Activité E&P,AST,OF,1947,12,24901.66,bbl,36691.95,mscf
MLN,Activité E&P,AST,OF,1948,1,7841.49,bbl,50302.96,mscf
MLN,Activité E&P,AST,OF,1948,2,28178.58,bbl,85396.47,mscf
MLN,Activité E&P,AST,OF,1948,3,10739.19,bbl,147712.92,mscf
MLN,Activité E&P,AST,OF,1948,4,25764.71,bbl,165927.83,mscf
MLN,Activité E&P,AST,OF,1948,5,15855.01,bbl,98663.41,mscf
MLN,Activité E&P,AST,OF,1948,6,39756.55,bbl,128381.96,mscf
MLN,Activité E&P,AST,OF,1948,7,33901.47,bbl,130433.51,mscf
MLN,Activité E&P,AST,OF,1948,8,37257.64,bbl,136800.77,mscf
MLN,Activité E&P,AST,OF,1948,9,44179.94,bbl,166926.66,mscf
MLN,Activité E&P,AST,OF,1948,10,26104.37,bbl,52433.34,mscf
MLN,Activité E&P,AST,OF,1948,11,18197.59,bbl,10741.93,mscf
MLN,Activité E&P,AST,OF,1948,12,26105.35,bbl,192636.7,mscf
MLN,Activité E&P,AST,OF,1949,1,20718.91,bbl,103348.46,mscf
MLN,Activité E&P,AST,OF,1949,2,40708.57,bbl,120341.3,mscf
MLN,Activité E&P,AST,OF,1949,3,31653.5,bbl,170928.7,mscf
MLN,Activité E&P,AST,OF,1949,4,25389.11,bbl,98777.8,mscf
MLN,Activité E&P,AST,OF,1949,5,13825.91,bbl,104904.5,mscf
MLN,Activité E&P,AST,OF,1949,6,21314.54,bbl,105590.39,mscf
MLN,Activité E&P,AST,OF,1949,7,30586.79,bbl,115918.81,mscf
MLN,Activité E&P,AST,OF,1949,8,37497.9,bbl,71377.4,mscf
MLN,Activité E&P,AST,OF,1949,9,44161.37,bbl,90275.07,mscf
MLN,Activité E&P,AST,OF,1949,10,22008.94,bbl,20739.6,mscf
MLN,Activité E&P,AST,OF,1949,11,35269.64,bbl,150473.8,mscf
MLN,Activité E&P,AST,OF,1949,12,41301.35,bbl,176762.29,mscf
BMS,Activité E&P,AST,OF,1900,1,45671.01,bbl,103525.8,mscf
BMS,Activité E&P,AST,OF,1900,2,27254.48,bbl,45735.32,mscf
BMS,Activité E&P,AST,OF,1900,3,12687.7,bbl,54843.45,mscf
BMS,Activité E&P,AST,OF,1900,4,18712.95,bbl,28137.39,mscf
BMS,Activité E&P,AST,OF,1900,5,43225.25,bbl,57490.39,mscf
BMS,Activité E&P,AST,OF,1900,6,42401.63,bbl,95527.47,mscf
BMS,Activité E&P,AST,OF,1900,7,40895.71,bbl,16890.58,mscf
BMS,Activité E&P,AST,OF,1900,8,33321.67,bbl,160743.17,mscf
BMS,Activité E&P,AST,OF,1900,9,40270.09,bbl,178457.81,mscf
BMS,Activité E&P,AST,OF,1900,10,30713.21,bbl,185995.84,mscf
BMS,Activité E&P,AST,OF,1900,11,44912.46,bbl,197355.1,mscf
BMS,Activité E&P,AST,OF,1900,12,35162.62,bbl,156946.93,mscf
BMS,Activité E&P,AST,OF,1901,1,45036.19,bbl,132929.68,mscf
BMS,Activité E&P,AST,OF,1901,2,10881.59,bbl,137332.43,mscf
BMS,Activité E&P,AST,OF,1901,3,4869.47,bbl,154731.11,mscf
BMS,Activité E&P,AST,OF,1901,4,36508.52,bbl,132323.59,mscf
BMS,Activité E&P,AST,OF,1901,5,21244.21,bbl,29757.61,mscf
BMS,Activité E&P,AST,OF,1901,6,35934.28,bbl,52454.92,mscf
BMS,Activité E&P,AST,OF,1901,7,34636.69,bbl,23328.95,mscf
BMS,Activité E&P,AST,OF,1901,8,19196.66,bbl,147801.96,mscf
BMS,Activité E&P,AST,OF,1901,9,37107.25,bbl,57862.13,mscf
BMS,Activité E&P,AST,OF,1901,10,37798.75,bbl,187072.63,mscf
BMS,Activité E&P,AST,OF,1901,11,3154.55,bbl,86131.11,mscf
BMS,Activité E&P,AST,OF,1901,12,17776.92,bbl,188229.39,mscf
BMS,Activité E&P,AST,OF,1902,1,39606.88,bbl,103949.38,mscf
BMS,Activité E&P,AST,OF,1902,2,33571.12,bbl,155510.76,mscf
BMS,Activité E&P,AST,OF,1902,3,5679.78,bbl,176528.55,mscf
BMS,Activité E&P,AST,OF,1902,4,47021.95,bbl,41902.41,mscf
BMS,Activité E&P,AST,OF,1902,5,49610.6,bbl,193102.23,mscf
BMS,Activité E&P,AST,OF,1902,6,42860.11,bbl,16806.37,mscf
BMS,Activité E&P,AST,OF,1902,7,11113.98,bbl,162798.45,mscf
BMS,Activité E&P,AST,OF,1902,8,1995.53,bbl,42624.73,mscf
BMS,Activité E&P,AST,OF,1902,9,40812.02,bbl,120302.1,mscf
BMS,Activité E&P,AST,OF,1902,10,45326.44,bbl,5706.71,mscf
BMS,Activité E&P,AST,OF,1902,11,8004.73,bbl,133422.23,mscf
BMS,Activité E&P,AST,OF,1902,12,23800.38,bbl,49180.88,mscf
BMS,Activité E&P,AST,OF,1903,1,42164.78,bbl,86522.38,mscf
BMS,Activité E&P,AST,OF,1903,2,25893.28,bbl,99114.93,mscf
BMS,Activité E&P,AST,OF,1903,3,30802.38,bbl,10215.93,mscf
BMS,Activité E&P,AST,OF,1903,4,5187.33,bbl,24710.31,mscf
BMS,Activité E&P,AST,OF,1903,5,48406.32,bbl,25327.83,mscf
BMS,Activité E&P,AST,OF,1903,6,16886.78,bbl,176810.58,mscf
BMS,Activité E&P,AST,OF,1903,7,42659.75,bbl,167789.64,mscf
BMS,Activité E&P,AST,OF,1903,8,34859.68,bbl,61020.89,mscf
BMS,Activité E&P,AST,OF,1903,9,25623.37,bbl,31970.59,mscf
BMS,Activité E&P,AST,OF,1903,10,9361.41,bbl,11743.83,mscf
BMS,Activité E&P,AST,OF,1903,11,47275.65,bbl,156145.9,mscf
BMS,Activité E&P,AST,OF,1903,12,1905.22,bbl,102135.71,mscf
BMS,Activité E&P,AST,OF,1904,1,1641.57,bbl,186536.44,mscf
BMS,Activité E&P,AST,OF,1904,2,34571.98,bbl,96790.84,mscf
BMS,Activité E&P,AST,OF,1904,3,49905.99,bbl,143615.38,mscf
BMS,Activité E&P,AST,OF,1904,4,41979.85,bbl,128323.74,mscf
BMS,Activité E&P,AST,OF,1904,5,33144.93,bbl,69498.33,mscf
BMS,Activité E&P,AST,OF,1904,6,26171.72,bbl,145585.2,mscf
BMS,Activité E&P,AST,OF,1904,7,29676.13,bbl,18491.65,mscf
BMS,Activité E&P,AST,OF,1904,8,12644.7,bbl,71062.17,mscf
BMS,Activité E&P,AST,OF,1904,9,11683.01,bbl,144486.38,mscf
BMS,Activité E&P,AST,OF,1904,10,15970.62,bbl,55549.29,mscf
BMS,Activité E&P,AST,OF,1904,11,2781.36,bbl,122863.09,mscf
BMS,Activité E&P,AST,OF,1904,12,34370.41,bbl,183887.65,mscf
BMS,Activité E&P,AST,OF,1905,1,23112.71,bbl,45735.95,mscf
BMS,Activité E&P,AST,OF,1905,2,12758.15,bbl,13000.93,mscf
BMS,Activité E&P,AST,OF,1905,3,4337.88,bbl,139213.17,mscf
BMS,Activité E&P,AST,OF,1905,4,38783.74,bbl,25946.93,mscf
BMS,Activité E&P,AST,OF,1905,5,9443.35,bbl,156276.4,mscf
BMS,Activité E&P,AST,OF,1905,6,40925.14,bbl,124979.06,mscf
BMS,Activité E&P,AST,OF,1905,7,21763.11,bbl,34914.57,mscf
BMS,Activité E&P,AST,OF,1905,8,22990.74,bbl,16501.55,mscf
BMS,Activité E&P,AST,OF,1905,9,29703.4,bbl,178175.15,mscf
BMS,Activité E&P,AST,OF,1905,10,24339.91,bbl,69235.65,mscf
BMS,Activité E&P,AST,OF,1905,11,5426.45,bbl,181003.83,mscf
BMS,Activité E&P,AST,OF,1905,12,3955.36,bbl,170841.73,mscf
BMS,Activité E&P,AST,OF,1906,1,30957.5,bbl,52918.18,mscf
BMS,Activité E&P,AST,OF,1906,2,23961.29,bbl,170941.56,mscf
BMS,Activité E&P,AST,OF,1906,3,3657.23,bbl,171410.44,mscf
BMS,Activité E&P,AST,OF,1906,4,39877.62,bbl,5563.05,mscf
BMS,Activité E&P,AST,OF,1906,5,4301.39,bbl,5355.09,mscf
BMS,Activité E&P,AST,OF,1906,6,16346.08,bbl,53306.07,mscf
BMS,Activité E&P,AST,OF,1906,7,42994.33,bbl,155609.7,mscf
BMS,Activité E&P,AST,OF,1906,8,30477.72,bbl,130459.45,mscf
BMS,Activité E&P,AST,OF,1906,9,8296.46,bbl,128843.29,mscf
BMS,Activité E&P,AST,OF,1906,10,39225.65,bbl,104348.92,mscf
BMS,Activité E&P,AST,OF,1906,11,29481.63,bbl,44763.03,mscf
BMS,Activité E&P,AST,OF,1906,12,25008.36,bbl,106757.23,mscf
BMS,Activité E&P,AST,OF,1907,1,16733.6,bbl,51390.77,mscf
BMS,Activité E&P,AST,OF,1907,2,20199.41,bbl,113877.51,mscf
BMS,Activité E&P,AST,OF,1907,3,6032.58,bbl,65143.82,mscf
BMS,Activité E&P,AST,OF,1907,4,12061.41,bbl,67791.88,mscf
BMS,Activité E&P,AST,OF,1907,5,34709.4,bbl,157289.91,mscf
BMS,Activité E&P,AST,OF,1907,6,8464.68,bbl,170293.94,mscf
BMS,Activité E&P,AST,OF,1907,7,20865.81,bbl,104063.35,mscf
BMS,Activité E&P,AST,OF,1907,8,11319.95,bbl,29571.47,mscf
BMS,Activité E&P,AST,OF,1907,9,35243.04,bbl,176466.47,mscf
BMS,Activité E&P,AST,OF,1907,10,48873.19,bbl,39742.32,mscf
BMS,Activité E&P,AST,OF,1907,11,41395.16,bbl,161167.23,mscf
BMS,Activité E&P,AST,OF,1907,12,35450.9,bbl,44848.85,mscf
BMS,Activité E&P,AST,OF,1908,1,45633.88,bbl,109301.49,mscf
BMS,Activité E&P,AST,OF,1908,2,6952.17,bbl,165990.68,mscf
BMS,Activité E&P,AST,OF,1908,3,18101.19,bbl,198372.74,mscf
BMS,Activité E&P,AST,OF,1908,4,15005.03,bbl,115399.18,mscf
BMS,Activité E&P,AST,OF,1908,5,27846.69,bbl,62231.49,mscf
BMS,Activité E&P,AST,OF,1908,6,7047.26,bbl,113770.13,mscf
BMS,Activité E&P,AST,OF,1908,7,19706.5,bbl,50815.19,mscf
BMS,Activité E&P,AST,OF,1908,8,6677.21,bbl,18471.09,mscf
BMS,Activité E&P,AST,OF,1908,9,22685.17,bbl,62957.25,mscf
BMS,Activité E&P,AST,OF,1908,10,34653.67,bbl,113096.56,mscf
BMS,Activité E&P,AST,OF,1908,11,47276.05,bbl,28462.98,mscf
BMS,Activité E&P,AST,OF,1908,12,25236.23,bbl,108197.59,mscf
BMS,Activité E&P,AST,OF,1909,1,13821.52,bbl,35492.32,mscf
BMS,Activité E&P,AST,OF,1909,2,22612.74,bbl,190888.52,mscf
BMS,Activité E&P,AST,OF,1909,3,1687.06,bbl,159308.54,mscf
BMS,Activité E&P,AST,OF,1909,4,39708.65,bbl,172334.09,mscf
BMS,Activité E&P,AST,OF,1909,5,47915.94,bbl,26088.56,mscf
BMS,Activité E&P,AST,OF,1909,6,29912.66,bbl,167922.83,mscf
BMS,Activité E&P,AST,OF,1909,7,9299.91,bbl,72347.57,mscf
BMS,Activité E&P,AST,OF,1909,8,9974.12,bbl,143577.31,mscf
BMS,Activité E&P,AST,OF,1909,9,41177.46,bbl,168867.82,mscf
BMS,Activité E&P,AST,OF,1909,10,6238.29,bbl,88512.79,mscf
BMS,Activité E&P,AST,OF,1909,11,36975.2,bbl,147627.59,mscf
BMS,Activité E&P,AST,OF,1909,12,43777.37,bbl,30384.99,mscf
BMS,Activité E&P,AST,OF,1910,1,36429.02,bbl,44528.27,mscf
BMS,Activité E&P,AST,OF,1910,2,21346.23,bbl,105936.66,mscf
BMS,Activité E&P,AST,OF,1910,3,2986.09,bbl,86212.84,mscf
BMS,Activité E&P,AST,OF,1910,4,7259.05,bbl,64068.26,mscf
BMS,Activité E&P,AST,OF,1910,5,34234.42,bbl,39715.96,mscf
BMS,Activité E&P,AST,OF,1910,6,39225.5,bbl,184793.79,mscf
BMS,Activité E&P,AST,OF,1910,7,25617.39,bbl,17967.4,mscf
BMS,Activité E&P,AST,OF,1910,8,43255.9,bbl,15932.54,mscf
BMS,Activité E&P,AST,OF,1910,9,14704.11,bbl,29634.12,mscf
BMS,Activité E&P,AST,OF,1910,10,32081.55,bbl,140656.68,mscf
BMS,Activité E&P,AST,OF,1910,11,15386.87,bbl,34050.94,mscf
BMS,Activité E&P,AST,OF,1910,12,12243.98,bbl,190122.33,mscf
BMS,Activité E&P,AST,OF,1911,1,29392.68,bbl,193227.11,mscf
BMS,Activité E&P,AST,OF,1911,2,49046.5,bbl,27433.29,mscf
BMS,Activité E&P,AST,OF,1911,3,21949.35,bbl,90349.85,mscf
BMS,Activité E&P,AST,OF,1911,4,37197.29,bbl,134008.61,mscf
BMS,Activité E&P,AST,OF,1911,5,8315.18,bbl,37951.81,mscf
BMS,Activité E&P,AST,OF,1911,6,4187.53,bbl,117603.05,mscf
BMS,Activité E&P,AST,OF,1911,7,10272.28,bbl,159691.64,mscf
BMS,Activité E&P,AST,OF,1911,8,14625.01,bbl,25421.08,mscf
BMS,Activité E&P,AST,OF,1911,9,23665.9,bbl,160395.61,mscf
BMS,Activité E&P,AST,OF,1911,10,1391.94,bbl,177751.92,mscf
BMS,Activité E&P,AST,OF,1911,11,30892.73,bbl,89962.06,mscf
BMS,Activité E&P,AST,OF,1911,12,19238.81,bbl,63018.54,mscf
BMS,Activité E&P,AST,OF,1912,1,23280.67,bbl,37709.69,mscf
BMS,Activité E&P,AST,OF,1912,2,31856.39,bbl,191617.01,mscf
BMS,Activité E&P,AST,OF,1912,3,44325.43,bbl,111941.41,mscf
BMS,Activité E&P,AST,OF,1912,4,7755.89,bbl,123519.7,mscf
BMS,Activité E&P,AST,OF,1912,5,24611.51,bbl,172855.18,mscf
BMS,Activité E&P,AST,OF,1912,6,28328.04,bbl,79841.48,mscf
BMS,Activité E&P,AST,OF,1912,7,14142.44,bbl,184751.49,mscf
BMS,Activité E&P,AST,OF,1912,8,39844.76,bbl,131145.52,mscf
BMS,Activité E&P,AST,OF,1912,9,21030.52,bbl,87795.4,mscf
BMS,Activité E&P,AST,OF,1912,10,40542.75,bbl,54415.14,mscf
BMS,Activité E&P,AST,OF,1912,11,26152.36,bbl,44135.02,mscf
BMS,Activité E&P,AST,OF,1912,12,20982.57,bbl,13218.05,mscf
BMS,Activité E&P,AST,OF,1913,1,40803.9,bbl,191974.79,mscf
BMS,Activité E&P,AST,OF,1913,2,44395.91,bbl,163202.27,mscf
BMS,Activité E&P,AST,OF,1913,3,6292.31,bbl,145922.85,mscf
BMS,Activité E&P,AST,OF,1913,4,28843.46,bbl,113154.98,mscf
BMS,Activité E&P,AST,OF,1913,5,10624.21,bbl,51174.9,mscf
BMS,Activité E&P,AST,OF,1913,6,47032.57,bbl,114317.75,mscf
BMS,Activité E&P,AST,OF,1913,7,12598.88,bbl,98836.3,mscf
BMS,Activité E&P,AST,OF,1913,8,29380.39,bbl,113579.6,mscf
BMS,Activité E&P,AST,OF,1913,9,12647.62,bbl,21941.3,mscf
BMS,Activité E&P,AST,OF,1913,10,47396.58,bbl,76286.94,mscf
BMS,Activité E&P,AST,OF,1913,11,24945.48,bbl,139680.95,mscf
BMS,Activité E&P,AST,OF,1913,12,1752.57,bbl,77199.53,mscf
BMS,Activité E&P,AST,OF,1914,1,30323.65,bbl,31173.12,mscf
BMS,Activité E&P,AST,OF,1914,2,25470.33,bbl,79042.32,mscf
BMS,Activité E&P,AST,OF,1914,3,23005.66,bbl,143340.01,mscf
BMS,Activité E&P,AST,OF,1914,4,38961.6,bbl,50458.27,mscf
BMS,Activité E&P,AST,OF,1914,5,9674.13,bbl,199666.1,mscf
BMS,Activité E&P,AST,OF,1914,6,7976.94,bbl,85997.55,mscf
BMS,Activité E&P,AST,OF,1914,7,18487.87,bbl,156359.0,mscf
BMS,Activité E&P,AST,OF,1914,8,45348.33,bbl,154701.16,mscf
BMS,Activité E&P,AST,OF,1914,9,28328.73,bbl,187908.64,mscf
BMS,Activité E&P,AST,OF,1914,10,41693.78,bbl,113246.96,mscf
BMS,Activité E&P,AST,OF,1914,11,37704.93,bbl,173182.02,mscf
BMS,Activité E&P,AST,OF,1914,12,16448.79,bbl,26127.7,mscf
BMS,Activité E&P,AST,OF,1915,1,1610.03,bbl,50782.52,mscf
BMS,Activité E&P,AST,OF,1915,2,9465.14,bbl,166845.08,mscf
BMS,Activité E&P,AST,OF,1915,3,14547.58,bbl,41186.32,mscf
BMS,Activité E&P,AST,OF,1915,4,15382.58,bbl,112774.27,mscf
BMS,Activité E&P,AST,OF,1915,5,19574.35,bbl,28400.97,mscf
BMS,Activité E&P,AST,OF,1915,6,31805.69,bbl,88881.24,mscf
BMS,Activité E&P,AST,OF,1915,7,39472.65,bbl,187454.48,mscf
BMS,Activité E&P,AST,OF,1915,8,32323.89,bbl,75122.9,mscf
BMS,Activité E&P,AST,OF,1915,9,44222.69,bbl,177440.69,mscf
BMS,Activité E&P,AST,OF,1915,10,42382.41,bbl,40991.78,mscf
BMS,Activité E&P,AST,OF,1915,11,46754.72,bbl,153189.26,mscf
BMS,Activité E&P,AST,OF,1915,12,8787.57,bbl,22864.04,mscf
BMS,Activité E&P,AST,OF,1916,1,3703.24,bbl,64554.19,mscf
BMS,Activité E&P,AST,OF,1916,2,42766.45,bbl,50709.48,mscf
BMS,Activité E&P,AST,OF,1916,3,39657.07,bbl,120149.49,mscf
BMS,Activité E&P,AST,OF,1916,4,10289.68,bbl,28843.62,mscf
BMS,Activité E&P,AST,OF,1916,5,45726.38,bbl,32071.38,mscf
BMS,Activité E&P,AST,OF,1916,6,42903.44,bbl,105074.28,mscf
BMS,Activité E&P,AST,OF,1916,7,37808.32,bbl,11058.44,mscf
BMS,Activité E&P,AST,OF,1916,8,13120.4,bbl,161129.86,mscf
BMS,Activité E&P,AST,OF,1916,9,10596.3,bbl,81705.66,mscf
BMS,Activité E&P,AST,OF,1916,10,43958.15,bbl,34277.07,mscf
BMS,Activité E&P,AST,OF,1916,11,42792.06,bbl,53418.11,mscf
BMS,Activité E&P,AST,OF,1916,12,20504.85,bbl,188729.98,mscf
BMS,Activité E&P,AST,OF,1917,1,38269.54,bbl,122714.11,mscf
BMS,Activité E&P,AST,OF,1917,2,33497.85,bbl,132719.53,mscf
BMS,Activité E&P,AST,OF,1917,3,43173.99,bbl,38730.66,mscf
BMS,Activité E&P,AST,OF,1917,4,24294.41,bbl,136790.36,mscf
BMS,Activité E&P,AST,OF,1917,5,24610.06,bbl,119805.72,mscf
BMS,Activité E&P,AST,OF,1917,6,1429.08,bbl,65004.61,mscf
BMS,Activité E&P,AST,OF,1917,7,39873.09,bbl,42252.07,mscf
BMS,Activité E&P,AST,OF,1917,8,38897.39,bbl,24089.97,mscf
BMS,Activité E&P,AST,OF,1917,9,12113.66,bbl,195664.76,mscf
BMS,Activité E&P,AST,OF,1917,10,40184.17,bbl,88589.96,mscf
BMS,Activité E&P,AST,OF,1917,11,33099.54,bbl,141168.61,mscf
BMS,Activité E&P,AST,OF,1917,12,36437.28,bbl,94923.37,mscf
BMS,Activité E&P,AST,OF,1918,1,6007.77,bbl,126771.78,mscf
BMS,Activité E&P,AST,OF,1918,2,12670.92,bbl,146471.69,mscf
BMS,Activité E&P,AST,OF,1918,3,39941.94,bbl,72281.7,mscf
BMS,Activité E&P,AST,OF,1918,4,24521.47,bbl,18911.02,mscf
BMS,Activité E&P,AST,OF,1918,5,34623.26,bbl,15398.52,mscf
BMS,Activité E&P,AST,OF,1918,6,39783.68,bbl,172628.03,mscf
BMS,Activité E&P,AST,OF,1918,7,47464.84,bbl,88660.39,mscf
BMS,Activité E&P,AST,OF,1918,8,32136.11,bbl,109298.42,mscf
BMS,Activité E&P,AST,OF,1918,9,23152.21,bbl,12353.39,mscf
BMS,Activité E&P,AST,OF,1918,10,8330.45,bbl,38638.48,mscf
BMS,Activité E&P,AST,OF,1918,11,6232.31,bbl,45387.37,mscf
BMS,Activité E&P,AST,OF,1918,12,36292.79,bbl,34018.9,mscf
BMS,Activité E&P,AST,OF,1919,1,6806.72,bbl,12062.05,mscf
BMS,Activité E&P,AST,OF,1919,2,40159.94,bbl,179108.53,mscf
BMS,Activité E&P,AST,OF,1919,3,39464.86,bbl,148187.21,mscf
BMS,Activité E&P,AST,OF,1919,4,40195.51,bbl,30375.64,mscf
BMS,Activité E&P,AST,OF,1919,5,20602.86,bbl,103171.14,mscf
BMS,Activité E&P,AST,OF,1919,6,36692.49,bbl,159989.72,mscf
BMS,Activité E&P,AST,OF,1919,7,8534.34,bbl,161888.18,mscf
BMS,Activité E&P,AST,OF,1919,8,4610.67,bbl,155313.14,mscf
BMS,Activité E&P,AST,OF,1919,9,19609.1,bbl,14649.62,mscf
BMS,Activité E&P,AST,OF,1919,10,5171.05,bbl,5003.04,mscf
BMS,Activité E&P,AST,OF,1919,11,33559.26,bbl,110916.77,mscf
BMS,Activité E&P,AST,OF,1919,12,42920.5,bbl,95008.45,mscf
BMS,Activité E&P,AST,OF,1920,1,31219.45,bbl,58339.26,mscf
BMS,Activité E&P,AST,OF,1920,2,35141.82,bbl,189057.48,mscf
BMS,Activité E&P,AST,OF,1920,3,10399.68,bbl,133282.42,mscf
BMS,Activité E&P,AST,OF,1920,4,3062.9,bbl,186723.53,mscf
BMS,Activité E&P,AST,OF,1920,5,8835.41,bbl,124500.31,mscf
BMS,Activité E&P,AST,OF,1920,6,39549.1,bbl,189205.16,mscf
BMS,Activité E&P,AST,OF,1920,7,31764.92,bbl,78619.03,mscf
BMS,Activité E&P,AST,OF,1920,8,26475.45,bbl,137217.78,mscf
BMS,Activité E&P,AST,OF,1920,9,2997.27,bbl,177195.22,mscf
BMS,Activité E&P,AST,OF,1920,10,15133.64,bbl,146872.28,mscf
BMS,Activité E&P,AST,OF,1920,11,32953.99,bbl,54089.69,mscf
BMS,Activité E&P,AST,OF,1920,12,4743.55,bbl,16483.15,mscf
BMS,Activité E&P,AST,OF,1921,1,34231.26,bbl,101703.21,mscf
BMS,Activité E&P,AST,OF,1921,2,37739.2,bbl,56578.56,mscf
BMS,Activité E&P,AST,OF,1921,3,32878.53,bbl,38732.46,mscf
BMS,Activité E&P,AST,OF,1921,4,39214.86,bbl,169760.68,mscf
BMS,Activité E&P,AST,OF,1921,5,7624.02,bbl,83886.85,mscf
BMS,Activité E&P,AST,OF,1921,6,28041.82,bbl,86159.74,mscf
BMS,Activité E&P,AST,OF,1921,7,7602.75,bbl,83709.19,mscf
BMS,Activité E&P,AST,OF,1921,8,13672.74,bbl,162583.29,mscf
BMS,Activité E&P,AST,OF,1921,9,29107.8,bbl,159727.77,mscf
BMS,Activité E&P,AST,OF,1921,10,15161.28,bbl,27417.37,mscf
BMS,Activité E&P,AST,OF,1921,11,27023.47,bbl,130336.03,mscf
BMS,Activité E&P,AST,OF,1921,12,24820.75,bbl,116005.61,mscf
BMS,Activité E&P,AST,OF,1922,1,28885.7,bbl,8861.88,mscf
BMS,Activité E&P,AST,OF,1922,2,34897.16,bbl,114962.66,mscf
BMS,Activité E&P,AST,OF,1922,3,35105.6,bbl,127776.08,mscf
BMS,Activité E&P,AST,OF,1922,4,47196.6,bbl,12152.64,mscf
BMS,Activité E&P,AST,OF,1922,5,41036.03,bbl,155920.23,mscf
BMS,Activité E&P,AST,OF,1922,6,26194.69,bbl,26239.18,mscf
BMS,Activité E&P,AST,OF,1922,7,30192.95,bbl,39691.82,mscf
BMS,Activité E&P,AST,OF,1922,8,23369.28,bbl,51092.93,mscf
BMS,Activité E&P,AST,OF,1922,9,12380.84,bbl,91447.31,mscf
BMS,Activité E&P,AST,OF,1922,10,39932.14,bbl,194780.57,mscf
BMS,Activité E&P,AST,OF,1922,11,21699.9,bbl,45216.27,mscf
BMS,Activité E&P,AST,OF,1922,12,39193.5,bbl,77108.9,mscf
BMS,Activité E&P,AST,OF,1923,1,32754.85,bbl,54835.25,mscf
BMS,Activité E&P,AST,OF,1923,2,35381.64,bbl,143562.52,mscf
BMS,Activité E&P,AST,OF,1923,3,40591.63,bbl,56160.94,mscf
BMS,Activité E&P,AST,OF,1923,4,45276.98,bbl,80832.29,mscf
BMS,Activité E&P,AST,OF,1923,5,31255.18,bbl,143211.66,mscf
BMS,Activité E&P,AST,OF,1923,6,18686.73,bbl,59769.88,mscf
BMS,Activité E&P,AST,OF,1923,7,26494.36,bbl,174785.13,mscf
BMS,Activité E&P,AST,OF,1923,8,23049.39,bbl,5167.99,mscf
BMS,Activité E&P,AST,OF,1923,9,49243.48,bbl,162484.06,mscf
BMS,Activité E&P,AST,OF,1923,10,25548.63,bbl,98728.96,mscf
BMS,Activité E&P,AST,OF,1923,11,6051.94,bbl,79846.39,mscf
BMS,Activité E&P,AST,OF,1923,12,10823.97,bbl,106389.72,mscf
BMS,Activité E&P,AST,OF,1924,1,27533.6,bbl,154471.66,mscf
BMS,Activité E&P,AST,OF,1924,2,11286.4,bbl,26209.33,mscf
BMS,Activité E&P,AST,OF,1924,3,44543.89,bbl,108556.19,mscf
BMS,Activité E&P,AST,OF,1924,4,26228.94,bbl,144935.27,mscf
BMS,Activité E&P,AST,OF,1924,5,34904.4,bbl,80561.6,mscf
BMS,Activité E&P,AST,OF,1924,6,10925.78,bbl,174305.05,mscf
BMS,Activité E&P,AST,OF,1924,7,13645.57,bbl,63188.26,mscf
BMS,Activité E&P,AST,OF,1924,8,41009.01,bbl,123868.21,mscf
BMS,Activité E&P,AST,OF,1924,9,8334.72,bbl,164280.19,mscf
BMS,Activité E&P,AST,OF,1924,10,42990.28,bbl,51809.28,mscf
BMS,Activité E&P,AST,OF,1924,11,45034.21,bbl,90967.84,mscf
BMS,Activité E&P,AST,OF,1924,12,11748.63,bbl,22863.25,mscf
BMS,Activité E&P,AST,OF,1925,1,43572.53,bbl,139349.25,mscf
BMS,Activité E&P,AST,OF,1925,2,27612.52,bbl,153676.01,mscf
BMS,Activité E&P,AST,OF,1925,3,13051.05,bbl,86063.38,mscf
BMS,Activité E&P,AST,OF,1925,4,34176.35,bbl,110328.04,mscf
BMS,Activité E&P,AST,OF,1925,5,15736.06,bbl,24593.84,mscf
BMS,Activité E&P,AST,OF,1925,6,9576.98,bbl,140991.39,mscf
BMS,Activité E&P,AST,OF,1925,7,37367.46,bbl,189781.3,mscf
BMS,Activité E&P,AST,OF,1925,8,33084.0,bbl,198102.13,mscf
BMS,Activité E&P,AST,OF,1925,9,30018.36,bbl,104398.18,mscf
BMS,Activité E&P,AST,OF,1925,10,35133.45,bbl,48982.38,mscf
BMS,Activité E&P,AST,OF,1925,11,34748.34,bbl,145557.91,mscf
BMS,Activité E&P,AST,OF,1925,12,2241.42,bbl,126780.48,mscf
BMS,Activité E&P,AST,OF,1926,1,17123.77,bbl,56896.64,mscf
BMS,Activité E&P,AST,OF,1926,2,41574.17,bbl,63217.15,mscf
BMS,Activité E&P,AST,OF,1926,3,9786.32,bbl,152784.64,mscf
BMS,Activité E&P,AST,OF,1926,4,14917.81,bbl,94737.2,mscf
BMS,Activité E&P,AST,OF,1926,5,44978.82,bbl,22458.37,mscf
BMS,Activité E&P,AST,OF,1926,6,46544.52,bbl,148709.82,mscf
BMS,Activité E&P,AST,OF,1926,7,40440.42,bbl,130779.09,mscf
BMS,Activité E&P,AST,OF,1926,8,10358.18,bbl,89800.55,mscf
BMS,Activité E&P,AST,OF,1926,9,31015.2,bbl,199701.94,mscf
BMS,Activité E&P,AST,OF,1926,10,46138.85,bbl,139884.35,mscf
BMS,Activité E&P,AST,OF,1926,11,25863.33,bbl,46256.2,mscf
BMS,Activité E&P,AST,OF,1926,12,28348.27,bbl,150440.08,mscf
BMS,Activité E&P,AST,OF,1927,1,34849.43,bbl,80455.35,mscf
BMS,Activité E&P,AST,OF,1927,2,12426.72,bbl,145881.85,mscf
BMS,Activité E&P,AST,OF,1927,3,8345.06,bbl,181205.86,mscf
BMS,Activité E&P,AST,OF,1927,4,3975.22,bbl,41591.1,mscf
BMS,Activité E&P,AST,OF,1927,5,2709.43,bbl,149971.21,mscf
BMS,Activité E&P,AST,OF,1927,6,33159.03,bbl,11247.42,mscf
BMS,Activité E&P,AST,OF,1927,7,44817.54,bbl,163541.3,mscf
BMS,Activité E&P,AST,OF,1927,8,38839.95,bbl,119532.7,mscf
BMS,Activité E&P,AST,OF,1927,9,37484.4,bbl,169244.29,mscf
BMS,Activité E&P,AST,OF,1927,10,2590.11,bbl,147633.95,mscf
BMS,Activité E&P,AST,OF,1927,11,33046.34,bbl,68646.29,mscf
BMS,Activité E&P,AST,OF,1927,12,46177.48,bbl,138186.87,mscf
BMS,Activité E&P,AST,OF,1928,1,11632.08,bbl,132465.66,mscf
BMS,Activité E&P,AST,OF,1928,2,13916.96,bbl,101740.15,mscf
BMS,Activité E&P,AST,OF,1928,3,37385.91,bbl,119052.11,mscf
BMS,Activité E&P,AST,OF,1928,4,43651.42,bbl,163383.88,mscf
BMS,Activité E&P,AST,OF,1928,5,41212.05,bbl,104752.3,mscf
BMS,Activité E&P,AST,OF,1928,6,3249.62,bbl,178546.06,mscf
BMS,Activité E&P,AST,OF,1928,7,42786.2,bbl,57964.23,mscf
BMS,Activité E&P,AST,OF,1928,8,20195.03,bbl,10156.26,mscf
BMS,Activité E&P,AST,OF,1928,9,3439.49,bbl,11465.55,mscf
BMS,Activité E&P,AST,OF,1928,10,18445.82,bbl,84617.06,mscf
BMS,Activité E&P,AST,OF,1928,11,18131.73,bbl,134401.28,mscf
BMS,Activité E&P,AST,OF,1928,12,2850.26,bbl,152288.95,mscf
BMS,Activité E&P,AST,OF,1929,1,33613.66,bbl,44861.97,mscf
BMS,Activité E&P,AST,OF,1929,2,23930.77,bbl,39593.33,mscf
BMS,Activité E&P,AST,OF,1929,3,4172.96,bbl,165074.29,mscf
BMS,Activité E&P,AST,OF,1929,4,13058.11,bbl,111871.38,mscf
BMS,Activité E&P,AST,OF,1929,5,13649.59,bbl,14549.37,mscf
BMS,Activité E&P,AST,OF,1929,6,36465.93,bbl,178282.7,mscf
BMS,Activité E&P,AST,OF,1929,7,11197.24,bbl,189085.97,mscf
BMS,Activité E&P,AST,OF,1929,8,20145.28,bbl,151010.26,mscf
BMS,Activité E&P,AST,OF,1929,9,4550.64,bbl,142621.67,mscf
BMS,Activité E&P,AST,OF,1929,10,49707.38,bbl,162369.95,mscf
BMS,Activité E&P,AST,OF,1929,11,44423.93,bbl,198404.59,mscf
BMS,Activité E&P,AST,OF,1929,12,38498.97,bbl,5260.64,mscf
BMS,Activité E&P,AST,OF,1930,1,32791.31,bbl,62198.75,mscf
BMS,Activité E&P,AST,OF,1930,2,39712.5,bbl,78823.02,mscf
BMS,Activité E&P,AST,OF,1930,3,5233.98,bbl,50386.35,mscf
BMS,Activité E&P,AST,OF,1930,4,40958.88,bbl,89645.17,mscf
BMS,Activité E&P,AST,OF,1930,5,21341.86,bbl,100491.99,mscf
BMS,Activité E&P,AST,OF,1930,6,33155.3,bbl,33700.42,mscf
BMS,Activité E&P,AST,OF,1930,7,43292.22,bbl,69066.88,mscf
BMS,Activité E&P,AST,OF,1930,8,23175.22,bbl,168928.93,mscf
BMS,Activité E&P,AST,OF,1930,9,23253.02,bbl,135533.14,mscf
BMS,Activité E&P,AST,OF,1930,10,39978.8,bbl,34894.52,mscf
BMS,Activité E&P,AST,OF,1930,11,43892.93,bbl,62007.17,mscf
BMS,Activité E&P,AST,OF,1930,12,4860.05,bbl,31470.85,mscf
BMS,Activité E&P,AST,OF,1931,1,8940.59,bbl,98265.81,mscf
BMS,Activité E&P,AST,OF,1931,2,26899.88,bbl,190259.94,mscf
BMS,Activité E&P,AST,OF,1931,3,43924.96,bbl,103006.02,mscf
BMS,Activité E&P,AST,OF,1931,4,45113.17,bbl,32816.33,mscf
BMS,Activité E&P,AST,OF,1931,5,27331.75,bbl,18374.48,mscf
BMS,Activité E&P,AST,OF,1931,6,27683.61,bbl,26681.38,mscf
BMS,Activité E&P,AST,OF,1931,7,27699.07,bbl,132029.6,mscf
BMS,Activité E&P,AST,OF,1931,8,2166.04,bbl,48602.12,mscf
BMS,Activité E&P,AST,OF,1931,9,17282.74,bbl,10068.67,mscf
BMS,Activité E&P,AST,OF,1931,10,45604.34,bbl,65626.8,mscf
BMS,Activité E&P,AST,OF,1931,11,38894.05,bbl,82044.02,mscf
BMS,Activité E&P,AST,OF,1931,12,32359.21,bbl,83702.0,mscf
BMS,Activité E&P,AST,OF,1932,1,21407.95,bbl,152516.89,mscf
BMS,Activité E&P,AST,OF,1932,2,31339.61,bbl,15469.73,mscf
BMS,Activité E&P,AST,OF,1932,3,29086.91,bbl,39502.21,mscf
BMS,Activité E&P,AST,OF,1932,4,26331.28,bbl,36236.75,mscf
BMS,Activité E&P,AST,OF,1932,5,28460.69,bbl,166624.42,mscf
BMS,Activité E&P,AST,OF,1932,6,31625.06,bbl,126366.02,mscf
BMS,Activité E&P,AST,OF,1932,7,30164.6,bbl,122860.49,mscf
BMS,Activité E&P,AST,OF,1932,8,38557.73,bbl,148992.98,mscf
BMS,Activité E&P,AST,OF,1932,9,43331.67,bbl,14832.47,mscf
BMS,Activité E&P,AST,OF,1932,10,44169.01,bbl,195110.47,mscf
BMS,Activité E&P,AST,OF,1932,11,14407.33,bbl,35412.05,mscf
BMS,Activité E&P,AST,OF,1932,12,19399.87,bbl,172214.21,mscf
BMS,Activité E&P,AST,OF,1933,1,28271.76,bbl,152041.13,mscf
BMS,Activité E&P,AST,OF,1933,2,6318.66,bbl,153019.26,mscf
BMS,Activité E&P,AST,OF,1933,3,47398.31,bbl,154083.57,mscf
BMS,Activité E&P,AST,OF,1933,4,41521.97,bbl,131840.15,mscf
BMS,Activité E&P,AST,OF,1933,5,26561.24,bbl,131072.78,mscf
BMS,Activité E&P,AST,OF,1933,6,37324.45,bbl,155504.49,mscf
BMS,Activité E&P,AST,OF,1933,7,16956.71,bbl,68650.96,mscf
BMS,Activité E&P,AST,OF,1933,8,26238.29,bbl,151580.41,mscf
BMS,Activité E&P,AST,OF,1933,9,8613.73,bbl,72722.69,mscf
BMS,Activité E&P,AST,OF,1933,10,41053.37,bbl,129965.93,mscf
BMS,Activité E&P,AST,OF,1933,11,35418.98,bbl,93872.53,mscf
BMS,Activité E&P,AST,OF,1933,12,23859.97,bbl,188785.11,mscf
BMS,Activité E&P,AST,OF,1934,1,16884.59,bbl,142027.4,mscf
BMS,Activité E&P,AST,OF,1934,2,27629.91,bbl,57237.67,mscf
BMS,Activité E&P,AST,OF,1934,3,30306.6,bbl,93600.61,mscf
BMS,Activité E&P,AST,OF,1934,4,43030.84,bbl,29861.43,mscf
BMS,Activité E&P,AST,OF,1934,5,17101.84,bbl,5178.94,mscf
BMS,Activité E&P,AST,OF,1934,6,7432.43,bbl,52097.2,mscf
BMS,Activité E&P,AST,OF,1934,7,39862.69,bbl,51388.55,mscf
BMS,Activité E&P,AST,OF,1934,8,40373.87,bbl,24827.55,mscf
BMS,Activité E&P,AST,OF,1934,9,16359.37,bbl,60727.55,mscf
BMS,Activité E&P,AST,OF,1934,10,37858.82,bbl,139586.53,mscf
BMS,Activité E&P,AST,OF,1934,11,23586.8,bbl,173127.18,mscf
BMS,Activité E&P,AST,OF,1934,12,48308.1,bbl,93886.66,mscf
BMS,Activité E&P,AST,OF,1935,1,35289.44,bbl,26410.37,mscf
BMS,Activité E&P,AST,OF,1935,2,23423.84,bbl,6867.51,mscf
BMS,Activité E&P,AST,OF,1935,3,3202.89,bbl,65747.55,mscf
BMS,Activité E&P,AST,OF,1935,4,31591.29,bbl,92631.24,mscf
BMS,Activité E&P,AST,OF,1935,5,9409.81,bbl,161459.12,mscf
BMS,Activité E&P,AST,OF,1935,6,43428.42,bbl,175111.98,mscf
BMS,Activité E&P,AST,OF,1935,7,16277.41,bbl,13188.22,mscf
BMS,Activité E&P,AST,OF,1935,8,26316.52,bbl,186793.56,mscf
BMS,Activité E&P,AST,OF,1935,9,11131.26,bbl,193461.04,mscf
BMS,Activité E&P,AST,OF,1935,10,48078.62,bbl,127900.43,mscf
BMS,Activité E&P,AST,OF,1935,11,39699.33,bbl,32348.41,mscf
BMS,Activité E&P,AST,OF,1935,12,45011.33,bbl,168015.54,mscf
BMS,Activité E&P,AST,OF,1936,1,28328.99,bbl,32230.27,mscf
BMS,Activité E&P,AST,OF,1936,2,39750.65,bbl,143560.3,mscf
BMS,Activité E&P,AST,OF,1936,3,9808.38,bbl,47251.97,mscf
BMS,Activité E&P,AST,OF,1936,4,3395.66,bbl,119813.18,mscf
BMS,Activité E&P,AST,OF,1936,5,32908.6,bbl,181687.46,mscf
BMS,Activité E&P,AST,OF,1936,6,46477.15,bbl,95339.4,mscf
BMS,Activité E&P,AST,OF,1936,7,25773.54,bbl,93556.57,mscf
BMS,Activité E&P,AST,OF,1936,8,44498.59,bbl,174051.05,mscf
BMS,Activité E&P,AST,OF,1936,9,20673.21,bbl,174950.63,mscf
BMS,Activité E&P,AST,OF,1936,10,8550.18,bbl,92289.55,mscf
BMS,Activité E&P,AST,OF,1936,11,33399.94,bbl,176988.38,mscf
BMS,Activité E&P,AST,OF,1936,12,40480.73,bbl,197575.1,mscf
BMS,Activité E&P,AST,OF,1937,1,15528.92,bbl,174656.4,mscf
BMS,Activité E&P,AST,OF,1937,2,49786.82,bbl,80395.13,mscf
BMS,Activité E&P,AST,OF,1937,3,44481.86,bbl,73546.69,mscf
BMS,Activité E&P,AST,OF,1937,4,45664.74,bbl,139248.96,mscf
BMS,Activité E&P,AST,OF,1937,5,1829.24,bbl,47144.36,mscf
BMS,Activité E&P,AST,OF,1937,6,43273.16,bbl,40826.14,mscf
BMS,Activité E&P,AST,OF,1937,7,47317.12,bbl,103239.26,mscf
BMS,Activité E&P,AST,OF,1937,8,8758.67,bbl,120071.53,mscf
BMS,Activité E&P,AST,OF,1937,9,46803.29,bbl,182847.84,mscf
BMS,Activité E&P,AST,OF,1937,10,2196.97,bbl,112787.27,mscf
BMS,Activité E&P,AST,OF,1937,11,31162.66,bbl,198286.96,mscf
BMS,Activité E&P,AST,OF,1937,12,42049.95,bbl,118041.47,mscf
BMS,Activité E&P,AST,OF,1938,1,31272.07,bbl,147104.14,mscf
BMS,Activité E&P,AST,OF,1938,2,40121.56,bbl,29041.63,mscf
BMS,Activité E&P,AST,OF,1938,3,34110.5,bbl,6632.07,mscf
BMS,Activité E&P,AST,OF,1938,4,15867.12,bbl,111917.9,mscf
BMS,Activité E&P,AST,OF,1938,5,16327.85,bbl,103026.91,mscf
BMS,Activité E&P,AST,OF,1938,6,31770.07,bbl,103128.24,mscf
BMS,Activité E&P,AST,OF,1938,7,43672.23,bbl,31970.65,mscf
BMS,Activité E&P,AST,OF,1938,8,9944.64,bbl,112462.93,mscf
BMS,Activité E&P,AST,OF,1938,9,21846.26,bbl,161688.53,mscf
BMS,Activité E&P,AST,OF,1938,10,38818.38,bbl,44466.63,mscf
BMS,Activité E&P,AST,OF,1938,11,45634.11,bbl,22940.27,mscf
BMS,Activité E&P,AST,OF,1938,12,11371.95,bbl,167732.42,mscf
BMS,Activité E&P,AST,OF,1939,1,34921.98,bbl,60915.0,mscf
BMS,Activité E&P,AST,OF,1939,2,11743.75,bbl,182480.31,mscf
BMS,Activité E&P,AST,OF,1939,3,33927.87,bbl,158850.64,mscf
BMS,Activité E&P,AST,OF,1939,4,12905.8,bbl,133619.52,mscf
BMS,Activité E&P,AST,OF,1939,5,31026.04,bbl,53121.69,mscf
BMS,Activité E&P,AST,OF,1939,6,12534.96,bbl,104633.97,mscf
BMS,Activité E&P,AST,OF,1939,7,20634.55,bbl,87595.99,mscf
BMS,Activité E&P,AST,OF,1939,8,10056.65,bbl,86121.13,mscf
BMS,Activité E&P,AST,OF,1939,9,28595.26,bbl,9147.51,mscf
BMS,Activité E&P,AST,OF,1939,10,33268.24,bbl,103660.84,mscf
BMS,Activité E&P,AST,OF,1939,11,10830.9,bbl,130100.59,mscf
BMS,Activité E&P,AST,OF,1939,12,46088.79,bbl,171492.36,mscf
BMS,Activité E&P,AST,OF,1940,1,14327.52,bbl,172058.33,mscf
BMS,Activité E&P,AST,OF,1940,2,43273.69,bbl,191874.59,mscf
BMS,Activité E&P,AST,OF,1940,3,34387.4,bbl,25020.48,mscf
BMS,Activité E&P,AST,OF,1940,4,4359.99,bbl,36595.91,mscf
BMS,Activité E&P,AST,OF,1940,5,15821.02,bbl,77776.12,mscf
BMS,Activité E&P,AST,OF,1940,6,8608.26,bbl,128889.34,mscf
BMS,Activité E&P,AST,OF,1940,7,23946.67,bbl,170289.82,mscf
BMS,Activité E&P,AST,OF,1940,8,20538.8,bbl,121418.35,mscf
BMS,Activité E&P,AST,OF,1940,9,13339.64,bbl,119918.18,mscf
BMS,Activité E&P,AST,OF,1940,10,12435.32,bbl,62926.15,mscf
BMS,Activité E&P,AST,OF,1940,11,18055.53,bbl,98614.51,mscf
BMS,Activité E&P,AST,OF,1940,12,11275.75,bbl,127464.38,mscf
BMS,Activité E&P,AST,OF,1941,1,17987.7,bbl,95106.69,mscf
BMS,Activité E&P,AST,OF,1941,2,34737.29,bbl,178368.48,mscf
BMS,Activité E&P,AST,OF,1941,3,18189.96,bbl,108203.22,mscf
BMS,Activité E&P,AST,OF,1941,4,31576.43,bbl,183614.92,mscf
BMS,Activité E&P,AST,OF,1941,5,37646.86,bbl,93665.62,mscf
BMS,Activité E&P,AST,OF,1941,6,35363.04,bbl,162284.79,mscf
BMS,Activité E&P,AST,OF,1941,7,33833.26,bbl,40418.03,mscf
BMS,Activité E&P,AST,OF,1941,8,28455.61,bbl,67282.5,mscf
BMS,Activité E&P,AST,OF,1941,9,46788.47,bbl,53508.36,mscf
BMS,Activité E&P,AST,OF,1941,10,32014.31,bbl,76356.97,mscf
BMS,Activité E&P,AST,OF,1941,11,47710.21,bbl,182998.13,mscf
BMS,Activité E&P,AST,OF,1941,12,24134.16,bbl,144690.15,mscf
BMS,Activité E&P,AST,OF,1942,1,10676.65,bbl,122420.11,mscf
BMS,Activité E&P,AST,OF,1942,2,4405.95,bbl,5279.7,mscf
BMS,Activité E&P,AST,OF,1942,3,23696.74,bbl,174806.87,mscf
BMS,Activité E&P,AST,OF,1942,4,45663.57,bbl,74331.1,mscf
BMS,Activité E&P,AST,OF,1942,5,27223.6,bbl,70703.84,mscf
BMS,Activité E&P,AST,OF,1942,6,33837.71,bbl,12770.89,mscf
BMS,Activité E&P,AST,OF,1942,7,18987.71,bbl,162062.27,mscf
BMS,Activité E&P,AST,OF,1942,8,1596.95,bbl,142949.92,mscf
BMS,Activité E&P,AST,OF,1942,9,29261.99,bbl,186908.43,mscf
BMS,Activité E&P,AST,OF,1942,10,37259.51,bbl,164215.23,mscf
BMS,Activité E&P,AST,OF,1942,11,16852.68,bbl,30550.06,mscf
BMS,Activité E&P,AST,OF,1942,12,28510.21,bbl,74797.5,mscf
BMS,Activité E&P,AST,OF,1943,1,31551.27,bbl,125063.94,mscf
BMS,Activité E&P,AST,OF,1943,2,17941.07,bbl,192710.42,mscf
BMS,Activité E&P,AST,OF,1943,3,43528.69,bbl,168173.83,mscf
BMS,Activité E&P,AST,OF,1943,4,26661.22,bbl,7015.27,mscf
BMS,Activité E&P,AST,OF,1943,5,42957.12,bbl,182437.38,mscf
BMS,Activité E&P,AST,OF,1943,6,27844.68,bbl,32755.49,mscf
BMS,Activité E&P,AST,OF,1943,7,8950.96,bbl,28528.36,mscf
BMS,Activité E&P,AST,OF,1943,8,28263.05,bbl,145045.06,mscf
BMS,Activité E&P,AST,OF,1943,9,8114.95,bbl,37435.19,mscf
BMS,Activité E&P,AST,OF,1943,10,12173.83,bbl,159802.57,mscf
BMS,Activité E&P,AST,OF,1943,11,40642.57,bbl,41797.26,mscf
BMS,Activité E&P,AST,OF,1943,12,19941.11,bbl,135856.65,mscf
BMS,Activité E&P,AST,OF,1944,1,48347.98,bbl,164387.12,mscf
BMS,Activité E&P,AST,OF,1944,2,30158.84,bbl,18804.94,mscf
BMS,Activité E&P,AST,OF,1944,3,40580.83,bbl,151013.79,mscf
BMS,Activité E&P,AST,OF,1944,4,7719.88,bbl,177864.08,mscf
BMS,Activité E&P,AST,OF,1944,5,19344.79,bbl,100277.29,mscf
BMS,Activité E&P,AST,OF,1944,6,8556.27,bbl,88820.26,mscf
BMS,Activité E&P,AST,OF,1944,7,25333.9,bbl,44561.86,mscf
BMS,Activité E&P,AST,OF,1944,8,6535.53,bbl,65165.86,mscf
BMS,Activité E&P,AST,OF,1944,9,38658.52,bbl,83522.82,mscf
BMS,Activité E&P,AST,OF,1944,10,22763.75,bbl,30025.27,mscf
BMS,Activité E&P,AST,OF,1944,11,10187.07,bbl,190896.52,mscf
BMS,Activité E&P,AST,OF,1944,12,11688.15,bbl,189919.75,mscf
BMS,Activité E&P,AST,OF,1945,1,17180.92,bbl,42355.92,mscf
BMS,Activité E&P,AST,OF,1945,2,48961.08,bbl,188593.99,mscf
BMS,Activité E&P,AST,OF,1945,3,13185.21,bbl,184683.3,mscf
BMS,Activité E&P,AST,OF,1945,4,43225.62,bbl,93786.68,mscf
BMS,Activité E&P,AST,OF,1945,5,1672.13,bbl,21538.44,mscf
BMS,Activité E&P,AST,OF,1945,6,31651.6,bbl,173050.76,mscf
BMS,Activité E&P,AST,OF,1945,7,28229.57,bbl,73524.17,mscf
BMS,Activité E&P,AST,OF,1945,8,23518.02,bbl,59568.92,mscf
BMS,Activité E&P,AST,OF,1945,9,14419.69,bbl,58090.76,mscf
BMS,Activité E&P,AST,OF,1945,10,28307.45,bbl,74653.37,mscf
BMS,Activité E&P,AST,OF,1945,11,44752.85,bbl,190312.63,mscf
BMS,Activité E&P,AST,OF,1945,12,24220.85,bbl,45289.45,mscf
BMS,Activité E&P,AST,OF,1946,1,24463.72,bbl,18953.45,mscf
BMS,Activité E&P,AST,OF,1946,2,33944.37,bbl,83439.8,mscf
BMS,Activité E&P,AST,OF,1946,3,12950.54,bbl,147070.46,mscf
BMS,Activité E&P,AST,OF,1946,4,34721.72,bbl,195890.97,mscf
BMS,Activité E&P,AST,OF,1946,5,38762.74,bbl,120895.18,mscf
BMS,Activité E&P,AST,OF,1946,6,39331.55,bbl,18811.01,mscf
BMS,Activité E&P,AST,OF,1946,7,24598.92,bbl,70978.36,mscf
BMS,Activité E&P,AST,OF,1946,8,11395.33,bbl,159052.14,mscf
BMS,Activité E&P,AST,OF,1946,9,40170.64,bbl,193361.69,mscf
BMS,Activité E&P,AST,OF,1946,10,23255.42,bbl,181989.3,mscf
BMS,Activité E&P,AST,OF,1946,11,10378.7,bbl,57311.75,mscf
BMS,Activité E&P,AST,OF,1946,12,14958.65,bbl,139930.05,mscf
BMS,Activité E&P,AST,OF,1947,1,37197.42,bbl,175119.87,mscf
BMS,Activité E&P,AST,OF,1947,2,24096.39,bbl,169866.88,mscf
BMS,Activité E&P,AST,OF,1947,3,27950.03,bbl,172925.71,mscf
BMS,Activité E&P,AST,OF,1947,4,42347.36,bbl,107354.46,mscf
BMS,Activité E&P,AST,OF,1947,5,6470.55,bbl,183288.71,mscf
BMS,Activité E&P,AST,OF,1947,6,30218.94,bbl,41162.76,mscf
BMS,Activité E&P,AST,OF,1947,7,9607.98,bbl,46020.67,mscf
BMS,Activité E&P,AST,OF,1947,8,14466.29,bbl,87421.08,mscf
BMS,Activité E&P,AST,OF,1947,9,24891.29,bbl,136405.39,mscf
BMS,Activité E&P,AST,OF,1947,10,24252.89,bbl,156188.71,mscf
BMS,Activité E&P,AST,OF,1947,11,2547.1,bbl,28151.61,mscf
BMS,Activité E&P,AST,OF,1947,12,49597.83,bbl,158454.49,mscf
BMS,Activité E&P,AST,OF,1948,1,29927.65,bbl,108826.76,mscf
BMS,Activité E&P,AST,OF,1948,2,18841.68,bbl,174926.51,mscf
BMS,Activité E&P,AST,OF,1948,3,14632.64,bbl,67495.12,mscf
BMS,Activité E&P,AST,OF,1948,4,17188.16,bbl,166814.37,mscf
BMS,Activité E&P,AST,OF,1948,5,5613.07,bbl,195952.06,mscf
BMS,Activité E&P,AST,OF,1948,6,30806.96,bbl,128640.64,mscf
BMS,Activité E&P,AST,OF,1948,7,9109.76,bbl,168433.32,mscf
BMS,Activité E&P,AST,OF,1948,8,24002.85,bbl,14979.11,mscf
BMS,Activité E&P,AST,OF,1948,9,45213.83,bbl,163328.08,mscf
BMS,Activité E&P,AST,OF,1948,10,12295.9,bbl,125488.93,mscf
BMS,Activité E&P,AST,OF,1948,11,38779.94,bbl,159257.44,mscf
BMS,Activité E&P,AST,OF,1948,12,15418.03,bbl,85441.09,mscf
BMS,Activité E&P,AST,OF,1949,1,19995.48,bbl,121927.08,mscf
BMS,Activité E&P,AST,OF,1949,2,22175.28,bbl,55408.36,mscf
BMS,Activité E&P,AST,OF,1949,3,12371.43,bbl,149661.96,mscf
BMS,Activité E&P,AST,OF,1949,4,18545.22,bbl,15587.61,mscf
BMS,Activité E&P,AST,OF,1949,5,49175.19,bbl,71875.8,mscf
BMS,Activité E&P,AST,OF,1949,6,14764.99,bbl,165355.76,mscf
BMS,Activité E&P,AST,OF,1949,7,32969.51,bbl,48135.84,mscf
BMS,Activité E&P,AST,OF,1949,8,46560.44,bbl,75711.19,mscf
BMS,Activité E&P,AST,OF,1949,9,6438.91,bbl,140414.42,mscf
BMS,Activité E&P,AST,OF,1949,10,30859.62,bbl,101875.36,mscf
BMS,Activité E&P,AST,OF,1949,11,11832.44,bbl,193838.51,mscf
BMS,Activité E&P,AST,OF,1949,12,1911.09,bbl,152027.05,mscf
GSS,Activité E&P,AST,OF,1900,1,22965.28,bbl,82817.03,mscf
GSS,Activité E&P,AST,OF,1900,2,42390.35,bbl,21209.11,mscf
GSS,Activité E&P,AST,OF,1900,3,48503.12,bbl,76583.28,mscf
GSS,Activité E&P,AST,OF,1900,4,15419.65,bbl,101738.41,mscf
GSS,Activité E&P,AST,OF,1900,5,6191.59,bbl,44383.25,mscf
GSS,Activité E&P,AST,OF,1900,6,21184.2,bbl,76637.36,mscf
GSS,Activité E&P,AST,OF,1900,7,11438.55,bbl,141482.22,mscf
GSS,Activité E&P,AST,OF,1900,8,47938.83,bbl,116411.07,mscf
GSS,Activité E&P,AST,OF,1900,9,9958.53,bbl,165006.86,mscf
GSS,Activité E&P,AST,OF,1900,10,17894.65,bbl,115886.94,mscf
GSS,Activité E&P,AST,OF,1900,11,38439.42,bbl,24164.38,mscf
GSS,Activité E&P,AST,OF,1900,12,39392.57,bbl,72025.61,mscf
GSS,Activité E&P,AST,OF,1901,1,5597.68,bbl,89822.82,mscf
GSS,Activité E&P,AST,OF,1901,2,25155.7,bbl,93437.45,mscf
GSS,Activité E&P,AST,OF,1901,3,34883.25,bbl,122793.05,mscf
GSS,Activité E&P,AST,OF,1901,4,12159.25,bbl,114583.98,mscf
GSS,Activité E&P,AST,OF,1901,5,37416.87,bbl,26712.46,mscf
GSS,Activité E&P,AST,OF,1901,6,37838.07,bbl,7069.91,mscf
GSS,Activité E&P,AST,OF,1901,7,49299.02,bbl,126239.44,mscf
GSS,Activité E&P,AST,OF,1901,8,23953.42,bbl,169293.48,mscf
GSS,Activité E&P,AST,OF,1901,9,4700.16,bbl,136498.3,mscf
GSS,Activité E&P,AST,OF,1901,10,32542.52,bbl,69367.93,mscf
GSS,Activité E&P,AST,OF,1901,11,42784.98,bbl,169745.48,mscf
GSS,Activité E&P,AST,OF,1901,12,21477.64,bbl,155963.07,mscf
GSS,Activité E&P,AST,OF,1902,1,24771.23,bbl,194507.7,mscf
GSS,Activité E&P,AST,OF,1902,2,42424.5,bbl,188546.94,mscf
GSS,Activité E&P,AST,OF,1902,3,13497.23,bbl,185743.87,mscf
GSS,Activité E&P,AST,OF,1902,4,32069.82,bbl,138177.63,mscf
GSS,Activité E&P,AST,OF,1902,5,37620.56,bbl,93449.16,mscf
GSS,Activité E&P,AST,OF,1902,6,26053.13,bbl,24118.12,mscf
GSS,Activité E&P,AST,OF,1902,7,32600.58,bbl,193244.26,mscf
GSS,Activité E&P,AST,OF,1902,8,6127.3,bbl,79767.36,mscf
GSS,Activité E&P,AST,OF,1902,9,2615.76,bbl,188318.82,mscf
GSS,Activité E&P,AST,OF,1902,10,10050.37,bbl,62393.89,mscf
GSS,Activité E&P,AST,OF,1902,11,49814.98,bbl,105381.42,mscf
GSS,Activité E&P,AST,OF,1902,12,22171.28,bbl,32731.43,mscf
GSS,Activité E&P,AST,OF,1903,1,9895.84,bbl,153952.72,mscf
GSS,Activité E&P,AST,OF,1903,2,19428.27,bbl,183002.79,mscf
GSS,Activité E&P,AST,OF,1903,3,7602.98,bbl,156645.48,mscf
GSS,Activité E&P,AST,OF,1903,4,25222.68,bbl,104880.88,mscf
GSS,Activité E&P,AST,OF,1903,5,8876.92,bbl,198920.35,mscf
GSS,Activité E&P,AST,OF,1903,6,2402.51,bbl,167363.05,mscf
GSS,Activité E&P,AST,OF,1903,7,36512.08,bbl,43664.69,mscf
GSS,Activité E&P,AST,OF,1903,8,28093.5,bbl,82617.14,mscf
GSS,Activité E&P,AST,OF,1903,9,25722.99,bbl,199924.65,mscf
GSS,Activité E&P,AST,OF,1903,10,14304.84,bbl,132372.83,mscf
GSS,Activité E&P,AST,OF,1903,11,45081.78,bbl,100548.68,mscf
GSS,Activité E&P,AST,OF,1903,12,38206.59,bbl,122849.65,mscf
GSS,Activité E&P,AST,OF,1904,1,30495.68,bbl,10101.72,mscf
GSS,Activité E&P,AST,OF,1904,2,9669.56,bbl,192772.03,mscf
GSS,Activité E&P,AST,OF,1904,3,23556.14,bbl,69895.26,mscf
GSS,Activité E&P,AST,OF,1904,4,18214.56,bbl,162669.27,mscf
GSS,Activité E&P,AST,OF,1904,5,48844.84,bbl,108396.99,mscf
GSS,Activité E&P,AST,OF,1904,6,26383.04,bbl,142307.02,mscf
GSS,Activité E&P,AST,OF,1904,7,37119.77,bbl,191493.17,mscf
GSS,Activité E&P,AST,OF,1904,8,29981.44,bbl,189321.39,mscf
GSS,Activité E&P,AST,OF,1904,9,20300.27,bbl,53147.66,mscf
GSS,Activité E&P,AST,OF,1904,10,14152.04,bbl,78899.78,mscf
GSS,Activité E&P,AST,OF,1904,11,45875.93,bbl,109907.83,mscf
GSS,Activité E&P,AST,OF,1904,12,45366.47,bbl,129068.13,mscf
GSS,Activité E&P,AST,OF,1905,1,6987.86,bbl,57050.34,mscf
GSS,Activité E&P,AST,OF,1905,2,1422.96,bbl,28914.86,mscf
GSS,Activité E&P,AST,OF,1905,3,14013.77,bbl,188805.55,mscf
GSS,Activité E&P,AST,OF,1905,4,33251.54,bbl,59884.64,mscf
GSS,Activité E&P,AST,OF,1905,5,5384.87,bbl,64226.64,mscf
GSS,Activité E&P,AST,OF,1905,6,11773.22,bbl,177399.53,mscf
GSS,Activité E&P,AST,OF,1905,7,5411.26,bbl,98123.55,mscf
GSS,Activité E&P,AST,OF,1905,8,1656.02,bbl,135959.62,mscf
GSS,Activité E&P,AST,OF,1905,9,19369.74,bbl,159851.25,mscf
GSS,Activité E&P,AST,OF,1905,10,23137.51,bbl,37569.12,mscf
GSS,Activité E&P,AST,OF,1905,11,13467.04,bbl,141696.33,mscf
GSS,Activité E&P,AST,OF,1905,12,43699.58,bbl,68131.07,mscf
GSS,Activité E&P,AST,OF,1906,1,18992.74,bbl,34841.98,mscf
GSS,Activité E&P,AST,OF,1906,2,9115.29,bbl,100124.45,mscf
GSS,Activité E&P,AST,OF,1906,3,23389.99,bbl,195878.16,mscf
GSS,Activité E&P,AST,OF,1906,4,17313.61,bbl,161799.26,mscf
GSS,Activité E&P,AST,OF,1906,5,47070.36,bbl,10073.7,mscf
GSS,Activité E&P,AST,OF,1906,6,28887.15,bbl,146293.19,mscf
GSS,Activité E&P,AST,OF,1906,7,14804.95,bbl,166906.61,mscf
GSS,Activité E&P,AST,OF,1906,8,20221.95,bbl,195790.99,mscf
GSS,Activité E&P,AST,OF,1906,9,13453.96,bbl,66577.35,mscf
GSS,Activité E&P,AST,OF,1906,10,7872.19,bbl,111578.88,mscf
GSS,Activité E&P,AST,OF,1906,11,35448.8,bbl,114625.25,mscf
GSS,Activité E&P,AST,OF,1906,12,37956.04,bbl,66106.34,mscf
GSS,Activité E&P,AST,OF,1907,1,15976.9,bbl,146534.6,mscf
GSS,Activité E&P,AST,OF,1907,2,42376.77,bbl,136713.58,mscf
GSS,Activité E&P,AST,OF,1907,3,15406.14,bbl,159289.69,mscf
GSS,Activité E&P,AST,OF,1907,4,36286.88,bbl,191470.54,mscf
GSS,Activité E&P,AST,OF,1907,5,43736.21,bbl,15407.48,mscf
GSS,Activité E&P,AST,OF,1907,6,11701.42,bbl,115951.44,mscf
GSS,Activité E&P,AST,OF,1907,7,31498.46,bbl,141377.24,mscf
GSS,Activité E&P,AST,OF,1907,8,7291.6,bbl,132645.57,mscf
GSS,Activité E&P,AST,OF,1907,9,34013.31,bbl,105482.72,mscf
GSS,Activité E&P,AST,OF,1907,10,12932.01,bbl,113629.66,mscf
GSS,Activité E&P,AST,OF,1907,11,7447.19,bbl,194332.7,mscf
GSS,Activité E&P,AST,OF,1907,12,44142.59,bbl,190658.49,mscf
GSS,Activité E&P,AST,OF,1908,1,35287.82,bbl,94117.53,mscf
GSS,Activité E&P,AST,OF,1908,2,14167.35,bbl,161664.59,mscf
GSS,Activité E&P,AST,OF,1908,3,14154.99,bbl,167598.59,mscf
GSS,Activité E&P,AST,OF,1908,4,3221.56,bbl,95876.21,mscf
GSS,Activité E&P,AST,OF,1908,5,38049.58,bbl,186125.42,mscf
GSS,Activité E&P,AST,OF,1908,6,17885.01,bbl,75395.3,mscf
GSS,Activité E&P,AST,OF,1908,7,17480.78,bbl,19823.78,mscf
GSS,Activité E&P,AST,OF,1908,8,33617.3,bbl,12642.21,mscf
GSS,Activité E&P,AST,OF,1908,9,13108.91,bbl,64212.11,mscf
GSS,Activité E&P,AST,OF,1908,10,28058.44,bbl,103658.62,mscf
GSS,Activité E&P,AST,OF,1908,11,4253.07,bbl,30856.76,mscf
GSS,Activité E&P,AST,OF,1908,12,33535.01,bbl,184534.06,mscf
GSS,Activité E&P,AST,OF,1909,1,43190.48,bbl,88162.49,mscf
GSS,Activité E&P,AST,OF,1909,2,43632.99,bbl,23756.53,mscf
GSS,Activité E&P,AST,OF,1909,3,24558.04,bbl,72138.39,mscf
GSS,Activité E&P,AST,OF,1909,4,26507.4,bbl,109411.23,mscf
GSS,Activité E&P,AST,OF,1909,5,17336.93,bbl,28249.42,mscf
GSS,Activité E&P,AST,OF,1909,6,33339.09,bbl,160935.02,mscf
GSS,Activité E&P,AST,OF,1909,7,13376.77,bbl,151460.72,mscf
GSS,Activité E&P,AST,OF,1909,8,14480.13,bbl,12580.92,mscf
GSS,Activité E&P,AST,OF,1909,9,17157.62,bbl,14514.22,mscf
GSS,Activité E&P,AST,OF,1909,10,27121.8,bbl,75758.8,mscf
GSS,Activité E&P,AST,OF,1909,11,33264.59,bbl,125933.75,mscf
GSS,Activité E&P,AST,OF,1909,12,1291.18,bbl,191052.04,mscf
GSS,Activité E&P,AST,OF,1910,1,43142.45,bbl,98054.22,mscf
GSS,Activité E&P,AST,OF,1910,2,45763.13,bbl,46120.73,mscf
GSS,Activité E&P,AST,OF,1910,3,31293.18,bbl,86034.96,mscf
GSS,Activité E&P,AST,OF,1910,4,19955.9,bbl,62234.77,mscf
GSS,Activité E&P,AST,OF,1910,5,33691.9,bbl,177229.45,mscf
GSS,Activité E&P,AST,OF,1910,6,20507.16,bbl,62229.81,mscf
GSS,Activité E&P,AST,OF,1910,7,16788.76,bbl,93393.75,mscf
GSS,Activité E&P,AST,OF,1910,8,49910.44,bbl,175401.07,mscf
GSS,Activité E&P,AST,OF,1910,9,28657.75,bbl,94307.34,mscf
GSS,Activité E&P,AST,OF,1910,10,27037.97,bbl,14404.01,mscf
GSS,Activité E&P,AST,OF,1910,11,23561.91,bbl,100668.98,mscf
GSS,Activité E&P,AST,OF,1910,12,38614.72,bbl,146720.57,mscf
GSS,Activité E&P,AST,OF,1911,1,45190.59,bbl,82005.01,mscf
GSS,Activité E&P,AST,OF,1911,2,9815.76,bbl,139117.95,mscf
GSS,Activité E&P,AST,OF,1911,3,48178.22,bbl,49991.82,mscf
GSS,Activité E&P,AST,OF,1911,4,24020.32,bbl,29065.29,mscf
GSS,Activité E&P,AST,OF,1911,5,16596.25,bbl,163231.41,mscf
GSS,Activité E&P,AST,OF,1911,6,1081.09,bbl,109624.62,mscf
GSS,Activité E&P,AST,OF,1911,7,23652.45,bbl,48618.6,mscf
GSS,Activité E&P,AST,OF,1911,8,27478.92,bbl,140667.92,mscf
GSS,Activité E&P,AST,OF,1911,9,15421.18,bbl,7507.8,mscf
GSS,Activité E&P,AST,OF,1911,10,22206.92,bbl,28188.24,mscf
GSS,Activité E&P,AST,OF,1911,11,8282.52,bbl,43711.55,mscf
GSS,Activité E&P,AST,OF,1911,12,22289.26,bbl,145468.33,mscf
GSS,Activité E&P,AST,OF,1912,1,48564.81,bbl,101855.0,mscf
GSS,Activité E&P,AST,OF,1912,2,26692.69,bbl,192536.95,mscf
GSS,Activité E&P,AST,OF,1912,3,8073.63,bbl,106839.51,mscf
GSS,Activité E&P,AST,OF,1912,4,10363.51,bbl,120038.86,mscf
GSS,Activité E&P,AST,OF,1912,5,39106.04,bbl,8422.99,mscf
GSS,Activité E&P,AST,OF,1912,6,20546.32,bbl,30909.02,mscf
GSS,Activité E&P,AST,OF,1912,7,7339.54,bbl,199364.78,mscf
GSS,Activité E&P,AST,OF,1912,8,46271.0,bbl,109605.38,mscf
GSS,Activité E&P,AST,OF,1912,9,38679.76,bbl,169165.96,mscf
GSS,Activité E&P,AST,OF,1912,10,43406.37,bbl,47015.17,mscf
GSS,Activité E&P,AST,OF,1912,11,17621.01,bbl,18293.85,mscf
GSS,Activité E&P,AST,OF,1912,12,5587.95,bbl,5545.47,mscf
GSS,Activité E&P,AST,OF,1913,1,1505.45,bbl,116989.99,mscf
GSS,Activité E&P,AST,OF,1913,2,28424.1,bbl,16534.19,mscf
GSS,Activité E&P,AST,OF,1913,3,40826.82,bbl,112040.16,mscf
GSS,Activité E&P,AST,OF,1913,4,17909.72,bbl,185042.59,mscf
GSS,Activité E&P,AST,OF,1913,5,28070.83,bbl,16326.22,mscf
GSS,Activité E&P,AST,OF,1913,6,9452.28,bbl,19159.56,mscf
GSS,Activité E&P,AST,OF,1913,7,43046.7,bbl,59900.92,mscf
GSS,Activité E&P,AST,OF,1913,8,15449.22,bbl,6527.64,mscf
GSS,Activité E&P,AST,OF,1913,9,4931.85,bbl,149740.67,mscf
GSS,Activité E&P,AST,OF,1913,10,28394.52,bbl,122747.1,mscf
GSS,Activité E&P,AST,OF,1913,11,13514.43,bbl,113269.3,mscf
GSS,Activité E&P,AST,OF,1913,12,13636.63,bbl,97421.71,mscf
GSS,Activité E&P,AST,OF,1914,1,25160.19,bbl,18089.89,mscf
GSS,Activité E&P,AST,OF,1914,2,4609.62,bbl,197774.74,mscf
GSS,Activité E&P,AST,OF,1914,3,24916.03,bbl,123274.84,mscf
GSS,Activité E&P,AST,OF,1914,4,12090.29,bbl,181565.88,mscf
GSS,Activité E&P,AST,OF,1914,5,16603.38,bbl,108705.5,mscf
GSS,Activité E&P,AST,OF,1914,6,24659.19,bbl,155885.83,mscf
GSS,Activité E&P,AST,OF,1914,7,27556.02,bbl,19285.67,mscf
GSS,Activité E&P,AST,OF,1914,8,37057.18,bbl,81766.55,mscf
GSS,Activité E&P,AST,OF,1914,9,7565.22,bbl,88941.44,mscf
GSS,Activité E&P,AST,OF,1914,10,5409.41,bbl,118088.28,mscf
GSS,Activité E&P,AST,OF,1914,11,17673.71,bbl,158918.38,mscf
GSS,Activité E&P,AST,OF,1914,12,22527.3,bbl,91453.67,mscf
GSS,Activité E&P,AST,OF,1915,1,47078.07,bbl,99769.77,mscf
GSS,Activité E&P,AST,OF,1915,2,27290.4,bbl,160311.18,mscf
GSS,Activité E&P,AST,OF,1915,3,38267.14,bbl,138801.35,mscf
GSS,Activité E&P,AST,OF,1915,4,41628.36,bbl,160256.98,mscf
GSS,Activité E&P,AST,OF,1915,5,29812.52,bbl,110616.52,mscf
GSS,Activité E&P,AST,OF,1915,6,9899.19,bbl,189624.19,mscf
GSS,Activité E&P,AST,OF,1915,7,7883.2,bbl,148281.93,mscf
GSS,Activité E&P,AST,OF,1915,8,45927.94,bbl,143303.96,mscf
GSS,Activité E&P,AST,OF,1915,9,6236.16,bbl,14955.48,mscf
GSS,Activité E&P,AST,OF,1915,10,29955.74,bbl,183323.45,mscf
GSS,Activité E&P,AST,OF,1915,11,44154.35,bbl,95845.93,mscf
GSS,Activité E&P,AST,OF,1915,12,33344.89,bbl,73991.11,mscf
GSS,Activité E&P,AST,OF,1916,1,21929.67,bbl,149883.54,mscf
GSS,Activité E&P,AST,OF,1916,2,12008.87,bbl,158955.16,mscf
GSS,Activité E&P,AST,OF,1916,3,49504.7,bbl,28898.72,mscf
GSS,Activité E&P,AST,OF,1916,4,22266.43,bbl,134786.88,mscf
GSS,Activité E&P,AST,OF,1916,5,40598.02,bbl,175402.96,mscf
GSS,Activité E&P,AST,OF,1916,6,40909.45,bbl,147659.68,mscf
GSS,Activité E&P,AST,OF,1916,7,17285.95,bbl,112205.37,mscf
GSS,Activité E&P,AST,OF,1916,8,47026.89,bbl,141327.03,mscf
GSS,Activité E&P,AST,OF,1916,9,18016.78,bbl,47752.23,mscf
GSS,Activité E&P,AST,OF,1916,10,41056.82,bbl,158962.55,mscf
GSS,Activité E&P,AST,OF,1916,11,24467.3,bbl,136228.69,mscf
GSS,Activité E&P,AST,OF,1916,12,14368.87,bbl,8183.78,mscf
GSS,Activité E&P,AST,OF,1917,1,7980.96,bbl,157288.09,mscf
GSS,Activité E&P,AST,OF,1917,2,41493.26,bbl,197410.11,mscf
GSS,Activité E&P,AST,OF,1917,3,26109.26,bbl,80511.22,mscf
GSS,Activité E&P,AST,OF,1917,4,23701.84,bbl,123855.04,mscf
GSS,Activité E&P,AST,OF,1917,5,42769.88,bbl,30770.95,mscf
GSS,Activité E&P,AST,OF,1917,6,49530.28,bbl,91610.11,mscf
GSS,Activité E&P,AST,OF,1917,7,45271.22,bbl,195194.08,mscf
GSS,Activité E&P,AST,OF,1917,8,42592.16,bbl,104599.64,mscf
GSS,Activité E&P,AST,OF,1917,9,2087.12,bbl,86455.48,mscf
GSS,Activité E&P,AST,OF,1917,10,28409.23,bbl,113821.29,mscf
GSS,Activité E&P,AST,OF,1917,11,4455.26,bbl,49885.47,mscf
GSS,Activité E&P,AST,OF,1917,12,38305.47,bbl,52510.31,mscf
GSS,Activité E&P,AST,OF,1918,1,38770.65,bbl,38625.73,mscf
GSS,Activité E&P,AST,OF,1918,2,4771.77,bbl,94235.84,mscf
GSS,Activité E&P,AST,OF,1918,3,4549.6,bbl,199910.29,mscf
GSS,Activité E&P,AST,OF,1918,4,35335.98,bbl,50620.32,mscf
GSS,Activité E&P,AST,OF,1918,5,30650.13,bbl,107413.49,mscf
GSS,Activité E&P,AST,OF,1918,6,25508.63,bbl,179031.75,mscf
GSS,Activité E&P,AST,OF,1918,7,49051.87,bbl,147221.55,mscf
GSS,Activité E&P,AST,OF,1918,8,37940.91,bbl,83941.34,mscf
GSS,Activité E&P,AST,OF,1918,9,12264.61,bbl,145159.06,mscf
GSS,Activité E&P,AST,OF,1918,10,3361.02,bbl,14543.51,mscf
GSS,Activité E&P,AST,OF,1918,11,36855.02,bbl,141576.18,mscf
GSS,Activité E&P,AST,OF,1918,12,35410.96,bbl,88303.58,mscf
GSS,Activité E&P,AST,OF,1919,1,6383.1,bbl,128229.47,mscf
GSS,Activité E&P,AST,OF,1919,2,25854.33,bbl,77341.41,mscf
GSS,Activité E&P,AST,OF,1919,3,47807.69,bbl,17233.31,mscf
GSS,Activité E&P,AST,OF,1919,4,26503.68,bbl,42546.89,mscf
GSS,Activité E&P,AST,OF,1919,5,31351.44,bbl,113035.81,mscf
GSS,Activité E&P,AST,OF,1919,6,45816.17,bbl,94529.65,mscf
GSS,Activité E&P,AST,OF,1919,7,20326.99,bbl,79849.25,mscf
GSS,Activité E&P,AST,OF,1919,8,40356.02,bbl,59788.77,mscf
GSS,Activité E&P,AST,OF,1919,9,17443.64,bbl,168345.94,mscf
GSS,Activité E&P,AST,OF,1919,10,21481.42,bbl,141136.57,mscf
GSS,Activité E&P,AST,OF,1919,11,48234.56,bbl,114767.9,mscf
GSS,Activité E&P,AST,OF,1919,12,44076.44,bbl,11533.84,mscf
GSS,Activité E&P,AST,OF,1920,1,26101.29,bbl,13015.93,mscf
GSS,Activité E&P,AST,OF,1920,2,10358.07,bbl,180930.96,mscf
GSS,Activité E&P,AST,OF,1920,3,16092.78,bbl,145241.89,mscf
GSS,Activité E&P,AST,OF,1920,4,5128.68,bbl,121764.23,mscf
GSS,Activité E&P,AST,OF,1920,5,14110.46,bbl,133296.3,mscf
GSS,Activité E&P,AST,OF,1920,6,44818.13,bbl,161417.75,mscf
GSS,Activité E&P,AST,OF,1920,7,2493.38,bbl,92486.54,mscf
GSS,Activité E&P,AST,OF,1920,8,8577.36,bbl,142854.61,mscf
GSS,Activité E&P,AST,OF,1920,9,48664.72,bbl,78740.58,mscf
GSS,Activité E&P,AST,OF,1920,10,10991.07,bbl,120257.25,mscf
GSS,Activité E&P,AST,OF,1920,11,36970.32,bbl,118662.3,mscf
GSS,Activité E&P,AST,OF,1920,12,24022.05,bbl,132281.44,mscf
GSS,Activité E&P,AST,OF,1921,1,47275.4,bbl,106285.19,mscf
GSS,Activité E&P,AST,OF,1921,2,4565.21,bbl,32705.18,mscf
GSS,Activité E&P,AST,OF,1921,3,18944.62,bbl,121182.59,mscf
GSS,Activité E&P,AST,OF,1921,4,16082.99,bbl,101224.45,mscf
GSS,Activité E&P,AST,OF,1921,5,18544.98,bbl,22700.51,mscf
GSS,Activité E&P,AST,OF,1921,6,32913.84,bbl,137276.83,mscf
GSS,Activité E&P,AST,OF,1921,7,20511.93,bbl,171424.18,mscf
GSS,Activité E&P,AST,OF,1921,8,21874.18,bbl,165399.76,mscf
GSS,Activité E&P,AST,OF,1921,9,42686.01,bbl,103972.78,mscf
GSS,Activité E&P,AST,OF,1921,10,15750.31,bbl,182170.11,mscf
GSS,Activité E&P,AST,OF,1921,11,30878.83,bbl,42557.31,mscf
GSS,Activité E&P,AST,OF,1921,12,30273.07,bbl,163308.15,mscf
GSS,Activité E&P,AST,OF,1922,1,26139.79,bbl,109314.17,mscf
GSS,Activité E&P,AST,OF,1922,2,11917.51,bbl,117289.79,mscf
GSS,Activité E&P,AST,OF,1922,3,35829.76,bbl,110568.74,mscf
GSS,Activité E&P,AST,OF,1922,4,6651.99,bbl,72928.86,mscf
GSS,Activité E&P,AST,OF,1922,5,40130.17,bbl,24638.75,mscf
GSS,Activité E&P,AST,OF,1922,6,49915.17,bbl,82099.28,mscf
GSS,Activité E&P,AST,OF,1922,7,23093.9,bbl,125981.61,mscf
GSS,Activité E&P,AST,OF,1922,8,44799.22,bbl,110600.02,mscf
GSS,Activité E&P,AST,OF,1922,9,15010.51,bbl,196868.73,mscf
GSS,Activité E&P,AST,OF,1922,10,17435.76,bbl,35013.88,mscf
GSS,Activité E&P,AST,OF,1922,11,27332.47,bbl,106491.16,mscf
GSS,Activité E&P,AST,OF,1922,12,29926.51,bbl,121542.52,mscf
GSS,Activité E&P,AST,OF,1923,1,23857.29,bbl,190090.79,mscf
GSS,Activité E&P,AST,OF,1923,2,8348.6,bbl,63741.94,mscf
GSS,Activité E&P,AST,OF,1923,3,46221.05,bbl,101706.59,mscf
GSS,Activité E&P,AST,OF,1923,4,43343.33,bbl,30143.01,mscf
GSS,Activité E&P,AST,OF,1923,5,21117.29,bbl,93207.77,mscf
GSS,Activité E&P,AST,OF,1923,6,12303.21,bbl,39376.69,mscf
GSS,Activité E&P,AST,OF,1923,7,46053.14,bbl,180479.1,mscf
GSS,Activité E&P,AST,OF,1923,8,18946.28,bbl,131346.86,mscf
GSS,Activité E&P,AST,OF,1923,9,12194.92,bbl,110821.79,mscf
GSS,Activité E&P,AST,OF,1923,10,36101.46,bbl,17976.09,mscf
GSS,Activité E&P,AST,OF,1923,11,20784.57,bbl,190370.09,mscf
GSS,Activité E&P,AST,OF,1923,12,4780.22,bbl,90216.57,mscf
GSS,Activité E&P,AST,OF,1924,1,46375.88,bbl,199434.82,mscf
GSS,Activité E&P,AST,OF,1924,2,21877.31,bbl,45858.43,mscf
GSS,Activité E&P,AST,OF,1924,3,13417.79,bbl,109600.97,mscf
GSS,Activité E&P,AST,OF,1924,4,10283.15,bbl,148236.06,mscf
GSS,Activité E&P,AST,OF,1924,5,34115.79,bbl,23315.23,mscf
GSS,Activité E&P,AST,OF,1924,6,6023.73,bbl,22164.96,mscf
GSS,Activité E&P,AST,OF,1924,7,23937.12,bbl,70942.4,mscf
GSS,Activité E&P,AST,OF,1924,8,49501.59,bbl,143665.89,mscf
GSS,Activité E&P,AST,OF,1924,9,18611.64,bbl,150793.36,mscf
GSS,Activité E&P,AST,OF,1924,10,11875.91,bbl,119648.85,mscf
GSS,Activité E&P,AST,OF,1924,11,20183.0,bbl,52117.58,mscf
GSS,Activité E&P,AST,OF,1924,12,47150.04,bbl,138847.09,mscf
GSS,Activité E&P,AST,OF,1925,1,29983.26,bbl,56595.43,mscf
GSS,Activité E&P,AST,OF,1925,2,47461.57,bbl,139497.61,mscf
GSS,Activité E&P,AST,OF,1925,3,11597.3,bbl,84763.31,mscf
GSS,Activité E&P,AST,OF,1925,4,19128.64,bbl,148351.63,mscf
GSS,Activité E&P,AST,OF,1925,5,16115.9,bbl,140144.1,mscf
GSS,Activité E&P,AST,OF,1925,6,40285.5,bbl,53994.77,mscf
GSS,Activité E&P,AST,OF,1925,7,1085.53,bbl,93474.61,mscf
GSS,Activité E&P,AST,OF,1925,8,41461.77,bbl,175772.34,mscf
GSS,Activité E&P,AST,OF,1925,9,1732.3,bbl,143473.63,mscf
GSS,Activité E&P,AST,OF,1925,10,28387.95,bbl,139489.3,mscf
GSS,Activité E&P,AST,OF,1925,11,49810.05,bbl,154036.06,mscf
GSS,Activité E&P,AST,OF,1925,12,14626.02,bbl,107397.37,mscf
GSS,Activité E&P,AST,OF,1926,1,35809.2,bbl,85598.5,mscf
GSS,Activité E&P,AST,OF,1926,2,48466.24,bbl,18281.27,mscf
GSS,Activité E&P,AST,OF,1926,3,26809.03,bbl,133609.01,mscf
GSS,Activité E&P,AST,OF,1926,4,13353.86,bbl,86189.88,mscf
GSS,Activité E&P,AST,OF,1926,5,17559.63,bbl,43789.09,mscf
GSS,Activité E&P,AST,OF,1926,6,45491.61,bbl,172094.51,mscf
GSS,Activité E&P,AST,OF,1926,7,14790.7,bbl,194966.07,mscf
GSS,Activité E&P,AST,OF,1926,8,46168.04,bbl,194892.45,mscf
GSS,Activité E&P,AST,OF,1926,9,2641.48,bbl,141696.49,mscf
GSS,Activité E&P,AST,OF,1926,10,40459.99,bbl,123713.27,mscf
GSS,Activité E&P,AST,OF,1926,11,15883.41,bbl,193208.41,mscf
GSS,Activité E&P,AST,OF,1926,12,27490.44,bbl,197386.76,mscf
GSS,Activité E&P,AST,OF,1927,1,28113.18,bbl,117831.96,mscf
GSS,Activité E&P,AST,OF,1927,2,32884.05,bbl,83998.1,mscf
GSS,Activité E&P,AST,OF,1927,3,31077.97,bbl,195547.5,mscf
GSS,Activité E&P,AST,OF,1927,4,26365.96,bbl,89461.65,mscf
GSS,Activité E&P,AST,OF,1927,5,28188.11,bbl,122954.29,mscf
GSS,Activité E&P,AST,OF,1927,6,40937.98,bbl,9038.24,mscf
GSS,Activité E&P,AST,OF,1927,7,44830.48,bbl,126854.16,mscf
GSS,Activité E&P,AST,OF,1927,8,14644.84,bbl,162444.21,mscf
GSS,Activité E&P,AST,OF,1927,9,29025.35,bbl,155685.25,mscf
GSS,Activité E&P,AST,OF,1927,10,32383.27,bbl,28903.58,mscf
GSS,Activité E&P,AST,OF,1927,11,16195.5,bbl,193800.81,mscf
GSS,Activité E&P,AST,OF,1927,12,36466.84,bbl,37458.21,mscf
GSS,Activité E&P,AST,OF,1928,1,29461.99,bbl,63284.75,mscf
GSS,Activité E&P,AST,OF,1928,2,38125.59,bbl,121811.06,mscf
GSS,Activité E&P,AST,OF,1928,3,34303.21,bbl,75589.09,mscf
GSS,Activité E&P,AST,OF,1928,4,16258.55,bbl,82783.73,mscf
GSS,Activité E&P,AST,OF,1928,5,22460.8,bbl,170272.67,mscf
GSS,Activité E&P,AST,OF,1928,6,41386.83,bbl,51978.93,mscf
GSS,Activité E&P,AST,OF,1928,7,41878.15,bbl,126826.72,mscf
GSS,Activité E&P,AST,OF,1928,8,32937.73,bbl,27054.51,mscf
GSS,Activité E&P,AST,OF,1928,9,8509.5,bbl,159501.9,mscf
GSS,Activité E&P,AST,OF,1928,10,6808.6,bbl,136685.81,mscf
GSS,Activité E&P,AST,OF,1928,11,27811.05,bbl,98303.41,mscf
GSS,Activité E&P,AST,OF,1928,12,39648.84,bbl,46814.11,mscf
GSS,Activité E&P,AST,OF,1929,1,34693.19,bbl,103145.33,mscf
GSS,Activité E&P,AST,OF,1929,2,39961.66,bbl,75685.89,mscf
GSS,Activité E&P,AST,OF,1929,3,5247.59,bbl,150372.67,mscf
GSS,Activité E&P,AST,OF,1929,4,36673.39,bbl,94836.49,mscf
GSS,Activité E&P,AST,OF,1929,5,25647.94,bbl,54722.95,mscf
GSS,Activité E&P,AST,OF,1929,6,32705.43,bbl,189422.91,mscf
GSS,Activité E&P,AST,OF,1929,7,7591.49,bbl,94616.54,mscf
GSS,Activité E&P,AST,OF,1929,8,13856.67,bbl,167656.23,mscf
GSS,Activité E&P,AST,OF,1929,9,20848.76,bbl,43240.12,mscf
GSS,Activité E&P,AST,OF,1929,10,47304.95,bbl,198146.81,mscf
GSS,Activité E&P,AST,OF,1929,11,31519.85,bbl,159298.83,mscf
GSS,Activité E&P,AST,OF,1929,12,25892.69,bbl,160459.19,mscf
GSS,Activité E&P,AST,OF,1930,1,45575.75,bbl,13810.95,mscf
GSS,Activité E&P,AST,OF,1930,2,32472.93,bbl,103289.3,mscf
GSS,Activité E&P,AST,OF,1930,3,6491.08,bbl,158700.77,mscf
GSS,Activité E&P,AST,OF,1930,4,23012.84,bbl,151961.76,mscf
GSS,Activité E&P,AST,OF,1930,5,37563.42,bbl,35776.72,mscf
GSS,Activité E&P,AST,OF,1930,6,37147.56,bbl,8399.54,mscf
GSS,Activité E&P,AST,OF,1930,7,29792.77,bbl,77717.96,mscf
GSS,Activité E&P,AST,OF,1930,8,37294.52,bbl,19041.71,mscf
GSS,Activité E&P,AST,OF,1930,9,34485.09,bbl,170582.85,mscf
GSS,Activité E&P,AST,OF,1930,10,31911.5,bbl,147410.08,mscf
GSS,Activité E&P,AST,OF,1930,11,10490.82,bbl,17494.14,mscf
GSS,Activité E&P,AST,OF,1930,12,11314.41,bbl,165106.22,mscf
GSS,Activité E&P,AST,OF,1931,1,23118.73,bbl,8003.69,mscf
GSS,Activité E&P,AST,OF,1931,2,17000.44,bbl,165495.41,mscf
GSS,Activité E&P,AST,OF,1931,3,11095.16,bbl,67430.81,mscf
GSS,Activité E&P,AST,OF,1931,4,23525.5,bbl,29163.02,mscf
GSS,Activité E&P,AST,OF,1931,5,34369.49,bbl,127285.52,mscf
GSS,Activité E&P,AST,OF,1931,6,7287.76,bbl,71076.12,mscf
GSS,Activité E&P,AST,OF,1931,7,35752.25,bbl,184194.97,mscf
GSS,Activité E&P,AST,OF,1931,8,30916.45,bbl,109662.87,mscf
GSS,Activité E&P,AST,OF,1931,9,43180.17,bbl,163649.45,mscf
GSS,Activité E&P,AST,OF,1931,10,19830.35,bbl,145660.26,mscf
GSS,Activité E&P,AST,OF,1931,11,37670.96,bbl,179227.05,mscf
GSS,Activité E&P,AST,OF,1931,12,8686.13,bbl,105844.12,mscf
GSS,Activité E&P,AST,OF,1932,1,26764.84,bbl,40762.2,mscf
GSS,Activité E&P,AST,OF,1932,2,33943.7,bbl,122131.38,mscf
GSS,Activité E&P,AST,OF,1932,3,26676.87,bbl,138597.03,mscf
GSS,Activité E&P,AST,OF,1932,4,36984.22,bbl,74053.59,mscf
GSS,Activité E&P,AST,OF,1932,5,41290.3,bbl,35838.86,mscf
GSS,Activité E&P,AST,OF,1932,6,41575.72,bbl,94999.94,mscf
GSS,Activité E&P,AST,OF,1932,7,15193.53,bbl,23280.94,mscf
GSS,Activité E&P,AST,OF,1932,8,1882.34,bbl,68875.1,mscf
GSS,Activité E&P,AST,OF,1932,9,33109.64,bbl,45143.05,mscf
GSS,Activité E&P,AST,OF,1932,10,26774.0,bbl,142943.69,mscf
GSS,Activité E&P,AST,OF,1932,11,41892.46,bbl,58113.12,mscf
GSS,Activité E&P,AST,OF,1932,12,29629.94,bbl,90242.18,mscf
GSS,Activité E&P,AST,OF,1933,1,32512.53,bbl,73880.86,mscf
GSS,Activité E&P,AST,OF,1933,2,16611.35,bbl,119495.29,mscf
GSS,Activité E&P,AST,OF,1933,3,28654.27,bbl,161830.6,mscf
GSS,Activité E&P,AST,OF,1933,4,46889.81,bbl,44316.3,mscf
GSS,Activité E&P,AST,OF,1933,5,32696.39,bbl,110194.98,mscf
GSS,Activité E&P,AST,OF,1933,6,39343.89,bbl,161499.5,mscf
GSS,Activité E&P,AST,OF,1933,7,45106.24,bbl,15609.41,mscf
GSS,Activité E&P,AST,OF,1933,8,44974.0,bbl,196325.42,mscf
GSS,Activité E&P,AST,OF,1933,9,7253.51,bbl,74088.93,mscf
GSS,Activité E&P,AST,OF,1933,10,14487.01,bbl,117170.91,mscf
GSS,Activité E&P,AST,OF,1933,11,13027.73,bbl,67993.27,mscf
GSS,Activité E&P,AST,OF,1933,12,5158.62,bbl,14224.15,mscf
GSS,Activité E&P,AST,OF,1934,1,6763.79,bbl,172416.78,mscf
GSS,Activité E&P,AST,OF,1934,2,48727.69,bbl,169914.01,mscf
GSS,Activité E&P,AST,OF,1934,3,28061.06,bbl,36279.25,mscf
GSS,Activité E&P,AST,OF,1934,4,30860.91,bbl,120094.53,mscf
GSS,Activité E&P,AST,OF,1934,5,44424.55,bbl,76792.47,mscf
GSS,Activité E&P,AST,OF,1934,6,37356.83,bbl,177154.55,mscf
GSS,Activité E&P,AST,OF,1934,7,45286.58,bbl,8849.26,mscf
GSS,Activité E&P,AST,OF,1934,8,40697.16,bbl,60602.58,mscf
GSS,Activité E&P,AST,OF,1934,9,20882.79,bbl,98185.78,mscf
GSS,Activité E&P,AST,OF,1934,10,9367.72,bbl,122932.02,mscf
GSS,Activité E&P,AST,OF,1934,11,39674.44,bbl,144741.49,mscf
GSS,Activité E&P,AST,OF,1934,12,35119.07,bbl,196016.06,mscf
GSS,Activité E&P,AST,OF,1935,1,29515.28,bbl,129671.63,mscf
GSS,Activité E&P,AST,OF,1935,2,2376.57,bbl,159970.57,mscf
GSS,Activité E&P,AST,OF,1935,3,7747.54,bbl,98094.73,mscf
GSS,Activité E&P,AST,OF,1935,4,46816.23,bbl,59454.78,mscf
GSS,Activité E&P,AST,OF,1935,5,6566.49,bbl,191172.29,mscf
GSS,Activité E&P,AST,OF,1935,6,2223.75,bbl,84546.67,mscf
GSS,Activité E&P,AST,OF,1935,7,25876.03,bbl,129901.05,mscf
GSS,Activité E&P,AST,OF,1935,8,12432.92,bbl,159674.51,mscf
GSS,Activité E&P,AST,OF,1935,9,3990.09,bbl,79215.28,mscf
GSS,Activité E&P,AST,OF,1935,10,27552.89,bbl,49973.56,mscf
GSS,Activité E&P,AST,OF,1935,11,12045.44,bbl,108061.54,mscf
GSS,Activité E&P,AST,OF,1935,12,5210.69,bbl,46862.22,mscf
GSS,Activité E&P,AST,OF,1936,1,44808.7,bbl,137769.09,mscf
GSS,Activité E&P,AST,OF,1936,2,5971.61,bbl,31989.64,mscf
GSS,Activité E&P,AST,OF,1936,3,44768.45,bbl,83559.26,mscf
GSS,Activité E&P,AST,OF,1936,4,44315.64,bbl,7887.25,mscf
GSS,Activité E&P,AST,OF,1936,5,32300.7,bbl,140056.93,mscf
GSS,Activité E&P,AST,OF,1936,6,49471.24,bbl,59974.11,mscf
GSS,Activité E&P,AST,OF,1936,7,23413.11,bbl,91975.24,mscf
GSS,Activité E&P,AST,OF,1936,8,17594.12,bbl,84808.32,mscf
GSS,Activité E&P,AST,OF,1936,9,32893.61,bbl,91460.16,mscf
GSS,Activité E&P,AST,OF,1936,10,41934.44,bbl,129936.42,mscf
GSS,Activité E&P,AST,OF,1936,11,7983.61,bbl,164036.7,mscf
GSS,Activité E&P,AST,OF,1936,12,26782.04,bbl,51442.53,mscf
GSS,Activité E&P,AST,OF,1937,1,10346.81,bbl,26733.27,mscf
GSS,Activité E&P,AST,OF,1937,2,25974.06,bbl,125952.0,mscf
GSS,Activité E&P,AST,OF,1937,3,41270.06,bbl,6835.73,mscf
GSS,Activité E&P,AST,OF,1937,4,44176.58,bbl,41828.46,mscf
GSS,Activité E&P,AST,OF,1937,5,19533.89,bbl,114777.07,mscf
GSS,Activité E&P,AST,OF,1937,6,14990.5,bbl,90320.27,mscf
GSS,Activité E&P,AST,OF,1937,7,44814.49,bbl,108697.81,mscf
GSS,Activité E&P,AST,OF,1937,8,31558.2,bbl,90627.32,mscf
GSS,Activité E&P,AST,OF,1937,9,21492.12,bbl,50052.68,mscf
GSS,Activité E&P,AST,OF,1937,10,2822.24,bbl,86004.62,mscf
GSS,Activité E&P,AST,OF,1937,11,32431.34,bbl,10120.42,mscf
GSS,Activité E&P,AST,OF,1937,12,40967.65,bbl,19383.07,mscf
GSS,Activité E&P,AST,OF,1938,1,43360.8,bbl,147071.54,mscf
GSS,Activité E&P,AST,OF,1938,2,39359.5,bbl,76963.39,mscf
GSS,Activité E&P,AST,OF,1938,3,49807.1,bbl,168547.1,mscf
GSS,Activité E&P,AST,OF,1938,4,12137.34,bbl,98675.67,mscf
GSS,Activité E&P,AST,OF,1938,5,46744.18,bbl,142726.23,mscf
GSS,Activité E&P,AST,OF,1938,6,36415.15,bbl,158296.52,mscf
GSS,Activité E&P,AST,OF,1938,7,36335.63,bbl,52127.02,mscf
GSS,Activité E&P,AST,OF,1938,8,1713.05,bbl,85181.85,mscf
GSS,Activité E&P,AST,OF,1938,9,21809.91,bbl,115712.91,mscf
GSS,Activité E&P,AST,OF,1938,10,25471.04,bbl,81216.36,mscf
GSS,Activité E&P,AST,OF,1938,11,33840.89,bbl,44340.78,mscf
GSS,Activité E&P,AST,OF,1938,12,1372.18,bbl,139285.69,mscf
GSS,Activité E&P,AST,OF,1939,1,24987.01,bbl,83100.92,mscf
GSS,Activité E&P,AST,OF,1939,2,1293.79,bbl,84332.93,mscf
GSS,Activité E&P,AST,OF,1939,3,49574.67,bbl,33395.82,mscf
GSS,Activité E&P,AST,OF,1939,4,14903.15,bbl,137696.29,mscf
GSS,Activité E&P,AST,OF,1939,5,8086.23,bbl,179394.22,mscf
GSS,Activité E&P,AST,OF,1939,6,32782.01,bbl,77010.71,mscf
GSS,Activité E&P,AST,OF,1939,7,48135.75,bbl,151826.62,mscf
GSS,Activité E&P,AST,OF,1939,8,14474.23,bbl,189090.22,mscf
GSS,Activité E&P,AST,OF,1939,9,27220.35,bbl,52764.2,mscf
GSS,Activité E&P,AST,OF,1939,10,4329.52,bbl,120184.87,mscf
GSS,Activité E&P,AST,OF,1939,11,16153.52,bbl,164490.82,mscf
GSS,Activité E&P,AST,OF,1939,12,13142.92,bbl,189122.0,mscf
GSS,Activité E&P,AST,OF,1940,1,45423.15,bbl,68167.23,mscf
GSS,Activité E&P,AST,OF,1940,2,39880.41,bbl,34606.67,mscf
GSS,Activité E&P,AST,OF,1940,3,29364.75,bbl,120939.01,mscf
GSS,Activité E&P,AST,OF,1940,4,23994.68,bbl,196953.41,mscf
GSS,Activité E&P,AST,OF,1940,5,15972.99,bbl,148210.09,mscf
GSS,Activité E&P,AST,OF,1940,6,34363.45,bbl,125606.99,mscf
GSS,Activité E&P,AST,OF,1940,7,28476.21,bbl,128146.8,mscf
GSS,Activité E&P,AST,OF,1940,8,16817.12,bbl,64312.91,mscf
GSS,Activité E&P,AST,OF,1940,9,23657.76,bbl,37360.92,mscf
GSS,Activité E&P,AST,OF,1940,10,44625.51,bbl,84457.52,mscf
GSS,Activité E&P,AST,OF,1940,11,5167.8,bbl,48486.32,mscf
GSS,Activité E&P,AST,OF,1940,12,16459.49,bbl,188225.64,mscf
GSS,Activité E&P,AST,OF,1941,1,8229.33,bbl,20494.74,mscf
GSS,Activité E&P,AST,OF,1941,2,1167.09,bbl,110380.86,mscf
GSS,Activité E&P,AST,OF,1941,3,2969.82,bbl,125782.99,mscf
GSS,Activité E&P,AST,OF,1941,4,7429.16,bbl,64666.43,mscf
GSS,Activité E&P,AST,OF,1941,5,37794.43,bbl,133692.69,mscf
GSS,Activité E&P,AST,OF,1941,6,28084.2,bbl,99521.74,mscf
GSS,Activité E&P,AST,OF,1941,7,40315.04,bbl,163905.6,mscf
GSS,Activité E&P,AST,OF,1941,8,40117.57,bbl,73934.02,mscf
GSS,Activité E&P,AST,OF,1941,9,22571.54,bbl,106029.97,mscf
GSS,Activité E&P,AST,OF,1941,10,38547.97,bbl,172055.72,mscf
GSS,Activité E&P,AST,OF,1941,11,39622.91,bbl,89419.09,mscf
GSS,Activité E&P,AST,OF,1941,12,46879.22,bbl,146827.66,mscf
GSS,Activité E&P,AST,OF,1942,1,28361.16,bbl,46917.0,mscf
GSS,Activité E&P,AST,OF,1942,2,9186.68,bbl,91620.65,mscf
GSS,Activité E&P,AST,OF,1942,3,3106.32,bbl,6119.05,mscf
GSS,Activité E&P,AST,OF,1942,4,31730.35,bbl,94619.59,mscf
GSS,Activité E&P,AST,OF,1942,5,26119.99,bbl,94216.08,mscf
GSS,Activité E&P,AST,OF,1942,6,1680.08,bbl,198631.01,mscf
GSS,Activité E&P,AST,OF,1942,7,7475.08,bbl,47068.68,mscf
GSS,Activité E&P,AST,OF,1942,8,37346.65,bbl,161840.11,mscf
GSS,Activité E&P,AST,OF,1942,9,18219.14,bbl,82103.15,mscf
GSS,Activité E&P,AST,OF,1942,10,46415.78,bbl,106121.31,mscf
GSS,Activité E&P,AST,OF,1942,11,36994.37,bbl,139033.57,mscf
GSS,Activité E&P,AST,OF,1942,12,21504.08,bbl,65405.43,mscf
GSS,Activité E&P,AST,OF,1943,1,48412.18,bbl,34317.49,mscf
GSS,Activité E&P,AST,OF,1943,2,32253.56,bbl,56719.7,mscf
GSS,Activité E&P,AST,OF,1943,3,33712.18,bbl,70621.3,mscf
GSS,Activité E&P,AST,OF,1943,4,34605.75,bbl,32373.76,mscf
GSS,Activité E&P,AST,OF,1943,5,23664.63,bbl,55218.8,mscf
GSS,Activité E&P,AST,OF,1943,6,38149.24,bbl,18768.06,mscf
GSS,Activité E&P,AST,OF,1943,7,16319.28,bbl,15927.94,mscf
GSS,Activité E&P,AST,OF,1943,8,9646.73,bbl,25192.99,mscf
GSS,Activité E&P,AST,OF,1943,9,10375.26,bbl,58291.78,mscf
GSS,Activité E&P,AST,OF,1943,10,12973.52,bbl,143027.85,mscf
GSS,Activité E&P,AST,OF,1943,11,40935.51,bbl,115168.34,mscf
GSS,Activité E&P,AST,OF,1943,12,15842.69,bbl,118179.93,mscf
GSS,Activité E&P,AST,OF,1944,1,16934.5,bbl,148438.41,mscf
GSS,Activité E&P,AST,OF,1944,2,32840.94,bbl,24397.26,mscf
GSS,Activité E&P,AST,OF,1944,3,35470.33,bbl,192641.31,mscf
GSS,Activité E&P,AST,OF,1944,4,47221.14,bbl,159827.32,mscf
GSS,Activité E&P,AST,OF,1944,5,38265.03,bbl,66130.64,mscf
GSS,Activité E&P,AST,OF,1944,6,40348.17,bbl,148007.39,mscf
GSS,Activité E&P,AST,OF,1944,7,25616.05,bbl,189976.31,mscf
GSS,Activité E&P,AST,OF,1944,8,11961.63,bbl,31077.67,mscf
GSS,Activité E&P,AST,OF,1944,9,23528.63,bbl,119392.85,mscf
GSS,Activité E&P,AST,OF,1944,10,45773.5,bbl,142566.17,mscf
GSS,Activité E&P,AST,OF,1944,11,38318.48,bbl,58653.63,mscf
GSS,Activité E&P,AST,OF,1944,12,17224.52,bbl,131982.45,mscf
GSS,Activité E&P,AST,OF,1945,1,1002.33,bbl,152421.99,mscf
GSS,Activité E&P,AST,OF,1945,2,14488.73,bbl,17462.3,mscf
GSS,Activité E&P,AST,OF,1945,3,39024.26,bbl,156404.19,mscf
GSS,Activité E&P,AST,OF,1945,4,22517.8,bbl,43988.09,mscf
GSS,Activité E&P,AST,OF,1945,5,32975.31,bbl,58917.6,mscf
GSS,Activité E&P,AST,OF,1945,6,49367.13,bbl,173631.49,mscf
GSS,Activité E&P,AST,OF,1945,7,13566.63,bbl,199418.35,mscf
GSS,Activité E&P,AST,OF,1945,8,15139.8,bbl,196087.43,mscf
GSS,Activité E&P,AST,OF,1945,9,6350.54,bbl,91167.94,mscf
GSS,Activité E&P,AST,OF,1945,10,44469.02,bbl,99275.1,mscf
GSS,Activité E&P,AST,OF,1945,11,11271.12,bbl,184984.67,mscf
GSS,Activité E&P,AST,OF,1945,12,21344.33,bbl,61866.53,mscf
GSS,Activité E&P,AST,OF,1946,1,25474.22,bbl,50388.96,mscf
GSS,Activité E&P,AST,OF,1946,2,20245.61,bbl,113817.17,mscf
GSS,Activité E&P,AST,OF,1946,3,1903.6,bbl,145186.66,mscf
GSS,Activité E&P,AST,OF,1946,4,46763.42,bbl,37877.92,mscf
GSS,Activité E&P,AST,OF,1946,5,7694.23,bbl,58641.92,mscf
GSS,Activité E&P,AST,OF,1946,6,47058.67,bbl,183932.93,mscf
GSS,Activité E&P,AST,OF,1946,7,5756.02,bbl,192226.71,mscf
GSS,Activité E&P,AST,OF,1946,8,34156.13,bbl,105633.01,mscf
GSS,Activité E&P,AST,OF,1946,9,14247.84,bbl,97049.74,mscf
GSS,Activité E&P,AST,OF,1946,10,34750.07,bbl,192515.87,mscf
GSS,Activité E&P,AST,OF,1946,11,23575.12,bbl,155142.36,mscf
GSS,Activité E&P,AST,OF,1946,12,6155.86,bbl,77965.89,mscf
GSS,Activité E&P,AST,OF,1947,1,1689.19,bbl,196126.37,mscf
GSS,Activité E&P,AST,OF,1947,2,35781.09,bbl,165046.91,mscf
GSS,Activité E&P,AST,OF,1947,3,33079.91,bbl,70277.77,mscf
GSS,Activité E&P,AST,OF,1947,4,35855.04,bbl,51968.98,mscf
GSS,Activité E&P,AST,OF,1947,5,1252.4,bbl,112904.85,mscf
GSS,Activité E&P,AST,OF,1947,6,29659.14,bbl,136608.27,mscf
GSS,Activité E&P,AST,OF,1947,7,39858.21,bbl,49832.0,mscf
GSS,Activité E&P,AST,OF,1947,8,36736.7,bbl,18847.29,mscf
GSS,Activité E&P,AST,OF,1947,9,38459.97,bbl,71223.7,mscf
GSS,Activité E&P,AST,OF,1947,10,13310.61,bbl,14680.1,mscf
GSS,Activité E&P,AST,OF,1947,11,29704.83,bbl,122031.85,mscf
GSS,Activité E&P,AST,OF,1947,12,18093.96,bbl,44071.75,mscf
GSS,Activité E&P,AST,OF,1948,1,5404.22,bbl,10620.91,mscf
GSS,Activité E&P,AST,OF,1948,2,14368.02,bbl,150716.06,mscf
GSS,Activité E&P,AST,OF,1948,3,19560.31,bbl,128236.66,mscf
GSS,Activité E&P,AST,OF,1948,4,12094.92,bbl,69003.74,mscf
GSS,Activité E&P,AST,OF,1948,5,13561.18,bbl,51812.18,mscf
GSS,Activité E&P,AST,OF,1948,6,48497.87,bbl,119986.57,mscf
GSS,Activité E&P,AST,OF,1948,7,42359.87,bbl,53026.71,mscf
GSS,Activité E&P,AST,OF,1948,8,32118.6,bbl,178860.13,mscf
GSS,Activité E&P,AST,OF,1948,9,4016.82,bbl,165038.0,mscf
GSS,Activité E&P,AST,OF,1948,10,41313.71,bbl,133043.38,mscf
GSS,Activité E&P,AST,OF,1948,11,6560.65,bbl,22344.93,mscf
GSS,Activité E&P,AST,OF,1948,12,18184.46,bbl,153015.05,mscf
GSS,Activité E&P,AST,OF,1949,1,42243.54,bbl,49855.47,mscf
GSS,Activité E&P,AST,OF,1949,2,4261.81,bbl,136314.02,mscf
GSS,Activité E&P,AST,OF,1949,3,45767.01,bbl,10812.62,mscf
GSS,Activité E&P,AST,OF,1949,4,43320.09,bbl,153938.83,mscf
GSS,Activité E&P,AST,OF,1949,5,31005.77,bbl,166169.82,mscf
GSS,Activité E&P,AST,OF,1949,6,13169.03,bbl,132843.17,mscf
GSS,Activité E&P,AST,OF,1949,7,25477.2,bbl,142079.45,mscf
GSS,Activité E&P,AST,OF,1949,8,25768.32,bbl,38186.73,mscf
GSS,Activité E&P,AST,OF,1949,9,38856.0,bbl,88309.09,mscf
GSS,Activité E&P,AST,OF,1949,10,5810.3,bbl,130011.48,mscf
GSS,Activité E&P,AST,OF,1949,11,42599.42,bbl,186904.81,mscf
GSS,Activité E&P,AST,OF,1949,12,1161.14,bbl,188674.64,mscf
OURHOUD,Activité E&P,AST,OF,1900,1,45598.58,bbl,169327.4,mscf
OURHOUD,Activité E&P,AST,OF,1900,2,19043.88,bbl,197040.54,mscf
OURHOUD,Activité E&P,AST,OF,1900,3,11537.69,bbl,196409.24,mscf
OURHOUD,Activité E&P,AST,OF,1900,4,24314.9,bbl,95431.17,mscf
OURHOUD,Activité E&P,AST,OF,1900,5,15321.26,bbl,27904.69,mscf
OURHOUD,Activité E&P,AST,OF,1900,6,13881.45,bbl,152069.81,mscf
OURHOUD,Activité E&P,AST,OF,1900,7,39084.54,bbl,129856.0,mscf
OURHOUD,Activité E&P,AST,OF,1900,8,48686.77,bbl,19927.25,mscf
OURHOUD,Activité E&P,AST,OF,1900,9,34473.7,bbl,108119.87,mscf
OURHOUD,Activité E&P,AST,OF,1900,10,13056.92,bbl,152318.35,mscf
OURHOUD,Activité E&P,AST,OF,1900,11,38170.63,bbl,18059.74,mscf
OURHOUD,Activité E&P,AST,OF,1900,12,30092.85,bbl,61849.25,mscf
OURHOUD,Activité E&P,AST,OF,1901,1,24523.85,bbl,193311.78,mscf
OURHOUD,Activité E&P,AST,OF,1901,2,41042.49,bbl,43700.09,mscf
OURHOUD,Activité E&P,AST,OF,1901,3,6865.5,bbl,195679.63,mscf
OURHOUD,Activité E&P,AST,OF,1901,4,13459.67,bbl,36335.57,mscf
OURHOUD,Activité E&P,AST,OF,1901,5,15499.3,bbl,152533.34,mscf
OURHOUD,Activité E&P,AST,OF,1901,6,40757.35,bbl,199119.82,mscf
OURHOUD,Activité E&P,AST,OF,1901,7,3278.49,bbl,106748.51,mscf
OURHOUD,Activité E&P,AST,OF,1901,8,21808.15,bbl,34602.54,mscf
OURHOUD,Activité E&P,AST,OF,1901,9,38185.9,bbl,19594.51,mscf
OURHOUD,Activité E&P,AST,OF,1901,10,31784.4,bbl,115926.82,mscf
OURHOUD,Activité E&P,AST,OF,1901,11,11841.48,bbl,97146.55,mscf
OURHOUD,Activité E&P,AST,OF,1901,12,15041.97,bbl,24677.98,mscf
OURHOUD,Activité E&P,AST,OF,1902,1,26051.27,bbl,73822.65,mscf
OURHOUD,Activité E&P,AST,OF,1902,2,47864.48,bbl,141580.72,mscf
OURHOUD,Activité E&P,AST,OF,1902,3,15259.67,bbl,29282.66,mscf
OURHOUD,Activité E&P,AST,OF,1902,4,30357.89,bbl,79423.18,mscf
OURHOUD,Activité E&P,AST,OF,1902,5,1472.89,bbl,19443.88,mscf
OURHOUD,Activité E&P,AST,OF,1902,6,12615.16,bbl,159673.46,mscf
OURHOUD,Activité E&P,AST,OF,1902,7,4182.39,bbl,82206.33,mscf
OURHOUD,Activité E&P,AST,OF,1902,8,34095.13,bbl,89278.45,mscf
OURHOUD,Activité E&P,AST,OF,1902,9,28357.53,bbl,15942.66,mscf
OURHOUD,Activité E&P,AST,OF,1902,10,10715.44,bbl,113792.87,mscf
OURHOUD,Activité E&P,AST,OF,1902,11,13793.87,bbl,90242.63,mscf
OURHOUD,Activité E&P,AST,OF,1902,12,42745.62,bbl,74884.3,mscf
OURHOUD,Activité E&P,AST,OF,1903,1,3482.56,bbl,81477.85,mscf
OURHOUD,Activité E&P,AST,OF,1903,2,36878.27,bbl,56275.78,mscf
OURHOUD,Activité E&P,AST,OF,1903,3,48606.61,bbl,76522.7,mscf
OURHOUD,Activité E&P,AST,OF,1903,4,20382.71,bbl,188483.5,mscf
OURHOUD,Activité E&P,AST,OF,1903,5,38309.66,bbl,86795.04,mscf
OURHOUD,Activité E&P,AST,OF,1903,6,45721.17,bbl,147328.03,mscf
OURHOUD,Activité E&P,AST,OF,1903,7,19944.75,bbl,19334.31,mscf
OURHOUD,Activité E&P,AST,OF,1903,8,37974.21,bbl,107235.68,mscf
OURHOUD,Activité E&P,AST,OF,1903,9,31880.16,bbl,45394.07,mscf
OURHOUD,Activité E&P,AST,OF,1903,10,44688.36,bbl,158422.84,mscf
OURHOUD,Activité E&P,AST,OF,1903,11,24663.02,bbl,61406.39,mscf
OURHOUD,Activité E&P,AST,OF,1903,12,13796.34,bbl,5856.29,mscf
OURHOUD,Activité E&P,AST,OF,1904,1,41830.28,bbl,180562.45,mscf
OURHOUD,Activité E&P,AST,OF,1904,2,33931.61,bbl,151148.72,mscf
OURHOUD,Activité E&P,AST,OF,1904,3,29426.29,bbl,139781.91,mscf
OURHOUD,Activité E&P,AST,OF,1904,4,45687.13,bbl,59502.78,mscf
OURHOUD,Activité E&P,AST,OF,1904,5,27228.0,bbl,67087.75,mscf
OURHOUD,Activité E&P,AST,OF,1904,6,14742.38,bbl,102387.75,mscf
OURHOUD,Activité E&P,AST,OF,1904,7,17468.71,bbl,103091.5,mscf
OURHOUD,Activité E&P,AST,OF,1904,8,37187.73,bbl,105343.0,mscf
OURHOUD,Activité E&P,AST,OF,1904,9,21470.24,bbl,142531.54,mscf
OURHOUD,Activité E&P,AST,OF,1904,10,31732.89,bbl,192309.8,mscf
OURHOUD,Activité E&P,AST,OF,1904,11,27608.05,bbl,25541.97,mscf
OURHOUD,Activité E&P,AST,OF,1904,12,5427.85,bbl,165434.0,mscf
OURHOUD,Activité E&P,AST,OF,1905,1,4256.01,bbl,175848.1,mscf
OURHOUD,Activité E&P,AST,OF,1905,2,30738.13,bbl,70161.9,mscf
OURHOUD,Activité E&P,AST,OF,1905,3,16846.63,bbl,159712.08,mscf
OURHOUD,Activité E&P,AST,OF,1905,4,33248.86,bbl,155959.46,mscf
OURHOUD,Activité E&P,AST,OF,1905,5,18418.99,bbl,55195.01,mscf
OURHOUD,Activité E&P,AST,OF,1905,6,22782.27,bbl,184768.02,mscf
OURHOUD,Activité E&P,AST,OF,1905,7,30065.63,bbl,82061.34,mscf
OURHOUD,Activité E&P,AST,OF,1905,8,45104.65,bbl,21305.85,mscf
OURHOUD,Activité E&P,AST,OF,1905,9,44720.13,bbl,110640.09,mscf
OURHOUD,Activité E&P,AST,OF,1905,10,19226.35,bbl,18854.53,mscf
OURHOUD,Activité E&P,AST,OF,1905,11,43343.54,bbl,94724.85,mscf
OURHOUD,Activité E&P,AST,OF,1905,12,13960.86,bbl,140103.35,mscf
OURHOUD,Activité E&P,AST,OF,1906,1,23370.72,bbl,155878.53,mscf
OURHOUD,Activité E&P,AST,OF,1906,2,16298.36,bbl,25686.5,mscf
OURHOUD,Activité E&P,AST,OF,1906,3,35717.4,bbl,17303.09,mscf
OURHOUD,Activité E&P,AST,OF,1906,4,41608.96,bbl,197208.0,mscf
OURHOUD,Activité E&P,AST,OF,1906,5,31941.67,bbl,151734.13,mscf
OURHOUD,Activité E&P,AST,OF,1906,6,46706.49,bbl,16541.35,mscf
OURHOUD,Activité E&P,AST,OF,1906,7,37177.21,bbl,86760.51,mscf
OURHOUD,Activité E&P,AST,OF,1906,8,27895.72,bbl,128891.59,mscf
OURHOUD,Activité E&P,AST,OF,1906,9,13822.65,bbl,45201.37,mscf
OURHOUD,Activité E&P,AST,OF,1906,10,18605.98,bbl,190860.38,mscf
OURHOUD,Activité E&P,AST,OF,1906,11,31294.3,bbl,44801.66,mscf
OURHOUD,Activité E&P,AST,OF,1906,12,44966.85,bbl,100953.61,mscf
OURHOUD,Activité E&P,AST,OF,1907,1,44169.08,bbl,149997.91,mscf
OURHOUD,Activité E&P,AST,OF,1907,2,27100.25,bbl,156438.15,mscf
OURHOUD,Activité E&P,AST,OF,1907,3,41733.86,bbl,49820.29,mscf
OURHOUD,Activité E&P,AST,OF,1907,4,16191.29,bbl,100754.38,mscf
OURHOUD,Activité E&P,AST,OF,1907,5,33559.8,bbl,95592.76,mscf
OURHOUD,Activité E&P,AST,OF,1907,6,15829.85,bbl,120758.87,mscf
OURHOUD,Activité E&P,AST,OF,1907,7,44557.36,bbl,68304.71,mscf
OURHOUD,Activité E&P,AST,OF,1907,8,22812.94,bbl,185053.13,mscf
OURHOUD,Activité E&P,AST,OF,1907,9,17777.64,bbl,83354.41,mscf
OURHOUD,Activité E&P,AST,OF,1907,10,11564.57,bbl,13023.13,mscf
OURHOUD,Activité E&P,AST,OF,1907,11,24816.09,bbl,5132.12,mscf
OURHOUD,Activité E&P,AST,OF,1907,12,12322.48,bbl,89532.96,mscf
OURHOUD,Activité E&P,AST,OF,1908,1,36693.75,bbl,6907.64,mscf
OURHOUD,Activité E&P,AST,OF,1908,2,5867.84,bbl,165130.84,mscf
OURHOUD,Activité E&P,AST,OF,1908,3,1553.43,bbl,124833.79,mscf
OURHOUD,Activité E&P,AST,OF,1908,4,27173.3,bbl,20127.23,mscf
OURHOUD,Activité E&P,AST,OF,1908,5,6223.51,bbl,32880.92,mscf
OURHOUD,Activité E&P,AST,OF,1908,6,35963.78,bbl,105337.57,mscf
OURHOUD,Activité E&P,AST,OF,1908,7,25244.09,bbl,49354.58,mscf
OURHOUD,Activité E&P,AST,OF,1908,8,40337.4,bbl,195978.51,mscf
OURHOUD,Activité E&P,AST,OF,1908,9,45773.5,bbl,12685.71,mscf
OURHOUD,Activité E&P,AST,OF,1908,10,38671.68,bbl,173342.3,mscf
OURHOUD,Activité E&P,AST,OF,1908,11,12728.48,bbl,180407.16,mscf
OURHOUD,Activité E&P,AST,OF,1908,12,12974.99,bbl,198530.59,mscf
OURHOUD,Activité E&P,AST,OF,1909,1,19461.47,bbl,177060.53,mscf
OURHOUD,Activité E&P,AST,OF,1909,2,17663.77,bbl,73527.68,mscf
OURHOUD,Activité E&P,AST,OF,1909,3,15688.2,bbl,7581.66,mscf
OURHOUD,Activité E&P,AST,OF,1909,4,3885.74,bbl,174334.7,mscf
OURHOUD,Activité E&P,AST,OF,1909,5,23676.29,bbl,121969.57,mscf
OURHOUD,Activité E&P,AST,OF,1909,6,9172.69,bbl,141175.45,mscf
OURHOUD,Activité E&P,AST,OF,1909,7,28350.6,bbl,147613.65,mscf
OURHOUD,Activité E&P,AST,OF,1909,8,41957.15,bbl,125661.98,mscf
OURHOUD,Activité E&P,AST,OF,1909,9,3160.37,bbl,41295.99,mscf
OURHOUD,Activité E&P,AST,OF,1909,10,3113.46,bbl,49196.96,mscf
OURHOUD,Activité E&P,AST,OF,1909,11,49896.48,bbl,70532.71,mscf
OURHOUD,Activité E&P,AST,OF,1909,12,24067.41,bbl,66020.48,mscf
OURHOUD,Activité E&P,AST,OF,1910,1,34176.94,bbl,175398.49,mscf
OURHOUD,Activité E&P,AST,OF,1910,2,3799.63,bbl,91353.89,mscf
OURHOUD,Activité E&P,AST,OF,1910,3,31957.26,bbl,82700.78,mscf
OURHOUD,Activité E&P,AST,OF,1910,4,4183.58,bbl,176106.06,mscf
OURHOUD,Activité E&P,AST,OF,1910,5,47924.08,bbl,77833.1,mscf
OURHOUD,Activité E&P,AST,OF,1910,6,38740.66,bbl,79282.47,mscf
OURHOUD,Activité E&P,AST,OF,1910,7,25611.63,bbl,100719.27,mscf
OURHOUD,Activité E&P,AST,OF,1910,8,14478.02,bbl,192006.8,mscf
OURHOUD,Activité E&P,AST,OF,1910,9,43564.75,bbl,166620.28,mscf
OURHOUD,Activité E&P,AST,OF,1910,10,27612.04,bbl,140756.3,mscf
OURHOUD,Activité E&P,AST,OF,1910,11,39436.52,bbl,114330.95,mscf
OURHOUD,Activité E&P,AST,OF,1910,12,38078.95,bbl,117308.2,mscf
OURHOUD,Activité E&P,AST,OF,1911,1,31240.64,bbl,86663.44,mscf
OURHOUD,Activité E&P,AST,OF,1911,2,49188.93,bbl,18379.37,mscf
OURHOUD,Activité E&P,AST,OF,1911,3,2824.64,bbl,153932.39,mscf
OURHOUD,Activité E&P,AST,OF,1911,4,33435.36,bbl,69141.05,mscf
OURHOUD,Activité E&P,AST,OF,1911,5,39084.01,bbl,91485.84,mscf
OURHOUD,Activité E&P,AST,OF,1911,6,32964.16,bbl,103776.92,mscf
OURHOUD,Activité E&P,AST,OF,1911,7,23151.53,bbl,118821.5,mscf
OURHOUD,Activité E&P,AST,OF,1911,8,47882.39,bbl,182851.19,mscf
OURHOUD,Activité E&P,AST,OF,1911,9,18847.46,bbl,51193.35,mscf
OURHOUD,Activité E&P,AST,OF,1911,10,39484.89,bbl,127380.78,mscf
OURHOUD,Activité E&P,AST,OF,1911,11,39717.88,bbl,108548.19,mscf
OURHOUD,Activité E&P,AST,OF,1911,12,26489.66,bbl,160609.53,mscf
OURHOUD,Activité E&P,AST,OF,1912,1,46572.1,bbl,193384.46,mscf
OURHOUD,Activité E&P,AST,OF,1912,2,16257.75,bbl,42819.87,mscf
OURHOUD,Activité E&P,AST,OF,1912,3,38797.36,bbl,111402.37,mscf
OURHOUD,Activité E&P,AST,OF,1912,4,32802.09,bbl,158197.37,mscf
OURHOUD,Activité E&P,AST,OF,1912,5,2085.88,bbl,84441.88,mscf
OURHOUD,Activité E&P,AST,OF,1912,6,7922.73,bbl,137838.88,mscf
OURHOUD,Activité E&P,AST,OF,1912,7,46053.03,bbl,99707.29,mscf
OURHOUD,Activité E&P,AST,OF,1912,8,8820.42,bbl,146912.84,mscf
OURHOUD,Activité E&P,AST,OF,1912,9,41062.2,bbl,140225.93,mscf
OURHOUD,Activité E&P,AST,OF,1912,10,11591.87,bbl,9072.59,mscf
OURHOUD,Activité E&P,AST,OF,1912,11,34144.64,bbl,64705.34,mscf
OURHOUD,Activité E&P,AST,OF,1912,12,1543.97,bbl,6754.31,mscf
OURHOUD,Activité E&P,AST,OF,1913,1,2678.23,bbl,199003.2,mscf
OURHOUD,Activité E&P,AST,OF,1913,2,21035.46,bbl,170208.02,mscf
OURHOUD,Activité E&P,AST,OF,1913,3,4192.27,bbl,151550.59,mscf
OURHOUD,Activité E&P,AST,OF,1913,4,5006.11,bbl,124671.93,mscf
OURHOUD,Activité E&P,AST,OF,1913,5,2708.2,bbl,132733.67,mscf
OURHOUD,Activité E&P,AST,OF,1913,6,3439.64,bbl,86099.08,mscf
OURHOUD,Activité E&P,AST,OF,1913,7,32692.33,bbl,186516.47,mscf
OURHOUD,Activité E&P,AST,OF,1913,8,2068.91,bbl,99875.71,mscf
OURHOUD,Activité E&P,AST,OF,1913,9,33653.12,bbl,136386.53,mscf
OURHOUD,Activité E&P,AST,OF,1913,10,40390.31,bbl,110966.54,mscf
OURHOUD,Activité E&P,AST,OF,1913,11,13519.72,bbl,129747.25,mscf
OURHOUD,Activité E&P,AST,OF,1913,12,33216.71,bbl,130318.46,mscf
OURHOUD,Activité E&P,AST,OF,1914,1,7236.25,bbl,105999.21,mscf
OURHOUD,Activité E&P,AST,OF,1914,2,43567.56,bbl,191321.86,mscf
OURHOUD,Activité E&P,AST,OF,1914,3,34683.13,bbl,39713.48,mscf
OURHOUD,Activité E&P,AST,OF,1914,4,5443.03,bbl,64940.9,mscf
OURHOUD,Activité E&P,AST,OF,1914,5,42827.61,bbl,127512.62,mscf
OURHOUD,Activité E&P,AST,OF,1914,6,12824.47,bbl,158776.13,mscf
OURHOUD,Activité E&P,AST,OF,1914,7,23909.25,bbl,144805.84,mscf
OURHOUD,Activité E&P,AST,OF,1914,8,41973.02,bbl,144288.11,mscf
OURHOUD,Activité E&P,AST,OF,1914,9,25450.39,bbl,158128.67,mscf
OURHOUD,Activité E&P,AST,OF,1914,10,1545.31,bbl,122470.04,mscf
OURHOUD,Activité E&P,AST,OF,1914,11,4625.91,bbl,174853.94,mscf
OURHOUD,Activité E&P,AST,OF,1914,12,44642.02,bbl,157199.58,mscf
OURHOUD,Activité E&P,AST,OF,1915,1,20377.38,bbl,147341.48,mscf
OURHOUD,Activité E&P,AST,OF,1915,2,48390.02,bbl,108359.55,mscf
OURHOUD,Activité E&P,AST,OF,1915,3,4402.77,bbl,32046.16,mscf
OURHOUD,Activité E&P,AST,OF,1915,4,44263.13,bbl,106021.81,mscf
OURHOUD,Activité E&P,AST,OF,1915,5,16781.13,bbl,112469.03,mscf
OURHOUD,Activité E&P,AST,OF,1915,6,44606.22,bbl,23508.29,mscf
OURHOUD,Activité E&P,AST,OF,1915,7,5354.32,bbl,91834.67,mscf
OURHOUD,Activité E&P,AST,OF,1915,8,13974.03,bbl,196181.75,mscf
OURHOUD,Activité E&P,AST,OF,1915,9,18302.6,bbl,192599.84,mscf
OURHOUD,Activité E&P,AST,OF,1915,10,43731.32,bbl,70074.72,mscf
OURHOUD,Activité E&P,AST,OF,1915,11,6732.32,bbl,183311.16,mscf
OURHOUD,Activité E&P,AST,OF,1915,12,34980.15,bbl,195290.03,mscf
OURHOUD,Activité E&P,AST,OF,1916,1,15727.02,bbl,21183.63,mscf
OURHOUD,Activité E&P,AST,OF,1916,2,44638.16,bbl,177591.68,mscf
OURHOUD,Activité E&P,AST,OF,1916,3,43108.84,bbl,170112.58,mscf
OURHOUD,Activité E&P,AST,OF,1916,4,49620.38,bbl,96001.47,mscf
OURHOUD,Activité E&P,AST,OF,1916,5,36437.05,bbl,194470.73,mscf
OURHOUD,Activité E&P,AST,OF,1916,6,32065.23,bbl,154495.14,mscf
OURHOUD,Activité E&P,AST,OF,1916,7,13154.56,bbl,48284.1,mscf
OURHOUD,Activité E&P,AST,OF,1916,8,45971.8,bbl,132426.76,mscf
OURHOUD,Activité E&P,AST,OF,1916,9,28893.02,bbl,64727.58,mscf
OURHOUD,Activité E&P,AST,OF,1916,10,32293.54,bbl,170269.86,mscf
OURHOUD,Activité E&P,AST,OF,1916,11,12418.52,bbl,114285.54,mscf
OURHOUD,Activité E&P,AST,OF,1916,12,8159.77,bbl,170276.53,mscf
OURHOUD,Activité E&P,AST,OF,1917,1,23696.01,bbl,161005.11,mscf
OURHOUD,Activité E&P,AST,OF,1917,2,13435.06,bbl,41698.49,mscf
OURHOUD,Activité E&P,AST,OF,1917,3,9572.49,bbl,112738.1,mscf
OURHOUD,Activité E&P,AST,OF,1917,4,41551.72,bbl,32595.57,mscf
OURHOUD,Activité E&P,AST,OF,1917,5,35133.14,bbl,40273.08,mscf
OURHOUD,Activité E&P,AST,OF,1917,6,41973.59,bbl,125611.77,mscf
OURHOUD,Activité E&P,AST,OF,1917,7,43132.67,bbl,95700.22,mscf
OURHOUD,Activité E&P,AST,OF,1917,8,10446.52,bbl,100241.55,mscf
OURHOUD,Activité E&P,AST,OF,1917,9,20476.73,bbl,174460.48,mscf
OURHOUD,Activité E&P,AST,OF,1917,10,24450.2,bbl,102673.67,mscf
OURHOUD,Activité E&P,AST,OF,1917,11,34981.37,bbl,121493.63,mscf
OURHOUD,Activité E&P,AST,OF,1917,12,38334.33,bbl,161934.62,mscf
OURHOUD,Activité E&P,AST,OF,1918,1,3537.93,bbl,38966.08,mscf
OURHOUD,Activité E&P,AST,OF,1918,2,34920.65,bbl,132864.37,mscf
OURHOUD,Activité E&P,AST,OF,1918,3,24203.23,bbl,80805.77,mscf
OURHOUD,Activité E&P,AST,OF,1918,4,45690.09,bbl,120492.77,mscf
OURHOUD,Activité E&P,AST,OF,1918,5,25896.84,bbl,124484.79,mscf
OURHOUD,Activité E&P,AST,OF,1918,6,2680.36,bbl,81217.25,mscf
OURHOUD,Activité E&P,AST,OF,1918,7,28358.26,bbl,195435.99,mscf
OURHOUD,Activité E&P,AST,OF,1918,8,15736.6,bbl,90080.73,mscf
OURHOUD,Activité E&P,AST,OF,1918,9,45111.6,bbl,150055.16,mscf
OURHOUD,Activité E&P,AST,OF,1918,10,39523.39,bbl,56537.4,mscf
OURHOUD,Activité E&P,AST,OF,1918,11,13500.78,bbl,105132.27,mscf
OURHOUD,Activité E&P,AST,OF,1918,12,45897.9,bbl,70062.18,mscf
OURHOUD,Activité E&P,AST,OF,1919,1,5110.81,bbl,100395.26,mscf
OURHOUD,Activité E&P,AST,OF,1919,2,30821.85,bbl,154793.57,mscf
OURHOUD,Activité E&P,AST,OF,1919,3,25592.23,bbl,33590.71,mscf
OURHOUD,Activité E&P,AST,OF,1919,4,25743.75,bbl,42982.98,mscf
OURHOUD,Activité E&P,AST,OF,1919,5,5994.49,bbl,49020.52,mscf
OURHOUD,Activité E&P,AST,OF,1919,6,1373.6,bbl,124678.26,mscf
OURHOUD,Activité E&P,AST,OF,1919,7,39869.42,bbl,59783.52,mscf
OURHOUD,Activité E&P,AST,OF,1919,8,14267.12,bbl,143391.6,mscf
OURHOUD,Activité E&P,AST,OF,1919,9,3050.79,bbl,136973.32,mscf
OURHOUD,Activité E&P,AST,OF,1919,10,10123.5,bbl,45981.07,mscf
OURHOUD,Activité E&P,AST,OF,1919,11,6644.65,bbl,88491.35,mscf
OURHOUD,Activité E&P,AST,OF,1919,12,21475.97,bbl,45845.14,mscf
OURHOUD,Activité E&P,AST,OF,1920,1,30614.07,bbl,26629.82,mscf
OURHOUD,Activité E&P,AST,OF,1920,2,4901.11,bbl,31950.85,mscf
OURHOUD,Activité E&P,AST,OF,1920,3,44472.28,bbl,29568.34,mscf
OURHOUD,Activité E&P,AST,OF,1920,4,38060.27,bbl,169407.87,mscf
OURHOUD,Activité E&P,AST,OF,1920,5,40384.29,bbl,169741.04,mscf
OURHOUD,Activité E&P,AST,OF,1920,6,43884.77,bbl,83588.96,mscf
OURHOUD,Activité E&P,AST,OF,1920,7,25027.36,bbl,8730.18,mscf
OURHOUD,Activité E&P,AST,OF,1920,8,30009.07,bbl,37932.13,mscf
OURHOUD,Activité E&P,AST,OF,1920,9,49828.49,bbl,138496.64,mscf
OURHOUD,Activité E&P,AST,OF,1920,10,39018.59,bbl,52820.2,mscf
OURHOUD,Activité E&P,AST,OF,1920,11,32155.59,bbl,117339.92,mscf
OURHOUD,Activité E&P,AST,OF,1920,12,47988.27,bbl,133556.7,mscf
OURHOUD,Activité E&P,AST,OF,1921,1,7070.14,bbl,58994.29,mscf
OURHOUD,Activité E&P,AST,OF,1921,2,22022.69,bbl,180033.21,mscf
OURHOUD,Activité E&P,AST,OF,1921,3,6027.98,bbl,57423.62,mscf
OURHOUD,Activité E&P,AST,OF,1921,4,7472.37,bbl,160948.21,mscf
OURHOUD,Activité E&P,AST,OF,1921,5,15381.95,bbl,69327.99,mscf
OURHOUD,Activité E&P,AST,OF,1921,6,45256.4,bbl,158072.14,mscf
OURHOUD,Activité E&P,AST,OF,1921,7,34565.82,bbl,21421.26,mscf
OURHOUD,Activité E&P,AST,OF,1921,8,32956.56,bbl,93796.53,mscf
OURHOUD,Activité E&P,AST,OF,1921,9,13375.81,bbl,5454.99,mscf
OURHOUD,Activité E&P,AST,OF,1921,10,39544.72,bbl,52706.36,mscf
OURHOUD,Activité E&P,AST,OF,1921,11,12285.38,bbl,191413.44,mscf
OURHOUD,Activité E&P,AST,OF,1921,12,46580.83,bbl,157080.39,mscf
OURHOUD,Activité E&P,AST,OF,1922,1,39455.37,bbl,69437.58,mscf
OURHOUD,Activité E&P,AST,OF,1922,2,23272.4,bbl,129267.5,mscf
OURHOUD,Activité E&P,AST,OF,1922,3,26595.75,bbl,131842.42,mscf
OURHOUD,Activité E&P,AST,OF,1922,4,36454.42,bbl,157507.88,mscf
OURHOUD,Activité E&P,AST,OF,1922,5,24004.56,bbl,80158.27,mscf
OURHOUD,Activité E&P,AST,OF,1922,6,22103.38,bbl,126340.14,mscf
OURHOUD,Activité E&P,AST,OF,1922,7,28299.36,bbl,40501.96,mscf
OURHOUD,Activité E&P,AST,OF,1922,8,23824.98,bbl,32816.64,mscf
OURHOUD,Activité E&P,AST,OF,1922,9,36584.41,bbl,109175.53,mscf
OURHOUD,Activité E&P,AST,OF,1922,10,4563.52,bbl,36587.0,mscf
OURHOUD,Activité E&P,AST,OF,1922,11,23527.1,bbl,108437.48,mscf
OURHOUD,Activité E&P,AST,OF,1922,12,32464.19,bbl,136347.05,mscf
OURHOUD,Activité E&P,AST,OF,1923,1,26633.07,bbl,75341.0,mscf
OURHOUD,Activité E&P,AST,OF,1923,2,43756.5,bbl,111072.99,mscf
OURHOUD,Activité E&P,AST,OF,1923,3,15104.43,bbl,147017.05,mscf
OURHOUD,Activité E&P,AST,OF,1923,4,13156.0,bbl,13358.2,mscf
OURHOUD,Activité E&P,AST,OF,1923,5,29498.54,bbl,108866.46,mscf
OURHOUD,Activité E&P,AST,OF,1923,6,19332.36,bbl,142082.06,mscf
OURHOUD,Activité E&P,AST,OF,1923,7,41230.29,bbl,197139.72,mscf
OURHOUD,Activité E&P,AST,OF,1923,8,6462.09,bbl,174541.23,mscf
OURHOUD,Activité E&P,AST,OF,1923,9,1417.12,bbl,198389.03,mscf
OURHOUD,Activité E&P,AST,OF,1923,10,42629.52,bbl,90577.89,mscf
OURHOUD,Activité E&P,AST,OF,1923,11,46556.94,bbl,148046.37,mscf
OURHOUD,Activité E&P,AST,OF,1923,12,33986.67,bbl,119910.78,mscf
OURHOUD,Activité E&P,AST,OF,1924,1,47204.14,bbl,171838.62,mscf
OURHOUD,Activité E&P,AST,OF,1924,2,39392.14,bbl,18121.31,mscf
OURHOUD,Activité E&P,AST,OF,1924,3,26080.91,bbl,9969.88,mscf
OURHOUD,Activité E&P,AST,OF,1924,4,29931.47,bbl,27990.96,mscf
OURHOUD,Activité E&P,AST,OF,1924,5,19021.19,bbl,156163.19,mscf
OURHOUD,Activité E&P,AST,OF,1924,6,21360.28,bbl,120360.89,mscf
OURHOUD,Activité E&P,AST,OF,1924,7,18020.69,bbl,114734.09,mscf
OURHOUD,Activité E&P,AST,OF,1924,8,26705.45,bbl,133221.69,mscf
OURHOUD,Activité E&P,AST,OF,1924,9,40324.61,bbl,117871.32,mscf
OURHOUD,Activité E&P,AST,OF,1924,10,30209.33,bbl,180929.24,mscf
OURHOUD,Activité E&P,AST,OF,1924,11,48278.03,bbl,76170.52,mscf
OURHOUD,Activité E&P,AST,OF,1924,12,46013.32,bbl,146119.84,mscf
OURHOUD,Activité E&P,AST,OF,1925,1,8560.62,bbl,41074.44,mscf
OURHOUD,Activité E&P,AST,OF,1925,2,13367.73,bbl,122077.6,mscf
OURHOUD,Activité E&P,AST,OF,1925,3,40468.28,bbl,198743.3,mscf
OURHOUD,Activité E&P,AST,OF,1925,4,42793.46,bbl,41966.15,mscf
OURHOUD,Activité E&P,AST,OF,1925,5,34301.23,bbl,84617.19,mscf
OURHOUD,Activité E&P,AST,OF,1925,6,48122.16,bbl,101566.47,mscf
OURHOUD,Activité E&P,AST,OF,1925,7,13636.29,bbl,108181.05,mscf
OURHOUD,Activité E&P,AST,OF,1925,8,25203.8,bbl,144791.14,mscf
OURHOUD,Activité E&P,AST,OF,1925,9,1293.95,bbl,192736.08,mscf
OURHOUD,Activité E&P,AST,OF,1925,10,12671.04,bbl,138251.1,mscf
OURHOUD,Activité E&P,AST,OF,1925,11,14459.31,bbl,161107.5,mscf
OURHOUD,Activité E&P,AST,OF,1925,12,45816.0,bbl,120257.55,mscf
OURHOUD,Activité E&P,AST,OF,1926,1,6880.7,bbl,17299.85,mscf
OURHOUD,Activité E&P,AST,OF,1926,2,48981.73,bbl,13945.13,mscf
OURHOUD,Activité E&P,AST,OF,1926,3,17515.58,bbl,21198.27,mscf
OURHOUD,Activité E&P,AST,OF,1926,4,30357.43,bbl,181207.83,mscf
OURHOUD,Activité E&P,AST,OF,1926,5,9440.29,bbl,178975.91,mscf
OURHOUD,Activité E&P,AST,OF,1926,6,6931.15,bbl,34573.17,mscf
OURHOUD,Activité E&P,AST,OF,1926,7,26487.45,bbl,90330.93,mscf
OURHOUD,Activité E&P,AST,OF,1926,8,26922.77,bbl,80145.17,mscf
OURHOUD,Activité E&P,AST,OF,1926,9,48993.16,bbl,35193.48,mscf
OURHOUD,Activité E&P,AST,OF,1926,10,14084.46,bbl,104577.41,mscf
OURHOUD,Activité E&P,AST,OF,1926,11,26308.46,bbl,34105.18,mscf
OURHOUD,Activité E&P,AST,OF,1926,12,18319.68,bbl,156633.18,mscf
OURHOUD,Activité E&P,AST,OF,1927,1,29980.11,bbl,89596.35,mscf
OURHOUD,Activité E&P,AST,OF,1927,2,7245.91,bbl,87885.77,mscf
OURHOUD,Activité E&P,AST,OF,1927,3,39158.41,bbl,32964.83,mscf
OURHOUD,Activité E&P,AST,OF,1927,4,28713.98,bbl,138068.0,mscf
OURHOUD,Activité E&P,AST,OF,1927,5,48252.84,bbl,53353.92,mscf
OURHOUD,Activité E&P,AST,OF,1927,6,9626.94,bbl,65652.39,mscf
OURHOUD,Activité E&P,AST,OF,1927,7,5044.3,bbl,33491.23,mscf
OURHOUD,Activité E&P,AST,OF,1927,8,14743.49,bbl,40678.17,mscf
OURHOUD,Activité E&P,AST,OF,1927,9,44046.52,bbl,195655.0,mscf
OURHOUD,Activité E&P,AST,OF,1927,10,46997.81,bbl,161208.45,mscf
OURHOUD,Activité E&P,AST,OF,1927,11,24256.04,bbl,103163.25,mscf
OURHOUD,Activité E&P,AST,OF,1927,12,14663.03,bbl,112784.71,mscf
OURHOUD,Activité E&P,AST,OF,1928,1,41787.86,bbl,90160.14,mscf
OURHOUD,Activité E&P,AST,OF,1928,2,38678.6,bbl,70308.33,mscf
OURHOUD,Activité E&P,AST,OF,1928,3,25391.93,bbl,116580.82,mscf
OURHOUD,Activité E&P,AST,OF,1928,4,39102.51,bbl,35724.31,mscf
OURHOUD,Activité E&P,AST,OF,1928,5,9260.83,bbl,57427.96,mscf
OURHOUD,Activité E&P,AST,OF,1928,6,5092.3,bbl,79424.62,mscf
OURHOUD,Activité E&P,AST,OF,1928,7,13313.06,bbl,165373.54,mscf
OURHOUD,Activité E&P,AST,OF,1928,8,44587.47,bbl,184885.28,mscf
OURHOUD,Activité E&P,AST,OF,1928,9,41797.77,bbl,24545.49,mscf
OURHOUD,Activité E&P,AST,OF,1928,10,14700.81,bbl,178395.4,mscf
OURHOUD,Activité E&P,AST,OF,1928,11,32128.01,bbl,134239.51,mscf
OURHOUD,Activité E&P,AST,OF,1928,12,19768.97,bbl,140127.5,mscf
OURHOUD,Activité E&P,AST,OF,1929,1,24792.84,bbl,186084.92,mscf
OURHOUD,Activité E&P,AST,OF,1929,2,42067.2,bbl,137570.71,mscf
OURHOUD,Activité E&P,AST,OF,1929,3,1971.34,bbl,94597.3,mscf
OURHOUD,Activité E&P,AST,OF,1929,4,44751.92,bbl,66414.88,mscf
OURHOUD,Activité E&P,AST,OF,1929,5,7671.21,bbl,133178.04,mscf
OURHOUD,Activité E&P,AST,OF,1929,6,20241.69,bbl,194611.98,mscf
OURHOUD,Activité E&P,AST,OF,1929,7,4699.8,bbl,42152.79,mscf
OURHOUD,Activité E&P,AST,OF,1929,8,16673.33,bbl,155664.45,mscf
OURHOUD,Activité E&P,AST,OF,1929,9,32338.39,bbl,83848.89,mscf
OURHOUD,Activité E&P,AST,OF,1929,10,40173.73,bbl,45414.98,mscf
OURHOUD,Activité E&P,AST,OF,1929,11,5250.68,bbl,43571.08,mscf
OURHOUD,Activité E&P,AST,OF,1929,12,30368.91,bbl,169755.87,mscf
OURHOUD,Activité E&P,AST,OF,1930,1,43943.87,bbl,112313.56,mscf
OURHOUD,Activité E&P,AST,OF,1930,2,27061.87,bbl,63037.16,mscf
OURHOUD,Activité E&P,AST,OF,1930,3,3484.43,bbl,7159.91,mscf
OURHOUD,Activité E&P,AST,OF,1930,4,25023.17,bbl,152319.64,mscf
OURHOUD,Activité E&P,AST,OF,1930,5,5844.39,bbl,49694.4,mscf
OURHOUD,Activité E&P,AST,OF,1930,6,8747.79,bbl,185431.14,mscf
OURHOUD,Activité E&P,AST,OF,1930,7,32105.2,bbl,81892.95,mscf
OURHOUD,Activité E&P,AST,OF,1930,8,47902.27,bbl,188211.14,mscf
OURHOUD,Activité E&P,AST,OF,1930,9,12842.39,bbl,155829.86,mscf
OURHOUD,Activité E&P,AST,OF,1930,10,49245.57,bbl,86726.27,mscf
OURHOUD,Activité E&P,AST,OF,1930,11,17695.92,bbl,133741.89,mscf
OURHOUD,Activité E&P,AST,OF,1930,12,49064.23,bbl,52224.37,mscf
OURHOUD,Activité E&P,AST,OF,1931,1,32980.67,bbl,119783.76,mscf
OURHOUD,Activité E&P,AST,OF,1931,2,24907.47,bbl,186646.57,mscf
OURHOUD,Activité E&P,AST,OF,1931,3,2990.58,bbl,52670.44,mscf
OURHOUD,Activité E&P,AST,OF,1931,4,33050.46,bbl,171871.15,mscf
OURHOUD,Activité E&P,AST,OF,1931,5,20473.9,bbl,21568.2,mscf
OURHOUD,Activité E&P,AST,OF,1931,6,45303.09,bbl,50896.5,mscf
OURHOUD,Activité E&P,AST,OF,1931,7,38836.03,bbl,30521.46,mscf
OURHOUD,Activité E&P,AST,OF,1931,8,27363.27,bbl,136292.61,mscf
OURHOUD,Activité E&P,AST,OF,1931,9,26367.39,bbl,122967.12,mscf
OURHOUD,Activité E&P,AST,OF,1931,10,39100.41,bbl,175697.21,mscf
OURHOUD,Activité E&P,AST,OF,1931,11,10900.53,bbl,15499.49,mscf
OURHOUD,Activité E&P,AST,OF,1931,12,11154.38,bbl,147788.23,mscf
OURHOUD,Activité E&P,AST,OF,1932,1,7136.87,bbl,24280.13,mscf
OURHOUD,Activité E&P,AST,OF,1932,2,4863.81,bbl,176036.62,mscf
OURHOUD,Activité E&P,AST,OF,1932,3,36183.94,bbl,161763.71,mscf
OURHOUD,Activité E&P,AST,OF,1932,4,21771.43,bbl,58043.41,mscf
OURHOUD,Activité E&P,AST,OF,1932,5,11735.3,bbl,39674.15,mscf
OURHOUD,Activité E&P,AST,OF,1932,6,17808.38,bbl,170975.13,mscf
OURHOUD,Activité E&P,AST,OF,1932,7,46801.57,bbl,36447.62,mscf
OURHOUD,Activité E&P,AST,OF,1932,8,36148.89,bbl,183503.79,mscf
OURHOUD,Activité E&P,AST,OF,1932,9,38699.97,bbl,16646.03,mscf
OURHOUD,Activité E&P,AST,OF,1932,10,27565.43,bbl,55292.7,mscf
OURHOUD,Activité E&P,AST,OF,1932,11,46866.16,bbl,138766.05,mscf
OURHOUD,Activité E&P,AST,OF,1932,12,14804.75,bbl,146526.06,mscf
OURHOUD,Activité E&P,AST,OF,1933,1,38578.54,bbl,191302.73,mscf
OURHOUD,Activité E&P,AST,OF,1933,2,35272.67,bbl,89244.78,mscf
OURHOUD,Activité E&P,AST,OF,1933,3,15349.6,bbl,102986.11,mscf
OURHOUD,Activité E&P,AST,OF,1933,4,9674.35,bbl,197423.15,mscf
OURHOUD,Activité E&P,AST,OF,1933,5,34488.03,bbl,67670.74,mscf
OURHOUD,Activité E&P,AST,OF,1933,6,31230.03,bbl,185058.97,mscf
OURHOUD,Activité E&P,AST,OF,1933,7,19393.68,bbl,5435.61,mscf
OURHOUD,Activité E&P,AST,OF,1933,8,49704.68,bbl,194911.96,mscf
OURHOUD,Activité E&P,AST,OF,1933,9,20420.79,bbl,37660.16,mscf
OURHOUD,Activité E&P,AST,OF,1933,10,44868.41,bbl,114390.42,mscf
OURHOUD,Activité E&P,AST,OF,1933,11,21076.54,bbl,187242.43,mscf
OURHOUD,Activité E&P,AST,OF,1933,12,20630.62,bbl,35288.66,mscf
OURHOUD,Activité E&P,AST,OF,1934,1,27521.83,bbl,127352.33,mscf
OURHOUD,Activité E&P,AST,OF,1934,2,45999.61,bbl,15622.51,mscf
OURHOUD,Activité E&P,AST,OF,1934,3,16630.09,bbl,148942.38,mscf
OURHOUD,Activité E&P,AST,OF,1934,4,46781.31,bbl,69404.16,mscf
OURHOUD,Activité E&P,AST,OF,1934,5,30871.4,bbl,166616.11,mscf
OURHOUD,Activité E&P,AST,OF,1934,6,21776.81,bbl,21469.89,mscf
OURHOUD,Activité E&P,AST,OF,1934,7,21720.7,bbl,62607.3,mscf
OURHOUD,Activité E&P,AST,OF,1934,8,9717.79,bbl,63982.57,mscf
OURHOUD,Activité E&P,AST,OF,1934,9,29333.86,bbl,57290.02,mscf
OURHOUD,Activité E&P,AST,OF,1934,10,13284.96,bbl,47064.88,mscf
OURHOUD,Activité E&P,AST,OF,1934,11,36884.06,bbl,141384.72,mscf
OURHOUD,Activité E&P,AST,OF,1934,12,12430.23,bbl,184601.1,mscf
OURHOUD,Activité E&P,AST,OF,1935,1,4689.53,bbl,33568.48,mscf
OURHOUD,Activité E&P,AST,OF,1935,2,10766.83,bbl,91281.46,mscf
OURHOUD,Activité E&P,AST,OF,1935,3,10272.49,bbl,166223.22,mscf
OURHOUD,Activité E&P,AST,OF,1935,4,2651.36,bbl,20912.95,mscf
OURHOUD,Activité E&P,AST,OF,1935,5,47105.5,bbl,113544.68,mscf
OURHOUD,Activité E&P,AST,OF,1935,6,21247.27,bbl,177476.1,mscf
OURHOUD,Activité E&P,AST,OF,1935,7,29422.01,bbl,110331.36,mscf
OURHOUD,Activité E&P,AST,OF,1935,8,18293.9,bbl,167460.23,mscf
OURHOUD,Activité E&P,AST,OF,1935,9,36610.17,bbl,43828.14,mscf
OURHOUD,Activité E&P,AST,OF,1935,10,11321.77,bbl,49576.97,mscf
OURHOUD,Activité E&P,AST,OF,1935,11,10501.37,bbl,68975.48,mscf
OURHOUD,Activité E&P,AST,OF,1935,12,16225.36,bbl,154758.48,mscf
OURHOUD,Activité E&P,AST,OF,1936,1,26505.04,bbl,14319.38,mscf
OURHOUD,Activité E&P,AST,OF,1936,2,25799.97,bbl,198494.87,mscf
OURHOUD,Activité E&P,AST,OF,1936,3,15097.9,bbl,77201.86,mscf
OURHOUD,Activité E&P,AST,OF,1936,4,35009.59,bbl,64590.36,mscf
OURHOUD,Activité E&P,AST,OF,1936,5,35833.27,bbl,78929.81,mscf
OURHOUD,Activité E&P,AST,OF,1936,6,25837.15,bbl,53551.11,mscf
OURHOUD,Activité E&P,AST,OF,1936,7,46783.74,bbl,18521.92,mscf
OURHOUD,Activité E&P,AST,OF,1936,8,46226.24,bbl,83339.06,mscf
OURHOUD,Activité E&P,AST,OF,1936,9,20738.4,bbl,170469.23,mscf
OURHOUD,Activité E&P,AST,OF,1936,10,36990.92,bbl,95614.6,mscf
OURHOUD,Activité E&P,AST,OF,1936,11,29905.42,bbl,183578.46,mscf
OURHOUD,Activité E&P,AST,OF,1936,12,5439.96,bbl,121820.69,mscf
OURHOUD,Activité E&P,AST,OF,1937,1,17968.12,bbl,66111.51,mscf
OURHOUD,Activité E&P,AST,OF,1937,2,31399.62,bbl,23348.34,mscf
OURHOUD,Activité E&P,AST,OF,1937,3,34550.68,bbl,93387.77,mscf
OURHOUD,Activité E&P,AST,OF,1937,4,27645.83,bbl,172331.41,mscf
OURHOUD,Activité E&P,AST,OF,1937,5,34041.25,bbl,15891.53,mscf
OURHOUD,Activité E&P,AST,OF,1937,6,30942.27,bbl,131556.57,mscf
OURHOUD,Activité E&P,AST,OF,1937,7,31928.89,bbl,26760.15,mscf
OURHOUD,Activité E&P,AST,OF,1937,8,23590.24,bbl,126933.9,mscf
OURHOUD,Activité E&P,AST,OF,1937,9,44431.04,bbl,49673.75,mscf
OURHOUD,Activité E&P,AST,OF,1937,10,9279.33,bbl,81138.94,mscf
OURHOUD,Activité E&P,AST,OF,1937,11,27349.4,bbl,109604.86,mscf
OURHOUD,Activité E&P,AST,OF,1937,12,49025.24,bbl,50180.96,mscf
OURHOUD,Activité E&P,AST,OF,1938,1,5515.01,bbl,179881.45,mscf
OURHOUD,Activité E&P,AST,OF,1938,2,45681.43,bbl,35524.65,mscf
OURHOUD,Activité E&P,AST,OF,1938,3,19073.32,bbl,50783.42,mscf
OURHOUD,Activité E&P,AST,OF,1938,4,27361.89,bbl,49135.5,mscf
OURHOUD,Activité E&P,AST,OF,1938,5,31969.85,bbl,85965.48,mscf
OURHOUD,Activité E&P,AST,OF,1938,6,2407.6,bbl,117563.35,mscf
OURHOUD,Activité E&P,AST,OF,1938,7,28446.92,bbl,143121.59,mscf
OURHOUD,Activité E&P,AST,OF,1938,8,16086.36,bbl,76793.61,mscf
OURHOUD,Activité E&P,AST,OF,1938,9,35883.34,bbl,146479.8,mscf
OURHOUD,Activité E&P,AST,OF,1938,10,10983.27,bbl,99527.33,mscf
OURHOUD,Activité E&P,AST,OF,1938,11,17792.01,bbl,47809.73,mscf
OURHOUD,Activité E&P,AST,OF,1938,12,41619.07,bbl,48713.87,mscf
OURHOUD,Activité E&P,AST,OF,1939,1,9877.1,bbl,123584.43,mscf
OURHOUD,Activité E&P,AST,OF,1939,2,38735.89,bbl,70863.84,mscf
OURHOUD,Activité E&P,AST,OF,1939,3,39165.59,bbl,42953.04,mscf
OURHOUD,Activité E&P,AST,OF,1939,4,20718.53,bbl,143599.31,mscf
OURHOUD,Activité E&P,AST,OF,1939,5,15079.57,bbl,173889.42,mscf
OURHOUD,Activité E&P,AST,OF,1939,6,22940.97,bbl,99425.05,mscf
OURHOUD,Activité E&P,AST,OF,1939,7,26325.4,bbl,72351.09,mscf
OURHOUD,Activité E&P,AST,OF,1939,8,21036.84,bbl,25858.69,mscf
OURHOUD,Activité E&P,AST,OF,1939,9,43744.12,bbl,81330.55,mscf
OURHOUD,Activité E&P,AST,OF,1939,10,10961.58,bbl,135841.31,mscf
OURHOUD,Activité E&P,AST,OF,1939,11,20452.21,bbl,129717.75,mscf
OURHOUD,Activité E&P,AST,OF,1939,12,45559.27,bbl,37023.5,mscf
OURHOUD,Activité E&P,AST,OF,1940,1,7977.17,bbl,85694.73,mscf
OURHOUD,Activité E&P,AST,OF,1940,2,32149.67,bbl,8194.48,mscf
OURHOUD,Activité E&P,AST,OF,1940,3,42563.76,bbl,92294.94,mscf
OURHOUD,Activité E&P,AST,OF,1940,4,20857.94,bbl,86139.44,mscf
OURHOUD,Activité E&P,AST,OF,1940,5,46940.53,bbl,169548.61,mscf
OURHOUD,Activité E&P,AST,OF,1940,6,47350.33,bbl,150351.37,mscf
OURHOUD,Activité E&P,AST,OF,1940,7,3818.37,bbl,17138.73,mscf
OURHOUD,Activité E&P,AST,OF,1940,8,20133.0,bbl,151109.56,mscf
OURHOUD,Activité E&P,AST,OF,1940,9,6475.84,bbl,82098.73,mscf
OURHOUD,Activité E&P,AST,OF,1940,10,17880.19,bbl,45910.72,mscf
OURHOUD,Activité E&P,AST,OF,1940,11,27459.18,bbl,154316.15,mscf
OURHOUD,Activité E&P,AST,OF,1940,12,13915.32,bbl,28561.33,mscf
OURHOUD,Activité E&P,AST,OF,1941,1,45890.47,bbl,18511.61,mscf
OURHOUD,Activité E&P,AST,OF,1941,2,1410.59,bbl,64681.8,mscf
OURHOUD,Activité E&P,AST,OF,1941,3,2614.16,bbl,86257.24,mscf
OURHOUD,Activité E&P,AST,OF,1941,4,47027.32,bbl,195823.86,mscf
OURHOUD,Activité E&P,AST,OF,1941,5,14201.17,bbl,26622.24,mscf
OURHOUD,Activité E&P,AST,OF,1941,6,15536.0,bbl,38403.52,mscf
OURHOUD,Activité E&P,AST,OF,1941,7,37380.38,bbl,75248.88,mscf
OURHOUD,Activité E&P,AST,OF,1941,8,10252.19,bbl,5446.21,mscf
OURHOUD,Activité E&P,AST,OF,1941,9,23328.47,bbl,42952.9,mscf
OURHOUD,Activité E&P,AST,OF,1941,10,34438.92,bbl,139463.17,mscf
OURHOUD,Activité E&P,AST,OF,1941,11,43775.12,bbl,150284.76,mscf
OURHOUD,Activité E&P,AST,OF,1941,12,38141.6,bbl,173435.17,mscf
OURHOUD,Activité E&P,AST,OF,1942,1,11349.2,bbl,137100.71,mscf
OURHOUD,Activité E&P,AST,OF,1942,2,35400.61,bbl,170207.6,mscf
OURHOUD,Activité E&P,AST,OF,1942,3,31980.51,bbl,117555.56,mscf
OURHOUD,Activité E&P,AST,OF,1942,4,20569.25,bbl,146008.58,mscf
OURHOUD,Activité E&P,AST,OF,1942,5,23311.37,bbl,128864.76,mscf
OURHOUD,Activité E&P,AST,OF,1942,6,43278.71,bbl,152513.52,mscf
OURHOUD,Activité E&P,AST,OF,1942,7,6044.73,bbl,184200.75,mscf
OURHOUD,Activité E&P,AST,OF,1942,8,10070.2,bbl,109990.81,mscf
OURHOUD,Activité E&P,AST,OF,1942,9,8636.73,bbl,23497.59,mscf
OURHOUD,Activité E&P,AST,OF,1942,10,36695.52,bbl,78173.07,mscf
OURHOUD,Activité E&P,AST,OF,1942,11,13444.75,bbl,51453.44,mscf
OURHOUD,Activité E&P,AST,OF,1942,12,4274.19,bbl,66800.96,mscf
OURHOUD,Activité E&P,AST,OF,1943,1,26758.65,bbl,111720.65,mscf
OURHOUD,Activité E&P,AST,OF,1943,2,3344.75,bbl,62949.93,mscf
OURHOUD,Activité E&P,AST,OF,1943,3,4797.34,bbl,137459.01,mscf
OURHOUD,Activité E&P,AST,OF,1943,4,15621.35,bbl,34164.78,mscf
OURHOUD,Activité E&P,AST,OF,1943,5,26818.04,bbl,78922.95,mscf
OURHOUD,Activité E&P,AST,OF,1943,6,6493.56,bbl,36861.34,mscf
OURHOUD,Activité E&P,AST,OF,1943,7,35584.96,bbl,199645.39,mscf
OURHOUD,Activité E&P,AST,OF,1943,8,34501.34,bbl,73015.82,mscf
OURHOUD,Activité E&P,AST,OF,1943,9,8839.74,bbl,87738.78,mscf
OURHOUD,Activité E&P,AST,OF,1943,10,22316.28,bbl,133479.16,mscf
OURHOUD,Activité E&P,AST,OF,1943,11,39147.26,bbl,193220.0,mscf
OURHOUD,Activité E&P,AST,OF,1943,12,23266.96,bbl,113953.08,mscf
OURHOUD,Activité E&P,AST,OF,1944,1,4574.51,bbl,124953.86,mscf
OURHOUD,Activité E&P,AST,OF,1944,2,32324.77,bbl,40552.9,mscf
OURHOUD,Activité E&P,AST,OF,1944,3,31319.49,bbl,33450.63,mscf
OURHOUD,Activité E&P,AST,OF,1944,4,5693.57,bbl,91763.79,mscf
OURHOUD,Activité E&P,AST,OF,1944,5,36129.25,bbl,50192.87,mscf
OURHOUD,Activité E&P,AST,OF,1944,6,24583.42,bbl,184950.77,mscf
OURHOUD,Activité E&P,AST,OF,1944,7,27832.55,bbl,114394.63,mscf
OURHOUD,Activité E&P,AST,OF,1944,8,10446.51,bbl,123057.21,mscf
OURHOUD,Activité E&P,AST,OF,1944,9,36418.51,bbl,49210.32,mscf
OURHOUD,Activité E&P,AST,OF,1944,10,30442.74,bbl,64500.53,mscf
OURHOUD,Activité E&P,AST,OF,1944,11,43268.83,bbl,74781.92,mscf
OURHOUD,Activité E&P,AST,OF,1944,12,20217.74,bbl,8685.81,mscf
OURHOUD,Activité E&P,AST,OF,1945,1,19713.43,bbl,86654.73,mscf
OURHOUD,Activité E&P,AST,OF,1945,2,10236.83,bbl,170425.42,mscf
OURHOUD,Activité E&P,AST,OF,1945,3,14614.59,bbl,114574.88,mscf
OURHOUD,Activité E&P,AST,OF,1945,4,9727.93,bbl,140314.7,mscf
OURHOUD,Activité E&P,AST,OF,1945,5,40067.34,bbl,23140.22,mscf
OURHOUD,Activité E&P,AST,OF,1945,6,23529.61,bbl,117565.56,mscf
OURHOUD,Activité E&P,AST,OF,1945,7,28462.18,bbl,159363.19,mscf
OURHOUD,Activité E&P,AST,OF,1945,8,22283.23,bbl,105424.26,mscf
OURHOUD,Activité E&P,AST,OF,1945,9,35744.51,bbl,44887.29,mscf
OURHOUD,Activité E&P,AST,OF,1945,10,41069.66,bbl,18378.43,mscf
OURHOUD,Activité E&P,AST,OF,1945,11,8801.33,bbl,24043.58,mscf
OURHOUD,Activité E&P,AST,OF,1945,12,6772.23,bbl,129493.32,mscf
OURHOUD,Activité E&P,AST,OF,1946,1,49894.09,bbl,22862.12,mscf
OURHOUD,Activité E&P,AST,OF,1946,2,7050.38,bbl,66249.06,mscf
OURHOUD,Activité E&P,AST,OF,1946,3,2750.66,bbl,108486.31,mscf
OURHOUD,Activité E&P,AST,OF,1946,4,39135.76,bbl,187395.41,mscf
OURHOUD,Activité E&P,AST,OF,1946,5,15326.93,bbl,6182.9,mscf
OURHOUD,Activité E&P,AST,OF,1946,6,8971.36,bbl,105955.36,mscf
OURHOUD,Activité E&P,AST,OF,1946,7,48027.79,bbl,137113.4,mscf
OURHOUD,Activité E&P,AST,OF,1946,8,27056.91,bbl,171883.12,mscf
OURHOUD,Activité E&P,AST,OF,1946,9,15959.01,bbl,136393.07,mscf
OURHOUD,Activité E&P,AST,OF,1946,10,29267.31,bbl,63977.13,mscf
OURHOUD,Activité E&P,AST,OF,1946,11,33159.48,bbl,97225.01,mscf
OURHOUD,Activité E&P,AST,OF,1946,12,22080.81,bbl,33086.7,mscf
OURHOUD,Activité E&P,AST,OF,1947,1,33916.24,bbl,104169.85,mscf
OURHOUD,Activité E&P,AST,OF,1947,2,4092.46,bbl,185006.23,mscf
OURHOUD,Activité E&P,AST,OF,1947,3,36465.18,bbl,113882.18,mscf
OURHOUD,Activité E&P,AST,OF,1947,4,37910.21,bbl,70568.55,mscf
OURHOUD,Activité E&P,AST,OF,1947,5,16822.04,bbl,19959.3,mscf
OURHOUD,Activité E&P,AST,OF,1947,6,6711.89,bbl,70038.3,mscf
OURHOUD,Activité E&P,AST,OF,1947,7,46220.4,bbl,181923.94,mscf
OURHOUD,Activité E&P,AST,OF,1947,8,31584.07,bbl,36421.99,mscf
OURHOUD,Activité E&P,AST,OF,1947,9,38473.93,bbl,175129.38,mscf
OURHOUD,Activité E&P,AST,OF,1947,10,30503.87,bbl,96101.06,mscf
OURHOUD,Activité E&P,AST,OF,1947,11,4517.47,bbl,83500.24,mscf
OURHOUD,Activité E&P,AST,OF,1947,12,25716.91,bbl,70884.81,mscf
OURHOUD,Activité E&P,AST,OF,1948,1,4320.27,bbl,86137.57,mscf
OURHOUD,Activité E&P,AST,OF,1948,2,28708.09,bbl,89085.67,mscf
OURHOUD,Activité E&P,AST,OF,1948,3,44656.17,bbl,182102.5,mscf
OURHOUD,Activité E&P,AST,OF,1948,4,2950.06,bbl,173009.05,mscf
OURHOUD,Activité E&P,AST,OF,1948,5,41096.99,bbl,78427.69,mscf
OURHOUD,Activité E&P,AST,OF,1948,6,33000.76,bbl,69997.69,mscf
OURHOUD,Activité E&P,AST,OF,1948,7,48373.23,bbl,125858.57,mscf
OURHOUD,Activité E&P,AST,OF,1948,8,13681.27,bbl,193681.69,mscf
OURHOUD,Activité E&P,AST,OF,1948,9,34004.75,bbl,29947.71,mscf
OURHOUD,Activité E&P,AST,OF,1948,10,16821.1,bbl,18244.38,mscf
OURHOUD,Activité E&P,AST,OF,1948,11,2688.68,bbl,47342.29,mscf
OURHOUD,Activité E&P,AST,OF,1948,12,36603.05,bbl,118213.38,mscf
OURHOUD,Activité E&P,AST,OF,1949,1,44828.3,bbl,114863.0,mscf
OURHOUD,Activité E&P,AST,OF,1949,2,48035.94,bbl,15468.72,mscf
OURHOUD,Activité E&P,AST,OF,1949,3,15373.24,bbl,185089.66,mscf
OURHOUD,Activité E&P,AST,OF,1949,4,3521.4,bbl,98739.83,mscf
OURHOUD,Activité E&P,AST,OF,1949,5,27611.52,bbl,141241.61,mscf
OURHOUD,Activité E&P,AST,OF,1949,6,16086.85,bbl,80691.27,mscf
OURHOUD,Activité E&P,AST,OF,1949,7,33909.03,bbl,147554.95,mscf
OURHOUD,Activité E&P,AST,OF,1949,8,28943.27,bbl,190857.14,mscf
OURHOUD,Activité E&P,AST,OF,1949,9,49113.83,bbl,142832.03,mscf
OURHOUD,Activité E&P,AST,OF,1949,10,4789.81,bbl,72996.49,mscf
OURHOUD,Activité E&P,AST,OF,1949,11,9871.76,bbl,38550.3,mscf
OURHOUD,Activité E&P,AST,OF,1949,12,6236.25,bbl,40466.94,mscf
RKF,Activité E&P,AST,OF,1900,1,6918.34,bbl,127214.83,mscf
RKF,Activité E&P,AST,OF,1900,2,45569.59,bbl,115169.77,mscf
RKF,Activité E&P,AST,OF,1900,3,24954.52,bbl,61553.19,mscf
RKF,Activité E&P,AST,OF,1900,4,33740.26,bbl,167170.75,mscf
RKF,Activité E&P,AST,OF,1900,5,43337.38,bbl,159911.45,mscf
RKF,Activité E&P,AST,OF,1900,6,23622.67,bbl,41215.7,mscf
RKF,Activité E&P,AST,OF,1900,7,11636.5,bbl,88388.61,mscf
RKF,Activité E&P,AST,OF,1900,8,29682.55,bbl,52070.28,mscf
RKF,Activité E&P,AST,OF,1900,9,30365.51,bbl,101781.06,mscf
RKF,Activité E&P,AST,OF,1900,10,24462.74,bbl,16133.73,mscf
RKF,Activité E&P,AST,OF,1900,11,11379.2,bbl,150916.54,mscf
RKF,Activité E&P,AST,OF,1900,12,32958.94,bbl,198968.75,mscf
RKF,Activité E&P,AST,OF,1901,1,13693.07,bbl,28537.58,mscf
RKF,Activité E&P,AST,OF,1901,2,12304.79,bbl,182571.79,mscf
RKF,Activité E&P,AST,OF,1901,3,11859.07,bbl,77915.82,mscf
RKF,Activité E&P,AST,OF,1901,4,40033.28,bbl,184337.03,mscf
RKF,Activité E&P,AST,OF,1901,5,41476.19,bbl,168088.44,mscf
RKF,Activité E&P,AST,OF,1901,6,24367.42,bbl,90584.91,mscf
RKF,Activité E&P,AST,OF,1901,7,4651.31,bbl,146637.73,mscf
RKF,Activité E&P,AST,OF,1901,8,4427.36,bbl,152450.44,mscf
RKF,Activité E&P,AST,OF,1901,9,23343.05,bbl,103380.29,mscf
RKF,Activité E&P,AST,OF,1901,10,33076.37,bbl,179789.75,mscf
RKF,Activité E&P,AST,OF,1901,11,34674.85,bbl,126988.53,mscf
RKF,Activité E&P,AST,OF,1901,12,45442.21,bbl,51080.95,mscf
RKF,Activité E&P,AST,OF,1902,1,37105.54,bbl,177475.56,mscf
RKF,Activité E&P,AST,OF,1902,2,21999.89,bbl,149508.86,mscf
RKF,Activité E&P,AST,OF,1902,3,29487.5,bbl,109623.61,mscf
RKF,Activité E&P,AST,OF,1902,4,45730.24,bbl,120008.97,mscf
RKF,Activité E&P,AST,OF,1902,5,36541.44,bbl,22380.73,mscf
RKF,Activité E&P,AST,OF,1902,6,14980.61,bbl,128460.55,mscf
RKF,Activité E&P,AST,OF,1902,7,15362.97,bbl,125751.97,mscf
RKF,Activité E&P,AST,OF,1902,8,14290.81,bbl,119486.56,mscf
RKF,Activité E&P,AST,OF,1902,9,49105.05,bbl,141246.48,mscf
RKF,Activité E&P,AST,OF,1902,10,9338.55,bbl,73255.3,mscf
RKF,Activité E&P,AST,OF,1902,11,22693.26,bbl,184251.27,mscf
RKF,Activité E&P,AST,OF,1902,12,16240.24,bbl,20515.36,mscf
RKF,Activité E&P,AST,OF,1903,1,18989.16,bbl,28475.98,mscf
RKF,Activité E&P,AST,OF,1903,2,41945.87,bbl,118707.95,mscf
RKF,Activité E&P,AST,OF,1903,3,24906.58,bbl,187794.1,mscf
RKF,Activité E&P,AST,OF,1903,4,30256.36,bbl,45712.39,mscf
RKF,Activité E&P,AST,OF,1903,5,36033.08,bbl,85261.87,mscf
RKF,Activité E&P,AST,OF,1903,6,9457.42,bbl,106253.26,mscf
RKF,Activité E&P,AST,OF,1903,7,40366.4,bbl,171700.09,mscf
RKF,Activité E&P,AST,OF,1903,8,49807.26,bbl,94514.96,mscf
RKF,Activité E&P,AST,OF,1903,9,19272.27,bbl,14126.15,mscf
RKF,Activité E&P,AST,OF,1903,10,33461.72,bbl,154292.55,mscf
RKF,Activité E&P,AST,OF,1903,11,27093.76,bbl,112848.81,mscf
RKF,Activité E&P,AST,OF,1903,12,23234.69,bbl,112697.18,mscf
RKF,Activité E&P,AST,OF,1904,1,33740.1,bbl,191510.94,mscf
RKF,Activité E&P,AST,OF,1904,2,3151.92,bbl,111694.67,mscf
RKF,Activité E&P,AST,OF,1904,3,41553.0,bbl,125232.53,mscf
RKF,Activité E&P,AST,OF,1904,4,33693.5,bbl,180282.89,mscf
RKF,Activité E&P,AST,OF,1904,5,3702.05,bbl,168710.26,mscf
RKF,Activité E&P,AST,OF,1904,6,4013.58,bbl,83115.33,mscf
RKF,Activité E&P,AST,OF,1904,7,14614.23,bbl,127794.85,mscf
RKF,Activité E&P,AST,OF,1904,8,1861.62,bbl,144917.02,mscf
RKF,Activité E&P,AST,OF,1904,9,6592.19,bbl,53866.24,mscf
RKF,Activité E&P,AST,OF,1904,10,42394.31,bbl,186584.05,mscf
RKF,Activité E&P,AST,OF,1904,11,31728.16,bbl,170345.47,mscf
RKF,Activité E&P,AST,OF,1904,12,33501.8,bbl,81720.79,mscf
RKF,Activité E&P,AST,OF,1905,1,28361.91,bbl,178520.87,mscf
RKF,Activité E&P,AST,OF,1905,2,31987.36,bbl,169477.44,mscf
RKF,Activité E&P,AST,OF,1905,3,1003.87,bbl,10811.81,mscf
RKF,Activité E&P,AST,OF,1905,4,49357.09,bbl,78027.43,mscf
RKF,Activité E&P,AST,OF,1905,5,48352.7,bbl,109899.42,mscf
RKF,Activité E&P,AST,OF,1905,6,11013.39,bbl,157489.83,mscf
RKF,Activité E&P,AST,OF,1905,7,35000.3,bbl,25539.74,mscf
RKF,Activité E&P,AST,OF,1905,8,20458.07,bbl,165379.03,mscf
RKF,Activité E&P,AST,OF,1905,9,23524.18,bbl,39582.71,mscf
RKF,Activité E&P,AST,OF,1905,10,25074.25,bbl,68077.09,mscf
RKF,Activité E&P,AST,OF,1905,11,3686.68,bbl,118179.46,mscf
RKF,Activité E&P,AST,OF,1905,12,31025.38,bbl,149416.15,mscf
RKF,Activité E&P,AST,OF,1906,1,26338.49,bbl,9071.31,mscf
RKF,Activité E&P,AST,OF,1906,2,41158.24,bbl,157671.71,mscf
RKF,Activité E&P,AST,OF,1906,3,35414.17,bbl,131337.96,mscf
RKF,Activité E&P,AST,OF,1906,4,47222.75,bbl,45916.14,mscf
RKF,Activité E&P,AST,OF,1906,5,10923.86,bbl,95835.49,mscf
RKF,Activité E&P,AST,OF,1906,6,41538.48,bbl,188954.88,mscf
RKF,Activité E&P,AST,OF,1906,7,21973.28,bbl,10805.44,mscf
RKF,Activité E&P,AST,OF,1906,8,35089.72,bbl,29670.51,mscf
RKF,Activité E&P,AST,OF,1906,9,7436.22,bbl,134855.83,mscf
RKF,Activité E&P,AST,OF,1906,10,28150.1,bbl,110743.63,mscf
RKF,Activité E&P,AST,OF,1906,11,13042.3,bbl,24834.41,mscf
RKF,Activité E&P,AST,OF,1906,12,44700.87,bbl,43496.02,mscf
RKF,Activité E&P,AST,OF,1907,1,1304.03,bbl,141298.94,mscf
RKF,Activité E&P,AST,OF,1907,2,2054.07,bbl,67679.98,mscf
RKF,Activité E&P,AST,OF,1907,3,13769.52,bbl,155822.34,mscf
RKF,Activité E&P,AST,OF,1907,4,2922.96,bbl,114313.65,mscf
RKF,Activité E&P,AST,OF,1907,5,46883.24,bbl,56672.28,mscf
RKF,Activité E&P,AST,OF,1907,6,42773.65,bbl,149857.67,mscf
RKF,Activité E&P,AST,OF,1907,7,21378.55,bbl,182152.25,mscf
RKF,Activité E&P,AST,OF,1907,8,39919.61,bbl,26363.47,mscf
RKF,Activité E&P,AST,OF,1907,9,27704.23,bbl,22942.0,mscf
RKF,Activité E&P,AST,OF,1907,10,45307.81,bbl,92324.64,mscf
RKF,Activité E&P,AST,OF,1907,11,27167.5,bbl,160567.1,mscf
RKF,Activité E&P,AST,OF,1907,12,2959.22,bbl,182887.63,mscf
RKF,Activité E&P,AST,OF,1908,1,36089.27,bbl,101408.5,mscf
RKF,Activité E&P,AST,OF,1908,2,29913.2,bbl,29337.59,mscf
RKF,Activité E&P,AST,OF,1908,3,18290.81,bbl,31831.94,mscf
RKF,Activité E&P,AST,OF,1908,4,48049.23,bbl,61088.42,mscf
RKF,Activité E&P,AST,OF,1908,5,38204.98,bbl,21086.07,mscf
RKF,Activité E&P,AST,OF,1908,6,23396.43,bbl,75901.51,mscf
RKF,Activité E&P,AST,OF,1908,7,40350.27,bbl,136084.05,mscf
RKF,Activité E&P,AST,OF,1908,8,13775.36,bbl,109880.64,mscf
RKF,Activité E&P,AST,OF,1908,9,43396.78,bbl,128388.0,mscf
RKF,Activité E&P,AST,OF,1908,10,11675.82,bbl,130514.62,mscf
RKF,Activité E&P,AST,OF,1908,11,27121.72,bbl,38297.41,mscf
RKF,Activité E&P,AST,OF,1908,12,39047.98,bbl,7152.6,mscf
RKF,Activité E&P,AST,OF,1909,1,8983.06,bbl,103558.96,mscf
RKF,Activité E&P,AST,OF,1909,2,23279.11,bbl,62209.7,mscf
RKF,Activité E&P,AST,OF,1909,3,41662.43,bbl,51480.99,mscf
RKF,Activité E&P,AST,OF,1909,4,2722.17,bbl,151583.31,mscf
RKF,Activité E&P,AST,OF,1909,5,24833.67,bbl,175523.99,mscf
RKF,Activité E&P,AST,OF,1909,6,13783.06,bbl,77721.81,mscf
RKF,Activité E&P,AST,OF,1909,7,34003.1,bbl,143878.95,mscf
RKF,Activité E&P,AST,OF,1909,8,42215.54,bbl,174258.36,mscf
RKF,Activité E&P,AST,OF,1909,9,23436.25,bbl,42142.88,mscf
RKF,Activité E&P,AST,OF,1909,10,19227.72,bbl,24083.06,mscf
RKF,Activité E&P,AST,OF,1909,11,40953.81,bbl,167652.42,mscf
RKF,Activité E&P,AST,OF,1909,12,37946.83,bbl,113169.37,mscf
RKF,Activité E&P,AST,OF,1910,1,4420.19,bbl,121338.79,mscf
RKF,Activité E&P,AST,OF,1910,2,1188.94,bbl,177686.31,mscf
RKF,Activité E&P,AST,OF,1910,3,10718.84,bbl,135856.0,mscf
RKF,Activité E&P,AST,OF,1910,4,17396.65,bbl,98319.03,mscf
RKF,Activité E&P,AST,OF,1910,5,43568.02,bbl,71276.64,mscf
RKF,Activité E&P,AST,OF,1910,6,26979.82,bbl,138545.38,mscf
RKF,Activité E&P,AST,OF,1910,7,18881.84,bbl,12128.96,mscf
RKF,Activité E&P,AST,OF,1910,8,2619.78,bbl,125417.59,mscf
RKF,Activité E&P,AST,OF,1910,9,15823.95,bbl,79247.52,mscf
RKF,Activité E&P,AST,OF,1910,10,2325.29,bbl,179766.27,mscf
RKF,Activité E&P,AST,OF,1910,11,20148.26,bbl,57798.21,mscf
RKF,Activité E&P,AST,OF,1910,12,43744.18,bbl,43424.04,mscf
RKF,Activité E&P,AST,OF,1911,1,30290.37,bbl,47880.2,mscf
RKF,Activité E&P,AST,OF,1911,2,25227.27,bbl,63726.15,mscf
RKF,Activité E&P,AST,OF,1911,3,12956.33,bbl,67448.73,mscf
RKF,Activité E&P,AST,OF,1911,4,20370.22,bbl,116411.72,mscf
RKF,Activité E&P,AST,OF,1911,5,47585.8,bbl,190437.95,mscf
RKF,Activité E&P,AST,OF,1911,6,9741.29,bbl,130835.19,mscf
RKF,Activité E&P,AST,OF,1911,7,24842.89,bbl,133215.72,mscf
RKF,Activité E&P,AST,OF,1911,8,9321.73,bbl,131396.96,mscf
RKF,Activité E&P,AST,OF,1911,9,12271.44,bbl,80881.69,mscf
RKF,Activité E&P,AST,OF,1911,10,12261.33,bbl,25345.5,mscf
RKF,Activité E&P,AST,OF,1911,11,36722.41,bbl,97574.5,mscf
RKF,Activité E&P,AST,OF,1911,12,38100.86,bbl,68881.17,mscf
RKF,Activité E&P,AST,OF,1912,1,37375.13,bbl,93445.13,mscf
RKF,Activité E&P,AST,OF,1912,2,24788.04,bbl,20329.91,mscf
RKF,Activité E&P,AST,OF,1912,3,35446.47,bbl,139697.36,mscf
RKF,Activité E&P,AST,OF,1912,4,33825.63,bbl,113538.18,mscf
RKF,Activité E&P,AST,OF,1912,5,45325.04,bbl,148155.64,mscf
RKF,Activité E&P,AST,OF,1912,6,48431.39,bbl,149824.83,mscf
RKF,Activité E&P,AST,OF,1912,7,5403.67,bbl,152830.69,mscf
RKF,Activité E&P,AST,OF,1912,8,33156.53,bbl,183890.23,mscf
RKF,Activité E&P,AST,OF,1912,9,16022.01,bbl,158222.34,mscf
RKF,Activité E&P,AST,OF,1912,10,29041.13,bbl,133876.03,mscf
RKF,Activité E&P,AST,OF,1912,11,3273.94,bbl,96300.79,mscf
RKF,Activité E&P,AST,OF,1912,12,29645.51,bbl,129795.63,mscf
RKF,Activité E&P,AST,OF,1913,1,2319.71,bbl,18169.17,mscf
RKF,Activité E&P,AST,OF,1913,2,7392.62,bbl,66465.75,mscf
RKF,Activité E&P,AST,OF,1913,3,44233.66,bbl,117758.7,mscf
RKF,Activité E&P,AST,OF,1913,4,28914.16,bbl,18988.58,mscf
RKF,Activité E&P,AST,OF,1913,5,19455.19,bbl,81971.05,mscf
RKF,Activité E&P,AST,OF,1913,6,44673.92,bbl,84163.15,mscf
RKF,Activité E&P,AST,OF,1913,7,39986.07,bbl,195451.1,mscf
RKF,Activité E&P,AST,OF,1913,8,29678.98,bbl,90910.56,mscf
RKF,Activité E&P,AST,OF,1913,9,39674.86,bbl,143861.41,mscf
RKF,Activité E&P,AST,OF,1913,10,45119.42,bbl,130723.49,mscf
RKF,Activité E&P,AST,OF,1913,11,2245.91,bbl,146239.72,mscf
RKF,Activité E&P,AST,OF,1913,12,48907.02,bbl,11753.97,mscf
RKF,Activité E&P,AST,OF,1914,1,22093.36,bbl,166832.57,mscf
RKF,Activité E&P,AST,OF,1914,2,49696.54,bbl,127743.07,mscf
RKF,Activité E&P,AST,OF,1914,3,10736.41,bbl,142274.82,mscf
RKF,Activité E&P,AST,OF,1914,4,37904.91,bbl,126249.85,mscf
RKF,Activité E&P,AST,OF,1914,5,16804.1,bbl,69330.76,mscf
RKF,Activité E&P,AST,OF,1914,6,4221.26,bbl,191088.86,mscf
RKF,Activité E&P,AST,OF,1914,7,45550.37,bbl,22153.51,mscf
RKF,Activité E&P,AST,OF,1914,8,41439.13,bbl,174431.33,mscf
RKF,Activité E&P,AST,OF,1914,9,4371.34,bbl,158674.85,mscf
RKF,Activité E&P,AST,OF,1914,10,24171.4,bbl,15353.17,mscf
RKF,Activité E&P,AST,OF,1914,11,26261.12,bbl,73851.2,mscf
RKF,Activité E&P,AST,OF,1914,12,26215.95,bbl,46486.35,mscf
RKF,Activité E&P,AST,OF,1915,1,32951.57,bbl,182825.16,mscf
RKF,Activité E&P,AST,OF,1915,2,2271.1,bbl,50401.09,mscf
RKF,Activité E&P,AST,OF,1915,3,1105.01,bbl,123056.77,mscf
RKF,Activité E&P,AST,OF,1915,4,26909.59,bbl,27986.7,mscf
RKF,Activité E&P,AST,OF,1915,5,22205.06,bbl,181132.65,mscf
RKF,Activité E&P,AST,OF,1915,6,37960.13,bbl,113427.64,mscf
RKF,Activité E&P,AST,OF,1915,7,24621.71,bbl,32604.77,mscf
RKF,Activité E&P,AST,OF,1915,8,47528.53,bbl,16226.37,mscf
RKF,Activité E&P,AST,OF,1915,9,40069.82,bbl,70450.18,mscf
RKF,Activité E&P,AST,OF,1915,10,37363.85,bbl,5214.01,mscf
RKF,Activité E&P,AST,OF,1915,11,41912.41,bbl,125949.67,mscf
RKF,Activité E&P,AST,OF,1915,12,14498.8,bbl,13862.21,mscf
RKF,Activité E&P,AST,OF,1916,1,41052.43,bbl,133416.72,mscf
RKF,Activité E&P,AST,OF,1916,2,36691.32,bbl,109703.18,mscf
RKF,Activité E&P,AST,OF,1916,3,3850.05,bbl,62999.5,mscf
RKF,Activité E&P,AST,OF,1916,4,22295.44,bbl,97060.56,mscf
RKF,Activité E&P,AST,OF,1916,5,15741.89,bbl,152975.87,mscf
RKF,Activité E&P,AST,OF,1916,6,18753.45,bbl,86147.41,mscf
RKF,Activité E&P,AST,OF,1916,7,20623.81,bbl,21330.64,mscf
RKF,Activité E&P,AST,OF,1916,8,32174.62,bbl,52163.73,mscf
RKF,Activité E&P,AST,OF,1916,9,47099.47,bbl,180364.72,mscf
RKF,Activité E&P,AST,OF,1916,10,31800.72,bbl,18529.48,mscf
RKF,Activité E&P,AST,OF,1916,11,48740.75,bbl,69015.37,mscf
RKF,Activité E&P,AST,OF,1916,12,22786.48,bbl,89948.3,mscf
RKF,Activité E&P,AST,OF,1917,1,6979.27,bbl,185881.48,mscf
RKF,Activité E&P,AST,OF,1917,2,26932.3,bbl,70488.49,mscf
RKF,Activité E&P,AST,OF,1917,3,1069.08,bbl,81025.92,mscf
RKF,Activité E&P,AST,OF,1917,4,10586.72,bbl,16899.12,mscf
RKF,Activité E&P,AST,OF,1917,5,41199.91,bbl,83091.02,mscf
RKF,Activité E&P,AST,OF,1917,6,42436.13,bbl,100170.41,mscf
RKF,Activité E&P,AST,OF,1917,7,11489.7,bbl,145137.33,mscf
RKF,Activité E&P,AST,OF,1917,8,38139.66,bbl,92480.34,mscf
RKF,Activité E&P,AST,OF,1917,9,21885.32,bbl,129727.27,mscf
RKF,Activité E&P,AST,OF,1917,10,10884.14,bbl,113822.39,mscf
RKF,Activité E&P,AST,OF,1917,11,36481.72,bbl,61826.04,mscf
RKF,Activité E&P,AST,OF,1917,12,40783.21,bbl,37128.45,mscf
RKF,Activité E&P,AST,OF,1918,1,7147.18,bbl,156694.33,mscf
RKF,Activité E&P,AST,OF,1918,2,39851.95,bbl,121893.14,mscf
RKF,Activité E&P,AST,OF,1918,3,29750.44,bbl,167419.81,mscf
RKF,Activité E&P,AST,OF,1918,4,36091.79,bbl,49200.06,mscf
RKF,Activité E&P,AST,OF,1918,5,31858.25,bbl,153853.12,mscf
RKF,Activité E&P,AST,OF,1918,6,24116.31,bbl,26598.21,mscf
RKF,Activité E&P,AST,OF,1918,7,18635.62,bbl,101764.61,mscf
RKF,Activité E&P,AST,OF,1918,8,40941.96,bbl,6074.41,mscf
RKF,Activité E&P,AST,OF,1918,9,9119.53,bbl,166358.68,mscf
RKF,Activité E&P,AST,OF,1918,10,29339.56,bbl,139504.35,mscf
RKF,Activité E&P,AST,OF,1918,11,8924.46,bbl,162954.92,mscf
RKF,Activité E&P,AST,OF,1918,12,36622.53,bbl,34220.74,mscf
RKF,Activité E&P,AST,OF,1919,1,32862.29,bbl,96306.22,mscf
RKF,Activité E&P,AST,OF,1919,2,22336.85,bbl,78408.94,mscf
RKF,Activité E&P,AST,OF,1919,3,14389.5,bbl,29884.54,mscf
RKF,Activité E&P,AST,OF,1919,4,34885.92,bbl,42799.49,mscf
RKF,Activité E&P,AST,OF,1919,5,38132.72,bbl,166679.56,mscf
RKF,Activité E&P,AST,OF,1919,6,28149.98,bbl,116496.62,mscf
RKF,Activité E&P,AST,OF,1919,7,27201.37,bbl,195585.93,mscf
RKF,Activité E&P,AST,OF,1919,8,10144.22,bbl,142354.21,mscf
RKF,Activité E&P,AST,OF,1919,9,13735.17,bbl,193494.3,mscf
RKF,Activité E&P,AST,OF,1919,10,16848.56,bbl,67169.0,mscf
RKF,Activité E&P,AST,OF,1919,11,1285.0,bbl,38291.02,mscf
RKF,Activité E&P,AST,OF,1919,12,14646.75,bbl,36714.81,mscf
RKF,Activité E&P,AST,OF,1920,1,34678.93,bbl,29830.29,mscf
RKF,Activité E&P,AST,OF,1920,2,49937.79,bbl,37465.59,mscf
RKF,Activité E&P,AST,OF,1920,3,46160.33,bbl,100556.8,mscf
RKF,Activité E&P,AST,OF,1920,4,46890.18,bbl,43742.55,mscf
RKF,Activité E&P,AST,OF,1920,5,21014.65,bbl,136440.63,mscf
RKF,Activité E&P,AST,OF,1920,6,32373.81,bbl,135774.09,mscf
RKF,Activité E&P,AST,OF,1920,7,47340.93,bbl,111076.94,mscf
RKF,Activité E&P,AST,OF,1920,8,49682.89,bbl,140668.0,mscf
RKF,Activité E&P,AST,OF,1920,9,3891.57,bbl,140485.59,mscf
RKF,Activité E&P,AST,OF,1920,10,8380.76,bbl,60209.57,mscf
RKF,Activité E&P,AST,OF,1920,11,39976.06,bbl,32638.72,mscf
RKF,Activité E&P,AST,OF,1920,12,25343.48,bbl,118771.22,mscf
RKF,Activité E&P,AST,OF,1921,1,23670.66,bbl,9632.47,mscf
RKF,Activité E&P,AST,OF,1921,2,48483.11,bbl,87693.12,mscf
RKF,Activité E&P,AST,OF,1921,3,20634.07,bbl,12275.69,mscf
RKF,Activité E&P,AST,OF,1921,4,38960.36,bbl,132272.45,mscf
RKF,Activité E&P,AST,OF,1921,5,2967.79,bbl,57392.76,mscf
RKF,Activité E&P,AST,OF,1921,6,2100.43,bbl,136877.52,mscf
RKF,Activité E&P,AST,OF,1921,7,30940.58,bbl,69175.49,mscf
RKF,Activité E&P,AST,OF,1921,8,17518.65,bbl,121785.11,mscf
RKF,Activité E&P,AST,OF,1921,9,22568.51,bbl,88404.85,mscf
RKF,Activité E&P,AST,OF,1921,10,31774.07,bbl,133532.34,mscf
RKF,Activité E&P,AST,OF,1921,11,12646.61,bbl,42649.02,mscf
RKF,Activité E&P,AST,OF,1921,12,2397.51,bbl,66583.47,mscf
RKF,Activité E&P,AST,OF,1922,1,46460.4,bbl,23867.72,mscf
RKF,Activité E&P,AST,OF,1922,2,21685.75,bbl,143392.84,mscf
RKF,Activité E&P,AST,OF,1922,3,49212.79,bbl,131180.49,mscf
RKF,Activité E&P,AST,OF,1922,4,7627.25,bbl,140923.05,mscf
RKF,Activité E&P,AST,OF,1922,5,26091.81,bbl,19047.45,mscf
RKF,Activité E&P,AST,OF,1922,6,5184.33,bbl,108095.33,mscf
RKF,Activité E&P,AST,OF,1922,7,5907.48,bbl,154203.4,mscf
RKF,Activité E&P,AST,OF,1922,8,14813.66,bbl,123285.82,mscf
RKF,Activité E&P,AST,OF,1922,9,45459.93,bbl,132641.31,mscf
RKF,Activité E&P,AST,OF,1922,10,37892.96,bbl,61017.53,mscf
RKF,Activité E&P,AST,OF,1922,11,30823.07,bbl,195545.38,mscf
RKF,Activité E&P,AST,OF,1922,12,17186.25,bbl,115969.1,mscf
RKF,Activité E&P,AST,OF,1923,1,17878.42,bbl,127149.7,mscf
RKF,Activité E&P,AST,OF,1923,2,40696.72,bbl,16312.34,mscf
RKF,Activité E&P,AST,OF,1923,3,36666.3,bbl,23539.33,mscf
RKF,Activité E&P,AST,OF,1923,4,25400.45,bbl,107973.34,mscf
RKF,Activité E&P,AST,OF,1923,5,14788.91,bbl,147770.61,mscf
RKF,Activité E&P,AST,OF,1923,6,27046.82,bbl,92088.2,mscf
RKF,Activité E&P,AST,OF,1923,7,11557.1,bbl,103331.64,mscf
RKF,Activité E&P,AST,OF,1923,8,6051.05,bbl,128073.55,mscf
RKF,Activité E&P,AST,OF,1923,9,31152.75,bbl,71403.33,mscf
RKF,Activité E&P,AST,OF,1923,10,24441.52,bbl,36365.59,mscf
RKF,Activité E&P,AST,OF,1923,11,48727.26,bbl,198686.13,mscf
RKF,Activité E&P,AST,OF,1923,12,31475.12,bbl,91700.87,mscf
RKF,Activité E&P,AST,OF,1924,1,4042.91,bbl,30721.55,mscf
RKF,Activité E&P,AST,OF,1924,2,10178.76,bbl,112934.26,mscf
RKF,Activité E&P,AST,OF,1924,3,40388.73,bbl,34705.08,mscf
RKF,Activité E&P,AST,OF,1924,4,4952.04,bbl,74706.31,mscf
RKF,Activité E&P,AST,OF,1924,5,28005.24,bbl,43097.55,mscf
RKF,Activité E&P,AST,OF,1924,6,44153.22,bbl,199640.55,mscf
RKF,Activité E&P,AST,OF,1924,7,9750.64,bbl,73328.52,mscf
RKF,Activité E&P,AST,OF,1924,8,32534.15,bbl,116081.19,mscf
RKF,Activité E&P,AST,OF,1924,9,28798.64,bbl,39598.39,mscf
RKF,Activité E&P,AST,OF,1924,10,18927.98,bbl,84258.67,mscf
RKF,Activité E&P,AST,OF,1924,11,43296.52,bbl,73895.66,mscf
RKF,Activité E&P,AST,OF,1924,12,18693.86,bbl,116047.67,mscf
RKF,Activité E&P,AST,OF,1925,1,27007.08,bbl,191254.21,mscf
RKF,Activité E&P,AST,OF,1925,2,49280.57,bbl,65048.38,mscf
RKF,Activité E&P,AST,OF,1925,3,15265.99,bbl,124295.35,mscf
RKF,Activité E&P,AST,OF,1925,4,38434.96,bbl,18901.09,mscf
RKF,Activité E&P,AST,OF,1925,5,7125.49,bbl,108957.68,mscf
RKF,Activité E&P,AST,OF,1925,6,15039.31,bbl,35362.07,mscf
RKF,Activité E&P,AST,OF,1925,7,26112.44,bbl,58426.33,mscf
RKF,Activité E&P,AST,OF,1925,8,24352.04,bbl,33223.75,mscf
RKF,Activité E&P,AST,OF,1925,9,22290.19,bbl,70784.49,mscf
RKF,Activité E&P,AST,OF,1925,10,22465.5,bbl,79284.57,mscf
RKF,Activité E&P,AST,OF,1925,11,43185.0,bbl,75399.93,mscf
RKF,Activité E&P,AST,OF,1925,12,23740.2,bbl,80887.89,mscf
RKF,Activité E&P,AST,OF,1926,1,41155.53,bbl,23920.73,mscf
RKF,Activité E&P,AST,OF,1926,2,19821.53,bbl,42656.82,mscf
RKF,Activité E&P,AST,OF,1926,3,1402.94,bbl,97950.95,mscf
RKF,Activité E&P,AST,OF,1926,4,20343.16,bbl,69798.29,mscf
RKF,Activité E&P,AST,OF,1926,5,26771.91,bbl,177054.4,mscf
RKF,Activité E&P,AST,OF,1926,6,21476.95,bbl,155629.22,mscf
RKF,Activité E&P,AST,OF,1926,7,17838.05,bbl,73291.53,mscf
RKF,Activité E&P,AST,OF,1926,8,28883.43,bbl,157304.41,mscf
RKF,Activité E&P,AST,OF,1926,9,25388.59,bbl,193572.75,mscf
RKF,Activité E&P,AST,OF,1926,10,27216.74,bbl,132065.28,mscf
RKF,Activité E&P,AST,OF,1926,11,5086.47,bbl,119696.09,mscf
RKF,Activité E&P,AST,OF,1926,12,34379.58,bbl,73932.69,mscf
RKF,Activité E&P,AST,OF,1927,1,41215.94,bbl,161388.45,mscf
RKF,Activité E&P,AST,OF,1927,2,3693.12,bbl,122422.63,mscf
RKF,Activité E&P,AST,OF,1927,3,17238.95,bbl,143829.7,mscf
RKF,Activité E&P,AST,OF,1927,4,35066.31,bbl,191177.03,mscf
RKF,Activité E&P,AST,OF,1927,5,15090.97,bbl,76919.17,mscf
RKF,Activité E&P,AST,OF,1927,6,44910.75,bbl,142449.73,mscf
RKF,Activité E&P,AST,OF,1927,7,38200.54,bbl,127870.29,mscf
RKF,Activité E&P,AST,OF,1927,8,6832.74,bbl,54912.47,mscf
RKF,Activité E&P,AST,OF,1927,9,2498.27,bbl,45772.88,mscf
RKF,Activité E&P,AST,OF,1927,10,6329.02,bbl,74651.2,mscf
RKF,Activité E&P,AST,OF,1927,11,35083.77,bbl,48279.21,mscf
RKF,Activité E&P,AST,OF,1927,12,5589.42,bbl,91405.49,mscf
RKF,Activité E&P,AST,OF,1928,1,7149.99,bbl,120492.73,mscf
RKF,Activité E&P,AST,OF,1928,2,49219.68,bbl,188073.43,mscf
RKF,Activité E&P,AST,OF,1928,3,11915.74,bbl,40424.13,mscf
RKF,Activité E&P,AST,OF,1928,4,32163.86,bbl,155083.78,mscf
RKF,Activité E&P,AST,OF,1928,5,41972.58,bbl,184765.56,mscf
RKF,Activité E&P,AST,OF,1928,6,15631.34,bbl,185819.98,mscf
RKF,Activité E&P,AST,OF,1928,7,34620.53,bbl,134281.08,mscf
RKF,Activité E&P,AST,OF,1928,8,13457.71,bbl,97435.14,mscf
RKF,Activité E&P,AST,OF,1928,9,49794.87,bbl,129983.68,mscf
RKF,Activité E&P,AST,OF,1928,10,20914.04,bbl,96670.76,mscf
RKF,Activité E&P,AST,OF,1928,11,23726.79,bbl,167953.55,mscf
RKF,Activité E&P,AST,OF,1928,12,31701.49,bbl,81994.71,mscf
RKF,Activité E&P,AST,OF,1929,1,6214.92,bbl,151424.26,mscf
RKF,Activité E&P,AST,OF,1929,2,26827.95,bbl,160297.96,mscf
RKF,Activité E&P,AST,OF,1929,3,35438.35,bbl,126203.4,mscf
RKF,Activité E&P,AST,OF,1929,4,27884.68,bbl,21870.48,mscf
RKF,Activité E&P,AST,OF,1929,5,25970.88,bbl,131215.0,mscf
RKF,Activité E&P,AST,OF,1929,6,10517.84,bbl,131763.27,mscf
RKF,Activité E&P,AST,OF,1929,7,28204.02,bbl,174364.15,mscf
RKF,Activité E&P,AST,OF,1929,8,25045.63,bbl,159873.62,mscf
RKF,Activité E&P,AST,OF,1929,9,19369.74,bbl,131568.98,mscf
RKF,Activité E&P,AST,OF,1929,10,12605.38,bbl,162381.77,mscf
RKF,Activité E&P,AST,OF,1929,11,1998.47,bbl,104358.52,mscf
RKF,Activité E&P,AST,OF,1929,12,13815.39,bbl,33016.47,mscf
RKF,Activité E&P,AST,OF,1930,1,14231.02,bbl,64750.97,mscf
RKF,Activité E&P,AST,OF,1930,2,12135.16,bbl,122655.11,mscf
RKF,Activité E&P,AST,OF,1930,3,20498.67,bbl,61943.46,mscf
RKF,Activité E&P,AST,OF,1930,4,44687.36,bbl,37132.87,mscf
RKF,Activité E&P,AST,OF,1930,5,20098.14,bbl,139703.56,mscf
RKF,Activité E&P,AST,OF,1930,6,4593.05,bbl,87655.36,mscf
RKF,Activité E&P,AST,OF,1930,7,13394.99,bbl,46823.22,mscf
RKF,Activité E&P,AST,OF,1930,8,23668.21,bbl,121377.29,mscf
RKF,Activité E&P,AST,OF,1930,9,28516.4,bbl,140582.93,mscf
RKF,Activité E&P,AST,OF,1930,10,35025.74,bbl,34350.41,mscf
RKF,Activité E&P,AST,OF,1930,11,27933.2,bbl,72409.24,mscf
RKF,Activité E&P,AST,OF,1930,12,8442.62,bbl,114617.31,mscf
RKF,Activité E&P,AST,OF,1931,1,14653.74,bbl,138226.26,mscf
RKF,Activité E&P,AST,OF,1931,2,28313.92,bbl,94240.58,mscf
RKF,Activité E&P,AST,OF,1931,3,6852.17,bbl,170014.41,mscf
RKF,Activité E&P,AST,OF,1931,4,18338.21,bbl,164282.47,mscf
RKF,Activité E&P,AST,OF,1931,5,39869.67,bbl,7534.14,mscf
RKF,Activité E&P,AST,OF,1931,6,19071.27,bbl,123719.33,mscf
RKF,Activité E&P,AST,OF,1931,7,17473.74,bbl,154575.88,mscf
RKF,Activité E&P,AST,OF,1931,8,21403.87,bbl,169063.26,mscf
RKF,Activité E&P,AST,OF,1931,9,10272.35,bbl,128021.27,mscf
RKF,Activité E&P,AST,OF,1931,10,23793.72,bbl,138597.9,mscf
RKF,Activité E&P,AST,OF,1931,11,17845.98,bbl,153045.71,mscf
RKF,Activité E&P,AST,OF,1931,12,15876.58,bbl,129610.03,mscf
RKF,Activité E&P,AST,OF,1932,1,15905.39,bbl,183665.2,mscf
RKF,Activité E&P,AST,OF,1932,2,25561.11,bbl,23459.08,mscf
RKF,Activité E&P,AST,OF,1932,3,4472.9,bbl,58842.91,mscf
RKF,Activité E&P,AST,OF,1932,4,2205.63,bbl,183708.87,mscf
RKF,Activité E&P,AST,OF,1932,5,25910.62,bbl,137733.28,mscf
RKF,Activité E&P,AST,OF,1932,6,36220.65,bbl,105282.76,mscf
RKF,Activité E&P,AST,OF,1932,7,16242.36,bbl,97901.13,mscf
RKF,Activité E&P,AST,OF,1932,8,49003.19,bbl,42306.16,mscf
RKF,Activité E&P,AST,OF,1932,9,44490.0,bbl,11930.17,mscf
RKF,Activité E&P,AST,OF,1932,10,8861.07,bbl,169712.33,mscf
RKF,Activité E&P,AST,OF,1932,11,4533.71,bbl,150594.55,mscf
RKF,Activité E&P,AST,OF,1932,12,17629.64,bbl,181778.35,mscf
RKF,Activité E&P,AST,OF,1933,1,38786.91,bbl,110130.69,mscf
RKF,Activité E&P,AST,OF,1933,2,26065.93,bbl,94862.02,mscf
RKF,Activité E&P,AST,OF,1933,3,47187.7,bbl,59656.19,mscf
RKF,Activité E&P,AST,OF,1933,4,17402.8,bbl,162494.12,mscf
