date,facility_name,activity,division,process,fuel,factor_type,quantity,unit,combustion_efficiency,flare_type,ch4_content,co2_content,hhv,tank_gor,tank_control_eff,tank_api_gravity,agr_throughput,agr_co2_in,agr_co2_out,dehy_throughput,dehy_pump_rate,dehy_hours,dehy_ch4_content,pneu_count,pneu_bleed_rate,pneu_hours,unload_freq,unload_diam,unload_depth,unload_press,comp_duration,comp_rate,comp_flare_eff,blowdown_volume,blowdown_pressure,blowdown_events,user_unc_co2,user_unc_ch4,user_unc_n2o
2025-01,Complexe Sidérurgique DRI/EAF (Tosyali),Steel & Iron (Acier DRI),Metallurgy,Combustion,Natural Gas,Specific,10000,scf,95.0,,,,950,,,,,,,,,,,,,,,,,,,,,,,,2.5,3.0,5.0
2025-02,Complexe Sidérurgique DRI/EAF (Tosyali),Steel & Iron (Acier DRI),Metallurgy,Combustion,Natural Gas,Specific,15000,scf,95.1,,,,960,,,,,,,,,,,,,,,,,,,,,,,,2.5,3.0,5.0
2025-03,Complexe Sidérurgique DRI/EAF (Tosyali),Steel & Iron (Acier DRI),Metallurgy,Combustion,Natural Gas,Specific,20000,scf,95.2,,,,970,,,,,,,,,,,,,,,,,,,,,,,,2.5,3.0,5.0
2025-04,Complexe Sidérurgique DRI/EAF (Tosyali),Steel & Iron (Acier DRI),Metallurgy,Combustion,Natural Gas,Specific,25000,scf,95.3,,,,980,,,,,,,,,,,,,,,,,,,,,,,,2.5,3.0,5.0
2025-05,Complexe Sidérurgique DRI/EAF (Tosyali),Steel & Iron (Acier DRI),Metallurgy,Combustion,Natural Gas,Specific,30000,scf,95.4,,,,990,,,,,,,,,,,,,,,,,,,,,,,,2.5,3.0,5.0
2025-06,Complexe Sidérurgique DRI/EAF (Tosyali),Steel & Iron (Acier DRI),Metallurgy,Combustion,Natural Gas,Specific,35000,scf,95.5,,,,1000,,,,,,,,,,,,,,,,,,,,,,,,2.5,3.0,5.0
2025-07,Complexe Sidérurgique DRI/EAF (Tosyali),Steel & Iron (Acier DRI),Metallurgy,Combustion,Natural Gas,Specific,40000,scf,95.6,,,,1010,,,,,,,,,,,,,,,,,,,,,,,,2.5,3.0,5.0
2025-08,Complexe Sidérurgique DRI/EAF (Tosyali),Steel & Iron (Acier DRI),Metallurgy,Combustion,Natural Gas,Specific,45000,scf,95.7,,,,1020,,,,,,,,,,,,,,,,,,,,,,,,2.5,3.0,5.0
2025-09,Complexe Sidérurgique DRI/EAF (Tosyali),Steel & Iron (Acier DRI),Metallurgy,Combustion,Natural Gas,Specific,50000,scf,95.8,,,,1030,,,,,,,,,,,,,,,,,,,,,,,,2.5,3.0,5.0
2025-10,Complexe Sidérurgique DRI/EAF (Tosyali),Steel & Iron (Acier DRI),Metallurgy,Combustion,Natural Gas,Specific,55000,scf,95.9,,,,1040,,,,,,,,,,,,,,,,,,,,,,,,2.5,3.0,5.0
2025-11,Complexe Sidérurgique DRI/EAF (Tosyali),Steel & Iron (Acier DRI),Metallurgy,Combustion,Natural Gas,Specific,60000,scf,96.0,,,,1050,,,,,,,,,,,,,,,,,,,,,,,,2.5,3.0,5.0
2025-12,Complexe Sidérurgique DRI/EAF (Tosyali),Steel & Iron (Acier DRI),Metallurgy,Combustion,Natural Gas,Specific,65000,scf,96.1,,,,1060,,,,,,,,,,,,,,,,,,,,,,,,2.5,3.0,5.0
2025-01,Complexe Sidérurgique DRI/EAF (Tosyali),Steel & Iron (Acier DRI),Metallurgy,Combustion,Natural Gas,Specific,70000,scf,96.2,,,,1070,,,,,,,,,,,,,,,,,,,,,,,,2.5,3.0,5.0
2025-02,Complexe Sidérurgique DRI/EAF (Tosyali),Steel & Iron (Acier DRI),Metallurgy,Combustion,Natural Gas,Specific,75000,scf,96.3,,,,1080,,,,,,,,,,,,,,,,,,,,,,,,2.5,3.0,5.0
2025-03,Complexe Sidérurgique DRI/EAF (Tosyali),Steel & Iron (Acier DRI),Metallurgy,Combustion,Natural Gas,Specific,80000,scf,96.4,,,,1090,,,,,,,,,,,,,,,,,,,,,,,,2.5,3.0,5.0
2025-04,Complexe Sidérurgique DRI/EAF (Tosyali),Steel & Iron (Acier DRI),Metallurgy,Combustion,Natural Gas,Specific,85000,scf,96.5,,,,1100,,,,,,,,,,,,,,,,,,,,,,,,2.5,3.0,5.0
2025-05,Complexe Sidérurgique DRI/EAF (Tosyali),Steel & Iron (Acier DRI),Metallurgy,Combustion,Natural Gas,Specific,90000,scf,96.6,,,,1110,,,,,,,,,,,,,,,,,,,,,,,,2.5,3.0,5.0
2025-06,Complexe Sidérurgique DRI/EAF (Tosyali),Steel & Iron (Acier DRI),Metallurgy,Combustion,Natural Gas,Specific,95000,scf,96.7,,,,1120,,,,,,,,,,,,,,,,,,,,,,,,2.5,3.0,5.0
2025-07,Complexe Sidérurgique DRI/EAF (Tosyali),Steel & Iron (Acier DRI),Metallurgy,Combustion,Natural Gas,Specific,100000,scf,96.8,,,,1130,,,,,,,,,,,,,,,,,,,,,,,,2.5,3.0,5.0
2025-08,Complexe Sidérurgique DRI/EAF (Tosyali),Steel & Iron (Acier DRI),Metallurgy,Combustion,Natural Gas,Specific,105000,scf,96.9,,,,1140,,,,,,,,,,,,,,,,,,,,,,,,2.5,3.0,5.0
2025-09,Complexe Sidérurgique DRI/EAF (Tosyali),Steel & Iron (Acier DRI),Metallurgy,Combustion,Natural Gas,Specific,110000,scf,97.0,,,,1150,,,,,,,,,,,,,,,,,,,,,,,,2.5,3.0,5.0
2025-10,Complexe Sidérurgique DRI/EAF (Tosyali),Steel & Iron (Acier DRI),Metallurgy,Combustion,Natural Gas,Specific,115000,scf,97.1,,,,1160,,,,,,,,,,,,,,,,,,,,,,,,2.5,3.0,5.0
2025-11,Complexe Sidérurgique DRI/EAF (Tosyali),Steel & Iron (Acier DRI),Metallurgy,Combustion,Natural Gas,Specific,120000,scf,97.2,,,,1170,,,,,,,,,,,,,,,,,,,,,,,,2.5,3.0,5.0
2025-12,Complexe Sidérurgique DRI/EAF (Tosyali),Steel & Iron (Acier DRI),Metallurgy,Combustion,Natural Gas,Specific,125000,scf,97.3,,,,1180,,,,,,,,,,,,,,,,,,,,,,,,2.5,3.0,5.0
2025-01,Complexe Sidérurgique DRI/EAF (Tosyali),Steel & Iron (Acier DRI),Metallurgy,Combustion,Natural Gas,Specific,130000,scf,97.4,,,,1190,,,,,,,,,,,,,,,,,,,,,,,,2.5,3.0,5.0
2025-02,Complexe Sidérurgique DRI/EAF (Tosyali),Steel & Iron (Acier DRI),Metallurgy,Combustion,Natural Gas,Specific,135000,scf,97.5,,,,950,,,,,,,,,,,,,,,,,,,,,,,,2.5,3.0,5.0
2025-03,Complexe Sidérurgique DRI/EAF (Tosyali),Steel & Iron (Acier DRI),Metallurgy,Combustion,Natural Gas,Specific,140000,scf,97.6,,,,960,,,,,,,,,,,,,,,,,,,,,,,,2.5,3.0,5.0
2025-04,Complexe Sidérurgique DRI/EAF (Tosyali),Steel & Iron (Acier DRI),Metallurgy,Combustion,Natural Gas,Specific,145000,scf,97.7,,,,970,,,,,,,,,,,,,,,,,,,,,,,,2.5,3.0,5.0
2025-05,Complexe Sidérurgique DRI/EAF (Tosyali),Steel & Iron (Acier DRI),Metallurgy,Combustion,Natural Gas,Specific,150000,scf,97.8,,,,980,,,,,,,,,,,,,,,,,,,,,,,,2.5,3.0,5.0
2025-06,Complexe Sidérurgique DRI/EAF (Tosyali),Steel & Iron (Acier DRI),Metallurgy,Combustion,Natural Gas,Specific,155000,scf,97.9,,,,990,,,,,,,,,,,,,,,,,,,,,,,,2.5,3.0,5.0
2025-07,Complexe Sidérurgique DRI/EAF (Tosyali),Steel & Iron (Acier DRI),Metallurgy,Combustion,Natural Gas,Specific,160000,scf,98.0,,,,1000,,,,,,,,,,,,,,,,,,,,,,,,2.5,3.0,5.0
2025-08,Complexe Sidérurgique DRI/EAF (Tosyali),Steel & Iron (Acier DRI),Metallurgy,Combustion,Natural Gas,Specific,165000,scf,98.1,,,,1010,,,,,,,,,,,,,,,,,,,,,,,,2.5,3.0,5.0
2025-09,Complexe Sidérurgique DRI/EAF (Tosyali),Steel & Iron (Acier DRI),Metallurgy,Combustion,Natural Gas,Specific,170000,scf,98.2,,,,1020,,,,,,,,,,,,,,,,,,,,,,,,2.5,3.0,5.0
2025-10,Complexe Sidérurgique DRI/EAF (Tosyali),Steel & Iron (Acier DRI),Metallurgy,Combustion,Natural Gas,Specific,175000,scf,98.3,,,,1030,,,,,,,,,,,,,,,,,,,,,,,,2.5,3.0,5.0
2025-11,Complexe Sidérurgique DRI/EAF (Tosyali),Steel & Iron (Acier DRI),Metallurgy,Combustion,Natural Gas,Specific,180000,scf,98.4,,,,1040,,,,,,,,,,,,,,,,,,,,,,,,2.5,3.0,5.0
2025-12,Complexe Sidérurgique DRI/EAF (Tosyali),Steel & Iron (Acier DRI),Metallurgy,Combustion,Natural Gas,Specific,185000,scf,98.5,,,,1050,,,,,,,,,,,,,,,,,,,,,,,,2.5,3.0,5.0
2025-01,Complexe Sidérurgique DRI/EAF (Tosyali),Steel & Iron (Acier DRI),Metallurgy,Combustion,Natural Gas,Specific,190000,scf,98.6,,,,1060,,,,,,,,,,,,,,,,,,,,,,,,2.5,3.0,5.0
2025-02,Complexe Sidérurgique DRI/EAF (Tosyali),Steel & Iron (Acier DRI),Metallurgy,Combustion,Natural Gas,Specific,195000,scf,98.7,,,,1070,,,,,,,,,,,,,,,,,,,,,,,,2.5,3.0,5.0
2025-03,Complexe Sidérurgique DRI/EAF (Tosyali),Steel & Iron (Acier DRI),Metallurgy,Combustion,Natural Gas,Specific,200000,scf,98.8,,,,1080,,,,,,,,,,,,,,,,,,,,,,,,2.5,3.0,5.0
2025-04,Complexe Sidérurgique DRI/EAF (Tosyali),Steel & Iron (Acier DRI),Metallurgy,Combustion,Natural Gas,Specific,205000,scf,98.9,,,,1090,,,,,,,,,,,,,,,,,,,,,,,,2.5,3.0,5.0
2025-01,Complexe Sidérurgique DRI/EAF (Tosyali),Steel & Iron (Acier DRI),Metallurgy,Flaring,Associated Gas (Flaring),Specific,5000,m3,,elevated,70.0,,1020,,,,,,,,,,,,,,,,,,,,,,,,3.0,4.0,6.0
2025-02,Complexe Sidérurgique DRI/EAF (Tosyali),Steel & Iron (Acier DRI),Metallurgy,Flaring,Associated Gas (Flaring),Specific,7500,m3,,open,71.0,,1020,,,,,,,,,,,,,,,,,,,,,,,,3.0,4.0,6.0
2025-03,Complexe Sidérurgique DRI/EAF (Tosyali),Steel & Iron (Acier DRI),Metallurgy,Flaring,Associated Gas (Flaring),Specific,10000,m3,,ground,72.0,,1020,,,,,,,,,,,,,,,,,,,,,,,,3.0,4.0,6.0
2025-04,Complexe Sidérurgique DRI/EAF (Tosyali),Steel & Iron (Acier DRI),Metallurgy,Flaring,Associated Gas (Flaring),Specific,12500,m3,,enclosed,73.0,,1020,,,,,,,,,,,,,,,,,,,,,,,,3.0,4.0,6.0
2025-05,Complexe Sidérurgique DRI/EAF (Tosyali),Steel & Iron (Acier DRI),Metallurgy,Flaring,Associated Gas (Flaring),Specific,15000,m3,,elevated,74.0,,1020,,,,,,,,,,,,,,,,,,,,,,,,3.0,4.0,6.0
2025-06,Complexe Sidérurgique DRI/EAF (Tosyali),Steel & Iron (Acier DRI),Metallurgy,Flaring,Associated Gas (Flaring),Specific,17500,m3,,open,75.0,,1020,,,,,,,,,,,,,,,,,,,,,,,,3.0,4.0,6.0
2025-07,Complexe Sidérurgique DRI/EAF (Tosyali),Steel & Iron (Acier DRI),Metallurgy,Flaring,Associated Gas (Flaring),Specific,20000,m3,,ground,76.0,,1020,,,,,,,,,,,,,,,,,,,,,,,,3.0,4.0,6.0
2025-08,Complexe Sidérurgique DRI/EAF (Tosyali),Steel & Iron (Acier DRI),Metallurgy,Flaring,Associated Gas (Flaring),Specific,22500,m3,,enclosed,77.0,,1020,,,,,,,,,,,,,,,,,,,,,,,,3.0,4.0,6.0
2025-09,Complexe Sidérurgique DRI/EAF (Tosyali),Steel & Iron (Acier DRI),Metallurgy,Flaring,Associated Gas (Flaring),Specific,25000,m3,,elevated,78.0,,1020,,,,,,,,,,,,,,,,,,,,,,,,3.0,4.0,6.0
2025-10,Complexe Sidérurgique DRI/EAF (Tosyali),Steel & Iron (Acier DRI),Metallurgy,Flaring,Associated Gas (Flaring),Specific,27500,m3,,open,79.0,,1020,,,,,,,,,,,,,,,,,,,,,,,,3.0,4.0,6.0
2025-11,Complexe Sidérurgique DRI/EAF (Tosyali),Steel & Iron (Acier DRI),Metallurgy,Flaring,Associated Gas (Flaring),Specific,30000,m3,,ground,80.0,,1020,,,,,,,,,,,,,,,,,,,,,,,,3.0,4.0,6.0
2025-12,Complexe Sidérurgique DRI/EAF (Tosyali),Steel & Iron (Acier DRI),Metallurgy,Flaring,Associated Gas (Flaring),Specific,32500,m3,,enclosed,81.0,,1020,,,,,,,,,,,,,,,,,,,,,,,,3.0,4.0,6.0
2025-01,Complexe Sidérurgique DRI/EAF (Tosyali),Steel & Iron (Acier DRI),Metallurgy,Flaring,Associated Gas (Flaring),Specific,35000,m3,,elevated,82.0,,1020,,,,,,,,,,,,,,,,,,,,,,,,3.0,4.0,6.0
2025-02,Complexe Sidérurgique DRI/EAF (Tosyali),Steel & Iron (Acier DRI),Metallurgy,Flaring,Associated Gas (Flaring),Specific,37500,m3,,open,83.0,,1020,,,,,,,,,,,,,,,,,,,,,,,,3.0,4.0,6.0
2025-03,Complexe Sidérurgique DRI/EAF (Tosyali),Steel & Iron (Acier DRI),Metallurgy,Flaring,Associated Gas (Flaring),Specific,40000,m3,,ground,84.0,,1020,,,,,,,,,,,,,,,,,,,,,,,,3.0,4.0,6.0
2025-04,Complexe Sidérurgique DRI/EAF (Tosyali),Steel & Iron (Acier DRI),Metallurgy,Flaring,Associated Gas (Flaring),Specific,42500,m3,,enclosed,85.0,,1020,,,,,,,,,,,,,,,,,,,,,,,,3.0,4.0,6.0
2025-05,Complexe Sidérurgique DRI/EAF (Tosyali),Steel & Iron (Acier DRI),Metallurgy,Flaring,Associated Gas (Flaring),Specific,45000,m3,,elevated,86.0,,1020,,,,,,,,,,,,,,,,,,,,,,,,3.0,4.0,6.0
2025-06,Complexe Sidérurgique DRI/EAF (Tosyali),Steel & Iron (Acier DRI),Metallurgy,Flaring,Associated Gas (Flaring),Specific,47500,m3,,open,87.0,,1020,,,,,,,,,,,,,,,,,,,,,,,,3.0,4.0,6.0
2025-07,Complexe Sidérurgique DRI/EAF (Tosyali),Steel & Iron (Acier DRI),Metallurgy,Flaring,Associated Gas (Flaring),Specific,50000,m3,,ground,88.0,,1020,,,,,,,,,,,,,,,,,,,,,,,,3.0,4.0,6.0
2025-08,Complexe Sidérurgique DRI/EAF (Tosyali),Steel & Iron (Acier DRI),Metallurgy,Flaring,Associated Gas (Flaring),Specific,52500,m3,,enclosed,89.0,,1020,,,,,,,,,,,,,,,,,,,,,,,,3.0,4.0,6.0
2025-09,Complexe Sidérurgique DRI/EAF (Tosyali),Steel & Iron (Acier DRI),Metallurgy,Flaring,Associated Gas (Flaring),Specific,55000,m3,,elevated,90.0,,1020,,,,,,,,,,,,,,,,,,,,,,,,3.0,4.0,6.0
2025-10,Complexe Sidérurgique DRI/EAF (Tosyali),Steel & Iron (Acier DRI),Metallurgy,Flaring,Associated Gas (Flaring),Specific,57500,m3,,open,91.0,,1020,,,,,,,,,,,,,,,,,,,,,,,,3.0,4.0,6.0
2025-11,Complexe Sidérurgique DRI/EAF (Tosyali),Steel & Iron (Acier DRI),Metallurgy,Flaring,Associated Gas (Flaring),Specific,60000,m3,,ground,92.0,,1020,,,,,,,,,,,,,,,,,,,,,,,,3.0,4.0,6.0
2025-12,Complexe Sidérurgique DRI/EAF (Tosyali),Steel & Iron (Acier DRI),Metallurgy,Flaring,Associated Gas (Flaring),Specific,62500,m3,,enclosed,93.0,,1020,,,,,,,,,,,,,,,,,,,,,,,,3.0,4.0,6.0
2025-01,Complexe Sidérurgique DRI/EAF (Tosyali),Steel & Iron (Acier DRI),Metallurgy,Flaring,Associated Gas (Flaring),Specific,65000,m3,,elevated,94.0,,1020,,,,,,,,,,,,,,,,,,,,,,,,3.0,4.0,6.0
2025-02,Complexe Sidérurgique DRI/EAF (Tosyali),Steel & Iron (Acier DRI),Metallurgy,Flaring,Associated Gas (Flaring),Specific,67500,m3,,open,95.0,,1020,,,,,,,,,,,,,,,,,,,,,,,,3.0,4.0,6.0
2025-03,Complexe Sidérurgique DRI/EAF (Tosyali),Steel & Iron (Acier DRI),Metallurgy,Flaring,Associated Gas (Flaring),Specific,70000,m3,,ground,96.0,,1020,,,,,,,,,,,,,,,,,,,,,,,,3.0,4.0,6.0
2025-04,Complexe Sidérurgique DRI/EAF (Tosyali),Steel & Iron (Acier DRI),Metallurgy,Flaring,Associated Gas (Flaring),Specific,72500,m3,,enclosed,97.0,,1020,,,,,,,,,,,,,,,,,,,,,,,,3.0,4.0,6.0
2025-05,Complexe Sidérurgique DRI/EAF (Tosyali),Steel & Iron (Acier DRI),Metallurgy,Flaring,Associated Gas (Flaring),Specific,75000,m3,,elevated,70.0,,1020,,,,,,,,,,,,,,,,,,,,,,,,3.0,4.0,6.0
2025-06,Complexe Sidérurgique DRI/EAF (Tosyali),Steel & Iron (Acier DRI),Metallurgy,Flaring,Associated Gas (Flaring),Specific,77500,m3,,open,71.0,,1020,,,,,,,,,,,,,,,,,,,,,,,,3.0,4.0,6.0
2025-07,Complexe Sidérurgique DRI/EAF (Tosyali),Steel & Iron (Acier DRI),Metallurgy,Flaring,Associated Gas (Flaring),Specific,80000,m3,,ground,72.0,,1020,,,,,,,,,,,,,,,,,,,,,,,,3.0,4.0,6.0
2025-08,Complexe Sidérurgique DRI/EAF (Tosyali),Steel & Iron (Acier DRI),Metallurgy,Flaring,Associated Gas (Flaring),Specific,82500,m3,,enclosed,73.0,,1020,,,,,,,,,,,,,,,,,,,,,,,,3.0,4.0,6.0
2025-09,Complexe Sidérurgique DRI/EAF (Tosyali),Steel & Iron (Acier DRI),Metallurgy,Flaring,Associated Gas (Flaring),Specific,85000,m3,,elevated,74.0,,1020,,,,,,,,,,,,,,,,,,,,,,,,3.0,4.0,6.0
2025-10,Complexe Sidérurgique DRI/EAF (Tosyali),Steel & Iron (Acier DRI),Metallurgy,Flaring,Associated Gas (Flaring),Specific,87500,m3,,open,75.0,,1020,,,,,,,,,,,,,,,,,,,,,,,,3.0,4.0,6.0
2025-11,Complexe Sidérurgique DRI/EAF (Tosyali),Steel & Iron (Acier DRI),Metallurgy,Flaring,Associated Gas (Flaring),Specific,90000,m3,,ground,76.0,,1020,,,,,,,,,,,,,,,,,,,,,,,,3.0,4.0,6.0
2025-12,Complexe Sidérurgique DRI/EAF (Tosyali),Steel & Iron (Acier DRI),Metallurgy,Flaring,Associated Gas (Flaring),Specific,92500,m3,,enclosed,77.0,,1020,,,,,,,,,,,,,,,,,,,,,,,,3.0,4.0,6.0
2025-01,Complexe Sidérurgique DRI/EAF (Tosyali),Steel & Iron (Acier DRI),Metallurgy,Flaring,Associated Gas (Flaring),Specific,95000,m3,,elevated,78.0,,1020,,,,,,,,,,,,,,,,,,,,,,,,3.0,4.0,6.0
2025-02,Complexe Sidérurgique DRI/EAF (Tosyali),Steel & Iron (Acier DRI),Metallurgy,Flaring,Associated Gas (Flaring),Specific,97500,m3,,open,79.0,,1020,,,,,,,,,,,,,,,,,,,,,,,,3.0,4.0,6.0
2025-03,Complexe Sidérurgique DRI/EAF (Tosyali),Steel & Iron (Acier DRI),Metallurgy,Flaring,Associated Gas (Flaring),Specific,100000,m3,,ground,80.0,,1020,,,,,,,,,,,,,,,,,,,,,,,,3.0,4.0,6.0
2025-04,Complexe Sidérurgique DRI/EAF (Tosyali),Steel & Iron (Acier DRI),Metallurgy,Flaring,Associated Gas (Flaring),Specific,102500,m3,,enclosed,81.0,,1020,,,,,,,,,,,,,,,,,,,,,,,,3.0,4.0,6.0
2024-01,Complexe Sidérurgique DRI/EAF (Tosyali),Steel & Iron (Acier DRI),Metallurgy,Storage Tanks,Crude Oil,Specific,1000,bbl,,,65.0,,,50,95,35,,,,,,,,,,,,,,,,,,,,,,5.0,
2024-02,Complexe Sidérurgique DRI/EAF (Tosyali),Steel & Iron (Acier DRI),Metallurgy,Storage Tanks,Crude Oil,Specific,2200,bbl,,,66.0,,,60,95,36,,,,,,,,,,,,,,,,,,,,,,5.0,
2024-03,Complexe Sidérurgique DRI/EAF (Tosyali),Steel & Iron (Acier DRI),Metallurgy,Storage Tanks,Crude Oil,Specific,3400,bbl,,,67.0,,,70,95,37,,,,,,,,,,,,,,,,,,,,,,5.0,
2024-04,Complexe Sidérurgique DRI/EAF (Tosyali),Steel & Iron (Acier DRI),Metallurgy,Storage Tanks,Crude Oil,Specific,4600,bbl,,,68.0,,,80,95,38,,,,,,,,,,,,,,,,,,,,,,5.0,
2024-05,Complexe Sidérurgique DRI/EAF (Tosyali),Steel & Iron (Acier DRI),Metallurgy,Storage Tanks,Crude Oil,Specific,5800,bbl,,,69.0,,,90,95,39,,,,,,,,,,,,,,,,,,,,,,5.0,
2024-06,Complexe Sidérurgique DRI/EAF (Tosyali),Steel & Iron (Acier DRI),Metallurgy,Storage Tanks,Crude Oil,Specific,7000,bbl,,,70.0,,,100,95,40,,,,,,,,,,,,,,,,,,,,,,5.0,
2024-07,Complexe Sidérurgique DRI/EAF (Tosyali),Steel & Iron (Acier DRI),Metallurgy,Storage Tanks,Crude Oil,Specific,8200,bbl,,,71.0,,,110,95,41,,,,,,,,,,,,,,,,,,,,,,5.0,
2024-08,Complexe Sidérurgique DRI/EAF (Tosyali),Steel & Iron (Acier DRI),Metallurgy,Storage Tanks,Crude Oil,Specific,9400,bbl,,,72.0,,,120,95,42,,,,,,,,,,,,,,,,,,,,,,5.0,
2024-09,Complexe Sidérurgique DRI/EAF (Tosyali),Steel & Iron (Acier DRI),Metallurgy,Storage Tanks,Crude Oil,Specific,10600,bbl,,,73.0,,,130,95,43,,,,,,,,,,,,,,,,,,,,,,5.0,
2024-10,Complexe Sidérurgique DRI/EAF (Tosyali),Steel & Iron (Acier DRI),Metallurgy,Storage Tanks,Crude Oil,Specific,11800,bbl,,,74.0,,,140,95,44,,,,,,,,,,,,,,,,,,,,,,5.0,
2024-11,Complexe Sidérurgique DRI/EAF (Tosyali),Steel & Iron (Acier DRI),Metallurgy,Storage Tanks,Crude Oil,Specific,13000,bbl,,,75.0,,,150,95,35,,,,,,,,,,,,,,,,,,,,,,5.0,
2024-12,Complexe Sidérurgique DRI/EAF (Tosyali),Steel & Iron (Acier DRI),Metallurgy,Storage Tanks,Crude Oil,Specific,14200,bbl,,,76.0,,,160,95,36,,,,,,,,,,,,,,,,,,,,,,5.0,
2024-01,Complexe Sidérurgique DRI/EAF (Tosyali),Steel & Iron (Acier DRI),Metallurgy,Storage Tanks,Crude Oil,Specific,15400,bbl,,,77.0,,,170,95,37,,,,,,,,,,,,,,,,,,,,,,5.0,
2024-02,Complexe Sidérurgique DRI/EAF (Tosyali),Steel & Iron (Acier DRI),Metallurgy,Storage Tanks,Crude Oil,Specific,16600,bbl,,,78.0,,,180,95,38,,,,,,,,,,,,,,,,,,,,,,5.0,
2024-03,Complexe Sidérurgique DRI/EAF (Tosyali),Steel & Iron (Acier DRI),Metallurgy,Storage Tanks,Crude Oil,Specific,17800,bbl,,,79.0,,,190,95,39,,,,,,,,,,,,,,,,,,,,,,5.0,
2024-04,Complexe Sidérurgique DRI/EAF (Tosyali),Steel & Iron (Acier DRI),Metallurgy,Storage Tanks,Crude Oil,Specific,19000,bbl,,,80.0,,,200,95,40,,,,,,,,,,,,,,,,,,,,,,5.0,
2024-05,Complexe Sidérurgique DRI/EAF (Tosyali),Steel & Iron (Acier DRI),Metallurgy,Storage Tanks,Crude Oil,Specific,20200,bbl,,,81.0,,,210,95,41,,,,,,,,,,,,,,,,,,,,,,5.0,
2024-06,Complexe Sidérurgique DRI/EAF (Tosyali),Steel & Iron (Acier DRI),Metallurgy,Storage Tanks,Crude Oil,Specific,21400,bbl,,,82.0,,,220,95,42,,,,,,,,,,,,,,,,,,,,,,5.0,
2024-07,Complexe Sidérurgique DRI/EAF (Tosyali),Steel & Iron (Acier DRI),Metallurgy,Storage Tanks,Crude Oil,Specific,22600,bbl,,,83.0,,,230,95,43,,,,,,,,,,,,,,,,,,,,,,5.0,
2024-08,Complexe Sidérurgique DRI/EAF (Tosyali),Steel & Iron (Acier DRI),Metallurgy,Storage Tanks,Crude Oil,Specific,23800,bbl,,,84.0,,,240,95,44,,,,,,,,,,,,,,,,,,,,,,5.0,
2024-09,Complexe Sidérurgique DRI/EAF (Tosyali),Steel & Iron (Acier DRI),Metallurgy,Storage Tanks,Crude Oil,Specific,25000,bbl,,,85.0,,,250,95,35,,,,,,,,,,,,,,,,,,,,,,5.0,
2024-10,Complexe Sidérurgique DRI/EAF (Tosyali),Steel & Iron (Acier DRI),Metallurgy,Storage Tanks,Crude Oil,Specific,26200,bbl,,,86.0,,,260,95,36,,,,,,,,,,,,,,,,,,,,,,5.0,
2024-11,Complexe Sidérurgique DRI/EAF (Tosyali),Steel & Iron (Acier DRI),Metallurgy,Storage Tanks,Crude Oil,Specific,27400,bbl,,,87.0,,,270,95,37,,,,,,,,,,,,,,,,,,,,,,5.0,
2024-12,Complexe Sidérurgique DRI/EAF (Tosyali),Steel & Iron (Acier DRI),Metallurgy,Storage Tanks,Crude Oil,Specific,28600,bbl,,,88.0,,,280,95,38,,,,,,,,,,,,,,,,,,,,,,5.0,
2024-01,Complexe Sidérurgique DRI/EAF (Tosyali),Steel & Iron (Acier DRI),Metallurgy,Storage Tanks,Crude Oil,Specific,29800,bbl,,,89.0,,,290,95,39,,,,,,,,,,,,,,,,,,,,,,5.0,
2024-02,Complexe Sidérurgique DRI/EAF (Tosyali),Steel & Iron (Acier DRI),Metallurgy,Storage Tanks,Crude Oil,Specific,31000,bbl,,,65.0,,,300,95,40,,,,,,,,,,,,,,,,,,,,,,5.0,
2024-03,Complexe Sidérurgique DRI/EAF (Tosyali),Steel & Iron (Acier DRI),Metallurgy,Storage Tanks,Crude Oil,Specific,32200,bbl,,,66.0,,,310,95,41,,,,,,,,,,,,,,,,,,,,,,5.0,
2024-04,Complexe Sidérurgique DRI/EAF (Tosyali),Steel & Iron (Acier DRI),Metallurgy,Storage Tanks,Crude Oil,Specific,33400,bbl,,,67.0,,,320,95,42,,,,,,,,,,,,,,,,,,,,,,5.0,
2024-05,Complexe Sidérurgique DRI/EAF (Tosyali),Steel & Iron (Acier DRI),Metallurgy,Storage Tanks,Crude Oil,Specific,34600,bbl,,,68.0,,,330,95,43,,,,,,,,,,,,,,,,,,,,,,5.0,
2024-06,Complexe Sidérurgique DRI/EAF (Tosyali),Steel & Iron (Acier DRI),Metallurgy,Storage Tanks,Crude Oil,Specific,35800,bbl,,,69.0,,,340,95,44,,,,,,,,,,,,,,,,,,,,,,5.0,
2024-07,Complexe Sidérurgique DRI/EAF (Tosyali),Steel & Iron (Acier DRI),Metallurgy,Storage Tanks,Crude Oil,Specific,37000,bbl,,,70.0,,,350,95,35,,,,,,,,,,,,,,,,,,,,,,5.0,
2024-08,Complexe Sidérurgique DRI/EAF (Tosyali),Steel & Iron (Acier DRI),Metallurgy,Storage Tanks,Crude Oil,Specific,38200,bbl,,,71.0,,,360,95,36,,,,,,,,,,,,,,,,,,,,,,5.0,
2024-09,Complexe Sidérurgique DRI/EAF (Tosyali),Steel & Iron (Acier DRI),Metallurgy,Storage Tanks,Crude Oil,Specific,39400,bbl,,,72.0,,,370,95,37,,,,,,,,,,,,,,,,,,,,,,5.0,
2024-10,Complexe Sidérurgique DRI/EAF (Tosyali),Steel & Iron (Acier DRI),Metallurgy,Storage Tanks,Crude Oil,Specific,40600,bbl,,,73.0,,,380,95,38,,,,,,,,,,,,,,,,,,,,,,5.0,
2024-11,Complexe Sidérurgique DRI/EAF (Tosyali),Steel & Iron (Acier DRI),Metallurgy,Storage Tanks,Crude Oil,Specific,41800,bbl,,,74.0,,,390,95,39,,,,,,,,,,,,,,,,,,,,,,5.0,
2024-12,Complexe Sidérurgique DRI/EAF (Tosyali),Steel & Iron (Acier DRI),Metallurgy,Storage Tanks,Crude Oil,Specific,43000,bbl,,,75.0,,,400,95,40,,,,,,,,,,,,,,,,,,,,,,5.0,
2024-01,Complexe Sidérurgique DRI/EAF (Tosyali),Steel & Iron (Acier DRI),Metallurgy,Storage Tanks,Crude Oil,Specific,44200,bbl,,,76.0,,,410,95,41,,,,,,,,,,,,,,,,,,,,,,5.0,
2024-02,Complexe Sidérurgique DRI/EAF (Tosyali),Steel & Iron (Acier DRI),Metallurgy,Storage Tanks,Crude Oil,Specific,45400,bbl,,,77.0,,,420,95,42,,,,,,,,,,,,,,,,,,,,,,5.0,
2024-03,Complexe Sidérurgique DRI/EAF (Tosyali),Steel & Iron (Acier DRI),Metallurgy,Storage Tanks,Crude Oil,Specific,46600,bbl,,,78.0,,,430,95,43,,,,,,,,,,,,,,,,,,,,,,5.0,
2024-04,Complexe Sidérurgique DRI/EAF (Tosyali),Steel & Iron (Acier DRI),Metallurgy,Storage Tanks,Crude Oil,Specific,47800,bbl,,,79.0,,,440,95,44,,,,,,,,,,,,,,,,,,,,,,5.0,
2024-01,Complexe Sidérurgique DRI/EAF (Tosyali),Steel & Iron (Acier DRI),Metallurgy,Storage Tanks,Condensate,Specific,500,bbl,,,80.0,,,,90,,,,,,,,,,,,,,,,,,,,,,,6.0,
2024-02,Complexe Sidérurgique DRI/EAF (Tosyali),Steel & Iron (Acier DRI),Metallurgy,Storage Tanks,Condensate,Specific,1300,bbl,,,80.0,,,,90,,,,,,,,,,,,,,,,,,,,,,,6.0,
2024-03,Complexe Sidérurgique DRI/EAF (Tosyali),Steel & Iron (Acier DRI),Metallurgy,Storage Tanks,Condensate,Specific,2100,bbl,,,80.0,,,,90,,,,,,,,,,,,,,,,,,,,,,,6.0,
2024-04,Complexe Sidérurgique DRI/EAF (Tosyali),Steel & Iron (Acier DRI),Metallurgy,Storage Tanks,Condensate,Specific,2900,bbl,,,80.0,,,,90,,,,,,,,,,,,,,,,,,,,,,,6.0,
2024-05,Complexe Sidérurgique DRI/EAF (Tosyali),Steel & Iron (Acier DRI),Metallurgy,Storage Tanks,Condensate,Specific,3700,bbl,,,80.0,,,,90,,,,,,,,,,,,,,,,,,,,,,,6.0,
2024-06,Complexe Sidérurgique DRI/EAF (Tosyali),Steel & Iron (Acier DRI),Metallurgy,Storage Tanks,Condensate,Specific,4500,bbl,,,80.0,,,,90,,,,,,,,,,,,,,,,,,,,,,,6.0,
2024-07,Complexe Sidérurgique DRI/EAF (Tosyali),Steel & Iron (Acier DRI),Metallurgy,Storage Tanks,Condensate,Specific,5300,bbl,,,80.0,,,,90,,,,,,,,,,,,,,,,,,,,,,,6.0,
2024-08,Complexe Sidérurgique DRI/EAF (Tosyali),Steel & Iron (Acier DRI),Metallurgy,Storage Tanks,Condensate,Specific,6100,bbl,,,80.0,,,,90,,,,,,,,,,,,,,,,,,,,,,,6.0,
2024-09,Complexe Sidérurgique DRI/EAF (Tosyali),Steel & Iron (Acier DRI),Metallurgy,Storage Tanks,Condensate,Specific,6900,bbl,,,80.0,,,,90,,,,,,,,,,,,,,,,,,,,,,,6.0,
2024-10,Complexe Sidérurgique DRI/EAF (Tosyali),Steel & Iron (Acier DRI),Metallurgy,Storage Tanks,Condensate,Specific,7700,bbl,,,80.0,,,,90,,,,,,,,,,,,,,,,,,,,,,,6.0,
2024-11,Complexe Sidérurgique DRI/EAF (Tosyali),Steel & Iron (Acier DRI),Metallurgy,Storage Tanks,Condensate,Specific,8500,bbl,,,80.0,,,,90,,,,,,,,,,,,,,,,,,,,,,,6.0,
2024-12,Complexe Sidérurgique DRI/EAF (Tosyali),Steel & Iron (Acier DRI),Metallurgy,Storage Tanks,Condensate,Specific,9300,bbl,,,80.0,,,,90,,,,,,,,,,,,,,,,,,,,,,,6.0,
2024-01,Complexe Sidérurgique DRI/EAF (Tosyali),Steel & Iron (Acier DRI),Metallurgy,Storage Tanks,Condensate,Specific,10100,bbl,,,80.0,,,,90,,,,,,,,,,,,,,,,,,,,,,,6.0,
2024-02,Complexe Sidérurgique DRI/EAF (Tosyali),Steel & Iron (Acier DRI),Metallurgy,Storage Tanks,Condensate,Specific,10900,bbl,,,80.0,,,,90,,,,,,,,,,,,,,,,,,,,,,,6.0,
2024-03,Complexe Sidérurgique DRI/EAF (Tosyali),Steel & Iron (Acier DRI),Metallurgy,Storage Tanks,Condensate,Specific,11700,bbl,,,80.0,,,,90,,,,,,,,,,,,,,,,,,,,,,,6.0,
2024-04,Complexe Sidérurgique DRI/EAF (Tosyali),Steel & Iron (Acier DRI),Metallurgy,Storage Tanks,Condensate,Specific,12500,bbl,,,80.0,,,,90,,,,,,,,,,,,,,,,,,,,,,,6.0,
2024-05,Complexe Sidérurgique DRI/EAF (Tosyali),Steel & Iron (Acier DRI),Metallurgy,Storage Tanks,Condensate,Specific,13300,bbl,,,80.0,,,,90,,,,,,,,,,,,,,,,,,,,,,,6.0,
2024-06,Complexe Sidérurgique DRI/EAF (Tosyali),Steel & Iron (Acier DRI),Metallurgy,Storage Tanks,Condensate,Specific,14100,bbl,,,80.0,,,,90,,,,,,,,,,,,,,,,,,,,,,,6.0,
2024-07,Complexe Sidérurgique DRI/EAF (Tosyali),Steel & Iron (Acier DRI),Metallurgy,Storage Tanks,Condensate,Specific,14900,bbl,,,80.0,,,,90,,,,,,,,,,,,,,,,,,,,,,,6.0,
2024-08,Complexe Sidérurgique DRI/EAF (Tosyali),Steel & Iron (Acier DRI),Metallurgy,Storage Tanks,Condensate,Specific,15700,bbl,,,80.0,,,,90,,,,,,,,,,,,,,,,,,,,,,,6.0,
2024-09,Complexe Sidérurgique DRI/EAF (Tosyali),Steel & Iron (Acier DRI),Metallurgy,Storage Tanks,Condensate,Specific,16500,bbl,,,80.0,,,,90,,,,,,,,,,,,,,,,,,,,,,,6.0,
2024-10,Complexe Sidérurgique DRI/EAF (Tosyali),Steel & Iron (Acier DRI),Metallurgy,Storage Tanks,Condensate,Specific,17300,bbl,,,80.0,,,,90,,,,,,,,,,,,,,,,,,,,,,,6.0,
2024-11,Complexe Sidérurgique DRI/EAF (Tosyali),Steel & Iron (Acier DRI),Metallurgy,Storage Tanks,Condensate,Specific,18100,bbl,,,80.0,,,,90,,,,,,,,,,,,,,,,,,,,,,,6.0,
2024-12,Complexe Sidérurgique DRI/EAF (Tosyali),Steel & Iron (Acier DRI),Metallurgy,Storage Tanks,Condensate,Specific,18900,bbl,,,80.0,,,,90,,,,,,,,,,,,,,,,,,,,,,,6.0,
2024-01,Complexe Sidérurgique DRI/EAF (Tosyali),Steel & Iron (Acier DRI),Metallurgy,Storage Tanks,Condensate,Specific,19700,bbl,,,80.0,,,,90,,,,,,,,,,,,,,,,,,,,,,,6.0,
2024-02,Complexe Sidérurgique DRI/EAF (Tosyali),Steel & Iron (Acier DRI),Metallurgy,Storage Tanks,Condensate,Specific,20500,bbl,,,80.0,,,,90,,,,,,,,,,,,,,,,,,,,,,,6.0,
2024-03,Complexe Sidérurgique DRI/EAF (Tosyali),Steel & Iron (Acier DRI),Metallurgy,Storage Tanks,Condensate,Specific,21300,bbl,,,80.0,,,,90,,,,,,,,,,,,,,,,,,,,,,,6.0,
2024-04,Complexe Sidérurgique DRI/EAF (Tosyali),Steel & Iron (Acier DRI),Metallurgy,Storage Tanks,Condensate,Specific,22100,bbl,,,80.0,,,,90,,,,,,,,,,,,,,,,,,,,,,,6.0,
2024-05,Complexe Sidérurgique DRI/EAF (Tosyali),Steel & Iron (Acier DRI),Metallurgy,Storage Tanks,Condensate,Specific,22900,bbl,,,80.0,,,,90,,,,,,,,,,,,,,,,,,,,,,,6.0,
2024-06,Complexe Sidérurgique DRI/EAF (Tosyali),Steel & Iron (Acier DRI),Metallurgy,Storage Tanks,Condensate,Specific,23700,bbl,,,80.0,,,,90,,,,,,,,,,,,,,,,,,,,,,,6.0,
2024-07,Complexe Sidérurgique DRI/EAF (Tosyali),Steel & Iron (Acier DRI),Metallurgy,Storage Tanks,Condensate,Specific,24500,bbl,,,80.0,,,,90,,,,,,,,,,,,,,,,,,,,,,,6.0,
2024-08,Complexe Sidérurgique DRI/EAF (Tosyali),Steel & Iron (Acier DRI),Metallurgy,Storage Tanks,Condensate,Specific,25300,bbl,,,80.0,,,,90,,,,,,,,,,,,,,,,,,,,,,,6.0,
2024-09,Complexe Sidérurgique DRI/EAF (Tosyali),Steel & Iron (Acier DRI),Metallurgy,Storage Tanks,Condensate,Specific,26100,bbl,,,80.0,,,,90,,,,,,,,,,,,,,,,,,,,,,,6.0,
2024-10,Complexe Sidérurgique DRI/EAF (Tosyali),Steel & Iron (Acier DRI),Metallurgy,Storage Tanks,Condensate,Specific,26900,bbl,,,80.0,,,,90,,,,,,,,,,,,,,,,,,,,,,,6.0,
2024-11,Complexe Sidérurgique DRI/EAF (Tosyali),Steel & Iron (Acier DRI),Metallurgy,Storage Tanks,Condensate,Specific,27700,bbl,,,80.0,,,,90,,,,,,,,,,,,,,,,,,,,,,,6.0,
2025-01,Complexe Sidérurgique DRI/EAF (Tosyali),Steel & Iron (Acier DRI),Metallurgy,Acid Gas Removal (AGR),Natural Gas,Specific,5.0,MMscf/day,,,,,,,,,5.0,3.0,0.05,,,,,,,,,,,,,,,,,,2.0,4.0,
2025-02,Complexe Sidérurgique DRI/EAF (Tosyali),Steel & Iron (Acier DRI),Metallurgy,Acid Gas Removal (AGR),Natural Gas,Specific,6.5,MMscf/day,,,,,,,,,6.5,4.0,0.05,,,,,,,,,,,,,,,,,,2.0,4.0,
2025-03,Complexe Sidérurgique DRI/EAF (Tosyali),Steel & Iron (Acier DRI),Metallurgy,Acid Gas Removal (AGR),Natural Gas,Specific,8.0,MMscf/day,,,,,,,,,8.0,5.0,0.05,,,,,,,,,,,,,,,,,,2.0,4.0,
2025-04,Complexe Sidérurgique DRI/EAF (Tosyali),Steel & Iron (Acier DRI),Metallurgy,Acid Gas Removal (AGR),Natural Gas,Specific,9.5,MMscf/day,,,,,,,,,9.5,6.0,0.05,,,,,,,,,,,,,,,,,,2.0,4.0,
2025-05,Complexe Sidérurgique DRI/EAF (Tosyali),Steel & Iron (Acier DRI),Metallurgy,Acid Gas Removal (AGR),Natural Gas,Specific,11.0,MMscf/day,,,,,,,,,11.0,7.0,0.05,,,,,,,,,,,,,,,,,,2.0,4.0,
2025-06,Complexe Sidérurgique DRI/EAF (Tosyali),Steel & Iron (Acier DRI),Metallurgy,Acid Gas Removal (AGR),Natural Gas,Specific,12.5,MMscf/day,,,,,,,,,12.5,8.0,0.05,,,,,,,,,,,,,,,,,,2.0,4.0,
2025-07,Complexe Sidérurgique DRI/EAF (Tosyali),Steel & Iron (Acier DRI),Metallurgy,Acid Gas Removal (AGR),Natural Gas,Specific,14.0,MMscf/day,,,,,,,,,14.0,9.0,0.05,,,,,,,,,,,,,,,,,,2.0,4.0,
2025-08,Complexe Sidérurgique DRI/EAF (Tosyali),Steel & Iron (Acier DRI),Metallurgy,Acid Gas Removal (AGR),Natural Gas,Specific,15.5,MMscf/day,,,,,,,,,15.5,10.0,0.05,,,,,,,,,,,,,,,,,,2.0,4.0,
2025-09,Complexe Sidérurgique DRI/EAF (Tosyali),Steel & Iron (Acier DRI),Metallurgy,Acid Gas Removal (AGR),Natural Gas,Specific,17.0,MMscf/day,,,,,,,,,17.0,11.0,0.05,,,,,,,,,,,,,,,,,,2.0,4.0,
2025-10,Complexe Sidérurgique DRI/EAF (Tosyali),Steel & Iron (Acier DRI),Metallurgy,Acid Gas Removal (AGR),Natural Gas,Specific,18.5,MMscf/day,,,,,,,,,18.5,12.0,0.05,,,,,,,,,,,,,,,,,,2.0,4.0,
2025-11,Complexe Sidérurgique DRI/EAF (Tosyali),Steel & Iron (Acier DRI),Metallurgy,Acid Gas Removal (AGR),Natural Gas,Specific,20.0,MMscf/day,,,,,,,,,20.0,13.0,0.05,,,,,,,,,,,,,,,,,,2.0,4.0,
2025-12,Complexe Sidérurgique DRI/EAF (Tosyali),Steel & Iron (Acier DRI),Metallurgy,Acid Gas Removal (AGR),Natural Gas,Specific,21.5,MMscf/day,,,,,,,,,21.5,14.0,0.05,,,,,,,,,,,,,,,,,,2.0,4.0,
2025-01,Complexe Sidérurgique DRI/EAF (Tosyali),Steel & Iron (Acier DRI),Metallurgy,Acid Gas Removal (AGR),Natural Gas,Specific,23.0,MMscf/day,,,,,,,,,23.0,3.0,0.05,,,,,,,,,,,,,,,,,,2.0,4.0,
2025-02,Complexe Sidérurgique DRI/EAF (Tosyali),Steel & Iron (Acier DRI),Metallurgy,Acid Gas Removal (AGR),Natural Gas,Specific,24.5,MMscf/day,,,,,,,,,24.5,4.0,0.05,,,,,,,,,,,,,,,,,,2.0,4.0,
2025-03,Complexe Sidérurgique DRI/EAF (Tosyali),Steel & Iron (Acier DRI),Metallurgy,Acid Gas Removal (AGR),Natural Gas,Specific,26.0,MMscf/day,,,,,,,,,26.0,5.0,0.05,,,,,,,,,,,,,,,,,,2.0,4.0,
2025-04,Complexe Sidérurgique DRI/EAF (Tosyali),Steel & Iron (Acier DRI),Metallurgy,Acid Gas Removal (AGR),Natural Gas,Specific,27.5,MMscf/day,,,,,,,,,27.5,6.0,0.05,,,,,,,,,,,,,,,,,,2.0,4.0,
2025-05,Complexe Sidérurgique DRI/EAF (Tosyali),Steel & Iron (Acier DRI),Metallurgy,Acid Gas Removal (AGR),Natural Gas,Specific,29.0,MMscf/day,,,,,,,,,29.0,7.0,0.05,,,,,,,,,,,,,,,,,,2.0,4.0,
2025-06,Complexe Sidérurgique DRI/EAF (Tosyali),Steel & Iron (Acier DRI),Metallurgy,Acid Gas Removal (AGR),Natural Gas,Specific,30.5,MMscf/day,,,,,,,,,30.5,8.0,0.05,,,,,,,,,,,,,,,,,,2.0,4.0,
2025-07,Complexe Sidérurgique DRI/EAF (Tosyali),Steel & Iron (Acier DRI),Metallurgy,Acid Gas Removal (AGR),Natural Gas,Specific,32.0,MMscf/day,,,,,,,,,32.0,9.0,0.05,,,,,,,,,,,,,,,,,,2.0,4.0,
2025-08,Complexe Sidérurgique DRI/EAF (Tosyali),Steel & Iron (Acier DRI),Metallurgy,Acid Gas Removal (AGR),Natural Gas,Specific,33.5,MMscf/day,,,,,,,,,33.5,10.0,0.05,,,,,,,,,,,,,,,,,,2.0,4.0,
2025-09,Complexe Sidérurgique DRI/EAF (Tosyali),Steel & Iron (Acier DRI),Metallurgy,Acid Gas Removal (AGR),Natural Gas,Specific,35.0,MMscf/day,,,,,,,,,35.0,11.0,0.05,,,,,,,,,,,,,,,,,,2.0,4.0,
2025-10,Complexe Sidérurgique DRI/EAF (Tosyali),Steel & Iron (Acier DRI),Metallurgy,Acid Gas Removal (AGR),Natural Gas,Specific,36.5,MMscf/day,,,,,,,,,36.5,12.0,0.05,,,,,,,,,,,,,,,,,,2.0,4.0,
2025-11,Complexe Sidérurgique DRI/EAF (Tosyali),Steel & Iron (Acier DRI),Metallurgy,Acid Gas Removal (AGR),Natural Gas,Specific,38.0,MMscf/day,,,,,,,,,38.0,13.0,0.05,,,,,,,,,,,,,,,,,,2.0,4.0,
2025-12,Complexe Sidérurgique DRI/EAF (Tosyali),Steel & Iron (Acier DRI),Metallurgy,Acid Gas Removal (AGR),Natural Gas,Specific,39.5,MMscf/day,,,,,,,,,39.5,14.0,0.05,,,,,,,,,,,,,,,,,,2.0,4.0,
2025-01,Complexe Sidérurgique DRI/EAF (Tosyali),Steel & Iron (Acier DRI),Metallurgy,Acid Gas Removal (AGR),Natural Gas,Specific,41.0,MMscf/day,,,,,,,,,41.0,3.0,0.05,,,,,,,,,,,,,,,,,,2.0,4.0,
2025-02,Complexe Sidérurgique DRI/EAF (Tosyali),Steel & Iron (Acier DRI),Metallurgy,Acid Gas Removal (AGR),Natural Gas,Specific,42.5,MMscf/day,,,,,,,,,42.5,4.0,0.05,,,,,,,,,,,,,,,,,,2.0,4.0,
2025-03,Complexe Sidérurgique DRI/EAF (Tosyali),Steel & Iron (Acier DRI),Metallurgy,Acid Gas Removal (AGR),Natural Gas,Specific,44.0,MMscf/day,,,,,,,,,44.0,5.0,0.05,,,,,,,,,,,,,,,,,,2.0,4.0,
2025-04,Complexe Sidérurgique DRI/EAF (Tosyali),Steel & Iron (Acier DRI),Metallurgy,Acid Gas Removal (AGR),Natural Gas,Specific,45.5,MMscf/day,,,,,,,,,45.5,6.0,0.05,,,,,,,,,,,,,,,,,,2.0,4.0,
2025-05,Complexe Sidérurgique DRI/EAF (Tosyali),Steel & Iron (Acier DRI),Metallurgy,Acid Gas Removal (AGR),Natural Gas,Specific,47.0,MMscf/day,,,,,,,,,47.0,7.0,0.05,,,,,,,,,,,,,,,,,,2.0,4.0,
2025-06,Complexe Sidérurgique DRI/EAF (Tosyali),Steel & Iron (Acier DRI),Metallurgy,Acid Gas Removal (AGR),Natural Gas,Specific,48.5,MMscf/day,,,,,,,,,48.5,8.0,0.05,,,,,,,,,,,,,,,,,,2.0,4.0,
2025-07,Complexe Sidérurgique DRI/EAF (Tosyali),Steel & Iron (Acier DRI),Metallurgy,Acid Gas Removal (AGR),Natural Gas,Specific,50.0,MMscf/day,,,,,,,,,50.0,9.0,0.05,,,,,,,,,,,,,,,,,,2.0,4.0,
2025-08,Complexe Sidérurgique DRI/EAF (Tosyali),Steel & Iron (Acier DRI),Metallurgy,Acid Gas Removal (AGR),Natural Gas,Specific,51.5,MMscf/day,,,,,,,,,51.5,10.0,0.05,,,,,,,,,,,,,,,,,,2.0,4.0,
2025-09,Complexe Sidérurgique DRI/EAF (Tosyali),Steel & Iron (Acier DRI),Metallurgy,Acid Gas Removal (AGR),Natural Gas,Specific,53.0,MMscf/day,,,,,,,,,53.0,11.0,0.05,,,,,,,,,,,,,,,,,,2.0,4.0,
2025-10,Complexe Sidérurgique DRI/EAF (Tosyali),Steel & Iron (Acier DRI),Metallurgy,Acid Gas Removal (AGR),Natural Gas,Specific,54.5,MMscf/day,,,,,,,,,54.5,12.0,0.05,,,,,,,,,,,,,,,,,,2.0,4.0,
2025-11,Complexe Sidérurgique DRI/EAF (Tosyali),Steel & Iron (Acier DRI),Metallurgy,Acid Gas Removal (AGR),Natural Gas,Specific,56.0,MMscf/day,,,,,,,,,56.0,13.0,0.05,,,,,,,,,,,,,,,,,,2.0,4.0,
2025-01,Complexe Sidérurgique DRI/EAF (Tosyali),Steel & Iron (Acier DRI),Metallurgy,Dehydrator,Natural Gas,Specific,15,MMscf/day,,,,,,,,,,,,15,2.0,8760,85.0,,,,,,,,,,,,,,,4.5,
2025-02,Complexe Sidérurgique DRI/EAF (Tosyali),Steel & Iron (Acier DRI),Metallurgy,Dehydrator,Natural Gas,Specific,17,MMscf/day,,,,,,,,,,,,17,2.4,8760,85.0,,,,,,,,,,,,,,,4.5,
2025-03,Complexe Sidérurgique DRI/EAF (Tosyali),Steel & Iron (Acier DRI),Metallurgy,Dehydrator,Natural Gas,Specific,19,MMscf/day,,,,,,,,,,,,19,2.8,8760,85.0,,,,,,,,,,,,,,,4.5,
2025-04,Complexe Sidérurgique DRI/EAF (Tosyali),Steel & Iron (Acier DRI),Metallurgy,Dehydrator,Natural Gas,Specific,21,MMscf/day,,,,,,,,,,,,21,3.2,8760,85.0,,,,,,,,,,,,,,,4.5,
2025-05,Complexe Sidérurgique DRI/EAF (Tosyali),Steel & Iron (Acier DRI),Metallurgy,Dehydrator,Natural Gas,Specific,23,MMscf/day,,,,,,,,,,,,23,3.6,8760,85.0,,,,,,,,,,,,,,,4.5,
2025-06,Complexe Sidérurgique DRI/EAF (Tosyali),Steel & Iron (Acier DRI),Metallurgy,Dehydrator,Natural Gas,Specific,25,MMscf/day,,,,,,,,,,,,25,4.0,8760,85.0,,,,,,,,,,,,,,,4.5,
2025-07,Complexe Sidérurgique DRI/EAF (Tosyali),Steel & Iron (Acier DRI),Metallurgy,Dehydrator,Natural Gas,Specific,27,MMscf/day,,,,,,,,,,,,27,4.4,8760,85.0,,,,,,,,,,,,,,,4.5,
2025-08,Complexe Sidérurgique DRI/EAF (Tosyali),Steel & Iron (Acier DRI),Metallurgy,Dehydrator,Natural Gas,Specific,29,MMscf/day,,,,,,,,,,,,29,4.8,8760,85.0,,,,,,,,,,,,,,,4.5,
2025-09,Complexe Sidérurgique DRI/EAF (Tosyali),Steel & Iron (Acier DRI),Metallurgy,Dehydrator,Natural Gas,Specific,31,MMscf/day,,,,,,,,,,,,31,5.2,8760,85.0,,,,,,,,,,,,,,,4.5,
2025-10,Complexe Sidérurgique DRI/EAF (Tosyali),Steel & Iron (Acier DRI),Metallurgy,Dehydrator,Natural Gas,Specific,33,MMscf/day,,,,,,,,,,,,33,5.6,8760,85.0,,,,,,,,,,,,,,,4.5,
2025-11,Complexe Sidérurgique DRI/EAF (Tosyali),Steel & Iron (Acier DRI),Metallurgy,Dehydrator,Natural Gas,Specific,35,MMscf/day,,,,,,,,,,,,35,6.0,8760,85.0,,,,,,,,,,,,,,,4.5,
2025-12,Complexe Sidérurgique DRI/EAF (Tosyali),Steel & Iron (Acier DRI),Metallurgy,Dehydrator,Natural Gas,Specific,37,MMscf/day,,,,,,,,,,,,37,6.4,8760,85.0,,,,,,,,,,,,,,,4.5,
2025-01,Complexe Sidérurgique DRI/EAF (Tosyali),Steel & Iron (Acier DRI),Metallurgy,Dehydrator,Natural Gas,Specific,39,MMscf/day,,,,,,,,,,,,39,6.8,8760,85.0,,,,,,,,,,,,,,,4.5,
2025-02,Complexe Sidérurgique DRI/EAF (Tosyali),Steel & Iron (Acier DRI),Metallurgy,Dehydrator,Natural Gas,Specific,41,MMscf/day,,,,,,,,,,,,41,7.2,8760,85.0,,,,,,,,,,,,,,,4.5,
2025-03,Complexe Sidérurgique DRI/EAF (Tosyali),Steel & Iron (Acier DRI),Metallurgy,Dehydrator,Natural Gas,Specific,43,MMscf/day,,,,,,,,,,,,43,7.6,8760,85.0,,,,,,,,,,,,,,,4.5,
2025-04,Complexe Sidérurgique DRI/EAF (Tosyali),Steel & Iron (Acier DRI),Metallurgy,Dehydrator,Natural Gas,Specific,45,MMscf/day,,,,,,,,,,,,45,2.0,8760,85.0,,,,,,,,,,,,,,,4.5,
2025-05,Complexe Sidérurgique DRI/EAF (Tosyali),Steel & Iron (Acier DRI),Metallurgy,Dehydrator,Natural Gas,Specific,47,MMscf/day,,,,,,,,,,,,47,2.4,8760,85.0,,,,,,,,,,,,,,,4.5,
2025-06,Complexe Sidérurgique DRI/EAF (Tosyali),Steel & Iron (Acier DRI),Metallurgy,Dehydrator,Natural Gas,Specific,49,MMscf/day,,,,,,,,,,,,49,2.8,8760,85.0,,,,,,,,,,,,,,,4.5,
2025-07,Complexe Sidérurgique DRI/EAF (Tosyali),Steel & Iron (Acier DRI),Metallurgy,Dehydrator,Natural Gas,Specific,51,MMscf/day,,,,,,,,,,,,51,3.2,8760,85.0,,,,,,,,,,,,,,,4.5,
2025-08,Complexe Sidérurgique DRI/EAF (Tosyali),Steel & Iron (Acier DRI),Metallurgy,Dehydrator,Natural Gas,Specific,53,MMscf/day,,,,,,,,,,,,53,3.6,8760,85.0,,,,,,,,,,,,,,,4.5,
2025-09,Complexe Sidérurgique DRI/EAF (Tosyali),Steel & Iron (Acier DRI),Metallurgy,Dehydrator,Natural Gas,Specific,55,MMscf/day,,,,,,,,,,,,55,4.0,8760,85.0,,,,,,,,,,,,,,,4.5,
2025-10,Complexe Sidérurgique DRI/EAF (Tosyali),Steel & Iron (Acier DRI),Metallurgy,Dehydrator,Natural Gas,Specific,57,MMscf/day,,,,,,,,,,,,57,4.4,8760,85.0,,,,,,,,,,,,,,,4.5,
2025-11,Complexe Sidérurgique DRI/EAF (Tosyali),Steel & Iron (Acier DRI),Metallurgy,Dehydrator,Natural Gas,Specific,59,MMscf/day,,,,,,,,,,,,59,4.8,8760,85.0,,,,,,,,,,,,,,,4.5,
2025-12,Complexe Sidérurgique DRI/EAF (Tosyali),Steel & Iron (Acier DRI),Metallurgy,Dehydrator,Natural Gas,Specific,61,MMscf/day,,,,,,,,,,,,61,5.2,8760,85.0,,,,,,,,,,,,,,,4.5,
2025-01,Complexe Sidérurgique DRI/EAF (Tosyali),Steel & Iron (Acier DRI),Metallurgy,Dehydrator,Natural Gas,Specific,63,MMscf/day,,,,,,,,,,,,63,5.6,8760,85.0,,,,,,,,,,,,,,,4.5,
2025-02,Complexe Sidérurgique DRI/EAF (Tosyali),Steel & Iron (Acier DRI),Metallurgy,Dehydrator,Natural Gas,Specific,65,MMscf/day,,,,,,,,,,,,65,6.0,8760,85.0,,,,,,,,,,,,,,,4.5,
2025-03,Complexe Sidérurgique DRI/EAF (Tosyali),Steel & Iron (Acier DRI),Metallurgy,Dehydrator,Natural Gas,Specific,67,MMscf/day,,,,,,,,,,,,67,6.4,8760,85.0,,,,,,,,,,,,,,,4.5,
2025-04,Complexe Sidérurgique DRI/EAF (Tosyali),Steel & Iron (Acier DRI),Metallurgy,Dehydrator,Natural Gas,Specific,69,MMscf/day,,,,,,,,,,,,69,6.8,8760,85.0,,,,,,,,,,,,,,,4.5,
2025-05,Complexe Sidérurgique DRI/EAF (Tosyali),Steel & Iron (Acier DRI),Metallurgy,Dehydrator,Natural Gas,Specific,71,MMscf/day,,,,,,,,,,,,71,7.2,8760,85.0,,,,,,,,,,,,,,,4.5,
2025-06,Complexe Sidérurgique DRI/EAF (Tosyali),Steel & Iron (Acier DRI),Metallurgy,Dehydrator,Natural Gas,Specific,73,MMscf/day,,,,,,,,,,,,73,7.6,8760,85.0,,,,,,,,,,,,,,,4.5,
2025-07,Complexe Sidérurgique DRI/EAF (Tosyali),Steel & Iron (Acier DRI),Metallurgy,Dehydrator,Natural Gas,Specific,75,MMscf/day,,,,,,,,,,,,75,2.0,8760,85.0,,,,,,,,,,,,,,,4.5,
2025-08,Complexe Sidérurgique DRI/EAF (Tosyali),Steel & Iron (Acier DRI),Metallurgy,Dehydrator,Natural Gas,Specific,77,MMscf/day,,,,,,,,,,,,77,2.4,8760,85.0,,,,,,,,,,,,,,,4.5,
2025-09,Complexe Sidérurgique DRI/EAF (Tosyali),Steel & Iron (Acier DRI),Metallurgy,Dehydrator,Natural Gas,Specific,79,MMscf/day,,,,,,,,,,,,79,2.8,8760,85.0,,,,,,,,,,,,,,,4.5,
2025-10,Complexe Sidérurgique DRI/EAF (Tosyali),Steel & Iron (Acier DRI),Metallurgy,Dehydrator,Natural Gas,Specific,81,MMscf/day,,,,,,,,,,,,81,3.2,8760,85.0,,,,,,,,,,,,,,,4.5,
2025-11,Complexe Sidérurgique DRI/EAF (Tosyali),Steel & Iron (Acier DRI),Metallurgy,Dehydrator,Natural Gas,Specific,83,MMscf/day,,,,,,,,,,,,83,3.6,8760,85.0,,,,,,,,,,,,,,,4.5,
2025-01,Complexe Sidérurgique DRI/EAF (Tosyali),Steel & Iron (Acier DRI),Metallurgy,Pneumatic Device,Natural Gas,Specific,5,devices,,,86.0,,,,,,,,,,,,,5,2.5,8760,,,,,,,,,,,,5.0,
2025-02,Complexe Sidérurgique DRI/EAF (Tosyali),Steel & Iron (Acier DRI),Metallurgy,Pneumatic Device,Natural Gas,Specific,7,devices,,,86.0,,,,,,,,,,,,,7,3.7,8760,,,,,,,,,,,,5.0,
2025-03,Complexe Sidérurgique DRI/EAF (Tosyali),Steel & Iron (Acier DRI),Metallurgy,Pneumatic Device,Natural Gas,Specific,9,devices,,,86.0,,,,,,,,,,,,,9,4.9,8760,,,,,,,,,,,,5.0,
2025-04,Complexe Sidérurgique DRI/EAF (Tosyali),Steel & Iron (Acier DRI),Metallurgy,Pneumatic Device,Natural Gas,Specific,11,devices,,,86.0,,,,,,,,,,,,,11,6.1,8760,,,,,,,,,,,,5.0,
2025-05,Complexe Sidérurgique DRI/EAF (Tosyali),Steel & Iron (Acier DRI),Metallurgy,Pneumatic Device,Natural Gas,Specific,13,devices,,,86.0,,,,,,,,,,,,,13,7.3,8760,,,,,,,,,,,,5.0,
2025-06,Complexe Sidérurgique DRI/EAF (Tosyali),Steel & Iron (Acier DRI),Metallurgy,Pneumatic Device,Natural Gas,Specific,15,devices,,,86.0,,,,,,,,,,,,,15,8.5,8760,,,,,,,,,,,,5.0,
2025-07,Complexe Sidérurgique DRI/EAF (Tosyali),Steel & Iron (Acier DRI),Metallurgy,Pneumatic Device,Natural Gas,Specific,17,devices,,,86.0,,,,,,,,,,,,,17,9.7,8760,,,,,,,,,,,,5.0,
2025-08,Complexe Sidérurgique DRI/EAF (Tosyali),Steel & Iron (Acier DRI),Metallurgy,Pneumatic Device,Natural Gas,Specific,19,devices,,,86.0,,,,,,,,,,,,,19,10.9,8760,,,,,,,,,,,,5.0,
2025-09,Complexe Sidérurgique DRI/EAF (Tosyali),Steel & Iron (Acier DRI),Metallurgy,Pneumatic Device,Natural Gas,Specific,21,devices,,,86.0,,,,,,,,,,,,,21,12.1,8760,,,,,,,,,,,,5.0,
2025-10,Complexe Sidérurgique DRI/EAF (Tosyali),Steel & Iron (Acier DRI),Metallurgy,Pneumatic Device,Natural Gas,Specific,23,devices,,,86.0,,,,,,,,,,,,,23,13.3,8760,,,,,,,,,,,,5.0,
2025-11,Complexe Sidérurgique DRI/EAF (Tosyali),Steel & Iron (Acier DRI),Metallurgy,Pneumatic Device,Natural Gas,Specific,25,devices,,,86.0,,,,,,,,,,,,,25,14.5,8760,,,,,,,,,,,,5.0,
2025-12,Complexe Sidérurgique DRI/EAF (Tosyali),Steel & Iron (Acier DRI),Metallurgy,Pneumatic Device,Natural Gas,Specific,27,devices,,,86.0,,,,,,,,,,,,,27,15.7,8760,,,,,,,,,,,,5.0,
2025-01,Complexe Sidérurgique DRI/EAF (Tosyali),Steel & Iron (Acier DRI),Metallurgy,Pneumatic Device,Natural Gas,Specific,29,devices,,,86.0,,,,,,,,,,,,,29,16.9,8760,,,,,,,,,,,,5.0,
2025-02,Complexe Sidérurgique DRI/EAF (Tosyali),Steel & Iron (Acier DRI),Metallurgy,Pneumatic Device,Natural Gas,Specific,31,devices,,,86.0,,,,,,,,,,,,,31,18.1,8760,,,,,,,,,,,,5.0,
2025-03,Complexe Sidérurgique DRI/EAF (Tosyali),Steel & Iron (Acier DRI),Metallurgy,Pneumatic Device,Natural Gas,Specific,33,devices,,,86.0,,,,,,,,,,,,,33,19.3,8760,,,,,,,,,,,,5.0,
2025-04,Complexe Sidérurgique DRI/EAF (Tosyali),Steel & Iron (Acier DRI),Metallurgy,Pneumatic Device,Natural Gas,Specific,35,devices,,,86.0,,,,,,,,,,,,,35,20.5,8760,,,,,,,,,,,,5.0,
2025-05,Complexe Sidérurgique DRI/EAF (Tosyali),Steel & Iron (Acier DRI),Metallurgy,Pneumatic Device,Natural Gas,Specific,37,devices,,,86.0,,,,,,,,,,,,,37,21.7,8760,,,,,,,,,,,,5.0,
2025-06,Complexe Sidérurgique DRI/EAF (Tosyali),Steel & Iron (Acier DRI),Metallurgy,Pneumatic Device,Natural Gas,Specific,39,devices,,,86.0,,,,,,,,,,,,,39,22.9,8760,,,,,,,,,,,,5.0,
2025-07,Complexe Sidérurgique DRI/EAF (Tosyali),Steel & Iron (Acier DRI),Metallurgy,Pneumatic Device,Natural Gas,Specific,41,devices,,,86.0,,,,,,,,,,,,,41,24.1,8760,,,,,,,,,,,,5.0,
2025-08,Complexe Sidérurgique DRI/EAF (Tosyali),Steel & Iron (Acier DRI),Metallurgy,Pneumatic Device,Natural Gas,Specific,43,devices,,,86.0,,,,,,,,,,,,,43,25.3,8760,,,,,,,,,,,,5.0,
2025-09,Complexe Sidérurgique DRI/EAF (Tosyali),Steel & Iron (Acier DRI),Metallurgy,Pneumatic Device,Natural Gas,Specific,45,devices,,,86.0,,,,,,,,,,,,,45,2.5,8760,,,,,,,,,,,,5.0,
2025-10,Complexe Sidérurgique DRI/EAF (Tosyali),Steel & Iron (Acier DRI),Metallurgy,Pneumatic Device,Natural Gas,Specific,47,devices,,,86.0,,,,,,,,,,,,,47,3.7,8760,,,,,,,,,,,,5.0,
2025-11,Complexe Sidérurgique DRI/EAF (Tosyali),Steel & Iron (Acier DRI),Metallurgy,Pneumatic Device,Natural Gas,Specific,49,devices,,,86.0,,,,,,,,,,,,,49,4.9,8760,,,,,,,,,,,,5.0,
2025-12,Complexe Sidérurgique DRI/EAF (Tosyali),Steel & Iron (Acier DRI),Metallurgy,Pneumatic Device,Natural Gas,Specific,51,devices,,,86.0,,,,,,,,,,,,,51,6.1,8760,,,,,,,,,,,,5.0,
2025-01,Complexe Sidérurgique DRI/EAF (Tosyali),Steel & Iron (Acier DRI),Metallurgy,Pneumatic Device,Natural Gas,Specific,53,devices,,,86.0,,,,,,,,,,,,,53,7.3,8760,,,,,,,,,,,,5.0,
2025-02,Complexe Sidérurgique DRI/EAF (Tosyali),Steel & Iron (Acier DRI),Metallurgy,Pneumatic Device,Natural Gas,Specific,55,devices,,,86.0,,,,,,,,,,,,,55,8.5,8760,,,,,,,,,,,,5.0,
2025-03,Complexe Sidérurgique DRI/EAF (Tosyali),Steel & Iron (Acier DRI),Metallurgy,Pneumatic Device,Natural Gas,Specific,57,devices,,,86.0,,,,,,,,,,,,,57,9.7,8760,,,,,,,,,,,,5.0,
2025-04,Complexe Sidérurgique DRI/EAF (Tosyali),Steel & Iron (Acier DRI),Metallurgy,Pneumatic Device,Natural Gas,Specific,59,devices,,,86.0,,,,,,,,,,,,,59,10.9,8760,,,,,,,,,,,,5.0,
2025-05,Complexe Sidérurgique DRI/EAF (Tosyali),Steel & Iron (Acier DRI),Metallurgy,Pneumatic Device,Natural Gas,Specific,61,devices,,,86.0,,,,,,,,,,,,,61,12.1,8760,,,,,,,,,,,,5.0,
2025-06,Complexe Sidérurgique DRI/EAF (Tosyali),Steel & Iron (Acier DRI),Metallurgy,Pneumatic Device,Natural Gas,Specific,63,devices,,,86.0,,,,,,,,,,,,,63,13.3,8760,,,,,,,,,,,,5.0,
2025-07,Complexe Sidérurgique DRI/EAF (Tosyali),Steel & Iron (Acier DRI),Metallurgy,Pneumatic Device,Natural Gas,Specific,65,devices,,,86.0,,,,,,,,,,,,,65,14.5,8760,,,,,,,,,,,,5.0,
2025-08,Complexe Sidérurgique DRI/EAF (Tosyali),Steel & Iron (Acier DRI),Metallurgy,Pneumatic Device,Natural Gas,Specific,67,devices,,,86.0,,,,,,,,,,,,,67,15.7,8760,,,,,,,,,,,,5.0,
2025-09,Complexe Sidérurgique DRI/EAF (Tosyali),Steel & Iron (Acier DRI),Metallurgy,Pneumatic Device,Natural Gas,Specific,69,devices,,,86.0,,,,,,,,,,,,,69,16.9,8760,,,,,,,,,,,,5.0,
2025-10,Complexe Sidérurgique DRI/EAF (Tosyali),Steel & Iron (Acier DRI),Metallurgy,Pneumatic Device,Natural Gas,Specific,71,devices,,,86.0,,,,,,,,,,,,,71,18.1,8760,,,,,,,,,,,,5.0,
2025-11,Complexe Sidérurgique DRI/EAF (Tosyali),Steel & Iron (Acier DRI),Metallurgy,Pneumatic Device,Natural Gas,Specific,73,devices,,,86.0,,,,,,,,,,,,,73,19.3,8760,,,,,,,,,,,,5.0,
2024-01,Complexe Sidérurgique DRI/EAF (Tosyali),Steel & Iron (Acier DRI),Metallurgy,Liquids Unloading,Natural Gas,Specific,2,events,,,,,,,,,,,,,,,,,,,2,1.5,3000,100,,,,,,,,5.5,
2024-02,Complexe Sidérurgique DRI/EAF (Tosyali),Steel & Iron (Acier DRI),Metallurgy,Liquids Unloading,Natural Gas,Specific,3,events,,,,,,,,,,,,,,,,,,,3,1.85,3200,120,,,,,,,,5.5,
2024-03,Complexe Sidérurgique DRI/EAF (Tosyali),Steel & Iron (Acier DRI),Metallurgy,Liquids Unloading,Natural Gas,Specific,4,events,,,,,,,,,,,,,,,,,,,4,2.2,3400,140,,,,,,,,5.5,
2024-04,Complexe Sidérurgique DRI/EAF (Tosyali),Steel & Iron (Acier DRI),Metallurgy,Liquids Unloading,Natural Gas,Specific,5,events,,,,,,,,,,,,,,,,,,,5,2.55,3600,160,,,,,,,,5.5,
2024-05,Complexe Sidérurgique DRI/EAF (Tosyali),Steel & Iron (Acier DRI),Metallurgy,Liquids Unloading,Natural Gas,Specific,6,events,,,,,,,,,,,,,,,,,,,6,2.9,3800,180,,,,,,,,5.5,
2024-06,Complexe Sidérurgique DRI/EAF (Tosyali),Steel & Iron (Acier DRI),Metallurgy,Liquids Unloading,Natural Gas,Specific,7,events,,,,,,,,,,,,,,,,,,,7,3.25,4000,200,,,,,,,,5.5,
2024-07,Complexe Sidérurgique DRI/EAF (Tosyali),Steel & Iron (Acier DRI),Metallurgy,Liquids Unloading,Natural Gas,Specific,8,events,,,,,,,,,,,,,,,,,,,8,3.6,4200,220,,,,,,,,5.5,
2024-08,Complexe Sidérurgique DRI/EAF (Tosyali),Steel & Iron (Acier DRI),Metallurgy,Liquids Unloading,Natural Gas,Specific,9,events,,,,,,,,,,,,,,,,,,,9,3.95,4400,240,,,,,,,,5.5,
2024-09,Complexe Sidérurgique DRI/EAF (Tosyali),Steel & Iron (Acier DRI),Metallurgy,Liquids Unloading,Natural Gas,Specific,10,events,,,,,,,,,,,,,,,,,,,10,1.5,4600,260,,,,,,,,5.5,
2024-10,Complexe Sidérurgique DRI/EAF (Tosyali),Steel & Iron (Acier DRI),Metallurgy,Liquids Unloading,Natural Gas,Specific,11,events,,,,,,,,,,,,,,,,,,,11,1.85,4800,280,,,,,,,,5.5,
2024-11,Complexe Sidérurgique DRI/EAF (Tosyali),Steel & Iron (Acier DRI),Metallurgy,Liquids Unloading,Natural Gas,Specific,12,events,,,,,,,,,,,,,,,,,,,12,2.2,5000,300,,,,,,,,5.5,
2024-12,Complexe Sidérurgique DRI/EAF (Tosyali),Steel & Iron (Acier DRI),Metallurgy,Liquids Unloading,Natural Gas,Specific,13,events,,,,,,,,,,,,,,,,,,,13,2.55,5200,320,,,,,,,,5.5,
2024-01,Complexe Sidérurgique DRI/EAF (Tosyali),Steel & Iron (Acier DRI),Metallurgy,Liquids Unloading,Natural Gas,Specific,14,events,,,,,,,,,,,,,,,,,,,14,2.9,5400,340,,,,,,,,5.5,
2024-02,Complexe Sidérurgique DRI/EAF (Tosyali),Steel & Iron (Acier DRI),Metallurgy,Liquids Unloading,Natural Gas,Specific,15,events,,,,,,,,,,,,,,,,,,,15,3.25,5600,360,,,,,,,,5.5,
2024-03,Complexe Sidérurgique DRI/EAF (Tosyali),Steel & Iron (Acier DRI),Metallurgy,Liquids Unloading,Natural Gas,Specific,16,events,,,,,,,,,,,,,,,,,,,16,3.6,5800,380,,,,,,,,5.5,
2024-04,Complexe Sidérurgique DRI/EAF (Tosyali),Steel & Iron (Acier DRI),Metallurgy,Liquids Unloading,Natural Gas,Specific,17,events,,,,,,,,,,,,,,,,,,,17,3.95,6000,400,,,,,,,,5.5,
2024-05,Complexe Sidérurgique DRI/EAF (Tosyali),Steel & Iron (Acier DRI),Metallurgy,Liquids Unloading,Natural Gas,Specific,18,events,,,,,,,,,,,,,,,,,,,18,1.5,6200,420,,,,,,,,5.5,
2024-06,Complexe Sidérurgique DRI/EAF (Tosyali),Steel & Iron (Acier DRI),Metallurgy,Liquids Unloading,Natural Gas,Specific,19,events,,,,,,,,,,,,,,,,,,,19,1.85,6400,440,,,,,,,,5.5,
2024-07,Complexe Sidérurgique DRI/EAF (Tosyali),Steel & Iron (Acier DRI),Metallurgy,Liquids Unloading,Natural Gas,Specific,20,events,,,,,,,,,,,,,,,,,,,20,2.2,6600,460,,,,,,,,5.5,
2024-08,Complexe Sidérurgique DRI/EAF (Tosyali),Steel & Iron (Acier DRI),Metallurgy,Liquids Unloading,Natural Gas,Specific,21,events,,,,,,,,,,,,,,,,,,,21,2.55,6800,480,,,,,,,,5.5,
2024-09,Complexe Sidérurgique DRI/EAF (Tosyali),Steel & Iron (Acier DRI),Metallurgy,Liquids Unloading,Natural Gas,Specific,22,events,,,,,,,,,,,,,,,,,,,22,2.9,7000,500,,,,,,,,5.5,
2024-10,Complexe Sidérurgique DRI/EAF (Tosyali),Steel & Iron (Acier DRI),Metallurgy,Liquids Unloading,Natural Gas,Specific,23,events,,,,,,,,,,,,,,,,,,,23,3.25,7200,520,,,,,,,,5.5,
2024-11,Complexe Sidérurgique DRI/EAF (Tosyali),Steel & Iron (Acier DRI),Metallurgy,Liquids Unloading,Natural Gas,Specific,24,events,,,,,,,,,,,,,,,,,,,24,3.6,7400,540,,,,,,,,5.5,
2024-12,Complexe Sidérurgique DRI/EAF (Tosyali),Steel & Iron (Acier DRI),Metallurgy,Liquids Unloading,Natural Gas,Specific,25,events,,,,,,,,,,,,,,,,,,,25,3.95,7600,560,,,,,,,,5.5,
2024-01,Complexe Sidérurgique DRI/EAF (Tosyali),Steel & Iron (Acier DRI),Metallurgy,Liquids Unloading,Natural Gas,Specific,2,events,,,,,,,,,,,,,,,,,,,2,1.5,7800,580,,,,,,,,5.5,
2024-02,Complexe Sidérurgique DRI/EAF (Tosyali),Steel & Iron (Acier DRI),Metallurgy,Liquids Unloading,Natural Gas,Specific,3,events,,,,,,,,,,,,,,,,,,,3,1.85,8000,600,,,,,,,,5.5,
2024-03,Complexe Sidérurgique DRI/EAF (Tosyali),Steel & Iron (Acier DRI),Metallurgy,Liquids Unloading,Natural Gas,Specific,4,events,,,,,,,,,,,,,,,,,,,4,2.2,8200,620,,,,,,,,5.5,
2024-04,Complexe Sidérurgique DRI/EAF (Tosyali),Steel & Iron (Acier DRI),Metallurgy,Liquids Unloading,Natural Gas,Specific,5,events,,,,,,,,,,,,,,,,,,,5,2.55,8400,640,,,,,,,,5.5,
2024-05,Complexe Sidérurgique DRI/EAF (Tosyali),Steel & Iron (Acier DRI),Metallurgy,Liquids Unloading,Natural Gas,Specific,6,events,,,,,,,,,,,,,,,,,,,6,2.9,8600,660,,,,,,,,5.5,
2024-06,Complexe Sidérurgique DRI/EAF (Tosyali),Steel & Iron (Acier DRI),Metallurgy,Liquids Unloading,Natural Gas,Specific,7,events,,,,,,,,,,,,,,,,,,,7,3.25,8800,680,,,,,,,,5.5,
2024-07,Complexe Sidérurgique DRI/EAF (Tosyali),Steel & Iron (Acier DRI),Metallurgy,Liquids Unloading,Natural Gas,Specific,8,events,,,,,,,,,,,,,,,,,,,8,3.6,9000,700,,,,,,,,5.5,
2024-08,Complexe Sidérurgique DRI/EAF (Tosyali),Steel & Iron (Acier DRI),Metallurgy,Liquids Unloading,Natural Gas,Specific,9,events,,,,,,,,,,,,,,,,,,,9,3.95,9200,720,,,,,,,,5.5,
2024-09,Complexe Sidérurgique DRI/EAF (Tosyali),Steel & Iron (Acier DRI),Metallurgy,Liquids Unloading,Natural Gas,Specific,10,events,,,,,,,,,,,,,,,,,,,10,1.5,9400,740,,,,,,,,5.5,
2024-10,Complexe Sidérurgique DRI/EAF (Tosyali),Steel & Iron (Acier DRI),Metallurgy,Liquids Unloading,Natural Gas,Specific,11,events,,,,,,,,,,,,,,,,,,,11,1.85,9600,760,,,,,,,,5.5,
2024-11,Complexe Sidérurgique DRI/EAF (Tosyali),Steel & Iron (Acier DRI),Metallurgy,Liquids Unloading,Natural Gas,Specific,12,events,,,,,,,,,,,,,,,,,,,12,2.2,9800,780,,,,,,,,5.5,
2024-01,Complexe Sidérurgique DRI/EAF (Tosyali),Steel & Iron (Acier DRI),Metallurgy,Well Completions & Workovers,Natural Gas,Specific,24,hours,,,,,,,,,,,,,,,,,,,,,,,24,50,98.0,,,,,5.0,
2024-02,Complexe Sidérurgique DRI/EAF (Tosyali),Steel & Iron (Acier DRI),Metallurgy,Well Completions & Workovers,Natural Gas,Specific,28,hours,,,,,,,,,,,,,,,,,,,,,,,28,65,98.0,,,,,5.0,
2024-03,Complexe Sidérurgique DRI/EAF (Tosyali),Steel & Iron (Acier DRI),Metallurgy,Well Completions & Workovers,Natural Gas,Specific,32,hours,,,,,,,,,,,,,,,,,,,,,,,32,80,98.0,,,,,5.0,
2024-04,Complexe Sidérurgique DRI/EAF (Tosyali),Steel & Iron (Acier DRI),Metallurgy,Well Completions & Workovers,Natural Gas,Specific,36,hours,,,,,,,,,,,,,,,,,,,,,,,36,95,98.0,,,,,5.0,
2024-05,Complexe Sidérurgique DRI/EAF (Tosyali),Steel & Iron (Acier DRI),Metallurgy,Well Completions & Workovers,Natural Gas,Specific,40,hours,,,,,,,,,,,,,,,,,,,,,,,40,110,98.0,,,,,5.0,
2024-06,Complexe Sidérurgique DRI/EAF (Tosyali),Steel & Iron (Acier DRI),Metallurgy,Well Completions & Workovers,Natural Gas,Specific,44,hours,,,,,,,,,,,,,,,,,,,,,,,44,125,98.0,,,,,5.0,
2024-07,Complexe Sidérurgique DRI/EAF (Tosyali),Steel & Iron (Acier DRI),Metallurgy,Well Completions & Workovers,Natural Gas,Specific,48,hours,,,,,,,,,,,,,,,,,,,,,,,48,140,98.0,,,,,5.0,
2024-08,Complexe Sidérurgique DRI/EAF (Tosyali),Steel & Iron (Acier DRI),Metallurgy,Well Completions & Workovers,Natural Gas,Specific,52,hours,,,,,,,,,,,,,,,,,,,,,,,52,155,98.0,,,,,5.0,
2024-09,Complexe Sidérurgique DRI/EAF (Tosyali),Steel & Iron (Acier DRI),Metallurgy,Well Completions & Workovers,Natural Gas,Specific,56,hours,,,,,,,,,,,,,,,,,,,,,,,56,170,98.0,,,,,5.0,
2024-10,Complexe Sidérurgique DRI/EAF (Tosyali),Steel & Iron (Acier DRI),Metallurgy,Well Completions & Workovers,Natural Gas,Specific,60,hours,,,,,,,,,,,,,,,,,,,,,,,60,185,98.0,,,,,5.0,
2024-11,Complexe Sidérurgique DRI/EAF (Tosyali),Steel & Iron (Acier DRI),Metallurgy,Well Completions & Workovers,Natural Gas,Specific,64,hours,,,,,,,,,,,,,,,,,,,,,,,64,200,98.0,,,,,5.0,
2024-12,Complexe Sidérurgique DRI/EAF (Tosyali),Steel & Iron (Acier DRI),Metallurgy,Well Completions & Workovers,Natural Gas,Specific,68,hours,,,,,,,,,,,,,,,,,,,,,,,68,215,98.0,,,,,5.0,
2024-01,Complexe Sidérurgique DRI/EAF (Tosyali),Steel & Iron (Acier DRI),Metallurgy,Well Completions & Workovers,Natural Gas,Specific,72,hours,,,,,,,,,,,,,,,,,,,,,,,72,230,98.0,,,,,5.0,
2024-02,Complexe Sidérurgique DRI/EAF (Tosyali),Steel & Iron (Acier DRI),Metallurgy,Well Completions & Workovers,Natural Gas,Specific,76,hours,,,,,,,,,,,,,,,,,,,,,,,76,245,98.0,,,,,5.0,
2024-03,Complexe Sidérurgique DRI/EAF (Tosyali),Steel & Iron (Acier DRI),Metallurgy,Well Completions & Workovers,Natural Gas,Specific,80,hours,,,,,,,,,,,,,,,,,,,,,,,80,260,98.0,,,,,5.0,
2024-04,Complexe Sidérurgique DRI/EAF (Tosyali),Steel & Iron (Acier DRI),Metallurgy,Well Completions & Workovers,Natural Gas,Specific,84,hours,,,,,,,,,,,,,,,,,,,,,,,84,275,98.0,,,,,5.0,
2024-05,Complexe Sidérurgique DRI/EAF (Tosyali),Steel & Iron (Acier DRI),Metallurgy,Well Completions & Workovers,Natural Gas,Specific,88,hours,,,,,,,,,,,,,,,,,,,,,,,88,290,98.0,,,,,5.0,
2024-06,Complexe Sidérurgique DRI/EAF (Tosyali),Steel & Iron (Acier DRI),Metallurgy,Well Completions & Workovers,Natural Gas,Specific,92,hours,,,,,,,,,,,,,,,,,,,,,,,92,305,98.0,,,,,5.0,
2024-07,Complexe Sidérurgique DRI/EAF (Tosyali),Steel & Iron (Acier DRI),Metallurgy,Well Completions & Workovers,Natural Gas,Specific,96,hours,,,,,,,,,,,,,,,,,,,,,,,96,320,98.0,,,,,5.0,
2024-08,Complexe Sidérurgique DRI/EAF (Tosyali),Steel & Iron (Acier DRI),Metallurgy,Well Completions & Workovers,Natural Gas,Specific,100,hours,,,,,,,,,,,,,,,,,,,,,,,100,335,98.0,,,,,5.0,
2024-09,Complexe Sidérurgique DRI/EAF (Tosyali),Steel & Iron (Acier DRI),Metallurgy,Well Completions & Workovers,Natural Gas,Specific,104,hours,,,,,,,,,,,,,,,,,,,,,,,104,350,98.0,,,,,5.0,
2024-10,Complexe Sidérurgique DRI/EAF (Tosyali),Steel & Iron (Acier DRI),Metallurgy,Well Completions & Workovers,Natural Gas,Specific,108,hours,,,,,,,,,,,,,,,,,,,,,,,108,365,98.0,,,,,5.0,
2024-11,Complexe Sidérurgique DRI/EAF (Tosyali),Steel & Iron (Acier DRI),Metallurgy,Well Completions & Workovers,Natural Gas,Specific,112,hours,,,,,,,,,,,,,,,,,,,,,,,112,380,98.0,,,,,5.0,
2024-12,Complexe Sidérurgique DRI/EAF (Tosyali),Steel & Iron (Acier DRI),Metallurgy,Well Completions & Workovers,Natural Gas,Specific,116,hours,,,,,,,,,,,,,,,,,,,,,,,116,395,98.0,,,,,5.0,
2024-01,Complexe Sidérurgique DRI/EAF (Tosyali),Steel & Iron (Acier DRI),Metallurgy,Well Completions & Workovers,Natural Gas,Specific,120,hours,,,,,,,,,,,,,,,,,,,,,,,120,410,98.0,,,,,5.0,
2024-02,Complexe Sidérurgique DRI/EAF (Tosyali),Steel & Iron (Acier DRI),Metallurgy,Well Completions & Workovers,Natural Gas,Specific,124,hours,,,,,,,,,,,,,,,,,,,,,,,124,425,98.0,,,,,5.0,
2024-03,Complexe Sidérurgique DRI/EAF (Tosyali),Steel & Iron (Acier DRI),Metallurgy,Well Completions & Workovers,Natural Gas,Specific,128,hours,,,,,,,,,,,,,,,,,,,,,,,128,440,98.0,,,,,5.0,
2024-04,Complexe Sidérurgique DRI/EAF (Tosyali),Steel & Iron (Acier DRI),Metallurgy,Well Completions & Workovers,Natural Gas,Specific,132,hours,,,,,,,,,,,,,,,,,,,,,,,132,455,98.0,,,,,5.0,
2024-05,Complexe Sidérurgique DRI/EAF (Tosyali),Steel & Iron (Acier DRI),Metallurgy,Well Completions & Workovers,Natural Gas,Specific,136,hours,,,,,,,,,,,,,,,,,,,,,,,136,470,98.0,,,,,5.0,
2024-06,Complexe Sidérurgique DRI/EAF (Tosyali),Steel & Iron (Acier DRI),Metallurgy,Well Completions & Workovers,Natural Gas,Specific,140,hours,,,,,,,,,,,,,,,,,,,,,,,140,485,98.0,,,,,5.0,
2024-07,Complexe Sidérurgique DRI/EAF (Tosyali),Steel & Iron (Acier DRI),Metallurgy,Well Completions & Workovers,Natural Gas,Specific,144,hours,,,,,,,,,,,,,,,,,,,,,,,144,500,98.0,,,,,5.0,
2024-08,Complexe Sidérurgique DRI/EAF (Tosyali),Steel & Iron (Acier DRI),Metallurgy,Well Completions & Workovers,Natural Gas,Specific,148,hours,,,,,,,,,,,,,,,,,,,,,,,148,515,98.0,,,,,5.0,
2024-09,Complexe Sidérurgique DRI/EAF (Tosyali),Steel & Iron (Acier DRI),Metallurgy,Well Completions & Workovers,Natural Gas,Specific,152,hours,,,,,,,,,,,,,,,,,,,,,,,152,530,98.0,,,,,5.0,
2024-10,Complexe Sidérurgique DRI/EAF (Tosyali),Steel & Iron (Acier DRI),Metallurgy,Well Completions & Workovers,Natural Gas,Specific,156,hours,,,,,,,,,,,,,,,,,,,,,,,156,545,98.0,,,,,5.0,
2024-11,Complexe Sidérurgique DRI/EAF (Tosyali),Steel & Iron (Acier DRI),Metallurgy,Well Completions & Workovers,Natural Gas,Specific,160,hours,,,,,,,,,,,,,,,,,,,,,,,160,560,98.0,,,,,5.0,
2025-01,Complexe Sidérurgique DRI/EAF (Tosyali),Steel & Iron (Acier DRI),Metallurgy,Venting (Blowdown),Natural Gas,Specific,50,m3,,,,,,,,,,,,,,,,,,,,,,,,,,50,200,1,,4.0,
2025-02,Complexe Sidérurgique DRI/EAF (Tosyali),Steel & Iron (Acier DRI),Metallurgy,Venting (Blowdown),Natural Gas,Specific,80,m3,,,,,,,,,,,,,,,,,,,,,,,,,,80,240,2,,4.0,
2025-03,Complexe Sidérurgique DRI/EAF (Tosyali),Steel & Iron (Acier DRI),Metallurgy,Venting (Blowdown),Natural Gas,Specific,110,m3,,,,,,,,,,,,,,,,,,,,,,,,,,110,280,3,,4.0,
2025-04,Complexe Sidérurgique DRI/EAF (Tosyali),Steel & Iron (Acier DRI),Metallurgy,Venting (Blowdown),Natural Gas,Specific,140,m3,,,,,,,,,,,,,,,,,,,,,,,,,,140,320,4,,4.0,
2025-05,Complexe Sidérurgique DRI/EAF (Tosyali),Steel & Iron (Acier DRI),Metallurgy,Venting (Blowdown),Natural Gas,Specific,170,m3,,,,,,,,,,,,,,,,,,,,,,,,,,170,360,5,,4.0,
2025-06,Complexe Sidérurgique DRI/EAF (Tosyali),Steel & Iron (Acier DRI),Metallurgy,Venting (Blowdown),Natural Gas,Specific,200,m3,,,,,,,,,,,,,,,,,,,,,,,,,,200,400,6,,4.0,
2025-07,Complexe Sidérurgique DRI/EAF (Tosyali),Steel & Iron (Acier DRI),Metallurgy,Venting (Blowdown),Natural Gas,Specific,230,m3,,,,,,,,,,,,,,,,,,,,,,,,,,230,440,7,,4.0,
2025-08,Complexe Sidérurgique DRI/EAF (Tosyali),Steel & Iron (Acier DRI),Metallurgy,Venting (Blowdown),Natural Gas,Specific,260,m3,,,,,,,,,,,,,,,,,,,,,,,,,,260,480,8,,4.0,
2025-09,Complexe Sidérurgique DRI/EAF (Tosyali),Steel & Iron (Acier DRI),Metallurgy,Venting (Blowdown),Natural Gas,Specific,290,m3,,,,,,,,,,,,,,,,,,,,,,,,,,290,520,9,,4.0,
2025-10,Complexe Sidérurgique DRI/EAF (Tosyali),Steel & Iron (Acier DRI),Metallurgy,Venting (Blowdown),Natural Gas,Specific,320,m3,,,,,,,,,,,,,,,,,,,,,,,,,,320,560,10,,4.0,
2025-11,Complexe Sidérurgique DRI/EAF (Tosyali),Steel & Iron (Acier DRI),Metallurgy,Venting (Blowdown),Natural Gas,Specific,350,m3,,,,,,,,,,,,,,,,,,,,,,,,,,350,600,11,,4.0,
2025-12,Complexe Sidérurgique DRI/EAF (Tosyali),Steel & Iron (Acier DRI),Metallurgy,Venting (Blowdown),Natural Gas,Specific,380,m3,,,,,,,,,,,,,,,,,,,,,,,,,,380,640,12,,4.0,
2025-01,Complexe Sidérurgique DRI/EAF (Tosyali),Steel & Iron (Acier DRI),Metallurgy,Venting (Blowdown),Natural Gas,Specific,410,m3,,,,,,,,,,,,,,,,,,,,,,,,,,410,680,1,,4.0,
2025-02,Complexe Sidérurgique DRI/EAF (Tosyali),Steel & Iron (Acier DRI),Metallurgy,Venting (Blowdown),Natural Gas,Specific,440,m3,,,,,,,,,,,,,,,,,,,,,,,,,,440,720,2,,4.0,
2025-03,Complexe Sidérurgique DRI/EAF (Tosyali),Steel & Iron (Acier DRI),Metallurgy,Venting (Blowdown),Natural Gas,Specific,470,m3,,,,,,,,,,,,,,,,,,,,,,,,,,470,760,3,,4.0,
2025-04,Complexe Sidérurgique DRI/EAF (Tosyali),Steel & Iron (Acier DRI),Metallurgy,Venting (Blowdown),Natural Gas,Specific,500,m3,,,,,,,,,,,,,,,,,,,,,,,,,,500,800,4,,4.0,
2025-05,Complexe Sidérurgique DRI/EAF (Tosyali),Steel & Iron (Acier DRI),Metallurgy,Venting (Blowdown),Natural Gas,Specific,530,m3,,,,,,,,,,,,,,,,,,,,,,,,,,530,840,5,,4.0,
2025-06,Complexe Sidérurgique DRI/EAF (Tosyali),Steel & Iron (Acier DRI),Metallurgy,Venting (Blowdown),Natural Gas,Specific,560,m3,,,,,,,,,,,,,,,,,,,,,,,,,,560,880,6,,4.0,
2025-07,Complexe Sidérurgique DRI/EAF (Tosyali),Steel & Iron (Acier DRI),Metallurgy,Venting (Blowdown),Natural Gas,Specific,590,m3,,,,,,,,,,,,,,,,,,,,,,,,,,590,920,7,,4.0,
2025-08,Complexe Sidérurgique DRI/EAF (Tosyali),Steel & Iron (Acier DRI),Metallurgy,Venting (Blowdown),Natural Gas,Specific,620,m3,,,,,,,,,,,,,,,,,,,,,,,,,,620,960,8,,4.0,
2025-09,Complexe Sidérurgique DRI/EAF (Tosyali),Steel & Iron (Acier DRI),Metallurgy,Venting (Blowdown),Natural Gas,Specific,650,m3,,,,,,,,,,,,,,,,,,,,,,,,,,650,1000,9,,4.0,
2025-10,Complexe Sidérurgique DRI/EAF (Tosyali),Steel & Iron (Acier DRI),Metallurgy,Venting (Blowdown),Natural Gas,Specific,680,m3,,,,,,,,,,,,,,,,,,,,,,,,,,680,1040,10,,4.0,
2025-11,Complexe Sidérurgique DRI/EAF (Tosyali),Steel & Iron (Acier DRI),Metallurgy,Venting (Blowdown),Natural Gas,Specific,710,m3,,,,,,,,,,,,,,,,,,,,,,,,,,710,1080,11,,4.0,
2025-12,Complexe Sidérurgique DRI/EAF (Tosyali),Steel & Iron (Acier DRI),Metallurgy,Venting (Blowdown),Natural Gas,Specific,740,m3,,,,,,,,,,,,,,,,,,,,,,,,,,740,1120,12,,4.0,
2025-01,Complexe Sidérurgique DRI/EAF (Tosyali),Steel & Iron (Acier DRI),Metallurgy,Venting (Blowdown),Natural Gas,Specific,770,m3,,,,,,,,,,,,,,,,,,,,,,,,,,770,1160,1,,4.0,
2025-02,Complexe Sidérurgique DRI/EAF (Tosyali),Steel & Iron (Acier DRI),Metallurgy,Venting (Blowdown),Natural Gas,Specific,800,m3,,,,,,,,,,,,,,,,,,,,,,,,,,800,1200,2,,4.0,
2025-03,Complexe Sidérurgique DRI/EAF (Tosyali),Steel & Iron (Acier DRI),Metallurgy,Venting (Blowdown),Natural Gas,Specific,830,m3,,,,,,,,,,,,,,,,,,,,,,,,,,830,1240,3,,4.0,
2025-04,Complexe Sidérurgique DRI/EAF (Tosyali),Steel & Iron (Acier DRI),Metallurgy,Venting (Blowdown),Natural Gas,Specific,860,m3,,,,,,,,,,,,,,,,,,,,,,,,,,860,1280,4,,4.0,
2025-05,Complexe Sidérurgique DRI/EAF (Tosyali),Steel & Iron (Acier DRI),Metallurgy,Venting (Blowdown),Natural Gas,Specific,890,m3,,,,,,,,,,,,,,,,,,,,,,,,,,890,1320,5,,4.0,
2025-06,Complexe Sidérurgique DRI/EAF (Tosyali),Steel & Iron (Acier DRI),Metallurgy,Venting (Blowdown),Natural Gas,Specific,920,m3,,,,,,,,,,,,,,,,,,,,,,,,,,920,1360,6,,4.0,
2025-01,Cimenterie Industrielle de Chlef (GICA),Cement & Clinker,Building Materials,Combustion,Natural Gas,Specific,10000,scf,95.0,,,,950,,,,,,,,,,,,,,,,,,,,,,,,2.5,3.0,5.0
2025-02,Cimenterie Industrielle de Chlef (GICA),Cement & Clinker,Building Materials,Combustion,Natural Gas,Specific,15000,scf,95.1,,,,960,,,,,,,,,,,,,,,,,,,,,,,,2.5,3.0,5.0
2025-03,Cimenterie Industrielle de Chlef (GICA),Cement & Clinker,Building Materials,Combustion,Natural Gas,Specific,20000,scf,95.2,,,,970,,,,,,,,,,,,,,,,,,,,,,,,2.5,3.0,5.0
2025-04,Cimenterie Industrielle de Chlef (GICA),Cement & Clinker,Building Materials,Combustion,Natural Gas,Specific,25000,scf,95.3,,,,980,,,,,,,,,,,,,,,,,,,,,,,,2.5,3.0,5.0
2025-05,Cimenterie Industrielle de Chlef (GICA),Cement & Clinker,Building Materials,Combustion,Natural Gas,Specific,30000,scf,95.4,,,,990,,,,,,,,,,,,,,,,,,,,,,,,2.5,3.0,5.0
2025-06,Cimenterie Industrielle de Chlef (GICA),Cement & Clinker,Building Materials,Combustion,Natural Gas,Specific,35000,scf,95.5,,,,1000,,,,,,,,,,,,,,,,,,,,,,,,2.5,3.0,5.0
2025-07,Cimenterie Industrielle de Chlef (GICA),Cement & Clinker,Building Materials,Combustion,Natural Gas,Specific,40000,scf,95.6,,,,1010,,,,,,,,,,,,,,,,,,,,,,,,2.5,3.0,5.0
2025-08,Cimenterie Industrielle de Chlef (GICA),Cement & Clinker,Building Materials,Combustion,Natural Gas,Specific,45000,scf,95.7,,,,1020,,,,,,,,,,,,,,,,,,,,,,,,2.5,3.0,5.0
2025-09,Cimenterie Industrielle de Chlef (GICA),Cement & Clinker,Building Materials,Combustion,Natural Gas,Specific,50000,scf,95.8,,,,1030,,,,,,,,,,,,,,,,,,,,,,,,2.5,3.0,5.0
2025-10,Cimenterie Industrielle de Chlef (GICA),Cement & Clinker,Building Materials,Combustion,Natural Gas,Specific,55000,scf,95.9,,,,1040,,,,,,,,,,,,,,,,,,,,,,,,2.5,3.0,5.0
2025-11,Cimenterie Industrielle de Chlef (GICA),Cement & Clinker,Building Materials,Combustion,Natural Gas,Specific,60000,scf,96.0,,,,1050,,,,,,,,,,,,,,,,,,,,,,,,2.5,3.0,5.0
2025-12,Cimenterie Industrielle de Chlef (GICA),Cement & Clinker,Building Materials,Combustion,Natural Gas,Specific,65000,scf,96.1,,,,1060,,,,,,,,,,,,,,,,,,,,,,,,2.5,3.0,5.0
2025-01,Cimenterie Industrielle de Chlef (GICA),Cement & Clinker,Building Materials,Combustion,Natural Gas,Specific,70000,scf,96.2,,,,1070,,,,,,,,,,,,,,,,,,,,,,,,2.5,3.0,5.0
2025-02,Cimenterie Industrielle de Chlef (GICA),Cement & Clinker,Building Materials,Combustion,Natural Gas,Specific,75000,scf,96.3,,,,1080,,,,,,,,,,,,,,,,,,,,,,,,2.5,3.0,5.0
2025-03,Cimenterie Industrielle de Chlef (GICA),Cement & Clinker,Building Materials,Combustion,Natural Gas,Specific,80000,scf,96.4,,,,1090,,,,,,,,,,,,,,,,,,,,,,,,2.5,3.0,5.0
2025-04,Cimenterie Industrielle de Chlef (GICA),Cement & Clinker,Building Materials,Combustion,Natural Gas,Specific,85000,scf,96.5,,,,1100,,,,,,,,,,,,,,,,,,,,,,,,2.5,3.0,5.0
2025-05,Cimenterie Industrielle de Chlef (GICA),Cement & Clinker,Building Materials,Combustion,Natural Gas,Specific,90000,scf,96.6,,,,1110,,,,,,,,,,,,,,,,,,,,,,,,2.5,3.0,5.0
2025-06,Cimenterie Industrielle de Chlef (GICA),Cement & Clinker,Building Materials,Combustion,Natural Gas,Specific,95000,scf,96.7,,,,1120,,,,,,,,,,,,,,,,,,,,,,,,2.5,3.0,5.0
2025-07,Cimenterie Industrielle de Chlef (GICA),Cement & Clinker,Building Materials,Combustion,Natural Gas,Specific,100000,scf,96.8,,,,1130,,,,,,,,,,,,,,,,,,,,,,,,2.5,3.0,5.0
2025-08,Cimenterie Industrielle de Chlef (GICA),Cement & Clinker,Building Materials,Combustion,Natural Gas,Specific,105000,scf,96.9,,,,1140,,,,,,,,,,,,,,,,,,,,,,,,2.5,3.0,5.0
2025-09,Cimenterie Industrielle de Chlef (GICA),Cement & Clinker,Building Materials,Combustion,Natural Gas,Specific,110000,scf,97.0,,,,1150,,,,,,,,,,,,,,,,,,,,,,,,2.5,3.0,5.0
2025-10,Cimenterie Industrielle de Chlef (GICA),Cement & Clinker,Building Materials,Combustion,Natural Gas,Specific,115000,scf,97.1,,,,1160,,,,,,,,,,,,,,,,,,,,,,,,2.5,3.0,5.0
2025-11,Cimenterie Industrielle de Chlef (GICA),Cement & Clinker,Building Materials,Combustion,Natural Gas,Specific,120000,scf,97.2,,,,1170,,,,,,,,,,,,,,,,,,,,,,,,2.5,3.0,5.0
2025-12,Cimenterie Industrielle de Chlef (GICA),Cement & Clinker,Building Materials,Combustion,Natural Gas,Specific,125000,scf,97.3,,,,1180,,,,,,,,,,,,,,,,,,,,,,,,2.5,3.0,5.0
2025-01,Cimenterie Industrielle de Chlef (GICA),Cement & Clinker,Building Materials,Combustion,Natural Gas,Specific,130000,scf,97.4,,,,1190,,,,,,,,,,,,,,,,,,,,,,,,2.5,3.0,5.0
2025-02,Cimenterie Industrielle de Chlef (GICA),Cement & Clinker,Building Materials,Combustion,Natural Gas,Specific,135000,scf,97.5,,,,950,,,,,,,,,,,,,,,,,,,,,,,,2.5,3.0,5.0
2025-03,Cimenterie Industrielle de Chlef (GICA),Cement & Clinker,Building Materials,Combustion,Natural Gas,Specific,140000,scf,97.6,,,,960,,,,,,,,,,,,,,,,,,,,,,,,2.5,3.0,5.0
2025-04,Cimenterie Industrielle de Chlef (GICA),Cement & Clinker,Building Materials,Combustion,Natural Gas,Specific,145000,scf,97.7,,,,970,,,,,,,,,,,,,,,,,,,,,,,,2.5,3.0,5.0
2025-05,Cimenterie Industrielle de Chlef (GICA),Cement & Clinker,Building Materials,Combustion,Natural Gas,Specific,150000,scf,97.8,,,,980,,,,,,,,,,,,,,,,,,,,,,,,2.5,3.0,5.0
2025-06,Cimenterie Industrielle de Chlef (GICA),Cement & Clinker,Building Materials,Combustion,Natural Gas,Specific,155000,scf,97.9,,,,990,,,,,,,,,,,,,,,,,,,,,,,,2.5,3.0,5.0
2025-07,Cimenterie Industrielle de Chlef (GICA),Cement & Clinker,Building Materials,Combustion,Natural Gas,Specific,160000,scf,98.0,,,,1000,,,,,,,,,,,,,,,,,,,,,,,,2.5,3.0,5.0
2025-08,Cimenterie Industrielle de Chlef (GICA),Cement & Clinker,Building Materials,Combustion,Natural Gas,Specific,165000,scf,98.1,,,,1010,,,,,,,,,,,,,,,,,,,,,,,,2.5,3.0,5.0
2025-09,Cimenterie Industrielle de Chlef (GICA),Cement & Clinker,Building Materials,Combustion,Natural Gas,Specific,170000,scf,98.2,,,,1020,,,,,,,,,,,,,,,,,,,,,,,,2.5,3.0,5.0
2025-10,Cimenterie Industrielle de Chlef (GICA),Cement & Clinker,Building Materials,Combustion,Natural Gas,Specific,175000,scf,98.3,,,,1030,,,,,,,,,,,,,,,,,,,,,,,,2.5,3.0,5.0
2025-11,Cimenterie Industrielle de Chlef (GICA),Cement & Clinker,Building Materials,Combustion,Natural Gas,Specific,180000,scf,98.4,,,,1040,,,,,,,,,,,,,,,,,,,,,,,,2.5,3.0,5.0
2025-12,Cimenterie Industrielle de Chlef (GICA),Cement & Clinker,Building Materials,Combustion,Natural Gas,Specific,185000,scf,98.5,,,,1050,,,,,,,,,,,,,,,,,,,,,,,,2.5,3.0,5.0
2025-01,Cimenterie Industrielle de Chlef (GICA),Cement & Clinker,Building Materials,Combustion,Natural Gas,Specific,190000,scf,98.6,,,,1060,,,,,,,,,,,,,,,,,,,,,,,,2.5,3.0,5.0
2025-02,Cimenterie Industrielle de Chlef (GICA),Cement & Clinker,Building Materials,Combustion,Natural Gas,Specific,195000,scf,98.7,,,,1070,,,,,,,,,,,,,,,,,,,,,,,,2.5,3.0,5.0
2025-03,Cimenterie Industrielle de Chlef (GICA),Cement & Clinker,Building Materials,Combustion,Natural Gas,Specific,200000,scf,98.8,,,,1080,,,,,,,,,,,,,,,,,,,,,,,,2.5,3.0,5.0
2025-04,Cimenterie Industrielle de Chlef (GICA),Cement & Clinker,Building Materials,Combustion,Natural Gas,Specific,205000,scf,98.9,,,,1090,,,,,,,,,,,,,,,,,,,,,,,,2.5,3.0,5.0
2025-01,Cimenterie Industrielle de Chlef (GICA),Cement & Clinker,Building Materials,Flaring,Associated Gas (Flaring),Specific,5000,m3,,elevated,70.0,,1020,,,,,,,,,,,,,,,,,,,,,,,,3.0,4.0,6.0
2025-02,Cimenterie Industrielle de Chlef (GICA),Cement & Clinker,Building Materials,Flaring,Associated Gas (Flaring),Specific,7500,m3,,open,71.0,,1020,,,,,,,,,,,,,,,,,,,,,,,,3.0,4.0,6.0
2025-03,Cimenterie Industrielle de Chlef (GICA),Cement & Clinker,Building Materials,Flaring,Associated Gas (Flaring),Specific,10000,m3,,ground,72.0,,1020,,,,,,,,,,,,,,,,,,,,,,,,3.0,4.0,6.0
2025-04,Cimenterie Industrielle de Chlef (GICA),Cement & Clinker,Building Materials,Flaring,Associated Gas (Flaring),Specific,12500,m3,,enclosed,73.0,,1020,,,,,,,,,,,,,,,,,,,,,,,,3.0,4.0,6.0
2025-05,Cimenterie Industrielle de Chlef (GICA),Cement & Clinker,Building Materials,Flaring,Associated Gas (Flaring),Specific,15000,m3,,elevated,74.0,,1020,,,,,,,,,,,,,,,,,,,,,,,,3.0,4.0,6.0
2025-06,Cimenterie Industrielle de Chlef (GICA),Cement & Clinker,Building Materials,Flaring,Associated Gas (Flaring),Specific,17500,m3,,open,75.0,,1020,,,,,,,,,,,,,,,,,,,,,,,,3.0,4.0,6.0
2025-07,Cimenterie Industrielle de Chlef (GICA),Cement & Clinker,Building Materials,Flaring,Associated Gas (Flaring),Specific,20000,m3,,ground,76.0,,1020,,,,,,,,,,,,,,,,,,,,,,,,3.0,4.0,6.0
2025-08,Cimenterie Industrielle de Chlef (GICA),Cement & Clinker,Building Materials,Flaring,Associated Gas (Flaring),Specific,22500,m3,,enclosed,77.0,,1020,,,,,,,,,,,,,,,,,,,,,,,,3.0,4.0,6.0
2025-09,Cimenterie Industrielle de Chlef (GICA),Cement & Clinker,Building Materials,Flaring,Associated Gas (Flaring),Specific,25000,m3,,elevated,78.0,,1020,,,,,,,,,,,,,,,,,,,,,,,,3.0,4.0,6.0
2025-10,Cimenterie Industrielle de Chlef (GICA),Cement & Clinker,Building Materials,Flaring,Associated Gas (Flaring),Specific,27500,m3,,open,79.0,,1020,,,,,,,,,,,,,,,,,,,,,,,,3.0,4.0,6.0
2025-11,Cimenterie Industrielle de Chlef (GICA),Cement & Clinker,Building Materials,Flaring,Associated Gas (Flaring),Specific,30000,m3,,ground,80.0,,1020,,,,,,,,,,,,,,,,,,,,,,,,3.0,4.0,6.0
2025-12,Cimenterie Industrielle de Chlef (GICA),Cement & Clinker,Building Materials,Flaring,Associated Gas (Flaring),Specific,32500,m3,,enclosed,81.0,,1020,,,,,,,,,,,,,,,,,,,,,,,,3.0,4.0,6.0
2025-01,Cimenterie Industrielle de Chlef (GICA),Cement & Clinker,Building Materials,Flaring,Associated Gas (Flaring),Specific,35000,m3,,elevated,82.0,,1020,,,,,,,,,,,,,,,,,,,,,,,,3.0,4.0,6.0
2025-02,Cimenterie Industrielle de Chlef (GICA),Cement & Clinker,Building Materials,Flaring,Associated Gas (Flaring),Specific,37500,m3,,open,83.0,,1020,,,,,,,,,,,,,,,,,,,,,,,,3.0,4.0,6.0
2025-03,Cimenterie Industrielle de Chlef (GICA),Cement & Clinker,Building Materials,Flaring,Associated Gas (Flaring),Specific,40000,m3,,ground,84.0,,1020,,,,,,,,,,,,,,,,,,,,,,,,3.0,4.0,6.0
2025-04,Cimenterie Industrielle de Chlef (GICA),Cement & Clinker,Building Materials,Flaring,Associated Gas (Flaring),Specific,42500,m3,,enclosed,85.0,,1020,,,,,,,,,,,,,,,,,,,,,,,,3.0,4.0,6.0
2025-05,Cimenterie Industrielle de Chlef (GICA),Cement & Clinker,Building Materials,Flaring,Associated Gas (Flaring),Specific,45000,m3,,elevated,86.0,,1020,,,,,,,,,,,,,,,,,,,,,,,,3.0,4.0,6.0
2025-06,Cimenterie Industrielle de Chlef (GICA),Cement & Clinker,Building Materials,Flaring,Associated Gas (Flaring),Specific,47500,m3,,open,87.0,,1020,,,,,,,,,,,,,,,,,,,,,,,,3.0,4.0,6.0
2025-07,Cimenterie Industrielle de Chlef (GICA),Cement & Clinker,Building Materials,Flaring,Associated Gas (Flaring),Specific,50000,m3,,ground,88.0,,1020,,,,,,,,,,,,,,,,,,,,,,,,3.0,4.0,6.0
2025-08,Cimenterie Industrielle de Chlef (GICA),Cement & Clinker,Building Materials,Flaring,Associated Gas (Flaring),Specific,52500,m3,,enclosed,89.0,,1020,,,,,,,,,,,,,,,,,,,,,,,,3.0,4.0,6.0
2025-09,Cimenterie Industrielle de Chlef (GICA),Cement & Clinker,Building Materials,Flaring,Associated Gas (Flaring),Specific,55000,m3,,elevated,90.0,,1020,,,,,,,,,,,,,,,,,,,,,,,,3.0,4.0,6.0
2025-10,Cimenterie Industrielle de Chlef (GICA),Cement & Clinker,Building Materials,Flaring,Associated Gas (Flaring),Specific,57500,m3,,open,91.0,,1020,,,,,,,,,,,,,,,,,,,,,,,,3.0,4.0,6.0
2025-11,Cimenterie Industrielle de Chlef (GICA),Cement & Clinker,Building Materials,Flaring,Associated Gas (Flaring),Specific,60000,m3,,ground,92.0,,1020,,,,,,,,,,,,,,,,,,,,,,,,3.0,4.0,6.0
2025-12,Cimenterie Industrielle de Chlef (GICA),Cement & Clinker,Building Materials,Flaring,Associated Gas (Flaring),Specific,62500,m3,,enclosed,93.0,,1020,,,,,,,,,,,,,,,,,,,,,,,,3.0,4.0,6.0
2025-01,Cimenterie Industrielle de Chlef (GICA),Cement & Clinker,Building Materials,Flaring,Associated Gas (Flaring),Specific,65000,m3,,elevated,94.0,,1020,,,,,,,,,,,,,,,,,,,,,,,,3.0,4.0,6.0
2025-02,Cimenterie Industrielle de Chlef (GICA),Cement & Clinker,Building Materials,Flaring,Associated Gas (Flaring),Specific,67500,m3,,open,95.0,,1020,,,,,,,,,,,,,,,,,,,,,,,,3.0,4.0,6.0
2025-03,Cimenterie Industrielle de Chlef (GICA),Cement & Clinker,Building Materials,Flaring,Associated Gas (Flaring),Specific,70000,m3,,ground,96.0,,1020,,,,,,,,,,,,,,,,,,,,,,,,3.0,4.0,6.0
2025-04,Cimenterie Industrielle de Chlef (GICA),Cement & Clinker,Building Materials,Flaring,Associated Gas (Flaring),Specific,72500,m3,,enclosed,97.0,,1020,,,,,,,,,,,,,,,,,,,,,,,,3.0,4.0,6.0
2025-05,Cimenterie Industrielle de Chlef (GICA),Cement & Clinker,Building Materials,Flaring,Associated Gas (Flaring),Specific,75000,m3,,elevated,70.0,,1020,,,,,,,,,,,,,,,,,,,,,,,,3.0,4.0,6.0
2025-06,Cimenterie Industrielle de Chlef (GICA),Cement & Clinker,Building Materials,Flaring,Associated Gas (Flaring),Specific,77500,m3,,open,71.0,,1020,,,,,,,,,,,,,,,,,,,,,,,,3.0,4.0,6.0
2025-07,Cimenterie Industrielle de Chlef (GICA),Cement & Clinker,Building Materials,Flaring,Associated Gas (Flaring),Specific,80000,m3,,ground,72.0,,1020,,,,,,,,,,,,,,,,,,,,,,,,3.0,4.0,6.0
2025-08,Cimenterie Industrielle de Chlef (GICA),Cement & Clinker,Building Materials,Flaring,Associated Gas (Flaring),Specific,82500,m3,,enclosed,73.0,,1020,,,,,,,,,,,,,,,,,,,,,,,,3.0,4.0,6.0
2025-09,Cimenterie Industrielle de Chlef (GICA),Cement & Clinker,Building Materials,Flaring,Associated Gas (Flaring),Specific,85000,m3,,elevated,74.0,,1020,,,,,,,,,,,,,,,,,,,,,,,,3.0,4.0,6.0
2025-10,Cimenterie Industrielle de Chlef (GICA),Cement & Clinker,Building Materials,Flaring,Associated Gas (Flaring),Specific,87500,m3,,open,75.0,,1020,,,,,,,,,,,,,,,,,,,,,,,,3.0,4.0,6.0
2025-11,Cimenterie Industrielle de Chlef (GICA),Cement & Clinker,Building Materials,Flaring,Associated Gas (Flaring),Specific,90000,m3,,ground,76.0,,1020,,,,,,,,,,,,,,,,,,,,,,,,3.0,4.0,6.0
2025-12,Cimenterie Industrielle de Chlef (GICA),Cement & Clinker,Building Materials,Flaring,Associated Gas (Flaring),Specific,92500,m3,,enclosed,77.0,,1020,,,,,,,,,,,,,,,,,,,,,,,,3.0,4.0,6.0
2025-01,Cimenterie Industrielle de Chlef (GICA),Cement & Clinker,Building Materials,Flaring,Associated Gas (Flaring),Specific,95000,m3,,elevated,78.0,,1020,,,,,,,,,,,,,,,,,,,,,,,,3.0,4.0,6.0
2025-02,Cimenterie Industrielle de Chlef (GICA),Cement & Clinker,Building Materials,Flaring,Associated Gas (Flaring),Specific,97500,m3,,open,79.0,,1020,,,,,,,,,,,,,,,,,,,,,,,,3.0,4.0,6.0
2025-03,Cimenterie Industrielle de Chlef (GICA),Cement & Clinker,Building Materials,Flaring,Associated Gas (Flaring),Specific,100000,m3,,ground,80.0,,1020,,,,,,,,,,,,,,,,,,,,,,,,3.0,4.0,6.0
2025-04,Cimenterie Industrielle de Chlef (GICA),Cement & Clinker,Building Materials,Flaring,Associated Gas (Flaring),Specific,102500,m3,,enclosed,81.0,,1020,,,,,,,,,,,,,,,,,,,,,,,,3.0,4.0,6.0
2024-01,Cimenterie Industrielle de Chlef (GICA),Cement & Clinker,Building Materials,Storage Tanks,Crude Oil,Specific,1000,bbl,,,65.0,,,50,95,35,,,,,,,,,,,,,,,,,,,,,,5.0,
2024-02,Cimenterie Industrielle de Chlef (GICA),Cement & Clinker,Building Materials,Storage Tanks,Crude Oil,Specific,2200,bbl,,,66.0,,,60,95,36,,,,,,,,,,,,,,,,,,,,,,5.0,
2024-03,Cimenterie Industrielle de Chlef (GICA),Cement & Clinker,Building Materials,Storage Tanks,Crude Oil,Specific,3400,bbl,,,67.0,,,70,95,37,,,,,,,,,,,,,,,,,,,,,,5.0,
2024-04,Cimenterie Industrielle de Chlef (GICA),Cement & Clinker,Building Materials,Storage Tanks,Crude Oil,Specific,4600,bbl,,,68.0,,,80,95,38,,,,,,,,,,,,,,,,,,,,,,5.0,
2024-05,Cimenterie Industrielle de Chlef (GICA),Cement & Clinker,Building Materials,Storage Tanks,Crude Oil,Specific,5800,bbl,,,69.0,,,90,95,39,,,,,,,,,,,,,,,,,,,,,,5.0,
2024-06,Cimenterie Industrielle de Chlef (GICA),Cement & Clinker,Building Materials,Storage Tanks,Crude Oil,Specific,7000,bbl,,,70.0,,,100,95,40,,,,,,,,,,,,,,,,,,,,,,5.0,
2024-07,Cimenterie Industrielle de Chlef (GICA),Cement & Clinker,Building Materials,Storage Tanks,Crude Oil,Specific,8200,bbl,,,71.0,,,110,95,41,,,,,,,,,,,,,,,,,,,,,,5.0,
2024-08,Cimenterie Industrielle de Chlef (GICA),Cement & Clinker,Building Materials,Storage Tanks,Crude Oil,Specific,9400,bbl,,,72.0,,,120,95,42,,,,,,,,,,,,,,,,,,,,,,5.0,
2024-09,Cimenterie Industrielle de Chlef (GICA),Cement & Clinker,Building Materials,Storage Tanks,Crude Oil,Specific,10600,bbl,,,73.0,,,130,95,43,,,,,,,,,,,,,,,,,,,,,,5.0,
2024-10,Cimenterie Industrielle de Chlef (GICA),Cement & Clinker,Building Materials,Storage Tanks,Crude Oil,Specific,11800,bbl,,,74.0,,,140,95,44,,,,,,,,,,,,,,,,,,,,,,5.0,
2024-11,Cimenterie Industrielle de Chlef (GICA),Cement & Clinker,Building Materials,Storage Tanks,Crude Oil,Specific,13000,bbl,,,75.0,,,150,95,35,,,,,,,,,,,,,,,,,,,,,,5.0,
2024-12,Cimenterie Industrielle de Chlef (GICA),Cement & Clinker,Building Materials,Storage Tanks,Crude Oil,Specific,14200,bbl,,,76.0,,,160,95,36,,,,,,,,,,,,,,,,,,,,,,5.0,
2024-01,Cimenterie Industrielle de Chlef (GICA),Cement & Clinker,Building Materials,Storage Tanks,Crude Oil,Specific,15400,bbl,,,77.0,,,170,95,37,,,,,,,,,,,,,,,,,,,,,,5.0,
2024-02,Cimenterie Industrielle de Chlef (GICA),Cement & Clinker,Building Materials,Storage Tanks,Crude Oil,Specific,16600,bbl,,,78.0,,,180,95,38,,,,,,,,,,,,,,,,,,,,,,5.0,
2024-03,Cimenterie Industrielle de Chlef (GICA),Cement & Clinker,Building Materials,Storage Tanks,Crude Oil,Specific,17800,bbl,,,79.0,,,190,95,39,,,,,,,,,,,,,,,,,,,,,,5.0,
2024-04,Cimenterie Industrielle de Chlef (GICA),Cement & Clinker,Building Materials,Storage Tanks,Crude Oil,Specific,19000,bbl,,,80.0,,,200,95,40,,,,,,,,,,,,,,,,,,,,,,5.0,
2024-05,Cimenterie Industrielle de Chlef (GICA),Cement & Clinker,Building Materials,Storage Tanks,Crude Oil,Specific,20200,bbl,,,81.0,,,210,95,41,,,,,,,,,,,,,,,,,,,,,,5.0,
2024-06,Cimenterie Industrielle de Chlef (GICA),Cement & Clinker,Building Materials,Storage Tanks,Crude Oil,Specific,21400,bbl,,,82.0,,,220,95,42,,,,,,,,,,,,,,,,,,,,,,5.0,
2024-07,Cimenterie Industrielle de Chlef (GICA),Cement & Clinker,Building Materials,Storage Tanks,Crude Oil,Specific,22600,bbl,,,83.0,,,230,95,43,,,,,,,,,,,,,,,,,,,,,,5.0,
2024-08,Cimenterie Industrielle de Chlef (GICA),Cement & Clinker,Building Materials,Storage Tanks,Crude Oil,Specific,23800,bbl,,,84.0,,,240,95,44,,,,,,,,,,,,,,,,,,,,,,5.0,
2024-09,Cimenterie Industrielle de Chlef (GICA),Cement & Clinker,Building Materials,Storage Tanks,Crude Oil,Specific,25000,bbl,,,85.0,,,250,95,35,,,,,,,,,,,,,,,,,,,,,,5.0,
2024-10,Cimenterie Industrielle de Chlef (GICA),Cement & Clinker,Building Materials,Storage Tanks,Crude Oil,Specific,26200,bbl,,,86.0,,,260,95,36,,,,,,,,,,,,,,,,,,,,,,5.0,
2024-11,Cimenterie Industrielle de Chlef (GICA),Cement & Clinker,Building Materials,Storage Tanks,Crude Oil,Specific,27400,bbl,,,87.0,,,270,95,37,,,,,,,,,,,,,,,,,,,,,,5.0,
2024-12,Cimenterie Industrielle de Chlef (GICA),Cement & Clinker,Building Materials,Storage Tanks,Crude Oil,Specific,28600,bbl,,,88.0,,,280,95,38,,,,,,,,,,,,,,,,,,,,,,5.0,
2024-01,Cimenterie Industrielle de Chlef (GICA),Cement & Clinker,Building Materials,Storage Tanks,Crude Oil,Specific,29800,bbl,,,89.0,,,290,95,39,,,,,,,,,,,,,,,,,,,,,,5.0,
2024-02,Cimenterie Industrielle de Chlef (GICA),Cement & Clinker,Building Materials,Storage Tanks,Crude Oil,Specific,31000,bbl,,,65.0,,,300,95,40,,,,,,,,,,,,,,,,,,,,,,5.0,
2024-03,Cimenterie Industrielle de Chlef (GICA),Cement & Clinker,Building Materials,Storage Tanks,Crude Oil,Specific,32200,bbl,,,66.0,,,310,95,41,,,,,,,,,,,,,,,,,,,,,,5.0,
2024-04,Cimenterie Industrielle de Chlef (GICA),Cement & Clinker,Building Materials,Storage Tanks,Crude Oil,Specific,33400,bbl,,,67.0,,,320,95,42,,,,,,,,,,,,,,,,,,,,,,5.0,
2024-05,Cimenterie Industrielle de Chlef (GICA),Cement & Clinker,Building Materials,Storage Tanks,Crude Oil,Specific,34600,bbl,,,68.0,,,330,95,43,,,,,,,,,,,,,,,,,,,,,,5.0,
2024-06,Cimenterie Industrielle de Chlef (GICA),Cement & Clinker,Building Materials,Storage Tanks,Crude Oil,Specific,35800,bbl,,,69.0,,,340,95,44,,,,,,,,,,,,,,,,,,,,,,5.0,
2024-07,Cimenterie Industrielle de Chlef (GICA),Cement & Clinker,Building Materials,Storage Tanks,Crude Oil,Specific,37000,bbl,,,70.0,,,350,95,35,,,,,,,,,,,,,,,,,,,,,,5.0,
2024-08,Cimenterie Industrielle de Chlef (GICA),Cement & Clinker,Building Materials,Storage Tanks,Crude Oil,Specific,38200,bbl,,,71.0,,,360,95,36,,,,,,,,,,,,,,,,,,,,,,5.0,
2024-09,Cimenterie Industrielle de Chlef (GICA),Cement & Clinker,Building Materials,Storage Tanks,Crude Oil,Specific,39400,bbl,,,72.0,,,370,95,37,,,,,,,,,,,,,,,,,,,,,,5.0,
2024-10,Cimenterie Industrielle de Chlef (GICA),Cement & Clinker,Building Materials,Storage Tanks,Crude Oil,Specific,40600,bbl,,,73.0,,,380,95,38,,,,,,,,,,,,,,,,,,,,,,5.0,
2024-11,Cimenterie Industrielle de Chlef (GICA),Cement & Clinker,Building Materials,Storage Tanks,Crude Oil,Specific,41800,bbl,,,74.0,,,390,95,39,,,,,,,,,,,,,,,,,,,,,,5.0,
2024-12,Cimenterie Industrielle de Chlef (GICA),Cement & Clinker,Building Materials,Storage Tanks,Crude Oil,Specific,43000,bbl,,,75.0,,,400,95,40,,,,,,,,,,,,,,,,,,,,,,5.0,
2024-01,Cimenterie Industrielle de Chlef (GICA),Cement & Clinker,Building Materials,Storage Tanks,Crude Oil,Specific,44200,bbl,,,76.0,,,410,95,41,,,,,,,,,,,,,,,,,,,,,,5.0,
2024-02,Cimenterie Industrielle de Chlef (GICA),Cement & Clinker,Building Materials,Storage Tanks,Crude Oil,Specific,45400,bbl,,,77.0,,,420,95,42,,,,,,,,,,,,,,,,,,,,,,5.0,
2024-03,Cimenterie Industrielle de Chlef (GICA),Cement & Clinker,Building Materials,Storage Tanks,Crude Oil,Specific,46600,bbl,,,78.0,,,430,95,43,,,,,,,,,,,,,,,,,,,,,,5.0,
2024-04,Cimenterie Industrielle de Chlef (GICA),Cement & Clinker,Building Materials,Storage Tanks,Crude Oil,Specific,47800,bbl,,,79.0,,,440,95,44,,,,,,,,,,,,,,,,,,,,,,5.0,
2024-01,Cimenterie Industrielle de Chlef (GICA),Cement & Clinker,Building Materials,Storage Tanks,Condensate,Specific,500,bbl,,,80.0,,,,90,,,,,,,,,,,,,,,,,,,,,,,6.0,
2024-02,Cimenterie Industrielle de Chlef (GICA),Cement & Clinker,Building Materials,Storage Tanks,Condensate,Specific,1300,bbl,,,80.0,,,,90,,,,,,,,,,,,,,,,,,,,,,,6.0,
2024-03,Cimenterie Industrielle de Chlef (GICA),Cement & Clinker,Building Materials,Storage Tanks,Condensate,Specific,2100,bbl,,,80.0,,,,90,,,,,,,,,,,,,,,,,,,,,,,6.0,
2024-04,Cimenterie Industrielle de Chlef (GICA),Cement & Clinker,Building Materials,Storage Tanks,Condensate,Specific,2900,bbl,,,80.0,,,,90,,,,,,,,,,,,,,,,,,,,,,,6.0,
2024-05,Cimenterie Industrielle de Chlef (GICA),Cement & Clinker,Building Materials,Storage Tanks,Condensate,Specific,3700,bbl,,,80.0,,,,90,,,,,,,,,,,,,,,,,,,,,,,6.0,
2024-06,Cimenterie Industrielle de Chlef (GICA),Cement & Clinker,Building Materials,Storage Tanks,Condensate,Specific,4500,bbl,,,80.0,,,,90,,,,,,,,,,,,,,,,,,,,,,,6.0,
2024-07,Cimenterie Industrielle de Chlef (GICA),Cement & Clinker,Building Materials,Storage Tanks,Condensate,Specific,5300,bbl,,,80.0,,,,90,,,,,,,,,,,,,,,,,,,,,,,6.0,
2024-08,Cimenterie Industrielle de Chlef (GICA),Cement & Clinker,Building Materials,Storage Tanks,Condensate,Specific,6100,bbl,,,80.0,,,,90,,,,,,,,,,,,,,,,,,,,,,,6.0,
2024-09,Cimenterie Industrielle de Chlef (GICA),Cement & Clinker,Building Materials,Storage Tanks,Condensate,Specific,6900,bbl,,,80.0,,,,90,,,,,,,,,,,,,,,,,,,,,,,6.0,
2024-10,Cimenterie Industrielle de Chlef (GICA),Cement & Clinker,Building Materials,Storage Tanks,Condensate,Specific,7700,bbl,,,80.0,,,,90,,,,,,,,,,,,,,,,,,,,,,,6.0,
2024-11,Cimenterie Industrielle de Chlef (GICA),Cement & Clinker,Building Materials,Storage Tanks,Condensate,Specific,8500,bbl,,,80.0,,,,90,,,,,,,,,,,,,,,,,,,,,,,6.0,
2024-12,Cimenterie Industrielle de Chlef (GICA),Cement & Clinker,Building Materials,Storage Tanks,Condensate,Specific,9300,bbl,,,80.0,,,,90,,,,,,,,,,,,,,,,,,,,,,,6.0,
2024-01,Cimenterie Industrielle de Chlef (GICA),Cement & Clinker,Building Materials,Storage Tanks,Condensate,Specific,10100,bbl,,,80.0,,,,90,,,,,,,,,,,,,,,,,,,,,,,6.0,
2024-02,Cimenterie Industrielle de Chlef (GICA),Cement & Clinker,Building Materials,Storage Tanks,Condensate,Specific,10900,bbl,,,80.0,,,,90,,,,,,,,,,,,,,,,,,,,,,,6.0,
2024-03,Cimenterie Industrielle de Chlef (GICA),Cement & Clinker,Building Materials,Storage Tanks,Condensate,Specific,11700,bbl,,,80.0,,,,90,,,,,,,,,,,,,,,,,,,,,,,6.0,
2024-04,Cimenterie Industrielle de Chlef (GICA),Cement & Clinker,Building Materials,Storage Tanks,Condensate,Specific,12500,bbl,,,80.0,,,,90,,,,,,,,,,,,,,,,,,,,,,,6.0,
2024-05,Cimenterie Industrielle de Chlef (GICA),Cement & Clinker,Building Materials,Storage Tanks,Condensate,Specific,13300,bbl,,,80.0,,,,90,,,,,,,,,,,,,,,,,,,,,,,6.0,
2024-06,Cimenterie Industrielle de Chlef (GICA),Cement & Clinker,Building Materials,Storage Tanks,Condensate,Specific,14100,bbl,,,80.0,,,,90,,,,,,,,,,,,,,,,,,,,,,,6.0,
2024-07,Cimenterie Industrielle de Chlef (GICA),Cement & Clinker,Building Materials,Storage Tanks,Condensate,Specific,14900,bbl,,,80.0,,,,90,,,,,,,,,,,,,,,,,,,,,,,6.0,
2024-08,Cimenterie Industrielle de Chlef (GICA),Cement & Clinker,Building Materials,Storage Tanks,Condensate,Specific,15700,bbl,,,80.0,,,,90,,,,,,,,,,,,,,,,,,,,,,,6.0,
2024-09,Cimenterie Industrielle de Chlef (GICA),Cement & Clinker,Building Materials,Storage Tanks,Condensate,Specific,16500,bbl,,,80.0,,,,90,,,,,,,,,,,,,,,,,,,,,,,6.0,
2024-10,Cimenterie Industrielle de Chlef (GICA),Cement & Clinker,Building Materials,Storage Tanks,Condensate,Specific,17300,bbl,,,80.0,,,,90,,,,,,,,,,,,,,,,,,,,,,,6.0,
2024-11,Cimenterie Industrielle de Chlef (GICA),Cement & Clinker,Building Materials,Storage Tanks,Condensate,Specific,18100,bbl,,,80.0,,,,90,,,,,,,,,,,,,,,,,,,,,,,6.0,
2024-12,Cimenterie Industrielle de Chlef (GICA),Cement & Clinker,Building Materials,Storage Tanks,Condensate,Specific,18900,bbl,,,80.0,,,,90,,,,,,,,,,,,,,,,,,,,,,,6.0,
2024-01,Cimenterie Industrielle de Chlef (GICA),Cement & Clinker,Building Materials,Storage Tanks,Condensate,Specific,19700,bbl,,,80.0,,,,90,,,,,,,,,,,,,,,,,,,,,,,6.0,
2024-02,Cimenterie Industrielle de Chlef (GICA),Cement & Clinker,Building Materials,Storage Tanks,Condensate,Specific,20500,bbl,,,80.0,,,,90,,,,,,,,,,,,,,,,,,,,,,,6.0,
2024-03,Cimenterie Industrielle de Chlef (GICA),Cement & Clinker,Building Materials,Storage Tanks,Condensate,Specific,21300,bbl,,,80.0,,,,90,,,,,,,,,,,,,,,,,,,,,,,6.0,
2024-04,Cimenterie Industrielle de Chlef (GICA),Cement & Clinker,Building Materials,Storage Tanks,Condensate,Specific,22100,bbl,,,80.0,,,,90,,,,,,,,,,,,,,,,,,,,,,,6.0,
2024-05,Cimenterie Industrielle de Chlef (GICA),Cement & Clinker,Building Materials,Storage Tanks,Condensate,Specific,22900,bbl,,,80.0,,,,90,,,,,,,,,,,,,,,,,,,,,,,6.0,
2024-06,Cimenterie Industrielle de Chlef (GICA),Cement & Clinker,Building Materials,Storage Tanks,Condensate,Specific,23700,bbl,,,80.0,,,,90,,,,,,,,,,,,,,,,,,,,,,,6.0,
2024-07,Cimenterie Industrielle de Chlef (GICA),Cement & Clinker,Building Materials,Storage Tanks,Condensate,Specific,24500,bbl,,,80.0,,,,90,,,,,,,,,,,,,,,,,,,,,,,6.0,
2024-08,Cimenterie Industrielle de Chlef (GICA),Cement & Clinker,Building Materials,Storage Tanks,Condensate,Specific,25300,bbl,,,80.0,,,,90,,,,,,,,,,,,,,,,,,,,,,,6.0,
2024-09,Cimenterie Industrielle de Chlef (GICA),Cement & Clinker,Building Materials,Storage Tanks,Condensate,Specific,26100,bbl,,,80.0,,,,90,,,,,,,,,,,,,,,,,,,,,,,6.0,
2024-10,Cimenterie Industrielle de Chlef (GICA),Cement & Clinker,Building Materials,Storage Tanks,Condensate,Specific,26900,bbl,,,80.0,,,,90,,,,,,,,,,,,,,,,,,,,,,,6.0,
2024-11,Cimenterie Industrielle de Chlef (GICA),Cement & Clinker,Building Materials,Storage Tanks,Condensate,Specific,27700,bbl,,,80.0,,,,90,,,,,,,,,,,,,,,,,,,,,,,6.0,
2025-01,Cimenterie Industrielle de Chlef (GICA),Cement & Clinker,Building Materials,Acid Gas Removal (AGR),Natural Gas,Specific,5.0,MMscf/day,,,,,,,,,5.0,3.0,0.05,,,,,,,,,,,,,,,,,,2.0,4.0,
2025-02,Cimenterie Industrielle de Chlef (GICA),Cement & Clinker,Building Materials,Acid Gas Removal (AGR),Natural Gas,Specific,6.5,MMscf/day,,,,,,,,,6.5,4.0,0.05,,,,,,,,,,,,,,,,,,2.0,4.0,
2025-03,Cimenterie Industrielle de Chlef (GICA),Cement & Clinker,Building Materials,Acid Gas Removal (AGR),Natural Gas,Specific,8.0,MMscf/day,,,,,,,,,8.0,5.0,0.05,,,,,,,,,,,,,,,,,,2.0,4.0,
2025-04,Cimenterie Industrielle de Chlef (GICA),Cement & Clinker,Building Materials,Acid Gas Removal (AGR),Natural Gas,Specific,9.5,MMscf/day,,,,,,,,,9.5,6.0,0.05,,,,,,,,,,,,,,,,,,2.0,4.0,
2025-05,Cimenterie Industrielle de Chlef (GICA),Cement & Clinker,Building Materials,Acid Gas Removal (AGR),Natural Gas,Specific,11.0,MMscf/day,,,,,,,,,11.0,7.0,0.05,,,,,,,,,,,,,,,,,,2.0,4.0,
2025-06,Cimenterie Industrielle de Chlef (GICA),Cement & Clinker,Building Materials,Acid Gas Removal (AGR),Natural Gas,Specific,12.5,MMscf/day,,,,,,,,,12.5,8.0,0.05,,,,,,,,,,,,,,,,,,2.0,4.0,
2025-07,Cimenterie Industrielle de Chlef (GICA),Cement & Clinker,Building Materials,Acid Gas Removal (AGR),Natural Gas,Specific,14.0,MMscf/day,,,,,,,,,14.0,9.0,0.05,,,,,,,,,,,,,,,,,,2.0,4.0,
2025-08,Cimenterie Industrielle de Chlef (GICA),Cement & Clinker,Building Materials,Acid Gas Removal (AGR),Natural Gas,Specific,15.5,MMscf/day,,,,,,,,,15.5,10.0,0.05,,,,,,,,,,,,,,,,,,2.0,4.0,
2025-09,Cimenterie Industrielle de Chlef (GICA),Cement & Clinker,Building Materials,Acid Gas Removal (AGR),Natural Gas,Specific,17.0,MMscf/day,,,,,,,,,17.0,11.0,0.05,,,,,,,,,,,,,,,,,,2.0,4.0,
2025-10,Cimenterie Industrielle de Chlef (GICA),Cement & Clinker,Building Materials,Acid Gas Removal (AGR),Natural Gas,Specific,18.5,MMscf/day,,,,,,,,,18.5,12.0,0.05,,,,,,,,,,,,,,,,,,2.0,4.0,
2025-11,Cimenterie Industrielle de Chlef (GICA),Cement & Clinker,Building Materials,Acid Gas Removal (AGR),Natural Gas,Specific,20.0,MMscf/day,,,,,,,,,20.0,13.0,0.05,,,,,,,,,,,,,,,,,,2.0,4.0,
2025-12,Cimenterie Industrielle de Chlef (GICA),Cement & Clinker,Building Materials,Acid Gas Removal (AGR),Natural Gas,Specific,21.5,MMscf/day,,,,,,,,,21.5,14.0,0.05,,,,,,,,,,,,,,,,,,2.0,4.0,
2025-01,Cimenterie Industrielle de Chlef (GICA),Cement & Clinker,Building Materials,Acid Gas Removal (AGR),Natural Gas,Specific,23.0,MMscf/day,,,,,,,,,23.0,3.0,0.05,,,,,,,,,,,,,,,,,,2.0,4.0,
2025-02,Cimenterie Industrielle de Chlef (GICA),Cement & Clinker,Building Materials,Acid Gas Removal (AGR),Natural Gas,Specific,24.5,MMscf/day,,,,,,,,,24.5,4.0,0.05,,,,,,,,,,,,,,,,,,2.0,4.0,
2025-03,Cimenterie Industrielle de Chlef (GICA),Cement & Clinker,Building Materials,Acid Gas Removal (AGR),Natural Gas,Specific,26.0,MMscf/day,,,,,,,,,26.0,5.0,0.05,,,,,,,,,,,,,,,,,,2.0,4.0,
2025-04,Cimenterie Industrielle de Chlef (GICA),Cement & Clinker,Building Materials,Acid Gas Removal (AGR),Natural Gas,Specific,27.5,MMscf/day,,,,,,,,,27.5,6.0,0.05,,,,,,,,,,,,,,,,,,2.0,4.0,
2025-05,Cimenterie Industrielle de Chlef (GICA),Cement & Clinker,Building Materials,Acid Gas Removal (AGR),Natural Gas,Specific,29.0,MMscf/day,,,,,,,,,29.0,7.0,0.05,,,,,,,,,,,,,,,,,,2.0,4.0,
2025-06,Cimenterie Industrielle de Chlef (GICA),Cement & Clinker,Building Materials,Acid Gas Removal (AGR),Natural Gas,Specific,30.5,MMscf/day,,,,,,,,,30.5,8.0,0.05,,,,,,,,,,,,,,,,,,2.0,4.0,
2025-07,Cimenterie Industrielle de Chlef (GICA),Cement & Clinker,Building Materials,Acid Gas Removal (AGR),Natural Gas,Specific,32.0,MMscf/day,,,,,,,,,32.0,9.0,0.05,,,,,,,,,,,,,,,,,,2.0,4.0,
2025-08,Cimenterie Industrielle de Chlef (GICA),Cement & Clinker,Building Materials,Acid Gas Removal (AGR),Natural Gas,Specific,33.5,MMscf/day,,,,,,,,,33.5,10.0,0.05,,,,,,,,,,,,,,,,,,2.0,4.0,
2025-09,Cimenterie Industrielle de Chlef (GICA),Cement & Clinker,Building Materials,Acid Gas Removal (AGR),Natural Gas,Specific,35.0,MMscf/day,,,,,,,,,35.0,11.0,0.05,,,,,,,,,,,,,,,,,,2.0,4.0,
2025-10,Cimenterie Industrielle de Chlef (GICA),Cement & Clinker,Building Materials,Acid Gas Removal (AGR),Natural Gas,Specific,36.5,MMscf/day,,,,,,,,,36.5,12.0,0.05,,,,,,,,,,,,,,,,,,2.0,4.0,
2025-11,Cimenterie Industrielle de Chlef (GICA),Cement & Clinker,Building Materials,Acid Gas Removal (AGR),Natural Gas,Specific,38.0,MMscf/day,,,,,,,,,38.0,13.0,0.05,,,,,,,,,,,,,,,,,,2.0,4.0,
2025-12,Cimenterie Industrielle de Chlef (GICA),Cement & Clinker,Building Materials,Acid Gas Removal (AGR),Natural Gas,Specific,39.5,MMscf/day,,,,,,,,,39.5,14.0,0.05,,,,,,,,,,,,,,,,,,2.0,4.0,
2025-01,Cimenterie Industrielle de Chlef (GICA),Cement & Clinker,Building Materials,Acid Gas Removal (AGR),Natural Gas,Specific,41.0,MMscf/day,,,,,,,,,41.0,3.0,0.05,,,,,,,,,,,,,,,,,,2.0,4.0,
2025-02,Cimenterie Industrielle de Chlef (GICA),Cement & Clinker,Building Materials,Acid Gas Removal (AGR),Natural Gas,Specific,42.5,MMscf/day,,,,,,,,,42.5,4.0,0.05,,,,,,,,,,,,,,,,,,2.0,4.0,
2025-03,Cimenterie Industrielle de Chlef (GICA),Cement & Clinker,Building Materials,Acid Gas Removal (AGR),Natural Gas,Specific,44.0,MMscf/day,,,,,,,,,44.0,5.0,0.05,,,,,,,,,,,,,,,,,,2.0,4.0,
2025-04,Cimenterie Industrielle de Chlef (GICA),Cement & Clinker,Building Materials,Acid Gas Removal (AGR),Natural Gas,Specific,45.5,MMscf/day,,,,,,,,,45.5,6.0,0.05,,,,,,,,,,,,,,,,,,2.0,4.0,
2025-05,Cimenterie Industrielle de Chlef (GICA),Cement & Clinker,Building Materials,Acid Gas Removal (AGR),Natural Gas,Specific,47.0,MMscf/day,,,,,,,,,47.0,7.0,0.05,,,,,,,,,,,,,,,,,,2.0,4.0,
2025-06,Cimenterie Industrielle de Chlef (GICA),Cement & Clinker,Building Materials,Acid Gas Removal (AGR),Natural Gas,Specific,48.5,MMscf/day,,,,,,,,,48.5,8.0,0.05,,,,,,,,,,,,,,,,,,2.0,4.0,
2025-07,Cimenterie Industrielle de Chlef (GICA),Cement & Clinker,Building Materials,Acid Gas Removal (AGR),Natural Gas,Specific,50.0,MMscf/day,,,,,,,,,50.0,9.0,0.05,,,,,,,,,,,,,,,,,,2.0,4.0,
2025-08,Cimenterie Industrielle de Chlef (GICA),Cement & Clinker,Building Materials,Acid Gas Removal (AGR),Natural Gas,Specific,51.5,MMscf/day,,,,,,,,,51.5,10.0,0.05,,,,,,,,,,,,,,,,,,2.0,4.0,
2025-09,Cimenterie Industrielle de Chlef (GICA),Cement & Clinker,Building Materials,Acid Gas Removal (AGR),Natural Gas,Specific,53.0,MMscf/day,,,,,,,,,53.0,11.0,0.05,,,,,,,,,,,,,,,,,,2.0,4.0,
2025-10,Cimenterie Industrielle de Chlef (GICA),Cement & Clinker,Building Materials,Acid Gas Removal (AGR),Natural Gas,Specific,54.5,MMscf/day,,,,,,,,,54.5,12.0,0.05,,,,,,,,,,,,,,,,,,2.0,4.0,
2025-11,Cimenterie Industrielle de Chlef (GICA),Cement & Clinker,Building Materials,Acid Gas Removal (AGR),Natural Gas,Specific,56.0,MMscf/day,,,,,,,,,56.0,13.0,0.05,,,,,,,,,,,,,,,,,,2.0,4.0,
2025-01,Cimenterie Industrielle de Chlef (GICA),Cement & Clinker,Building Materials,Dehydrator,Natural Gas,Specific,15,MMscf/day,,,,,,,,,,,,15,2.0,8760,85.0,,,,,,,,,,,,,,,4.5,
2025-02,Cimenterie Industrielle de Chlef (GICA),Cement & Clinker,Building Materials,Dehydrator,Natural Gas,Specific,17,MMscf/day,,,,,,,,,,,,17,2.4,8760,85.0,,,,,,,,,,,,,,,4.5,
2025-03,Cimenterie Industrielle de Chlef (GICA),Cement & Clinker,Building Materials,Dehydrator,Natural Gas,Specific,19,MMscf/day,,,,,,,,,,,,19,2.8,8760,85.0,,,,,,,,,,,,,,,4.5,
2025-04,Cimenterie Industrielle de Chlef (GICA),Cement & Clinker,Building Materials,Dehydrator,Natural Gas,Specific,21,MMscf/day,,,,,,,,,,,,21,3.2,8760,85.0,,,,,,,,,,,,,,,4.5,
2025-05,Cimenterie Industrielle de Chlef (GICA),Cement & Clinker,Building Materials,Dehydrator,Natural Gas,Specific,23,MMscf/day,,,,,,,,,,,,23,3.6,8760,85.0,,,,,,,,,,,,,,,4.5,
2025-06,Cimenterie Industrielle de Chlef (GICA),Cement & Clinker,Building Materials,Dehydrator,Natural Gas,Specific,25,MMscf/day,,,,,,,,,,,,25,4.0,8760,85.0,,,,,,,,,,,,,,,4.5,
2025-07,Cimenterie Industrielle de Chlef (GICA),Cement & Clinker,Building Materials,Dehydrator,Natural Gas,Specific,27,MMscf/day,,,,,,,,,,,,27,4.4,8760,85.0,,,,,,,,,,,,,,,4.5,
2025-08,Cimenterie Industrielle de Chlef (GICA),Cement & Clinker,Building Materials,Dehydrator,Natural Gas,Specific,29,MMscf/day,,,,,,,,,,,,29,4.8,8760,85.0,,,,,,,,,,,,,,,4.5,
2025-09,Cimenterie Industrielle de Chlef (GICA),Cement & Clinker,Building Materials,Dehydrator,Natural Gas,Specific,31,MMscf/day,,,,,,,,,,,,31,5.2,8760,85.0,,,,,,,,,,,,,,,4.5,
2025-10,Cimenterie Industrielle de Chlef (GICA),Cement & Clinker,Building Materials,Dehydrator,Natural Gas,Specific,33,MMscf/day,,,,,,,,,,,,33,5.6,8760,85.0,,,,,,,,,,,,,,,4.5,
2025-11,Cimenterie Industrielle de Chlef (GICA),Cement & Clinker,Building Materials,Dehydrator,Natural Gas,Specific,35,MMscf/day,,,,,,,,,,,,35,6.0,8760,85.0,,,,,,,,,,,,,,,4.5,
2025-12,Cimenterie Industrielle de Chlef (GICA),Cement & Clinker,Building Materials,Dehydrator,Natural Gas,Specific,37,MMscf/day,,,,,,,,,,,,37,6.4,8760,85.0,,,,,,,,,,,,,,,4.5,
2025-01,Cimenterie Industrielle de Chlef (GICA),Cement & Clinker,Building Materials,Dehydrator,Natural Gas,Specific,39,MMscf/day,,,,,,,,,,,,39,6.8,8760,85.0,,,,,,,,,,,,,,,4.5,
2025-02,Cimenterie Industrielle de Chlef (GICA),Cement & Clinker,Building Materials,Dehydrator,Natural Gas,Specific,41,MMscf/day,,,,,,,,,,,,41,7.2,8760,85.0,,,,,,,,,,,,,,,4.5,
2025-03,Cimenterie Industrielle de Chlef (GICA),Cement & Clinker,Building Materials,Dehydrator,Natural Gas,Specific,43,MMscf/day,,,,,,,,,,,,43,7.6,8760,85.0,,,,,,,,,,,,,,,4.5,
2025-04,Cimenterie Industrielle de Chlef (GICA),Cement & Clinker,Building Materials,Dehydrator,Natural Gas,Specific,45,MMscf/day,,,,,,,,,,,,45,2.0,8760,85.0,,,,,,,,,,,,,,,4.5,
2025-05,Cimenterie Industrielle de Chlef (GICA),Cement & Clinker,Building Materials,Dehydrator,Natural Gas,Specific,47,MMscf/day,,,,,,,,,,,,47,2.4,8760,85.0,,,,,,,,,,,,,,,4.5,
2025-06,Cimenterie Industrielle de Chlef (GICA),Cement & Clinker,Building Materials,Dehydrator,Natural Gas,Specific,49,MMscf/day,,,,,,,,,,,,49,2.8,8760,85.0,,,,,,,,,,,,,,,4.5,
2025-07,Cimenterie Industrielle de Chlef (GICA),Cement & Clinker,Building Materials,Dehydrator,Natural Gas,Specific,51,MMscf/day,,,,,,,,,,,,51,3.2,8760,85.0,,,,,,,,,,,,,,,4.5,
2025-08,Cimenterie Industrielle de Chlef (GICA),Cement & Clinker,Building Materials,Dehydrator,Natural Gas,Specific,53,MMscf/day,,,,,,,,,,,,53,3.6,8760,85.0,,,,,,,,,,,,,,,4.5,
2025-09,Cimenterie Industrielle de Chlef (GICA),Cement & Clinker,Building Materials,Dehydrator,Natural Gas,Specific,55,MMscf/day,,,,,,,,,,,,55,4.0,8760,85.0,,,,,,,,,,,,,,,4.5,
2025-10,Cimenterie Industrielle de Chlef (GICA),Cement & Clinker,Building Materials,Dehydrator,Natural Gas,Specific,57,MMscf/day,,,,,,,,,,,,57,4.4,8760,85.0,,,,,,,,,,,,,,,4.5,
2025-11,Cimenterie Industrielle de Chlef (GICA),Cement & Clinker,Building Materials,Dehydrator,Natural Gas,Specific,59,MMscf/day,,,,,,,,,,,,59,4.8,8760,85.0,,,,,,,,,,,,,,,4.5,
2025-12,Cimenterie Industrielle de Chlef (GICA),Cement & Clinker,Building Materials,Dehydrator,Natural Gas,Specific,61,MMscf/day,,,,,,,,,,,,61,5.2,8760,85.0,,,,,,,,,,,,,,,4.5,
2025-01,Cimenterie Industrielle de Chlef (GICA),Cement & Clinker,Building Materials,Dehydrator,Natural Gas,Specific,63,MMscf/day,,,,,,,,,,,,63,5.6,8760,85.0,,,,,,,,,,,,,,,4.5,
2025-02,Cimenterie Industrielle de Chlef (GICA),Cement & Clinker,Building Materials,Dehydrator,Natural Gas,Specific,65,MMscf/day,,,,,,,,,,,,65,6.0,8760,85.0,,,,,,,,,,,,,,,4.5,
2025-03,Cimenterie Industrielle de Chlef (GICA),Cement & Clinker,Building Materials,Dehydrator,Natural Gas,Specific,67,MMscf/day,,,,,,,,,,,,67,6.4,8760,85.0,,,,,,,,,,,,,,,4.5,
2025-04,Cimenterie Industrielle de Chlef (GICA),Cement & Clinker,Building Materials,Dehydrator,Natural Gas,Specific,69,MMscf/day,,,,,,,,,,,,69,6.8,8760,85.0,,,,,,,,,,,,,,,4.5,
2025-05,Cimenterie Industrielle de Chlef (GICA),Cement & Clinker,Building Materials,Dehydrator,Natural Gas,Specific,71,MMscf/day,,,,,,,,,,,,71,7.2,8760,85.0,,,,,,,,,,,,,,,4.5,
2025-06,Cimenterie Industrielle de Chlef (GICA),Cement & Clinker,Building Materials,Dehydrator,Natural Gas,Specific,73,MMscf/day,,,,,,,,,,,,73,7.6,8760,85.0,,,,,,,,,,,,,,,4.5,
2025-07,Cimenterie Industrielle de Chlef (GICA),Cement & Clinker,Building Materials,Dehydrator,Natural Gas,Specific,75,MMscf/day,,,,,,,,,,,,75,2.0,8760,85.0,,,,,,,,,,,,,,,4.5,
2025-08,Cimenterie Industrielle de Chlef (GICA),Cement & Clinker,Building Materials,Dehydrator,Natural Gas,Specific,77,MMscf/day,,,,,,,,,,,,77,2.4,8760,85.0,,,,,,,,,,,,,,,4.5,
2025-09,Cimenterie Industrielle de Chlef (GICA),Cement & Clinker,Building Materials,Dehydrator,Natural Gas,Specific,79,MMscf/day,,,,,,,,,,,,79,2.8,8760,85.0,,,,,,,,,,,,,,,4.5,
2025-10,Cimenterie Industrielle de Chlef (GICA),Cement & Clinker,Building Materials,Dehydrator,Natural Gas,Specific,81,MMscf/day,,,,,,,,,,,,81,3.2,8760,85.0,,,,,,,,,,,,,,,4.5,
2025-11,Cimenterie Industrielle de Chlef (GICA),Cement & Clinker,Building Materials,Dehydrator,Natural Gas,Specific,83,MMscf/day,,,,,,,,,,,,83,3.6,8760,85.0,,,,,,,,,,,,,,,4.5,
2025-01,Cimenterie Industrielle de Chlef (GICA),Cement & Clinker,Building Materials,Pneumatic Device,Natural Gas,Specific,5,devices,,,86.0,,,,,,,,,,,,,5,2.5,8760,,,,,,,,,,,,5.0,
2025-02,Cimenterie Industrielle de Chlef (GICA),Cement & Clinker,Building Materials,Pneumatic Device,Natural Gas,Specific,7,devices,,,86.0,,,,,,,,,,,,,7,3.7,8760,,,,,,,,,,,,5.0,
2025-03,Cimenterie Industrielle de Chlef (GICA),Cement & Clinker,Building Materials,Pneumatic Device,Natural Gas,Specific,9,devices,,,86.0,,,,,,,,,,,,,9,4.9,8760,,,,,,,,,,,,5.0,
2025-04,Cimenterie Industrielle de Chlef (GICA),Cement & Clinker,Building Materials,Pneumatic Device,Natural Gas,Specific,11,devices,,,86.0,,,,,,,,,,,,,11,6.1,8760,,,,,,,,,,,,5.0,
2025-05,Cimenterie Industrielle de Chlef (GICA),Cement & Clinker,Building Materials,Pneumatic Device,Natural Gas,Specific,13,devices,,,86.0,,,,,,,,,,,,,13,7.3,8760,,,,,,,,,,,,5.0,
2025-06,Cimenterie Industrielle de Chlef (GICA),Cement & Clinker,Building Materials,Pneumatic Device,Natural Gas,Specific,15,devices,,,86.0,,,,,,,,,,,,,15,8.5,8760,,,,,,,,,,,,5.0,
2025-07,Cimenterie Industrielle de Chlef (GICA),Cement & Clinker,Building Materials,Pneumatic Device,Natural Gas,Specific,17,devices,,,86.0,,,,,,,,,,,,,17,9.7,8760,,,,,,,,,,,,5.0,
2025-08,Cimenterie Industrielle de Chlef (GICA),Cement & Clinker,Building Materials,Pneumatic Device,Natural Gas,Specific,19,devices,,,86.0,,,,,,,,,,,,,19,10.9,8760,,,,,,,,,,,,5.0,
2025-09,Cimenterie Industrielle de Chlef (GICA),Cement & Clinker,Building Materials,Pneumatic Device,Natural Gas,Specific,21,devices,,,86.0,,,,,,,,,,,,,21,12.1,8760,,,,,,,,,,,,5.0,
2025-10,Cimenterie Industrielle de Chlef (GICA),Cement & Clinker,Building Materials,Pneumatic Device,Natural Gas,Specific,23,devices,,,86.0,,,,,,,,,,,,,23,13.3,8760,,,,,,,,,,,,5.0,
2025-11,Cimenterie Industrielle de Chlef (GICA),Cement & Clinker,Building Materials,Pneumatic Device,Natural Gas,Specific,25,devices,,,86.0,,,,,,,,,,,,,25,14.5,8760,,,,,,,,,,,,5.0,
2025-12,Cimenterie Industrielle de Chlef (GICA),Cement & Clinker,Building Materials,Pneumatic Device,Natural Gas,Specific,27,devices,,,86.0,,,,,,,,,,,,,27,15.7,8760,,,,,,,,,,,,5.0,
2025-01,Cimenterie Industrielle de Chlef (GICA),Cement & Clinker,Building Materials,Pneumatic Device,Natural Gas,Specific,29,devices,,,86.0,,,,,,,,,,,,,29,16.9,8760,,,,,,,,,,,,5.0,
2025-02,Cimenterie Industrielle de Chlef (GICA),Cement & Clinker,Building Materials,Pneumatic Device,Natural Gas,Specific,31,devices,,,86.0,,,,,,,,,,,,,31,18.1,8760,,,,,,,,,,,,5.0,
2025-03,Cimenterie Industrielle de Chlef (GICA),Cement & Clinker,Building Materials,Pneumatic Device,Natural Gas,Specific,33,devices,,,86.0,,,,,,,,,,,,,33,19.3,8760,,,,,,,,,,,,5.0,
2025-04,Cimenterie Industrielle de Chlef (GICA),Cement & Clinker,Building Materials,Pneumatic Device,Natural Gas,Specific,35,devices,,,86.0,,,,,,,,,,,,,35,20.5,8760,,,,,,,,,,,,5.0,
2025-05,Cimenterie Industrielle de Chlef (GICA),Cement & Clinker,Building Materials,Pneumatic Device,Natural Gas,Specific,37,devices,,,86.0,,,,,,,,,,,,,37,21.7,8760,,,,,,,,,,,,5.0,
2025-06,Cimenterie Industrielle de Chlef (GICA),Cement & Clinker,Building Materials,Pneumatic Device,Natural Gas,Specific,39,devices,,,86.0,,,,,,,,,,,,,39,22.9,8760,,,,,,,,,,,,5.0,
2025-07,Cimenterie Industrielle de Chlef (GICA),Cement & Clinker,Building Materials,Pneumatic Device,Natural Gas,Specific,41,devices,,,86.0,,,,,,,,,,,,,41,24.1,8760,,,,,,,,,,,,5.0,
2025-08,Cimenterie Industrielle de Chlef (GICA),Cement & Clinker,Building Materials,Pneumatic Device,Natural Gas,Specific,43,devices,,,86.0,,,,,,,,,,,,,43,25.3,8760,,,,,,,,,,,,5.0,
2025-09,Cimenterie Industrielle de Chlef (GICA),Cement & Clinker,Building Materials,Pneumatic Device,Natural Gas,Specific,45,devices,,,86.0,,,,,,,,,,,,,45,2.5,8760,,,,,,,,,,,,5.0,
2025-10,Cimenterie Industrielle de Chlef (GICA),Cement & Clinker,Building Materials,Pneumatic Device,Natural Gas,Specific,47,devices,,,86.0,,,,,,,,,,,,,47,3.7,8760,,,,,,,,,,,,5.0,
2025-11,Cimenterie Industrielle de Chlef (GICA),Cement & Clinker,Building Materials,Pneumatic Device,Natural Gas,Specific,49,devices,,,86.0,,,,,,,,,,,,,49,4.9,8760,,,,,,,,,,,,5.0,
2025-12,Cimenterie Industrielle de Chlef (GICA),Cement & Clinker,Building Materials,Pneumatic Device,Natural Gas,Specific,51,devices,,,86.0,,,,,,,,,,,,,51,6.1,8760,,,,,,,,,,,,5.0,
2025-01,Cimenterie Industrielle de Chlef (GICA),Cement & Clinker,Building Materials,Pneumatic Device,Natural Gas,Specific,53,devices,,,86.0,,,,,,,,,,,,,53,7.3,8760,,,,,,,,,,,,5.0,
2025-02,Cimenterie Industrielle de Chlef (GICA),Cement & Clinker,Building Materials,Pneumatic Device,Natural Gas,Specific,55,devices,,,86.0,,,,,,,,,,,,,55,8.5,8760,,,,,,,,,,,,5.0,
2025-03,Cimenterie Industrielle de Chlef (GICA),Cement & Clinker,Building Materials,Pneumatic Device,Natural Gas,Specific,57,devices,,,86.0,,,,,,,,,,,,,57,9.7,8760,,,,,,,,,,,,5.0,
2025-04,Cimenterie Industrielle de Chlef (GICA),Cement & Clinker,Building Materials,Pneumatic Device,Natural Gas,Specific,59,devices,,,86.0,,,,,,,,,,,,,59,10.9,8760,,,,,,,,,,,,5.0,
2025-05,Cimenterie Industrielle de Chlef (GICA),Cement & Clinker,Building Materials,Pneumatic Device,Natural Gas,Specific,61,devices,,,86.0,,,,,,,,,,,,,61,12.1,8760,,,,,,,,,,,,5.0,
2025-06,Cimenterie Industrielle de Chlef (GICA),Cement & Clinker,Building Materials,Pneumatic Device,Natural Gas,Specific,63,devices,,,86.0,,,,,,,,,,,,,63,13.3,8760,,,,,,,,,,,,5.0,
2025-07,Cimenterie Industrielle de Chlef (GICA),Cement & Clinker,Building Materials,Pneumatic Device,Natural Gas,Specific,65,devices,,,86.0,,,,,,,,,,,,,65,14.5,8760,,,,,,,,,,,,5.0,
2025-08,Cimenterie Industrielle de Chlef (GICA),Cement & Clinker,Building Materials,Pneumatic Device,Natural Gas,Specific,67,devices,,,86.0,,,,,,,,,,,,,67,15.7,8760,,,,,,,,,,,,5.0,
2025-09,Cimenterie Industrielle de Chlef (GICA),Cement & Clinker,Building Materials,Pneumatic Device,Natural Gas,Specific,69,devices,,,86.0,,,,,,,,,,,,,69,16.9,8760,,,,,,,,,,,,5.0,
2025-10,Cimenterie Industrielle de Chlef (GICA),Cement & Clinker,Building Materials,Pneumatic Device,Natural Gas,Specific,71,devices,,,86.0,,,,,,,,,,,,,71,18.1,8760,,,,,,,,,,,,5.0,
2025-11,Cimenterie Industrielle de Chlef (GICA),Cement & Clinker,Building Materials,Pneumatic Device,Natural Gas,Specific,73,devices,,,86.0,,,,,,,,,,,,,73,19.3,8760,,,,,,,,,,,,5.0,
2024-01,Cimenterie Industrielle de Chlef (GICA),Cement & Clinker,Building Materials,Liquids Unloading,Natural Gas,Specific,2,events,,,,,,,,,,,,,,,,,,,2,1.5,3000,100,,,,,,,,5.5,
2024-02,Cimenterie Industrielle de Chlef (GICA),Cement & Clinker,Building Materials,Liquids Unloading,Natural Gas,Specific,3,events,,,,,,,,,,,,,,,,,,,3,1.85,3200,120,,,,,,,,5.5,
2024-03,Cimenterie Industrielle de Chlef (GICA),Cement & Clinker,Building Materials,Liquids Unloading,Natural Gas,Specific,4,events,,,,,,,,,,,,,,,,,,,4,2.2,3400,140,,,,,,,,5.5,
2024-04,Cimenterie Industrielle de Chlef (GICA),Cement & Clinker,Building Materials,Liquids Unloading,Natural Gas,Specific,5,events,,,,,,,,,,,,,,,,,,,5,2.55,3600,160,,,,,,,,5.5,
2024-05,Cimenterie Industrielle de Chlef (GICA),Cement & Clinker,Building Materials,Liquids Unloading,Natural Gas,Specific,6,events,,,,,,,,,,,,,,,,,,,6,2.9,3800,180,,,,,,,,5.5,
2024-06,Cimenterie Industrielle de Chlef (GICA),Cement & Clinker,Building Materials,Liquids Unloading,Natural Gas,Specific,7,events,,,,,,,,,,,,,,,,,,,7,3.25,4000,200,,,,,,,,5.5,
2024-07,Cimenterie Industrielle de Chlef (GICA),Cement & Clinker,Building Materials,Liquids Unloading,Natural Gas,Specific,8,events,,,,,,,,,,,,,,,,,,,8,3.6,4200,220,,,,,,,,5.5,
2024-08,Cimenterie Industrielle de Chlef (GICA),Cement & Clinker,Building Materials,Liquids Unloading,Natural Gas,Specific,9,events,,,,,,,,,,,,,,,,,,,9,3.95,4400,240,,,,,,,,5.5,
2024-09,Cimenterie Industrielle de Chlef (GICA),Cement & Clinker,Building Materials,Liquids Unloading,Natural Gas,Specific,10,events,,,,,,,,,,,,,,,,,,,10,1.5,4600,260,,,,,,,,5.5,
2024-10,Cimenterie Industrielle de Chlef (GICA),Cement & Clinker,Building Materials,Liquids Unloading,Natural Gas,Specific,11,events,,,,,,,,,,,,,,,,,,,11,1.85,4800,280,,,,,,,,5.5,
2024-11,Cimenterie Industrielle de Chlef (GICA),Cement & Clinker,Building Materials,Liquids Unloading,Natural Gas,Specific,12,events,,,,,,,,,,,,,,,,,,,12,2.2,5000,300,,,,,,,,5.5,
2024-12,Cimenterie Industrielle de Chlef (GICA),Cement & Clinker,Building Materials,Liquids Unloading,Natural Gas,Specific,13,events,,,,,,,,,,,,,,,,,,,13,2.55,5200,320,,,,,,,,5.5,
2024-01,Cimenterie Industrielle de Chlef (GICA),Cement & Clinker,Building Materials,Liquids Unloading,Natural Gas,Specific,14,events,,,,,,,,,,,,,,,,,,,14,2.9,5400,340,,,,,,,,5.5,
2024-02,Cimenterie Industrielle de Chlef (GICA),Cement & Clinker,Building Materials,Liquids Unloading,Natural Gas,Specific,15,events,,,,,,,,,,,,,,,,,,,15,3.25,5600,360,,,,,,,,5.5,
2024-03,Cimenterie Industrielle de Chlef (GICA),Cement & Clinker,Building Materials,Liquids Unloading,Natural Gas,Specific,16,events,,,,,,,,,,,,,,,,,,,16,3.6,5800,380,,,,,,,,5.5,
2024-04,Cimenterie Industrielle de Chlef (GICA),Cement & Clinker,Building Materials,Liquids Unloading,Natural Gas,Specific,17,events,,,,,,,,,,,,,,,,,,,17,3.95,6000,400,,,,,,,,5.5,
2024-05,Cimenterie Industrielle de Chlef (GICA),Cement & Clinker,Building Materials,Liquids Unloading,Natural Gas,Specific,18,events,,,,,,,,,,,,,,,,,,,18,1.5,6200,420,,,,,,,,5.5,
2024-06,Cimenterie Industrielle de Chlef (GICA),Cement & Clinker,Building Materials,Liquids Unloading,Natural Gas,Specific,19,events,,,,,,,,,,,,,,,,,,,19,1.85,6400,440,,,,,,,,5.5,
2024-07,Cimenterie Industrielle de Chlef (GICA),Cement & Clinker,Building Materials,Liquids Unloading,Natural Gas,Specific,20,events,,,,,,,,,,,,,,,,,,,20,2.2,6600,460,,,,,,,,5.5,
2024-08,Cimenterie Industrielle de Chlef (GICA),Cement & Clinker,Building Materials,Liquids Unloading,Natural Gas,Specific,21,events,,,,,,,,,,,,,,,,,,,21,2.55,6800,480,,,,,,,,5.5,
2024-09,Cimenterie Industrielle de Chlef (GICA),Cement & Clinker,Building Materials,Liquids Unloading,Natural Gas,Specific,22,events,,,,,,,,,,,,,,,,,,,22,2.9,7000,500,,,,,,,,5.5,
2024-10,Cimenterie Industrielle de Chlef (GICA),Cement & Clinker,Building Materials,Liquids Unloading,Natural Gas,Specific,23,events,,,,,,,,,,,,,,,,,,,23,3.25,7200,520,,,,,,,,5.5,
2024-11,Cimenterie Industrielle de Chlef (GICA),Cement & Clinker,Building Materials,Liquids Unloading,Natural Gas,Specific,24,events,,,,,,,,,,,,,,,,,,,24,3.6,7400,540,,,,,,,,5.5,
2024-12,Cimenterie Industrielle de Chlef (GICA),Cement & Clinker,Building Materials,Liquids Unloading,Natural Gas,Specific,25,events,,,,,,,,,,,,,,,,,,,25,3.95,7600,560,,,,,,,,5.5,
2024-01,Cimenterie Industrielle de Chlef (GICA),Cement & Clinker,Building Materials,Liquids Unloading,Natural Gas,Specific,2,events,,,,,,,,,,,,,,,,,,,2,1.5,7800,580,,,,,,,,5.5,
2024-02,Cimenterie Industrielle de Chlef (GICA),Cement & Clinker,Building Materials,Liquids Unloading,Natural Gas,Specific,3,events,,,,,,,,,,,,,,,,,,,3,1.85,8000,600,,,,,,,,5.5,
2024-03,Cimenterie Industrielle de Chlef (GICA),Cement & Clinker,Building Materials,Liquids Unloading,Natural Gas,Specific,4,events,,,,,,,,,,,,,,,,,,,4,2.2,8200,620,,,,,,,,5.5,
2024-04,Cimenterie Industrielle de Chlef (GICA),Cement & Clinker,Building Materials,Liquids Unloading,Natural Gas,Specific,5,events,,,,,,,,,,,,,,,,,,,5,2.55,8400,640,,,,,,,,5.5,
2024-05,Cimenterie Industrielle de Chlef (GICA),Cement & Clinker,Building Materials,Liquids Unloading,Natural Gas,Specific,6,events,,,,,,,,,,,,,,,,,,,6,2.9,8600,660,,,,,,,,5.5,
2024-06,Cimenterie Industrielle de Chlef (GICA),Cement & Clinker,Building Materials,Liquids Unloading,Natural Gas,Specific,7,events,,,,,,,,,,,,,,,,,,,7,3.25,8800,680,,,,,,,,5.5,
2024-07,Cimenterie Industrielle de Chlef (GICA),Cement & Clinker,Building Materials,Liquids Unloading,Natural Gas,Specific,8,events,,,,,,,,,,,,,,,,,,,8,3.6,9000,700,,,,,,,,5.5,
2024-08,Cimenterie Industrielle de Chlef (GICA),Cement & Clinker,Building Materials,Liquids Unloading,Natural Gas,Specific,9,events,,,,,,,,,,,,,,,,,,,9,3.95,9200,720,,,,,,,,5.5,
2024-09,Cimenterie Industrielle de Chlef (GICA),Cement & Clinker,Building Materials,Liquids Unloading,Natural Gas,Specific,10,events,,,,,,,,,,,,,,,,,,,10,1.5,9400,740,,,,,,,,5.5,
2024-10,Cimenterie Industrielle de Chlef (GICA),Cement & Clinker,Building Materials,Liquids Unloading,Natural Gas,Specific,11,events,,,,,,,,,,,,,,,,,,,11,1.85,9600,760,,,,,,,,5.5,
2024-11,Cimenterie Industrielle de Chlef (GICA),Cement & Clinker,Building Materials,Liquids Unloading,Natural Gas,Specific,12,events,,,,,,,,,,,,,,,,,,,12,2.2,9800,780,,,,,,,,5.5,
2024-01,Cimenterie Industrielle de Chlef (GICA),Cement & Clinker,Building Materials,Well Completions & Workovers,Natural Gas,Specific,24,hours,,,,,,,,,,,,,,,,,,,,,,,24,50,98.0,,,,,5.0,
2024-02,Cimenterie Industrielle de Chlef (GICA),Cement & Clinker,Building Materials,Well Completions & Workovers,Natural Gas,Specific,28,hours,,,,,,,,,,,,,,,,,,,,,,,28,65,98.0,,,,,5.0,
2024-03,Cimenterie Industrielle de Chlef (GICA),Cement & Clinker,Building Materials,Well Completions & Workovers,Natural Gas,Specific,32,hours,,,,,,,,,,,,,,,,,,,,,,,32,80,98.0,,,,,5.0,
2024-04,Cimenterie Industrielle de Chlef (GICA),Cement & Clinker,Building Materials,Well Completions & Workovers,Natural Gas,Specific,36,hours,,,,,,,,,,,,,,,,,,,,,,,36,95,98.0,,,,,5.0,
2024-05,Cimenterie Industrielle de Chlef (GICA),Cement & Clinker,Building Materials,Well Completions & Workovers,Natural Gas,Specific,40,hours,,,,,,,,,,,,,,,,,,,,,,,40,110,98.0,,,,,5.0,
2024-06,Cimenterie Industrielle de Chlef (GICA),Cement & Clinker,Building Materials,Well Completions & Workovers,Natural Gas,Specific,44,hours,,,,,,,,,,,,,,,,,,,,,,,44,125,98.0,,,,,5.0,
2024-07,Cimenterie Industrielle de Chlef (GICA),Cement & Clinker,Building Materials,Well Completions & Workovers,Natural Gas,Specific,48,hours,,,,,,,,,,,,,,,,,,,,,,,48,140,98.0,,,,,5.0,
2024-08,Cimenterie Industrielle de Chlef (GICA),Cement & Clinker,Building Materials,Well Completions & Workovers,Natural Gas,Specific,52,hours,,,,,,,,,,,,,,,,,,,,,,,52,155,98.0,,,,,5.0,
2024-09,Cimenterie Industrielle de Chlef (GICA),Cement & Clinker,Building Materials,Well Completions & Workovers,Natural Gas,Specific,56,hours,,,,,,,,,,,,,,,,,,,,,,,56,170,98.0,,,,,5.0,
2024-10,Cimenterie Industrielle de Chlef (GICA),Cement & Clinker,Building Materials,Well Completions & Workovers,Natural Gas,Specific,60,hours,,,,,,,,,,,,,,,,,,,,,,,60,185,98.0,,,,,5.0,
2024-11,Cimenterie Industrielle de Chlef (GICA),Cement & Clinker,Building Materials,Well Completions & Workovers,Natural Gas,Specific,64,hours,,,,,,,,,,,,,,,,,,,,,,,64,200,98.0,,,,,5.0,
2024-12,Cimenterie Industrielle de Chlef (GICA),Cement & Clinker,Building Materials,Well Completions & Workovers,Natural Gas,Specific,68,hours,,,,,,,,,,,,,,,,,,,,,,,68,215,98.0,,,,,5.0,
2024-01,Cimenterie Industrielle de Chlef (GICA),Cement & Clinker,Building Materials,Well Completions & Workovers,Natural Gas,Specific,72,hours,,,,,,,,,,,,,,,,,,,,,,,72,230,98.0,,,,,5.0,
2024-02,Cimenterie Industrielle de Chlef (GICA),Cement & Clinker,Building Materials,Well Completions & Workovers,Natural Gas,Specific,76,hours,,,,,,,,,,,,,,,,,,,,,,,76,245,98.0,,,,,5.0,
2024-03,Cimenterie Industrielle de Chlef (GICA),Cement & Clinker,Building Materials,Well Completions & Workovers,Natural Gas,Specific,80,hours,,,,,,,,,,,,,,,,,,,,,,,80,260,98.0,,,,,5.0,
2024-04,Cimenterie Industrielle de Chlef (GICA),Cement & Clinker,Building Materials,Well Completions & Workovers,Natural Gas,Specific,84,hours,,,,,,,,,,,,,,,,,,,,,,,84,275,98.0,,,,,5.0,
2024-05,Cimenterie Industrielle de Chlef (GICA),Cement & Clinker,Building Materials,Well Completions & Workovers,Natural Gas,Specific,88,hours,,,,,,,,,,,,,,,,,,,,,,,88,290,98.0,,,,,5.0,
2024-06,Cimenterie Industrielle de Chlef (GICA),Cement & Clinker,Building Materials,Well Completions & Workovers,Natural Gas,Specific,92,hours,,,,,,,,,,,,,,,,,,,,,,,92,305,98.0,,,,,5.0,
2024-07,Cimenterie Industrielle de Chlef (GICA),Cement & Clinker,Building Materials,Well Completions & Workovers,Natural Gas,Specific,96,hours,,,,,,,,,,,,,,,,,,,,,,,96,320,98.0,,,,,5.0,
2024-08,Cimenterie Industrielle de Chlef (GICA),Cement & Clinker,Building Materials,Well Completions & Workovers,Natural Gas,Specific,100,hours,,,,,,,,,,,,,,,,,,,,,,,100,335,98.0,,,,,5.0,
2024-09,Cimenterie Industrielle de Chlef (GICA),Cement & Clinker,Building Materials,Well Completions & Workovers,Natural Gas,Specific,104,hours,,,,,,,,,,,,,,,,,,,,,,,104,350,98.0,,,,,5.0,
2024-10,Cimenterie Industrielle de Chlef (GICA),Cement & Clinker,Building Materials,Well Completions & Workovers,Natural Gas,Specific,108,hours,,,,,,,,,,,,,,,,,,,,,,,108,365,98.0,,,,,5.0,
2024-11,Cimenterie Industrielle de Chlef (GICA),Cement & Clinker,Building Materials,Well Completions & Workovers,Natural Gas,Specific,112,hours,,,,,,,,,,,,,,,,,,,,,,,112,380,98.0,,,,,5.0,
2024-12,Cimenterie Industrielle de Chlef (GICA),Cement & Clinker,Building Materials,Well Completions & Workovers,Natural Gas,Specific,116,hours,,,,,,,,,,,,,,,,,,,,,,,116,395,98.0,,,,,5.0,
2024-01,Cimenterie Industrielle de Chlef (GICA),Cement & Clinker,Building Materials,Well Completions & Workovers,Natural Gas,Specific,120,hours,,,,,,,,,,,,,,,,,,,,,,,120,410,98.0,,,,,5.0,
2024-02,Cimenterie Industrielle de Chlef (GICA),Cement & Clinker,Building Materials,Well Completions & Workovers,Natural Gas,Specific,124,hours,,,,,,,,,,,,,,,,,,,,,,,124,425,98.0,,,,,5.0,
2024-03,Cimenterie Industrielle de Chlef (GICA),Cement & Clinker,Building Materials,Well Completions & Workovers,Natural Gas,Specific,128,hours,,,,,,,,,,,,,,,,,,,,,,,128,440,98.0,,,,,5.0,
2024-04,Cimenterie Industrielle de Chlef (GICA),Cement & Clinker,Building Materials,Well Completions & Workovers,Natural Gas,Specific,132,hours,,,,,,,,,,,,,,,,,,,,,,,132,455,98.0,,,,,5.0,
2024-05,Cimenterie Industrielle de Chlef (GICA),Cement & Clinker,Building Materials,Well Completions & Workovers,Natural Gas,Specific,136,hours,,,,,,,,,,,,,,,,,,,,,,,136,470,98.0,,,,,5.0,
2024-06,Cimenterie Industrielle de Chlef (GICA),Cement & Clinker,Building Materials,Well Completions & Workovers,Natural Gas,Specific,140,hours,,,,,,,,,,,,,,,,,,,,,,,140,485,98.0,,,,,5.0,
2024-07,Cimenterie Industrielle de Chlef (GICA),Cement & Clinker,Building Materials,Well Completions & Workovers,Natural Gas,Specific,144,hours,,,,,,,,,,,,,,,,,,,,,,,144,500,98.0,,,,,5.0,
2024-08,Cimenterie Industrielle de Chlef (GICA),Cement & Clinker,Building Materials,Well Completions & Workovers,Natural Gas,Specific,148,hours,,,,,,,,,,,,,,,,,,,,,,,148,515,98.0,,,,,5.0,
2024-09,Cimenterie Industrielle de Chlef (GICA),Cement & Clinker,Building Materials,Well Completions & Workovers,Natural Gas,Specific,152,hours,,,,,,,,,,,,,,,,,,,,,,,152,530,98.0,,,,,5.0,
2024-10,Cimenterie Industrielle de Chlef (GICA),Cement & Clinker,Building Materials,Well Completions & Workovers,Natural Gas,Specific,156,hours,,,,,,,,,,,,,,,,,,,,,,,156,545,98.0,,,,,5.0,
2024-11,Cimenterie Industrielle de Chlef (GICA),Cement & Clinker,Building Materials,Well Completions & Workovers,Natural Gas,Specific,160,hours,,,,,,,,,,,,,,,,,,,,,,,160,560,98.0,,,,,5.0,
2025-01,Cimenterie Industrielle de Chlef (GICA),Cement & Clinker,Building Materials,Venting (Blowdown),Natural Gas,Specific,50,m3,,,,,,,,,,,,,,,,,,,,,,,,,,50,200,1,,4.0,
2025-02,Cimenterie Industrielle de Chlef (GICA),Cement & Clinker,Building Materials,Venting (Blowdown),Natural Gas,Specific,80,m3,,,,,,,,,,,,,,,,,,,,,,,,,,80,240,2,,4.0,
2025-03,Cimenterie Industrielle de Chlef (GICA),Cement & Clinker,Building Materials,Venting (Blowdown),Natural Gas,Specific,110,m3,,,,,,,,,,,,,,,,,,,,,,,,,,110,280,3,,4.0,
2025-04,Cimenterie Industrielle de Chlef (GICA),Cement & Clinker,Building Materials,Venting (Blowdown),Natural Gas,Specific,140,m3,,,,,,,,,,,,,,,,,,,,,,,,,,140,320,4,,4.0,
2025-05,Cimenterie Industrielle de Chlef (GICA),Cement & Clinker,Building Materials,Venting (Blowdown),Natural Gas,Specific,170,m3,,,,,,,,,,,,,,,,,,,,,,,,,,170,360,5,,4.0,
2025-06,Cimenterie Industrielle de Chlef (GICA),Cement & Clinker,Building Materials,Venting (Blowdown),Natural Gas,Specific,200,m3,,,,,,,,,,,,,,,,,,,,,,,,,,200,400,6,,4.0,
2025-07,Cimenterie Industrielle de Chlef (GICA),Cement & Clinker,Building Materials,Venting (Blowdown),Natural Gas,Specific,230,m3,,,,,,,,,,,,,,,,,,,,,,,,,,230,440,7,,4.0,
2025-08,Cimenterie Industrielle de Chlef (GICA),Cement & Clinker,Building Materials,Venting (Blowdown),Natural Gas,Specific,260,m3,,,,,,,,,,,,,,,,,,,,,,,,,,260,480,8,,4.0,
2025-09,Cimenterie Industrielle de Chlef (GICA),Cement & Clinker,Building Materials,Venting (Blowdown),Natural Gas,Specific,290,m3,,,,,,,,,,,,,,,,,,,,,,,,,,290,520,9,,4.0,
2025-10,Cimenterie Industrielle de Chlef (GICA),Cement & Clinker,Building Materials,Venting (Blowdown),Natural Gas,Specific,320,m3,,,,,,,,,,,,,,,,,,,,,,,,,,320,560,10,,4.0,
2025-11,Cimenterie Industrielle de Chlef (GICA),Cement & Clinker,Building Materials,Venting (Blowdown),Natural Gas,Specific,350,m3,,,,,,,,,,,,,,,,,,,,,,,,,,350,600,11,,4.0,
2025-12,Cimenterie Industrielle de Chlef (GICA),Cement & Clinker,Building Materials,Venting (Blowdown),Natural Gas,Specific,380,m3,,,,,,,,,,,,,,,,,,,,,,,,,,380,640,12,,4.0,
2025-01,Cimenterie Industrielle de Chlef (GICA),Cement & Clinker,Building Materials,Venting (Blowdown),Natural Gas,Specific,410,m3,,,,,,,,,,,,,,,,,,,,,,,,,,410,680,1,,4.0,
2025-02,Cimenterie Industrielle de Chlef (GICA),Cement & Clinker,Building Materials,Venting (Blowdown),Natural Gas,Specific,440,m3,,,,,,,,,,,,,,,,,,,,,,,,,,440,720,2,,4.0,
2025-03,Cimenterie Industrielle de Chlef (GICA),Cement & Clinker,Building Materials,Venting (Blowdown),Natural Gas,Specific,470,m3,,,,,,,,,,,,,,,,,,,,,,,,,,470,760,3,,4.0,
2025-04,Cimenterie Industrielle de Chlef (GICA),Cement & Clinker,Building Materials,Venting (Blowdown),Natural Gas,Specific,500,m3,,,,,,,,,,,,,,,,,,,,,,,,,,500,800,4,,4.0,
2025-05,Cimenterie Industrielle de Chlef (GICA),Cement & Clinker,Building Materials,Venting (Blowdown),Natural Gas,Specific,530,m3,,,,,,,,,,,,,,,,,,,,,,,,,,530,840,5,,4.0,
2025-06,Cimenterie Industrielle de Chlef (GICA),Cement & Clinker,Building Materials,Venting (Blowdown),Natural Gas,Specific,560,m3,,,,,,,,,,,,,,,,,,,,,,,,,,560,880,6,,4.0,
2025-07,Cimenterie Industrielle de Chlef (GICA),Cement & Clinker,Building Materials,Venting (Blowdown),Natural Gas,Specific,590,m3,,,,,,,,,,,,,,,,,,,,,,,,,,590,920,7,,4.0,
2025-08,Cimenterie Industrielle de Chlef (GICA),Cement & Clinker,Building Materials,Venting (Blowdown),Natural Gas,Specific,620,m3,,,,,,,,,,,,,,,,,,,,,,,,,,620,960,8,,4.0,
2025-09,Cimenterie Industrielle de Chlef (GICA),Cement & Clinker,Building Materials,Venting (Blowdown),Natural Gas,Specific,650,m3,,,,,,,,,,,,,,,,,,,,,,,,,,650,1000,9,,4.0,
2025-10,Cimenterie Industrielle de Chlef (GICA),Cement & Clinker,Building Materials,Venting (Blowdown),Natural Gas,Specific,680,m3,,,,,,,,,,,,,,,,,,,,,,,,,,680,1040,10,,4.0,
2025-11,Cimenterie Industrielle de Chlef (GICA),Cement & Clinker,Building Materials,Venting (Blowdown),Natural Gas,Specific,710,m3,,,,,,,,,,,,,,,,,,,,,,,,,,710,1080,11,,4.0,
2025-12,Cimenterie Industrielle de Chlef (GICA),Cement & Clinker,Building Materials,Venting (Blowdown),Natural Gas,Specific,740,m3,,,,,,,,,,,,,,,,,,,,,,,,,,740,1120,12,,4.0,
2025-01,Cimenterie Industrielle de Chlef (GICA),Cement & Clinker,Building Materials,Venting (Blowdown),Natural Gas,Specific,770,m3,,,,,,,,,,,,,,,,,,,,,,,,,,770,1160,1,,4.0,
2025-02,Cimenterie Industrielle de Chlef (GICA),Cement & Clinker,Building Materials,Venting (Blowdown),Natural Gas,Specific,800,m3,,,,,,,,,,,,,,,,,,,,,,,,,,800,1200,2,,4.0,
2025-03,Cimenterie Industrielle de Chlef (GICA),Cement & Clinker,Building Materials,Venting (Blowdown),Natural Gas,Specific,830,m3,,,,,,,,,,,,,,,,,,,,,,,,,,830,1240,3,,4.0,
2025-04,Cimenterie Industrielle de Chlef (GICA),Cement & Clinker,Building Materials,Venting (Blowdown),Natural Gas,Specific,860,m3,,,,,,,,,,,,,,,,,,,,,,,,,,860,1280,4,,4.0,
2025-05,Cimenterie Industrielle de Chlef (GICA),Cement & Clinker,Building Materials,Venting (Blowdown),Natural Gas,Specific,890,m3,,,,,,,,,,,,,,,,,,,,,,,,,,890,1320,5,,4.0,
2025-06,Cimenterie Industrielle de Chlef (GICA),Cement & Clinker,Building Materials,Venting (Blowdown),Natural Gas,Specific,920,m3,,,,,,,,,,,,,,,,,,,,,,,,,,920,1360,6,,4.0,
2025-01,Centre de Traitement Gazier Hassi Messaoud (Sonatrach),Upstream & Midstream Gas,Exploration & Production,Combustion,Natural Gas,Specific,10000,scf,95.0,,,,950,,,,,,,,,,,,,,,,,,,,,,,,2.5,3.0,5.0
2025-02,Centre de Traitement Gazier Hassi Messaoud (Sonatrach),Upstream & Midstream Gas,Exploration & Production,Combustion,Natural Gas,Specific,15000,scf,95.1,,,,960,,,,,,,,,,,,,,,,,,,,,,,,2.5,3.0,5.0
2025-03,Centre de Traitement Gazier Hassi Messaoud (Sonatrach),Upstream & Midstream Gas,Exploration & Production,Combustion,Natural Gas,Specific,20000,scf,95.2,,,,970,,,,,,,,,,,,,,,,,,,,,,,,2.5,3.0,5.0
2025-04,Centre de Traitement Gazier Hassi Messaoud (Sonatrach),Upstream & Midstream Gas,Exploration & Production,Combustion,Natural Gas,Specific,25000,scf,95.3,,,,980,,,,,,,,,,,,,,,,,,,,,,,,2.5,3.0,5.0
2025-05,Centre de Traitement Gazier Hassi Messaoud (Sonatrach),Upstream & Midstream Gas,Exploration & Production,Combustion,Natural Gas,Specific,30000,scf,95.4,,,,990,,,,,,,,,,,,,,,,,,,,,,,,2.5,3.0,5.0
2025-06,Centre de Traitement Gazier Hassi Messaoud (Sonatrach),Upstream & Midstream Gas,Exploration & Production,Combustion,Natural Gas,Specific,35000,scf,95.5,,,,1000,,,,,,,,,,,,,,,,,,,,,,,,2.5,3.0,5.0
2025-07,Centre de Traitement Gazier Hassi Messaoud (Sonatrach),Upstream & Midstream Gas,Exploration & Production,Combustion,Natural Gas,Specific,40000,scf,95.6,,,,1010,,,,,,,,,,,,,,,,,,,,,,,,2.5,3.0,5.0
2025-08,Centre de Traitement Gazier Hassi Messaoud (Sonatrach),Upstream & Midstream Gas,Exploration & Production,Combustion,Natural Gas,Specific,45000,scf,95.7,,,,1020,,,,,,,,,,,,,,,,,,,,,,,,2.5,3.0,5.0
2025-09,Centre de Traitement Gazier Hassi Messaoud (Sonatrach),Upstream & Midstream Gas,Exploration & Production,Combustion,Natural Gas,Specific,50000,scf,95.8,,,,1030,,,,,,,,,,,,,,,,,,,,,,,,2.5,3.0,5.0
2025-10,Centre de Traitement Gazier Hassi Messaoud (Sonatrach),Upstream & Midstream Gas,Exploration & Production,Combustion,Natural Gas,Specific,55000,scf,95.9,,,,1040,,,,,,,,,,,,,,,,,,,,,,,,2.5,3.0,5.0
2025-11,Centre de Traitement Gazier Hassi Messaoud (Sonatrach),Upstream & Midstream Gas,Exploration & Production,Combustion,Natural Gas,Specific,60000,scf,96.0,,,,1050,,,,,,,,,,,,,,,,,,,,,,,,2.5,3.0,5.0
2025-12,Centre de Traitement Gazier Hassi Messaoud (Sonatrach),Upstream & Midstream Gas,Exploration & Production,Combustion,Natural Gas,Specific,65000,scf,96.1,,,,1060,,,,,,,,,,,,,,,,,,,,,,,,2.5,3.0,5.0
2025-01,Centre de Traitement Gazier Hassi Messaoud (Sonatrach),Upstream & Midstream Gas,Exploration & Production,Combustion,Natural Gas,Specific,70000,scf,96.2,,,,1070,,,,,,,,,,,,,,,,,,,,,,,,2.5,3.0,5.0
2025-02,Centre de Traitement Gazier Hassi Messaoud (Sonatrach),Upstream & Midstream Gas,Exploration & Production,Combustion,Natural Gas,Specific,75000,scf,96.3,,,,1080,,,,,,,,,,,,,,,,,,,,,,,,2.5,3.0,5.0
2025-03,Centre de Traitement Gazier Hassi Messaoud (Sonatrach),Upstream & Midstream Gas,Exploration & Production,Combustion,Natural Gas,Specific,80000,scf,96.4,,,,1090,,,,,,,,,,,,,,,,,,,,,,,,2.5,3.0,5.0
2025-04,Centre de Traitement Gazier Hassi Messaoud (Sonatrach),Upstream & Midstream Gas,Exploration & Production,Combustion,Natural Gas,Specific,85000,scf,96.5,,,,1100,,,,,,,,,,,,,,,,,,,,,,,,2.5,3.0,5.0
2025-05,Centre de Traitement Gazier Hassi Messaoud (Sonatrach),Upstream & Midstream Gas,Exploration & Production,Combustion,Natural Gas,Specific,90000,scf,96.6,,,,1110,,,,,,,,,,,,,,,,,,,,,,,,2.5,3.0,5.0
2025-06,Centre de Traitement Gazier Hassi Messaoud (Sonatrach),Upstream & Midstream Gas,Exploration & Production,Combustion,Natural Gas,Specific,95000,scf,96.7,,,,1120,,,,,,,,,,,,,,,,,,,,,,,,2.5,3.0,5.0
2025-07,Centre de Traitement Gazier Hassi Messaoud (Sonatrach),Upstream & Midstream Gas,Exploration & Production,Combustion,Natural Gas,Specific,100000,scf,96.8,,,,1130,,,,,,,,,,,,,,,,,,,,,,,,2.5,3.0,5.0
2025-08,Centre de Traitement Gazier Hassi Messaoud (Sonatrach),Upstream & Midstream Gas,Exploration & Production,Combustion,Natural Gas,Specific,105000,scf,96.9,,,,1140,,,,,,,,,,,,,,,,,,,,,,,,2.5,3.0,5.0
2025-09,Centre de Traitement Gazier Hassi Messaoud (Sonatrach),Upstream & Midstream Gas,Exploration & Production,Combustion,Natural Gas,Specific,110000,scf,97.0,,,,1150,,,,,,,,,,,,,,,,,,,,,,,,2.5,3.0,5.0
2025-10,Centre de Traitement Gazier Hassi Messaoud (Sonatrach),Upstream & Midstream Gas,Exploration & Production,Combustion,Natural Gas,Specific,115000,scf,97.1,,,,1160,,,,,,,,,,,,,,,,,,,,,,,,2.5,3.0,5.0
2025-11,Centre de Traitement Gazier Hassi Messaoud (Sonatrach),Upstream & Midstream Gas,Exploration & Production,Combustion,Natural Gas,Specific,120000,scf,97.2,,,,1170,,,,,,,,,,,,,,,,,,,,,,,,2.5,3.0,5.0
2025-12,Centre de Traitement Gazier Hassi Messaoud (Sonatrach),Upstream & Midstream Gas,Exploration & Production,Combustion,Natural Gas,Specific,125000,scf,97.3,,,,1180,,,,,,,,,,,,,,,,,,,,,,,,2.5,3.0,5.0
2025-01,Centre de Traitement Gazier Hassi Messaoud (Sonatrach),Upstream & Midstream Gas,Exploration & Production,Combustion,Natural Gas,Specific,130000,scf,97.4,,,,1190,,,,,,,,,,,,,,,,,,,,,,,,2.5,3.0,5.0
2025-02,Centre de Traitement Gazier Hassi Messaoud (Sonatrach),Upstream & Midstream Gas,Exploration & Production,Combustion,Natural Gas,Specific,135000,scf,97.5,,,,950,,,,,,,,,,,,,,,,,,,,,,,,2.5,3.0,5.0
2025-03,Centre de Traitement Gazier Hassi Messaoud (Sonatrach),Upstream & Midstream Gas,Exploration & Production,Combustion,Natural Gas,Specific,140000,scf,97.6,,,,960,,,,,,,,,,,,,,,,,,,,,,,,2.5,3.0,5.0
2025-04,Centre de Traitement Gazier Hassi Messaoud (Sonatrach),Upstream & Midstream Gas,Exploration & Production,Combustion,Natural Gas,Specific,145000,scf,97.7,,,,970,,,,,,,,,,,,,,,,,,,,,,,,2.5,3.0,5.0
2025-05,Centre de Traitement Gazier Hassi Messaoud (Sonatrach),Upstream & Midstream Gas,Exploration & Production,Combustion,Natural Gas,Specific,150000,scf,97.8,,,,980,,,,,,,,,,,,,,,,,,,,,,,,2.5,3.0,5.0
2025-06,Centre de Traitement Gazier Hassi Messaoud (Sonatrach),Upstream & Midstream Gas,Exploration & Production,Combustion,Natural Gas,Specific,155000,scf,97.9,,,,990,,,,,,,,,,,,,,,,,,,,,,,,2.5,3.0,5.0
2025-07,Centre de Traitement Gazier Hassi Messaoud (Sonatrach),Upstream & Midstream Gas,Exploration & Production,Combustion,Natural Gas,Specific,160000,scf,98.0,,,,1000,,,,,,,,,,,,,,,,,,,,,,,,2.5,3.0,5.0
2025-08,Centre de Traitement Gazier Hassi Messaoud (Sonatrach),Upstream & Midstream Gas,Exploration & Production,Combustion,Natural Gas,Specific,165000,scf,98.1,,,,1010,,,,,,,,,,,,,,,,,,,,,,,,2.5,3.0,5.0
2025-09,Centre de Traitement Gazier Hassi Messaoud (Sonatrach),Upstream & Midstream Gas,Exploration & Production,Combustion,Natural Gas,Specific,170000,scf,98.2,,,,1020,,,,,,,,,,,,,,,,,,,,,,,,2.5,3.0,5.0
2025-10,Centre de Traitement Gazier Hassi Messaoud (Sonatrach),Upstream & Midstream Gas,Exploration & Production,Combustion,Natural Gas,Specific,175000,scf,98.3,,,,1030,,,,,,,,,,,,,,,,,,,,,,,,2.5,3.0,5.0
2025-11,Centre de Traitement Gazier Hassi Messaoud (Sonatrach),Upstream & Midstream Gas,Exploration & Production,Combustion,Natural Gas,Specific,180000,scf,98.4,,,,1040,,,,,,,,,,,,,,,,,,,,,,,,2.5,3.0,5.0
2025-12,Centre de Traitement Gazier Hassi Messaoud (Sonatrach),Upstream & Midstream Gas,Exploration & Production,Combustion,Natural Gas,Specific,185000,scf,98.5,,,,1050,,,,,,,,,,,,,,,,,,,,,,,,2.5,3.0,5.0
2025-01,Centre de Traitement Gazier Hassi Messaoud (Sonatrach),Upstream & Midstream Gas,Exploration & Production,Combustion,Natural Gas,Specific,190000,scf,98.6,,,,1060,,,,,,,,,,,,,,,,,,,,,,,,2.5,3.0,5.0
2025-02,Centre de Traitement Gazier Hassi Messaoud (Sonatrach),Upstream & Midstream Gas,Exploration & Production,Combustion,Natural Gas,Specific,195000,scf,98.7,,,,1070,,,,,,,,,,,,,,,,,,,,,,,,2.5,3.0,5.0
2025-03,Centre de Traitement Gazier Hassi Messaoud (Sonatrach),Upstream & Midstream Gas,Exploration & Production,Combustion,Natural Gas,Specific,200000,scf,98.8,,,,1080,,,,,,,,,,,,,,,,,,,,,,,,2.5,3.0,5.0
2025-04,Centre de Traitement Gazier Hassi Messaoud (Sonatrach),Upstream & Midstream Gas,Exploration & Production,Combustion,Natural Gas,Specific,205000,scf,98.9,,,,1090,,,,,,,,,,,,,,,,,,,,,,,,2.5,3.0,5.0
2025-01,Centre de Traitement Gazier Hassi Messaoud (Sonatrach),Upstream & Midstream Gas,Exploration & Production,Flaring,Associated Gas (Flaring),Specific,5000,m3,,elevated,70.0,,1020,,,,,,,,,,,,,,,,,,,,,,,,3.0,4.0,6.0
2025-02,Centre de Traitement Gazier Hassi Messaoud (Sonatrach),Upstream & Midstream Gas,Exploration & Production,Flaring,Associated Gas (Flaring),Specific,7500,m3,,open,71.0,,1020,,,,,,,,,,,,,,,,,,,,,,,,3.0,4.0,6.0
2025-03,Centre de Traitement Gazier Hassi Messaoud (Sonatrach),Upstream & Midstream Gas,Exploration & Production,Flaring,Associated Gas (Flaring),Specific,10000,m3,,ground,72.0,,1020,,,,,,,,,,,,,,,,,,,,,,,,3.0,4.0,6.0
2025-04,Centre de Traitement Gazier Hassi Messaoud (Sonatrach),Upstream & Midstream Gas,Exploration & Production,Flaring,Associated Gas (Flaring),Specific,12500,m3,,enclosed,73.0,,1020,,,,,,,,,,,,,,,,,,,,,,,,3.0,4.0,6.0
2025-05,Centre de Traitement Gazier Hassi Messaoud (Sonatrach),Upstream & Midstream Gas,Exploration & Production,Flaring,Associated Gas (Flaring),Specific,15000,m3,,elevated,74.0,,1020,,,,,,,,,,,,,,,,,,,,,,,,3.0,4.0,6.0
2025-06,Centre de Traitement Gazier Hassi Messaoud (Sonatrach),Upstream & Midstream Gas,Exploration & Production,Flaring,Associated Gas (Flaring),Specific,17500,m3,,open,75.0,,1020,,,,,,,,,,,,,,,,,,,,,,,,3.0,4.0,6.0
2025-07,Centre de Traitement Gazier Hassi Messaoud (Sonatrach),Upstream & Midstream Gas,Exploration & Production,Flaring,Associated Gas (Flaring),Specific,20000,m3,,ground,76.0,,1020,,,,,,,,,,,,,,,,,,,,,,,,3.0,4.0,6.0
2025-08,Centre de Traitement Gazier Hassi Messaoud (Sonatrach),Upstream & Midstream Gas,Exploration & Production,Flaring,Associated Gas (Flaring),Specific,22500,m3,,enclosed,77.0,,1020,,,,,,,,,,,,,,,,,,,,,,,,3.0,4.0,6.0
2025-09,Centre de Traitement Gazier Hassi Messaoud (Sonatrach),Upstream & Midstream Gas,Exploration & Production,Flaring,Associated Gas (Flaring),Specific,25000,m3,,elevated,78.0,,1020,,,,,,,,,,,,,,,,,,,,,,,,3.0,4.0,6.0
2025-10,Centre de Traitement Gazier Hassi Messaoud (Sonatrach),Upstream & Midstream Gas,Exploration & Production,Flaring,Associated Gas (Flaring),Specific,27500,m3,,open,79.0,,1020,,,,,,,,,,,,,,,,,,,,,,,,3.0,4.0,6.0
2025-11,Centre de Traitement Gazier Hassi Messaoud (Sonatrach),Upstream & Midstream Gas,Exploration & Production,Flaring,Associated Gas (Flaring),Specific,30000,m3,,ground,80.0,,1020,,,,,,,,,,,,,,,,,,,,,,,,3.0,4.0,6.0
2025-12,Centre de Traitement Gazier Hassi Messaoud (Sonatrach),Upstream & Midstream Gas,Exploration & Production,Flaring,Associated Gas (Flaring),Specific,32500,m3,,enclosed,81.0,,1020,,,,,,,,,,,,,,,,,,,,,,,,3.0,4.0,6.0
2025-01,Centre de Traitement Gazier Hassi Messaoud (Sonatrach),Upstream & Midstream Gas,Exploration & Production,Flaring,Associated Gas (Flaring),Specific,35000,m3,,elevated,82.0,,1020,,,,,,,,,,,,,,,,,,,,,,,,3.0,4.0,6.0
2025-02,Centre de Traitement Gazier Hassi Messaoud (Sonatrach),Upstream & Midstream Gas,Exploration & Production,Flaring,Associated Gas (Flaring),Specific,37500,m3,,open,83.0,,1020,,,,,,,,,,,,,,,,,,,,,,,,3.0,4.0,6.0
2025-03,Centre de Traitement Gazier Hassi Messaoud (Sonatrach),Upstream & Midstream Gas,Exploration & Production,Flaring,Associated Gas (Flaring),Specific,40000,m3,,ground,84.0,,1020,,,,,,,,,,,,,,,,,,,,,,,,3.0,4.0,6.0
2025-04,Centre de Traitement Gazier Hassi Messaoud (Sonatrach),Upstream & Midstream Gas,Exploration & Production,Flaring,Associated Gas (Flaring),Specific,42500,m3,,enclosed,85.0,,1020,,,,,,,,,,,,,,,,,,,,,,,,3.0,4.0,6.0
2025-05,Centre de Traitement Gazier Hassi Messaoud (Sonatrach),Upstream & Midstream Gas,Exploration & Production,Flaring,Associated Gas (Flaring),Specific,45000,m3,,elevated,86.0,,1020,,,,,,,,,,,,,,,,,,,,,,,,3.0,4.0,6.0
2025-06,Centre de Traitement Gazier Hassi Messaoud (Sonatrach),Upstream & Midstream Gas,Exploration & Production,Flaring,Associated Gas (Flaring),Specific,47500,m3,,open,87.0,,1020,,,,,,,,,,,,,,,,,,,,,,,,3.0,4.0,6.0
2025-07,Centre de Traitement Gazier Hassi Messaoud (Sonatrach),Upstream & Midstream Gas,Exploration & Production,Flaring,Associated Gas (Flaring),Specific,50000,m3,,ground,88.0,,1020,,,,,,,,,,,,,,,,,,,,,,,,3.0,4.0,6.0
2025-08,Centre de Traitement Gazier Hassi Messaoud (Sonatrach),Upstream & Midstream Gas,Exploration & Production,Flaring,Associated Gas (Flaring),Specific,52500,m3,,enclosed,89.0,,1020,,,,,,,,,,,,,,,,,,,,,,,,3.0,4.0,6.0
2025-09,Centre de Traitement Gazier Hassi Messaoud (Sonatrach),Upstream & Midstream Gas,Exploration & Production,Flaring,Associated Gas (Flaring),Specific,55000,m3,,elevated,90.0,,1020,,,,,,,,,,,,,,,,,,,,,,,,3.0,4.0,6.0
2025-10,Centre de Traitement Gazier Hassi Messaoud (Sonatrach),Upstream & Midstream Gas,Exploration & Production,Flaring,Associated Gas (Flaring),Specific,57500,m3,,open,91.0,,1020,,,,,,,,,,,,,,,,,,,,,,,,3.0,4.0,6.0
2025-11,Centre de Traitement Gazier Hassi Messaoud (Sonatrach),Upstream & Midstream Gas,Exploration & Production,Flaring,Associated Gas (Flaring),Specific,60000,m3,,ground,92.0,,1020,,,,,,,,,,,,,,,,,,,,,,,,3.0,4.0,6.0
2025-12,Centre de Traitement Gazier Hassi Messaoud (Sonatrach),Upstream & Midstream Gas,Exploration & Production,Flaring,Associated Gas (Flaring),Specific,62500,m3,,enclosed,93.0,,1020,,,,,,,,,,,,,,,,,,,,,,,,3.0,4.0,6.0
2025-01,Centre de Traitement Gazier Hassi Messaoud (Sonatrach),Upstream & Midstream Gas,Exploration & Production,Flaring,Associated Gas (Flaring),Specific,65000,m3,,elevated,94.0,,1020,,,,,,,,,,,,,,,,,,,,,,,,3.0,4.0,6.0
2025-02,Centre de Traitement Gazier Hassi Messaoud (Sonatrach),Upstream & Midstream Gas,Exploration & Production,Flaring,Associated Gas (Flaring),Specific,67500,m3,,open,95.0,,1020,,,,,,,,,,,,,,,,,,,,,,,,3.0,4.0,6.0
2025-03,Centre de Traitement Gazier Hassi Messaoud (Sonatrach),Upstream & Midstream Gas,Exploration & Production,Flaring,Associated Gas (Flaring),Specific,70000,m3,,ground,96.0,,1020,,,,,,,,,,,,,,,,,,,,,,,,3.0,4.0,6.0
2025-04,Centre de Traitement Gazier Hassi Messaoud (Sonatrach),Upstream & Midstream Gas,Exploration & Production,Flaring,Associated Gas (Flaring),Specific,72500,m3,,enclosed,97.0,,1020,,,,,,,,,,,,,,,,,,,,,,,,3.0,4.0,6.0
2025-05,Centre de Traitement Gazier Hassi Messaoud (Sonatrach),Upstream & Midstream Gas,Exploration & Production,Flaring,Associated Gas (Flaring),Specific,75000,m3,,elevated,70.0,,1020,,,,,,,,,,,,,,,,,,,,,,,,3.0,4.0,6.0
2025-06,Centre de Traitement Gazier Hassi Messaoud (Sonatrach),Upstream & Midstream Gas,Exploration & Production,Flaring,Associated Gas (Flaring),Specific,77500,m3,,open,71.0,,1020,,,,,,,,,,,,,,,,,,,,,,,,3.0,4.0,6.0
2025-07,Centre de Traitement Gazier Hassi Messaoud (Sonatrach),Upstream & Midstream Gas,Exploration & Production,Flaring,Associated Gas (Flaring),Specific,80000,m3,,ground,72.0,,1020,,,,,,,,,,,,,,,,,,,,,,,,3.0,4.0,6.0
2025-08,Centre de Traitement Gazier Hassi Messaoud (Sonatrach),Upstream & Midstream Gas,Exploration & Production,Flaring,Associated Gas (Flaring),Specific,82500,m3,,enclosed,73.0,,1020,,,,,,,,,,,,,,,,,,,,,,,,3.0,4.0,6.0
2025-09,Centre de Traitement Gazier Hassi Messaoud (Sonatrach),Upstream & Midstream Gas,Exploration & Production,Flaring,Associated Gas (Flaring),Specific,85000,m3,,elevated,74.0,,1020,,,,,,,,,,,,,,,,,,,,,,,,3.0,4.0,6.0
2025-10,Centre de Traitement Gazier Hassi Messaoud (Sonatrach),Upstream & Midstream Gas,Exploration & Production,Flaring,Associated Gas (Flaring),Specific,87500,m3,,open,75.0,,1020,,,,,,,,,,,,,,,,,,,,,,,,3.0,4.0,6.0
2025-11,Centre de Traitement Gazier Hassi Messaoud (Sonatrach),Upstream & Midstream Gas,Exploration & Production,Flaring,Associated Gas (Flaring),Specific,90000,m3,,ground,76.0,,1020,,,,,,,,,,,,,,,,,,,,,,,,3.0,4.0,6.0
2025-12,Centre de Traitement Gazier Hassi Messaoud (Sonatrach),Upstream & Midstream Gas,Exploration & Production,Flaring,Associated Gas (Flaring),Specific,92500,m3,,enclosed,77.0,,1020,,,,,,,,,,,,,,,,,,,,,,,,3.0,4.0,6.0
2025-01,Centre de Traitement Gazier Hassi Messaoud (Sonatrach),Upstream & Midstream Gas,Exploration & Production,Flaring,Associated Gas (Flaring),Specific,95000,m3,,elevated,78.0,,1020,,,,,,,,,,,,,,,,,,,,,,,,3.0,4.0,6.0
2025-02,Centre de Traitement Gazier Hassi Messaoud (Sonatrach),Upstream & Midstream Gas,Exploration & Production,Flaring,Associated Gas (Flaring),Specific,97500,m3,,open,79.0,,1020,,,,,,,,,,,,,,,,,,,,,,,,3.0,4.0,6.0
2025-03,Centre de Traitement Gazier Hassi Messaoud (Sonatrach),Upstream & Midstream Gas,Exploration & Production,Flaring,Associated Gas (Flaring),Specific,100000,m3,,ground,80.0,,1020,,,,,,,,,,,,,,,,,,,,,,,,3.0,4.0,6.0
2025-04,Centre de Traitement Gazier Hassi Messaoud (Sonatrach),Upstream & Midstream Gas,Exploration & Production,Flaring,Associated Gas (Flaring),Specific,102500,m3,,enclosed,81.0,,1020,,,,,,,,,,,,,,,,,,,,,,,,3.0,4.0,6.0
2024-01,Centre de Traitement Gazier Hassi Messaoud (Sonatrach),Upstream & Midstream Gas,Exploration & Production,Storage Tanks,Crude Oil,Specific,1000,bbl,,,65.0,,,50,95,35,,,,,,,,,,,,,,,,,,,,,,5.0,
2024-02,Centre de Traitement Gazier Hassi Messaoud (Sonatrach),Upstream & Midstream Gas,Exploration & Production,Storage Tanks,Crude Oil,Specific,2200,bbl,,,66.0,,,60,95,36,,,,,,,,,,,,,,,,,,,,,,5.0,
2024-03,Centre de Traitement Gazier Hassi Messaoud (Sonatrach),Upstream & Midstream Gas,Exploration & Production,Storage Tanks,Crude Oil,Specific,3400,bbl,,,67.0,,,70,95,37,,,,,,,,,,,,,,,,,,,,,,5.0,
2024-04,Centre de Traitement Gazier Hassi Messaoud (Sonatrach),Upstream & Midstream Gas,Exploration & Production,Storage Tanks,Crude Oil,Specific,4600,bbl,,,68.0,,,80,95,38,,,,,,,,,,,,,,,,,,,,,,5.0,
2024-05,Centre de Traitement Gazier Hassi Messaoud (Sonatrach),Upstream & Midstream Gas,Exploration & Production,Storage Tanks,Crude Oil,Specific,5800,bbl,,,69.0,,,90,95,39,,,,,,,,,,,,,,,,,,,,,,5.0,
2024-06,Centre de Traitement Gazier Hassi Messaoud (Sonatrach),Upstream & Midstream Gas,Exploration & Production,Storage Tanks,Crude Oil,Specific,7000,bbl,,,70.0,,,100,95,40,,,,,,,,,,,,,,,,,,,,,,5.0,
2024-07,Centre de Traitement Gazier Hassi Messaoud (Sonatrach),Upstream & Midstream Gas,Exploration & Production,Storage Tanks,Crude Oil,Specific,8200,bbl,,,71.0,,,110,95,41,,,,,,,,,,,,,,,,,,,,,,5.0,
2024-08,Centre de Traitement Gazier Hassi Messaoud (Sonatrach),Upstream & Midstream Gas,Exploration & Production,Storage Tanks,Crude Oil,Specific,9400,bbl,,,72.0,,,120,95,42,,,,,,,,,,,,,,,,,,,,,,5.0,
2024-09,Centre de Traitement Gazier Hassi Messaoud (Sonatrach),Upstream & Midstream Gas,Exploration & Production,Storage Tanks,Crude Oil,Specific,10600,bbl,,,73.0,,,130,95,43,,,,,,,,,,,,,,,,,,,,,,5.0,
2024-10,Centre de Traitement Gazier Hassi Messaoud (Sonatrach),Upstream & Midstream Gas,Exploration & Production,Storage Tanks,Crude Oil,Specific,11800,bbl,,,74.0,,,140,95,44,,,,,,,,,,,,,,,,,,,,,,5.0,
2024-11,Centre de Traitement Gazier Hassi Messaoud (Sonatrach),Upstream & Midstream Gas,Exploration & Production,Storage Tanks,Crude Oil,Specific,13000,bbl,,,75.0,,,150,95,35,,,,,,,,,,,,,,,,,,,,,,5.0,
2024-12,Centre de Traitement Gazier Hassi Messaoud (Sonatrach),Upstream & Midstream Gas,Exploration & Production,Storage Tanks,Crude Oil,Specific,14200,bbl,,,76.0,,,160,95,36,,,,,,,,,,,,,,,,,,,,,,5.0,
2024-01,Centre de Traitement Gazier Hassi Messaoud (Sonatrach),Upstream & Midstream Gas,Exploration & Production,Storage Tanks,Crude Oil,Specific,15400,bbl,,,77.0,,,170,95,37,,,,,,,,,,,,,,,,,,,,,,5.0,
2024-02,Centre de Traitement Gazier Hassi Messaoud (Sonatrach),Upstream & Midstream Gas,Exploration & Production,Storage Tanks,Crude Oil,Specific,16600,bbl,,,78.0,,,180,95,38,,,,,,,,,,,,,,,,,,,,,,5.0,
2024-03,Centre de Traitement Gazier Hassi Messaoud (Sonatrach),Upstream & Midstream Gas,Exploration & Production,Storage Tanks,Crude Oil,Specific,17800,bbl,,,79.0,,,190,95,39,,,,,,,,,,,,,,,,,,,,,,5.0,
2024-04,Centre de Traitement Gazier Hassi Messaoud (Sonatrach),Upstream & Midstream Gas,Exploration & Production,Storage Tanks,Crude Oil,Specific,19000,bbl,,,80.0,,,200,95,40,,,,,,,,,,,,,,,,,,,,,,5.0,
2024-05,Centre de Traitement Gazier Hassi Messaoud (Sonatrach),Upstream & Midstream Gas,Exploration & Production,Storage Tanks,Crude Oil,Specific,20200,bbl,,,81.0,,,210,95,41,,,,,,,,,,,,,,,,,,,,,,5.0,
2024-06,Centre de Traitement Gazier Hassi Messaoud (Sonatrach),Upstream & Midstream Gas,Exploration & Production,Storage Tanks,Crude Oil,Specific,21400,bbl,,,82.0,,,220,95,42,,,,,,,,,,,,,,,,,,,,,,5.0,
2024-07,Centre de Traitement Gazier Hassi Messaoud (Sonatrach),Upstream & Midstream Gas,Exploration & Production,Storage Tanks,Crude Oil,Specific,22600,bbl,,,83.0,,,230,95,43,,,,,,,,,,,,,,,,,,,,,,5.0,
2024-08,Centre de Traitement Gazier Hassi Messaoud (Sonatrach),Upstream & Midstream Gas,Exploration & Production,Storage Tanks,Crude Oil,Specific,23800,bbl,,,84.0,,,240,95,44,,,,,,,,,,,,,,,,,,,,,,5.0,
2024-09,Centre de Traitement Gazier Hassi Messaoud (Sonatrach),Upstream & Midstream Gas,Exploration & Production,Storage Tanks,Crude Oil,Specific,25000,bbl,,,85.0,,,250,95,35,,,,,,,,,,,,,,,,,,,,,,5.0,
2024-10,Centre de Traitement Gazier Hassi Messaoud (Sonatrach),Upstream & Midstream Gas,Exploration & Production,Storage Tanks,Crude Oil,Specific,26200,bbl,,,86.0,,,260,95,36,,,,,,,,,,,,,,,,,,,,,,5.0,
2024-11,Centre de Traitement Gazier Hassi Messaoud (Sonatrach),Upstream & Midstream Gas,Exploration & Production,Storage Tanks,Crude Oil,Specific,27400,bbl,,,87.0,,,270,95,37,,,,,,,,,,,,,,,,,,,,,,5.0,
2024-12,Centre de Traitement Gazier Hassi Messaoud (Sonatrach),Upstream & Midstream Gas,Exploration & Production,Storage Tanks,Crude Oil,Specific,28600,bbl,,,88.0,,,280,95,38,,,,,,,,,,,,,,,,,,,,,,5.0,
2024-01,Centre de Traitement Gazier Hassi Messaoud (Sonatrach),Upstream & Midstream Gas,Exploration & Production,Storage Tanks,Crude Oil,Specific,29800,bbl,,,89.0,,,290,95,39,,,,,,,,,,,,,,,,,,,,,,5.0,
2024-02,Centre de Traitement Gazier Hassi Messaoud (Sonatrach),Upstream & Midstream Gas,Exploration & Production,Storage Tanks,Crude Oil,Specific,31000,bbl,,,65.0,,,300,95,40,,,,,,,,,,,,,,,,,,,,,,5.0,
2024-03,Centre de Traitement Gazier Hassi Messaoud (Sonatrach),Upstream & Midstream Gas,Exploration & Production,Storage Tanks,Crude Oil,Specific,32200,bbl,,,66.0,,,310,95,41,,,,,,,,,,,,,,,,,,,,,,5.0,
2024-04,Centre de Traitement Gazier Hassi Messaoud (Sonatrach),Upstream & Midstream Gas,Exploration & Production,Storage Tanks,Crude Oil,Specific,33400,bbl,,,67.0,,,320,95,42,,,,,,,,,,,,,,,,,,,,,,5.0,
2024-05,Centre de Traitement Gazier Hassi Messaoud (Sonatrach),Upstream & Midstream Gas,Exploration & Production,Storage Tanks,Crude Oil,Specific,34600,bbl,,,68.0,,,330,95,43,,,,,,,,,,,,,,,,,,,,,,5.0,
2024-06,Centre de Traitement Gazier Hassi Messaoud (Sonatrach),Upstream & Midstream Gas,Exploration & Production,Storage Tanks,Crude Oil,Specific,35800,bbl,,,69.0,,,340,95,44,,,,,,,,,,,,,,,,,,,,,,5.0,
2024-07,Centre de Traitement Gazier Hassi Messaoud (Sonatrach),Upstream & Midstream Gas,Exploration & Production,Storage Tanks,Crude Oil,Specific,37000,bbl,,,70.0,,,350,95,35,,,,,,,,,,,,,,,,,,,,,,5.0,
2024-08,Centre de Traitement Gazier Hassi Messaoud (Sonatrach),Upstream & Midstream Gas,Exploration & Production,Storage Tanks,Crude Oil,Specific,38200,bbl,,,71.0,,,360,95,36,,,,,,,,,,,,,,,,,,,,,,5.0,
2024-09,Centre de Traitement Gazier Hassi Messaoud (Sonatrach),Upstream & Midstream Gas,Exploration & Production,Storage Tanks,Crude Oil,Specific,39400,bbl,,,72.0,,,370,95,37,,,,,,,,,,,,,,,,,,,,,,5.0,
2024-10,Centre de Traitement Gazier Hassi Messaoud (Sonatrach),Upstream & Midstream Gas,Exploration & Production,Storage Tanks,Crude Oil,Specific,40600,bbl,,,73.0,,,380,95,38,,,,,,,,,,,,,,,,,,,,,,5.0,
2024-11,Centre de Traitement Gazier Hassi Messaoud (Sonatrach),Upstream & Midstream Gas,Exploration & Production,Storage Tanks,Crude Oil,Specific,41800,bbl,,,74.0,,,390,95,39,,,,,,,,,,,,,,,,,,,,,,5.0,
2024-12,Centre de Traitement Gazier Hassi Messaoud (Sonatrach),Upstream & Midstream Gas,Exploration & Production,Storage Tanks,Crude Oil,Specific,43000,bbl,,,75.0,,,400,95,40,,,,,,,,,,,,,,,,,,,,,,5.0,
2024-01,Centre de Traitement Gazier Hassi Messaoud (Sonatrach),Upstream & Midstream Gas,Exploration & Production,Storage Tanks,Crude Oil,Specific,44200,bbl,,,76.0,,,410,95,41,,,,,,,,,,,,,,,,,,,,,,5.0,
2024-02,Centre de Traitement Gazier Hassi Messaoud (Sonatrach),Upstream & Midstream Gas,Exploration & Production,Storage Tanks,Crude Oil,Specific,45400,bbl,,,77.0,,,420,95,42,,,,,,,,,,,,,,,,,,,,,,5.0,
2024-03,Centre de Traitement Gazier Hassi Messaoud (Sonatrach),Upstream & Midstream Gas,Exploration & Production,Storage Tanks,Crude Oil,Specific,46600,bbl,,,78.0,,,430,95,43,,,,,,,,,,,,,,,,,,,,,,5.0,
2024-04,Centre de Traitement Gazier Hassi Messaoud (Sonatrach),Upstream & Midstream Gas,Exploration & Production,Storage Tanks,Crude Oil,Specific,47800,bbl,,,79.0,,,440,95,44,,,,,,,,,,,,,,,,,,,,,,5.0,
2024-01,Centre de Traitement Gazier Hassi Messaoud (Sonatrach),Upstream & Midstream Gas,Exploration & Production,Storage Tanks,Condensate,Specific,500,bbl,,,80.0,,,,90,,,,,,,,,,,,,,,,,,,,,,,6.0,
2024-02,Centre de Traitement Gazier Hassi Messaoud (Sonatrach),Upstream & Midstream Gas,Exploration & Production,Storage Tanks,Condensate,Specific,1300,bbl,,,80.0,,,,90,,,,,,,,,,,,,,,,,,,,,,,6.0,
2024-03,Centre de Traitement Gazier Hassi Messaoud (Sonatrach),Upstream & Midstream Gas,Exploration & Production,Storage Tanks,Condensate,Specific,2100,bbl,,,80.0,,,,90,,,,,,,,,,,,,,,,,,,,,,,6.0,
2024-04,Centre de Traitement Gazier Hassi Messaoud (Sonatrach),Upstream & Midstream Gas,Exploration & Production,Storage Tanks,Condensate,Specific,2900,bbl,,,80.0,,,,90,,,,,,,,,,,,,,,,,,,,,,,6.0,
2024-05,Centre de Traitement Gazier Hassi Messaoud (Sonatrach),Upstream & Midstream Gas,Exploration & Production,Storage Tanks,Condensate,Specific,3700,bbl,,,80.0,,,,90,,,,,,,,,,,,,,,,,,,,,,,6.0,
2024-06,Centre de Traitement Gazier Hassi Messaoud (Sonatrach),Upstream & Midstream Gas,Exploration & Production,Storage Tanks,Condensate,Specific,4500,bbl,,,80.0,,,,90,,,,,,,,,,,,,,,,,,,,,,,6.0,
2024-07,Centre de Traitement Gazier Hassi Messaoud (Sonatrach),Upstream & Midstream Gas,Exploration & Production,Storage Tanks,Condensate,Specific,5300,bbl,,,80.0,,,,90,,,,,,,,,,,,,,,,,,,,,,,6.0,
2024-08,Centre de Traitement Gazier Hassi Messaoud (Sonatrach),Upstream & Midstream Gas,Exploration & Production,Storage Tanks,Condensate,Specific,6100,bbl,,,80.0,,,,90,,,,,,,,,,,,,,,,,,,,,,,6.0,
2024-09,Centre de Traitement Gazier Hassi Messaoud (Sonatrach),Upstream & Midstream Gas,Exploration & Production,Storage Tanks,Condensate,Specific,6900,bbl,,,80.0,,,,90,,,,,,,,,,,,,,,,,,,,,,,6.0,
2024-10,Centre de Traitement Gazier Hassi Messaoud (Sonatrach),Upstream & Midstream Gas,Exploration & Production,Storage Tanks,Condensate,Specific,7700,bbl,,,80.0,,,,90,,,,,,,,,,,,,,,,,,,,,,,6.0,
2024-11,Centre de Traitement Gazier Hassi Messaoud (Sonatrach),Upstream & Midstream Gas,Exploration & Production,Storage Tanks,Condensate,Specific,8500,bbl,,,80.0,,,,90,,,,,,,,,,,,,,,,,,,,,,,6.0,
2024-12,Centre de Traitement Gazier Hassi Messaoud (Sonatrach),Upstream & Midstream Gas,Exploration & Production,Storage Tanks,Condensate,Specific,9300,bbl,,,80.0,,,,90,,,,,,,,,,,,,,,,,,,,,,,6.0,
2024-01,Centre de Traitement Gazier Hassi Messaoud (Sonatrach),Upstream & Midstream Gas,Exploration & Production,Storage Tanks,Condensate,Specific,10100,bbl,,,80.0,,,,90,,,,,,,,,,,,,,,,,,,,,,,6.0,
2024-02,Centre de Traitement Gazier Hassi Messaoud (Sonatrach),Upstream & Midstream Gas,Exploration & Production,Storage Tanks,Condensate,Specific,10900,bbl,,,80.0,,,,90,,,,,,,,,,,,,,,,,,,,,,,6.0,
2024-03,Centre de Traitement Gazier Hassi Messaoud (Sonatrach),Upstream & Midstream Gas,Exploration & Production,Storage Tanks,Condensate,Specific,11700,bbl,,,80.0,,,,90,,,,,,,,,,,,,,,,,,,,,,,6.0,
2024-04,Centre de Traitement Gazier Hassi Messaoud (Sonatrach),Upstream & Midstream Gas,Exploration & Production,Storage Tanks,Condensate,Specific,12500,bbl,,,80.0,,,,90,,,,,,,,,,,,,,,,,,,,,,,6.0,
2024-05,Centre de Traitement Gazier Hassi Messaoud (Sonatrach),Upstream & Midstream Gas,Exploration & Production,Storage Tanks,Condensate,Specific,13300,bbl,,,80.0,,,,90,,,,,,,,,,,,,,,,,,,,,,,6.0,
2024-06,Centre de Traitement Gazier Hassi Messaoud (Sonatrach),Upstream & Midstream Gas,Exploration & Production,Storage Tanks,Condensate,Specific,14100,bbl,,,80.0,,,,90,,,,,,,,,,,,,,,,,,,,,,,6.0,
2024-07,Centre de Traitement Gazier Hassi Messaoud (Sonatrach),Upstream & Midstream Gas,Exploration & Production,Storage Tanks,Condensate,Specific,14900,bbl,,,80.0,,,,90,,,,,,,,,,,,,,,,,,,,,,,6.0,
2024-08,Centre de Traitement Gazier Hassi Messaoud (Sonatrach),Upstream & Midstream Gas,Exploration & Production,Storage Tanks,Condensate,Specific,15700,bbl,,,80.0,,,,90,,,,,,,,,,,,,,,,,,,,,,,6.0,
2024-09,Centre de Traitement Gazier Hassi Messaoud (Sonatrach),Upstream & Midstream Gas,Exploration & Production,Storage Tanks,Condensate,Specific,16500,bbl,,,80.0,,,,90,,,,,,,,,,,,,,,,,,,,,,,6.0,
2024-10,Centre de Traitement Gazier Hassi Messaoud (Sonatrach),Upstream & Midstream Gas,Exploration & Production,Storage Tanks,Condensate,Specific,17300,bbl,,,80.0,,,,90,,,,,,,,,,,,,,,,,,,,,,,6.0,
2024-11,Centre de Traitement Gazier Hassi Messaoud (Sonatrach),Upstream & Midstream Gas,Exploration & Production,Storage Tanks,Condensate,Specific,18100,bbl,,,80.0,,,,90,,,,,,,,,,,,,,,,,,,,,,,6.0,
2024-12,Centre de Traitement Gazier Hassi Messaoud (Sonatrach),Upstream & Midstream Gas,Exploration & Production,Storage Tanks,Condensate,Specific,18900,bbl,,,80.0,,,,90,,,,,,,,,,,,,,,,,,,,,,,6.0,
2024-01,Centre de Traitement Gazier Hassi Messaoud (Sonatrach),Upstream & Midstream Gas,Exploration & Production,Storage Tanks,Condensate,Specific,19700,bbl,,,80.0,,,,90,,,,,,,,,,,,,,,,,,,,,,,6.0,
2024-02,Centre de Traitement Gazier Hassi Messaoud (Sonatrach),Upstream & Midstream Gas,Exploration & Production,Storage Tanks,Condensate,Specific,20500,bbl,,,80.0,,,,90,,,,,,,,,,,,,,,,,,,,,,,6.0,
2024-03,Centre de Traitement Gazier Hassi Messaoud (Sonatrach),Upstream & Midstream Gas,Exploration & Production,Storage Tanks,Condensate,Specific,21300,bbl,,,80.0,,,,90,,,,,,,,,,,,,,,,,,,,,,,6.0,
2024-04,Centre de Traitement Gazier Hassi Messaoud (Sonatrach),Upstream & Midstream Gas,Exploration & Production,Storage Tanks,Condensate,Specific,22100,bbl,,,80.0,,,,90,,,,,,,,,,,,,,,,,,,,,,,6.0,
2024-05,Centre de Traitement Gazier Hassi Messaoud (Sonatrach),Upstream & Midstream Gas,Exploration & Production,Storage Tanks,Condensate,Specific,22900,bbl,,,80.0,,,,90,,,,,,,,,,,,,,,,,,,,,,,6.0,
2024-06,Centre de Traitement Gazier Hassi Messaoud (Sonatrach),Upstream & Midstream Gas,Exploration & Production,Storage Tanks,Condensate,Specific,23700,bbl,,,80.0,,,,90,,,,,,,,,,,,,,,,,,,,,,,6.0,
2024-07,Centre de Traitement Gazier Hassi Messaoud (Sonatrach),Upstream & Midstream Gas,Exploration & Production,Storage Tanks,Condensate,Specific,24500,bbl,,,80.0,,,,90,,,,,,,,,,,,,,,,,,,,,,,6.0,
2024-08,Centre de Traitement Gazier Hassi Messaoud (Sonatrach),Upstream & Midstream Gas,Exploration & Production,Storage Tanks,Condensate,Specific,25300,bbl,,,80.0,,,,90,,,,,,,,,,,,,,,,,,,,,,,6.0,
2024-09,Centre de Traitement Gazier Hassi Messaoud (Sonatrach),Upstream & Midstream Gas,Exploration & Production,Storage Tanks,Condensate,Specific,26100,bbl,,,80.0,,,,90,,,,,,,,,,,,,,,,,,,,,,,6.0,
2024-10,Centre de Traitement Gazier Hassi Messaoud (Sonatrach),Upstream & Midstream Gas,Exploration & Production,Storage Tanks,Condensate,Specific,26900,bbl,,,80.0,,,,90,,,,,,,,,,,,,,,,,,,,,,,6.0,
2024-11,Centre de Traitement Gazier Hassi Messaoud (Sonatrach),Upstream & Midstream Gas,Exploration & Production,Storage Tanks,Condensate,Specific,27700,bbl,,,80.0,,,,90,,,,,,,,,,,,,,,,,,,,,,,6.0,
2025-01,Centre de Traitement Gazier Hassi Messaoud (Sonatrach),Upstream & Midstream Gas,Exploration & Production,Acid Gas Removal (AGR),Natural Gas,Specific,5.0,MMscf/day,,,,,,,,,5.0,3.0,0.05,,,,,,,,,,,,,,,,,,2.0,4.0,
2025-02,Centre de Traitement Gazier Hassi Messaoud (Sonatrach),Upstream & Midstream Gas,Exploration & Production,Acid Gas Removal (AGR),Natural Gas,Specific,6.5,MMscf/day,,,,,,,,,6.5,4.0,0.05,,,,,,,,,,,,,,,,,,2.0,4.0,
2025-03,Centre de Traitement Gazier Hassi Messaoud (Sonatrach),Upstream & Midstream Gas,Exploration & Production,Acid Gas Removal (AGR),Natural Gas,Specific,8.0,MMscf/day,,,,,,,,,8.0,5.0,0.05,,,,,,,,,,,,,,,,,,2.0,4.0,
2025-04,Centre de Traitement Gazier Hassi Messaoud (Sonatrach),Upstream & Midstream Gas,Exploration & Production,Acid Gas Removal (AGR),Natural Gas,Specific,9.5,MMscf/day,,,,,,,,,9.5,6.0,0.05,,,,,,,,,,,,,,,,,,2.0,4.0,
2025-05,Centre de Traitement Gazier Hassi Messaoud (Sonatrach),Upstream & Midstream Gas,Exploration & Production,Acid Gas Removal (AGR),Natural Gas,Specific,11.0,MMscf/day,,,,,,,,,11.0,7.0,0.05,,,,,,,,,,,,,,,,,,2.0,4.0,
2025-06,Centre de Traitement Gazier Hassi Messaoud (Sonatrach),Upstream & Midstream Gas,Exploration & Production,Acid Gas Removal (AGR),Natural Gas,Specific,12.5,MMscf/day,,,,,,,,,12.5,8.0,0.05,,,,,,,,,,,,,,,,,,2.0,4.0,
2025-07,Centre de Traitement Gazier Hassi Messaoud (Sonatrach),Upstream & Midstream Gas,Exploration & Production,Acid Gas Removal (AGR),Natural Gas,Specific,14.0,MMscf/day,,,,,,,,,14.0,9.0,0.05,,,,,,,,,,,,,,,,,,2.0,4.0,
2025-08,Centre de Traitement Gazier Hassi Messaoud (Sonatrach),Upstream & Midstream Gas,Exploration & Production,Acid Gas Removal (AGR),Natural Gas,Specific,15.5,MMscf/day,,,,,,,,,15.5,10.0,0.05,,,,,,,,,,,,,,,,,,2.0,4.0,
2025-09,Centre de Traitement Gazier Hassi Messaoud (Sonatrach),Upstream & Midstream Gas,Exploration & Production,Acid Gas Removal (AGR),Natural Gas,Specific,17.0,MMscf/day,,,,,,,,,17.0,11.0,0.05,,,,,,,,,,,,,,,,,,2.0,4.0,
2025-10,Centre de Traitement Gazier Hassi Messaoud (Sonatrach),Upstream & Midstream Gas,Exploration & Production,Acid Gas Removal (AGR),Natural Gas,Specific,18.5,MMscf/day,,,,,,,,,18.5,12.0,0.05,,,,,,,,,,,,,,,,,,2.0,4.0,
2025-11,Centre de Traitement Gazier Hassi Messaoud (Sonatrach),Upstream & Midstream Gas,Exploration & Production,Acid Gas Removal (AGR),Natural Gas,Specific,20.0,MMscf/day,,,,,,,,,20.0,13.0,0.05,,,,,,,,,,,,,,,,,,2.0,4.0,
2025-12,Centre de Traitement Gazier Hassi Messaoud (Sonatrach),Upstream & Midstream Gas,Exploration & Production,Acid Gas Removal (AGR),Natural Gas,Specific,21.5,MMscf/day,,,,,,,,,21.5,14.0,0.05,,,,,,,,,,,,,,,,,,2.0,4.0,
2025-01,Centre de Traitement Gazier Hassi Messaoud (Sonatrach),Upstream & Midstream Gas,Exploration & Production,Acid Gas Removal (AGR),Natural Gas,Specific,23.0,MMscf/day,,,,,,,,,23.0,3.0,0.05,,,,,,,,,,,,,,,,,,2.0,4.0,
2025-02,Centre de Traitement Gazier Hassi Messaoud (Sonatrach),Upstream & Midstream Gas,Exploration & Production,Acid Gas Removal (AGR),Natural Gas,Specific,24.5,MMscf/day,,,,,,,,,24.5,4.0,0.05,,,,,,,,,,,,,,,,,,2.0,4.0,
2025-03,Centre de Traitement Gazier Hassi Messaoud (Sonatrach),Upstream & Midstream Gas,Exploration & Production,Acid Gas Removal (AGR),Natural Gas,Specific,26.0,MMscf/day,,,,,,,,,26.0,5.0,0.05,,,,,,,,,,,,,,,,,,2.0,4.0,
2025-04,Centre de Traitement Gazier Hassi Messaoud (Sonatrach),Upstream & Midstream Gas,Exploration & Production,Acid Gas Removal (AGR),Natural Gas,Specific,27.5,MMscf/day,,,,,,,,,27.5,6.0,0.05,,,,,,,,,,,,,,,,,,2.0,4.0,
2025-05,Centre de Traitement Gazier Hassi Messaoud (Sonatrach),Upstream & Midstream Gas,Exploration & Production,Acid Gas Removal (AGR),Natural Gas,Specific,29.0,MMscf/day,,,,,,,,,29.0,7.0,0.05,,,,,,,,,,,,,,,,,,2.0,4.0,
2025-06,Centre de Traitement Gazier Hassi Messaoud (Sonatrach),Upstream & Midstream Gas,Exploration & Production,Acid Gas Removal (AGR),Natural Gas,Specific,30.5,MMscf/day,,,,,,,,,30.5,8.0,0.05,,,,,,,,,,,,,,,,,,2.0,4.0,
2025-07,Centre de Traitement Gazier Hassi Messaoud (Sonatrach),Upstream & Midstream Gas,Exploration & Production,Acid Gas Removal (AGR),Natural Gas,Specific,32.0,MMscf/day,,,,,,,,,32.0,9.0,0.05,,,,,,,,,,,,,,,,,,2.0,4.0,
2025-08,Centre de Traitement Gazier Hassi Messaoud (Sonatrach),Upstream & Midstream Gas,Exploration & Production,Acid Gas Removal (AGR),Natural Gas,Specific,33.5,MMscf/day,,,,,,,,,33.5,10.0,0.05,,,,,,,,,,,,,,,,,,2.0,4.0,
2025-09,Centre de Traitement Gazier Hassi Messaoud (Sonatrach),Upstream & Midstream Gas,Exploration & Production,Acid Gas Removal (AGR),Natural Gas,Specific,35.0,MMscf/day,,,,,,,,,35.0,11.0,0.05,,,,,,,,,,,,,,,,,,2.0,4.0,
2025-10,Centre de Traitement Gazier Hassi Messaoud (Sonatrach),Upstream & Midstream Gas,Exploration & Production,Acid Gas Removal (AGR),Natural Gas,Specific,36.5,MMscf/day,,,,,,,,,36.5,12.0,0.05,,,,,,,,,,,,,,,,,,2.0,4.0,
2025-11,Centre de Traitement Gazier Hassi Messaoud (Sonatrach),Upstream & Midstream Gas,Exploration & Production,Acid Gas Removal (AGR),Natural Gas,Specific,38.0,MMscf/day,,,,,,,,,38.0,13.0,0.05,,,,,,,,,,,,,,,,,,2.0,4.0,
2025-12,Centre de Traitement Gazier Hassi Messaoud (Sonatrach),Upstream & Midstream Gas,Exploration & Production,Acid Gas Removal (AGR),Natural Gas,Specific,39.5,MMscf/day,,,,,,,,,39.5,14.0,0.05,,,,,,,,,,,,,,,,,,2.0,4.0,
2025-01,Centre de Traitement Gazier Hassi Messaoud (Sonatrach),Upstream & Midstream Gas,Exploration & Production,Acid Gas Removal (AGR),Natural Gas,Specific,41.0,MMscf/day,,,,,,,,,41.0,3.0,0.05,,,,,,,,,,,,,,,,,,2.0,4.0,
2025-02,Centre de Traitement Gazier Hassi Messaoud (Sonatrach),Upstream & Midstream Gas,Exploration & Production,Acid Gas Removal (AGR),Natural Gas,Specific,42.5,MMscf/day,,,,,,,,,42.5,4.0,0.05,,,,,,,,,,,,,,,,,,2.0,4.0,
2025-03,Centre de Traitement Gazier Hassi Messaoud (Sonatrach),Upstream & Midstream Gas,Exploration & Production,Acid Gas Removal (AGR),Natural Gas,Specific,44.0,MMscf/day,,,,,,,,,44.0,5.0,0.05,,,,,,,,,,,,,,,,,,2.0,4.0,
2025-04,Centre de Traitement Gazier Hassi Messaoud (Sonatrach),Upstream & Midstream Gas,Exploration & Production,Acid Gas Removal (AGR),Natural Gas,Specific,45.5,MMscf/day,,,,,,,,,45.5,6.0,0.05,,,,,,,,,,,,,,,,,,2.0,4.0,
2025-05,Centre de Traitement Gazier Hassi Messaoud (Sonatrach),Upstream & Midstream Gas,Exploration & Production,Acid Gas Removal (AGR),Natural Gas,Specific,47.0,MMscf/day,,,,,,,,,47.0,7.0,0.05,,,,,,,,,,,,,,,,,,2.0,4.0,
2025-06,Centre de Traitement Gazier Hassi Messaoud (Sonatrach),Upstream & Midstream Gas,Exploration & Production,Acid Gas Removal (AGR),Natural Gas,Specific,48.5,MMscf/day,,,,,,,,,48.5,8.0,0.05,,,,,,,,,,,,,,,,,,2.0,4.0,
2025-07,Centre de Traitement Gazier Hassi Messaoud (Sonatrach),Upstream & Midstream Gas,Exploration & Production,Acid Gas Removal (AGR),Natural Gas,Specific,50.0,MMscf/day,,,,,,,,,50.0,9.0,0.05,,,,,,,,,,,,,,,,,,2.0,4.0,
2025-08,Centre de Traitement Gazier Hassi Messaoud (Sonatrach),Upstream & Midstream Gas,Exploration & Production,Acid Gas Removal (AGR),Natural Gas,Specific,51.5,MMscf/day,,,,,,,,,51.5,10.0,0.05,,,,,,,,,,,,,,,,,,2.0,4.0,
2025-09,Centre de Traitement Gazier Hassi Messaoud (Sonatrach),Upstream & Midstream Gas,Exploration & Production,Acid Gas Removal (AGR),Natural Gas,Specific,53.0,MMscf/day,,,,,,,,,53.0,11.0,0.05,,,,,,,,,,,,,,,,,,2.0,4.0,
2025-10,Centre de Traitement Gazier Hassi Messaoud (Sonatrach),Upstream & Midstream Gas,Exploration & Production,Acid Gas Removal (AGR),Natural Gas,Specific,54.5,MMscf/day,,,,,,,,,54.5,12.0,0.05,,,,,,,,,,,,,,,,,,2.0,4.0,
2025-11,Centre de Traitement Gazier Hassi Messaoud (Sonatrach),Upstream & Midstream Gas,Exploration & Production,Acid Gas Removal (AGR),Natural Gas,Specific,56.0,MMscf/day,,,,,,,,,56.0,13.0,0.05,,,,,,,,,,,,,,,,,,2.0,4.0,
2025-01,Centre de Traitement Gazier Hassi Messaoud (Sonatrach),Upstream & Midstream Gas,Exploration & Production,Dehydrator,Natural Gas,Specific,15,MMscf/day,,,,,,,,,,,,15,2.0,8760,85.0,,,,,,,,,,,,,,,4.5,
2025-02,Centre de Traitement Gazier Hassi Messaoud (Sonatrach),Upstream & Midstream Gas,Exploration & Production,Dehydrator,Natural Gas,Specific,17,MMscf/day,,,,,,,,,,,,17,2.4,8760,85.0,,,,,,,,,,,,,,,4.5,
2025-03,Centre de Traitement Gazier Hassi Messaoud (Sonatrach),Upstream & Midstream Gas,Exploration & Production,Dehydrator,Natural Gas,Specific,19,MMscf/day,,,,,,,,,,,,19,2.8,8760,85.0,,,,,,,,,,,,,,,4.5,
2025-04,Centre de Traitement Gazier Hassi Messaoud (Sonatrach),Upstream & Midstream Gas,Exploration & Production,Dehydrator,Natural Gas,Specific,21,MMscf/day,,,,,,,,,,,,21,3.2,8760,85.0,,,,,,,,,,,,,,,4.5,
2025-05,Centre de Traitement Gazier Hassi Messaoud (Sonatrach),Upstream & Midstream Gas,Exploration & Production,Dehydrator,Natural Gas,Specific,23,MMscf/day,,,,,,,,,,,,23,3.6,8760,85.0,,,,,,,,,,,,,,,4.5,
2025-06,Centre de Traitement Gazier Hassi Messaoud (Sonatrach),Upstream & Midstream Gas,Exploration & Production,Dehydrator,Natural Gas,Specific,25,MMscf/day,,,,,,,,,,,,25,4.0,8760,85.0,,,,,,,,,,,,,,,4.5,
2025-07,Centre de Traitement Gazier Hassi Messaoud (Sonatrach),Upstream & Midstream Gas,Exploration & Production,Dehydrator,Natural Gas,Specific,27,MMscf/day,,,,,,,,,,,,27,4.4,8760,85.0,,,,,,,,,,,,,,,4.5,
2025-08,Centre de Traitement Gazier Hassi Messaoud (Sonatrach),Upstream & Midstream Gas,Exploration & Production,Dehydrator,Natural Gas,Specific,29,MMscf/day,,,,,,,,,,,,29,4.8,8760,85.0,,,,,,,,,,,,,,,4.5,
2025-09,Centre de Traitement Gazier Hassi Messaoud (Sonatrach),Upstream & Midstream Gas,Exploration & Production,Dehydrator,Natural Gas,Specific,31,MMscf/day,,,,,,,,,,,,31,5.2,8760,85.0,,,,,,,,,,,,,,,4.5,
2025-10,Centre de Traitement Gazier Hassi Messaoud (Sonatrach),Upstream & Midstream Gas,Exploration & Production,Dehydrator,Natural Gas,Specific,33,MMscf/day,,,,,,,,,,,,33,5.6,8760,85.0,,,,,,,,,,,,,,,4.5,
2025-11,Centre de Traitement Gazier Hassi Messaoud (Sonatrach),Upstream & Midstream Gas,Exploration & Production,Dehydrator,Natural Gas,Specific,35,MMscf/day,,,,,,,,,,,,35,6.0,8760,85.0,,,,,,,,,,,,,,,4.5,
2025-12,Centre de Traitement Gazier Hassi Messaoud (Sonatrach),Upstream & Midstream Gas,Exploration & Production,Dehydrator,Natural Gas,Specific,37,MMscf/day,,,,,,,,,,,,37,6.4,8760,85.0,,,,,,,,,,,,,,,4.5,
2025-01,Centre de Traitement Gazier Hassi Messaoud (Sonatrach),Upstream & Midstream Gas,Exploration & Production,Dehydrator,Natural Gas,Specific,39,MMscf/day,,,,,,,,,,,,39,6.8,8760,85.0,,,,,,,,,,,,,,,4.5,
2025-02,Centre de Traitement Gazier Hassi Messaoud (Sonatrach),Upstream & Midstream Gas,Exploration & Production,Dehydrator,Natural Gas,Specific,41,MMscf/day,,,,,,,,,,,,41,7.2,8760,85.0,,,,,,,,,,,,,,,4.5,
2025-03,Centre de Traitement Gazier Hassi Messaoud (Sonatrach),Upstream & Midstream Gas,Exploration & Production,Dehydrator,Natural Gas,Specific,43,MMscf/day,,,,,,,,,,,,43,7.6,8760,85.0,,,,,,,,,,,,,,,4.5,
2025-04,Centre de Traitement Gazier Hassi Messaoud (Sonatrach),Upstream & Midstream Gas,Exploration & Production,Dehydrator,Natural Gas,Specific,45,MMscf/day,,,,,,,,,,,,45,2.0,8760,85.0,,,,,,,,,,,,,,,4.5,
2025-05,Centre de Traitement Gazier Hassi Messaoud (Sonatrach),Upstream & Midstream Gas,Exploration & Production,Dehydrator,Natural Gas,Specific,47,MMscf/day,,,,,,,,,,,,47,2.4,8760,85.0,,,,,,,,,,,,,,,4.5,
2025-06,Centre de Traitement Gazier Hassi Messaoud (Sonatrach),Upstream & Midstream Gas,Exploration & Production,Dehydrator,Natural Gas,Specific,49,MMscf/day,,,,,,,,,,,,49,2.8,8760,85.0,,,,,,,,,,,,,,,4.5,
2025-07,Centre de Traitement Gazier Hassi Messaoud (Sonatrach),Upstream & Midstream Gas,Exploration & Production,Dehydrator,Natural Gas,Specific,51,MMscf/day,,,,,,,,,,,,51,3.2,8760,85.0,,,,,,,,,,,,,,,4.5,
2025-08,Centre de Traitement Gazier Hassi Messaoud (Sonatrach),Upstream & Midstream Gas,Exploration & Production,Dehydrator,Natural Gas,Specific,53,MMscf/day,,,,,,,,,,,,53,3.6,8760,85.0,,,,,,,,,,,,,,,4.5,
2025-09,Centre de Traitement Gazier Hassi Messaoud (Sonatrach),Upstream & Midstream Gas,Exploration & Production,Dehydrator,Natural Gas,Specific,55,MMscf/day,,,,,,,,,,,,55,4.0,8760,85.0,,,,,,,,,,,,,,,4.5,
2025-10,Centre de Traitement Gazier Hassi Messaoud (Sonatrach),Upstream & Midstream Gas,Exploration & Production,Dehydrator,Natural Gas,Specific,57,MMscf/day,,,,,,,,,,,,57,4.4,8760,85.0,,,,,,,,,,,,,,,4.5,
2025-11,Centre de Traitement Gazier Hassi Messaoud (Sonatrach),Upstream & Midstream Gas,Exploration & Production,Dehydrator,Natural Gas,Specific,59,MMscf/day,,,,,,,,,,,,59,4.8,8760,85.0,,,,,,,,,,,,,,,4.5,
2025-12,Centre de Traitement Gazier Hassi Messaoud (Sonatrach),Upstream & Midstream Gas,Exploration & Production,Dehydrator,Natural Gas,Specific,61,MMscf/day,,,,,,,,,,,,61,5.2,8760,85.0,,,,,,,,,,,,,,,4.5,
2025-01,Centre de Traitement Gazier Hassi Messaoud (Sonatrach),Upstream & Midstream Gas,Exploration & Production,Dehydrator,Natural Gas,Specific,63,MMscf/day,,,,,,,,,,,,63,5.6,8760,85.0,,,,,,,,,,,,,,,4.5,
2025-02,Centre de Traitement Gazier Hassi Messaoud (Sonatrach),Upstream & Midstream Gas,Exploration & Production,Dehydrator,Natural Gas,Specific,65,MMscf/day,,,,,,,,,,,,65,6.0,8760,85.0,,,,,,,,,,,,,,,4.5,
2025-03,Centre de Traitement Gazier Hassi Messaoud (Sonatrach),Upstream & Midstream Gas,Exploration & Production,Dehydrator,Natural Gas,Specific,67,MMscf/day,,,,,,,,,,,,67,6.4,8760,85.0,,,,,,,,,,,,,,,4.5,
2025-04,Centre de Traitement Gazier Hassi Messaoud (Sonatrach),Upstream & Midstream Gas,Exploration & Production,Dehydrator,Natural Gas,Specific,69,MMscf/day,,,,,,,,,,,,69,6.8,8760,85.0,,,,,,,,,,,,,,,4.5,
2025-05,Centre de Traitement Gazier Hassi Messaoud (Sonatrach),Upstream & Midstream Gas,Exploration & Production,Dehydrator,Natural Gas,Specific,71,MMscf/day,,,,,,,,,,,,71,7.2,8760,85.0,,,,,,,,,,,,,,,4.5,
2025-06,Centre de Traitement Gazier Hassi Messaoud (Sonatrach),Upstream & Midstream Gas,Exploration & Production,Dehydrator,Natural Gas,Specific,73,MMscf/day,,,,,,,,,,,,73,7.6,8760,85.0,,,,,,,,,,,,,,,4.5,
2025-07,Centre de Traitement Gazier Hassi Messaoud (Sonatrach),Upstream & Midstream Gas,Exploration & Production,Dehydrator,Natural Gas,Specific,75,MMscf/day,,,,,,,,,,,,75,2.0,8760,85.0,,,,,,,,,,,,,,,4.5,
2025-08,Centre de Traitement Gazier Hassi Messaoud (Sonatrach),Upstream & Midstream Gas,Exploration & Production,Dehydrator,Natural Gas,Specific,77,MMscf/day,,,,,,,,,,,,77,2.4,8760,85.0,,,,,,,,,,,,,,,4.5,
2025-09,Centre de Traitement Gazier Hassi Messaoud (Sonatrach),Upstream & Midstream Gas,Exploration & Production,Dehydrator,Natural Gas,Specific,79,MMscf/day,,,,,,,,,,,,79,2.8,8760,85.0,,,,,,,,,,,,,,,4.5,
2025-10,Centre de Traitement Gazier Hassi Messaoud (Sonatrach),Upstream & Midstream Gas,Exploration & Production,Dehydrator,Natural Gas,Specific,81,MMscf/day,,,,,,,,,,,,81,3.2,8760,85.0,,,,,,,,,,,,,,,4.5,
2025-11,Centre de Traitement Gazier Hassi Messaoud (Sonatrach),Upstream & Midstream Gas,Exploration & Production,Dehydrator,Natural Gas,Specific,83,MMscf/day,,,,,,,,,,,,83,3.6,8760,85.0,,,,,,,,,,,,,,,4.5,
2025-01,Centre de Traitement Gazier Hassi Messaoud (Sonatrach),Upstream & Midstream Gas,Exploration & Production,Pneumatic Device,Natural Gas,Specific,5,devices,,,86.0,,,,,,,,,,,,,5,2.5,8760,,,,,,,,,,,,5.0,
2025-02,Centre de Traitement Gazier Hassi Messaoud (Sonatrach),Upstream & Midstream Gas,Exploration & Production,Pneumatic Device,Natural Gas,Specific,7,devices,,,86.0,,,,,,,,,,,,,7,3.7,8760,,,,,,,,,,,,5.0,
2025-03,Centre de Traitement Gazier Hassi Messaoud (Sonatrach),Upstream & Midstream Gas,Exploration & Production,Pneumatic Device,Natural Gas,Specific,9,devices,,,86.0,,,,,,,,,,,,,9,4.9,8760,,,,,,,,,,,,5.0,
2025-04,Centre de Traitement Gazier Hassi Messaoud (Sonatrach),Upstream & Midstream Gas,Exploration & Production,Pneumatic Device,Natural Gas,Specific,11,devices,,,86.0,,,,,,,,,,,,,11,6.1,8760,,,,,,,,,,,,5.0,
2025-05,Centre de Traitement Gazier Hassi Messaoud (Sonatrach),Upstream & Midstream Gas,Exploration & Production,Pneumatic Device,Natural Gas,Specific,13,devices,,,86.0,,,,,,,,,,,,,13,7.3,8760,,,,,,,,,,,,5.0,
2025-06,Centre de Traitement Gazier Hassi Messaoud (Sonatrach),Upstream & Midstream Gas,Exploration & Production,Pneumatic Device,Natural Gas,Specific,15,devices,,,86.0,,,,,,,,,,,,,15,8.5,8760,,,,,,,,,,,,5.0,
2025-07,Centre de Traitement Gazier Hassi Messaoud (Sonatrach),Upstream & Midstream Gas,Exploration & Production,Pneumatic Device,Natural Gas,Specific,17,devices,,,86.0,,,,,,,,,,,,,17,9.7,8760,,,,,,,,,,,,5.0,
2025-08,Centre de Traitement Gazier Hassi Messaoud (Sonatrach),Upstream & Midstream Gas,Exploration & Production,Pneumatic Device,Natural Gas,Specific,19,devices,,,86.0,,,,,,,,,,,,,19,10.9,8760,,,,,,,,,,,,5.0,
2025-09,Centre de Traitement Gazier Hassi Messaoud (Sonatrach),Upstream & Midstream Gas,Exploration & Production,Pneumatic Device,Natural Gas,Specific,21,devices,,,86.0,,,,,,,,,,,,,21,12.1,8760,,,,,,,,,,,,5.0,
2025-10,Centre de Traitement Gazier Hassi Messaoud (Sonatrach),Upstream & Midstream Gas,Exploration & Production,Pneumatic Device,Natural Gas,Specific,23,devices,,,86.0,,,,,,,,,,,,,23,13.3,8760,,,,,,,,,,,,5.0,
2025-11,Centre de Traitement Gazier Hassi Messaoud (Sonatrach),Upstream & Midstream Gas,Exploration & Production,Pneumatic Device,Natural Gas,Specific,25,devices,,,86.0,,,,,,,,,,,,,25,14.5,8760,,,,,,,,,,,,5.0,
2025-12,Centre de Traitement Gazier Hassi Messaoud (Sonatrach),Upstream & Midstream Gas,Exploration & Production,Pneumatic Device,Natural Gas,Specific,27,devices,,,86.0,,,,,,,,,,,,,27,15.7,8760,,,,,,,,,,,,5.0,
2025-01,Centre de Traitement Gazier Hassi Messaoud (Sonatrach),Upstream & Midstream Gas,Exploration & Production,Pneumatic Device,Natural Gas,Specific,29,devices,,,86.0,,,,,,,,,,,,,29,16.9,8760,,,,,,,,,,,,5.0,
2025-02,Centre de Traitement Gazier Hassi Messaoud (Sonatrach),Upstream & Midstream Gas,Exploration & Production,Pneumatic Device,Natural Gas,Specific,31,devices,,,86.0,,,,,,,,,,,,,31,18.1,8760,,,,,,,,,,,,5.0,
2025-03,Centre de Traitement Gazier Hassi Messaoud (Sonatrach),Upstream & Midstream Gas,Exploration & Production,Pneumatic Device,Natural Gas,Specific,33,devices,,,86.0,,,,,,,,,,,,,33,19.3,8760,,,,,,,,,,,,5.0,
2025-04,Centre de Traitement Gazier Hassi Messaoud (Sonatrach),Upstream & Midstream Gas,Exploration & Production,Pneumatic Device,Natural Gas,Specific,35,devices,,,86.0,,,,,,,,,,,,,35,20.5,8760,,,,,,,,,,,,5.0,
2025-05,Centre de Traitement Gazier Hassi Messaoud (Sonatrach),Upstream & Midstream Gas,Exploration & Production,Pneumatic Device,Natural Gas,Specific,37,devices,,,86.0,,,,,,,,,,,,,37,21.7,8760,,,,,,,,,,,,5.0,
2025-06,Centre de Traitement Gazier Hassi Messaoud (Sonatrach),Upstream & Midstream Gas,Exploration & Production,Pneumatic Device,Natural Gas,Specific,39,devices,,,86.0,,,,,,,,,,,,,39,22.9,8760,,,,,,,,,,,,5.0,
2025-07,Centre de Traitement Gazier Hassi Messaoud (Sonatrach),Upstream & Midstream Gas,Exploration & Production,Pneumatic Device,Natural Gas,Specific,41,devices,,,86.0,,,,,,,,,,,,,41,24.1,8760,,,,,,,,,,,,5.0,
2025-08,Centre de Traitement Gazier Hassi Messaoud (Sonatrach),Upstream & Midstream Gas,Exploration & Production,Pneumatic Device,Natural Gas,Specific,43,devices,,,86.0,,,,,,,,,,,,,43,25.3,8760,,,,,,,,,,,,5.0,
2025-09,Centre de Traitement Gazier Hassi Messaoud (Sonatrach),Upstream & Midstream Gas,Exploration & Production,Pneumatic Device,Natural Gas,Specific,45,devices,,,86.0,,,,,,,,,,,,,45,2.5,8760,,,,,,,,,,,,5.0,
2025-10,Centre de Traitement Gazier Hassi Messaoud (Sonatrach),Upstream & Midstream Gas,Exploration & Production,Pneumatic Device,Natural Gas,Specific,47,devices,,,86.0,,,,,,,,,,,,,47,3.7,8760,,,,,,,,,,,,5.0,
2025-11,Centre de Traitement Gazier Hassi Messaoud (Sonatrach),Upstream & Midstream Gas,Exploration & Production,Pneumatic Device,Natural Gas,Specific,49,devices,,,86.0,,,,,,,,,,,,,49,4.9,8760,,,,,,,,,,,,5.0,
2025-12,Centre de Traitement Gazier Hassi Messaoud (Sonatrach),Upstream & Midstream Gas,Exploration & Production,Pneumatic Device,Natural Gas,Specific,51,devices,,,86.0,,,,,,,,,,,,,51,6.1,8760,,,,,,,,,,,,5.0,
2025-01,Centre de Traitement Gazier Hassi Messaoud (Sonatrach),Upstream & Midstream Gas,Exploration & Production,Pneumatic Device,Natural Gas,Specific,53,devices,,,86.0,,,,,,,,,,,,,53,7.3,8760,,,,,,,,,,,,5.0,
2025-02,Centre de Traitement Gazier Hassi Messaoud (Sonatrach),Upstream & Midstream Gas,Exploration & Production,Pneumatic Device,Natural Gas,Specific,55,devices,,,86.0,,,,,,,,,,,,,55,8.5,8760,,,,,,,,,,,,5.0,
2025-03,Centre de Traitement Gazier Hassi Messaoud (Sonatrach),Upstream & Midstream Gas,Exploration & Production,Pneumatic Device,Natural Gas,Specific,57,devices,,,86.0,,,,,,,,,,,,,57,9.7,8760,,,,,,,,,,,,5.0,
2025-04,Centre de Traitement Gazier Hassi Messaoud (Sonatrach),Upstream & Midstream Gas,Exploration & Production,Pneumatic Device,Natural Gas,Specific,59,devices,,,86.0,,,,,,,,,,,,,59,10.9,8760,,,,,,,,,,,,5.0,
2025-05,Centre de Traitement Gazier Hassi Messaoud (Sonatrach),Upstream & Midstream Gas,Exploration & Production,Pneumatic Device,Natural Gas,Specific,61,devices,,,86.0,,,,,,,,,,,,,61,12.1,8760,,,,,,,,,,,,5.0,
2025-06,Centre de Traitement Gazier Hassi Messaoud (Sonatrach),Upstream & Midstream Gas,Exploration & Production,Pneumatic Device,Natural Gas,Specific,63,devices,,,86.0,,,,,,,,,,,,,63,13.3,8760,,,,,,,,,,,,5.0,
2025-07,Centre de Traitement Gazier Hassi Messaoud (Sonatrach),Upstream & Midstream Gas,Exploration & Production,Pneumatic Device,Natural Gas,Specific,65,devices,,,86.0,,,,,,,,,,,,,65,14.5,8760,,,,,,,,,,,,5.0,
2025-08,Centre de Traitement Gazier Hassi Messaoud (Sonatrach),Upstream & Midstream Gas,Exploration & Production,Pneumatic Device,Natural Gas,Specific,67,devices,,,86.0,,,,,,,,,,,,,67,15.7,8760,,,,,,,,,,,,5.0,
2025-09,Centre de Traitement Gazier Hassi Messaoud (Sonatrach),Upstream & Midstream Gas,Exploration & Production,Pneumatic Device,Natural Gas,Specific,69,devices,,,86.0,,,,,,,,,,,,,69,16.9,8760,,,,,,,,,,,,5.0,
2025-10,Centre de Traitement Gazier Hassi Messaoud (Sonatrach),Upstream & Midstream Gas,Exploration & Production,Pneumatic Device,Natural Gas,Specific,71,devices,,,86.0,,,,,,,,,,,,,71,18.1,8760,,,,,,,,,,,,5.0,
2025-11,Centre de Traitement Gazier Hassi Messaoud (Sonatrach),Upstream & Midstream Gas,Exploration & Production,Pneumatic Device,Natural Gas,Specific,73,devices,,,86.0,,,,,,,,,,,,,73,19.3,8760,,,,,,,,,,,,5.0,
2024-01,Centre de Traitement Gazier Hassi Messaoud (Sonatrach),Upstream & Midstream Gas,Exploration & Production,Liquids Unloading,Natural Gas,Specific,2,events,,,,,,,,,,,,,,,,,,,2,1.5,3000,100,,,,,,,,5.5,
2024-02,Centre de Traitement Gazier Hassi Messaoud (Sonatrach),Upstream & Midstream Gas,Exploration & Production,Liquids Unloading,Natural Gas,Specific,3,events,,,,,,,,,,,,,,,,,,,3,1.85,3200,120,,,,,,,,5.5,
2024-03,Centre de Traitement Gazier Hassi Messaoud (Sonatrach),Upstream & Midstream Gas,Exploration & Production,Liquids Unloading,Natural Gas,Specific,4,events,,,,,,,,,,,,,,,,,,,4,2.2,3400,140,,,,,,,,5.5,
2024-04,Centre de Traitement Gazier Hassi Messaoud (Sonatrach),Upstream & Midstream Gas,Exploration & Production,Liquids Unloading,Natural Gas,Specific,5,events,,,,,,,,,,,,,,,,,,,5,2.55,3600,160,,,,,,,,5.5,
2024-05,Centre de Traitement Gazier Hassi Messaoud (Sonatrach),Upstream & Midstream Gas,Exploration & Production,Liquids Unloading,Natural Gas,Specific,6,events,,,,,,,,,,,,,,,,,,,6,2.9,3800,180,,,,,,,,5.5,
2024-06,Centre de Traitement Gazier Hassi Messaoud (Sonatrach),Upstream & Midstream Gas,Exploration & Production,Liquids Unloading,Natural Gas,Specific,7,events,,,,,,,,,,,,,,,,,,,7,3.25,4000,200,,,,,,,,5.5,
2024-07,Centre de Traitement Gazier Hassi Messaoud (Sonatrach),Upstream & Midstream Gas,Exploration & Production,Liquids Unloading,Natural Gas,Specific,8,events,,,,,,,,,,,,,,,,,,,8,3.6,4200,220,,,,,,,,5.5,
2024-08,Centre de Traitement Gazier Hassi Messaoud (Sonatrach),Upstream & Midstream Gas,Exploration & Production,Liquids Unloading,Natural Gas,Specific,9,events,,,,,,,,,,,,,,,,,,,9,3.95,4400,240,,,,,,,,5.5,
2024-09,Centre de Traitement Gazier Hassi Messaoud (Sonatrach),Upstream & Midstream Gas,Exploration & Production,Liquids Unloading,Natural Gas,Specific,10,events,,,,,,,,,,,,,,,,,,,10,1.5,4600,260,,,,,,,,5.5,
2024-10,Centre de Traitement Gazier Hassi Messaoud (Sonatrach),Upstream & Midstream Gas,Exploration & Production,Liquids Unloading,Natural Gas,Specific,11,events,,,,,,,,,,,,,,,,,,,11,1.85,4800,280,,,,,,,,5.5,
2024-11,Centre de Traitement Gazier Hassi Messaoud (Sonatrach),Upstream & Midstream Gas,Exploration & Production,Liquids Unloading,Natural Gas,Specific,12,events,,,,,,,,,,,,,,,,,,,12,2.2,5000,300,,,,,,,,5.5,
2024-12,Centre de Traitement Gazier Hassi Messaoud (Sonatrach),Upstream & Midstream Gas,Exploration & Production,Liquids Unloading,Natural Gas,Specific,13,events,,,,,,,,,,,,,,,,,,,13,2.55,5200,320,,,,,,,,5.5,
2024-01,Centre de Traitement Gazier Hassi Messaoud (Sonatrach),Upstream & Midstream Gas,Exploration & Production,Liquids Unloading,Natural Gas,Specific,14,events,,,,,,,,,,,,,,,,,,,14,2.9,5400,340,,,,,,,,5.5,
2024-02,Centre de Traitement Gazier Hassi Messaoud (Sonatrach),Upstream & Midstream Gas,Exploration & Production,Liquids Unloading,Natural Gas,Specific,15,events,,,,,,,,,,,,,,,,,,,15,3.25,5600,360,,,,,,,,5.5,
2024-03,Centre de Traitement Gazier Hassi Messaoud (Sonatrach),Upstream & Midstream Gas,Exploration & Production,Liquids Unloading,Natural Gas,Specific,16,events,,,,,,,,,,,,,,,,,,,16,3.6,5800,380,,,,,,,,5.5,
2024-04,Centre de Traitement Gazier Hassi Messaoud (Sonatrach),Upstream & Midstream Gas,Exploration & Production,Liquids Unloading,Natural Gas,Specific,17,events,,,,,,,,,,,,,,,,,,,17,3.95,6000,400,,,,,,,,5.5,
2024-05,Centre de Traitement Gazier Hassi Messaoud (Sonatrach),Upstream & Midstream Gas,Exploration & Production,Liquids Unloading,Natural Gas,Specific,18,events,,,,,,,,,,,,,,,,,,,18,1.5,6200,420,,,,,,,,5.5,
2024-06,Centre de Traitement Gazier Hassi Messaoud (Sonatrach),Upstream & Midstream Gas,Exploration & Production,Liquids Unloading,Natural Gas,Specific,19,events,,,,,,,,,,,,,,,,,,,19,1.85,6400,440,,,,,,,,5.5,
2024-07,Centre de Traitement Gazier Hassi Messaoud (Sonatrach),Upstream & Midstream Gas,Exploration & Production,Liquids Unloading,Natural Gas,Specific,20,events,,,,,,,,,,,,,,,,,,,20,2.2,6600,460,,,,,,,,5.5,
2024-08,Centre de Traitement Gazier Hassi Messaoud (Sonatrach),Upstream & Midstream Gas,Exploration & Production,Liquids Unloading,Natural Gas,Specific,21,events,,,,,,,,,,,,,,,,,,,21,2.55,6800,480,,,,,,,,5.5,
2024-09,Centre de Traitement Gazier Hassi Messaoud (Sonatrach),Upstream & Midstream Gas,Exploration & Production,Liquids Unloading,Natural Gas,Specific,22,events,,,,,,,,,,,,,,,,,,,22,2.9,7000,500,,,,,,,,5.5,
2024-10,Centre de Traitement Gazier Hassi Messaoud (Sonatrach),Upstream & Midstream Gas,Exploration & Production,Liquids Unloading,Natural Gas,Specific,23,events,,,,,,,,,,,,,,,,,,,23,3.25,7200,520,,,,,,,,5.5,
2024-11,Centre de Traitement Gazier Hassi Messaoud (Sonatrach),Upstream & Midstream Gas,Exploration & Production,Liquids Unloading,Natural Gas,Specific,24,events,,,,,,,,,,,,,,,,,,,24,3.6,7400,540,,,,,,,,5.5,
2024-12,Centre de Traitement Gazier Hassi Messaoud (Sonatrach),Upstream & Midstream Gas,Exploration & Production,Liquids Unloading,Natural Gas,Specific,25,events,,,,,,,,,,,,,,,,,,,25,3.95,7600,560,,,,,,,,5.5,
2024-01,Centre de Traitement Gazier Hassi Messaoud (Sonatrach),Upstream & Midstream Gas,Exploration & Production,Liquids Unloading,Natural Gas,Specific,2,events,,,,,,,,,,,,,,,,,,,2,1.5,7800,580,,,,,,,,5.5,
2024-02,Centre de Traitement Gazier Hassi Messaoud (Sonatrach),Upstream & Midstream Gas,Exploration & Production,Liquids Unloading,Natural Gas,Specific,3,events,,,,,,,,,,,,,,,,,,,3,1.85,8000,600,,,,,,,,5.5,
2024-03,Centre de Traitement Gazier Hassi Messaoud (Sonatrach),Upstream & Midstream Gas,Exploration & Production,Liquids Unloading,Natural Gas,Specific,4,events,,,,,,,,,,,,,,,,,,,4,2.2,8200,620,,,,,,,,5.5,
2024-04,Centre de Traitement Gazier Hassi Messaoud (Sonatrach),Upstream & Midstream Gas,Exploration & Production,Liquids Unloading,Natural Gas,Specific,5,events,,,,,,,,,,,,,,,,,,,5,2.55,8400,640,,,,,,,,5.5,
2024-05,Centre de Traitement Gazier Hassi Messaoud (Sonatrach),Upstream & Midstream Gas,Exploration & Production,Liquids Unloading,Natural Gas,Specific,6,events,,,,,,,,,,,,,,,,,,,6,2.9,8600,660,,,,,,,,5.5,
2024-06,Centre de Traitement Gazier Hassi Messaoud (Sonatrach),Upstream & Midstream Gas,Exploration & Production,Liquids Unloading,Natural Gas,Specific,7,events,,,,,,,,,,,,,,,,,,,7,3.25,8800,680,,,,,,,,5.5,
2024-07,Centre de Traitement Gazier Hassi Messaoud (Sonatrach),Upstream & Midstream Gas,Exploration & Production,Liquids Unloading,Natural Gas,Specific,8,events,,,,,,,,,,,,,,,,,,,8,3.6,9000,700,,,,,,,,5.5,
2024-08,Centre de Traitement Gazier Hassi Messaoud (Sonatrach),Upstream & Midstream Gas,Exploration & Production,Liquids Unloading,Natural Gas,Specific,9,events,,,,,,,,,,,,,,,,,,,9,3.95,9200,720,,,,,,,,5.5,
2024-09,Centre de Traitement Gazier Hassi Messaoud (Sonatrach),Upstream & Midstream Gas,Exploration & Production,Liquids Unloading,Natural Gas,Specific,10,events,,,,,,,,,,,,,,,,,,,10,1.5,9400,740,,,,,,,,5.5,
2024-10,Centre de Traitement Gazier Hassi Messaoud (Sonatrach),Upstream & Midstream Gas,Exploration & Production,Liquids Unloading,Natural Gas,Specific,11,events,,,,,,,,,,,,,,,,,,,11,1.85,9600,760,,,,,,,,5.5,
2024-11,Centre de Traitement Gazier Hassi Messaoud (Sonatrach),Upstream & Midstream Gas,Exploration & Production,Liquids Unloading,Natural Gas,Specific,12,events,,,,,,,,,,,,,,,,,,,12,2.2,9800,780,,,,,,,,5.5,
2024-01,Centre de Traitement Gazier Hassi Messaoud (Sonatrach),Upstream & Midstream Gas,Exploration & Production,Well Completions & Workovers,Natural Gas,Specific,24,hours,,,,,,,,,,,,,,,,,,,,,,,24,50,98.0,,,,,5.0,
2024-02,Centre de Traitement Gazier Hassi Messaoud (Sonatrach),Upstream & Midstream Gas,Exploration & Production,Well Completions & Workovers,Natural Gas,Specific,28,hours,,,,,,,,,,,,,,,,,,,,,,,28,65,98.0,,,,,5.0,
2024-03,Centre de Traitement Gazier Hassi Messaoud (Sonatrach),Upstream & Midstream Gas,Exploration & Production,Well Completions & Workovers,Natural Gas,Specific,32,hours,,,,,,,,,,,,,,,,,,,,,,,32,80,98.0,,,,,5.0,
2024-04,Centre de Traitement Gazier Hassi Messaoud (Sonatrach),Upstream & Midstream Gas,Exploration & Production,Well Completions & Workovers,Natural Gas,Specific,36,hours,,,,,,,,,,,,,,,,,,,,,,,36,95,98.0,,,,,5.0,
2024-05,Centre de Traitement Gazier Hassi Messaoud (Sonatrach),Upstream & Midstream Gas,Exploration & Production,Well Completions & Workovers,Natural Gas,Specific,40,hours,,,,,,,,,,,,,,,,,,,,,,,40,110,98.0,,,,,5.0,
2024-06,Centre de Traitement Gazier Hassi Messaoud (Sonatrach),Upstream & Midstream Gas,Exploration & Production,Well Completions & Workovers,Natural Gas,Specific,44,hours,,,,,,,,,,,,,,,,,,,,,,,44,125,98.0,,,,,5.0,
2024-07,Centre de Traitement Gazier Hassi Messaoud (Sonatrach),Upstream & Midstream Gas,Exploration & Production,Well Completions & Workovers,Natural Gas,Specific,48,hours,,,,,,,,,,,,,,,,,,,,,,,48,140,98.0,,,,,5.0,
2024-08,Centre de Traitement Gazier Hassi Messaoud (Sonatrach),Upstream & Midstream Gas,Exploration & Production,Well Completions & Workovers,Natural Gas,Specific,52,hours,,,,,,,,,,,,,,,,,,,,,,,52,155,98.0,,,,,5.0,
2024-09,Centre de Traitement Gazier Hassi Messaoud (Sonatrach),Upstream & Midstream Gas,Exploration & Production,Well Completions & Workovers,Natural Gas,Specific,56,hours,,,,,,,,,,,,,,,,,,,,,,,56,170,98.0,,,,,5.0,
2024-10,Centre de Traitement Gazier Hassi Messaoud (Sonatrach),Upstream & Midstream Gas,Exploration & Production,Well Completions & Workovers,Natural Gas,Specific,60,hours,,,,,,,,,,,,,,,,,,,,,,,60,185,98.0,,,,,5.0,
2024-11,Centre de Traitement Gazier Hassi Messaoud (Sonatrach),Upstream & Midstream Gas,Exploration & Production,Well Completions & Workovers,Natural Gas,Specific,64,hours,,,,,,,,,,,,,,,,,,,,,,,64,200,98.0,,,,,5.0,
2024-12,Centre de Traitement Gazier Hassi Messaoud (Sonatrach),Upstream & Midstream Gas,Exploration & Production,Well Completions & Workovers,Natural Gas,Specific,68,hours,,,,,,,,,,,,,,,,,,,,,,,68,215,98.0,,,,,5.0,
2024-01,Centre de Traitement Gazier Hassi Messaoud (Sonatrach),Upstream & Midstream Gas,Exploration & Production,Well Completions & Workovers,Natural Gas,Specific,72,hours,,,,,,,,,,,,,,,,,,,,,,,72,230,98.0,,,,,5.0,
2024-02,Centre de Traitement Gazier Hassi Messaoud (Sonatrach),Upstream & Midstream Gas,Exploration & Production,Well Completions & Workovers,Natural Gas,Specific,76,hours,,,,,,,,,,,,,,,,,,,,,,,76,245,98.0,,,,,5.0,
2024-03,Centre de Traitement Gazier Hassi Messaoud (Sonatrach),Upstream & Midstream Gas,Exploration & Production,Well Completions & Workovers,Natural Gas,Specific,80,hours,,,,,,,,,,,,,,,,,,,,,,,80,260,98.0,,,,,5.0,
2024-04,Centre de Traitement Gazier Hassi Messaoud (Sonatrach),Upstream & Midstream Gas,Exploration & Production,Well Completions & Workovers,Natural Gas,Specific,84,hours,,,,,,,,,,,,,,,,,,,,,,,84,275,98.0,,,,,5.0,
2024-05,Centre de Traitement Gazier Hassi Messaoud (Sonatrach),Upstream & Midstream Gas,Exploration & Production,Well Completions & Workovers,Natural Gas,Specific,88,hours,,,,,,,,,,,,,,,,,,,,,,,88,290,98.0,,,,,5.0,
2024-06,Centre de Traitement Gazier Hassi Messaoud (Sonatrach),Upstream & Midstream Gas,Exploration & Production,Well Completions & Workovers,Natural Gas,Specific,92,hours,,,,,,,,,,,,,,,,,,,,,,,92,305,98.0,,,,,5.0,
2024-07,Centre de Traitement Gazier Hassi Messaoud (Sonatrach),Upstream & Midstream Gas,Exploration & Production,Well Completions & Workovers,Natural Gas,Specific,96,hours,,,,,,,,,,,,,,,,,,,,,,,96,320,98.0,,,,,5.0,
2024-08,Centre de Traitement Gazier Hassi Messaoud (Sonatrach),Upstream & Midstream Gas,Exploration & Production,Well Completions & Workovers,Natural Gas,Specific,100,hours,,,,,,,,,,,,,,,,,,,,,,,100,335,98.0,,,,,5.0,
2024-09,Centre de Traitement Gazier Hassi Messaoud (Sonatrach),Upstream & Midstream Gas,Exploration & Production,Well Completions & Workovers,Natural Gas,Specific,104,hours,,,,,,,,,,,,,,,,,,,,,,,104,350,98.0,,,,,5.0,
2024-10,Centre de Traitement Gazier Hassi Messaoud (Sonatrach),Upstream & Midstream Gas,Exploration & Production,Well Completions & Workovers,Natural Gas,Specific,108,hours,,,,,,,,,,,,,,,,,,,,,,,108,365,98.0,,,,,5.0,
2024-11,Centre de Traitement Gazier Hassi Messaoud (Sonatrach),Upstream & Midstream Gas,Exploration & Production,Well Completions & Workovers,Natural Gas,Specific,112,hours,,,,,,,,,,,,,,,,,,,,,,,112,380,98.0,,,,,5.0,
2024-12,Centre de Traitement Gazier Hassi Messaoud (Sonatrach),Upstream & Midstream Gas,Exploration & Production,Well Completions & Workovers,Natural Gas,Specific,116,hours,,,,,,,,,,,,,,,,,,,,,,,116,395,98.0,,,,,5.0,
2024-01,Centre de Traitement Gazier Hassi Messaoud (Sonatrach),Upstream & Midstream Gas,Exploration & Production,Well Completions & Workovers,Natural Gas,Specific,120,hours,,,,,,,,,,,,,,,,,,,,,,,120,410,98.0,,,,,5.0,
2024-02,Centre de Traitement Gazier Hassi Messaoud (Sonatrach),Upstream & Midstream Gas,Exploration & Production,Well Completions & Workovers,Natural Gas,Specific,124,hours,,,,,,,,,,,,,,,,,,,,,,,124,425,98.0,,,,,5.0,
2024-03,Centre de Traitement Gazier Hassi Messaoud (Sonatrach),Upstream & Midstream Gas,Exploration & Production,Well Completions & Workovers,Natural Gas,Specific,128,hours,,,,,,,,,,,,,,,,,,,,,,,128,440,98.0,,,,,5.0,
2024-04,Centre de Traitement Gazier Hassi Messaoud (Sonatrach),Upstream & Midstream Gas,Exploration & Production,Well Completions & Workovers,Natural Gas,Specific,132,hours,,,,,,,,,,,,,,,,,,,,,,,132,455,98.0,,,,,5.0,
2024-05,Centre de Traitement Gazier Hassi Messaoud (Sonatrach),Upstream & Midstream Gas,Exploration & Production,Well Completions & Workovers,Natural Gas,Specific,136,hours,,,,,,,,,,,,,,,,,,,,,,,136,470,98.0,,,,,5.0,
2024-06,Centre de Traitement Gazier Hassi Messaoud (Sonatrach),Upstream & Midstream Gas,Exploration & Production,Well Completions & Workovers,Natural Gas,Specific,140,hours,,,,,,,,,,,,,,,,,,,,,,,140,485,98.0,,,,,5.0,
2024-07,Centre de Traitement Gazier Hassi Messaoud (Sonatrach),Upstream & Midstream Gas,Exploration & Production,Well Completions & Workovers,Natural Gas,Specific,144,hours,,,,,,,,,,,,,,,,,,,,,,,144,500,98.0,,,,,5.0,
2024-08,Centre de Traitement Gazier Hassi Messaoud (Sonatrach),Upstream & Midstream Gas,Exploration & Production,Well Completions & Workovers,Natural Gas,Specific,148,hours,,,,,,,,,,,,,,,,,,,,,,,148,515,98.0,,,,,5.0,
2024-09,Centre de Traitement Gazier Hassi Messaoud (Sonatrach),Upstream & Midstream Gas,Exploration & Production,Well Completions & Workovers,Natural Gas,Specific,152,hours,,,,,,,,,,,,,,,,,,,,,,,152,530,98.0,,,,,5.0,
2024-10,Centre de Traitement Gazier Hassi Messaoud (Sonatrach),Upstream & Midstream Gas,Exploration & Production,Well Completions & Workovers,Natural Gas,Specific,156,hours,,,,,,,,,,,,,,,,,,,,,,,156,545,98.0,,,,,5.0,
2024-11,Centre de Traitement Gazier Hassi Messaoud (Sonatrach),Upstream & Midstream Gas,Exploration & Production,Well Completions & Workovers,Natural Gas,Specific,160,hours,,,,,,,,,,,,,,,,,,,,,,,160,560,98.0,,,,,5.0,
2025-01,Centre de Traitement Gazier Hassi Messaoud (Sonatrach),Upstream & Midstream Gas,Exploration & Production,Venting (Blowdown),Natural Gas,Specific,50,m3,,,,,,,,,,,,,,,,,,,,,,,,,,50,200,1,,4.0,
2025-02,Centre de Traitement Gazier Hassi Messaoud (Sonatrach),Upstream & Midstream Gas,Exploration & Production,Venting (Blowdown),Natural Gas,Specific,80,m3,,,,,,,,,,,,,,,,,,,,,,,,,,80,240,2,,4.0,
2025-03,Centre de Traitement Gazier Hassi Messaoud (Sonatrach),Upstream & Midstream Gas,Exploration & Production,Venting (Blowdown),Natural Gas,Specific,110,m3,,,,,,,,,,,,,,,,,,,,,,,,,,110,280,3,,4.0,
2025-04,Centre de Traitement Gazier Hassi Messaoud (Sonatrach),Upstream & Midstream Gas,Exploration & Production,Venting (Blowdown),Natural Gas,Specific,140,m3,,,,,,,,,,,,,,,,,,,,,,,,,,140,320,4,,4.0,
2025-05,Centre de Traitement Gazier Hassi Messaoud (Sonatrach),Upstream & Midstream Gas,Exploration & Production,Venting (Blowdown),Natural Gas,Specific,170,m3,,,,,,,,,,,,,,,,,,,,,,,,,,170,360,5,,4.0,
2025-06,Centre de Traitement Gazier Hassi Messaoud (Sonatrach),Upstream & Midstream Gas,Exploration & Production,Venting (Blowdown),Natural Gas,Specific,200,m3,,,,,,,,,,,,,,,,,,,,,,,,,,200,400,6,,4.0,
2025-07,Centre de Traitement Gazier Hassi Messaoud (Sonatrach),Upstream & Midstream Gas,Exploration & Production,Venting (Blowdown),Natural Gas,Specific,230,m3,,,,,,,,,,,,,,,,,,,,,,,,,,230,440,7,,4.0,
2025-08,Centre de Traitement Gazier Hassi Messaoud (Sonatrach),Upstream & Midstream Gas,Exploration & Production,Venting (Blowdown),Natural Gas,Specific,260,m3,,,,,,,,,,,,,,,,,,,,,,,,,,260,480,8,,4.0,
2025-09,Centre de Traitement Gazier Hassi Messaoud (Sonatrach),Upstream & Midstream Gas,Exploration & Production,Venting (Blowdown),Natural Gas,Specific,290,m3,,,,,,,,,,,,,,,,,,,,,,,,,,290,520,9,,4.0,
2025-10,Centre de Traitement Gazier Hassi Messaoud (Sonatrach),Upstream & Midstream Gas,Exploration & Production,Venting (Blowdown),Natural Gas,Specific,320,m3,,,,,,,,,,,,,,,,,,,,,,,,,,320,560,10,,4.0,
2025-11,Centre de Traitement Gazier Hassi Messaoud (Sonatrach),Upstream & Midstream Gas,Exploration & Production,Venting (Blowdown),Natural Gas,Specific,350,m3,,,,,,,,,,,,,,,,,,,,,,,,,,350,600,11,,4.0,
2025-12,Centre de Traitement Gazier Hassi Messaoud (Sonatrach),Upstream & Midstream Gas,Exploration & Production,Venting (Blowdown),Natural Gas,Specific,380,m3,,,,,,,,,,,,,,,,,,,,,,,,,,380,640,12,,4.0,
2025-01,Centre de Traitement Gazier Hassi Messaoud (Sonatrach),Upstream & Midstream Gas,Exploration & Production,Venting (Blowdown),Natural Gas,Specific,410,m3,,,,,,,,,,,,,,,,,,,,,,,,,,410,680,1,,4.0,
2025-02,Centre de Traitement Gazier Hassi Messaoud (Sonatrach),Upstream & Midstream Gas,Exploration & Production,Venting (Blowdown),Natural Gas,Specific,440,m3,,,,,,,,,,,,,,,,,,,,,,,,,,440,720,2,,4.0,
2025-03,Centre de Traitement Gazier Hassi Messaoud (Sonatrach),Upstream & Midstream Gas,Exploration & Production,Venting (Blowdown),Natural Gas,Specific,470,m3,,,,,,,,,,,,,,,,,,,,,,,,,,470,760,3,,4.0,
2025-04,Centre de Traitement Gazier Hassi Messaoud (Sonatrach),Upstream & Midstream Gas,Exploration & Production,Venting (Blowdown),Natural Gas,Specific,500,m3,,,,,,,,,,,,,,,,,,,,,,,,,,500,800,4,,4.0,
2025-05,Centre de Traitement Gazier Hassi Messaoud (Sonatrach),Upstream & Midstream Gas,Exploration & Production,Venting (Blowdown),Natural Gas,Specific,530,m3,,,,,,,,,,,,,,,,,,,,,,,,,,530,840,5,,4.0,
2025-06,Centre de Traitement Gazier Hassi Messaoud (Sonatrach),Upstream & Midstream Gas,Exploration & Production,Venting (Blowdown),Natural Gas,Specific,560,m3,,,,,,,,,,,,,,,,,,,,,,,,,,560,880,6,,4.0,
2025-07,Centre de Traitement Gazier Hassi Messaoud (Sonatrach),Upstream & Midstream Gas,Exploration & Production,Venting (Blowdown),Natural Gas,Specific,590,m3,,,,,,,,,,,,,,,,,,,,,,,,,,590,920,7,,4.0,
2025-08,Centre de Traitement Gazier Hassi Messaoud (Sonatrach),Upstream & Midstream Gas,Exploration & Production,Venting (Blowdown),Natural Gas,Specific,620,m3,,,,,,,,,,,,,,,,,,,,,,,,,,620,960,8,,4.0,
2025-09,Centre de Traitement Gazier Hassi Messaoud (Sonatrach),Upstream & Midstream Gas,Exploration & Production,Venting (Blowdown),Natural Gas,Specific,650,m3,,,,,,,,,,,,,,,,,,,,,,,,,,650,1000,9,,4.0,
2025-10,Centre de Traitement Gazier Hassi Messaoud (Sonatrach),Upstream & Midstream Gas,Exploration & Production,Venting (Blowdown),Natural Gas,Specific,680,m3,,,,,,,,,,,,,,,,,,,,,,,,,,680,1040,10,,4.0,
2025-11,Centre de Traitement Gazier Hassi Messaoud (Sonatrach),Upstream & Midstream Gas,Exploration & Production,Venting (Blowdown),Natural Gas,Specific,710,m3,,,,,,,,,,,,,,,,,,,,,,,,,,710,1080,11,,4.0,
2025-12,Centre de Traitement Gazier Hassi Messaoud (Sonatrach),Upstream & Midstream Gas,Exploration & Production,Venting (Blowdown),Natural Gas,Specific,740,m3,,,,,,,,,,,,,,,,,,,,,,,,,,740,1120,12,,4.0,
2025-01,Centre de Traitement Gazier Hassi Messaoud (Sonatrach),Upstream & Midstream Gas,Exploration & Production,Venting (Blowdown),Natural Gas,Specific,770,m3,,,,,,,,,,,,,,,,,,,,,,,,,,770,1160,1,,4.0,
2025-02,Centre de Traitement Gazier Hassi Messaoud (Sonatrach),Upstream & Midstream Gas,Exploration & Production,Venting (Blowdown),Natural Gas,Specific,800,m3,,,,,,,,,,,,,,,,,,,,,,,,,,800,1200,2,,4.0,
2025-03,Centre de Traitement Gazier Hassi Messaoud (Sonatrach),Upstream & Midstream Gas,Exploration & Production,Venting (Blowdown),Natural Gas,Specific,830,m3,,,,,,,,,,,,,,,,,,,,,,,,,,830,1240,3,,4.0,
2025-04,Centre de Traitement Gazier Hassi Messaoud (Sonatrach),Upstream & Midstream Gas,Exploration & Production,Venting (Blowdown),Natural Gas,Specific,860,m3,,,,,,,,,,,,,,,,,,,,,,,,,,860,1280,4,,4.0,
2025-05,Centre de Traitement Gazier Hassi Messaoud (Sonatrach),Upstream & Midstream Gas,Exploration & Production,Venting (Blowdown),Natural Gas,Specific,890,m3,,,,,,,,,,,,,,,,,,,,,,,,,,890,1320,5,,4.0,
2025-06,Centre de Traitement Gazier Hassi Messaoud (Sonatrach),Upstream & Midstream Gas,Exploration & Production,Venting (Blowdown),Natural Gas,Specific,920,m3,,,,,,,,,,,,,,,,,,,,,,,,,,920,1360,6,,4.0,
